app_name,app_id,review_id,user_name,review_text,rating,review_date,thumbs_up_count,matched_keywords
Domino's Pizza Indonesia,com.phonegap.dominos,cf7f3088-952f-46de-a863-7a7662edf901,Agus Finisha,"Tidak bisa menambahkan alamat, gimana mau delivery?",3,2026-06-01 03:13:06,0,
Domino's Pizza Indonesia,com.phonegap.dominos,69e0966c-1105-43e7-b7ec-5551148f1fd4,yola junita,kecewa karena sekarang pas mau pesan malah tulisannya area pengantaran di luar jangkauan. padahal dulu sering langsung order di aplikasi ini bisa diantar sampai rumah. semoga ada perbaikan. makasih.,3,2026-05-16 09:46:27,0,
Domino's Pizza Indonesia,com.phonegap.dominos,edbb52a0-1d5b-4256-9711-cec5ba557bf6,Ayu Nurhajah,ga bisa masukin alamat,3,2026-05-10 11:41:39,1,
Domino's Pizza Indonesia,com.phonegap.dominos,dbe9c6cd-0c8c-43c1-9ad2-f557aad7fcd9,irfan dadi nurmansyah,"pada dasarnya aplikasi bagus cuman berat euy..ngelag di snapdragon 685. memudahkan order tanpa perlu ke outlet, banyak diskon juga hanya saja pembayarannya terbatas, engga bisa virtual account, qris. coba bisa pake qris, tinggal scan.",3,2026-05-09 16:38:58,0,
Domino's Pizza Indonesia,com.phonegap.dominos,f51e1174-203c-4f87-b1d5-8d957a8403c7,sinatrya aji,"makanannya oke, saya gak ada masalah. appnya juga user frieny, cukup ok. tapi estimasi waktu pengiriman sungguh useless. udah masuk sttus ""sedang dikirim"" tapi timer 30menitnya gak jalan.. dan kenyatannya LEBIH DARI 30 MENIT..",3,2026-05-03 18:43:58,1,
Domino's Pizza Indonesia,com.phonegap.dominos,2c3c9922-dc01-4934-b8ab-4be46e2c333d,Ramah sanjaya,gak bisa pesan kn orang rumah aneh masa harus ke loksit hpnya sih,3,2026-05-01 16:41:50,0,
Domino's Pizza Indonesia,com.phonegap.dominos,01a77415-fdce-4ecb-9b90-e496eab88a6b,Akmal MlyH,"KAGAK BISA NYIMPEN ALAMAT RUMAH, KENAPA YA? UDAH DI COBA DI HP HP TEMEN KU JUGA TETEP GA BISA, GIMANA MAU PESEN NYA, ANEHH!!!",3,2026-04-30 12:42:43,0,
Domino's Pizza Indonesia,com.phonegap.dominos,ba41cd76-e9e2-498b-a0ff-f28bf42885c5,Ukhti yulia,semenjak di update versi baru jd lemot bukan makin bagus tp malah tmbh jelek,3,2026-04-09 17:54:50,0,
Domino's Pizza Indonesia,com.phonegap.dominos,bf535549-cbb0-41e9-96d8-50f0e766fc80,Ariyanto,ini aplikasi masih berat banget yahh,3,2026-04-02 17:56:59,0,
Domino's Pizza Indonesia,com.phonegap.dominos,a76e1548-ccbc-4522-ad4b-d7538cae6509,Feidy Damkar kalibata,pesan dari jam 17.29 sampai skrng 21.35 belum sampai juga pesanan sya pdhal di situ sudah tertera pesanan d antar tp sya blum menerima pesanan tersebut 🙏🙏,3,2026-03-08 21:36:44,0,
Domino's Pizza Indonesia,com.phonegap.dominos,b46b1638-fba9-4b67-bbf5-99401dd40ae5,Irvan Maulana,"Aplikasi versi terbaru agak pelan responnya dibanding versi sebelumnya. Kelebihannya sih gambarnya lebih gede. Edit : astaga berat, mending via web sih ini",3,2026-02-21 15:09:17,3,
Domino's Pizza Indonesia,com.phonegap.dominos,5d69dcbb-6a02-4a9a-9835-1938ba14dbdf,Adi dian,sayang sekali tidak ada gerai cabang di daerah saya sehingga saya tidak bisa memesan,3,2026-02-20 19:09:28,0,
Domino's Pizza Indonesia,com.phonegap.dominos,3b2c68cf-800d-46da-9a42-541f1a3660b0,RIZKY GEMING,saya kasih bintang tiga karena digorontalo nggak adaaaaa tolong lah buka disituu saya bosan makan pizza hut mulu,3,2026-02-09 18:42:20,0,
Domino's Pizza Indonesia,com.phonegap.dominos,4db90c2e-08bb-4a72-b62a-d463a6ea3f4b,Surahman Fajra satria,"mohon di beritahukan kepada pekerja di outlet terutama juru masak utk selalu menggunakan masker, karena membuat adonan sambil ngobrol itu kurang kebersihan nya. saya jadi malas melihat outlet yg pekerjanya tidak memakai masker dan penutup rambut. bukan nya sok bersih, ini utk menjaga kehigienisan sebuah makanan dan nama baik sebuah resto. semoga manajemen atas bisa segera edukasi karyawan outletnya",3,2026-02-06 16:26:59,0,
Domino's Pizza Indonesia,com.phonegap.dominos,d6da9845-45c8-490d-82e2-b36b253d585e,Evi Nurus Saidah,"GK ada pembatalannya😮‍💨 hrsnya aplikasi ada pembatalannya, kalau ada yg mau di cancel gmn😭",3,2026-02-05 13:06:31,0,
Domino's Pizza Indonesia,com.phonegap.dominos,df0940d5-b47d-477e-8245-c4842f7d6544,Tya NieRa,yg terbaru gak bisa bayar pakai sopay atau gopay 😮‍💨😮‍💨,3,2026-01-29 08:51:43,0,
Domino's Pizza Indonesia,com.phonegap.dominos,9e735a77-c435-4fde-b80b-60aea5ae100b,Eksa Pulung Wijaya,udah update malah tambah bobrok ini gimana,3,2026-01-25 13:04:36,0,
Domino's Pizza Indonesia,com.phonegap.dominos,d5e13fb8-0961-4e06-98a3-ab77375484ad,Kanaya Salsabila,"setelah update terbaru di awal januari, aplikasi jadi tidak enak dipakai. saya pernah memesan namun salah alamat, alamat tidak bisa di pencet untuk fitur delivery namun takeaway masih bisa. tolong di perbaiki bug aplikasi",3,2026-01-19 17:26:41,0,
Domino's Pizza Indonesia,com.phonegap.dominos,362db6c2-7a90-4f07-8287-8386a4a63bea,Rizk,"ni aplikasi lumayan berat, lambat menampilkan produk dan brg di keranjang, saran kedepan di perbaiki ya.",3,2026-01-18 09:58:40,0,
Domino's Pizza Indonesia,com.phonegap.dominos,f1a282ae-98d1-4e00-9b79-9575f3d083d1,yolan chan,"knp aplikasi ny bermasalah?? tiba"" keluar sendiri trs pas mau masuk lagi susah",3,2026-01-02 14:00:54,0,
Domino's Pizza Indonesia,com.phonegap.dominos,877eeacb-0815-4888-b899-8d2892db7e77,Abdul Manaf,"kenapa abis update malah ga bisa ganti alamat, atau ngerubah alamat",3,2026-01-01 19:51:22,0,
Domino's Pizza Indonesia,com.phonegap.dominos,a72fe849-c210-4f96-a823-55d8274595e8,Salsabilla Rarasati S,"Dengan segala hormat tolong perbaiki sistem aplikasi ini karena versi terbaru dengan tampilan baru benar-benar buat saya emosi. pertama terkadang untuk login ke akun domino itu selalu error. Kedua notifikasi saat sedang memesan kadang ada, kadang tidak. Ketiga, loadingnya lama sekali tidak seperti versi lama. Jujur saya lebih suka versi lama jd agak kecewa dengan tampilan versi baru yang seharusnya lebih mudah malah jd sulit. saya harap pihak domino meninjau review saya. Terima kasih.",3,2025-12-31 20:47:34,11,
Domino's Pizza Indonesia,com.phonegap.dominos,575289ce-f773-481b-9687-06753bd365d3,Isma Aldiansyah,aplikasi lemot banget,3,2025-12-31 20:35:16,0,
Domino's Pizza Indonesia,com.phonegap.dominos,2a3edf61-cdd8-45fd-96df-d98d4b94b4fd,I Kadek Surendra Jaya,"Semenjak update tampilan baru, aplikasi sering error gk jelas, mending ganti ke tampilan lama tapi mudah digunakan. Yang bermasalahnya cuma aplikasinya saja.",3,2025-12-31 19:01:12,0,
Domino's Pizza Indonesia,com.phonegap.dominos,5c07f035-0f18-4f8d-b8e0-ec31e91fa542,Oncho Supriyanto,"ini gmna baru update malah ngelag pas pesan makanan , something wrong terus asem asem",3,2025-12-31 15:46:01,0,
Domino's Pizza Indonesia,com.phonegap.dominos,7245455c-5003-4522-9402-2b8713fc9a08,Harvey Anderson,woi jadi tambah lemot dan GK responsif ini aplikasi nya . parah banget dah tolong lakukan pemeliharaan dong . ini mau pesen eror terus,3,2025-12-31 15:33:14,0,
Domino's Pizza Indonesia,com.phonegap.dominos,45ab1057-455f-4782-b953-1265d8e0cd7c,Taufik Agustian,pelayanan lambat sekali apalagi disukabumi saya nunggu satu jam pesanan,3,2025-12-25 17:42:24,0,
Domino's Pizza Indonesia,com.phonegap.dominos,bd47a5ef-f17c-4546-8239-15635bed9eed,Aphen Pjm,"aplikasi buruk,habis upgrade gk bisa pesan2,bikin malas belanja lagi.",3,2025-12-24 19:09:38,1,
Domino's Pizza Indonesia,com.phonegap.dominos,41eddccc-0ee5-4f31-9337-535c9341c99c,Amelia Sonya,"tolong dong diperbaiki, aplikasinya lemot pdhl jaringan bagus, alamatnya gabisa diganti",3,2025-12-20 09:35:05,1,
Domino's Pizza Indonesia,com.phonegap.dominos,a3c14082-02b1-4321-b27c-100e07c4ddb6,ayuk ayu,"baru pertama kali coba pizza ini,lalu download apk nya,karena tokonya masi seputaran alamat.memang gratis ongkir utk pembelian diatas 30ribu,pengiriman juga cepat,krn sy order baru jam buka jam 10.48. rasa masih kalah jauh ya dan gak dapat sambal, masa harus bayar sambalnya. mana enak pizza tanpa sambal. kalu kita mau lebih dari 1 sachet ya masuk akal, bayar. lah ini, 1 sachet aja gak dapat. langsung sy hapus apk nya, gak order lagi dan gak mau beli lagi.",3,2025-12-12 11:34:30,2,
Domino's Pizza Indonesia,com.phonegap.dominos,9e940b16-eb0d-4159-a8d6-544fa217dd55,Bagas Ramadhan,"setelah di update malah gak bisa login, gimana nih",3,2025-12-11 20:40:20,0,
Domino's Pizza Indonesia,com.phonegap.dominos,a8721354-7931-4710-918f-3387cf829df0,Lie Ame,"kak, saya pesen tapi gak ada diriwayat. jadi gak tau apa saya udh pesan atau belum",3,2025-11-12 10:24:53,0,
Domino's Pizza Indonesia,com.phonegap.dominos,52be6853-085a-43d4-9997-c430228c538e,Vie lyana,"Apk nya sering error mulu, ganti alamat gak bisa",3,2025-11-11 11:48:10,0,
Domino's Pizza Indonesia,com.phonegap.dominos,d182eba7-8f3b-4148-a383-59a723a11597,Othniel Arther,"Tambahin Maps dong diaplikasinya supaya lebih mudah buat ngelacak pesanan sudah sampai mana, terimakasih",3,2025-11-08 14:04:21,0,
Domino's Pizza Indonesia,com.phonegap.dominos,6282716b-e8d8-4382-bb93-0079d1b96266,Liana Oktavia W,pizza lezat tapi update terus,3,2025-11-03 16:12:15,0,
Domino's Pizza Indonesia,com.phonegap.dominos,3f431489-b71d-40db-b76f-407209ed206f,Muh Dzaky Zhafran - 020 (Zhafran),"Tadinya mau dowload Aplikasi ini biar kalau ujan bisa order online langsung di antar ke rumah, ternyata jika pakai alamat rumah kendalanya error terus mungkin ga bisa secara meluas dan harus di jalan raya umum. dan harus beralih ke takeaway juga ujungnya.. tolong diperluas lagi jangkauan nya padahal dari daerah saya cabang domino's ini lumayan dekat 2km dari rumah orang tua saya.",3,2025-10-24 18:13:25,1,
Domino's Pizza Indonesia,com.phonegap.dominos,aaf67115-26e6-4261-a6a6-ebe364fb9499,20. Dewa Indrajit,Update terbaru 8 Oktober 2025 force close hp redmi note 14 tolong difixs,3,2025-10-24 17:06:49,0,
Domino's Pizza Indonesia,com.phonegap.dominos,6ce49045-9179-4353-9692-36ddbfbe686f,Alex Moldo,"Banyak promonya, cuma kurang di bagian detail seperti struk, informasi pizza dsb, dan terlebih, saya sangat menyayangkan hilangnya doms coin, padahal jumlah terakhir cukup banyak, dan entah karena alasan apa pihak developer menghilangkan doms coin",3,2025-10-23 10:46:50,2,
Domino's Pizza Indonesia,com.phonegap.dominos,71ea735d-9377-4251-befc-00e2a877ceec,Tio Satrio Waluya Jati,"tolong perbaiki sistem pesanannya, bayar dulu baru proses, jangan pesanan diterima langsung diproses walaupun belum bayar, jadi klw ada yg ga sengaja kepencet ngga bakal diproses karena belum bayar, sama tambahkan button cancel pesanan juga. kasian karyawannya klw ada yg ngga sengaja kepencet order, dan ga bisa batalin (karena gada menu batalin), dan semisal ga mau ambil pesanan siapa yg mau ganti ?",3,2025-10-19 00:00:17,0,
Domino's Pizza Indonesia,com.phonegap.dominos,19d3c725-04eb-495a-9758-ba51f839e334,Muhammad duta danu harta.p,"apk nya agak rumit sekarang,, harus ada kode otp WA.. y saya tau untuk kepentingan perusahaan jga sih biar g kena paket fiktif..",3,2025-10-10 13:01:32,1,
Domino's Pizza Indonesia,com.phonegap.dominos,07e99e64-f88d-4475-a2c0-b822bbdfa508,Suroboyo Saiki,sering error tidak bisa baca lokasi,3,2025-10-08 11:26:42,0,
Domino's Pizza Indonesia,com.phonegap.dominos,a57e2d6d-58ef-42a4-8508-4af46e6adaa9,Andri Haflan,lelet aplikasi nya,3,2025-09-16 21:30:51,0,
Domino's Pizza Indonesia,com.phonegap.dominos,5da21689-1d71-419d-aa86-8b7070e89934,Naydiva Putri Ristiyani,kenapa yaa alamat rumah saya ngga bisaa di pake gitu?saya sampe ga jadi pesen pizza disini soalnya ga bisa di pake alamat nya,3,2025-09-01 13:05:20,0,
Domino's Pizza Indonesia,com.phonegap.dominos,bc58db4c-e7c2-4a50-96fc-6426216e14d8,didy saryadi,lebih murah tapi ga pernah tepat waktu,3,2025-08-31 17:12:03,0,
Domino's Pizza Indonesia,com.phonegap.dominos,bfbeb76b-f318-4de9-90be-0a901a86d316,asep Bambangnurcahyono,sudah tidak bisa menggunakan voucher MAP. kecewa,3,2025-08-29 16:48:43,0,
Domino's Pizza Indonesia,com.phonegap.dominos,1a9348d9-d840-4748-af03-9861749d1f5e,Autumn Grimes,kenapa gak bisa masukin alamat??,3,2025-08-22 21:13:27,0,
Domino's Pizza Indonesia,com.phonegap.dominos,58e5c8a8-19f4-4833-91ac-0c83e87c5860,Aditya Martha,bisa memesan lebih cepat,3,2025-07-18 15:12:31,0,
Domino's Pizza Indonesia,com.phonegap.dominos,f9f90358-d459-4a0d-b1f8-29aee08c5119,Andris Ruse,"ribet, buat lebih simple mang",3,2025-07-13 16:14:17,0,
Domino's Pizza Indonesia,com.phonegap.dominos,2d2b0459-729b-425f-8ac2-e22cc76e5031,Uci Mintik Kecil,Aplikasi suka erorr,3,2025-07-05 20:40:07,0,
Domino's Pizza Indonesia,com.phonegap.dominos,5c5a184b-a0dd-409c-8ec8-386f2322b34f,Dhea Ananda Putri Gundo,masa peta di delivery nya gak bisa si aneh gimnaa mau pesen,3,2025-06-28 15:33:34,0,
Domino's Pizza Indonesia,com.phonegap.dominos,6d0820ff-9a8d-4348-9b57-82659b77e3d4,Shandy Wangsaputra,"metode pembayaran ga lengkap, kalau bisa qRis. terus lama antrian di app dan aktual ada deviasi yang besar",3,2025-06-27 15:06:46,0,
Domino's Pizza Indonesia,com.phonegap.dominos,d273a951-712c-47df-a0fb-ea02004a7bb8,MUHAMMAD RIFQI FAUZAN,Aplikasinya banyak error,3,2025-06-26 11:46:59,0,
Domino's Pizza Indonesia,com.phonegap.dominos,eb3fbbc6-7dcf-4b0d-b4d4-3e66866e9828,Arif Taufik,"kenapa sering data tidak ke load? notif gethomeapps data not found selalu muncul. sudah coba uninstall, restart, coba di hp lain. problemnya selalu sama. mau order jadi batal 😏",3,2025-06-19 15:48:37,0,
Domino's Pizza Indonesia,com.phonegap.dominos,1d0739fe-e38f-4353-8947-474c1eeb91dc,Wahyu Tri Pamungkas,"aplikasi lemot , pembayaran online / dompet digital tidak bisa",3,2025-06-12 15:02:59,1,
Domino's Pizza Indonesia,com.phonegap.dominos,b0790869-d80e-4814-9327-eea411b4f8ff,Nathasyah Abithasari,lebih detail lagi langkah-langkah untuk pemula,3,2025-06-11 18:49:57,0,
Domino's Pizza Indonesia,com.phonegap.dominos,5b1aa683-5ce6-4c7a-a201-fe52ce311ee5,Joko Setiyono,Pilih alamat/ peta gk semua nya terjangkau padahal masih daerah jakarta dan tidak terlalu dengan toko nya,3,2025-05-31 17:16:19,0,
Domino's Pizza Indonesia,com.phonegap.dominos,f5f1f0aa-1fba-4f5d-baa6-476d2fce0f18,Aulia Agita,Gak Bisa Tambah Alamat Padahal Lokasi Aktif Dan Jaringan Sinyal Banyak,3,2025-05-30 01:20:21,0,
Domino's Pizza Indonesia,com.phonegap.dominos,37add69f-ba01-4f97-96f8-2c70a8a104f0,Rendra Nugraha,"Di aplikasi tertera ""Order Delivered"" padahal saya blm menerima apapun, udah nunggu sampe 1 jam dan ga ada kabar tu pizza kmn, next bisa bikin lacak driver yg lagi kirim pizza dong biar bisa tau si driver sma pizzanya kmn, keterlambatan waktu + pizza gatau kmn wkwkwk.",3,2025-05-24 12:27:28,0,
Domino's Pizza Indonesia,com.phonegap.dominos,9ba5bdaa-9b47-4df9-bc96-bcf7905e787f,WHINDA,aplikasi digunakan susah. mau login lagi tidak bisa.,3,2025-05-22 18:34:54,1,
Domino's Pizza Indonesia,com.phonegap.dominos,b7b52b15-3b9d-4d5f-8523-a5c9c7c50c86,Didik Hariyanto,tidak bisa dipakai di domino'pizza pamularsih semarang. tanya pelayannya katanya ga masuk sistem,3,2025-05-06 21:10:06,0,
Domino's Pizza Indonesia,com.phonegap.dominos,e568b453-3c1d-460c-abbd-0021532087ef,Siti Robiatul Adawiyah,mau ubah informasi pribadi ga bisa. susah. ga ke chage,3,2025-04-22 17:20:51,0,
Domino's Pizza Indonesia,com.phonegap.dominos,90aa0490-4bc4-436c-aa31-dbea81a825d5,tedi talk,"bolehkah saya minta request, ada pilihan kurir lain selain kurir dominos. ada pilihan gosend dan grab jastip ditambahkan di aplikasi . kadang terkendala pengantaran jika pakai kurir toko.",3,2025-04-22 13:07:22,4,
Domino's Pizza Indonesia,com.phonegap.dominos,e513b8e7-d4e9-414d-abde-d62b05314e8f,suheri yanto,kasih dong banyak vocher,3,2025-04-09 21:42:51,0,
Domino's Pizza Indonesia,com.phonegap.dominos,8d86debb-819a-4646-9c4e-a4104300e4ee,Anton Yanabe,tidak bisa delivery,3,2025-04-07 16:32:08,0,
Domino's Pizza Indonesia,com.phonegap.dominos,cb9afcf7-a9c8-48bc-824a-7d6ad4f1d903,Syifa Ramadhan,kurang banyak promonya,3,2025-04-04 10:27:33,0,
Domino's Pizza Indonesia,com.phonegap.dominos,82cfcf9e-54ec-4c1f-af2f-694634055603,Han Muhammad Irdan,gak bisa dibuka aplikasinya bdo xiaomi 14T Pro. langsung ketutup otomatis terus tiap buka,3,2025-04-03 19:41:20,2,
Domino's Pizza Indonesia,com.phonegap.dominos,b64c1949-a3a8-42e9-ad62-10c26fdc5470,0702_Ferdian_Direktorat Jenderal TKPR,Sepertinya maintenance aplikasi dari domino pizza sangat kurang..,3,2025-04-02 12:59:29,0,
Domino's Pizza Indonesia,com.phonegap.dominos,6867864d-6795-40d4-a749-3c31b543631e,Muhammad Fachri,"Aplikasinya gak bisa kebuka, force close mulu😕😕",3,2025-04-01 10:56:57,0,
Domino's Pizza Indonesia,com.phonegap.dominos,6060fca1-dbc8-4ff5-83cb-b021be383e07,Rosmia Rini,alamat rumah saya tidak bisa untuk pesan delivery,3,2025-03-30 20:23:53,0,
Domino's Pizza Indonesia,com.phonegap.dominos,5179e232-6540-43b4-b865-b36bf08fa13d,Khaerunnisa Syifa,lama sekali untuk verifikasi email,3,2025-03-28 14:52:08,0,
Domino's Pizza Indonesia,com.phonegap.dominos,9d0b8360-b27e-4cb9-a339-7278ec516f25,Darma Astiah,"beli ke 2 x nya pas mau buat buka puasa,, pesan jam 5 smpe jam 7, adem pizza nya☹️☹️",3,2025-03-25 04:18:14,0,
Domino's Pizza Indonesia,com.phonegap.dominos,ceb8cc3b-38c7-4fb0-83a2-cf12730c5c3e,Widya Hartini,baru donlot...aplikasinya ga bisa dibuka,3,2025-03-23 14:57:08,1,
Domino's Pizza Indonesia,com.phonegap.dominos,32e042e0-0325-4d34-ba1b-603d295aaf9a,Prihapsari Ana,Punyaku kok gak bisa dibuka kenapa yaa😭,3,2025-03-11 19:36:08,0,
Domino's Pizza Indonesia,com.phonegap.dominos,ecda6439-942f-4aad-820b-1c71a2f760a1,Dauz Hiken,Tidak bisa order ....,3,2025-03-05 15:12:27,0,
Domino's Pizza Indonesia,com.phonegap.dominos,46601884-8cb6-4638-874b-4775e8d18e06,Sam Pacific,"agak ribet, harusnya bs lebih simple",3,2025-02-25 13:13:24,0,
Domino's Pizza Indonesia,com.phonegap.dominos,f86bfc07-ad14-4841-80a9-7477f70833a2,eko pjmm,Jangan bayar duluan. Kalau nggak bakal dimolorin kirimnya.... Gak amanah,3,2025-02-24 17:29:11,0,
Domino's Pizza Indonesia,com.phonegap.dominos,6cf86732-4189-4974-abf3-5b3b7b6f0dd5,priyo sigit,G bisa login setelah update aplikasi,3,2025-02-20 17:08:32,0,
Domino's Pizza Indonesia,com.phonegap.dominos,9eb0975e-75b5-4591-8e27-ba94828db1c2,Aldo Priyanto,Untuk sementara saya kasih bintang 3 karena.. Kirim kode Verifikasinya lama,3,2025-02-15 20:02:11,0,
Domino's Pizza Indonesia,com.phonegap.dominos,36663929-592d-456c-a9aa-279852a05b82,Nida Khaulah,akhirnya sampe walopun lama harusnya jgn ada klaim 30menit free... karna ini lebih dri 30menit,3,2025-02-01 22:17:10,0,
Domino's Pizza Indonesia,com.phonegap.dominos,d1db3adb-8311-4a63-9a0a-fac955a5696a,Ikhsan hermawan,Masukin alamat saya susah jadinya kurir suka nyasar,3,2025-01-25 16:01:00,0,
Domino's Pizza Indonesia,com.phonegap.dominos,504e6367-2647-4268-901f-c4843d69454b,Muhammad reyhan,kenapa sulit sekali loginnya?,3,2025-01-20 15:27:08,0,
Domino's Pizza Indonesia,com.phonegap.dominos,062124b6-ff84-4de1-8da4-88dcaa5b77ee,Raihan Maulana,Untuk alamat pengantaran pizza nya di perluas,3,2025-01-19 13:22:05,0,
Domino's Pizza Indonesia,com.phonegap.dominos,2483dd31-8ce7-4cb4-9358-f6c782000ee3,lia agus,Kak saya pesen kok gk bisa bisa yaa??,3,2025-01-17 21:02:38,0,
Domino's Pizza Indonesia,com.phonegap.dominos,b0a723db-d9c7-47bb-bcc3-e1fd8d2545ff,Juan Force,"Kok ga bisa pesan antar sih sekarang aneh, lagi liburan kah.",3,2025-01-16 17:31:03,0,
Domino's Pizza Indonesia,com.phonegap.dominos,d971f90f-298f-41b6-a51a-3ae8bed5ef2c,Arthur Timothy,pemesanan delivery tidak terlalu memadai dengan alamat yang di cantumkan,3,2024-12-29 18:01:08,1,
Domino's Pizza Indonesia,com.phonegap.dominos,f62fcb08-f98d-47c9-a1e5-8026f0e7fe19,cut fani'ma,"Tidak bisa menginput lokasi, sudah muncul tapi tidak bisa ditetapkan sebagai lokasi, jadi tidak bisa memesan",3,2024-12-27 15:40:04,1,
Domino's Pizza Indonesia,com.phonegap.dominos,531143be-3356-4228-8d76-1b32a7da9f14,sudarsono,Tidak bisa lihat history pesanan,3,2024-12-24 19:31:11,0,
Domino's Pizza Indonesia,com.phonegap.dominos,1ff6041b-cceb-4ae8-b126-a55cb96737dd,Aldiansyah sumarno,"sering beli di store yg sama tapi kaga pernah konsisten, topping pizza,tekstur semoga di tingkatin lagi",3,2024-12-04 22:01:20,0,
Domino's Pizza Indonesia,com.phonegap.dominos,f7a00033-922d-4668-9c3f-cd1202812506,Ismail FItra,Ismail FItra mau pesan tapi gangguan jadi gak jadi pesan lewat aplikasi 😮‍💨,3,2024-11-27 15:39:21,0,
Domino's Pizza Indonesia,com.phonegap.dominos,7d9df2bd-2897-4fa8-9da5-08ebc3c4439b,Asep Sudiaman,Pizza nya enak tapi sayang waktu beli tidak di beri sauce,3,2024-11-25 06:30:18,0,
Domino's Pizza Indonesia,com.phonegap.dominos,5fd0297a-092f-4e69-89a6-2a535fd416f5,Tempel Gaming,"Knapa di aplikasi saya tidak bisa cantumkan alamat saya dan, untuk delivery dan takeway nya ga bisa di klik atau di ubah ubah",3,2024-11-17 14:32:05,1,
Domino's Pizza Indonesia,com.phonegap.dominos,12a1d9bc-5768-4613-a181-c2840251d6a5,Dzaky Syifa,loading tampilan tidak sat set,3,2024-11-08 18:49:27,0,
Domino's Pizza Indonesia,com.phonegap.dominos,bc339a6d-07a0-410f-93ed-30d659c940aa,Aditya Saputra,"Aplikasi aneh, udh di update no TLP pas check out malah no TLP lama yg dipake. Kocak",3,2024-10-14 19:33:16,2,
Domino's Pizza Indonesia,com.phonegap.dominos,e257243c-33e3-4618-a539-29a54a95b1ff,maya ulfah,baru download aplikasi. belum diantar jadi belum tau pelayanannya,3,2024-10-06 19:24:43,0,
Domino's Pizza Indonesia,com.phonegap.dominos,eaa1baf0-9024-4d72-b34e-e76940fa6f61,Prietha Evawani,enak berlimpah toping dan keju .. tp maaf ..mau tanya.. ini boikot gk?,3,2024-09-07 10:40:36,0,
Domino's Pizza Indonesia,com.phonegap.dominos,a0a6d334-248f-4f16-906e-786fcc6bc169,Mega Indah Permatasari,tolong diperbaiki untuk alamat delivery tidak tersedia padahal jarak rumah saya ke outlet dominos tidak jauh.,3,2024-08-24 15:38:17,1,
Domino's Pizza Indonesia,com.phonegap.dominos,6904537c-2a5b-42b8-bd2b-9d448bfb2dba,Apprilia Agusti,"Kenap apk nya kalau dibuka pilih bahasa dan klau udah pilih bahasa udah di allow tetep ajh gak bisa ,waktu dulu gak gini",3,2024-07-29 15:03:03,2,
Domino's Pizza Indonesia,com.phonegap.dominos,1ffafe9c-9882-47a3-b142-a416e43fd416,Bima Sakti,rumah ku tdk bisa delivery padahal dekat ± 3.5km,3,2024-07-24 14:51:25,0,
Domino's Pizza Indonesia,com.phonegap.dominos,d49ec513-588a-4e83-a2fa-0894005d353b,Aryani Sulung,ga bisa pesen,3,2024-07-04 10:27:31,0,
Domino's Pizza Indonesia,com.phonegap.dominos,3624b1d8-4867-4bb1-82cc-4e7ed583709b,Salman Alfarizi,fitur lokasinya masih ga jalan,3,2024-07-01 06:29:12,0,
Domino's Pizza Indonesia,com.phonegap.dominos,1ae84581-c85a-4718-9898-e0bfe423054a,Osa ramanda santoso,"Min klo masukin alamat delivery sesuai map kenapa ga bisa ya?(keterangan nya area tidak masuk area pengiriman kami) padahal cuma masuk jalan kecil,tolong dong min di perbaiki",3,2024-06-24 18:27:36,1,
Domino's Pizza Indonesia,com.phonegap.dominos,8c882d98-7447-4620-b702-f8ec85be01be,Muh.Refly Wahyu P Putra,"di tunggu promo"" nya nih",3,2024-06-09 18:17:26,0,
Domino's Pizza Indonesia,com.phonegap.dominos,6fa15210-b87b-4644-8850-b9b23576c573,Richy Rich,"Aplikasinya GK ada history pesanan. Jd GK bs batal klo salah. Trs rasanya TDK tll nikmat. Masa GK dpt saos gratis. Klover, mana gokhucangnya???",3,2024-06-09 15:10:07,0,
Domino's Pizza Indonesia,com.phonegap.dominos,6195b1c8-5890-4c91-86d8-2b38c328e10b,tri gunawan,Tolong diperbaiki aplikasinya lagi ..kenapa saya mau order yg di promo kan ngak bisa ..memang saya sudah pesan beberapa minggu yg lali dan ini mau order lagi yg di promo kan tidak bisa..yg rugi bukan saya tapi domino's krn menolak order yg ribet juga mau order..saya pelanggan jadi kecewa,3,2024-06-02 20:52:45,11,
Domino's Pizza Indonesia,com.phonegap.dominos,9e08cd01-523a-4e9b-8cf1-087a0e7ba208,I Gede Arya Putra Pratama,tolong bugnya diperbaiki,3,2024-05-30 23:58:13,0,
Domino's Pizza Indonesia,com.phonegap.dominos,2a96bb2a-31d7-4fc4-9145-4f9a3a3f9557,you n,"Ini kenapa appnya kalo dibuka loading terus? Kadang gampang masuk ke menu , kadang susah, tolong di upgrade lagi appnya",3,2024-05-28 10:37:03,1,
Domino's Pizza Indonesia,com.phonegap.dominos,095486fd-eac7-4e69-b853-0038bb4022b4,Garnita Putri,"Beberapa kali memesan Countdown order (track) tidak jalan, gk tau itu bug atau masalah d device saya. Kalau boleh saran, bs ditambahkan rating dn kolom komentar terkait pesanan yang sdh selesai (order history) jd customer bs memberikan testimoni terkait pesanan tsb",3,2024-05-27 21:14:15,0,
Domino's Pizza Indonesia,com.phonegap.dominos,9c886a6d-e2ae-436f-b22b-71d05ec8de89,edwin eko,"Seleah melakukan pemesanan, aplikasi langsung force close dan ketika dibuka kembali malah buffering.",3,2024-05-26 16:51:20,1,
Domino's Pizza Indonesia,com.phonegap.dominos,037d572a-861e-4e7d-be00-3e8ef6509f7e,Aan Khoirul Sholeh,bugg app masih ada,3,2024-05-26 16:43:26,0,
Domino's Pizza Indonesia,com.phonegap.dominos,789d4b43-802d-4f03-92c9-7af251c61111,Aidatul Hasanah,Ribet sekali untuk delevery order,3,2024-05-26 14:50:50,0,
Domino's Pizza Indonesia,com.phonegap.dominos,7b442e43-66e4-4d17-8d1b-193727552d52,Herman Sanjaya,Tolong di perbaiki aplikasi susah di buka,3,2024-05-24 20:56:56,0,
Domino's Pizza Indonesia,com.phonegap.dominos,ef12b1a0-9e67-46a4-9870-84054f37f69e,yaya setiawaty,Kenapa setelah pemesanan selesai dan baru pertama kali.tiap masuk aplikasi selalu loading terus? Sudah sy hapus app saya install lg ttep sama :(,3,2024-05-22 14:50:05,0,
Domino's Pizza Indonesia,com.phonegap.dominos,0475d72b-a340-4611-83fe-e15db036d2c8,Zhy Gwen,tidak bisa mengganti bahahsa,3,2024-05-20 19:18:38,0,
Domino's Pizza Indonesia,com.phonegap.dominos,3bba68db-5886-4745-85d4-270e7247b263,Rico Renaldy,"Agak kecewa sama aplikasinya dan juga restonya, saya pesan dan sampainya cukup lama, 90 menit, padahal jaraknya gak jauh dan juga rasanya gak seperti dulu",3,2024-05-19 15:25:34,3,
Domino's Pizza Indonesia,com.phonegap.dominos,8f1756b2-acbd-46fa-aaad-640c10f0711a,Iix Planet,"Aplikasinya kok error muter muter terus habis order pertama? gmn bisa track order nya, masuk menu saja loading muter terus hadeehh .",3,2024-05-18 19:15:39,7,
Domino's Pizza Indonesia,com.phonegap.dominos,ad438c35-7333-4226-9daa-ece38fa54ef7,noer hilman,Ini kenapa muter muter terus setelah login,3,2024-05-17 17:54:15,0,
Domino's Pizza Indonesia,com.phonegap.dominos,8fe91e4c-cf01-4026-8fa7-0b3d8b514097,Maria Ulva,apa sih ga bisa masukin alat yg jelas,3,2024-05-08 20:14:27,0,
Domino's Pizza Indonesia,com.phonegap.dominos,37594767-5e58-4dcc-bdaa-aa2215712d39,nike pauwe,Gimana mau pesan lewat aplikasi klo dibuka lemot banget,3,2024-05-07 14:11:19,0,
Domino's Pizza Indonesia,com.phonegap.dominos,171b6a55-c1ef-4d1b-b1d2-1f86b02297c2,Eka Melani,Loadingnya lama bnget,3,2024-05-04 17:40:59,0,
Domino's Pizza Indonesia,com.phonegap.dominos,0b64a470-f242-491e-9335-3508dab302b9,Desya Anasya,aplikasinya susah digunakan. kirim email g sampe2.. udah gitu didaftarin gak masuk. udh masuk malah suruh ke WA trus harus masuk otp lgi,3,2024-04-29 22:10:17,1,
Domino's Pizza Indonesia,com.phonegap.dominos,81b48986-5016-4726-a1f8-fcadc5141498,Tiara Vini Reivalianiza,kenapa otp nya lma dkrim?,3,2024-04-14 22:16:27,0,
Domino's Pizza Indonesia,com.phonegap.dominos,4fbac10e-8699-44cf-b3c9-8a9fb712156d,Veronica Arijani,konfirmasinya kenapa hrs via whatsapp..pakai SMS saja,3,2024-04-13 11:37:41,0,
Domino's Pizza Indonesia,com.phonegap.dominos,cec640e4-b8e7-449d-92a1-bfa861ef4b0d,Ardhi Wibisono (Rampok),kenapa saya tidak bisa pesan,3,2024-04-07 03:15:47,0,
Domino's Pizza Indonesia,com.phonegap.dominos,561d7491-5267-456c-84f9-dcc0de588667,Deny Prihandana Hermansyah,"Aplikasi masih beta, masih banyak bug. Termasuk daftar alamat yang sulit",3,2024-03-31 17:56:06,0,
Domino's Pizza Indonesia,com.phonegap.dominos,e94df5c7-b8e9-4e79-b5b0-243d2aa364b2,Riska Afriska,susah banget order lewat apk,3,2024-03-23 21:57:15,0,
Domino's Pizza Indonesia,com.phonegap.dominos,c61a5847-0f6a-4078-97dd-62160c9d2371,Adhi Dy,"Pizza-nya ok Tp pesan di aplikasi susahnya minta ampun mau delivery ja berkali kali ga bisa, ya sudah uninstall",3,2024-03-19 16:35:48,0,
Domino's Pizza Indonesia,com.phonegap.dominos,863819a7-d417-4082-bd24-f0fa20339ac2,Livia Lie,"Gak ada fitur buat menghubungi kurir, pengataran menjadi tidak jelas.",3,2024-03-12 16:37:43,1,
Domino's Pizza Indonesia,com.phonegap.dominos,23c0b853-f074-4567-b0b7-bfa91dd0ef1c,Gema Indriyani,"Untuk lacak pesanan nya ada bug kak,statusnya ga pernah berjalan terus saja di order received",3,2024-02-24 13:02:46,0,
Domino's Pizza Indonesia,com.phonegap.dominos,9da22e52-1383-4f23-88ef-ce4fdc39ad52,Mamih Yusuf,"tolong jangan bedakan toping beli deliv dan d tmpt , samakan saja",3,2024-02-22 13:08:13,0,
Domino's Pizza Indonesia,com.phonegap.dominos,b89ec4c1-9c3f-416b-b832-6d3d2c1c7301,AanMolo kampung Inggris,Saya kasih 3dulu,3,2024-02-18 23:58:00,0,
Domino's Pizza Indonesia,com.phonegap.dominos,ee50acf4-74b5-4bde-a04c-d28809c2b6f0,Lussy Ariany,"Ini dari tgl 14 feb 2024 kok g BS order y,,apl buffering trus,, knpa y min??",3,2024-02-16 17:11:43,0,
Domino's Pizza Indonesia,com.phonegap.dominos,caa9541c-d89c-43de-a0e1-e65c7cc7fc7c,Muhammad Guntur,Kalo order grab lebih baik pas pizza sudah ready biar kurir ngga kelamaan nunggu,3,2024-02-12 08:24:48,0,
Domino's Pizza Indonesia,com.phonegap.dominos,d34b02a7-cdd5-4799-9c93-03e2e9f90b3d,Deva Jayendra,Timer waktu pemesanan tidak aktif. Notifikasi tidak muncul. Pada aplikasi pesanan sudah sampai namun kenyataannya belum. Tolong ditingkatkan lagi.,3,2024-02-10 19:55:04,1,
Domino's Pizza Indonesia,com.phonegap.dominos,81d54058-a419-4756-8b6e-07e6ef983d2d,lili hartini,"jaringan lambat dan terlalu, terlalu berbelit2 saat pesan online",3,2024-01-30 19:32:03,0,
Domino's Pizza Indonesia,com.phonegap.dominos,c146ec5b-bfd8-440e-b297-68b6f58531e7,feny an zaeni,"Lagi kenapasi aplikasi domino, freak!",3,2024-01-08 19:31:15,0,
Domino's Pizza Indonesia,com.phonegap.dominos,08b0119d-4565-4aa5-b10a-b961580c31ed,Gide Ok,"Aplikasi Domino Pizza sulit utk digunakan. Untung berhasil, kalau tidak pasti aku beralih ke 'tetangga sebelah"".",3,2024-01-01 16:49:29,1,
Domino's Pizza Indonesia,com.phonegap.dominos,a9c0bd8b-7de7-4604-ace1-25822d046a03,heri,"Capek pake aplikasi ini, out sebentar mau lihat kode otp, malah ngulang orderan dari awal..",3,2023-12-31 15:35:10,0,
Domino's Pizza Indonesia,com.phonegap.dominos,a411935f-80b8-4017-bd54-688695b7e7db,Rizal,aplikasi masih sering error,3,2023-12-18 19:22:15,0,
Domino's Pizza Indonesia,com.phonegap.dominos,f64ca1f1-a111-4583-a716-50ed391d0a83,Rahmi Suryaningrum,"lokasi antarnya tdk terjangka ke rmh sy, odhal aplikasi lain sperti kfc yg dkt dgn domino msh bs antar",3,2023-12-13 12:04:44,0,
Domino's Pizza Indonesia,com.phonegap.dominos,32c8abd6-0dcc-4c9c-9e60-19f83940c35e,Achmad Rifandi Noor,baru dan masih bingung,3,2023-12-06 10:44:41,0,
Domino's Pizza Indonesia,com.phonegap.dominos,027d0532-a31b-4777-99fb-8a84118b90fa,Dina Yulis Setyaningrum,"kadang bisa, kadang engga",3,2023-11-26 17:20:37,1,
Domino's Pizza Indonesia,com.phonegap.dominos,1987ae06-1313-4edd-a5e0-a3b05d96635e,Budiariani,"Gimana sihh ini, kok gak dapet kode ke emailnya ya. Mempersulit sekali. Sudah tunggu 5 menitan blm juga ada kode yg masuk",3,2023-11-26 15:46:27,0,
Domino's Pizza Indonesia,com.phonegap.dominos,0dbe1dac-1cd2-4eae-b777-d472de1535b6,eghi juliansyah,"Tolong tambahkan fitur batal order dong, saya salah naro titik lokasi jadi bingung sendiri karena gak bisa ubah alamat",3,2023-11-20 18:04:37,0,
Domino's Pizza Indonesia,com.phonegap.dominos,f3b26d80-40a7-4dc6-b632-34aef094f2c0,Marisa Premitasari,aplikasinya kurang bagus,3,2023-11-20 17:31:30,0,
Domino's Pizza Indonesia,com.phonegap.dominos,967f18a9-34a9-40f1-b199-0571fc8c27ee,Sujadmiko Sanjaya,alamat rumah gk bisa delivery,3,2023-11-20 12:04:08,0,
Domino's Pizza Indonesia,com.phonegap.dominos,c92633be-92b8-430f-b40b-dbec41e8ebd6,Febri Pulungan,"masih banyak Bug, lokasi kurang dari 30 menit tapi tidak terdaftar sebaiknya hapus saja klo pun telat tetap ada ongkirnya daripada ngak bisa di pakai ini aplikasi",3,2023-11-16 17:10:28,5,
Domino's Pizza Indonesia,com.phonegap.dominos,9a90fdab-bd6c-4c63-a08f-c27b2a38d94f,Hendra Jaya,"Sudah bisa lagi melakukan pesanan lewat aplikasi, tetapi untuk pembayaran hanya tersedia tunai. Tolong diperbaiki lagi agar bisa melayani pembayaran online seperti dahulu. Terimakasih",3,2023-11-11 10:51:17,0,
Domino's Pizza Indonesia,com.phonegap.dominos,05e6587c-64d4-4001-880e-eca4acf7a7e0,pungky ipung,"delivery ke alamat saya not found,perluas lg area delivery...",3,2023-11-05 21:51:39,0,
Domino's Pizza Indonesia,com.phonegap.dominos,3eb9d8fe-2de7-4a81-a7f1-8500a9247121,sariani0779 komang,pizza enak ..harga ramah,3,2023-11-04 12:19:18,0,
Domino's Pizza Indonesia,com.phonegap.dominos,d1a8c4f3-6e40-4d20-91b2-3bc06542e0b1,Jodi Novan,"Lacak pesanan tidak update,di apk masih menunggu mulu",3,2023-10-28 10:09:34,0,
Domino's Pizza Indonesia,com.phonegap.dominos,a4982680-a657-42e5-a9fb-ec4f9952a3c4,Aldi Mardiansyah,"Aplikasi tidak berjalan dengan baik , walaupun dengan internet yang bagus tapi tetap buffering.",3,2023-10-23 18:17:17,0,
Domino's Pizza Indonesia,com.phonegap.dominos,ed2489b3-0961-4248-84ea-2e37e54ddfb9,cizzle Eli,"tidak bisa untuk pesan, hanya loading terus",3,2023-10-23 15:39:11,0,
Domino's Pizza Indonesia,com.phonegap.dominos,9e07958e-6a4e-4bac-b2cc-243c34c7c89c,Amelia Juliana,"setiap ada promo, ni akun susah bgt di pake nya 😐",3,2023-10-22 20:28:21,1,
Domino's Pizza Indonesia,com.phonegap.dominos,9047e23c-4892-4cbd-8bd7-72e9e6530402,merry work,Aplikasinya penuh bug.. Mau save order gak bisa2,3,2023-10-21 15:25:39,0,
Domino's Pizza Indonesia,com.phonegap.dominos,e3d06178-9d66-4607-8ece-81578b1cd5db,Teguh Dara,"perbaiki servernya, kerjaannya abiz milih menu muter2 lama banget bikin orang cancel buat pesen",3,2023-10-18 13:42:12,0,
Domino's Pizza Indonesia,com.phonegap.dominos,e85863e8-2fef-4c20-b308-19d18a4600c5,Dicky Zayn Ramadhan,ga bisa dipake... knapa cobaaa...?!!...log in..something went wrong..what the..?!,3,2023-10-18 12:08:16,0,
Domino's Pizza Indonesia,com.phonegap.dominos,b4da0ef7-d8e6-43d1-898b-b389820e9cbe,diana budi,"Sy dwld aplikasi domino pizza ini, trs mau dftr krn blm punya akun di domino...udh ikutin instruksi tp koq slalu ada tampilan ""ada yg salah"" trs salahnya dimana jg ga ada pemberitahuannya udh ubah sana sini tetap sj salah 🥴 jd males mau pesen...ga bisa dibikin simple aja kyk KFC, McD, Pizza Hut.",3,2023-10-16 08:53:23,1,
Domino's Pizza Indonesia,com.phonegap.dominos,a22128fe-082c-4bb2-82dd-950ddb4e1d67,Ari Septiani,"Sekarang gak bisa login, mke email gk bisa, lupa sandi gk bisa. Gk bisa masuk. Padahal sebelumnya lancar2 aja",3,2023-10-09 05:40:48,0,
Domino's Pizza Indonesia,com.phonegap.dominos,f2018ab1-ffca-4d7f-98d5-536ad53b300c,Zahlul san,kenapa setelah di update software malah jadi gak bs dibuka ya?,3,2023-10-07 15:33:57,0,
Domino's Pizza Indonesia,com.phonegap.dominos,a9c6cdc9-087a-4515-ae09-1398f9d57c4f,Kholifatul Farida,Habis maintenance kemarin sampe sekarang kalo buka aplikasinya cuma loading mulu. Ga keluar menunya :(,3,2023-10-07 11:23:20,0,
Domino's Pizza Indonesia,com.phonegap.dominos,3f345a48-8dc0-473a-997e-7b7dc49832a3,Tio Juliansyah Sutejo,Aplikasi Eror ga jelas,3,2023-10-04 21:36:23,0,
Domino's Pizza Indonesia,com.phonegap.dominos,0353e268-aa2c-4920-9fd2-03147689e6e8,Lucky Lucky,Aplikasi error' ..loading terus lama bgt.gak bs2 mau buat order..udah uninstall trs install lagi..GK bs2 juga..hadehh.tolong perbaiki aplikasi nya error,3,2023-10-03 13:41:42,0,
Domino's Pizza Indonesia,com.phonegap.dominos,a8dc9beb-0be8-4b5a-baeb-0e882007ef46,muhammad luqman triaji,"aplikasi sering lag ketika sudah di update, jadi susah pesan lewat aplikasi, perbaiki segera ya.",3,2023-10-01 13:48:58,2,
Domino's Pizza Indonesia,com.phonegap.dominos,7b738e3a-17cb-4fde-94d4-3db0325bf78f,Nining Maeda,"Ini kenapa aplikasi ga bisa di pake,loading terus ga jelas banget",3,2023-10-01 11:09:59,0,
Domino's Pizza Indonesia,com.phonegap.dominos,b74e58ec-d07e-413b-917a-038c912c0270,Zul,Loh kenapa sekarang aplikasi nya eror y.. sebelum nya . Lancar bos,3,2023-10-01 10:39:10,0,
Domino's Pizza Indonesia,com.phonegap.dominos,b9709b3c-8bf0-48e5-98b6-3a635ee68aa9,Garnet,"tolong Min, Aplikasi Lelet loading pada Interfacenya.",3,2023-09-26 17:02:11,0,
Domino's Pizza Indonesia,com.phonegap.dominos,839048df-3024-41b4-b8ce-a126e420824e,Fajar Alhadid,"Aplikasi bug, loading screen lama, udah 4 hari msih kyak gini, huhhh",3,2023-09-26 14:35:29,0,
Domino's Pizza Indonesia,com.phonegap.dominos,dba0aa58-88ab-419c-9a04-dd82b140881f,Dian pradnyani,Kak kok saya ngga bisa daftar akun yam ngga diisi keterangan bagian mana yg salah,3,2023-09-24 08:18:26,0,
Domino's Pizza Indonesia,com.phonegap.dominos,5cc09d44-c52d-4a08-a8df-bafa261a44a8,kia,"Dari kemarin aplikasinya eror semua menu tidak muncul tapi notifikasi pop up muncul terus, kapan diperbaikinya ?",3,2023-09-22 13:31:10,0,
Domino's Pizza Indonesia,com.phonegap.dominos,f2681a91-d3f4-4d7d-8b7b-664e4b860c63,Jimmy ws,masih perlu peningkatan UI dan optimisasi kecepatan.,3,2023-09-13 12:11:49,1,
Domino's Pizza Indonesia,com.phonegap.dominos,53194a24-7563-4210-ada3-a7af4214f704,Harnum Septia,coba delivery order,3,2023-09-12 20:46:07,0,
Domino's Pizza Indonesia,com.phonegap.dominos,978f277a-079a-46f2-a02f-3e1bbb881df7,Herlambang Naufal,"Pingin pesen pizza dari apk malah dipersulit, Code Verifikasinya tidak dikirim"" Pdhal udh nunggu 10 menit, saya ulang berkali kali dan hasilnya tetap tidak dikirim Mohon diperbaiki",3,2023-08-28 17:25:45,0,
Domino's Pizza Indonesia,com.phonegap.dominos,372f8123-9767-47dc-92c7-e34c74e806c1,Herbayu Sunaryo,Min.. Barudownload knp ga ada gambarmya.. Putih semua udah 2x dwnld.. Help,3,2023-08-23 12:50:01,0,
Domino's Pizza Indonesia,com.phonegap.dominos,84a1b9a2-fa9f-4f37-abb1-0e43c050ab00,Razhes Sanjaya,"Kadang pizza yang sudah di pesan tidak sesuai yang di promosikan, isian nya sedikit",3,2023-08-21 11:42:06,0,
Domino's Pizza Indonesia,com.phonegap.dominos,c45c68f5-493b-4328-ace7-5a92d9d61719,Laila Nurahmawati,"Tolong dong lain kali kalo menu yang di pilih tidak ada restoknya dikonfirmasi kan dulu ke customer jangan asal konfir sendiri ganti menu yang customer mau,untung aja mas delivnya baik dan ganteng jadi saya kasih bintang 3 dulu mohon di koreksi si lagi terimakasih",3,2023-08-02 20:42:13,1,
Domino's Pizza Indonesia,com.phonegap.dominos,c8e9238b-e01b-40c8-aeaa-1f7af3112efe,rikky ariwibowo,pelayanan tidak ramah terhadap pelanggan,3,2023-07-29 18:04:41,0,
Domino's Pizza Indonesia,com.phonegap.dominos,610d5aa0-4e93-4d11-a165-84408433ae7b,Daon Julia,"Saya ngerti sih banyak yang ngasih bintang sedikit, itu pasti karena alamat orang² tersebut tidak terjangkau atau bahkan tertolak sama app Domino's Pizza ini. Saya coba input 2 alamat yang berbeda, salah satunya tertolak sama app ini. Intinya, app ini ya pilih² daerah juga untuk anter² pesanannya. Gitu sih. Well... Yowesben.",3,2023-07-22 15:24:32,0,
Domino's Pizza Indonesia,com.phonegap.dominos,33d2a18c-ebbb-449c-b816-2e53a62ce3d2,Triowanda Ciptarama3,perlu ditingkatkan kembali kenapa layanan delivery tidak bisa,3,2023-07-16 19:28:00,0,
Domino's Pizza Indonesia,com.phonegap.dominos,031c93a2-6b4f-40a8-ba59-543596aa2ab8,Muchamad Subchan,alamat tidak bisa di masukan,3,2023-07-16 16:20:56,0,
Domino's Pizza Indonesia,com.phonegap.dominos,b30ab32d-f3f5-4ca9-8b81-650ad61298ff,Helen Oktavia,Kecewa tiap mau pesan online tulisannya daerah rumah ga termasuk daerah cakupan padahal dekat rumah banyak pizza domino. Terus sering dengar katanya kalau pengguna baru ada promo jadi lebih murah tapi ga ada voucher menarik,3,2023-07-13 19:42:02,3,
Domino's Pizza Indonesia,com.phonegap.dominos,14aacf73-7a18-4b4d-80b9-13764c6054f7,Foku45 family,Kenapa tidak bisa order lewat aplikasi? Kenapa harus arahan ke wa padahal pesan dari wa harganya lbh mahal,3,2023-06-22 15:20:47,0,
Domino's Pizza Indonesia,com.phonegap.dominos,807486ab-3f2f-45e7-b147-9237abd47f00,azthya ningsih,"sy punya voucher Karena pemesanan yg lalu terlampir datang, tp sy gak diinformasikan klo voucher hanya berlaku 2minggu. Di Voucher nya jg gak tertulis masa berlaku nya, jadi hangus voucher nya, rugiiiii deehh",3,2023-06-17 13:09:55,0,
Domino's Pizza Indonesia,com.phonegap.dominos,d4f3f945-dff0-4db2-8783-227b5088645a,Dwi Purnomo,baru mau coba,3,2023-06-16 09:48:29,0,
Domino's Pizza Indonesia,com.phonegap.dominos,7cb43180-8d6f-4985-94c9-5ddce449c168,Kalifah Tullah,Andai bisa cod padang pariaman,3,2023-06-14 15:01:15,0,
Domino's Pizza Indonesia,com.phonegap.dominos,7612b037-3582-4afd-b912-1fea0bfa74d6,Buche Gielb,Saya akan balik lagi...,3,2023-06-13 05:19:59,0,
Domino's Pizza Indonesia,com.phonegap.dominos,79f76968-9420-47f8-9f07-4d023f51eb84,Arief Sartono,"Intuitive app. Sayangnya ada bug. Saya beberapa kali melakukan pemesanan dengan status delivery, tetapi setelah pembayaran dilakukan dan mestinya tinggal menunggu pizza datang, malah status pemesanannya menjadi take away. Agar segera diperbaiki.",3,2023-06-10 06:40:14,6,
Domino's Pizza Indonesia,com.phonegap.dominos,e40c3d17-a218-4098-bdaa-d305dcefc44c,Ahmad Choirul Abidin,"Sebetulnya udah bagus, namun tracking dan pemesanan perlu di perbaiki.... Karena masih nyusahin konsumen.... Apalagi jika pesan 2 kali dalam waktu yg hampir berdekatan.",3,2023-06-03 12:37:34,21,
Domino's Pizza Indonesia,com.phonegap.dominos,51bd483b-7c5a-42da-a555-bcafb8421421,erista maharani,"Dibagian metode pembayaran kasih syarat dan keterangan tambahan, hanya berlaku berapa menit si metodenya. Saya telat pickup pesanan dengan memilih pembayaran pake debit ternyata ada masa berlakunya, lewat itu harus pake cash, saya nggak prepare bawa uang cash, atm jauh, mau praktis pake aplikasi malah ngabasin waktu jadinya",3,2023-05-31 16:02:12,10,
Domino's Pizza Indonesia,com.phonegap.dominos,49c318d2-602e-432f-b374-b433ff545bde,elfira susanty,Email nya gak masuk gimana mau daftar,3,2023-05-31 13:16:16,0,
Domino's Pizza Indonesia,com.phonegap.dominos,1fa5d840-bc38-440c-8f0e-ff0f8f1ad3e7,Faradila Tungga Dewi,kurang lengkap layanan dengan menggunakan voucher dan lain-lainnya,3,2023-05-26 05:30:38,0,
Domino's Pizza Indonesia,com.phonegap.dominos,5dbb0fc8-8bb5-41d7-a958-b1bed0d213c1,Meilani Wulandari,"tiap mau order selalu kehapus, pas mau pilih payment gabisa load",3,2023-05-21 19:40:45,0,
Domino's Pizza Indonesia,com.phonegap.dominos,a16b86f6-777c-46d9-b823-f0c0712ed8e5,parid,"Tidak bisa melihat menu yg sedang dipesan, ketika input kode pesanan hanya menunjukkan waktu yg berjalan, tolong disediakan menu khusus utk melihat pizza apa saja yg sedang dipesan..",3,2023-05-19 18:43:39,4,
Domino's Pizza Indonesia,com.phonegap.dominos,6eacf8b4-b82a-414a-aa0e-8f3f848ce2c8,Vissa Frismanurie,"Order pake aplikasi Estimasi waktu ga tepat ngaret lama, telp 2 kali k CS.. telp langsung k store juga ga d respon.. masih nunggu gajelas pizza nya dh sampe mana😔",3,2023-05-18 15:08:33,0,
Domino's Pizza Indonesia,com.phonegap.dominos,90c89d9e-f6d2-47f1-aaab-59b9fc8fe563,Syahrul Aenal,"Pesan lewat aplikasi bener-bener mudan banget, Interface UInya nyaman nggak ribet. Cuma sayang banget harusnya ketika pilih Delivery Order ada keterangan ongkos kirim, dan setelah pesanan sampai diriwayat pesanan harusnya ada struk atau rincian pesanan.",3,2023-05-15 09:29:13,20,
Domino's Pizza Indonesia,com.phonegap.dominos,d2874b5f-1575-473b-a55a-0c24af75c4d0,Kebo langit,ga dapat kode otp,3,2023-05-11 22:12:13,0,
Domino's Pizza Indonesia,com.phonegap.dominos,4c235ef4-4dd3-459f-80eb-dc3fe7f5f752,Elang Badai (Elang Badai timur_waiters),terlalu ribet dan jaringannya masih lemot,3,2023-05-07 17:29:01,1,
Domino's Pizza Indonesia,com.phonegap.dominos,9397de39-7d0a-4e0b-9ea4-f292858da210,Die Hard Gooner,"aplikasi nya lemot, berat, perlu diperbaiki",3,2023-05-07 12:49:42,1,
Domino's Pizza Indonesia,com.phonegap.dominos,a9d52db2-9b40-4588-b851-280860ede0a8,Destyana Isabita,"Aplikasi nya emboh, verifikasi ga masuk2",3,2023-05-05 16:21:34,0,
Domino's Pizza Indonesia,com.phonegap.dominos,6a8a4314-cb54-4331-b468-ca0118d08328,Rika Fitriyana,"Kocak banget aplikasinya, masa saya pesan pizza harga di aplikasi nggk sesuai. Saya pesan pizza harga di aplikasi 108.000 tapi kenapa pas delivery kata yg anter jadi 130.000 nggk di kasih struk lgi terus nggk ada konfirmasi dulu kalo harga nya beda gila banget sih kapok pake aplikasi delivery",3,2023-05-05 09:22:48,0,
Domino's Pizza Indonesia,com.phonegap.dominos,cd46b6d6-6598-45c3-a8b0-b5d1526b734a,hotma siregar,the steps to order take so long. could u guys make it more simplier?,3,2023-05-03 19:35:17,0,
Domino's Pizza Indonesia,com.phonegap.dominos,4d1e09be-9f91-4070-8810-67238bb59d2f,Beni Sumantri,aplikasi force closed,3,2023-04-28 15:08:26,0,
Domino's Pizza Indonesia,com.phonegap.dominos,4d8a4025-e9a3-4921-a1f6-3fd7d76f0bfb,The Rhiko,bintang 3 dulu baru coba,3,2023-04-16 10:40:53,0,
Domino's Pizza Indonesia,com.phonegap.dominos,9cfe0996-cc90-4b66-bfab-f6f8d41758a2,Nisfianina Sabina,apliksinya lama lola,3,2023-04-03 15:50:20,0,
Domino's Pizza Indonesia,com.phonegap.dominos,e944e26a-f3ee-443d-a36c-debe283b2f23,Eko Pakpahan,"masih coba dulu,nanti bintangnya ditambah",3,2023-03-19 12:45:21,0,
Domino's Pizza Indonesia,com.phonegap.dominos,385914fb-3c36-491d-9e83-d7a0959b2cc8,David Koko,"Kasih 3* dulu, kalau mau 5*, tolong paket DUO doubel CB ada di grab food itu baru👍👍. Saya tunggu ya. Jangan tidak ya, secepatnya admin. Terima kasih😀😀, kalo ngak kasih dong voucer diskon nya di apk dominos nya.",3,2023-03-09 13:13:46,1,
Domino's Pizza Indonesia,com.phonegap.dominos,558a81af-adca-4538-99c7-c1a5f8483b83,Syahiraputri Syahiraputri,baru pertama kali coba langsung bisa,3,2023-03-01 15:51:30,0,
Domino's Pizza Indonesia,com.phonegap.dominos,52491ec3-a4e5-471e-b832-b1b3df03cac9,Okta Dikky,sangat enak dan kurirnya ramah2,3,2023-02-19 21:37:29,0,
Domino's Pizza Indonesia,com.phonegap.dominos,f6e1c693-690e-4b82-b98d-c0cfec1f9fd2,Muhamad Azis Susanto,Aplikasinya tingkatin lagi dong dan mudahin lagi biar pada gak keliru... Maaf kasih 3 soalnya gak ada riwayat pesanannya jadi males.. Tadinya malah mau kasih bintang 1 malahan cuman kasihan...,3,2023-02-16 23:39:08,6,
Domino's Pizza Indonesia,com.phonegap.dominos,ad38e2e3-232a-4100-ae57-e960d76c35ab,Magdalena Kusuma,pemesanan td ckp baik tp sayangnya agak lama drivernya sampe Krn br kerja pendatang jd maklum deh....,3,2023-02-14 20:47:16,0,
Domino's Pizza Indonesia,com.phonegap.dominos,b041433d-136b-4fe7-b70b-7b1480ff8ffd,My Video Channel,Parah aplikasi nya saya mau order gara gara satu angka nomor telepon belakang ga bisa di ganti jadi batal!!! nomor belakang saya 62 bukan 72 saya mau ganti banyak gaya sekali aplikasi ini ga praktis. komfirmasi dulu ke nomor belakang nya 72 ya jelas bukan punya saya.....aduh oon sekali yang punya aplikasi ini ya.,3,2023-01-12 15:40:58,5,
Domino's Pizza Indonesia,com.phonegap.dominos,6b1d4134-db04-40be-a566-6a2f25b8d086,Mierra & Family,Mau pesan langsung di outlet samping mall taman palem Jakbar nunggu dr jam 09.48 sampe jam 10.26 outlet masih closed... Padahal di pintu tertulis open jam 10.00 tanya petugas bilangnya blm siap..,3,2023-01-03 11:30:49,0,
Domino's Pizza Indonesia,com.phonegap.dominos,b2e5b25b-9305-46c2-840a-feaf8b0dd5af,Siti Opi,Mau klaim hadiah harus upload foto struk belanja tapi setelah di upload selalu alasan tdk boleh terlipat berbayang dan terdapat lekukan.. padahal fotonya jelas bangeeeut wkwkwkwk gak usah ngadain hadiah klo ribet gini mah,3,2022-12-26 11:52:15,1,
Domino's Pizza Indonesia,com.phonegap.dominos,1023d246-df9b-4ce4-b67c-4b0de6c70117,Razzad Pratama,Dari tadi gk mau masuk otpnya padahal nomornya sudah benar,3,2022-12-14 16:49:01,0,
Domino's Pizza Indonesia,com.phonegap.dominos,db026e59-1121-46e0-b11e-ed43975e445d,findy asti,susah masukin alamat yang benernya,3,2022-12-13 19:10:47,0,
Domino's Pizza Indonesia,com.phonegap.dominos,fc05d781-a894-42f8-9fd5-2f675ff3621e,Dwi Novi,pilihan pembayaran kurang flexible,3,2022-12-12 11:48:36,0,
Domino's Pizza Indonesia,com.phonegap.dominos,6a9fc850-38ac-4526-a59c-8fd0ef79e126,Bintang Prahatmojo,"Coba bayangin, sekian lama punya aplikasi nya, pas akhirnya mau pesan, diminta oleh aplikasi nya kirim kode otp ke nomer +6208 via wa, ya nggak bakal terkirim, ada yang bener mah +628, ini ada angak 0 nya dan nggak bisa di edit, yasudah saya pindah ke sebelah, seharusnya bisa lebih baik lagi applikasi android nya",3,2022-12-10 17:24:51,19,
Domino's Pizza Indonesia,com.phonegap.dominos,0371c1ca-c21d-44d1-acfc-a695aead605b,khoiril Akhyar,"Nggak ada menu cancel pesanan, saya g sengaja kepencet langsung di proses order, walaupun saya yg salah, tapi kesel jg sih, untuk promo di aplikasi, bagus",3,2022-12-04 12:44:55,0,
Domino's Pizza Indonesia,com.phonegap.dominos,a367663d-d7cb-4a03-b269-9b8a2918248d,"dr. Ari Sakti Prasetya, M. H.",susah cari tokonya istana plasza suka ga ktemu,3,2022-11-27 13:07:23,0,
Domino's Pizza Indonesia,com.phonegap.dominos,c6e22394-1735-45c8-8041-140f940b9561,Rizal affandi,"lumayan lemot, tambahin dark mode aja si sarannya",3,2022-11-26 15:05:37,0,
Domino's Pizza Indonesia,com.phonegap.dominos,c21aab9c-57c7-4fa2-89a4-905f584d5c4c,Youla Watuna,"3 dulu, klo lancar pemesanan baru kasih 5",3,2022-11-01 19:02:44,0,
Domino's Pizza Indonesia,com.phonegap.dominos,14668894-b8a0-4990-a53a-6426bf45cc2b,Ignosia Adi Irawan,"sering eror. saya mau klaim promo yg 7rb, pas mau bayar dj dana malah eror, trus jadinya keluar aplikasi dlu. pas mau pesen lewat promo lagi malah katanya udh beli, hadeh",3,2022-10-25 13:21:03,1,
Domino's Pizza Indonesia,com.phonegap.dominos,8ff820b8-c038-4870-8cbe-052d0d6b57f3,Fakih Fakih,Kode aktivasi ga muncul muncul wagumen,3,2022-10-25 13:10:32,0,
Domino's Pizza Indonesia,com.phonegap.dominos,2698f00c-8506-402d-8e7d-7bc6f354db32,Ryan Teuku,lokasi purwokerto tidak muncul,3,2022-10-25 11:10:44,0,
Domino's Pizza Indonesia,com.phonegap.dominos,d9a29467-0afe-446d-aa40-5d395ff2cfd8,Dunia Gaming,"ribet mau nukerin undiannya, yang foto ga boleh ini lah itu lah",3,2022-10-25 06:29:36,0,
Domino's Pizza Indonesia,com.phonegap.dominos,4df8e6a8-600a-40bf-9fdd-8e3650d0de46,Aiidah 82,Email verifikasi nya nggak masuukk,3,2022-10-24 15:17:34,0,
Domino's Pizza Indonesia,com.phonegap.dominos,1e72510b-00c0-4921-a7c1-f0d0a4a0fa23,Armi Nuriyanti,Database nya ga responsif,3,2022-10-24 15:00:32,0,
Domino's Pizza Indonesia,com.phonegap.dominos,ed7921f0-4b25-48ca-b1b9-d2cc75fe2400,Ferdy Septian,domino's pizza tidak mengirim otp ketika saya mau pesan,3,2022-10-24 13:01:51,0,
Domino's Pizza Indonesia,com.phonegap.dominos,d705062f-6d46-46bc-b50e-121bccdb6e5f,Chintya Np,"Aplikasinya lemot banget ya wkwk saya mau mesen jadi keburu males soalnya udh hampir 1 jam tapi loading aja padahal jaringan kencang, mungkin bisa diperbaiki lagi",3,2022-10-24 12:57:30,1,
Domino's Pizza Indonesia,com.phonegap.dominos,80d56009-7f6e-4dba-b94c-0730306e2a5c,Suriyadi,"Awalnya saya tertarik nih sama aplikasi karena tmn saya ngasih kode promo nya kan ? Nah pas di instal terus beberapa kali coba daftar masih error, mohon bug nya diperbaiki lagi.",3,2022-10-24 12:07:55,0,
Domino's Pizza Indonesia,com.phonegap.dominos,75144c3f-e1b1-4d4b-a93b-92d05ec90fbe,Nuna,Apk nyaa lemott bgtt kebanyakan loding mauu pesen ajaa loding nya bikin ngelus dada 2 jam aja adaa anjir untuk loding2 ny. Lemott,3,2022-10-23 20:44:40,0,
Domino's Pizza Indonesia,com.phonegap.dominos,9aae5f19-f552-45bc-b178-d8636d46405a,Misnah Wati,"Aplikasi kurang ok, mau buat akun aja ribet, pesan juga ribet terus kode otp Nye lama baru dikirim, sering error juga",3,2022-10-23 18:37:21,1,
Domino's Pizza Indonesia,com.phonegap.dominos,685c8512-0ace-4ed5-a9f4-a1c532ce9e2e,Keen Wowor,yg promo ga bisa di mix pesananya.,3,2022-10-15 09:08:52,0,
Domino's Pizza Indonesia,com.phonegap.dominos,977f4032-7bde-402a-8cfb-bc905e3f58e8,Valno,Tambahkan map saat driver kirim. Biar bisa di pantau,3,2022-10-03 18:27:40,0,
Domino's Pizza Indonesia,com.phonegap.dominos,67f78d9a-01f0-4ee3-ab41-f1396a843894,prita tyas,bintang 3 dulu klo bagus sy tambah bintangnya,3,2022-10-01 18:46:17,0,
Domino's Pizza Indonesia,com.phonegap.dominos,2f91a454-f1cc-47c2-ad7b-c7ab01d600af,Quinsya Zahlya Azka,Kok ngak bisa pesannya lewat delivery. Mohon di perbaiki ya alamat nya.,3,2022-10-01 06:53:29,0,
Domino's Pizza Indonesia,com.phonegap.dominos,1650720b-179c-4e96-a1b1-f3a2790e1088,staniah rachmayanti,baru dipesan belum diambil,3,2022-09-30 20:04:08,0,
Domino's Pizza Indonesia,com.phonegap.dominos,9e86da11-3104-47fc-abe2-b42b633479c6,caca,Tidak bisa track pesanan,3,2022-09-25 21:46:34,0,
Domino's Pizza Indonesia,com.phonegap.dominos,e5643893-68a3-44cb-954b-402371feb619,martina sumarlin,"mau pesan lewat app tidak bisa take away,delivery pun tak bisa. alamatnya tidak terjangkau.",3,2022-09-19 16:23:57,1,
Domino's Pizza Indonesia,com.phonegap.dominos,6ad0dd5d-6585-480e-85f4-c834d80a0854,Nafsiah Nirmala,bar mau coba,3,2022-09-17 14:34:35,0,
Domino's Pizza Indonesia,com.phonegap.dominos,f553c0a6-7500-4014-aba2-bad67ee94912,sapu jagat,aplikasi baru nyoba ...klo bagus kita tambahin lagi bingtang nya,3,2022-09-14 21:07:21,0,
Domino's Pizza Indonesia,com.phonegap.dominos,8d604c05-635f-4e8a-9230-f49fd676cfc4,Bang Ervan,"aplikasi sering error, alamat kadang muncul sendiri, kadang ilang",3,2022-09-12 18:00:07,0,
Domino's Pizza Indonesia,com.phonegap.dominos,9ce4d8b4-5d29-4a60-9f66-8f67a15e99c7,Syafiq Fuady,Saat ini msh aman tetapi susah mau melacak delivery kurir suka nyesat,3,2022-09-12 17:19:20,0,
Domino's Pizza Indonesia,com.phonegap.dominos,f53a1242-3689-485b-90ee-f079c49d1ee2,Evi Setya Putri,Tolong diperbarui untuk lokasi outlet nya dong.. Masa dibalikpapan gabisa order karna gada dimaps apk nya.. Gmn kita mau order lwt apk nih min,3,2022-09-10 09:53:53,0,
Domino's Pizza Indonesia,com.phonegap.dominos,6bf64c78-ace0-4958-98c0-b656834f527f,Harry Sutrisno,Gak bisa daftar...kenapa ya...,3,2022-09-06 12:09:22,0,
Domino's Pizza Indonesia,com.phonegap.dominos,0dc95666-5439-4361-8d52-fe50c6cc8d0c,Niki Yolanda,bingung. pesan delivery g bisa. tpi take away bisa,3,2022-09-02 17:28:59,0,
Domino's Pizza Indonesia,com.phonegap.dominos,292e3957-a083-4992-9a62-070ea4f7ad50,Dini Ashariati,Sedikit ribet aplikasi nya...nomer hp saya TDK dpt di verifikasi,3,2022-08-30 12:30:44,0,
Domino's Pizza Indonesia,com.phonegap.dominos,c7690743-a11d-42b2-80e0-6ae673e6295f,Dey N,"Di Balikpapan udah ada outlet nya, tapi kok di aplikasi ini bilangnya ""STORE NOT FOUND"" 🥺😭",3,2022-08-26 15:37:52,0,
Domino's Pizza Indonesia,com.phonegap.dominos,9ad0f29b-78cb-4ff0-8fb5-12bea86421de,Yanti,kenapa domino kelapa dua TDK bisa deriveri,3,2022-08-26 10:55:01,0,
Domino's Pizza Indonesia,com.phonegap.dominos,462aad56-9809-4840-9ae2-c97464ca8d38,lilik Kreasi chimilly,"baru instal aplikasi ini dan mencoba daftar dan isi data dgn benar sesuai arahan, tp knp selalu ga bisa terdaftar,???sdh dicoba berkali2",3,2022-08-23 17:52:33,4,
Domino's Pizza Indonesia,com.phonegap.dominos,017f8e9f-94d0-4e52-96cf-6dac0b3337cb,Adrian Oen,Kenapa belom update store baru ya.. jd ga bisa delivery...,3,2022-08-17 08:46:36,0,
Domino's Pizza Indonesia,com.phonegap.dominos,ef1883ef-b9aa-45ef-a797-cc38d377f77d,Dewi Purnama sari,pesanan kali ini tidak memuaskan. pizza yg korean daebak nya saus gochujangnya asiiiinnn bangettt. semoga bs diperbaiki,3,2022-08-13 19:36:28,0,
Domino's Pizza Indonesia,com.phonegap.dominos,7e4f7ab1-9033-4cef-a0d9-325ca631b2db,irham pta,Terlalu banyak notifikasi,3,2022-07-30 18:12:12,0,
Domino's Pizza Indonesia,com.phonegap.dominos,ff80ab31-5fe4-4044-8967-90111dfba232,Satria Salean,Delivery tidak bisa??!,3,2022-07-27 21:02:21,0,
Domino's Pizza Indonesia,com.phonegap.dominos,f106e224-bf3a-4e06-9a05-7178cea6f44b,Garuda Empire,"Load nya lama banget, perlu di benarkan di situ. serius cuma masalah load yang lambat padahal sinyal bagus, 'sinyal bagus' hp juga memadahi. tapi masalah ini cukup membuat pelanggan tdk nyaman. jika sudah diperbaiki saya naikkan ratenya",3,2022-07-20 16:09:15,58,
Domino's Pizza Indonesia,com.phonegap.dominos,4f7a89d4-126d-48be-89a1-3d59bd88b892,Gending Laksa,"Saya update, malah ga bisa buat order.. Order langsung ga bisa dapet promonya.. Padahal saya biasa langganan pizza duos pakai aplikasi ini. Jatuhnya mahaaaaall. Bagaimana ini? Tanya ke bagian kasir, ga ada yang tau solusinya.. Waduuuh",3,2022-07-16 19:51:17,1,
Domino's Pizza Indonesia,com.phonegap.dominos,60ded92c-e2ba-4942-aa58-a421b458f3fe,aldi febrian,Kenapa tidak bisa ke daerah panyileukan yaa dari tadi mau order cuma gabisa,3,2022-07-08 11:31:52,0,
Domino's Pizza Indonesia,com.phonegap.dominos,4ee14cf6-2caf-4c0d-9741-5ecbe34fa5a3,Dimas Bagas,area layanan tidak terjangkau,3,2022-07-05 15:55:19,0,
Domino's Pizza Indonesia,com.phonegap.dominos,01d2ed2e-2695-406b-9b7b-6529c3464357,Leon Lim,"bagian email gak bisa diisi, dna pilihan untuk online debit gak bisa diproses untuk lanjut pembayaran",3,2022-07-02 15:12:34,0,
Domino's Pizza Indonesia,com.phonegap.dominos,b5f3bb67-b23f-4174-ab61-38c3dc24723f,Agil Purnomo,"Min, mau order lewat aplikasi ngga bisa Nge lag terus",3,2022-06-30 19:58:38,0,
Domino's Pizza Indonesia,com.phonegap.dominos,76bad6da-588e-4817-9cf5-56d126b540b1,Putri Nanda Utami,lokasi saya gabisa dibaca,3,2022-06-30 15:15:18,0,
Domino's Pizza Indonesia,com.phonegap.dominos,d1b3a7c1-2c8a-4f4a-94be-99cb25624a8e,Dafa Fadillah,"Kok mau nulis alamt g bisa bisa,,knpa yaa daerah jakbar aku",3,2022-05-21 10:11:15,0,
Domino's Pizza Indonesia,com.phonegap.dominos,31d444f2-8e62-4539-9a33-5d611c98e78b,Zuko Ganteng,"Katanya garansi dalam 30 menit tapi telat, terus abang nya juga masih salah rumah padahal saya kasih alamat udah jelas",3,2022-05-16 07:10:21,0,
Domino's Pizza Indonesia,com.phonegap.dominos,60d1251e-fc00-445c-bbfa-e4076f0c24ae,Hanum Larasati Kusumodiningrat,"Tolong dong Domino, perluas area delivery. Susah bener mau pesen. Apalagi pas lagi nunggu orang sakit",3,2022-05-11 18:45:41,0,
Domino's Pizza Indonesia,com.phonegap.dominos,ee66720b-eb9a-481d-b9ea-acc43a8a1ce2,Trias Abd Rauf,Promo tidak real dan sulit di akses oleh user,3,2022-04-27 05:44:46,0,
Domino's Pizza Indonesia,com.phonegap.dominos,fef44745-cd63-4e99-b7f5-631bcfcaae8e,Sando Bacin 48,"Ndak jadi, gak ada di pekanbaru rupanya",3,2022-04-13 03:17:41,0,
Domino's Pizza Indonesia,com.phonegap.dominos,a518d443-7b35-4514-a3f2-25c8de95befc,Santoso tito,Koq tidak bisa menentukan lokasi ya ? Padahal posisi di jakarta pusat. Di jalan kemukus.,3,2022-03-25 14:29:11,13,
Domino's Pizza Indonesia,com.phonegap.dominos,eca424b8-0c19-4135-ba27-2bdede610ed1,Adi Triono,Belum tersedia di daerah,3,2022-03-05 06:41:59,0,
Domino's Pizza Indonesia,com.phonegap.dominos,c10155f6-50a1-431b-bb98-00e1740a7bc7,YUNI Wahyuni,"Awal"" D.O.sih oke tapi makin ksini koq susah buat order. Berkali"" coba D.O tapi ga bisa"" juga. Tolong dibenerin lagi ya....",3,2022-02-28 11:35:16,0,
Domino's Pizza Indonesia,com.phonegap.dominos,5f055db5-d065-4746-8c68-978f79f2fe7f,Siti,ga bs masukin alamat.percuma,3,2022-02-27 16:37:06,0,
Domino's Pizza Indonesia,com.phonegap.dominos,8a3fcd72-ae19-45a8-b31c-7f22b279d687,gabriela laura,Hari ini applikasinya mau order ga bisa ya kak?,3,2022-02-19 09:56:10,0,
Domino's Pizza Indonesia,com.phonegap.dominos,bd528b49-8ea2-4777-b4a8-f9d5a9d826aa,NINA MOM2D,sumpahh nyesel donlot domino...di ribetinnnn...ga ngerti bolak balik salah teruss.. ga tau deh sekarang ini bisa ato gaa...beda sama pizza hut mudah bangetttt,3,2022-02-11 12:08:04,2,
Domino's Pizza Indonesia,com.phonegap.dominos,fbdb7328-4ac3-419e-ac01-a0f50dfc4dd8,sigit wahyu sutanto,gak bisa antar ke rumah ku,3,2022-02-10 19:27:13,0,
Domino's Pizza Indonesia,com.phonegap.dominos,ce2c2708-0ad6-448b-a0c0-1bf8ba8db844,Bang Shaz,Ada error ga bsa di download... perbaikin Map nya...,3,2022-01-18 15:27:28,0,
Domino's Pizza Indonesia,com.phonegap.dominos,5ac35f5a-a11c-4204-aa14-6d40dc73a263,dimas Rudi,tidak bisa mengantar sampai deli serdang,3,2022-01-18 14:15:01,1,
Domino's Pizza Indonesia,com.phonegap.dominos,c14613aa-c95e-4fdd-bfe0-9c061c62ae53,Wahyu acill,tak kasih bintang 3 dulu ya,3,2022-01-07 20:20:57,0,
Domino's Pizza Indonesia,com.phonegap.dominos,d4c7316c-ce59-4f18-a390-2b82eb392049,Herniyanti Enienu,udah pesan cekout tapi gk ada kode otp nya,3,2022-01-07 16:15:28,0,
Domino's Pizza Indonesia,com.phonegap.dominos,a571e224-cd59-4909-9199-d675f84dd6c5,ratih rw,agak slow respon dari 1 layar ke layar berikutnya,3,2022-01-07 12:06:56,0,
Domino's Pizza Indonesia,com.phonegap.dominos,9049d3c1-766a-4588-b95c-7374f2275683,Fahmy Ibnu fazar,Untuk aplikasi lebih diperbaiki lagi untuk tracknya jadi ketahuan pengantarannya sudah sampai mananya. Untuk pengiriman cepat,3,2022-01-04 10:10:55,1,
Domino's Pizza Indonesia,com.phonegap.dominos,b0d3143b-3d66-40d0-ba04-618dad2623e6,tofan kris heryanto,"baru pertama coba, semoga user friendly...🙏",3,2021-12-31 09:42:12,0,
Domino's Pizza Indonesia,com.phonegap.dominos,9e430211-7cf4-4df0-bd55-a771754cbf5a,Sukmadi Muhammad Brahmantyo,Apakah perusahaan sebesar Domino tidak menyediakan pilhan untuk transfer ke Virtual Account?,3,2021-12-31 09:26:53,0,
Domino's Pizza Indonesia,com.phonegap.dominos,0a5890c7-33d7-41db-853c-584ebfb0d204,Christ_ eL,tingkatkan lg untuk smua ny,3,2021-12-29 23:42:43,0,
Domino's Pizza Indonesia,com.phonegap.dominos,b8c08743-e471-47e8-91ca-68701b002725,Selvy Arfira,Apl baik. Tapi pelayanan dominos di serang kurang baik. Instructions gapernah di gubris.,3,2021-12-26 10:07:25,0,
Domino's Pizza Indonesia,com.phonegap.dominos,8ce06761-5156-4eee-95d2-6a24c7889efc,Suzumiya Haruhi,Gk bisa masukin alamat,3,2021-12-25 08:17:27,0,
Domino's Pizza Indonesia,com.phonegap.dominos,1497d563-beed-4c61-9589-98ce7d986953,ILHAM ADITIYA PRATAMA,"Kenapa ketika mau buat akun something went wrong ,padahal sudah benar,lewat google tetap aja something went wrong",3,2021-12-22 14:44:52,0,
Domino's Pizza Indonesia,com.phonegap.dominos,b59204ab-9d27-401f-8367-798948b552dc,Eka Sofiana,Kenapa mau masukan voucher dari shopee selalu gk bisa :'( udh berkali kali dicoba ttp gk bisa,3,2021-12-13 10:42:22,1,
Domino's Pizza Indonesia,com.phonegap.dominos,fadd5a12-88ab-45c1-a4b6-6dead156ff4c,ALFIKRI FATHIN,"Banyak promo menarik untuk dirumah saja, saran saya ada sarana komunikasi antar pelanggan dan driver agar memudahkan konfirmasi alamat dan pesanan.",3,2021-11-14 17:39:23,7,
Domino's Pizza Indonesia,com.phonegap.dominos,c4b5d136-b5ea-4389-bc78-b626b79cf551,Rendy Bagus,"gimana mau pesan, daftar aja ga bisa-bisa cuma bisa buka aplikasi giliran mau daftar ga bisa",3,2021-10-27 17:39:21,0,
Domino's Pizza Indonesia,com.phonegap.dominos,e8b06242-e9b8-4bbf-8335-412a8d6cb703,Deden Nugraha,Tidak bisa sign up .. Something went wrong 🤦,3,2021-10-21 11:37:59,0,
Domino's Pizza Indonesia,com.phonegap.dominos,44553c78-b4b0-4948-9f38-953210a7d4ed,Agus Wahono,"ga bisa verifikasi, atau mungkin lama huu",3,2021-10-18 11:27:09,0,
Domino's Pizza Indonesia,com.phonegap.dominos,b0acc0f1-9b99-410e-9673-4dd8e6b4a812,Misgi Ayu Ningsih Ashfa,Kenapa gak bisa masukin alamat ya? Mohon bantuan.nya,3,2021-10-07 13:01:21,0,
Domino's Pizza Indonesia,com.phonegap.dominos,45e8dd64-ce4c-4a5d-a4cd-749c11ef734c,Edelia Tania,"saat daftar, aplikasinya error terus padahal koneksi lancar saja",3,2021-10-05 10:28:30,0,
Domino's Pizza Indonesia,com.phonegap.dominos,7b700fb6-d246-4749-818d-bdd92c870d98,Helm Karet,Vocer beli di shopee tidak bisa di gunakan,3,2021-10-04 18:12:04,0,
Domino's Pizza Indonesia,com.phonegap.dominos,7155c515-ffb6-4183-8f99-0af4fb18da7f,Tjandrawati Rahardja,ini baru pertama kali coba dominos pizza.untuk compare dengan pizza HUT.,3,2021-09-24 12:14:11,0,
Domino's Pizza Indonesia,com.phonegap.dominos,3b2578ed-34dd-4999-8e79-3acb81bdde7d,Erin S Darmawan,"Apa2aaaaan ini, aplikasi baru saja di download langsung minta update. Giliran di update gak bisa malah muter2 terus. Yg gak bagus aplikasinya atau aapanya ini?",3,2021-09-14 13:04:43,7,
Domino's Pizza Indonesia,com.phonegap.dominos,dbe845de-fa7c-42d0-b4c7-c5b719583edb,hidan Dan,belum nyoba kasih bintang 3 dulu,3,2021-09-07 16:30:12,0,
Domino's Pizza Indonesia,com.phonegap.dominos,fd06c23a-03c2-4204-8b3d-075ca899732f,fajar isnaini,"baru pertama order lewat aplikasi,tp gk ada promo🙈",3,2021-09-05 13:02:13,0,
Domino's Pizza Indonesia,com.phonegap.dominos,d2b6e1a9-5dd6-4af6-a0d4-bc897b4e0c19,Dhinda Rachmia,Ga pernah bisa order melalui aplikasi katanya tdk masuk area jangkauan padahal otlet dominos dkt banget ga smpe 2kg jaraknya kerumah,3,2021-09-04 15:44:04,0,
Domino's Pizza Indonesia,com.phonegap.dominos,0684c33c-b1e6-4a3a-81d7-0d9344ad8fb5,siti jubaidah,bintang 3 dulu y karna baru coba kalo oke nanti aq tambah 🌟🌟🌟,3,2021-09-04 13:22:41,0,
Domino's Pizza Indonesia,com.phonegap.dominos,1ce2953e-ccb7-49da-9892-06cc24c3324e,achmad hozi,kenapa alamat saya gak bisa terbaca? sedangkan gojek atau grab bsa terbaca di aplikasi mreka??,3,2021-09-03 00:39:12,1,
Domino's Pizza Indonesia,com.phonegap.dominos,3760bbd0-1299-4200-8f9b-b2dfd5fe1b25,Wie Wiwik,Dominos pizza yg enak ttpi entah kesalahan sistem atau karyawan yg dipesan pizza beda yg dtg tidak sesuai pesanan.sudah 2x begini dan pizza jg overcook jdnya keras.mohon buat karyawan lebih teliti lagi jgn smpe mengecewakan pembeli pdhl dominos pizza yg enak,3,2021-09-02 14:52:28,4,
Domino's Pizza Indonesia,com.phonegap.dominos,384c6b3b-2752-43ef-b907-29eda57370aa,Putri Kelana,coba dulu ceck,3,2021-09-01 09:05:04,0,
Domino's Pizza Indonesia,com.phonegap.dominos,0b0ae25c-e301-47f2-a75b-2c266eff6a6b,Tarining 351h,masih terlalu rumit. verifikasi tidak masuk2,3,2021-07-29 10:13:02,0,
Domino's Pizza Indonesia,com.phonegap.dominos,4b1b3b3a-ce92-4192-af11-47973f8ea208,Dyan Awilya,Saya log in kok gak bisa ya,3,2021-07-28 11:21:27,0,
Domino's Pizza Indonesia,com.phonegap.dominos,02b1f617-766b-4edf-b474-26efd178b06b,Aep Saripudin,Kasih 3 dlu soalnya belum coba,3,2021-07-18 08:51:33,0,
Domino's Pizza Indonesia,com.phonegap.dominos,243a96d9-b712-49b6-a6be-81a2e4cbf68f,Vanni Zuhrufa,"Applikasinya parah bgt. Perlu bnyk di kembangkan atau di develop. -Sy peesen byr pake shopeepay.knp bisa gk kedata. -No tlp driver aja gk d kasih. Rute pelacakannya driver smp mana aja gk d tunjukin bikin bingung, Gaada layanan chat sm drivernya, kl smp pesenan nyasar gmn.",3,2021-07-17 20:04:51,0,
Domino's Pizza Indonesia,com.phonegap.dominos,05226d4a-2200-43b4-9477-9c859919e4c9,Yusi Yusuf,Ga bisa pesan... pilihan pengantaran ga bs diklik,3,2021-06-27 18:39:33,0,
Domino's Pizza Indonesia,com.phonegap.dominos,92554b8e-4518-4cca-89c5-60c9660e0173,winman -,"wah ndk jelas nih,,saat mau order beberapa paket yg promo ,terutama tuk first customer ndk bs ,kl mau buat promo yg jujur dong,maaf ya",3,2021-06-16 12:45:22,0,
Domino's Pizza Indonesia,com.phonegap.dominos,c0132578-d467-4190-848a-5210897deb25,Odie Sandi,mau order online pas pengantarannya ga bs ke alamat saya.parahhh,3,2021-05-31 11:19:08,0,
Domino's Pizza Indonesia,com.phonegap.dominos,b7ff39e4-f5bd-4720-ae5f-8f5fc65333f1,Zidni Rizky,"Saya mesen 1 order, malah jadi 2. Cancell tolong, aplikasinya ada bugnya, harap konfirmasi",3,2021-05-30 09:45:21,0,
Domino's Pizza Indonesia,com.phonegap.dominos,70c5c76b-bd1b-4707-a112-c028b2a0aff4,Ahmadi Syamsuri,"Pizza lumayan enak sih,cuman setiap order hrus tunggu krng lbh 2 jam/ orderan😄",3,2021-05-29 22:53:30,0,
Domino's Pizza Indonesia,com.phonegap.dominos,35762ade-0ea4-47bb-8ddb-eeedfdca24b8,WHITE STAR LINE CRUISES COMPANY WHITE STAR,aplikasi sudah bagus tapi pilihan menu nya diperbanyak,3,2021-05-27 14:44:28,0,
Domino's Pizza Indonesia,com.phonegap.dominos,cedd3655-2be7-4f0a-a03c-241a7502c45b,Yanti 234,Bagus banget aplikasinya,3,2021-05-22 21:48:26,0,
Domino's Pizza Indonesia,com.phonegap.dominos,f79dc380-c518-462f-87cb-8f61aec07eec,jcw nct,"Pas saya near by ke Medan, storenya kok ga ditemukan ya? Apa belum ada di aplikasi ya utk Medan? Mohon infonya",3,2021-05-19 10:37:24,0,
Domino's Pizza Indonesia,com.phonegap.dominos,fb3a5d2f-c937-46d4-bdb8-1dcb80b0918c,Raffa Hijab,"Saya coba order via aplikasi kok gak bisa ya, udah masukin alamat trus klik place order, abis itu muter gitu trus balik lagi ke pemesanan.",3,2021-05-16 09:53:54,0,
Domino's Pizza Indonesia,com.phonegap.dominos,9102d321-6ba8-4a2a-99a3-bd80ba58b2ef,Yuli Bintang,"Dlu susah cek out skrg delivery g bisa Krn jarak,, pdahal jarak nya ga jauh² amat ....",3,2021-05-14 12:08:40,0,
Domino's Pizza Indonesia,com.phonegap.dominos,7bcb77bd-bfc1-4860-a24b-2c7d0f5fedbf,Antonius Bere,untuk sementara bintang 4 dulu kalo bagus service dan kualitas dikasi bintang 5,3,2021-05-13 14:15:51,0,
Domino's Pizza Indonesia,com.phonegap.dominos,33661752-9278-445c-ba89-6870d961ffef,Firdha Ramadhani,"baru coba awalnya zonk. ini lagi nunggu, nyampe ngga pizzanya . thankyou",3,2021-05-01 18:31:12,0,
Domino's Pizza Indonesia,com.phonegap.dominos,39bd492e-2ce8-4ca6-a8b5-3654e3add4cb,Fajar Muttaqien,sedikit rumit pesan dan input alamat pemesannya.,3,2021-04-30 17:14:07,0,
Domino's Pizza Indonesia,com.phonegap.dominos,36b81eaf-41c6-42e3-bfc7-f5c758521377,Ria,Riwayat pemesanan tidak ada,3,2021-04-28 05:07:57,0,
Domino's Pizza Indonesia,com.phonegap.dominos,82fe9570-0735-4045-97df-9628ec14b89b,Murti Novi Anggraeni,klo bayar pakai gopay atau shopee ribetnya innalillahi zbl,3,2021-04-24 20:34:02,0,
Domino's Pizza Indonesia,com.phonegap.dominos,da5efb62-453e-44a2-aee1-5117e59c788f,Budi Nita,"Setiap pilih delivery untuk pemesanan nanti, selalu muncul notif kalo lama pemesanan tidak boleh melebihi 7 hari 😅🤭 maksudnya gimana itu?",3,2021-04-16 16:14:58,1,
Domino's Pizza Indonesia,com.phonegap.dominos,bafe488e-20f3-46af-b197-4bc64177601b,3RRR Familiar,"Aplikasi makin sini makin jelek,masa di buka habis itu keluar sediri belum sempet ngapa-ngapain",3,2021-03-27 19:05:11,0,
Domino's Pizza Indonesia,com.phonegap.dominos,70b8f726-28a6-479d-b900-515ced8c5440,Riyan Saputra,"Gimana dah ini masa force close terus, tolong cepat diperbaiki",3,2021-03-27 12:25:34,0,
Domino's Pizza Indonesia,com.phonegap.dominos,2adf982d-b527-4b96-880a-84f1a43c3569,Rahmat Saputra,Ko buka aplikasi keluar sendiri ya.pas dah di update.knp ya min,3,2021-03-27 10:58:10,0,
Domino's Pizza Indonesia,com.phonegap.dominos,0807ab1d-d21c-4077-b2d9-16b1eb21150e,Okky tria kurniadi,"gak jelas jaraknya, katanya under 5 km biasa free delivery. ini cuma 3,4 km (di gmaps) gak bisa",3,2021-03-21 18:01:16,1,
Domino's Pizza Indonesia,com.phonegap.dominos,3aae6c51-5ec8-4074-a3df-cbdd99389a1c,Lilis Setiowati,Ga bs buat delivery,3,2021-03-19 17:58:21,0,
Domino's Pizza Indonesia,com.phonegap.dominos,08a216a6-c122-406e-99da-c83ae0ecbea1,David Lutviantoro,Google tracker nya tolong di benerin soalnya gk bisa di pilih lokasi kita sendiri & alamat yang di tunjuk salah,3,2021-03-16 16:27:35,0,
Domino's Pizza Indonesia,com.phonegap.dominos,64d495eb-11f6-4019-ab2b-94172c5fb70a,Ainiya Rohmawati Sholihah,"Baru pertamakali Oder, saya tulis alamat sudah sesuai. Tapi tiba2 berubah ditempat lain, tidak bisa diubah, entah ini nanti sampai apa tidak, saya sudah email konfirmasi alamat yg benar supaya kurir tidak salah alamat. Tolong sistemnya agar diperbaiki.",3,2021-03-07 19:40:00,14,
Domino's Pizza Indonesia,com.phonegap.dominos,d258285f-7a92-4017-89b5-a6ec3d3cc7f9,Siti Rahmah Dwi Octavia,"Agak kurang membantu aplikasinya, lebih mudah pesan di aplikasi tetangga gof**d. Tracking delivery jg seperti tidak terpakai.",3,2021-03-05 18:58:48,0,
Domino's Pizza Indonesia,com.phonegap.dominos,8ea934d5-f7f5-43a3-a170-774a32558012,bayu satria wigata,Aplikasi nggak becus nggak bisa digunaka nge bug terus UPDATE : ORDER KETINGGALAN DAN SALAH NGGAK ADA KEMBALIAN Update : nvm my food came lmao 😳,3,2021-03-01 19:43:13,0,
Domino's Pizza Indonesia,com.phonegap.dominos,8ab862a6-883f-43a5-9313-1362f129e7b5,Uchiha official,"Kak, ini gimana ya? Saya kan mau order tp malah alamat saya di luar jangkauan pengiriman. Mohon di perbaiki apknya. Sebenarnya udah bagus apknya kurang di jangkauan delivery nya aja",3,2021-02-24 12:20:40,10,
Domino's Pizza Indonesia,com.phonegap.dominos,aca0bd77-a755-4926-a308-1d426e8ba0bd,Daffa Mahardika,"lemah di alamat ngaco, pesanan tidak bisa di batalkan",3,2021-02-21 10:43:58,0,
Domino's Pizza Indonesia,com.phonegap.dominos,0c44bc8a-ccf4-425b-a41f-2e52e08d3358,Tika Gestaviani,"Tolong dong zona pengirimannya diperluas masa masih satu kota/kabupaten aja gak ke jangkau padahal cuma 3km jaraknya, sayang banget kan udah transfer malah direfund jadinya sy pake ojol",3,2021-02-16 14:51:25,1,
Domino's Pizza Indonesia,com.phonegap.dominos,b8043f39-75f9-4459-b4f4-a14a8d4416f0,Bunda Miha,baru coba pesan,3,2021-02-07 13:06:51,0,
Domino's Pizza Indonesia,com.phonegap.dominos,7e282751-0122-4f87-aa7e-ed10e1bfcd7e,Herman Susanto,selalu kga bisa dapet promo pertama,3,2021-02-05 18:51:54,0,
Domino's Pizza Indonesia,com.phonegap.dominos,7f39cea2-d2d7-44ba-8fe7-d8a2c01e28f8,Robby Farhan,"Belum tau, cuma baca dari komentar koq gitu,, baru mau pesen.. Baru download.. Mending dateng langsung aja lah",3,2021-01-30 10:57:48,0,
Domino's Pizza Indonesia,com.phonegap.dominos,2fec5957-ee22-47f7-a942-0c684a56fc84,usman khan,Pesan jd susah hadee mn,3,2021-01-25 09:56:36,0,
Domino's Pizza Indonesia,com.phonegap.dominos,b7b3ac9b-afc0-4824-8207-17b92f0834c8,Suratinah Ningsih,masa tidak mencapai jangkauan wilayah padahal dekat dengan mall,3,2021-01-24 20:02:57,0,
Domino's Pizza Indonesia,com.phonegap.dominos,9d55f620-efcc-4e6b-a2d1-279f76a1386c,Maryam Lisyarofah,Belum terlalu faham,3,2021-01-23 15:06:51,0,
Domino's Pizza Indonesia,com.phonegap.dominos,aa39ddb9-53b5-4adb-ba78-d3cc6df8fecc,Dede Kurnia,"Titik biru selalu meleset ketika memesan online via aplikasi dominos . Diperbaiki , SARAN LEBIH BAGUS SEPERTI VITUR OJEK ONLINE .",3,2021-01-09 15:45:07,0,
Domino's Pizza Indonesia,com.phonegap.dominos,6da19abd-8208-4237-a932-3d964c46acf7,Indra Zefrianto,"Baru tgl 22 des kmaren minta up date sekarang 25 des sdh minta up date lagi, diperbaiki dong jangan terlalu sering gitu",3,2020-12-25 08:59:01,0,
Domino's Pizza Indonesia,com.phonegap.dominos,a384bae3-1113-49c0-af3b-06e2dc4033d7,Dini Aripianty09,Aduuh mau daftar knpa ga bisa² yaa.. kode OTP via sms ga muncul² . Hmmm Pdhl sngja download pngn coba order lwt apk nya lgsg .,3,2020-12-19 18:21:17,0,
Domino's Pizza Indonesia,com.phonegap.dominos,5c48e1d0-1984-4d8a-a891-374ed533ddeb,Usep Zakaria,Alamat via maps tidak akurat,3,2020-12-19 12:05:32,0,
Domino's Pizza Indonesia,com.phonegap.dominos,38bb141f-5daa-4d5e-8e33-79af93742e17,Ulin Ni'amah,saat pengiriman otp susah dan lama,3,2020-12-15 15:12:33,0,
Domino's Pizza Indonesia,com.phonegap.dominos,2d9993cc-8793-4394-ba11-69bd2fd1e4ee,Lala Syafa,susah sekali setiap mau pesan,3,2020-12-14 13:51:02,0,
Domino's Pizza Indonesia,com.phonegap.dominos,17e6fabd-d910-4e06-ab7a-01b3a87df4f8,phi noe,Oke barusan di telpon sama resto nya.. tapi aplikasi nya masih kurang nih.. harus perbaiki.. masalah pembayaran kan sensitif.. mana CS nya nggak online.. saya kan panik..,3,2020-12-13 18:51:35,1,
Domino's Pizza Indonesia,com.phonegap.dominos,c88c5d17-2741-4945-8fa8-b5bc3fd30013,Setiawan Rakhmadi,Ah ga bener giliran harbolnas malah susah mesen gagal terus padahal tinggal checkout,3,2020-12-12 20:42:39,0,
Domino's Pizza Indonesia,com.phonegap.dominos,be4b945d-d936-4d31-b071-397cabbcb59b,NOEL AJA,aplikasi suka error,3,2020-12-12 13:37:17,0,
Domino's Pizza Indonesia,com.phonegap.dominos,ed215ad6-fba1-4551-b290-fb1a96600946,Adol Kpj,"Coba dong,promo yang 1k,di adain lagi,kan lumayan wat keadaan kyk gini,,hdup serba susah efek corona,kl ada promo murah kan lumayan wat ngeringanin.kenapa cuma sebentar promo pizza manianya yang 1k",3,2020-12-10 22:00:21,3,
Domino's Pizza Indonesia,com.phonegap.dominos,f93596ca-d616-49b0-8503-34be4e73fc49,Hesty Ramadhani,"Terlalu sering update, gatau kenapa, padahal udah habis diupdate 🤔",3,2020-12-04 17:28:29,0,
Domino's Pizza Indonesia,com.phonegap.dominos,85d76dfa-4bac-4b0d-985d-bab9c7b175d3,Irfan Irawan Sukirman,Sementara bintang segitu dl ya. Apps nya stuck di Splashscreen. Hape saya Samsung A50 Android10. Terima kasih,3,2020-11-30 13:42:25,1,
Domino's Pizza Indonesia,com.phonegap.dominos,ffe7cdb1-a308-4187-9314-85678b042fa0,Ahmad Syahril Azis,"Ketika Mulut Gk Berhenti Ngunyah (Krauk Krauk Krauk) Bukan3× Karna Masa Pertumbuhan Tapi"" Lebih Karna Gigi Yg Bolong Pipi Kiri Itu Udah Gk Kerasa Sakit Oh Yaaa Iya Dooonk'z + Perubahan Cuaca. #Stock_Persediaan_Cemilan",3,2020-11-28 13:29:18,0,
Domino's Pizza Indonesia,com.phonegap.dominos,5494d23b-99aa-4700-acb3-d2785cc87364,Okta Tri dewantoro,Bug promo 1k pizza,3,2020-11-22 10:12:14,0,
Domino's Pizza Indonesia,com.phonegap.dominos,84fabc59-23f9-410c-9396-57961a5d9780,Achan Nofriandy,Harus diperbaiki app nya..untuk ngebuka aja..prosesnya lama bgt..ditambah lgi saat tiap kita pilih menu di app masih loading lagi..udah bete duluan seblm pesen..untuk menu sm tampilan udah ok.cm ua itu kebanyakan loadingmelulu,3,2020-11-18 09:57:24,1,
Domino's Pizza Indonesia,com.phonegap.dominos,adbe5fca-7304-4120-a726-a9626ea35195,Bayu Pratama,Kok pas mau buka aplikasi nya lemot? Mau order delivery malah tulisannya alamat tidak ditemukan,3,2020-11-17 10:53:47,1,
Domino's Pizza Indonesia,com.phonegap.dominos,95b7afe5-2803-444c-bad1-98e61f3a47de,Arie Akbarie,"Sudah pilih menu, sudah ada total yg harusa dibayar plus PPN sudah ada alamt lengkap, pas klik order malah harus pilih cara belanja, padahal sudah di klik, pembayaran Cash On Delivery, coba tututp aplikasi, buka lagi.. sammmaaa gitu juga kendalanya, makanan udah kebayang tapi ga bisa pesan.. paarrraaahhhhh",3,2020-11-16 15:55:53,4,
Domino's Pizza Indonesia,com.phonegap.dominos,27470517-e074-462f-acdf-0095fdfa5832,Adi Yadi,Aplikasi eror gak bisa di upgrade,3,2020-11-15 20:37:11,0,
Domino's Pizza Indonesia,com.phonegap.dominos,76a4e4e0-ddd9-480d-9dc6-3cecdc017972,Indah Vibr,"Padaha Deket dr rumah GK Sampek 1 km, kena ongkir blom Sampek batas maxsimum order.",3,2020-11-10 22:14:18,0,
Domino's Pizza Indonesia,com.phonegap.dominos,e5b1f192-2e94-4802-a907-593e4f5a2e7b,Ramdan,Aplikasi hari ini tidak bisa masuk apakah sedang offline?,3,2020-11-07 10:32:21,0,
Domino's Pizza Indonesia,com.phonegap.dominos,068d3b6b-9c39-43d6-82a5-92d649d7d327,Rezha Noor Fauzi,Mohon untuk aplikasinya di tingkatkan lagi. Loadingnya lama banget,3,2020-11-07 00:17:22,0,
Domino's Pizza Indonesia,com.phonegap.dominos,68f9b27e-e6f9-4123-898e-6e5809def33c,Lisna Sari,Gk bisa daftr lewat fb ribet amat si,3,2020-11-02 15:08:18,0,
Domino's Pizza Indonesia,com.phonegap.dominos,b868fee5-68e8-4b78-9793-9d21208ee9ae,Vania Zahira,Kok tumben... Ga bisa order min... Slalu ngilang mulu... Pdhl biasanya lancar2 aja... Tolng diperbaiki apl nich,3,2020-10-31 10:06:39,0,
Domino's Pizza Indonesia,com.phonegap.dominos,a46e2d13-d44a-48a4-9129-29f6ddd35107,ahmad ibrahim baim,baru nyoba tar klu pesenan saya berhasil sya tambah lg bintangnya,3,2020-10-31 05:30:07,0,
Domino's Pizza Indonesia,com.phonegap.dominos,2667b1ff-3d7a-45fd-bbf5-94f777454472,Aqifah Aqifah,baru mau coba klu dah berhasil order saya tambahin bintangnya,3,2020-10-31 05:26:12,0,
Domino's Pizza Indonesia,com.phonegap.dominos,93ae864d-ceeb-4683-9b84-8de166736e10,zussama sillasyap,"Mohon bantuannya, cara masukan voucher discount gimana ya?",3,2020-10-10 15:22:29,0,
Domino's Pizza Indonesia,com.phonegap.dominos,c3857e2c-fef8-403a-a06f-5e15fb9b00d0,Boeng Koes,"Ini domino knp ya,ko ga bs dibuka.... proses hanya sampai 40% doank terus gagal....coba tolong perbaiki",3,2020-09-26 17:58:42,0,
Domino's Pizza Indonesia,com.phonegap.dominos,ef2b3890-8ca8-43e0-b62f-77800f1cbd0b,ahmad fauzie,"Ada bug saat daftar, mohon di cek dan perbaiki!",3,2020-09-26 11:09:57,0,
Domino's Pizza Indonesia,com.phonegap.dominos,154888c7-3958-4793-85e1-7d05700c2f0b,Gilang Ady Sulistyo,"Sekarang, sering terhenti 40% pada saat masuk aplikasi",3,2020-09-15 16:38:45,1,
Domino's Pizza Indonesia,com.phonegap.dominos,555e01ea-a052-48fe-a62a-788b387618f9,melati ginting,"Ngga bisa delivery, alamat tidak di temukan",3,2020-09-12 17:20:55,0,
Domino's Pizza Indonesia,com.phonegap.dominos,b00ebcbe-66a9-4c3b-b016-cd23b94b4d56,Marlin ShiHoo,"Sudah download tp ga bisa free delivery..PERCUMA. Dah dicoba berkali-kali tp bilangnya ""adress not found"" 😅 Bilang saja kl tdk bisa delivery..bisanya taake away saja. Aplikasinya perlu diperbaiki lagi ya.",3,2020-09-09 18:39:32,5,
Domino's Pizza Indonesia,com.phonegap.dominos,dbfcadbd-4fa8-49d5-9436-126b30862204,Ika Dewi Permatasari,"Untuk pelayanan delivery cepet sampe,apalagi klo butuh malem hari,cuma agak kecewa sii sudah order di keterangn untuk topping jgn pake saus/bubuk cabai eeeh masih aja dikasih.. Padahal buat anak kecil,alhasil ngamuk2 tuh bocil🤦 Tolong kokinya lebih teliti dan bagian proses pesanan lebih jeli ttg order cs..ud sering bgt begini..iiisshhh kesel sii tp mau marah ke kurir bukn dia yg salah.padahal anak sy lbh suk domino drpd yg ditoko sebelah. Tolong lah pelayananya di tingkatkan",3,2020-09-06 21:37:35,0,
Domino's Pizza Indonesia,com.phonegap.dominos,a4843903-5804-4f64-b7fd-e964c1173008,Rara Endarmawan,Susah banget masuk keaplikasinya ga bisa2,3,2020-08-26 18:53:46,0,
Domino's Pizza Indonesia,com.phonegap.dominos,5b13afe1-09aa-4599-835e-459f8613626f,Farsyila,"Tolong diperbaiki aplikasinya buat masukin alamat gk bisa trus, jd saya harus tlp ke dominos buat dianter kerumah. Kenapa semakin kesini aplikasinya tambah eror",3,2020-08-16 21:32:30,2,
Domino's Pizza Indonesia,com.phonegap.dominos,6196286c-3a27-477e-9e68-ec8324991c32,Nida Alfianurlaeli S,Aku dr kmrn masukin alamat ga bisa trs bingung katanya ada free delivery tp alamatnya ga bisa digunakan trs enakan beli di yang lain kalau gini mah kyanya perbikin aplikasinya deh semoga makin hari makin bagus ya aplikasinya biar bisa pesen...,3,2020-08-05 06:45:40,0,
Domino's Pizza Indonesia,com.phonegap.dominos,e5c4e573-db99-4625-854c-1c980a77d426,FMR,Sudah lebih baik namun masalah tetap pada bagian mengisi alamat pengiriman,3,2020-06-30 09:38:56,1,
Domino's Pizza Indonesia,com.phonegap.dominos,0bbba18d-e3cd-4808-939d-07a5afddcd3d,A 01,Sudah klik alamat tapi kok nggak bisa2 ya. Jadi saya nggak bisa order ini. Duhhhhh....😓,3,2020-06-27 10:32:19,1,
Domino's Pizza Indonesia,com.phonegap.dominos,86fa7dd0-05b3-434e-8846-3b356d99dc49,Pandya Cakrawangsa,Kok domino kota wisata gak ada ya,3,2020-06-24 07:04:25,0,
Domino's Pizza Indonesia,com.phonegap.dominos,23985a18-c2f7-479e-9cbf-269e84f4f53a,Inas Izzati,Tolong perbaiki aplikasinya.. belum saya konfirmasi pesanan tiba tiba terpesan dan teroder. Saya ga tau pesan dimana? Saya ga tau order varian nya apa sudah terpesan aja. Untung aja pegawai nya disana konfirmasi/ telpon ke kita. Dan biasanya saya pesan fine fine aja. Enakan aplikasi yang dulu jarang eror,3,2020-06-20 13:33:22,5,
Domino's Pizza Indonesia,com.phonegap.dominos,ce9492ee-050a-4171-a698-6744a4ac509b,Pengguna Google,Jangan keseringan update... Jadi males buka app... Kalo bisa jangan maksa pengguna harus update... Kasih opsi lain kali atau sekarang... Mudah mudah update.an yg terakhir ini... Kalo update lagi langsung un instal... Semua temen gua juga suruh un instal dan gak bakalan order dominos lagi.. Biar bangkrut..,3,2020-04-22 14:30:41,19,
Domino's Pizza Indonesia,com.phonegap.dominos,2821a6fc-488c-46de-bcc3-843407611155,Pengguna Google,Kok di Banjarbaru belum ada sich? Unch unch,3,2020-04-17 19:02:57,1,
Domino's Pizza Indonesia,com.phonegap.dominos,8063ceca-71e9-4542-80f0-84c9c4a9f036,Pengguna Google,"Baru bln kemarin d update bulan ini minta di update lagi ms hrs d update tiap bln, saya uninstal aj deh nanti klo pengen pesennya lewat ojol aj.",3,2020-04-16 22:45:01,2,
Domino's Pizza Indonesia,com.phonegap.dominos,b4179bc4-76b4-44f2-8f6d-5d688d71aa63,Pengguna Google,"mohon maaf, untuk titik peta agak kurang tepat kalo bisa diperbaiki, akhirnya pilih titik yang agak deket dari rumah, kita orang cuman takut salah sampe, nanti dibilang dikerjain lah , order fiktif kah",3,2020-04-15 20:59:58,5,
Domino's Pizza Indonesia,com.phonegap.dominos,e412e4f4-320a-4e75-bc43-d7a46349d1ea,Pengguna Google,Kode aktivasinya ga masuk2 padahal udah dicoba berkali kali,3,2020-04-06 17:55:37,0,
Domino's Pizza Indonesia,com.phonegap.dominos,b05e9d5e-33d2-4884-96f5-7e05b6663acb,Pengguna Google,"Payah, ga bisa buat pesan. Map loading muter2 dan gagal lock. (sinyal 4G dan full) Jadi ga bisa pesan. Tolong segera diperbaiki, kalo mau laku loh...",3,2020-04-02 18:26:06,2,
Domino's Pizza Indonesia,com.phonegap.dominos,671f3bc9-fc41-4d04-9f95-553dc51a725a,Pengguna Google,Ini apk bagus tp suka nge blank dan kdg2 alamat ny susah bgt buat carinya.. Tlong donk diperbaiki klo tiap kali masih gini terus aku turunin rate ny... Klo makin bagus aku naikin rate nya.. Ok mkasih,3,2020-03-29 19:30:40,1,
Domino's Pizza Indonesia,com.phonegap.dominos,0439f48c-035b-4054-8cac-26521072d596,Pengguna Google,"Sepertinya buat kita yang gabisa order meskipun udah keluar alamatnya gara"" daerah kita terlalu jauh sama storenya,, saya pun juga gitu waktu pemgirimannya kerumah saya. Tapi, waktu ganti alamat ke kost saya yang memang jaraknya sekitar 5km dari store itu bisa"" saja. Jadi untuk domino's mohon diberi deskripsi kalau free delivery ada batas km pengantarannya,terimakasih🙏🏽🙏🏽",3,2020-03-27 10:14:56,2,
Domino's Pizza Indonesia,com.phonegap.dominos,d31f68eb-d6a9-4d1d-a88a-acbcd7c69d42,Pengguna Google,"Ini gimana sih aplikasi nya org udh ksh email yg bnr trus tunggu di ksh kode aktivasi ke email, eh mlh gk di ksh"" sma dominos nya trus mau daftar ulang pake email yg sma gara"" gk di ksh kode mlh gk blh. Gmn sih, perbaikin lgi dong !!!",3,2020-03-25 14:16:43,3,
Domino's Pizza Indonesia,com.phonegap.dominos,9e384852-a66b-471e-959b-85c97197fe58,Pengguna Google,"Untuk Market/Tokonya di perbaiki lagi dong.. Masa pesanan blm sampai dikira sudah.. Untung tokonya nyantumin no tlp di aplikasi.. Alasan dari kurir nomor hp saya ga aktif dan gatau alamat. Padahal alamat rumah di komplek.. Nunggu lama akhirnya dateng pas dateng lebih 30menit gadpt cashback? Coba kalau ga di tlp, dimakan sendiri kali :v... Aplikasinya bagus tapi Orang Toko/Cabang nya yg ngeselin",3,2020-02-25 22:53:36,3,
Domino's Pizza Indonesia,com.phonegap.dominos,e89180fc-b7ca-40e5-9b39-e68edbc4c73a,Pengguna Google,Sulit sekali untuk.menentukan titi,3,2020-02-10 18:32:36,0,
Domino's Pizza Indonesia,com.phonegap.dominos,58f78153-f543-4f82-bd6d-fb78ba4c879d,Pengguna Google,Ga bisa kirim pesanan ke kerabat di alamat yg berbeda dengan posisi kita ya? Kalau aku lg di kantor mau kirim pesanan tuk anak ku di rumah ga bisa deh. Mohon di rubah tuk alamat pengiriman gan. Biar fleksibel bisa kirim ke kerabat,3,2020-01-30 08:45:14,5,
Domino's Pizza Indonesia,com.phonegap.dominos,7e54f8c4-623c-4fc9-a935-818849eecb1e,Pengguna Google,Gk jelas udh di pesan jam am sm tp kata ksrnya gk msk ke pesanan ya jd harus nunggu lg,3,2020-01-26 18:37:53,0,
Domino's Pizza Indonesia,com.phonegap.dominos,b7f38526-7ad0-4410-8a3e-1488af3cd6e1,Pengguna Google,Apakah ini bisa bayar di indomaret,3,2020-01-14 18:41:31,0,
Domino's Pizza Indonesia,com.phonegap.dominos,c7a2fc63-3f1e-4f0d-9f85-4caf02f59ffa,Pengguna Google,Susah kalo mau free delivery. Appnya gk bisa detek alamat. Oneng aja kyk hang..,3,2020-01-12 17:54:22,0,
Domino's Pizza Indonesia,com.phonegap.dominos,0cdc16ba-1ed6-4a89-9042-a43106b18086,Pengguna Google,"Perdana order via aplikasi, proses pembuatan lamaaa, status belum berubah sudah hampir 1jam. Lbh enak pake ojek online walopun harus keluar ongkos kirim. Ga cocok untuk yang sedang kelaparan.",3,2020-01-01 15:57:45,2,
Domino's Pizza Indonesia,com.phonegap.dominos,a3636a22-ee88-4e0b-a3b4-75bb4454a8fc,Pengguna Google,"Tolong diperbaiki dlm pencarian alamat kirim, kami kesulitan utk mencari dan simpan alamat kirim. trm.ksh",3,2019-12-30 14:59:16,1,
Domino's Pizza Indonesia,com.phonegap.dominos,9bd0fb8a-0840-4952-90f5-006cab12d4f9,Pengguna Google,Ini sangat hebatt👍🏻,3,2019-12-28 15:48:12,0,
Domino's Pizza Indonesia,com.phonegap.dominos,6e010a3f-a21e-4744-8945-7ff3daf48a9c,Pengguna Google,"Kurang memuaskan, susah banget untuk menentukan alamat.",3,2019-12-25 19:31:36,0,
Domino's Pizza Indonesia,com.phonegap.dominos,779e08e9-7129-42a3-b4c0-8f3b5a19e299,Pengguna Google,"Baru saja download... Pas mau order, click itemnya error auto banned, ke block sendiri.. lsg keluar ke layar utama.. Mhn diperbaiki",3,2019-12-25 11:02:18,2,
Domino's Pizza Indonesia,com.phonegap.dominos,58996401-13b7-4ff7-b19a-99d2f6ec7372,Pengguna Google,Setelah pembaruan malah jadi ngaco aplikasinya ga bisa pilih menu.. keluar mulu mohon utk diperbaiki lagi.,3,2019-12-20 14:19:01,1,
Domino's Pizza Indonesia,com.phonegap.dominos,271170ae-cf36-4fd0-a7fa-d130578c685a,Pengguna Google,Kenapa aplikasi ini terus berhenti?,3,2019-12-20 10:42:19,1,
Domino's Pizza Indonesia,com.phonegap.dominos,e62f9a0c-dad4-4fdf-a8c5-4acf88eac7f7,Pengguna Google,Aplikasi terus berhenti secara tiba tiba,3,2019-12-18 12:07:03,1,
Domino's Pizza Indonesia,com.phonegap.dominos,c27a193d-1c6e-4be5-a639-6b00897cadf5,Pengguna Google,"Menu yg singkat Mohon untuk pengembang aplikasi ini,, agar untuk dikembangkan lagi menu dalam aplikasinya... Jangan terlalu singkat,, buat agar konsumen betah berlama lama dalam aplikasi sehingga fungsi dari aplikasi ini sesuai... Masa mau nulis alamat saja secara manual tidak bisa... Sementara secara otomatis tidak terbaca... 🤔🤔🤔. Mungkim bisa ambil contoh dari e.commerce yg lain... Trima kasih",3,2019-12-12 23:14:10,13,
Domino's Pizza Indonesia,com.phonegap.dominos,e9f0fb2d-ba76-438b-bf12-ac5921c2d0cb,Pengguna Google,Susah make nya jadi saya hapus,3,2019-12-09 18:40:59,0,
Domino's Pizza Indonesia,com.phonegap.dominos,82c53ef9-b9f7-4cf7-aeef-bb7fb1101513,Pengguna Google,"Kenapa gak bisa masukin alamat.. Mau order jadi susah, tlg di bantu",3,2019-12-05 12:57:36,0,
Domino's Pizza Indonesia,com.phonegap.dominos,0dd8114b-5bbd-45ca-90af-ef9ecce22d3c,Pengguna Google,Aplikasinya sering terhenti pas mau order,3,2019-12-01 11:13:06,0,
Domino's Pizza Indonesia,com.phonegap.dominos,5828b62a-8ab0-4491-957e-5d389e189f59,Pengguna Google,sampe pengiriman nya luama.. padahal jarak ke rumah ngga terlalu jauh. tolong management waktunya diperbaiki.,3,2019-11-23 13:02:45,1,
Domino's Pizza Indonesia,com.phonegap.dominos,ee91913a-6eb1-4ebc-b1d5-a1e281325890,Pengguna Google,"Saya mau delivery pizza melalui app.. Cm waktu masukkan alamat itu susah banget, padahal sdh muncul nama jalan dll tp diklik g bisa.. Cb cari via gps jg g bs 😕 Tolong dong info apa cm saya yg g bs atau gmn.. Makasih",3,2019-11-22 18:38:36,10,
Domino's Pizza Indonesia,com.phonegap.dominos,8120b26c-b8b9-4d6f-9ff9-9930512fafdc,Pengguna Google,Deliverinya sangat ramah dan sangat cepat,3,2019-11-22 17:32:22,0,
Domino's Pizza Indonesia,com.phonegap.dominos,96ef52ad-2af6-445b-b50a-456f98e46b05,Pengguna Google,"Tolong dong aplikasinya segera diperbaiki, ini saya ingin memesan trus-menerus keluar tiba2 dari aplikasinya.. Dan juga jangkauan pengiriman tolong agar bisa ke jatijajar simpangan depok. Terima kasih",3,2019-11-17 13:10:49,5,
Domino's Pizza Indonesia,com.phonegap.dominos,26302307-f497-4f33-8bed-c09c1b2c9d24,Pengguna Google,kasih 3 dulu klo banyak promo baru 5,3,2019-11-16 14:14:50,0,
Domino's Pizza Indonesia,com.phonegap.dominos,3dd093d3-f9e3-4591-9144-31de8dc2ac0a,Pengguna Google,kenapa si aplikasi...metode pembayaran dana jadi hilang...,3,2019-11-09 10:30:31,0,
Domino's Pizza Indonesia,com.phonegap.dominos,93b1c8ce-76d6-42db-bf99-076370df4ee2,Pengguna Google,Mau order online pake DANA kok gak ada pilihanya ya min.. padahal order pertama ada pilihan pake dana.. gimana min mau order nih gara2 anak liat iklan di tv...,3,2019-11-06 16:29:52,0,
Domino's Pizza Indonesia,com.phonegap.dominos,cdb30867-f77c-43a9-b5b6-9f5b7e159786,Pengguna Google,Metode pembayaran dengan Dana kok ga bisa?,3,2019-10-25 13:14:39,0,
Domino's Pizza Indonesia,com.phonegap.dominos,ba5b1f80-3165-4e1f-afab-4a057e7e9aa1,Pengguna Google,"Belum bisa digunakan, telpon ke call center berkali-kali juga belum berhasil terhubung. Barangkali ada yang bisa bantu?",3,2019-10-24 16:36:20,0,
Domino's Pizza Indonesia,com.phonegap.dominos,1add4136-61f5-4d1e-af83-566aeece2a2c,Pengguna Google,Terima kasih go pay saya telah dikembalikan...CSnya fast respon sekali..sore komplain by email malam langsung dihubungin langsung..aplikasinya mohon ditingkatkan servernya..👍,3,2019-10-21 15:32:32,2,
Domino's Pizza Indonesia,com.phonegap.dominos,bf6c1644-e52f-4688-9b8d-bb2af41687d2,Pengguna Google,"Fast respon, pelayanan baik.",3,2019-10-13 16:24:39,0,
Domino's Pizza Indonesia,com.phonegap.dominos,1d0a99fa-3e2f-41a3-905a-41c754c24ece,Pengguna Google,Kmrin beli pk dana vouchernya ngk bisa dipake,3,2019-10-13 11:45:43,0,
Domino's Pizza Indonesia,com.phonegap.dominos,d9111823-6ce2-4bfc-a301-85db2d44951d,Pengguna Google,Saya lupa memilih tempt untuk memesanya pakai dana uangnyapun telah kepotong bagaimana itu lumayan nyesek uang saya ilang 200,3,2019-10-05 12:48:02,0,
Domino's Pizza Indonesia,com.phonegap.dominos,bfdd8bcc-0cfa-4f43-b94c-3f790351e179,Pengguna Google,"Tolong buka di medan donk. Udah ter-ngidam pengen pizza domino's. Udah lama kali ga makan pizza domino's semenjak pindah dr jkrt ke medan. Please buka cabang di medan ya. Terima kasih. Nanti kalau udah buka cab di medan, saya kasih bintang 5 ya. Skrg bintang 3 dlu.",3,2019-09-25 23:13:10,0,
Domino's Pizza Indonesia,com.phonegap.dominos,72c39534-f687-4656-8b2c-bdfec9b1b2d1,Pengguna Google,Alamat pengiriman belum terjangkau,3,2019-09-09 14:04:38,0,
Domino's Pizza Indonesia,com.phonegap.dominos,41aec9ba-bffd-431f-9410-9655a1049c8a,Pengguna Google,"Kenapa pas klik save to order selalu gk bisa yaa, malah debug gitu jadi keluar dari aplikasi... Mohon solusi nya",3,2019-09-08 11:26:00,0,
Domino's Pizza Indonesia,com.phonegap.dominos,a914d2ee-9b86-4827-8c05-086298f2462a,Pengguna Google,"Gimana sih masuknya, udah daftar lengkap sampe selesai dan verifikasi email, tapi ketika akan login malah balik lagi gak bisa login...",3,2019-09-04 20:39:02,0,
Domino's Pizza Indonesia,com.phonegap.dominos,17d1c31f-9dbe-4399-9c95-72d3e095d59f,Pengguna Google,"Belum bisa dipakai, input alamatnya sulit padahal di map sudah ada titik pasti lokasi rumah",3,2019-09-04 14:34:28,0,
Domino's Pizza Indonesia,com.phonegap.dominos,3169af7b-dca2-4439-88d4-0c9688e19860,Pengguna Google,Ko aplikasinya ga bs di buka?,3,2019-09-03 13:52:10,0,
Domino's Pizza Indonesia,com.phonegap.dominos,38c331a9-ceca-492b-99d4-eb15f840df22,Pengguna Google,Kenapa tidak bisa di update?dari tadi update engga bisa bisa,3,2019-09-01 08:27:42,0,
Domino's Pizza Indonesia,com.phonegap.dominos,ca48f723-7b1e-4003-9d80-0c7ecc120fc0,Pengguna Google,Setelah di update aplikasinya malah tidak bisa di buka. Ponsel saya android 6.0 (marshmello),3,2019-08-30 08:14:13,0,
Domino's Pizza Indonesia,com.phonegap.dominos,719a23a9-fd86-4658-a8e3-ee9d849b4fad,Pengguna Google,Baru download udab d suruh update. Klik update sekarang malah gak ada update an disini. Aneh,3,2019-08-29 10:52:56,0,
Domino's Pizza Indonesia,com.phonegap.dominos,056d4f7c-fc51-4511-ba44-d4ffb615ddf5,Pengguna Google,"Mau Order, malah suruh select the city. Padahal alamat sudah dipilih lewat maps -_-",3,2019-08-27 15:44:34,1,
Domino's Pizza Indonesia,com.phonegap.dominos,3856f696-f1d2-47a0-96d5-99e5f15cd613,Pengguna Google,Loh kok setelah diperbaharui jadi kayak gini,3,2019-08-21 16:39:59,0,
Domino's Pizza Indonesia,com.phonegap.dominos,514addc0-0963-434a-a100-82b4a24f48e1,Pengguna Google,"habis diupdate dengan tampilan icon baru, malah error. aplikasinya tidak bisa dibuka sama sekali",3,2019-08-20 14:50:46,0,
Domino's Pizza Indonesia,com.phonegap.dominos,2048ce8f-298b-4f5a-940f-72a93b6ff6ee,Pengguna Google,"Sebenarnya saya suka dgn adanya aplikasi ini, krn saya bisa memesan tanpa hrs ke kedai. Tapi sayangnya, utk bbrp wilayah, msh blm terjangkau. Misalnya sj kmrn saya sempat memesan utk mengantar ke alamat rumah saya, tapi pengantar mengatakan kalau alamatnya tdk masuk jangkauan wilayah, pdhal kedai domino terdekat tdk jauh dri rmh. Bahkan kmrn saya diminta utk lain kali memesan via aplikasi lain. Kalau memang msh blm siap melayani pesanan, lebih baik tdk perlu menggunakan aplikasi.",3,2019-08-19 07:23:34,0,
Domino's Pizza Indonesia,com.phonegap.dominos,4a77dbcb-fc66-4db5-9b13-41f37d2bc633,Pengguna Google,Tolong Perbaik Masalah Di Sa'at Temukan Alamat Saya,3,2019-08-15 14:49:51,0,
Domino's Pizza Indonesia,com.phonegap.dominos,04490c43-3d24-4011-a06a-ade9a7e0f8e4,Pengguna Google,"tolong diperbaiki lagi, biasanya bisa order dgn mudah lewat aplikasi tp sekarang gangguan terus karna tidak dapat menemukan alamat terdekat. jadi saya ga perlu repot ke toko",3,2019-08-06 17:20:36,0,
Domino's Pizza Indonesia,com.phonegap.dominos,0ac9b85f-0f6f-41fc-be78-6775a40e5391,Pengguna Google,pilihan alamatnya tolong jgn dipersulit,3,2019-08-04 13:48:38,0,
Domino's Pizza Indonesia,com.phonegap.dominos,7360238a-a9d0-4a3e-b51a-3b429927ac6c,Pengguna Google,coba dlu ya,3,2019-07-26 21:05:38,0,
Domino's Pizza Indonesia,com.phonegap.dominos,749eef9a-c4e5-4cb1-9254-21a1aaf5880d,Pengguna Google,sayang nya kota Surabaya belum ad di apk ini,3,2019-06-22 19:22:32,0,
Domino's Pizza Indonesia,com.phonegap.dominos,a9733a9f-de4f-4e0a-bb7d-e34a3ec8590c,Pengguna Google,kalau di aplikasi tidak bisa pakai aplikasi dana yahh . harus datang ke tokonya langsung,3,2019-06-21 16:20:37,0,
Domino's Pizza Indonesia,com.phonegap.dominos,25f505a4-30a5-46d6-a1bd-bbf92195c5c9,Pengguna Google,kenapa input alamat delivery tidak bisa manual ya,3,2019-05-24 13:36:37,0,
Domino's Pizza Indonesia,com.phonegap.dominos,0386a315-cdad-4acf-87c1-173f34894038,Pengguna Google,kenapa di Surabaya blm ada,3,2019-05-19 22:31:31,0,
Domino's Pizza Indonesia,com.phonegap.dominos,020d5231-4613-48e5-b2f3-9516e4410bf4,Pengguna Google,haduhh admin masa saya ngga dapet email buat verifikasi di hp ga ada sampe pindah ke laptop juga masih ga dapet? kenapa ya?,3,2019-04-28 09:50:29,1,
Domino's Pizza Indonesia,com.phonegap.dominos,75d607d6-514b-4ddc-942e-d39af1d2e0f4,Pengguna Google,untuk dominos yg di jln gatot subroto bali kenapa tidak ad di list ya,3,2019-04-21 15:18:33,0,
Domino's Pizza Indonesia,com.phonegap.dominos,2c1afb53-e578-4797-af95-405a1b0ae3d2,Pengguna Google,"pdahal jrak dr rumah sy ke toko ga begitu jauh. tapi alamat rumah sy selalu ""tidak ditemukan"" kenapa ya?",3,2019-04-18 19:10:50,1,
Domino's Pizza Indonesia,com.phonegap.dominos,c0d87bea-43c8-4778-8867-c31b6c318a75,Pengguna Google,koq alpikasinya skrng tdk bisa dibuka yaa...,3,2019-04-14 19:26:14,0,
Domino's Pizza Indonesia,com.phonegap.dominos,23c56d35-8602-449a-b364-ce154502289d,Pengguna Google,"aplikasi sebenernya membantu, tp fitur di mobile apps nya susah, fitur forgot passwornya tidak jalan, sya tidak dapat link utk ganti password jadi sya gak bisa login",3,2019-04-11 14:55:02,0,
Domino's Pizza Indonesia,com.phonegap.dominos,1a4676c3-a563-4987-9682-31b9be979a14,Pengguna Google,lama banget nungguin kode verifikasi yg dikirim ke email,3,2019-04-01 18:59:13,0,
Domino's Pizza Indonesia,com.phonegap.dominos,c669e3f5-d437-4584-92c9-8112d0eca3db,Pengguna Google,belum memuaskan.jarak antar kurang jauh....,3,2019-04-01 11:35:12,1,
Domino's Pizza Indonesia,com.phonegap.dominos,c9c5c502-5e1e-49d2-89ee-b422ad61c38c,Pengguna Google,"saya pelanggan Domino's... kalo lagi acara dirumah pasti beli pizza Domino's karna terkadang malas beli ketokonya jadi pengen delivery aja tp di peta apk Domino's nya lokasi saya tidak terdeteksi,padahal jarak toko dan rumah tidak terlalu jauh....jadi sangat disayangkan karna apk Domino's nya menurut saya tidak dapat berfungsi dengan baik,tolong ya diperbaiki agar dapat membantu pelanggan pelanggan Domino's:) terimakasih:))",3,2019-03-27 22:22:09,9,
Domino's Pizza Indonesia,com.phonegap.dominos,6efc65e4-1776-41db-bce4-bf3747e9c99a,Pengguna Google,sudah d instal kq ga bisa dibuka ya... berhenti terus...,3,2019-03-25 03:54:38,2,
Domino's Pizza Indonesia,com.phonegap.dominos,d1bbddde-e9ba-4e45-8607-d0cb927f66f3,Pengguna Google,tolong donk buat yg di medann jg di bikinninn tokohnyaa masaa cumnn nontonn iklnnya doangg. bosann sama produk PHD pinginn yg bedaa dan ngerasainn dominoo pizza,3,2019-03-20 21:32:00,0,
Domino's Pizza Indonesia,com.phonegap.dominos,e14f69ac-39ed-4da3-948e-d167eac990e9,Pengguna Google,"tolong alamat dan gerai toko di update lagi, ada gerai domino di yasmin bogor belom masuk aplikasi, alamat saya juga tidak masuk",3,2019-03-10 15:05:36,1,
Domino's Pizza Indonesia,com.phonegap.dominos,ec951dc5-4205-4d61-874a-debafc2285a6,Pengguna Google,utuk jawa tengah kox wilayah tidak terdeteksi pdahal ada piza dipekalongan,3,2019-03-05 21:58:17,2,
Domino's Pizza Indonesia,com.phonegap.dominos,8d66514a-72a8-4b04-85f2-90db95289b2d,Pengguna Google,Punya voucher dari Shopee tapi kok ga bisa di pakai yaa 🤔,3,2019-03-05 15:17:26,0,
Domino's Pizza Indonesia,com.phonegap.dominos,df7c81fe-ada7-4ab9-9c3a-ee8032081719,Pengguna Google,coba dulu kalau bagus rate naikin,3,2019-02-26 21:31:49,0,
Domino's Pizza Indonesia,com.phonegap.dominos,f896c3e9-4516-4f0e-8c3d-75d547dac423,Pengguna Google,Coba dulu kl bagus tambah bintang lg,3,2019-02-16 19:06:02,0,
Domino's Pizza Indonesia,com.phonegap.dominos,aea87724-29be-482b-95dc-f12e73791398,Pengguna Google,Untuk sementara aku kasih bintang 3 karna baru mencoba aplikasi ini tnks,3,2019-01-15 23:44:02,0,
Domino's Pizza Indonesia,com.phonegap.dominos,17d02071-c493-4a30-8b75-47f6c24f5d5b,Pengguna Google,". Susah ya nyari alamatnya, pake nama jalan gak boleh, dikasih nama gedung gak mau, coba pake Maps masih aja alamat tidak ditemukan. Maunya apa? Dikasih nama Mall langsung ketemu, mentang"" dekat sama Domino's Store nya. Kan susah kalo mau pesen, gimana ini?",3,2018-12-25 20:53:03,0,
Domino's Pizza Indonesia,com.phonegap.dominos,195ca5d8-ddac-4daf-9bfc-e1d51bf0eb6a,Pengguna Google,"Pertama order sukses dan berhasil order ke kantor krn lokasi kantor di jln raya besar, giliran mau kirim kerumah yg bukan jln besar, sumpah susah bgt nentuin alamatnya dan gk bisa2, tolong diperbaikin",3,2018-12-15 22:11:02,11,
Domino's Pizza Indonesia,com.phonegap.dominos,74a9f206-ecbb-4354-9241-a4d2b318feb6,Pengguna Google,Sy coba dulu saya moga aja bisa lancar tanpa hambatan kalo deliv,3,2018-12-10 21:00:38,0,
Domino's Pizza Indonesia,com.phonegap.dominos,a7744977-0af3-4b0e-8657-33ac1437db67,Pengguna Google,Titik alamat tidak ditemukan.. pdhl klo pke ojek online bs kok ini aplikasi gbs ya... Gak jadi order dehhhhh,3,2018-11-30 03:58:23,0,
Domino's Pizza Indonesia,com.phonegap.dominos,0c98fd3c-ff38-40a3-9a06-c197b8d3a6b4,Pengguna Google,"Susah mau pesen, giliran lewat Goo fud bisa mendingan byr ongkir tepat sampai",3,2018-11-21 09:51:13,0,
Domino's Pizza Indonesia,com.phonegap.dominos,bff17f64-5a31-421b-9063-abdaf59941f2,Pengguna Google,Saya coba dulu,3,2018-10-26 12:58:38,0,
Domino's Pizza Indonesia,com.phonegap.dominos,29dd9343-f69c-42ca-b13b-bf7e10f79355,Pengguna Google,"Knp gk bisa di buka ya aplikasinya,pdhl kmren baru psen lho",3,2018-10-20 06:36:38,0,
Domino's Pizza Indonesia,com.phonegap.dominos,36ca108f-5032-4619-add4-08482843fc89,Pengguna Google,Dh hampir 2 bln gk bisa order by app jd kalo mau order sy hrs ke domino dulu atau by ojol. Pas sy tanya staff sana slalu alasan lg error. Hellooowww error sampe 2 bulan ya?! Bad!!!,3,2018-10-19 21:19:46,0,
Domino's Pizza Indonesia,com.phonegap.dominos,e8f6e5db-5317-4a9b-889f-d34aa0289632,Pengguna Google,Saya daftar kok susah bgt ya,3,2018-10-11 11:46:14,0,
Domino's Pizza Indonesia,com.phonegap.dominos,9e253089-f9d2-4ef3-9da6-ab091377a378,Pengguna Google,"Batas jarak terlalu dekat , meski beda jauh dikit tetep ga bisa kirim harus lewat gojek -.-",3,2018-10-08 10:38:27,0,
Domino's Pizza Indonesia,com.phonegap.dominos,308bc056-de1b-41c0-b12c-c4fc3afa2c2c,Pengguna Google,Wy gila 4 donwlod ttap aja gk bisa login. Goblok gw mao mesan banyak nih malam ini makanaan,3,2018-10-07 18:33:35,12,
Domino's Pizza Indonesia,com.phonegap.dominos,d6c77481-d280-4c53-8de4-b1a0434b1585,Pengguna Google,Anak usia 10 boleh pesan?,3,2018-09-24 14:09:52,0,
Domino's Pizza Indonesia,com.phonegap.dominos,9127d7ef-928b-461f-a9fe-7f0ef714c092,Pengguna Google,Pesanan saya kok belum sampai sampai juga,3,2018-09-15 16:41:12,0,
Domino's Pizza Indonesia,com.phonegap.dominos,573a72a9-4b06-42a3-a445-2c13d3f5c593,Pengguna Google,Agak lama dikit,3,2018-08-23 11:46:23,0,
Domino's Pizza Indonesia,com.phonegap.dominos,33b2eb03-1aa5-487a-9375-4e662a5da040,Pengguna Google,Gimana mau pesan kalau lokasi tidak bisa di temukan. Padahal gprs dan alamat sudah jelas tapi tetap aja ga jelas. Mau order jadi susah,3,2018-08-16 11:41:37,4,
Domino's Pizza Indonesia,com.phonegap.dominos,1893d004-18d7-450a-9f63-d107447b5a62,Pengguna Google,"Kurir makin buruk dulu aja 20mnitan dah sampek la akhir"" ini masa sampai 50menit, ga bisa baca maps kalo ya",3,2018-07-28 10:45:43,4,
Domino's Pizza Indonesia,com.phonegap.dominos,74099c79-1dfc-41cb-9caf-36dbaf6f8f7a,Pengguna Google,"Jangkauan ohh jangkauan, jadi sering gak bisa pesen karna kendala jangkauan hadeuuhhh",3,2018-06-24 18:50:03,0,
Domino's Pizza Indonesia,com.phonegap.dominos,d5c2be31-8078-42b0-b007-46f63b5d6cfe,Pengguna Google,"Padahal aku suka pake ini tpi kenapa,, malah error,, semua menu nya ngak adda,, hilang kosong entah kemana.",3,2018-06-03 14:01:31,2,
Domino's Pizza Indonesia,com.phonegap.dominos,c800c901-e1b9-4495-a0ff-a0b61776d22c,Pengguna Google,"Aplikasi nya ga bs dibuka (force close gt), padahl biasa nya lancar",3,2018-06-03 08:51:36,0,
Domino's Pizza Indonesia,com.phonegap.dominos,666fdac7-a19d-4ad7-8c91-dbf2ce29783e,Pengguna Google,"Aneh banget simpan alamat gak bisa.. masukkin alamat rumah, bingung.. di msukkin, gak bisa tersimpan . Ribet..",3,2018-05-05 21:41:37,2,
Domino's Pizza Indonesia,com.phonegap.dominos,eb1eb200-19dc-4552-a57c-8813bb470aaa,Pengguna Google,kenapa pada saat penggunaan vocer dri gojek app lngsunh keluar?,3,2018-04-29 14:49:16,4,
Domino's Pizza Indonesia,com.phonegap.dominos,3fde4777-a7c1-4dc5-8632-1ff5eee30c75,Pengguna Google,Find my location nya tidak bisa digunakan. Tolong diperbaiki,3,2018-03-30 21:38:26,0,
Domino's Pizza Indonesia,com.phonegap.dominos,7827a9e1-c16a-4d24-9679-f0d60aa99264,Pengguna Google,Untuk Di Medan Ada Apa Enggak,3,2018-03-21 19:42:00,0,
Domino's Pizza Indonesia,com.phonegap.dominos,0482699e-42dc-483e-b911-fb3e6ea5d4b4,Pengguna Google,Lebih cepat lgi pengantarannya,3,2018-03-19 15:02:51,0,
Domino's Pizza Indonesia,com.phonegap.dominos,cab8b3c5-72e4-4f9d-9f75-372f3aceb7da,Pengguna Google,Buat yg bilang alamat ga ditemukan berarti itu alamat lu pada yg diluar jangkauan dominos. Kalo ga bisa d aplikasi pake gojek aja,3,2018-03-17 21:32:03,0,
Domino's Pizza Indonesia,com.phonegap.dominos,c554b5a9-69cf-47a3-ab05-3cf7085c9113,Pengguna Google,Aku kasih tiga bintang nya klo bagus aplikasi nya aku tambah in lg,3,2018-03-17 11:35:47,0,
Domino's Pizza Indonesia,com.phonegap.dominos,275b0bd2-0de7-49e6-930a-51d1fc67305a,Pengguna Google,Untuk komplen ke imail mana ya??,3,2018-03-08 20:24:56,0,
Domino's Pizza Indonesia,com.phonegap.dominos,26d1edf8-08bd-4ae9-ac36-aacc9968ccce,Pengguna Google,"masukkan aja buat domino pizza , untuk pemesanan via deliverry ' tolong tetap dikasih kantong plastik , soalnya kalo pemesanan via delivery banyak ' customer untuk bawanya juga bingung .. semoga sesegera ditindak lanjuti ya , terimakasih salam pizza mania .",3,2018-03-06 09:48:10,0,
Domino's Pizza Indonesia,com.phonegap.dominos,7cb726cb-0eb6-4cc6-af1a-660232b2b081,Pengguna Google,"Agak mempermudah si free ongkir pula , cuma isi alamat sangat ribet , lama pula 1 jam pembuatan sampe rumah sejam lebih , mana gak bisa di cancel . But makasih loh domino voucher free pizza medium nya",3,2018-02-16 11:38:45,0,
Domino's Pizza Indonesia,com.phonegap.dominos,e3add3cc-94f6-4352-b6dd-299573486acf,Pengguna Google,Habis di update malah jadi eror nih..khususnya di menu,3,2018-02-12 18:59:48,1,
Domino's Pizza Indonesia,com.phonegap.dominos,713a5581-106d-4e6a-bf40-3a09c49ee0d8,Pengguna Google,"kata yang nganter, ini yang terakhir nganter ke tempat saya karena di luar batas. hmmm padahal restorannya gak terlalu jauh sama rumah saya loh. pizza sebelah aja gak komplain kalo saya delivery. tolong pengertiannya",3,2017-12-23 19:33:36,7,
Domino's Pizza Indonesia,com.phonegap.dominos,97286ab9-3b22-430a-a4a4-1be655e9b542,Pengguna Google,"3x order di cancel terus katanya di luar area pengiriman, padahal sdh pilih lokasi domino's yg terdekat.. mbanya tlp bilang order ke call center nya aja di 1500366, trus buat apa ada aplikasi nya klo order ttp disuruh melalui call center Perbaiki lagi!",3,2017-12-11 21:35:20,23,
Domino's Pizza Indonesia,com.phonegap.dominos,fddad2e1-4315-4fd0-908a-3068fb2ef488,Pengguna Google,Knp malah jadi ga Bisa di Pake,3,2017-11-25 12:08:40,0,
Domino's Pizza Indonesia,com.phonegap.dominos,ebe1ccc0-71bb-4448-9432-56ea588e5b82,Pengguna Google,"udah di update tapi gabisa kebuka , anehh ..",3,2017-11-24 10:48:53,6,
Domino's Pizza Indonesia,com.phonegap.dominos,a927058e-8ce7-4626-871d-678a954b7279,Pengguna Google,"Saat buka fitur menu, pas klik gambar pizza, langsung error keluar otomatis, jadi saya gak bisa order pizza, bagaimana nih Admin Dominos Pizza?",3,2017-11-16 18:20:27,0,
Domino's Pizza Indonesia,com.phonegap.dominos,18ccf3db-830f-46ec-97bc-3b7ca8122deb,Pengguna Google,Alamat saya tidak terdaftar ketika menentukan titik Mohon untuk di perbaiki lagi agar proses lebih mudah,3,2017-11-11 16:29:38,0,
Domino's Pizza Indonesia,com.phonegap.dominos,4b6ec077-ec98-4598-8b14-0aa0315a13f4,Pengguna Google,"Kapan update pengiriman ke seluruh wilayah?? Berharap pengiriman (delivery), lokasi dapat diperluas lagi. Kalau bisa untuk pengiriman, semua lokasi terjangkau.",3,2017-11-08 12:17:59,9,
Domino's Pizza Indonesia,com.phonegap.dominos,b2b8ea3b-5106-4648-9eaf-9cb62dada7b7,Pengguna Google,"Pizza tracker nya ga update ,tolong diperbaiki lg",3,2017-11-03 22:30:42,1,
Domino's Pizza Indonesia,com.phonegap.dominos,49019375-c6c6-4022-8879-3909d3769a81,Pengguna Google,"Tlong perbarui directory alamatnya dong. Masa cuma sampe UI aja ? Kukusan enggak ? Padahal sarang pesanan itu ya di daerah kukusan, daerah kosannya para mahasiswa UI. -_-",3,2017-10-26 13:04:55,10,
Domino's Pizza Indonesia,com.phonegap.dominos,c1b1055a-c0a2-4961-a0a8-a51e93fe6a49,Pengguna Google,Coba dulu ya nanti kalau bagus aku kasih bintang lagi,3,2017-08-25 16:28:05,0,
Domino's Pizza Indonesia,com.phonegap.dominos,18845675-8163-4ff2-843f-96195f5b58be,Pengguna Google,Sering bgt error jaringan. Tiap mau order ket nya Currently Experiencing Difficulty. Jd tetep aja mesti dtg ke toko langsung..mohon maintanence segera,3,2017-07-22 20:13:55,7,
Domino's Pizza Indonesia,com.phonegap.dominos,8aac6857-8bbd-4f06-b06b-b3b34dfb132c,Pengguna Google,"Tanya dong ,gimana sih cara biar bisa dapet diskon 50% pembelian lewat aplikasi??",3,2017-07-20 12:13:00,6,
Domino's Pizza Indonesia,com.phonegap.dominos,0c7b9da3-5bae-4ef4-ba75-58aac7f9fcae,Pengguna Google,Untuk versi lawas taw baru ttp ja alamat tujuan ga bisa jd lagi2 hrs carry out,3,2017-07-19 17:19:03,0,
Domino's Pizza Indonesia,com.phonegap.dominos,093547f8-ae92-4a62-b88c-686059c3c124,Pengguna Google,Masih suka kacau,3,2017-07-16 20:23:40,0,
Domino's Pizza Indonesia,com.phonegap.dominos,55836146-29af-465d-bfb9-d78ee549d345,Pengguna Google,Ga ada bhs indonesia nya,3,2017-07-13 01:45:51,0,
Domino's Pizza Indonesia,com.phonegap.dominos,5eca39ec-42b5-47de-8be6-882098c5a50d,Pengguna Google,Ga jelas katanya mesen tapi kan rumah aku di gang masa maunya sampe grogol dasar males terus habis itu di suruh kesana,3,2017-07-09 08:25:22,0,
Domino's Pizza Indonesia,com.phonegap.dominos,8a9ddb39-e37e-440b-a8ee-5eaf85775b41,Pengguna Google,Domino sawangan dekat dengan pondok petir jarak cm 2 km tp kenapa ga bs terjangkau Delivery mereka ya?? Aneh..,3,2017-07-09 06:08:19,0,
Domino's Pizza Indonesia,com.phonegap.dominos,35328f6a-63df-4a70-8e73-6d0a065c1f49,Pengguna Google,Buat register mending di buat kyk phd via facebook jd lebih praktis dan gk ribet... soalny kelihatanny byk yg kesulitan register,3,2017-06-17 02:21:16,1,
Domino's Pizza Indonesia,com.phonegap.dominos,ab40dbbc-4a78-4070-9d3b-3f64a580a84f,Pengguna Google,Baru mau nyoba order. Mudah mudahan suka,3,2017-06-11 17:10:06,0,
Domino's Pizza Indonesia,com.phonegap.dominos,43fed63a-ecce-47c6-aec1-b06cc7e87bbb,Pengguna Google,"Lebih di tingkat kan lagi pelayanan nya baik di aplikasi maupun di toko, terimakasih",3,2017-06-11 16:56:54,0,
Domino's Pizza Indonesia,com.phonegap.dominos,8c76016e-1e22-434d-aaf9-2bc8a01d22e2,Pengguna Google,Bagus tp agak ribet,3,2017-05-27 15:01:26,0,
Domino's Pizza Indonesia,com.phonegap.dominos,fbe8208c-d482-4c71-a243-682b40338f12,Pengguna Google,Ini dulu nanti klau berhasil nambah lagi,3,2017-05-03 08:23:11,0,
Domino's Pizza Indonesia,com.phonegap.dominos,164c6081-30a0-4e1a-9141-fe677d54d227,Pengguna Google,"Pelayan pertama mengecewakan, semoga tdk terulang lagi 😁",3,2017-04-29 21:34:32,1,
Domino's Pizza Indonesia,com.phonegap.dominos,6caf78d3-1491-4e6f-9513-3136c7500f90,Pengguna Google,Saya sangat suka pizza klo klo saya beli pizza sendiri pegel meganginnya semoga app ini bisa mempermudah,3,2017-04-22 20:20:56,0,
Domino's Pizza Indonesia,com.phonegap.dominos,32fe0a85-a5db-4411-b35c-ed6ff27d5f47,Pengguna Google,Promo apa nihh,3,2017-04-18 12:12:38,0,
Domino's Pizza Indonesia,com.phonegap.dominos,c04af980-b5f6-47a7-b42b-51ec099f45ad,Pengguna Google,Coba dulu kl bagus ntr tambah lagi,3,2017-04-02 23:07:57,0,
Domino's Pizza Indonesia,com.phonegap.dominos,5c50b8f8-9d70-4639-8747-744f06444285,Pengguna Google,"cut off my time, order from app, and take the pizza as scheduled,nice. hari ini coba order lagi, eh pilihan storenya eror -,-",3,2017-03-15 15:25:51,0,
Domino's Pizza Indonesia,com.phonegap.dominos,2f627a9c-0d1f-4eaa-a8ce-89102d7de6a0,Pengguna Google,"Saya suka Domino's pizza , Rasanyyyaaa waaawww emejing :*:*",3,2017-02-27 19:25:34,0,
Domino's Pizza Indonesia,com.phonegap.dominos,059adccd-e914-4028-99e8-ee2eedc494eb,Pengguna Google,"Tolong permudah input lokasi alamatnya, kenapa susah sekali,,,, ribet!!!!",3,2017-02-25 22:31:00,0,
Domino's Pizza Indonesia,com.phonegap.dominos,4846559c-a973-48f4-b694-5298c9757d95,Pengguna Google,Lumayan lah ga mengecewakan bgt,3,2017-02-24 09:33:52,14,
Domino's Pizza Indonesia,com.phonegap.dominos,c2b8a0db-a4ee-47fc-99aa-0bbdd782ee59,Pengguna Google,Blm perna coba,3,2017-02-14 13:29:21,0,
Domino's Pizza Indonesia,com.phonegap.dominos,571ae92d-5dcc-4233-aec3-02b511fafa3f,Pengguna Google,order lewat email gimana ya ?,3,2017-02-08 19:12:48,0,
Domino's Pizza Indonesia,com.phonegap.dominos,b1954fdb-4e1a-46a6-9d18-284a6eed3ceb,Pengguna Google,"Baru pertama kali coba belom tau hasilnya kek apa, kalo oke ntar tambahin bintangnya",3,2017-02-02 11:15:47,0,
Domino's Pizza Indonesia,com.phonegap.dominos,11750948-47e3-40ac-a4e9-a61b8f2c24ff,Pengguna Google,Order by online,3,2017-01-16 16:50:53,0,
Domino's Pizza Indonesia,com.phonegap.dominos,da963864-9a9c-49f8-a910-b27a5e0fe026,Pengguna Google,Hari ini baru coba pesen.nanti baru ditambah lagi bintangnya,3,2016-12-31 12:10:53,0,
Domino's Pizza Indonesia,com.phonegap.dominos,067098b0-8d84-424d-ac98-d945e413cac9,Pengguna Google,Harus nya nama jalannya ketik manual saja...,3,2016-12-28 19:34:37,0,
Domino's Pizza Indonesia,com.phonegap.dominos,dd299cf3-32fb-4ec1-885d-e5391421ba78,Pengguna Google,"Dicoba dlu, kalau oke aku tambah lagi bintangnya...",3,2016-12-09 14:49:54,0,
Domino's Pizza Indonesia,com.phonegap.dominos,be85e791-66f5-4a7d-92df-3233a63057b2,Pengguna Google,Baru mau coba order sukses ga ya,3,2016-12-06 19:54:45,0,
Domino's Pizza Indonesia,com.phonegap.dominos,dedd586d-8d8e-4815-8622-7265ef2b3c8a,Pengguna Google,Coba dulu ya,3,2016-12-04 11:52:26,0,
Domino's Pizza Indonesia,com.phonegap.dominos,8c59a429-2a90-4550-8d41-dae531daa438,Pengguna Google,"Navigasi masih susah, masih kurang compact tapi overall ok",3,2016-11-27 11:14:06,0,
Domino's Pizza Indonesia,com.phonegap.dominos,d9921fc3-6607-445b-bed0-f9b1ed1124f7,Pengguna Google,"Baru ini saya nemu pizza tipis, udh tipis bgt garing , bikin keripik aja apa sekalian .. hadeuuuhh mending beli di toko sebelah dahh !!",3,2016-11-13 16:58:24,9,
Domino's Pizza Indonesia,com.phonegap.dominos,93957e97-bdbc-40dd-8a5d-d0e641a4aa79,Pengguna Google,"Pizza belum dateng, sistem tracking nya sudah selesai ..",3,2016-10-31 22:25:42,0,
Domino's Pizza Indonesia,com.phonegap.dominos,8057bf5e-8eb2-43bf-936b-54d4118f5dd8,Pengguna Google,Klo bagus tambah lagi dehh,3,2016-10-20 01:34:52,0,
Domino's Pizza Indonesia,com.phonegap.dominos,cda1673f-5de6-4ad0-935c-0e841ce15ae9,Pengguna Google,Saya ingin order tp saya ga bisa isi city region dan postcode. Itu knp ya?,3,2016-09-30 18:42:47,0,
Domino's Pizza Indonesia,com.phonegap.dominos,8621b8cb-3cef-43cc-b57e-7d58bb4b12f9,Pengguna Google,"Gimana cara pesan nya,tolong di jawab kk",3,2016-09-25 11:25:02,0,
Domino's Pizza Indonesia,com.phonegap.dominos,2d51da5b-4cc9-49ed-8ac9-babbd4d265ee,Pengguna Google,"Coba fokus di masalah order dan aplikasi, pasti lebih sukses",3,2016-09-16 18:01:10,0,
Domino's Pizza Indonesia,com.phonegap.dominos,f4666404-1053-4e0e-ba25-b28ca1912c31,Pengguna Google,Alamat tidak ada,3,2016-09-12 19:12:04,0,
Domino's Pizza Indonesia,com.phonegap.dominos,0641da8f-541d-4039-b799-781704ffda67,Pengguna Google,"Kalau sudah ada BNI debit card, baru saya kasih 5 stars",3,2016-09-07 09:37:04,0,
Domino's Pizza Indonesia,com.phonegap.dominos,12ea1e25-c45a-4a9d-8d84-ac3fa1829016,Pengguna Google,Layan bisa kenyang kalau nuy 1 get 1,3,2016-09-04 17:04:05,0,
Domino's Pizza Indonesia,com.phonegap.dominos,61a40eed-fa51-4244-b16f-341798eeb751,Pengguna Google,Saya beri bintang 3 dulu yh klow bagus saya tmbah lagi bintangnya:-,3,2016-08-23 13:53:05,0,
Domino's Pizza Indonesia,com.phonegap.dominos,582931b9-15ad-4806-87b5-486ea03dfe66,Pengguna Google,Ya lumayanlah buat ganjel perut 😊,3,2016-08-12 18:56:06,0,
Domino's Pizza Indonesia,com.phonegap.dominos,630c62eb-201e-48b1-a8b4-1e90eabbdfe2,Pengguna Google,"Aplikasi msh kurang, msh susah utk register",3,2016-08-11 18:15:11,0,
Domino's Pizza Indonesia,com.phonegap.dominos,1a196d68-2179-421b-abf5-0db4733c02a8,Pengguna Google,"Pizzanya lumayan enak dan harganya terjangkau, tp aplikasinya aneh, error atau apalah. Udah pilih area tertentu, eh yg muncul area lain. Untungnya pernah ada yg order di daerahku cuma ganti nomor aja",3,2016-08-06 20:12:26,1,
Domino's Pizza Indonesia,com.phonegap.dominos,49a64fe3-9904-4600-a4d2-25e3abe7d604,Pengguna Google,Susah aplikasi suka ga bisa,3,2016-08-03 21:36:08,0,
Domino's Pizza Indonesia,com.phonegap.dominos,00ee5fdd-1ab5-4a09-a5a5-4e9e6ca7771b,Pengguna Google,Lama ihh aplikasiny.,3,2016-07-31 12:49:34,0,
Domino's Pizza Indonesia,com.phonegap.dominos,20e3ddac-b325-48c3-b7d4-a8f1ba0eaff6,Pengguna Google,"Aneh semenjak login, bagian promotions jd hilang dan ga bisa milih store nya",3,2016-07-25 14:09:00,1,
Domino's Pizza Indonesia,com.phonegap.dominos,a13fe0fe-62f7-4265-b5b6-c70539a21de2,Pengguna Google,"Tampilan menu masih kurang bagus,mohon ditingkatkan kualitas gambar dibuat yg semenarik mungkin",3,2016-07-24 17:11:51,0,
Domino's Pizza Indonesia,com.phonegap.dominos,4722f653-2f23-455d-b42f-b8ad7943487c,Pengguna Google,Sedikit membatu dikala gk ada waktu buat pesen langsung,3,2016-07-18 21:53:21,0,
Domino's Pizza Indonesia,com.phonegap.dominos,f2998b28-7c73-41bb-84d1-349c22955c37,Pengguna Google,Oke buat cari yang marmer,3,2016-07-13 15:42:14,0,
Domino's Pizza Indonesia,com.phonegap.dominos,26ee3101-cc10-47cb-b592-9a8e2252f6ed,Pengguna Google,"Tolong dibenerin pak. Aplikasinya kl ditutup gk bisa, mana nih kok press tombol keluar aplikasi tidak bisa alias cmn bisa buka aplikasi saja yg jalan.",3,2016-07-13 15:11:06,0,
Domino's Pizza Indonesia,com.phonegap.dominos,eb6b0340-e674-4a76-973e-1c2c4c0b2a10,Pengguna Google,Aplikasinya lumayan membantu dalam pemesanan tapi lbh lambat dari versi sebelumnya,3,2016-07-12 20:21:01,0,
Domino's Pizza Indonesia,com.phonegap.dominos,5dec13f0-f407-41ee-868a-efb6e1d2cbf7,Pengguna Google,Menunya kali bisa di tambah pasta,3,2016-07-11 12:15:58,0,
Domino's Pizza Indonesia,com.phonegap.dominos,dcefad0d-5435-40dc-8a74-ab5782373b10,Pengguna Google,Kasih 3 dulu baru mau nyoba delivery semoga cepet sampe..,3,2016-07-11 11:37:38,0,
Domino's Pizza Indonesia,com.phonegap.dominos,ddd550ac-37f2-484f-b4d5-1eb6c2be4779,Pengguna Google,3 dulu kalau bagus di tambah,3,2016-07-09 17:52:44,0,
Domino's Pizza Indonesia,com.phonegap.dominos,ecb8706a-9193-4e1e-8bb6-88cbcf591414,Pengguna Google,Ed'dah lama binggi,3,2016-07-09 12:53:25,0,
Domino's Pizza Indonesia,com.phonegap.dominos,71740bc5-cbe0-4d5f-8f44-cf10fb9d2c72,Pengguna Google,Mau order harus call dulu...tapi lumayan sih jadi ga usah keluar,3,2016-07-08 12:17:47,0,
Domino's Pizza Indonesia,com.phonegap.dominos,b3128bd3-6806-4042-9c8e-e99fa77fe20c,Pengguna Google,Jadi lebih mudah buat pesan & makan pizza nih...dan banyak promonya,3,2016-06-25 17:48:36,10,
Domino's Pizza Indonesia,com.phonegap.dominos,d935c8c5-0a86-4ccf-974a-965c70d8e80e,Pengguna Google,Order lewat aplikasi sudah ok..cukup memudahkan...tp untuk delivery maksimal jarak nya di tambah...,3,2016-06-22 17:20:27,0,
Domino's Pizza Indonesia,com.phonegap.dominos,35bc3cea-183e-439b-abf5-e9b1d8b58d99,Pengguna Google,Kok gak ada promotionnya ya,3,2016-06-02 12:31:44,0,
Domino's Pizza Indonesia,com.phonegap.dominos,19847e6f-30a0-4b83-9c9e-66508bf23f3c,Pengguna Google,Ntar kasih lagi,3,2016-05-17 08:23:22,0,
Domino's Pizza Indonesia,com.phonegap.dominos,60f3ecce-e2d3-44f6-93b2-d14fb6db3ae2,Pengguna Google,Diperbaiki lagi ya,3,2016-05-11 13:29:30,0,
Domino's Pizza Indonesia,com.phonegap.dominos,b890da75-a489-44f5-86a1-a92148a43559,Pengguna Google,Segitu dulu kl oke baru ditambahin lagi,3,2016-05-08 18:22:07,0,
Domino's Pizza Indonesia,com.phonegap.dominos,cd346501-a95b-4924-8672-119726ee7e5f,Pengguna Google,"Sudah bagus, tapi lebih baik lagi kalau delivery sudah sampai depan rumah di telpon",3,2016-05-05 14:14:53,0,
Domino's Pizza Indonesia,com.phonegap.dominos,851b6d11-97ae-4199-8fbc-45214062c647,Pengguna Google,Coba dulu... Klau bisa order nanti ditambahin,3,2016-05-04 19:06:31,0,
Domino's Pizza Indonesia,com.phonegap.dominos,0fe72881-3ac2-46d2-a06d-9709f95a8721,Pengguna Google,Lumayan lbh simpel,3,2016-04-27 18:02:02,0,
Domino's Pizza Indonesia,com.phonegap.dominos,09ae74f8-6555-4346-ac63-03dc40227892,Pengguna Google,tapi aplikasi agak lemot,3,2016-04-26 10:09:25,0,
Domino's Pizza Indonesia,com.phonegap.dominos,4285830d-cfc3-4208-ac79-ec4ae8614c29,Pengguna Google,Coba dulu yaa...,3,2016-04-24 09:25:53,0,
Domino's Pizza Indonesia,com.phonegap.dominos,14512052-0f2c-4cca-9170-764d9e1c4844,Pengguna Google,gak friendly user,3,2016-04-23 15:21:57,0,
Domino's Pizza Indonesia,com.phonegap.dominos,d79610dd-deb9-4641-90cf-bc33f5303c92,Pengguna Google,Di test dulu kalau bagus +2 lagi.,3,2016-04-22 17:22:38,0,
Domino's Pizza Indonesia,com.phonegap.dominos,ed06a671-cb91-4b67-88a9-57b696984bfc,Pengguna Google,Nanti klo gk ribet bintang y d tambahan lagi,3,2016-04-17 11:42:43,0,
Domino's Pizza Indonesia,com.phonegap.dominos,c6852c62-3d2c-487a-af21-122195d36ca6,Pengguna Google,Sayang ga ada log out nya,3,2016-04-14 18:51:10,0,
Domino's Pizza Indonesia,com.phonegap.dominos,3cdc41e4-3ad6-4eac-a52e-7243fa5cceff,Pengguna Google,Nti klo bagus sy ksh lg bintangnya,3,2016-04-13 18:36:58,1,
Domino's Pizza Indonesia,com.phonegap.dominos,933f6747-1245-4b10-88af-db2564ee947a,Pengguna Google,Baru mau nyoba order kl cepat tak tambahin lg :),3,2016-04-11 13:58:59,4,
Domino's Pizza Indonesia,com.phonegap.dominos,39bcd4b9-56d7-4bcc-ae2e-2704edfa6059,Pengguna Google,"Tolong diperbaiki lagi, aplikasi terlalu berat dan susah untuk pilih lokasi juga. Thanks",3,2016-04-04 17:21:35,0,
Domino's Pizza Indonesia,com.phonegap.dominos,2910d0c5-255d-4403-a65b-45c4710e92d2,Pengguna Google,Saya hrs pinjam hp tmn dl bru bs order nya.knp ga semua hp bs?,3,2016-03-28 14:19:04,0,
Domino's Pizza Indonesia,com.phonegap.dominos,edbce977-e8fa-41f4-9ccc-26df67f54e41,Pengguna Google,Mencoba dulu klo bagus pelayanannya&order sampai di rumah saya kasih bintang lagi.trims,3,2016-03-27 20:50:55,0,
Domino's Pizza Indonesia,com.phonegap.dominos,1effbacc-f0da-4efc-86cb-9b2b89d85944,Pengguna Google,Ponsel oppo f1 tidak dapat menggunakan aplikasi ini.. Saat memilih kota/lokasi aplikasi sama sekali tidak merespon.. Huhu.. Klo sudah support mohon bantuannya ya. Soalnya bagus banget klo oppo juga bisa.. Makasih..,3,2016-03-24 11:56:18,0,
Domino's Pizza Indonesia,com.phonegap.dominos,eb9c3432-3e8b-4352-94df-576ad9151392,Pengguna Google,Udah masukin email masih nggak bisa2,3,2016-03-23 19:53:42,0,
Domino's Pizza Indonesia,com.phonegap.dominos,d022cd3e-0081-47f3-a4f8-85d10f0c6122,Pengguna Google,"Kalau aplikasinya berdasarkan web + gambar, jadi terasa berat. Untung ada Wifi Kantor yg Cukup kencang. Jadi masih bisa Pesan.",3,2016-03-23 11:17:23,0,
Domino's Pizza Indonesia,com.phonegap.dominos,e14c799f-039c-4c68-8099-b8657836420a,Pengguna Google,"Masih perlu perbaikan, soalnya masukin alamat susah banget+lemot",3,2016-03-06 14:49:41,0,
Domino's Pizza Indonesia,com.phonegap.dominos,21091538-5722-4129-ac9a-9045bcc173ce,Pengguna Google,Aku suka dominos pizza,3,2016-03-04 20:27:38,0,
Domino's Pizza Indonesia,com.phonegap.dominos,7d6330e6-f739-4475-a1a6-45f273ba795e,Pengguna Google,Kalo cepet tar kasih lagi bintang perbanyak promonya ya baru tambah bintangnya,3,2016-03-02 22:22:24,0,
Domino's Pizza Indonesia,com.phonegap.dominos,1b791ac2-669c-4bd1-a202-1b9cd9ec4111,Pengguna Google,Tolong diperbaiki app ios nya. Pada saat memilih street ga bisa drag ke atas untuk lihat pilihannya. Padahal ini pake android bisa.,3,2016-03-02 08:52:08,0,
Domino's Pizza Indonesia,com.phonegap.dominos,def4632b-f2d0-4b58-8ff0-f51a3f2f3e6b,Pengguna Google,Baru nyoba nih aplikasi...ntar klo oke gw tambah binyangnya,3,2016-02-24 16:45:33,0,
Domino's Pizza Indonesia,com.phonegap.dominos,d7286d13-9417-4e92-9a64-41154e0e924c,Pengguna Google,Terlalu kecil tulisan nya dan mhn agar bisa di besarkan fan kecilkan.,3,2016-02-24 08:17:15,0,
Domino's Pizza Indonesia,com.phonegap.dominos,f2811b71-09e7-41be-b057-e8a90a822ba2,Pengguna Google,"Gak semua daerah yah, daerah saya ko gak bisa yah padahal jakarta utara",3,2016-02-22 20:10:42,0,
Domino's Pizza Indonesia,com.phonegap.dominos,b93b9041-733a-48a5-8d16-3469767ec404,Pengguna Google,Masih kurang user friendly,3,2016-02-15 20:21:14,0,
Domino's Pizza Indonesia,com.phonegap.dominos,4ed501af-5484-4572-b62b-d9d908f367e7,Pengguna Google,"Ada diskon dong, biar tambah bnyak yang beli.",3,2016-02-06 19:10:13,0,
Domino's Pizza Indonesia,com.phonegap.dominos,376f7861-ae1e-4321-ae1c-1eed53e0f595,Pengguna Google,Tgl 3 feb 2016 saya n kel m beli buy one get one tapi harus dari app dominos....,3,2016-02-04 18:47:33,0,
Domino's Pizza Indonesia,com.phonegap.dominos,3aff9f84-c701-4b61-bd1f-a66089f600f5,Pengguna Google,Udah daftar udah ada balasan.. eh pas mau login ga bisa... parah ah,3,2016-01-27 12:13:02,0,
Domino's Pizza Indonesia,com.phonegap.dominos,a6740043-2d4b-48a2-af78-e38fbc6607c1,Pengguna Google,"Kalau bisa buy 1 get 1 setiap hari kec, week end",3,2016-01-20 17:18:57,0,
Domino's Pizza Indonesia,com.phonegap.dominos,42fa9d6b-6088-44b5-82c5-9c50dc60b4f3,Pengguna Google,Tolong diperbaiki terkadang kaga bisa order,3,2016-01-13 11:21:51,0,
Domino's Pizza Indonesia,com.phonegap.dominos,698b7877-869b-4f16-b950-87c87d3418bc,Pengguna Google,"Aplikasinya bagus, tapi utk alamatnya hanya sesuai yg tersedia di aplikasi aja.",3,2016-01-10 19:07:55,0,
Domino's Pizza Indonesia,com.phonegap.dominos,4bc8614d-ae09-4a40-9be2-a263d4db8062,Pengguna Google,Simple gak repot harus antri tapi agak ribet aplikasinya.,3,2016-01-08 19:43:09,0,
Domino's Pizza Indonesia,com.phonegap.dominos,403207bf-e01b-48ac-babe-a87a9be8b055,Pengguna Google,cukup memudahkan buat pesen pizza nya,3,2016-01-08 19:28:49,0,
Domino's Pizza Indonesia,com.phonegap.dominos,ec2ba008-212e-4cd0-871b-f520f213e5d8,Pengguna Google,Input alamat susah dan menunggu cukup lama,3,2016-01-01 13:15:49,0,
Domino's Pizza Indonesia,com.phonegap.dominos,e5b9c63a-b9cf-484a-ac2c-e46b2dc1b191,Pengguna Google,Lemot dan mau masukin alamat saja susah,3,2015-12-31 21:28:24,40,
Domino's Pizza Indonesia,com.phonegap.dominos,24e72e1f-72c8-470b-96f6-431ab6da1268,Pengguna Google,Dicoba dl. Kalo oke kasih bintang 5,3,2015-12-31 18:55:53,0,
Domino's Pizza Indonesia,com.phonegap.dominos,fffb68cf-ea93-4d2d-9683-4ad668b3ce1d,Pengguna Google,Bagus not bad,3,2015-12-30 19:52:29,0,
Domino's Pizza Indonesia,com.phonegap.dominos,c62f12b4-2b41-4a76-a4dd-852ea3025f24,Pengguna Google,"Bingung. Untung di bantu oleh Karyawan nya di lokasi. Coba kalo di rumah sendiri,bingung kali ya.",3,2015-12-23 17:19:05,0,
Domino's Pizza Indonesia,com.phonegap.dominos,583d4bc0-7575-4afa-b195-081b85683111,Pengguna Google,Aplikasi kdg suka eror,3,2015-12-23 15:54:19,0,
Domino's Pizza Indonesia,com.phonegap.dominos,53246ece-481d-45dc-a8cf-2e0fed1abae4,Pengguna Google,Krn ini first time.. agak membingungkan..,3,2015-12-02 18:47:02,0,
Domino's Pizza Indonesia,com.phonegap.dominos,31df0948-5042-4c5f-b50a-d5e533fedb41,Pengguna Google,Lebih diperbanyak lagi promo2 menarik lainnya....,3,2015-12-01 12:13:53,1,
Domino's Pizza Indonesia,com.phonegap.dominos,73bb49e8-7003-4804-9e82-9c79609f0a74,Pengguna Google,Kalau bisa lihat pengantaran di goggle maps lebih bgs,3,2015-11-18 17:58:38,0,
Domino's Pizza Indonesia,com.phonegap.dominos,c7c14cdf-14c9-4641-9fbd-db3ac9ac6509,Pengguna Google,Dapat bantu agar tidak jalan jauh,3,2015-11-08 10:21:00,0,
Domino's Pizza Indonesia,com.phonegap.dominos,8d3eba52-a43d-4655-96ab-872e5ab70775,Pengguna Google,"Ga nyampe rumah , janjian pinggir jl, eh ga pake kresek , ( aduuuhhh )",3,2015-11-02 16:21:23,0,
Domino's Pizza Indonesia,com.phonegap.dominos,6415c3fb-198d-4195-8a25-6ad7182cc426,Pengguna Google,"Tapi tiap delivery selalu ga bisa, gpp lah nambah bintang nih",3,2015-10-28 14:56:02,0,
Domino's Pizza Indonesia,com.phonegap.dominos,e4d0d2e0-fc7e-4229-b56c-230f5effdb30,Pengguna Google,Ngorder lemot..lari aja naik motor ke tempat jualnya aja langsung..pesan 2 loyang klar plang mkn kenyang,3,2015-10-26 09:40:31,0,
Domino's Pizza Indonesia,com.phonegap.dominos,104a3d38-ae44-4010-a768-33cfbbd1845b,Pengguna Google,"Memudahkan. Tapi app nya agak lemot, dan kadang susah log in. I'll give 5 stars if u could fix it . thanks",3,2015-10-18 09:34:09,0,
Domino's Pizza Indonesia,com.phonegap.dominos,6f3e0d85-8308-4b50-9f83-0d19eb3d0dd8,Pengguna Google,"Di bagian promo untuk versi android ko kosong terus, ga pernah ada promonya.",3,2015-10-13 18:09:53,0,
Domino's Pizza Indonesia,com.phonegap.dominos,a11ecd29-f0c2-4c7a-b5dc-7d15a52bae20,Pengguna Google,Tapi sayangnya pizza nya nggak gratis :v,3,2015-10-09 19:36:44,0,
Domino's Pizza Indonesia,com.phonegap.dominos,0a02701a-a416-4541-b5c6-8d80062b8422,Pengguna Google,"Tinggal klik, langsung order 😉",3,2015-10-06 09:17:19,0,
Domino's Pizza Indonesia,com.phonegap.dominos,f3d19b51-e6c7-413a-aa39-5238216eb2b3,Pengguna Google,Finally this app is available on Android 😊😊😊😊😊 Perlu diperbaiki karena sedikit lag,3,2015-10-03 01:58:53,0,
Domino's Pizza Indonesia,com.phonegap.dominos,159db51d-aae5-424a-8cb8-5a7be6d6a1a5,Pengguna Google,Promo nya harus lebih heboh lagi :D,3,2015-10-02 09:41:59,0,
Domino's Pizza Indonesia,com.phonegap.dominos,feea5acd-3d5a-4c57-a8c3-5d70ba9a699a,Pengguna Google,Lebih mudah utk order pizza'y,3,2015-09-26 22:12:45,0,
Domino's Pizza Indonesia,com.phonegap.dominos,579cac6d-6e23-4a8e-98cb-b774a59ba435,Pengguna Google,Ga bisa masukkin address nya..hadeeuh deso gw nih,3,2015-08-12 02:13:51,0,
Domino's Pizza Indonesia,com.phonegap.dominos,5e8c012d-8804-464e-bbf4-9a05a9102223,Pengguna Google,Klo bagus pelayanannya ane tambahin,3,2015-08-11 22:26:09,0,
Domino's Pizza Indonesia,com.phonegap.dominos,8fa09f16-9c9c-4c2f-9e9c-c4a4f4e8a849,Pengguna Google,Loading terus ga muncul2 menu nya,3,2015-08-07 13:24:46,1,
