"conversation_id_str,""created_at"",""favorite_count"",""full_text"",""id_str"",""image_url"",""in_reply_to_screen_name"",""lang"",""location"",""quote_count"",""reply_count"",""retweet_count"",""tweet_url"",""user_id_str"",""username""";;;;;;
"1895613978946257180,""Fri Feb 28 23:16:06 +0000 2025"",""0"",""Hi Fore Friends.... Sudah coba aplikasi Fore Coffee? Dapatkan diskon 50% untuk pembelian pertamamu! Download sekarang dan masukkan kode referral 6A04DC saat registrasi. https://t.co/jQPJcVrDvf"",""1895613978946257180"","""","""",""in"",""Jakarta Capital Region"",""0"",""0"",""0"",""https://x.com/OirkMan/status/1895613978946257180"",""2958665036"",""OirkMan""";;;;;;
"1895441305163170035,""Fri Feb 28 22:47:58 +0000 2025"",""1"",""@vidailyyy witir tu sholat penutup gasi ga harus setelah tarawih misal kalo sebelum sahur mau tahajud dulu nanti witir setelah tahajud gpp"",""1895606901305737350"","""",""vidailyyy"",""in"",""Semarang, Jawa Tengah"",""0"",""0"",""0"",""https://x.com/kukayung/status/1895606901305737350"",""1109799504352415746"",""kukayung""";;;;;;
"1895576539066220565,""Fri Feb 28 22:40:11 +0000 2025"",""0"",""@__chimichi hbd cok"",""1895604941202616763"","""",""__chimichi"",""in"",""Semarang, Jawa Tengah"",""0"",""0"",""0"",""https://x.com/kukayung/status/1895604941202616763"",""1109799504352415746"",""kukayung""";;;;;;
"1895414741725478921,""Fri Feb 28 22:22:22 +0000 2025"",""0"",""@draftanakunpad3 cobain fore deh matchanya lebih berasa (pesen less sugar wktu itu rasanya pas ga kebanyakan susu/cream"",""1895600457109913671"","""",""draftanakunpad3"",""in"","""",""0"",""0"",""0"",""https://x.com/tar_dulu/status/1895600457109913671"",""3270132038"",""tar_dulu""";;;;;;
"1895448221901807942,""Fri Feb 28 22:18:21 +0000 2025"",""0"",""@simjaeysn Ingyaah belikan aku fore segelas dengan roti holand selusin. Pasti aku hbisin.g"",""1895599448463720753"","""",""simjaeysn"",""in"",""𖣁애스파 —★ 카리나 ♥︎ 𝟮𝟬𝟬𝟬"",""0"",""0"",""0"",""https://x.com/bjiminyoo/status/1895599448463720753"",""1251526384310083584"",""bjiminyoo""";;;;;;
"1895448221901807942,""Fri Feb 28 22:14:09 +0000 2025"",""0"",""@simjaeysn Gmw maafin sebelum terima fore 4 gelas"",""1895598388609257605"","""",""simjaeysn"",""in"",""𖣁애스파 —★ 카리나 ♥︎ 𝟮𝟬𝟬𝟬"",""0"",""1"",""0"",""https://x.com/bjiminyoo/status/1895598388609257605"",""1251526384310083584"",""bjiminyoo""";;;;;;
"1895334399110946965,""Fri Feb 28 21:52:29 +0000 2025"",""1"",""@BaseAnakFK MasyaAllah Tabarakallah keren banget kakaknya"",""1895592936051736688"","""",""BaseAnakFK"",""in"","""",""0"",""0"",""0"",""https://x.com/skawngr_j/status/1895592936051736688"",""1510137626984316929"",""skawngr_j""";;;;;;
"1895591119653912981,""Fri Feb 28 21:45:15 +0000 2025"",""0"",""Aycaaaa serass demain 10h "",""1895591119653912981"","""","""",""in"","""",""0"",""0"",""0"",""https://x.com/kan_fore/status/1895591119653912981"",""1161808955905060864"",""kan_fore""";;;;;;
"1895589001551364430,""Fri Feb 28 21:36:50 +0000 2025"",""0"",""Hi Fore Friends.... Sudah coba aplikasi Fore Coffee? Dapatkan diskon 50% untuk pembelian pertamamu! Download sekarang dan masukkan kode referral 6A04DC saat registrasi. https://t.co/7BcmmM8cW3"",""1895589001551364430"","""","""",""in"",""Jakarta"",""0"",""0"",""0"",""https://x.com/Rio_D2Q/status/1895589001551364430"",""80601455"",""Rio_D2Q""";;;;;;
"1895587015481291182,""Fri Feb 28 21:28:57 +0000 2025"",""1"",""sahur pertama pake fore butterscotch sea salt latte less sugar bismillah aman sampe buka puasa"",""1895587015481291182"","""","""",""in"","""",""1"",""1"",""0"",""https://x.com/hwhjchuu/status/1895587015481291182"",""1245197858136928257"",""hwhjchuu""";;;;;;
"1895552928133586969,""Fri Feb 28 21:21:15 +0000 2025"",""0"",""@hrdbacot nonton windahhh"",""1895585079281492459"","""",""hrdbacot"",""in"","""",""0"",""0"",""0"",""https://x.com/kepikhijauu/status/1895585079281492459"",""1213520621742612480"",""kepikhijauu""";;;;;;
"1895509721366593588,""Fri Feb 28 21:09:29 +0000 2025"",""0"",""@danteisntyours sesuap kopi fore"",""1895582117922541940"","""",""danteisntyours"",""in"",""★"",""0"",""1"",""0"",""https://x.com/tigerive/status/1895582117922541940"",""961204112925761536"",""tigerive""";;;;;;
"1894764198011523082,""Fri Feb 28 20:46:50 +0000 2025"",""0"",""@Sainctuairy Oh ini fore yang masih di kulkasmu itu?"",""1895576414721884319"","""",""Sainctuairy"",""in"",""N's."",""0"",""1"",""0"",""https://x.com/foisht/status/1895576414721884319"",""804599030567161856"",""foisht""";;;;;;
"1895524851991134373,""Fri Feb 28 20:36:37 +0000 2025"",""0"",""@tebong1811 Tim fore apa tuku"",""1895573846704693675"","""",""tebong1811"",""in"",""Bekasi"",""0"",""1"",""0"",""https://x.com/rezaimamri/status/1895573846704693675"",""2829874339"",""rezaimamri""";;;;;;
"1895569026296017047,""Fri Feb 28 20:17:28 +0000 2025"",""0"",""@narauhlll selamat sahur semoga puasanya lancar dari godaan Fore "",""1895569026296017047"","""",""narauhlll"",""in"",""osaka"",""0"",""1"",""0"",""https://x.com/streets_engine/status/1895569026296017047"",""3015988158"",""streets_engine""";;;;;;
"1895559147011391936,""Fri Feb 28 19:43:29 +0000 2025"",""0"",""@NickJFreitas Hahahahaaha!"",""1895560475364245787"","""",""NickJFreitas"",""tl"",""Amarillo, TX"",""0"",""0"",""0"",""https://x.com/ForeBellum/status/1895560475364245787"",""1296158223565828098"",""ForeBellum""";;;;;;
"1895559716102947103,""Fri Feb 28 19:40:28 +0000 2025"",""0"",""Kode promo refferal fore coffee diskon 50% max 35k 3x transaksi bisa menu minuman &amp";" makanan semua varian menu untuk pengguna baru yaps!!! A0BCAE Fore coffee belasan ribu aja seng Kalo kesusahan masukin referral nya bisa dm aku yaaa manieszzz #zonauang #zonajajan https://t.co/YTfSYYnrwc"",""1895559716102947103"",""https://pbs.twimg.com/media/Gk5hgvRWsAAfwSH.jpg"","""",""in"",""Palembang"",""0"",""0"",""0"",""https://x.com/hopeeblueside/status/1895559716102947103"",""1227609279395291137"",""hopeeblueside""";;;;;
"1895484190176776622,""Fri Feb 28 19:16:55 +0000 2025"",""0"",""@gatriwara Lucifer tongkrongannya ternyata anak-anak fore yaa? "",""1895553789257748836"","""",""gatriwara"",""in"",""Ariko Ryandika♡"",""0"",""1"",""0"",""https://x.com/catherinebluu/status/1895553789257748836"",""1361733323333111809"",""catherinebluu""";;;;;;
"1895542950287073645,""Fri Feb 28 19:05:53 +0000 2025"",""0"",""@snugvle HAH SUMPAH GATAU......im not a coffee person‍️‍️tadi ya pesen americano aja ga ada arabic-arabicnya atau apalah itu. kata temenku punya kopken lebih light gitu rasanya jadi masih berasa segerr peachnya. kalau punya fore strong banget rasa amenya"",""1895551012251000990"","""",""snugvle"",""in"",""19"",""0"",""1"",""0"",""https://x.com/mqahkota/status/1895551012251000990"",""766274383518326784"",""mqahkota""";;;;;;
"1895546429760004479,""Fri Feb 28 18:47:41 +0000 2025"",""0"",""wishlist gue ntar penelitian ke sby wlpn sehari: sushi go reddog fore ini kyknya bakalan nambah lgi ntar drh mikir dlu"",""1895546429760004479"","""","""",""in"","""",""0"",""1"",""0"",""https://x.com/rlyfih/status/1895546429760004479"",""1262718295737683968"",""rlyfih""";;;;;;
"1895538978667024505,""Fri Feb 28 18:18:04 +0000 2025"",""19"",""JOJO DAJA SI HAN KTO FORE LOQKA JEMM JOOO"",""1895538978667024505"","""","""",""in"","""",""0"",""0"",""0"",""https://x.com/DreamyD81039/status/1895538978667024505"",""1892225820338343937"",""DreamyD81039""";;;;;;
"1895533253723111512,""Fri Feb 28 17:55:19 +0000 2025"",""0"",""Closingan pake fore large sz ternyata sebvah kesalahan. Ngga bisa tidoorrrrr. Huft Untung besok blm ikut puasa "",""1895533253723111512"","""","""",""in"",""Surakarta, Jawa Tengah"",""0"",""0"",""0"",""https://x.com/belsxxx_/status/1895533253723111512"",""1246087184995586053"",""belsxxx_""";;;;;;
"1895522405126455775,""Fri Feb 28 17:12:13 +0000 2025"",""0"",""Yg mau minum kopi / matcha fore coffee yuk download appnya &amp";" daftar pake kode 52BAB5 biar dpt voucher 50% maks 35rb!! Kpn lg butterscotch sea salt latte / matcha green tea jd 15rb? Menu yg lain jg bs"",""1895522405126455775"","""","""",""in"",""full thread:"",""0"",""0"",""0"",""https://x.com/cupidhoneymoon/status/1895522405126455775"",""1649420658785353736"",""cupidhoneymoon""";;;;;
"1895520982393344055,""Fri Feb 28 17:08:40 +0000 2025"",""0"",""Pikirku dia pulang kerja balik rumah paling dijemput jam 7 an biasanya kalo mau ketemu juga gitu. Ternyata salah kawan doi nyusulin jam 5 dari tempat kerjanya langsung ke fore"",""1895521514214343000"","""",""_put18"",""in"","""",""0"",""1"",""0"",""https://x.com/_put18/status/1895521514214343000"",""1764622715590467584"",""_put18""";;;;;;
"1895520982393344055,""Fri Feb 28 17:06:33 +0000 2025"",""0"",""Tadi sore memang niat nongkrong di fore sambil nungguin pacarku yg katanya mau nemenin. Sepanjang pacaran emang paling susah bilang jemput aku sampe tadi akhirnya memutuskan buat chat bilang jemput aku yaa nantii "",""1895520982393344055"","""","""",""in"","""",""0"",""1"",""0"",""https://x.com/_put18/status/1895520982393344055"",""1764622715590467584"",""_put18""";;;;;;
"1895479582733856791,""Fri Feb 28 17:05:42 +0000 2025"",""0"",""@hotamericano920 Tadi sebelah Fore ada Gacoan. Mau mam tapi takut pas puasa malah diare"",""1895520768664223835"","""",""hotamericano920"",""in"",""BE - D"",""0"",""1"",""0"",""https://x.com/esteamaniss/status/1895520768664223835"",""1031366565919248384"",""esteamaniss""";;;;;;
"1895442572883218434,""Fri Feb 28 16:52:45 +0000 2025"",""0"",""@jiubora @kredivo Kak sekarang gimana?"",""1895517509518049772"","""",""jiubora"",""in"",""Since 2021"",""0"",""1"",""0"",""https://x.com/tinystaar/status/1895517509518049772"",""759644152262864897"",""tinystaar""";;;;;;
"1895163067669061820,""Fri Feb 28 16:45:48 +0000 2025"",""0"",""@salmonbellyss ada fore buat pelariann"",""1895515759226601646"","""",""salmonbellyss"",""in"","""",""0"",""1"",""0"",""https://x.com/gakboyeh/status/1895515759226601646"",""1204518408"",""gakboyeh""";;;;;;
"1895478904573559251,""Fri Feb 28 16:25:18 +0000 2025"",""1"",""@varaprive podo mbeduk entuk fore tapi gaenek banyune"",""1895510599909650882"","""",""varaprive"",""in"","""",""0"",""0"",""0"",""https://x.com/temporaryhels/status/1895510599909650882"",""1256702999805587462"",""temporaryhels""";;;;;;
"1895507065222943120,""Fri Feb 28 16:13:50 +0000 2025"",""0"",""@PFHUWIN tukeran yuk kamu ngasih aku fore aku ngasih kamu esteh cekek"",""1895507714316575066"","""",""PFHUWIN"",""in"","""",""0"",""1"",""0"",""https://x.com/kuhroasi/status/1895507714316575066"",""3295143739"",""kuhroasi""";;;;;;
"1895500561694560530,""Fri Feb 28 15:57:51 +0000 2025"",""0"",""@ceritadungimut Cimut minumnya fore tp kalo kedung kopikap ya"",""1895503690444034270"","""",""ceritadungimut"",""in"","""",""0"",""1"",""0"",""https://x.com/rifkinism/status/1895503690444034270"",""1088731864729153537"",""rifkinism""";;;;;;
"1895500561694560530,""Fri Feb 28 15:55:49 +0000 2025"",""0"",""@ceritadungimut Princess ternyata anak fore️"",""1895503181066785072"","""",""ceritadungimut"",""in"","""",""0"",""0"",""0"",""https://x.com/aloettaz/status/1895503181066785072"",""4848698478"",""aloettaz""";;;;;;
"1895482340593537520,""Fri Feb 28 15:44:55 +0000 2025"",""0"",""@uncegl Weiii fore ku mana???"",""1895500436033155213"","""",""uncegl"",""in"",""Jawa Timur, Indonesia"",""0"",""0"",""0"",""https://x.com/Ren_Rawinaira/status/1895500436033155213"",""1684919963931619328"",""Ren_Rawinaira""";;;;;;
"1895499537659359242,""Fri Feb 28 15:41:21 +0000 2025"",""1"",""Teri hasti bht pehle mit chuki hai convert....tere baap dadao ka asli naam ramlal tha....jinko tu baap maan rahi h...wo teri fore mothers ke violaters hai So basically you are celebrating r@pists of your own mothers.... I pity you"",""1895499537659359242"","""","""",""in"","""",""0"",""0"",""0"",""https://x.com/Soldier2201/status/1895499537659359242"",""1679500487786364931"",""Soldier2201""";;;;;;
"1895498365343092937,""Fri Feb 28 15:36:42 +0000 2025"",""0"",""(+) iyh gua cinta fore tp MAHAL"",""1895498368849514985"","""",""iijiillii"",""in"",""166'24 – 150'24"",""0"",""0"",""0"",""https://x.com/iijiillii/status/1895498368849514985"",""1785159339583606784"",""iijiillii""";;;;;;
"1895498365343092937,""Fri Feb 28 15:36:41 +0000 2025"",""0"","" km terlalu fore buat aku yg terlalu jumpstart @civillainn akbar 2025"",""1895498365343092937"","""","""",""in"",""166'24 – 150'24"",""0"",""2"",""0"",""https://x.com/iijiillii/status/1895498365343092937"",""1785159339583606784"",""iijiillii""";;;;;;
"1895497651212492918,""Fri Feb 28 15:33:51 +0000 2025"",""0"",""Ya gimana fore udah nempel dimulut https://t.co/tzUl1ayOyC"",""1895497651212492918"",""https://pbs.twimg.com/media/Gk4pET2bIAAOqb4.jpg"","""",""in"","""",""0"",""0"",""0"",""https://x.com/frdillag/status/1895497651212492918"",""1820291495167238144"",""frdillag""";;;;;;
"1895497348840931448,""Fri Feb 28 15:32:39 +0000 2025"",""2"",""i love fore semoga yg bikin fore masuk surga"",""1895497348840931448"","""","""",""in"",""166'24 – 150'24"",""0"",""1"",""1"",""https://x.com/iijiillii/status/1895497348840931448"",""1785159339583606784"",""iijiillii""";;;;;;
"1895495512318783782,""Fri Feb 28 15:25:21 +0000 2025"",""0"",""semoga lambung aman besok.. Soalnya hari ini minum fore banyak banget makam cirawit pula"",""1895495512318783782"","""","""",""in"","""",""0"",""0"",""0"",""https://x.com/strongirrlll/status/1895495512318783782"",""1224971718428545026"",""strongirrlll""";;;;;;
"1895495500100731278,""Fri Feb 28 15:25:18 +0000 2025"",""0"",""masih fore butterschotch sea salt latte"",""1895495500100731278"","""","""",""in"",""dnf wo consent"",""0"",""0"",""0"",""https://x.com/sukajajaan/status/1895495500100731278"",""1809966560448299008"",""sukajajaan""";;;;;;
"1895494251708104872,""Fri Feb 28 15:20:20 +0000 2025"",""0"",""Abis makan pedes sama fore banyak banget . Semoga besok lambung aman"",""1895494251708104872"","""","""",""in"",""West Java"",""0"",""0"",""0"",""https://x.com/kookiepi/status/1895494251708104872"",""2487401196"",""kookiepi""";;;;;;
"1895476572783849744,""Fri Feb 28 15:18:38 +0000 2025"",""0"",""@goteachothers kantorku kalo telat potong 50k mayan bisa jajan fore "",""1895493823356375196"","""",""goteachothers"",""in"","""",""0"",""1"",""0"",""https://x.com/onigirimayooo/status/1895493823356375196"",""1406487643802664972"",""onigirimayooo""";;;;;;
"1895482024418537579,""Fri Feb 28 14:58:57 +0000 2025"",""0"",""@cleoesdingin @kredivo Iya kak va bca padahal biasanya langsung berubah help @kredivo"",""1895488870424453368"","""",""cleoesdingin"",""in"",""Since 2021"",""0"",""2"",""0"",""https://x.com/tinystaar/status/1895488870424453368"",""759644152262864897"",""tinystaar""";;;;;;
"1895442572883218434,""Fri Feb 28 14:58:38 +0000 2025"",""0"",""@jiubora @kredivo Kak mau update dong kalo udah ada perubahan :("",""1895488790644547890"","""",""jiubora"",""in"",""Since 2021"",""0"",""1"",""0"",""https://x.com/tinystaar/status/1895488790644547890"",""759644152262864897"",""tinystaar""";;;;;;
"1895132555625799817,""Fri Feb 28 14:54:36 +0000 2025"",""0"",""@chocopieezzzzzz Cakep banget barista fore perintis andalanku wkwkwkwwkwkwk sekilas mirip Angga Yunanda "",""1895487776256393399"","""",""chocopieezzzzzz"",""in"","""",""0"",""0"",""0"",""https://x.com/Brian1665636467/status/1895487776256393399"",""1817104157335257091"",""Brian1665636467""";;;;;;
"1895442572883218434,""Fri Feb 28 14:51:18 +0000 2025"",""0"",""@jiubora @kredivo Kak mjb udah berubah belum?"",""1895486944861430214"","""",""jiubora"",""in"",""Since 2021"",""0"",""1"",""0"",""https://x.com/tinystaar/status/1895486944861430214"",""759644152262864897"",""tinystaar""";;;;;;
"1895482024418537579,""Fri Feb 28 14:50:30 +0000 2025"",""0"",""@cleoesdingin @kredivo Bolehhh kak"",""1895486743862014114"","""",""cleoesdingin"",""in"",""Since 2021"",""0"",""1"",""0"",""https://x.com/tinystaar/status/1895486743862014114"",""759644152262864897"",""tinystaar""";;;;;;
"1895467925546664190,""Fri Feb 28 14:49:58 +0000 2025"",""0"",""tp hari ini gagal challenge utk tdk ngopi sampe lebaran krn td beli fore"",""1895486608763421169"","""",""arntsaaa"",""in"",""she/her"",""0"",""0"",""0"",""https://x.com/arntsaaa/status/1895486608763421169"",""1131706989287895040"",""arntsaaa""";;;;;;
"1895485253055389823,""Fri Feb 28 14:44:35 +0000 2025"",""1"",""SELAMAT PUASA TRMEN TEMEN MAFIN KALAU ADA SALAH KALAU GAK ADA YA GPP jgn lupa fore before ramadhan https://t.co/rVPzxPy203"",""1895485253055389823"",""https://pbs.twimg.com/media/Gk4dwaDW8AAlQD2.jpg"","""",""in"",""dnss cok!!!!!"",""0"",""1"",""0"",""https://x.com/LiliENHYPEN/status/1895485253055389823"",""1149266774161887233"",""LiliENHYPEN""";;;;;;
"1895482024418537579,""Fri Feb 28 14:31:45 +0000 2025"",""0"",""@kredivo kredivo nih lagi error? Udah bayar daritadi jam set 7 sampe sekarang belum berubah statusnya padahal pake va Tolong banget dong benerin temen saya pake va bca langsung terverif kok"",""1895482024418537579"","""",""kredivo"",""in"",""Since 2021"",""0"",""6"",""0"",""https://x.com/tinystaar/status/1895482024418537579"",""759644152262864897"",""tinystaar""";;;;;;
"1895290500896403512,""Fri Feb 28 14:25:28 +0000 2025"",""0"",""@clickmeplis setia sama fore"",""1895480442868187622"","""",""clickmeplis"",""in"",""Nomaden"",""0"",""1"",""0"",""https://x.com/gumwybear/status/1895480442868187622"",""157956099"",""gumwybear""";;;;;;
"1895478206339428805,""Fri Feb 28 14:16:35 +0000 2025"",""1"",""Season 1 : wonpil bantal guling Season 2 : wonpil kalah terus + naik kapal + ditinggal mam pas main petak umpet Season 3 : wonpil cm makan onigiri sama popmie WONPIL DESERVE AKU TRAKTIR BUBUR PELANGI LAOTA BEBEK PANGGANG SETENGAH PORSI ROTI O 1 LUSIN SAMA KOPI FORE"",""1895478206339428805"","""","""",""in"",""the darkest side of my brain"",""0"",""0"",""0"",""https://x.com/GomJjinPengSoo/status/1895478206339428805"",""1780916913188786176"",""GomJjinPengSoo""";;;;;;
"1895447501433680293,""Fri Feb 28 14:15:28 +0000 2025"",""0"",""@gurzgesagt Hari ini gajian hehehehe terus tadi pertama kalinya diajakin jajan sama anak magang! Nyobain Fore Iced butterscotch milk crumble dan enak bangettt"",""1895477927921520908"","""",""gurzgesagt"",""in"","""",""0"",""1"",""0"",""https://x.com/effervescent___/status/1895477927921520908"",""268124308"",""effervescent___""";;;;;;
"1895476600227180914,""Fri Feb 28 14:10:12 +0000 2025"",""0"",""nokos star 3k tersedia untuk wa tele gmail gojek grab maxim shopee ovo lazada dana kakaotalk fore coffee google youtube. garansi dan no garansi bisa ditanyakan lewat wa fsr sat set. #zonauang"",""1895476600227180914"","""","""",""in"",""close dm, wa only"",""0"",""0"",""0"",""https://x.com/_kitheu/status/1895476600227180914"",""2417656292"",""_kitheu""";;;;;;
"1895476430932471927,""Fri Feb 28 14:09:32 +0000 2025"",""0"",""kopi kenangan + fore = nyata begadang malam ini :)"",""1895476430932471927"","""","""",""in"","""",""0"",""1"",""0"",""https://x.com/chanthename/status/1895476430932471927"",""280424593"",""chanthename""";;;;;;
"1895439174742028483,""Fri Feb 28 14:02:03 +0000 2025"",""0"",""@kogaerashi BA Fore rehat dulu ya?"",""1895474551695589560"","""",""kogaerashi"",""in"",""Cyber, 21+"",""0"",""0"",""0"",""https://x.com/Reposetory/status/1895474551695589560"",""1629665754"",""Reposetory""";;;;;;
"1895473160826548521,""Fri Feb 28 13:57:23 +0000 2025"",""0"",""fore aren sama krosan enak tp anjim ujan deres bgt males keluar kamar"",""1895473374476001754"","""",""emosi"",""in"",""bucinku"",""0"",""0"",""0"",""https://x.com/emosi/status/1895473374476001754"",""562497658"",""emosi""";;;;;;
"1895472228239802736,""Fri Feb 28 13:52:50 +0000 2025"",""0"",""baru inget beli fore td ahshakjshs blm keminum masi di kulkas"",""1895472228239802736"","""","""",""in"","""",""0"",""0"",""0"",""https://x.com/pirxly/status/1895472228239802736"",""1299670039839162369"",""pirxly""";;;;;;
"1895466835774161003,""Fri Feb 28 13:31:24 +0000 2025"",""0"",""guys ada yang mau voucher kopi fore diskon 50% sampe 35rb tidak ya? aku ada voucher new user nya fore hari ini terakhir aku baru ngeh tp aku dah terlanjur beli kopi :(("",""1895466835774161003"","""","""",""in"","""",""0"",""0"",""0"",""https://x.com/hanmeowwsan/status/1895466835774161003"",""1474668883868930049"",""hanmeowwsan""";;;;;;
"1895440120624341162,""Fri Feb 28 13:30:21 +0000 2025"",""0"",""@munvess Gas temenan coba butterscotch sea salt latte nya fore?"",""1895466572065689718"","""",""munvess"",""in"",""He, Hiranya. | READ BYF :"",""1"",""0"",""0"",""https://x.com/Vinmsmoke/status/1895466572065689718"",""1570339473715765251"",""Vinmsmoke""";;;;;;
"1895465848145666078,""Fri Feb 28 13:27:28 +0000 2025"",""0"",""Ehhh besok gabisa pesen fore siang hari bolong dong"",""1895465848145666078"","""","""",""in"","""",""0"",""0"",""0"",""https://x.com/choisanniegf/status/1895465848145666078"",""1844416499924205572"",""choisanniegf""";;;;;;
"1895465774581735559,""Fri Feb 28 13:27:11 +0000 2025"",""2"",""lagi ujan tapii dia (adek gue) rela nganterin gue ke fore karna guee pengen banget butterscotch nya https://t.co/iGdu6X8oYT"",""1895465774581735559"",""https://pbs.twimg.com/media/Gk4MEfsXkAAuSS4.jpg"","""",""in"","""",""0"",""0"",""0"",""https://x.com/abillptr/status/1895465774581735559"",""1855080948377042949"",""abillptr""";;;;;;
"1895464459256402385,""Fri Feb 28 13:21:57 +0000 2025"",""1"",""i love you fore eh maksudnya kipli https://t.co/V9cjfOrQJd"",""1895464459256402385"",""https://pbs.twimg.com/media/Gk4K3-UbkAAXc3Y.jpg"","""",""in"","""",""1"",""1"",""1"",""https://x.com/bayih/status/1895464459256402385"",""3002509946"",""bayih""";;;;;;
"1895463507963101581,""Fri Feb 28 13:18:10 +0000 2025"",""1"",""pdhl anak pertama itu trail error parenting wkwkwkwkwkwkwkw kaka ga boleh gitu itu jelek buat mental nya adek KONTOL ANJING GW GIMANA INI UDAH KENAK BANGET BABI"",""1895463507963101581"","""","""",""in"","""",""0"",""0"",""0"",""https://x.com/fore4life/status/1895463507963101581"",""1878994568286507009"",""fore4life""";;;;;;
"1895461600569725172,""Fri Feb 28 13:14:51 +0000 2025"",""1"",""@dynnaHere Napa luuuuu galaw lgi besok fore yu"",""1895462672948469789"","""",""dynnaHere"",""in"",""Mdn"",""0"",""1"",""0"",""https://x.com/bckbrnerdetect/status/1895462672948469789"",""1767262670485639168"",""bckbrnerdetect""";;;;;;
"1895462374808883706,""Fri Feb 28 13:13:40 +0000 2025"",""0"",""Dua hari lalu beli fore yg pure chamomile surpsringly bikin nyenyak tidur dan bangun2 badan seger &amp";" ga ngantuk https://t.co/PSbJaQgL5g"",""1895462374808883706"",""https://pbs.twimg.com/media/Gk4I98hbgAAuwCb.jpg"","""",""in"",""Earth"",""0"",""0"",""0"",""https://x.com/owroje/status/1895462374808883706"",""936312763"",""owroje""";;;;;
"1895462226821279903,""Fri Feb 28 13:13:05 +0000 2025"",""1"",""hallo! aku sudah open nokos mulai 3k dengan pilihan wa tele gmail gojek grab maxim shopee ovo lazada dana kakaotalk fore coffee google youtube. garansi atau nogar langsung wa di bio. #zonauang"",""1895462226821279903"","""","""",""in"",""close dm, wa only"",""0"",""0"",""0"",""https://x.com/_kitheu/status/1895462226821279903"",""2417656292"",""_kitheu""";;;;;;
"1895461819571171757,""Fri Feb 28 13:11:28 +0000 2025"",""0"",""badan gue bener bener gak bisa masuk kopi samsek bahkan yang seringan kopinya fore aja bikin geter sama pusing anjr"",""1895461819571171757"","""","""",""in"",""Bogor, Indonesia"",""0"",""0"",""0"",""https://x.com/ladoublle/status/1895461819571171757"",""1118157046254190592"",""ladoublle""";;;;;;
"1895442372148035709,""Fri Feb 28 13:05:22 +0000 2025"",""0"",""@nadiclofenark Lebih suka matchanya fore yaa?"",""1895460283688362453"","""",""nadiclofenark"",""in"",""🇵🇸"",""0"",""1"",""0"",""https://x.com/moonstarsvv/status/1895460283688362453"",""1313839413403607042"",""moonstarsvv""";;;;;;
"1895457542136074719,""Fri Feb 28 12:54:28 +0000 2025"",""0"",""Ggr pemerintah gw taraweh di fore sendiri"",""1895457542136074719"","""","""",""in"",""homophobic dni dnf ";" rps 🔞"",""0"",""1"",""0"",""https://x.com/myungjaerz/status/1895457542136074719"",""1765183985658015744"",""myungjaerz""";;;;;
"1895455826678276598,""Fri Feb 28 12:47:39 +0000 2025"",""1"",""fore atau tomoro bsk siang buka ga ya? pengen nugas diluar tp gamau malem:( aku ga puasa soalnya"",""1895455826678276598"","""","""",""in"",""jgn scroll bukan fan acc"",""0"",""2"",""0"",""https://x.com/yjilve/status/1895455826678276598"",""1563780086197006336"",""yjilve""";;;;;;
"1895134009598099479,""Fri Feb 28 12:45:18 +0000 2025"",""0"",""@nananyamark KAK MAUUUUU SEHAT SELALU YA "",""1895455236661338150"","""",""nananyamark"",""in"",""xh n f1 enjoyers"",""0"",""0"",""0"",""https://x.com/i8fore/status/1895455236661338150"",""1629733261575606272"",""i8fore""";;;;;;
"1895326313868861491,""Fri Feb 28 12:43:29 +0000 2025"",""1"",""@dikeytsel_ kita tarik aja dia ke fore terdekat. eaaak"",""1895454777804562568"","""",""dikeytsel_"",""in"","""",""0"",""0"",""0"",""https://x.com/saiyangnyayuya/status/1895454777804562568"",""1754320529719541760"",""saiyangnyayuya""";;;;;;
"1895454205747622196,""Fri Feb 28 12:41:13 +0000 2025"",""14"",""Closingan di fore aja deh https://t.co/UbnUGvNlKE"",""1895454205747622196"",""https://pbs.twimg.com/media/Gk4Bi3tXcAA96t4.jpg"","""",""in"",""Sidoarjo, Indonesia"",""0"",""4"",""0"",""https://x.com/full0fsheet/status/1895454205747622196"",""1320369631"",""full0fsheet""";;;;;;
"1895453215711522816,""Fri Feb 28 12:41:04 +0000 2025"",""0"",""@piscestigious Bleh soalnya gw biasanya birthday treat fore gw pilih kopi yg paling mahal. "",""1895454171211714653"","""",""piscestigious"",""in"",""N. Rona Amerta"",""0"",""2"",""0"",""https://x.com/forestwound/status/1895454171211714653"",""1776745806319833088"",""forestwound""";;;;;;
"1895453837118656801,""Fri Feb 28 12:39:45 +0000 2025"",""0"",""aku punya voucher fore potongan 50% ada yg mau gaa? sayang bgt kalo hangus https://t.co/Lw93wBYQQg"",""1895453837118656801"",""https://pbs.twimg.com/media/Gk4BOBwWgAAL56m.jpg"","""",""in"","""",""0"",""2"",""0"",""https://x.com/eightyeightbae/status/1895453837118656801"",""1215441373597290496"",""eightyeightbae""";;;;;;
"1895418574652735514,""Fri Feb 28 12:38:57 +0000 2025"",""0"",""@imdatbitj Fore terus kasihan dompet tapi "",""1895453637608186049"","""",""imdatbitj"",""in"",""disebelahmu kalo kamu mau"",""0"",""0"",""0"",""https://x.com/namakurayooo/status/1895453637608186049"",""1280712222117728256"",""namakurayooo""";;;;;;
"1895453575188471818,""Fri Feb 28 12:38:42 +0000 2025"",""0"",""closingan hari ini ditutup dgn fore alhamdulillah "",""1895453575188471818"","""","""",""in"","""",""0"",""0"",""0"",""https://x.com/dwiamaliyahh/status/1895453575188471818"",""1497948845481013248"",""dwiamaliyahh""";;;;;;
"1895453028595179628,""Fri Feb 28 12:36:32 +0000 2025"",""0"",""Pgn fore"",""1895453028595179628"","""","""",""in"","""",""0"",""0"",""0"",""https://x.com/__hyhxngg/status/1895453028595179628"",""1545958285861621760"",""__hyhxngg""";;;;;;
"1895451473426939905,""Fri Feb 28 12:30:21 +0000 2025"",""0"",""penemu manuka americano fore semoga masuk surga"",""1895451473426939905"","""","""",""in"","""",""0"",""0"",""0"",""https://x.com/godspeedsz/status/1895451473426939905"",""1156236004690292736"",""godspeedsz""";;;;;;
"1895440120624341162,""Fri Feb 28 12:26:01 +0000 2025"",""0"",""@munvess cobain iced bumi latte nya fore dehhh"",""1895450380596838715"","""",""munvess"",""in"",""24+ // MDNI 🔞"",""1"",""0"",""0"",""https://x.com/alignied/status/1895450380596838715"",""2238584311"",""alignied""";;;;;;
"1895446841061449900,""Fri Feb 28 12:23:17 +0000 2025"",""0"",""@eoiyeila puasa buat yg Islam percuma berakal kalo penyembah tumblr fore"",""1895449695948022137"","""",""eoiyeila"",""in"","""",""0"",""0"",""0"",""https://x.com/pengrajinkendi/status/1895449695948022137"",""1761056630941306880"",""pengrajinkendi""";;;;;;
"1895304481744789809,""Fri Feb 28 12:22:19 +0000 2025"",""0"",""@joya_isaura Ka joy cobain matcha fore kalo di indonesia"",""1895449450426106114"","""",""joya_isaura"",""in"","""",""0"",""0"",""0"",""https://x.com/Sintaa___/status/1895449450426106114"",""1142823193331163137"",""Sintaa___""";;;;;;
"1895448922442940497,""Fri Feb 28 12:20:13 +0000 2025"",""4"",""My Dad: Alaafin Gberu gbokan le ore Ore si fun ni odun mokanla inu didun amo ojo kan lofi saso re sita ti idunu odun mokanla fi di nkan abamo. E maa sora fore. Thank you Baami!"",""1895448922442940497"","""","""",""in"",""Beside you"",""0"",""0"",""1"",""https://x.com/EsuLaalu/status/1895448922442940497"",""1509799031614099468"",""EsuLaalu""";;;;;;
"1895440120624341162,""Fri Feb 28 12:17:28 +0000 2025"",""0"",""@munvess fore atau tuku sih"",""1895448230382743559"","""",""munvess"",""in"",""cisya aninda"",""1"",""0"",""0"",""https://x.com/faezries/status/1895448230382743559"",""2963525823"",""faezries""";;;;;;
"1895428783949390045,""Fri Feb 28 11:00:12 +0000 2025"",""1"",""ada diskon menu fore coffee 50% caranya: 1. install apps fore coffee 2. daftar dan klik bagian memiliki kode referral lalu masukin kode referral C39FF8 tags. promo refferal kopi gratis murah ngopi kuota hari ini shopee tokopedia sidang isbat hilal puasa https://t.co/dD9KS4QXSA"",""1895428783949390045"",""https://pbs.twimg.com/media/Gk3qbd5WoAAfo4R.jpg"","""",""in"","""",""0"",""0"",""0"",""https://x.com/diskonfore/status/1895428783949390045"",""1301411731919441921"",""diskonfore""";;;;;;
"1895427773088539109,""Fri Feb 28 10:56:11 +0000 2025"",""0"",""Sudah coba aplikasi Fore Coffee? Dapatkan diskon 50% untuk pembelian pertamamu! Download sekarang dan masukkan kode referral 6A04DC saat registrasi. https://t.co/jQPJcVrDvf"",""1895427773088539109"","""","""",""in"",""Jakarta Capital Region"",""0"",""0"",""0"",""https://x.com/OirkMan/status/1895427773088539109"",""2958665036"",""OirkMan""";;;;;;
"1894663204787425317,""Fri Feb 28 10:55:53 +0000 2025"",""0"",""@lakypntt @FadilahRika2 @augusta_tehe aku pernah daftar pake no m3. terus udah gitu aku daftar lagi pake nomorku xl yg blm pernah daftar fore. tp gak dapet vouchernya.. di HP yg sama"",""1895427700707488014"","""",""lakypntt"",""in"","""",""0"",""1"",""0"",""https://x.com/Arahangiin/status/1895427700707488014"",""1944595872"",""Arahangiin""";;;;;;
"1895424179702468680,""Fri Feb 28 10:41:54 +0000 2025"",""0"",""Vee gue kasi kopi dah biar semangat. Bilang mau fore apa tuku apa yg mana? STOP ANJ JANGAN GODAIN AK https://t.co/VKzHoxOttR"",""1895424179702468680"","""","""",""in"",""동런 • shitpost "",""0"",""0"",""0"",""https://x.com/svveetyrh/status/1895424179702468680"",""1388514944077811718"",""svveetyrh""";;;;;;
"1895409457246654703,""Fri Feb 28 10:40:58 +0000 2025"",""0"",""@cipahayi loh sbux udah ganti ke fore?"",""1895423943470907540"","""",""cipahayi"",""in"","""",""0"",""1"",""0"",""https://x.com/antertahu/status/1895423943470907540"",""1255125076745129984"",""antertahu""";;;;;;
"1895422554728542504,""Fri Feb 28 10:35:26 +0000 2025"",""0"",""Nyaris aja lupa redeem birthday voucher dari fore https://t.co/4r4oyoCbZW"",""1895422554728542504"",""https://pbs.twimg.com/media/Gk3kw7_XUAANEPR.jpg"","""",""in"","""",""0"",""0"",""0"",""https://x.com/loeyscherry27/status/1895422554728542504"",""1663793248933142529"",""loeyscherry27""";;;;;;
"1895419844448911400,""Fri Feb 28 10:24:40 +0000 2025"",""0"",""@24studio_ cdm ya kakk"",""1895419844448911400"","""",""24studio_"",""in"",""BUSINESS."",""0"",""0"",""0"",""https://x.com/fore4more/status/1895419844448911400"",""1780475653936361472"",""fore4more""";;;;;;
"1895357511055876499,""Fri Feb 28 10:19:55 +0000 2025"",""2"",""@therealantoh hakuna inches unahesabu hadi fore skin "",""1895418649584062640"","""",""therealantoh"",""in"",""Sultan Hamud, Kenya"",""0"",""0"",""0"",""https://x.com/Matayia17/status/1895418649584062640"",""1600778615225982978"",""Matayia17""";;;;;;
"1895415914973352342,""Fri Feb 28 10:09:03 +0000 2025"",""0"",""halo! aku open nih nokos mulai dari 3k ready wa tele gmail gojek grab maxim shopee ovo lazada dana kakaotalk fore coffee google youtube. semua akun ready garansi dan no garansi langsung wa. #zonauang"",""1895415914973352342"","""","""",""in"",""close dm, wa only"",""0"",""0"",""0"",""https://x.com/_kitheu/status/1895415914973352342"",""2417656292"",""_kitheu""";;;;;;
"1895415057594610018,""Fri Feb 28 10:05:39 +0000 2025"",""0"",""Jajan kopi diskon dulu yuk sebelum puasa dapatkan voucher diskon di shopeefood Fore coffee https://t.co/NUfrFP8rLZ Kopi kenangan https://t.co/W6vRtG8wXJ Janji jiwa https://t.co/OlyMEWWzsQ Tomoro coffee https://t.co/Ed3QK5giCa Point coffe indomaret https://t.co/LDBmIW9FPV"",""1895415057594610018"","""","""",""in"","""",""0"",""0"",""0"",""https://x.com/ike_tjn/status/1895415057594610018"",""513346093"",""ike_tjn""";;;;;;
"1895413743062077797,""Fri Feb 28 10:00:26 +0000 2025"",""0"",""fakk fakkkkk gueee sampeeee panik attack bangsat cabut dari fore"",""1895413743062077797"","""","""",""in"","""",""0"",""0"",""0"",""https://x.com/sawangrumah/status/1895413743062077797"",""1262773615042326529"",""sawangrumah""";;;;;;
"1895382286142710026,""Fri Feb 28 09:58:11 +0000 2025"",""0"",""@metrodores Fore kemanisan meskipun less sweet..."",""1895413177116172335"","""",""metrodores"",""in"",""J. Leighton North."",""0"",""1"",""0"",""https://x.com/DulleeGriet/status/1895413177116172335"",""193425137"",""DulleeGriet""";;;;;;
"1895364397750681913,""Fri Feb 28 09:55:16 +0000 2025"",""1"",""@mrs_liar79 sama fore tadi beda tempat ya"",""1895412443612135683"","""",""mrs_liar79"",""in"",""WFA"",""0"",""1"",""0"",""https://x.com/myto2016/status/1895412443612135683"",""1876829976907104256"",""myto2016""";;;;;;
"1895411674632561119,""Fri Feb 28 09:52:12 +0000 2025"",""0"",""Besok udah Jumat waktunya berburu voucher BRImo FSTVL buat ngopi cantik di Fore Coffee! Friday Deals emang bikin semangat! #BRImoFSTVL"",""1895411674632561119"","""","""",""in"",""Indonesia"",""0"",""0"",""0"",""https://x.com/secretisvate/status/1895411674632561119"",""1715363609604452352"",""secretisvate""";;;;;;
"1895411097206935847,""Fri Feb 28 09:49:55 +0000 2025"",""0"",""KOPI FORE GRATIS B1G1 &amp";" DISKON 50%! Untuk pengguna baru cukup buat akun dengan referral ini : 8FEDF8 FAA744 #ForeCoffee #Gratis https://t.co/k185yRAU83"",""1895411097206935847"",""https://pbs.twimg.com/media/Gk3aWOrXIAAzmWr.jpg"","""",""in"","""",""0"",""0"",""0"",""https://x.com/tensevery/status/1895411097206935847"",""989465218911621120"",""tensevery""";;;;;
"1895409834058772586,""Fri Feb 28 09:44:54 +0000 2025"",""0"",""Fore dan KOI full selalu &lt";"33333 #monyet akhirnya gw ke sutei"",""1895409834058772586"","""","""",""in"",""pacil"",""0"",""0"",""0"",""https://x.com/homokuadrat/status/1895409834058772586"",""1409527284680118274"",""homokuadrat""";;;;;
"1895329856071836059,""Fri Feb 28 09:43:29 +0000 2025"",""0"",""@optimusqueen_ mauu fore tiap hari bole ngga?"",""1895409479900098677"","""",""optimusqueen_"",""in"",""Kota Surabaya, Jawa Timur"",""0"",""0"",""0"",""https://x.com/youjaarl/status/1895409479900098677"",""948886972596043776"",""youjaarl""";;;;;;
"1895402566080778645,""Fri Feb 28 09:42:34 +0000 2025"",""0"",""Pesan Fore Coffee di ShopeeFood ada Voucher Diskon s/d 45RB loh! Cek disini keburu habis! https://t.co/VAnGggzbor"",""1895409247007179208"","""",""shkncrmyltt"",""in"","""",""0"",""1"",""0"",""https://x.com/shkncrmyltt/status/1895409247007179208"",""1798648170660143104"",""shkncrmyltt""";;;;;;
"1895402568005955935,""Fri Feb 28 09:42:27 +0000 2025"",""0"",""Pesan Fore Coffee di ShopeeFood ada Voucher Diskon s/d 45RB loh! Cek disini keburu habis! https://t.co/CItMcHA27r"",""1895409219886797184"","""",""asrsadcsagt"",""in"","""",""0"",""1"",""0"",""https://x.com/asrsadcsagt/status/1895409219886797184"",""1679879896414420993"",""asrsadcsagt""";;;;;;
"1895409113573822860,""Fri Feb 28 09:42:02 +0000 2025"",""2"",""ready FORE all outlettt bisa beli lewat aku ya ges yaa https://t.co/GA9UXKEFFo"",""1895409113573822860"",""https://pbs.twimg.com/media/Gk3YiRzbMAAMaft.jpg"","""",""in"","""",""0"",""0"",""0"",""https://x.com/lawkeiyy/status/1895409113573822860"",""1538324588311871488"",""lawkeiyy""";;;;;;
"1895407417254703493,""Fri Feb 28 09:36:22 +0000 2025"",""0"",""list nya yamie panda marugame ( harus join app sebulan before claim) fore ( langsung ada di app) sushi tei (dpt sushi cake) "",""1895407688080863693"","""",""withlofee"",""in"","""",""0"",""0"",""0"",""https://x.com/withlofee/status/1895407688080863693"",""709982208"",""withlofee""";;;;;;
"1895407544241455127,""Fri Feb 28 09:35:48 +0000 2025"",""0"",""slh anjay ak hrsny makan dl br nyari barang biar bs mampir ke fore jg((mknny udh turun)) HDJSJSJSJS skg sih udh kenyang krn td ak tnp mikir milihnya ramen KINGSIZE"",""1895407544241455127"","""","""",""in"","""",""0"",""0"",""0"",""https://x.com/seavue_/status/1895407544241455127"",""1403208702186819585"",""seavue_""";;;;;;
"1895403235420356626,""Fri Feb 28 09:23:45 +0000 2025"",""0"",""@usedbytans Puasa woyyyy puasa fore tutup"",""1895404514322337957"","""",""usedbytans"",""in"",""𝑴𝑦 𝑴𝐢𝐥𝗲𝙨 🌼"",""0"",""1"",""0"",""https://x.com/_lalalalice/status/1895404514322337957"",""1445653839361634309"",""_lalalalice""";;;;;;
"1895365847713226977,""Fri Feb 28 08:58:23 +0000 2025"",""0"",""@oaithmilk iyaa fore enakkk"",""1895398128800678191"","""",""oaithmilk"",""in"",""jajan 15k get loyalty card! 🌟"",""0"",""1"",""0"",""https://x.com/crustvie/status/1895398128800678191"",""2508665252"",""crustvie""";;;;;;
"1895335161870590304,""Fri Feb 28 08:54:42 +0000 2025"",""0"",""@lilinaav GAMASUKKK MANA PAS WAKTU ITU AKU LAGI KEGILAAN BANGET SAMA FORE ALARM"",""1895397201171591217"","""",""lilinaav"",""in"","""",""0"",""1"",""0"",""https://x.com/jenowonej/status/1895397201171591217"",""1426170802576125954"",""jenowonej""";;;;;;
"1895395965147947139,""Fri Feb 28 08:49:47 +0000 2025"",""2"",""berry manuka americano pny fore enk bgt ajg"",""1895395965147947139"","""","""",""in"",""L"",""0"",""3"",""0"",""https://x.com/barudakkejawan/status/1895395965147947139"",""1724863818541699072"",""barudakkejawan""";;;;;;
"1895395447587672503,""Fri Feb 28 08:47:44 +0000 2025"",""0"",""kata kalian gw pulang nnti beli fore apa sour sally????"",""1895395447587672503"","""","""",""in"","""",""0"",""1"",""0"",""https://x.com/dyajsuh/status/1895395447587672503"",""932124074758639617"",""dyajsuh""";;;;;;
"1895162235254874235,""Fri Feb 28 08:47:41 +0000 2025"",""1"",""@LoyalSachinFan VIKRANT Gupta &gt";&gt;&gt;&gt;&gt;&gt;" Hania Amir"",""1895395437659791767"","""",""LoyalSachinFan"",""in"",""India"",""0"",""0"",""0"",""https://x.com/Fore_FrontIndia/status/1895395437659791767"",""1704862941034717184"",""Fore_FrontIndia"""
"1895367133066076442,""Fri Feb 28 08:47:37 +0000 2025"",""0"",""@flwrblmsash Daripada cotti/kopken/fore ini paling pait mbakkk buat kopi itemnya"",""1895395418965753945"","""",""flwrblmsash"",""in"","""",""0"",""1"",""0"",""https://x.com/sibucinweghorst/status/1895395418965753945"",""1081199533147574273"",""sibucinweghorst""";;;;;;
"1895328234210001375,""Fri Feb 28 08:47:26 +0000 2025"",""0"",""@YOUXRMAJESTY /. Butterscotch terenak jatuh kepada fore cuy kalo caramel macchiato point juga enak kok"",""1895395375441420497"","""",""YOUXRMAJESTY"",""in"",""Aogiri | Wolfer"",""0"",""1"",""0"",""https://x.com/Byeonw/status/1895395375441420497"",""1818983630116708352"",""Byeonw""";;;;;;
"1895394319999390116,""Fri Feb 28 08:43:15 +0000 2025"",""0"",""Info promo kopi mari ngopi santai sebelum besok puasa spill voucher diskon Promo Fore coffee https://t.co/NUfrFP8rLZ Kopi kenangan https://t.co/W6vRtG8wXJ Janji jiwa https://t.co/OlyMEWWzsQ Tomoro coffee https://t.co/Ed3QK5giCa Point coffe indomaret https://t.co/LDBmIW9FPV"",""1895394319999390116"","""","""",""in"","""",""0"",""0"",""0"",""https://x.com/ike_tjn/status/1895394319999390116"",""513346093"",""ike_tjn""";;;;;;
"1895394082480181665,""Fri Feb 28 08:42:18 +0000 2025"",""0"",""hari hari di fore https://t.co/5TvJ7v1ltj"",""1895394082480181665"",""https://pbs.twimg.com/amplify_video_thumb/1895394021218140160/img/BQtGN8uayyeOBqE_.jpg"","""",""in"",""Zimbabwe"",""0"",""0"",""0"",""https://x.com/slvnykhrns/status/1895394082480181665"",""1470645236904849408"",""slvnykhrns""";;;;;;
"1895380084103815347,""Fri Feb 28 08:41:32 +0000 2025"",""0"",""@78vip fore dulu"",""1895393888216789203"","""",""78vip"",""in"",""ꪮꪀ-ᥴꫝꪖ꠸ꪀ"",""0"",""1"",""0"",""https://x.com/xAvellesch/status/1895393888216789203"",""1000030347516497921"",""xAvellesch""";;;;;;
"1895382286142710026,""Fri Feb 28 08:40:41 +0000 2025"",""0"",""@metrodores Gue mau nyoba yang lain tuh takut gak doyan dan sayang duit krn Fore emang mihil wkwkwk. OKELAAH kapan-kapan gue akan nyoba kedemenan lu di Calf makasih Ner. "",""1895393675083157708"","""",""metrodores"",""in"","""",""0"",""1"",""0"",""https://x.com/Etoiele/status/1895393675083157708"",""1860247879782400002"",""Etoiele""";;;;;;
"1895393082067296626,""Fri Feb 28 08:38:20 +0000 2025"",""0"",""hmmm ganti uname apa ia"",""1895393082067296626"","""","""",""in"",""kalo slr ke"",""0"",""0"",""0"",""https://x.com/eyesc0ffee/status/1895393082067296626"",""1789173498310799360"",""eyesc0ffee""";;;;;;
"1895324192981295187,""Fri Feb 28 08:34:01 +0000 2025"",""0"",""@foreveryovng_ Fore enak ya?!? Otw coba sii apa semanis tomoro?"",""1895391999018295804"","""",""foreveryovng_"",""in"",""28/8"",""0"",""1"",""0"",""https://x.com/fakkuyeah/status/1895391999018295804"",""2467488438"",""fakkuyeah""";;;;;;
"1894663204787425317,""Fri Feb 28 08:29:13 +0000 2025"",""0"",""@Arahangiin @FadilahRika2 @augusta_tehe ini udah kedua kalinya daftar apa gimana ka? kebetulan kalo fore aku baru daftar sekalii promo 50%nya baru pake 2 kali. kalo kopken udah 2 kali daftar tetep dapet diskon 50% 3 kali"",""1895390788953202753"","""",""Arahangiin"",""in"","""",""0"",""1"",""0"",""https://x.com/zazayiy/status/1895390788953202753"",""1291270880069218304"",""zazayiy""";;;;;;
"1895390747639349582,""Fri Feb 28 08:29:03 +0000 2025"",""0"",""Andai negara dirimu diriku dan kopi fore bisa tau tak perlu saling bunuh"",""1895390747639349582"","""","""",""in"",""normalize"",""0"",""0"",""0"",""https://x.com/adostra/status/1895390747639349582"",""628389176"",""adostra""";;;;;;
"1895390193269764380,""Fri Feb 28 08:26:51 +0000 2025"",""0"",""Sudah coba aplikasi Fore Coffee? Dapatkan diskon 50% untuk pembelian pertamamu! Download sekarang dan masukkan kode referral 1A15E5 saat registrasi. https://t.co/xy1JBHhOcj"",""1895390193269764380"","""","""",""in"",""🥑🌊"",""0"",""0"",""0"",""https://x.com/yeahdamnhell/status/1895390193269764380"",""1014872489216954371"",""yeahdamnhell""";;;;;;
"1895351391016886704,""Fri Feb 28 08:22:22 +0000 2025"",""0"",""@classiclattee_ Makasih fore"",""1895389066490978419"","""",""classiclattee_"",""in"",""kukusan depok"",""0"",""0"",""0"",""https://x.com/pluraxl/status/1895389066490978419"",""2996817079"",""pluraxl""";;;;;;
"1895360008256430206,""Fri Feb 28 08:18:12 +0000 2025"",""0"",""@ellagitidur minimal 3 bulan sebelum ultah download+daftar akun dulu di apk fore kata org² sih harus ada minimal order dulu sebelumnya tp gatauu ya aku pribadi udh ada order abistu tar muncul voc pas hari-H ultahh aku cuma bayar 7k (upsize)"",""1895388016400880027"","""",""ellagitidur"",""in"","""",""0"",""0"",""0"",""https://x.com/dwiskyline23/status/1895388016400880027"",""1533043487498981382"",""dwiskyline23""";;;;;;
"1895382286142710026,""Fri Feb 28 08:16:56 +0000 2025"",""0"",""@metrodores .... lu beli yang mana sampe bilang Fore ngga enak. &lt";"/3"",""1895387696845201520"","""",""metrodores"",""in"","""",""0"",""1"",""0"",""https://x.com/Etoiele/status/1895387696845201520"",""1860247879782400002"",""Etoiele""";;;;;
"1895384257591414889,""Fri Feb 28 08:15:01 +0000 2025"",""0"",""@pecelleleanjay claim fore sm point coffee jgn lupaaa jgn mau rugi jg ke sushitei hahaha"",""1895387217679523893"","""",""pecelleleanjay"",""in"",""crb-smg"",""0"",""1"",""0"",""https://x.com/ledaqanemosi/status/1895387217679523893"",""994750068409319424"",""ledaqanemosi""";;;;;;
"1895355405716594726,""Fri Feb 28 08:11:45 +0000 2025"",""0"",""@dubiuss Ini mah di fore suhat wkwk"",""1895386394761273842"","""",""dubiuss"",""in"","""",""0"",""0"",""0"",""https://x.com/yourleciti/status/1895386394761273842"",""1762102562067726336"",""yourleciti""";;;;;;
"1895384154893885764,""Fri Feb 28 08:02:51 +0000 2025"",""0"",""kopi fore di siang hari sblm besok hiatus ngopi siang"",""1895384154893885764"","""","""",""in"",""Vivienne Westwood"",""0"",""1"",""0"",""https://x.com/aejiou/status/1895384154893885764"",""1117436316642267136"",""aejiou""";;;;;;
"1895288072692211870,""Fri Feb 28 07:58:41 +0000 2025"",""0"",""@littleehjy padahal tinggi kita gak beda jauh ini namanya DISKRIMINASI &lt";"\3 ih iya lagi besok aku mau klaim fore!!! AKU SIAP DENGAN GRATISANKU "",""1895383103671325152"","""",""littleehjy"",""in"",""빵밀 쥬밀"",""0"",""0"",""0"",""https://x.com/levitatimg/status/1895383103671325152"",""1151793881014386688"",""levitatimg""";;;;;
"1895382743741276659,""Fri Feb 28 07:57:15 +0000 2025"",""0"",""hadeh pusing bgt sm pelayanannya Fore Coffee (Bung Karno Lombok)"",""1895382743741276659"","""","""",""in"","""",""0"",""0"",""0"",""https://x.com/kimoobi/status/1895382743741276659"",""1891054940346548225"",""kimoobi""";;;;;;
"1895382374759965045,""Fri Feb 28 07:55:47 +0000 2025"",""0"",""Yg mau minum kopi / matcha fore coffee yuk download appnya &amp";" daftar pake kode 52BAB5 biar dpt voucher 50% maks 35rb!! Kpn lg butterscotch sea salt latte / matcha green tea jd 15rb? Menu yg lain jg bs"",""1895382374759965045"","""","""",""in"",""full thread:"",""0"",""0"",""0"",""https://x.com/cupidhoneymoons/status/1895382374759965045"",""1652587389641191425"",""cupidhoneymoons""";;;;;
"1895381143954092106,""Fri Feb 28 07:54:20 +0000 2025"",""0"",""@postmaljone bacot lu semua anjing sambil megang fore seasalt latte"",""1895382011428446363"","""",""postmaljone"",""in"",""Nangis, France 🏳️‍🌈"",""0"",""1"",""0"",""https://x.com/orpheeuz/status/1895382011428446363"",""1208387520171347969"",""orpheeuz""";;;;;;
"1894663204787425317,""Fri Feb 28 07:47:02 +0000 2025"",""0"",""@Arahangiin @FadilahRika2 @augusta_tehe itu yang fore apa kopken ka?"",""1895380172968444098"","""",""Arahangiin"",""in"","""",""0"",""1"",""0"",""https://x.com/zazayiy/status/1895380172968444098"",""1291270880069218304"",""zazayiy""";;;;;;
"1895380133416165776,""Fri Feb 28 07:46:52 +0000 2025"",""0"",""kangen KopKen kangen Point apalagi Fore duh. mari kita hajar semua perkopian di bulan Juli itu!!! tapi please pilotnya jangan ugal ugalan kaya kemareeen takut bgtt anjir udah pasrah sama yg di atas "",""1895380133416165776"","""","""",""in"","""",""0"",""0"",""0"",""https://x.com/sinsteaIer/status/1895380133416165776"",""513733697"",""sinsteaIer""";;;;;;
"1895379065953231179,""Fri Feb 28 07:42:38 +0000 2025"",""1"",""kocak fore kenapa selalu rame anj"",""1895379065953231179"","""","""",""in"","""",""0"",""0"",""0"",""https://x.com/ylihzqug2694/status/1895379065953231179"",""898811132449878016"",""ylihzqug2694""";;;;;;
"1895378668962341180,""Fri Feb 28 07:41:03 +0000 2025"",""0"",""tadi jam istirahat ngomongin pingin fore sama temen temen terus barusan bossku dateng langsung ditawariiinn wkwk curiga dia dengerin cctv terus https://t.co/99nhuoXn8C"",""1895378668962341180"",""https://pbs.twimg.com/media/Gk282UkbAAAdHcQ.jpg"","""",""in"",""cegilnya  jaehyun  &  dprian. "",""0"",""3"",""0"",""https://x.com/cemtils/status/1895378668962341180"",""1604863920896094208"",""cemtils""";;;;;;
"1895378234222747758,""Fri Feb 28 07:39:20 +0000 2025"",""0"",""wtb voucher fore #zonauang prefer lgsg wa biar notifnya masuk"",""1895378234222747758"","""","""",""in"","""",""0"",""1"",""0"",""https://x.com/itsmesaskyy/status/1895378234222747758"",""1868074094387924992"",""itsmesaskyy""";;;;;;
"1895377602849972694,""Fri Feb 28 07:36:49 +0000 2025"",""0"",""panas panas mau pesen kopi fore by App. Pake voucher birthday biar diskon 1 coffee. Taunya kena scam driver kopinya on the way lebih dari 1 jam dg rute yg jauh ga sesuai sama yg masuk ke App dan gue gabisa direct lapor by app baik di fore maupun di grab @GrabID @ForeCoffeeID https://t.co/qhKEI5JHlK"",""1895377602849972694"",""https://pbs.twimg.com/media/Gk274PEbkAA0kHw.jpg"","""",""in"",""di timeline "",""0"",""1"",""0"",""https://x.com/fafaacil/status/1895377602849972694"",""73891132"",""fafaacil""";;;;;;
"1895377393755529318,""Fri Feb 28 07:35:59 +0000 2025"",""0"",""⠀ ⠀ Siang-siang mabok fore sampai mules. ⠀ ⠀"",""1895377393755529318"","""","""",""in"",""Jakarta, City of Joy."",""0"",""0"",""0"",""https://x.com/DlALEKTlKA/status/1895377393755529318"",""1666081151570841601"",""DlALEKTlKA""";;;;;;
"1895345677074604245,""Fri Feb 28 07:32:23 +0000 2025"",""1"",""@sagarcasm Pakistanio ki Mali or Dimagi dono halat krab hai"",""1895376484984070579"","""",""sagarcasm"",""in"",""India"",""0"",""0"",""0"",""https://x.com/Fore_FrontIndia/status/1895376484984070579"",""1704862941034717184"",""Fore_FrontIndia""";;;;;;
"1895374852221255925,""Fri Feb 28 07:29:36 +0000 2025"",""3"",""PromoFore Coffee ada Voucher Diskon s/d 45k! Cek disini! https://t.co/l2bFzbxU4L PromoPoint Coffee ada Voucher Diskon s/d 15k! Cek disini! https://t.co/p7dqZX0IBb #ShopeeFoodX #PromoMinuman #MakanEnak #Yummy #FoodTweets"",""1895375786607288500"","""",""Pecintakopi78"",""in"",""Tangerang - Banten"",""0"",""0"",""1"",""https://x.com/Pecintakopi78/status/1895375786607288500"",""1271349130791514112"",""Pecintakopi78""";;;;;;
"1895375175228788820,""Fri Feb 28 07:27:10 +0000 2025"",""1"",""pengen kopi fore "",""1895375175228788820"","""","""",""in"",""Bandung, Jawa Barat"",""0"",""0"",""0"",""https://x.com/batchbenedict/status/1895375175228788820"",""856367141808783360"",""batchbenedict""";;;;;;
"1895374730557038719,""Fri Feb 28 07:25:24 +0000 2025"",""0"",""beli fore dengan harapan bisa bergadang bcs jagain my mom &amp";&amp;" sahur at rs https://t.co/MllDoF4zOI"",""1895374730557038719"",""https://pbs.twimg.com/media/Gk25QHPaMAAOB99.jpg"","""",""in"","""",""0"",""3"",""0"",""https://x.com/streetcaar/status/1895374730557038719"",""1477935036364058624"",""streetcaar""";;;;
"1895373205747179726,""Fri Feb 28 07:19:21 +0000 2025"",""0"",""Kode promo refferal fore coffee diskon 50% max 35k 3x transaksi bisa menu minuman &amp";" makanan semua varian menu untuk pengguna baru yaps!!! A0BCAE Fore coffee belasan ribu aja seng Kalo kesusahan masukin referral nya bisa dm aku yaaa manieszzz #zonauang #zonajajan https://t.co/wZKvjsXBqC"",""1895373205747179726"",""https://pbs.twimg.com/media/Gk234DBWYAEQor3.jpg"","""",""in"",""Palembang"",""0"",""0"",""0"",""https://x.com/hopeeblueside/status/1895373205747179726"",""1227609279395291137"",""hopeeblueside""";;;;;
"1895372586638549337,""Fri Feb 28 07:16:53 +0000 2025"",""0"",""Butuh temen ngobrol sumpah"",""1895372586638549337"","""","""",""in"",""🇲🇨"",""0"",""0"",""0"",""https://x.com/deranyone/status/1895372586638549337"",""1490230703531106305"",""deranyone""";;;;;;
"1895371764554936734,""Fri Feb 28 07:13:37 +0000 2025"",""0"",""ridi noko non gar Gmail / yt / google Gojek / grab Fore / jago / tomoro start 3k / otp order bisa di akun ini @vouzmievoyez #zonauang"",""1895371764554936734"","""","""",""in"","""",""0"",""0"",""0"",""https://x.com/gokjosatouru/status/1895371764554936734"",""1698144301430329344"",""gokjosatouru""";;;;;;
"1828264775949976016,""Fri Feb 28 07:07:47 +0000 2025"",""0"",""@wifps930 kak masi ada gak?"",""1895370294799540230"","""",""wifps930"",""in"","""",""0"",""0"",""0"",""https://x.com/fore1gnerr/status/1895370294799540230"",""1164788447984279552"",""fore1gnerr""";;;;;;
"1891807168233451758,""Fri Feb 28 07:07:46 +0000 2025"",""0"",""Sebelum puasa yuk puasin puasin minum kopi ️ Promo 2 liter fore hanya 129k! Hari ini terakhir https://t.co/6tt9meUHjr https://t.co/0onicWSiDg"",""1895370292975018020"",""https://pbs.twimg.com/media/Gk21OL0aoAUv7Ya.jpg"",""proyekmama"",""in"","""",""0"",""1"",""0"",""https://x.com/proyekmama/status/1895370292975018020"",""1734108813278810112"",""proyekmama""";;;;;;
"1895368336323809786,""Fri Feb 28 07:00:00 +0000 2025"",""1"",""Fore skrng pelit voc dehhh"",""1895368336323809786"","""","""",""in"","""",""0"",""0"",""0"",""https://x.com/miciinbumbu/status/1895368336323809786"",""1556605456050556929"",""miciinbumbu""";;;;;;
"1895367610465951819,""Fri Feb 28 06:57:07 +0000 2025"",""5"",""1 kuadriliun buat kopi americano sama butterscotch seasaltnya fore nih bisa dijadiin danau kali ya"",""1895367610465951819"","""","""",""in"","""",""1"",""0"",""2"",""https://x.com/runtukansurya/status/1895367610465951819"",""2213276042"",""runtukansurya""";;;;;;
"1895357440591569021,""Fri Feb 28 06:50:26 +0000 2025"",""0"",""@opensiseme Kopinya kopken mending apa flash.. itu ga terlalu buat Aslam. Fore Masih buat Aslam :((("",""1895365927774101828"","""",""opensiseme"",""in"",""They said , island of god🌴"",""0"",""1"",""0"",""https://x.com/ursantaclauz/status/1895365927774101828"",""962681398631911427"",""ursantaclauz""";;;;;;
"1895365659439308992,""Fri Feb 28 06:49:22 +0000 2025"",""0"",""anjir dingin banget ni fore. apa emang meriang ya gw."",""1895365659439308992"","""","""",""in"","""",""0"",""0"",""0"",""https://x.com/1gyulnoona/status/1895365659439308992"",""701205806843211776"",""1gyulnoona""";;;;;;
"1895352113359921343,""Fri Feb 28 06:48:24 +0000 2025"",""0"",""@tegalfess fore sama kopken pake apk itu sering dapet diskonan"",""1895365419588002030"","""",""tegalfess"",""in"",""Indonesia"",""0"",""0"",""0"",""https://x.com/lavwenderr/status/1895365419588002030"",""129445271"",""lavwenderr""";;;;;;
"1895352113359921343,""Fri Feb 28 06:47:07 +0000 2025"",""0"",""@tegalfess fore install app nya nanti ada diskon pengguna baru"",""1895365096932811163"","""",""tegalfess"",""in"",""Indonesia"",""0"",""0"",""0"",""https://x.com/energenkcgijo/status/1895365096932811163"",""1112356031961559041"",""energenkcgijo""";;;;;;
"1895364815746670773,""Fri Feb 28 06:46:00 +0000 2025"",""1"",""Pandan latte fore terakhir sblm puasa https://t.co/KYARAch5ix"",""1895364815746670773"",""https://pbs.twimg.com/media/Gk2wP8PaQAAlT0_.jpg"","""",""in"","""",""0"",""0"",""0"",""https://x.com/89feranda/status/1895364815746670773"",""1303917945756643328"",""89feranda""";;;;;;
"1895358163874193721,""Fri Feb 28 06:44:17 +0000 2025"",""0"",""@cherryontob kok ga fore"",""1895364381120315488"","""",""cherryontob"",""in"","""",""0"",""1"",""0"",""https://x.com/rosedesventz/status/1895364381120315488"",""1351189890906644481"",""rosedesventz""";;;;;;
"1895360193783046444,""Fri Feb 28 06:27:38 +0000 2025"",""0"",""Info diskon spesial shopeefood pilih voucher diskon disini Fore coffee https://t.co/NUfrFP8rLZ Promo Kopi Kenangan https://t.co/W6vRtG8wXJ Janji jiwa https://t.co/OlyMEWWzsQ Tomoro coffee https://t.co/Ed3QK5giCa Point coffe indomaret https://t.co/LDBmIW9FPV"",""1895360193783046444"","""","""",""in"","""",""0"",""0"",""0"",""https://x.com/ike_tjn/status/1895360193783046444"",""513346093"",""ike_tjn""";;;;;;
"1895110475332899085,""Fri Feb 28 06:27:03 +0000 2025"",""0"",""@FOODFESS2 Tadi pagi udah ke Richeese beli 1 ekor sama Domino's tdi siang ke Fore skrg lagi di rumah ngerujak "",""1895360044210016550"","""",""FOODFESS2"",""in"",""Bekasi, Jawa Barat"",""0"",""0"",""0"",""https://x.com/ajiisept_/status/1895360044210016550"",""1639918578022637568"",""ajiisept_""";;;;;;
"1895360008256430206,""Fri Feb 28 06:26:54 +0000 2025"",""0"",""bday treats ke-2 Fore nutty oat latte! sengaja pilih yang paling mahal wkwkwkwkw surprisingly enakk! https://t.co/KYnJ74iYlE"",""1895360008256430206"",""https://pbs.twimg.com/media/Gk2r4b-WQAAqjai.jpg"","""",""in"","""",""0"",""2"",""0"",""https://x.com/dwiskyline23/status/1895360008256430206"",""1533043487498981382"",""dwiskyline23""";;;;;;
"1895313391432143136,""Fri Feb 28 06:16:18 +0000 2025"",""0"",""@mengeonggg godain baristanya bubbbb hehehe tuker point fore bub"",""1895357341731787088"","""",""mengeonggg"",""in"",""Jakarta Capital Region"",""0"",""0"",""0"",""https://x.com/solusyuu/status/1895357341731787088"",""1363583560012107778"",""solusyuu""";;;;;;
"1895354155797303424,""Fri Feb 28 06:15:59 +0000 2025"",""0"",""@onyoumarkies bener jir aku sebulan ini fore terus "",""1895357261465428452"","""",""onyoumarkies"",""in"",""♡₊˚ 🦢・₊✧";;;;;;
"I still remember you"",""0"",""1"",""0"",""https://x.com/iLOvmkly/status/1895357261465428452"",""1667551811195248640"",""iLOvmkly""";;;;;;
"1895357005512221006,""Fri Feb 28 06:14:58 +0000 2025"",""0"",""kenapa di paskal ga ada fore ️"",""1895357005512221006"","""","""",""in"","""",""0"",""0"",""0"",""https://x.com/cr00kshanks/status/1895357005512221006"",""1634813832"",""cr00kshanks""";;;;;;
"1895356530838708380,""Fri Feb 28 06:13:05 +0000 2025"",""1"",""Ada duit kita ke fore gak ada duit kita beli good day "",""1895356530838708380"","""","""",""in"",""Kota Surabaya, Jawa Timur"",""0"",""1"",""0"",""https://x.com/___ftp26/status/1895356530838708380"",""2995863128"",""___ftp26""";;;;;;
"1895355074454659164,""Fri Feb 28 06:07:18 +0000 2025"",""0"",""ternyata manuka americanonya fore enak juga "",""1895355074454659164"","""","""",""in"",""di bumi"",""0"",""0"",""0"",""https://x.com/indahtriaulia/status/1895355074454659164"",""1299339971594051584"",""indahtriaulia""";;;;;;
"1895339917741564060,""Fri Feb 28 06:06:39 +0000 2025"",""0"",""@fucjkup fore tuku enak americano nya"",""1895354911426281826"","""",""fucjkup"",""in"","""",""0"",""0"",""0"",""https://x.com/an0thsidenath/status/1895354911426281826"",""1446486508941156357"",""an0thsidenath""";;;;;;
"1895352800063955038,""Fri Feb 28 05:58:16 +0000 2025"",""0"",""sedikhhh cafe malt latte s fore KSOONG DMN DMN"",""1895352800063955038"","""","""",""in"","""",""0"",""0"",""0"",""https://x.com/udoooo0n/status/1895352800063955038"",""1949453100"",""udoooo0n""";;;;;;
"1895349560089682170,""Fri Feb 28 05:53:09 +0000 2025"",""0"",""@berburusales Serius bs beberapa kali ya? Kirain cuma sekali"",""1895351513331179732"","""",""berburusales"",""in"","""",""0"",""0"",""0"",""https://x.com/msteffinova/status/1895351513331179732"",""1683076858013945856"",""msteffinova""";;;;;;
"1895317396757569834,""Fri Feb 28 05:41:21 +0000 2025"",""0"",""@luarbumiii ayo cobain matcha fore wkwk"",""1895348546288918968"","""",""luarbumiii"",""in"","""",""0"",""1"",""0"",""https://x.com/byulaaan/status/1895348546288918968"",""1720276352316903424"",""byulaaan""";;;;;;
"1895347539903422638,""Fri Feb 28 05:37:22 +0000 2025"",""1"",""burung ijo ini kenapa lagi ya allah "",""1895347539903422638"","""","""",""in"",""kalo slr ke"",""0"",""0"",""0"",""https://x.com/eyesc0ffee/status/1895347539903422638"",""1789173498310799360"",""eyesc0ffee""";;;;;;
"1895296382417936478,""Fri Feb 28 05:34:20 +0000 2025"",""0"",""@sikentangjoget Fore jakal"",""1895346777857106349"","""",""sikentangjoget"",""in"",""Yk-Yogyakarta"",""0"",""1"",""0"",""https://x.com/wardhana_arda/status/1895346777857106349"",""3009113708"",""wardhana_arda""";;;;;;
"1894917224827408703,""Fri Feb 28 05:31:11 +0000 2025"",""0"",""@mhmmd_jati Ibarat lu beli fore dikasi isi Torabika. Apa ga pen nonjok owner-nya ?"",""1895345984449999351"","""",""mhmmd_jati"",""in"",""Jepara, Indonesia"",""0"",""0"",""0"",""https://x.com/reeaaalcy/status/1895345984449999351"",""812741335"",""reeaaalcy""";;;;;;
"1895345044112187595,""Fri Feb 28 05:27:26 +0000 2025"",""0"",""why nobody told me matcha nya fore enak bgt sampe last drop maaf lebay"",""1895345044112187595"","""","""",""in"",""22"",""0"",""0"",""0"",""https://x.com/amaldakahfi/status/1895345044112187595"",""1143529276181843968"",""amaldakahfi""";;;;;;
"1895343419616379096,""Fri Feb 28 05:20:59 +0000 2025"",""0"",""Sudah coba aplikasi Fore Coffee? Dapatkan diskon 50% untuk pembelian pertamamu! Download sekarang dan masukkan kode referral 6A04DC saat registrasi. https://t.co/7BcmmM8cW3"",""1895343419616379096"","""","""",""in"",""Jakarta"",""0"",""0"",""0"",""https://x.com/Rio_D2Q/status/1895343419616379096"",""80601455"",""Rio_D2Q""";;;;;;
"1895013896270029056,""Fri Feb 28 05:20:24 +0000 2025"",""1"",""@aboutcowek Tp aku O suami AB anak pertama O anak kedua B kok"",""1895343270643015751"","""",""aboutcowek"",""in"","""",""0"",""0"",""0"",""https://x.com/msteffinova/status/1895343270643015751"",""1683076858013945856"",""msteffinova""";;;;;;
"1895341879082000666,""Fri Feb 28 05:14:52 +0000 2025"",""0"",""cafe malt lattenya fore tuh discontinued selamanya kah???? "",""1895341879082000666"","""","""",""in"",""she/her "",""0"",""1"",""0"",""https://x.com/agzhuxuan/status/1895341879082000666"",""721630378507677697"",""agzhuxuan""";;;;;;
"1895339917741564060,""Fri Feb 28 05:09:59 +0000 2025"",""0"",""@fucjkup Lebih suka fore tapi dua-duanya enakk"",""1895340651404996968"","""",""fucjkup"",""in"",""Vermont, USA"",""0"",""0"",""0"",""https://x.com/marktech29/status/1895340651404996968"",""1313642639124647936"",""marktech29""";;;;;;
"1895340506609262600,""Fri Feb 28 05:09:25 +0000 2025"",""1"",""pengen beli kopi sebelum puasa‍️‍️‍️beli fore kejauhan "",""1895340506609262600"","""","""",""in"",""𝒔𝒕𝒂𝒓𝒈𝒂𝒛𝒊𝒏𝒈."",""0"",""0"",""0"",""https://x.com/matchaeryou/status/1895340506609262600"",""1523334929803018241"",""matchaeryou""";;;;;;
"1895340458861273461,""Fri Feb 28 05:09:13 +0000 2025"",""0"",""di sini gak ada fore terus selama ini cuma ngandelin kopi golda (not complaining though)"",""1895340458861273461"","""","""",""in"",""Liana Isadora, 20."",""0"",""1"",""0"",""https://x.com/dereaming/status/1895340458861273461"",""1469187243180888067"",""dereaming""";;;;;;
"1895339631723585855,""Fri Feb 28 05:05:56 +0000 2025"",""0"",""pulang ke rumah nanti mau minum fore segalon"",""1895339631723585855"","""","""",""in"",""Liana Isadora, 20."",""0"",""1"",""0"",""https://x.com/dereaming/status/1895339631723585855"",""1469187243180888067"",""dereaming""";;;;;;
"1895320959969796179,""Fri Feb 28 05:00:56 +0000 2025"",""0"",""@diesveneriz pait pait asem kah? kalo rasanya americano fore tuh kek yaudah pait air aja"",""1895338373117812797"","""",""diesveneriz"",""in"",""00z "",""0"",""1"",""0"",""https://x.com/hooneymilky/status/1895338373117812797"",""1060884637390536704"",""hooneymilky""";;;;;;
"1895308245188911396,""Fri Feb 28 04:58:34 +0000 2025"",""1"",""@telorseperempat Hhhh dah lama ga ke fore trus terkejut "",""1895337778369716607"","""",""telorseperempat"",""in"","""",""0"",""0"",""0"",""https://x.com/imurenergyy/status/1895337778369716607"",""1137306997764706304"",""imurenergyy""";;;;;;
"1895320959969796179,""Fri Feb 28 04:50:06 +0000 2025"",""0"",""@diesveneriz enak gaa? Enakan mana sama americano fore?"",""1895335646300176777"","""",""diesveneriz"",""in"",""00z "",""0"",""1"",""0"",""https://x.com/hooneymilky/status/1895335646300176777"",""1060884637390536704"",""hooneymilky""";;;;;;
"1895332740217872649,""Fri Feb 28 04:48:10 +0000 2025"",""1"",""@rossetva Aku suka Butterscotch Sea Salt Latte-nya Fore enakk!"",""1895335160318697622"","""",""rossetva"",""in"",""OPEN. | 9 to 9."",""0"",""0"",""0"",""https://x.com/neiwjeans/status/1895335160318697622"",""997746673597038592"",""neiwjeans""";;;;;;
"1895102309631435075,""Fri Feb 28 04:40:00 +0000 2025"",""0"",""@DonPablo_bb @TheOGFan_ Oreii miru antha reply ichina. Mi brathukulaku rule no.1 "",""1895333103457194000"","""",""DonPablo_bb"",""in"",""'మెగా'పురం"",""0"",""1"",""0"",""https://x.com/ForeEverRC/status/1895333103457194000"",""1722157793770438656"",""ForeEverRC""";;;;;;
"1895332426815283280,""Fri Feb 28 04:37:19 +0000 2025"",""0"",""Gapapa meren ya da kopina ge kopi fore yg banyak susunya ntu"",""1895332431282217104"","""",""itsbridoyoungk"",""in"","""",""0"",""0"",""0"",""https://x.com/itsbridoyoungk/status/1895332431282217104"",""4671268279"",""itsbridoyoungk""";;;;;;
"1895326970654924920,""Fri Feb 28 04:30:52 +0000 2025"",""0"",""@ultramylk ngga ada fore masa di deket kantorku.. pengen tuku kayanya."",""1895330807818133621"","""",""ultramylk"",""in"",""Aluna Catalulla Aimee"",""0"",""0"",""0"",""https://x.com/ofalune/status/1895330807818133621"",""1401875083094757384"",""ofalune""";;;;;;
"1895123006264873265,""Fri Feb 28 04:26:42 +0000 2025"",""0"",""@KediriFess kalo tempatnya paling suka Awor tapi kalo nyari kopi yang enak ya Fore Mandja sama Must Coffee. Kalo Awor tergantung baristanya aokwowkok."",""1895329758541648061"","""",""KediriFess"",""in"",""FUB FREE. #AllEyesOnRafah"",""0"",""1"",""0"",""https://x.com/yooungkyun/status/1895329758541648061"",""1320341700183691265"",""yooungkyun""";;;;;;
"1895319907283489137,""Fri Feb 28 04:26:32 +0000 2025"",""1"",""@coolfunnytshirt Roti k lia kuch toh karega insan"",""1895329717613666517"","""",""coolfunnytshirt"",""in"",""India"",""0"",""0"",""0"",""https://x.com/Fore_FrontIndia/status/1895329717613666517"",""1704862941034717184"",""Fore_FrontIndia""";;;;;;
"1895327831405797728,""Fri Feb 28 04:25:07 +0000 2025"",""0"",""@everiwonw bingung mending gaco atau fore "",""1895329360388989224"","""",""everiwonw"",""in"",""+62"",""0"",""1"",""0"",""https://x.com/vernonhibernasi/status/1895329360388989224"",""1753846738098831360"",""vernonhibernasi""";;;;;;
"1895327680855494667,""Fri Feb 28 04:18:27 +0000 2025"",""0"",""Hi Sobat Fore... Sudah coba aplikasi Fore Coffee? Dapatkan diskon 50% untuk pembelian pertamamu! Download sekarang dan masukkan kode referral 6A04DC saat registrasi. https://t.co/jQPJcVrDvf"",""1895327680855494667"","""","""",""in"",""Jakarta Capital Region"",""0"",""0"",""0"",""https://x.com/OirkMan/status/1895327680855494667"",""2958665036"",""OirkMan""";;;;;;
"1895327561019994504,""Fri Feb 28 04:17:58 +0000 2025"",""0"",""Hi Sobat Fore... Sudah coba aplikasi Fore Coffee? Dapatkan diskon 50% untuk pembelian pertamamu! Download sekarang dan masukkan kode referral 6A04DC saat registrasi. https://t.co/7BcmmM8cW3"",""1895327561019994504"","""","""",""in"",""Jakarta"",""0"",""0"",""0"",""https://x.com/Rio_D2Q/status/1895327561019994504"",""80601455"",""Rio_D2Q""";;;;;;
"1895326726928163021,""Fri Feb 28 04:14:39 +0000 2025"",""0"",""ada diskon menu fore coffee 50% caranya: 1. install apps fore coffee 2. daftar dan klik bagian memiliki kode referral lalu masukin kode referral C39FF8 tags. promo refferal kopi gratis murah ngopi kuota hari ini shopee tokopedia tarawih diskon siang https://t.co/f059ftbNNd"",""1895326726928163021"",""https://pbs.twimg.com/media/Gk2Nm4yXIAAU98I.jpg"","""",""in"","""",""0"",""0"",""0"",""https://x.com/diskonfore/status/1895326726928163021"",""1301411731919441921"",""diskonfore""";;;;;;
"1895326503807926378,""Fri Feb 28 04:13:46 +0000 2025"",""2"",""Terimakasih mas fore cikini yang bantu buat majuin antrian yg RAME BGT ITUUU. Berkatmu aku berhasil ngejar mobil travel ke bandung yg sisa 5 menit lagi itu️maaf ngerepotinnnnn gue ga ekspek serame itu sampe nunggu kopi sampe sejam https://t.co/zuyzMMt7iy"",""1895326503807926378"",""https://pbs.twimg.com/media/Gk2NaA_XEAAteqo.jpg"","""",""in"","""",""0"",""0"",""0"",""https://x.com/KaptenMi/status/1895326503807926378"",""1411223696853770240"",""KaptenMi""";;;;;;
"1895325070299668741,""Fri Feb 28 04:08:04 +0000 2025"",""0"",""Seenak2nya kopi tetep fore no 1 si paling legit"",""1895325070299668741"","""","""",""in"",""lolonoa"",""0"",""0"",""0"",""https://x.com/popcornmanis19/status/1895325070299668741"",""452102162"",""popcornmanis19""";;;;;;
"1895325009503232481,""Fri Feb 28 04:07:50 +0000 2025"",""0"",""enakan fore"",""1895325009503232481"","""","""",""in"",""baldz"",""0"",""0"",""0"",""https://x.com/urprivatedriv3r/status/1895325009503232481"",""1496031760236236802"",""urprivatedriv3r""";;;;;;
"1895306754067702234,""Fri Feb 28 02:55:17 +0000 2025"",""0"",""Pesan Fore Coffee di ShopeeFood ada Voucher Diskon s/d 45RB loh! Cek disini keburu habis! https://t.co/mmwUdWoM9P"",""1895306754067702234"","""","""",""in"",""affiliate"",""0"",""0"",""0"",""https://x.com/rysecre/status/1895306754067702234"",""1460567982044680193"",""rysecre""";;;;;;
"1895106670961009145,""Fri Feb 28 02:50:48 +0000 2025"",""0"",""@soliminachos kt gue lu hrs ngopi di fore dlu sambil cuap cuap bersamaku huhu miss u"",""1895305623094567409"","""",""soliminachos"",""in"","""",""0"",""0"",""0"",""https://x.com/fffflaawwer/status/1895305623094567409"",""1239885109785841665"",""fffflaawwer""";;;;;;
"1895305132528804277,""Fri Feb 28 02:48:51 +0000 2025"",""0"",""Fore ga mau bikin Triple peach versi seliter kah?"",""1895305132528804277"","""","""",""in"","""",""0"",""0"",""0"",""https://x.com/ameyyicanno/status/1895305132528804277"",""1849388078932336640"",""ameyyicanno""";;;;;;
"1895304129461002602,""Fri Feb 28 02:44:52 +0000 2025"",""0"",""Nyobain calf-mgkin agak telat. Ternyata best ever masih FORE"",""1895304129461002602"","""","""",""in"",""Lumajang"",""0"",""0"",""0"",""https://x.com/_nggrid/status/1895304129461002602"",""90353664"",""_nggrid""";;;;;;
"1895300580270317965,""Fri Feb 28 02:30:45 +0000 2025"",""0"",""kalo ada fore nanti bimbingannya bisa di fore ya "",""1895300580270317965"","""","""",""in"","""",""0"",""0"",""0"",""https://x.com/madmaxeugene/status/1895300580270317965"",""620046357"",""madmaxeugene""";;;;;;
"1895300443137548515,""Fri Feb 28 02:30:13 +0000 2025"",""0"",""eh tadi balik lewat liat bakal ada fore deket rumah "",""1895300443137548515"","""","""",""in"","""",""0"",""0"",""0"",""https://x.com/madmaxeugene/status/1895300443137548515"",""620046357"",""madmaxeugene""";;;;;;
"1895298100979474497,""Fri Feb 28 02:20:54 +0000 2025"",""0"",""Arrghh pgn butterscotch fore sblm besok puasa"",""1895298100979474497"","""","""",""in"","""",""0"",""0"",""0"",""https://x.com/selaaamat_malam/status/1895298100979474497"",""1208193200210374656"",""selaaamat_malam""";;;;;;
"1895034721664672078,""Fri Feb 28 02:16:19 +0000 2025"",""0"",""@whoishoney_ klo ga kopken ya fore wkwk"",""1895296945394196898"","""",""whoishoney_"",""in"",""Seputih Surabaya, Indonesia"",""0"",""0"",""0"",""https://x.com/ddyozeitgeist/status/1895296945394196898"",""1553180514281869312"",""ddyozeitgeist""";;;;;;
"1895295613098697173,""Fri Feb 28 02:11:01 +0000 2025"",""0"",""#promo #promofore dapetin 3 voucher diskon 50% kopi fore buat pengguna baru. tanpa min pembelian. pake kode E70588"",""1895295613098697173"","""","""",""in"",""Kadang disini kadang disana"",""0"",""0"",""0"",""https://x.com/pacarnyajehi/status/1895295613098697173"",""372204658"",""pacarnyajehi""";;;;;;
"1895295101339083047,""Fri Feb 28 02:10:16 +0000 2025"",""0"",""Fore sama cinepolis juga ahh senangnya tp gada ayang hiksrotttt"",""1895295423918825587"","""",""_dorararawr2"",""in"","""",""0"",""0"",""0"",""https://x.com/_dorararawr2/status/1895295423918825587"",""1285398180402585600"",""_dorararawr2""";;;;;;
"1895125680377209337,""Fri Feb 28 01:58:59 +0000 2025"",""0"",""@bebashambatann Dah lama ga fore date sm km ih hahahak"",""1895292583116669190"","""",""bebashambatann"",""in"","""",""0"",""1"",""0"",""https://x.com/hahhahak_/status/1895292583116669190"",""1749770553169428480"",""hahhahak_""";;;;;;
"1895291278113542390,""Fri Feb 28 01:53:48 +0000 2025"",""0"",""Tapi jujur sebagai pekerja cilik dan waktu itu shell lagi kekurangan stok dimana mana i sakit banget bacanya karena separuh dari gaji i dibeliin buat beli bensin dan mau ga mau harus pake si merah wkwkwk tau gitu dari awal aja ku isi pertalite sisanya kubeliin dumdum or fore."",""1895291278113542390"","""","""",""in"",""Bogor, Jawa Barat"",""0"",""0"",""0"",""https://x.com/andalussia28/status/1895291278113542390"",""1519757530527793152"",""andalussia28""";;;;;;
"1895125680377209337,""Fri Feb 28 01:31:52 +0000 2025"",""0"",""@hahhahak_ Ujungnya apa? Fore lagi kan "",""1895285760825401757"","""",""hahhahak_"",""in"",""disini "",""0"",""1"",""0"",""https://x.com/bebashambatann/status/1895285760825401757"",""1110115825338339328"",""bebashambatann""";;;;;;
"1895280922305626513,""Fri Feb 28 01:30:47 +0000 2025"",""0"",""@frvrsunny hehe apa bikin kamar aja biar bangun tidur langsung fore"",""1895285488866701531"","""",""frvrsunny"",""in"","""",""0"",""0"",""0"",""https://x.com/sampingfore/status/1895285488866701531"",""1829548693911183361"",""sampingfore""";;;;;;
"1895284053013823762,""Fri Feb 28 01:25:05 +0000 2025"",""0"",""Pesan Fore Coffee di ShopeeFood ada Voucher Diskon s/d 45RB loh! Cek disini keburu habis! Klik linknya ya gays️ https://t.co/liFzrCAkaQ https://t.co/wlWEg0PXox"",""1895284053013823762"",""https://pbs.twimg.com/media/Gk1mzGKaoAQIT2i.jpg"","""",""in"",""Bekasi, Jawa Barat"",""0"",""0"",""0"",""https://x.com/Afichannel61422/status/1895284053013823762"",""1847588536364781568"",""Afichannel61422""";;;;;;
"1895119756962980023,""Fri Feb 28 01:21:15 +0000 2025"",""0"",""@MtchaPeach sejak kapan fore jadi tempat nugas "",""1895283087820628428"","""",""MtchaPeach"",""in"","""",""0"",""0"",""0"",""https://x.com/anxietyloogic/status/1895283087820628428"",""1584301639233863680"",""anxietyloogic""";;;;;;
"1895282987878752284,""Fri Feb 28 01:20:51 +0000 2025"",""0"",""sinyal bapukkkkk "",""1895282987878752284"","""","""",""in"",""kalo slr ke"",""0"",""0"",""0"",""https://x.com/eyesc0ffee/status/1895282987878752284"",""1789173498310799360"",""eyesc0ffee""";;;;;;
"1895282791652475371,""Fri Feb 28 01:20:04 +0000 2025"",""0"",""Pengen keluar tp ak nggak muk ke fore bosen"",""1895282791652475371"","""","""",""in"",""(BUKAN AKUN PARODI)(TERJARING JADI PENULIS AMATIR)(GILA SEDIKIT)(SILA SEMBUNYI)(KUNCUP BUNGA TENGAH BERCERITA)(KELOPAK DAN SERIBU STANZA)."",""0"",""0"",""0"",""https://x.com/LayurMala/status/1895282791652475371"",""1796965254733389824"",""LayurMala""";;;;;;
"1895280922305626513,""Fri Feb 28 01:17:52 +0000 2025"",""0"",""@sampingfore bneran di fore terusss"",""1895282235206684783"","""",""sampingfore"",""in"",""bumi"",""0"",""1"",""0"",""https://x.com/frvrsunny/status/1895282235206684783"",""1159776223045701632"",""frvrsunny""";;;;;;
"1892937605211373994,""Fri Feb 28 01:14:54 +0000 2025"",""0"",""@nonarisand jangan sudah. nggak usah. dia kalo minta fore suruh beli sendiri aja. kayaan dia daripada manusia "",""1895281489975353828"","""",""nonarisand"",""in"","""",""0"",""1"",""0"",""https://x.com/hwarahkono/status/1895281489975353828"",""127423108"",""hwarahkono""";;;;;;
"1895279066036699608,""Fri Feb 28 01:05:16 +0000 2025"",""0"",""blm ketemu nasi 2 hari semalem minum kopi perut kosong sepagi ini huek huek kek bumil ancritttt"",""1895279066036699608"","""","""",""in"",""kalo slr ke"",""0"",""0"",""0"",""https://x.com/eyesc0ffee/status/1895279066036699608"",""1789173498310799360"",""eyesc0ffee""";;;;;;
"1895278485184377013,""Fri Feb 28 01:02:58 +0000 2025"",""0"",""diskon menu fore coffee 50% caranya: 1. install apps fore coffee 2. daftar dan klik bagian memiliki kode referral lalu masukin kode referral BD09DA tags. promo refferal kopi gratis murah hari ini voucher lazada shopee sale seribu puasa nyekar munggahan https://t.co/UjdgWb1hui"",""1895278485184377013"",""https://pbs.twimg.com/media/Gk1huqeaoAAAlAb.jpg"","""",""in"","""",""0"",""0"",""0"",""https://x.com/diskonfore/status/1895278485184377013"",""1301411731919441921"",""diskonfore""";;;;;;
"1895278282557530154,""Fri Feb 28 01:02:09 +0000 2025"",""0"",""ada diskon menu fore coffee 50% caranya: 1. install apps fore coffee 2. daftar dan klik bagian memiliki kode referral lalu masukin kode referral C39FF8 tags. promo diskon refferal kopi gratis murah ngopi kuota hari ini shopee tokopedia ramadhan tarawih https://t.co/NLSJf3VUCb"",""1895278282557530154"",""https://pbs.twimg.com/media/Gk1hjC-XsAAb0rr.jpg"","""",""in"","""",""0"",""0"",""1"",""https://x.com/diskonfore/status/1895278282557530154"",""1301411731919441921"",""diskonfore""";;;;;;
"1895274594757746810,""Fri Feb 28 00:47:30 +0000 2025"",""0"",""Bantu siram ya drop link utk sirbal https://t.co/LwE93GrrnY"",""1895274594757746810"","""","""",""in"","""",""0"",""1"",""0"",""https://x.com/msteffinova/status/1895274594757746810"",""1683076858013945856"",""msteffinova""";;;;;;
"1895270549540217086,""Fri Feb 28 00:31:26 +0000 2025"",""1"",""Adulting itu bukan tiap hari nikmatin hidup sambil ngopi di fore tapi tiap kali bukan facebook market place ada yg jual tanah murah tergiur walau gatau belinya kapan yg penting tanya tanya dulu aja wkwk"",""1895270549540217086"","""","""",""in"",""Taipei City, Taiwan"",""0"",""0"",""0"",""https://x.com/bdmtbgstt/status/1895270549540217086"",""1826962381710540800"",""bdmtbgstt""";;;;;;
"1895270195293491588,""Fri Feb 28 00:30:01 +0000 2025"",""0"",""pengen jadi barista fore cabang shila sawangan dah"",""1895270195293491588"","""","""",""in"",""stardew valley"",""0"",""0"",""0"",""https://x.com/kodokgulajahe/status/1895270195293491588"",""1852966164005294080"",""kodokgulajahe""";;;;;;
"1895265792423502071,""Fri Feb 28 00:12:31 +0000 2025"",""0"",""Teman-teman aku yg baik hati itu apakah tidak mau ngajak aku ngopi kah? Kepengen banget ke fore tp kalo sendirian pasti ga berangkat "",""1895265792423502071"","""","""",""in"","""",""0"",""2"",""0"",""https://x.com/yehettt_ohoorat/status/1895265792423502071"",""1276894598233600000"",""yehettt_ohoorat""";;;;;;
"1895262472204177596,""Thu Feb 27 23:59:20 +0000 2025"",""1"",""Fore buka di malaysia kek gue mau kesana peeengeeen satu negara sama upin ipin"",""1895262472204177596"","""","""",""in"","""",""0"",""0"",""0"",""https://x.com/musicfirstt/status/1895262472204177596"",""1231946822047936512"",""musicfirstt""";;;;;;
"1895255220583833856,""Thu Feb 27 23:30:31 +0000 2025"",""0"",""Selain kopken flash dan tuku dan fore.. karena semua kopi itu bikin ak langsung tidur 15 menit kemudian"",""1895255220583833856"","""","""",""in"",""📍inthemiddleofnowhere"",""0"",""0"",""0"",""https://x.com/yellhoetheally/status/1895255220583833856"",""1177353030527668224"",""yellhoetheally""";;;;;;
"1895252066081350075,""Thu Feb 27 23:17:59 +0000 2025"",""0"",""Ikutan install Qpon get total 100k voc bisa beli Kopken cuma 1k 5k aja . Buruan join! https://t.co/Wq1rEJ348u #Promo #Kopi #Ngopi #Kopken https://t.co/JdGuGApQv0"",""1895252066081350075"",""https://pbs.twimg.com/media/Gk1JtaFaEAAklCd.jpg"","""",""in"","""",""0"",""0"",""0"",""https://x.com/skawngr_j/status/1895252066081350075"",""1510137626984316929"",""skawngr_j""";;;;;;
"1895250695756095649,""Thu Feb 27 23:12:32 +0000 2025"",""0"",""nokos star 3k tersedia untuk wa tele gmail gojek grab maxim shopee ovo lazada dana kakaotalk fore coffee google youtube. garansi dan no garansi bisa ditanyakan lewat wa fsr sat set. #zonauang"",""1895250695756095649"","""","""",""in"",""close dm, wa only"",""0"",""0"",""0"",""https://x.com/_kitheu/status/1895250695756095649"",""2417656292"",""_kitheu""";;;;;;
"1895233757554319577,""Thu Feb 27 22:05:14 +0000 2025"",""5"",""Jangan lagi minum couvee di malam hari ngga iso turu cok Padahal minum fore masih biasa lho semalem beneran berasa senam jantung asw"",""1895233757554319577"","""","""",""in"",""Sleman, Indonesia"",""0"",""1"",""0"",""https://x.com/puteeera/status/1895233757554319577"",""49542759"",""puteeera""";;;;;;
"1894736801237213513,""Thu Feb 27 18:41:04 +0000 2025"",""0"",""@vinquezada1 Windup Victrola https://t.co/PxwkQszwSr"",""1895182379683373368"",""https://pbs.twimg.com/media/Gk0KT4gXcAADGdi.png"",""vinquezada1"",""in"",""Freedomville"",""0"",""0"",""0"",""https://x.com/altimaguy11/status/1895182379683373368"",""1569871272158306304"",""altimaguy11""";;;;;;
"1895019123798884553,""Thu Feb 27 18:27:11 +0000 2025"",""0"",""@cheonsalees happy bday kakkkk and btw recc ku ialah marugame udon fore ta wan fnb under boga group timezone redeem tizo bakmi gm free chips kopken point coffee janji jiwa sutei ichiban pancious cinepolis free tix apalagi ya lupa hehe met mam kakkk"",""1895178886734061910"","""",""cheonsalees"",""in"","""",""0"",""1"",""0"",""https://x.com/qarashel_/status/1895178886734061910"",""1516745250571624454"",""qarashel_""";;;;;;
"1895122841219277314,""Thu Feb 27 17:51:21 +0000 2025"",""0"",""@cukasoklat fore mana ini kakkk"",""1895169866921046472"","""",""cukasoklat"",""in"",""Kota Surabaya, Jawa Timur"",""0"",""1"",""0"",""https://x.com/urrfavmilk/status/1895169866921046472"",""1769416184263544833"",""urrfavmilk""";;;;;;
"1895156980190216333,""Thu Feb 27 17:26:39 +0000 2025"",""0"",""@sbyfess kalau fore gwalk sudah nder"",""1895163650501226631"","""",""sbyfess"",""in"","""",""0"",""0"",""0"",""https://x.com/nezuhko/status/1895163650501226631"",""275863307"",""nezuhko""";;;;;;
"1895160059400769923,""Thu Feb 27 17:12:23 +0000 2025"",""51"",""Ladke kii khushi toh Dekho Smita ka chehra bich bich mein Lana jaruri tha kya ‍‍ #PranaliRathod #Pranak #KumkumBhagya #PrarthanaParikh https://t.co/mpfOcxPZ6h"",""1895160059400769923"",""https://pbs.twimg.com/ext_tw_video_thumb/1895143243022585856/pu/img/MNsAx9L5R_4fuqFL.jpg"","""",""in"",""India "",""0"",""0"",""7"",""https://x.com/AbhiraFore99234/status/1895160059400769923"",""1692811749051813888"",""AbhiraFore99234""";;;;;;
"1895160033937399885,""Thu Feb 27 17:12:17 +0000 2025"",""0"",""FORE CARI &amp";" CEK KOTA KALIAN https://t.co/fLl64d4veY https://t.co/G7nhqnYQcQ"",""1895160033937399885"",""https://pbs.twimg.com/media/Gkz2AOxbYAAR_sN.jpg"","""",""in"",""foodcourt."",""0"",""0"",""0"",""https://x.com/mmmakanan/status/1895160033937399885"",""1426563424968867843"",""mmmakanan""";;;;;
"1895142549301411998,""Thu Feb 27 17:06:24 +0000 2025"",""2"",""@VETMeta GM gang ️"",""1895158553356247399"","""",""VETMeta"",""in"","""",""0"",""0"",""0"",""https://x.com/ForeSightKid/status/1895158553356247399"",""1756385817881128960"",""ForeSightKid""";;;;;;
"1895157324345679877,""Thu Feb 27 17:01:31 +0000 2025"",""0"",""FORE CARI &amp";" CEK KOTA KALIAN https://t.co/WjBnh8ODvG https://t.co/FBoLqg1mf3"",""1895157324345679877"",""https://pbs.twimg.com/media/GkzzilBaoAModkE.jpg"","""",""in"",""Telegram"",""0"",""0"",""1"",""https://x.com/AkuSukaRacun/status/1895157324345679877"",""1344004785934979073"",""AkuSukaRacun""";;;;;
"1895157193651126487,""Thu Feb 27 17:00:59 +0000 2025"",""4"",""Fore es kopi dari tani 9/10. Enak https://t.co/qM50IvspGq"",""1895157193651126487"",""https://pbs.twimg.com/media/GkzzayUWcAED7J4.jpg"","""",""in"",""Next to you"",""0"",""0"",""2"",""https://x.com/Kezimatitaputty/status/1895157193651126487"",""130749188"",""Kezimatitaputty""";;;;;;
"1895156980190216333,""Thu Feb 27 17:00:09 +0000 2025"",""2"",""-rek fore itu jam 7 wes open order kah?"",""1895156980190216333"","""","""",""in"",""Kota Surabaya, Jawa Timur"",""0"",""6"",""0"",""https://x.com/sbyfess/status/1895156980190216333"",""1152437175587241985"",""sbyfess""";;;;;;
"1895155477530792036,""Thu Feb 27 16:54:10 +0000 2025"",""0"",""Jujur aku tidak mau ke fore lagi "",""1895155477530792036"","""","""",""in"",""Banjarbaru"",""0"",""0"",""0"",""https://x.com/Putra_zeta25/status/1895155477530792036"",""1261686434"",""Putra_zeta25""";;;;;;
"1895124427945447713,""Thu Feb 27 16:43:03 +0000 2025"",""0"",""@cheizura Fore matchanya enak kahh??"",""1895152678327685412"","""",""cheizura"",""in"","""",""0"",""1"",""0"",""https://x.com/ebiisvault/status/1895152678327685412"",""1874798363926990848"",""ebiisvault""";;;;;;
"1895081023068873112,""Thu Feb 27 16:36:55 +0000 2025"",""1"",""@Thememer0x GM Memer"",""1895151136979513451"","""",""Thememer0x"",""en"","""",""0"",""1"",""0"",""https://x.com/ForeSightKid/status/1895151136979513451"",""1756385817881128960"",""ForeSightKid""";;;;;;
"1895082443809636365,""Thu Feb 27 16:32:48 +0000 2025"",""0"",""@lamourabror fore kisman janjiw indopo"",""1895150100957274556"","""",""lamourabror"",""in"",""unlabeled."",""0"",""0"",""0"",""https://x.com/signemoure/status/1895150100957274556"",""1877701073055645696"",""signemoure""";;;;;;
"1895087249471201580,""Thu Feb 27 16:30:50 +0000 2025"",""0"",""@youryira kan yang minum fore lu anjir gua makan makaroni ngehe "",""1895149606008430857"","""",""youryira"",""in"","""",""0"",""1"",""0"",""https://x.com/spiddiey/status/1895149606008430857"",""1867403064560492544"",""spiddiey""";;;;;;
"1895147628230516767,""Thu Feb 27 16:22:59 +0000 2025"",""0"",""ngabisin butterscotch latenya fore seliter wkwkwkwk"",""1895147628230516767"","""","""",""in"","""",""0"",""1"",""0"",""https://x.com/jennierubbby/status/1895147628230516767"",""1428477126865395714"",""jennierubbby""";;;;;;
"1895145248462119022,""Thu Feb 27 16:13:31 +0000 2025"",""4"",""jadi pengen fore malem beginih"",""1895145248462119022"","""","""",""in"","""",""0"",""1"",""0"",""https://x.com/azucennaali/status/1895145248462119022"",""769558531"",""azucennaali""";;;;;;
"1895011583400559044,""Thu Feb 27 16:10:27 +0000 2025"",""0"",""@IvanBullish GM Ivan"",""1895144476751863964"","""",""IvanBullish"",""in"","""",""0"",""0"",""0"",""https://x.com/ForeSightKid/status/1895144476751863964"",""1756385817881128960"",""ForeSightKid""";;;;;;
"1895012982566068503,""Thu Feb 27 16:09:28 +0000 2025"",""0"",""@Civilianfes GM Civilian"",""1895144225219715476"","""",""Civilianfes"",""in"","""",""0"",""0"",""0"",""https://x.com/ForeSightKid/status/1895144225219715476"",""1756385817881128960"",""ForeSightKid""";;;;;;
"1895143999297724597,""Thu Feb 27 16:08:34 +0000 2025"",""0"",""Mau ngopi atau makan murah di Fore? Pesen pakai aplikasi aja pakai referal punyaku biar dapet diskon kaya gini Dapatkan diskon 50% untuk pembelian pertamamu! Download sekarang dan masukkan kode referral B01F84 saat registrasi Fore Coffee https://t.co/6vmIwwLFkV https://t.co/F3ezGlfFTP"",""1895143999297724597"",""https://pbs.twimg.com/media/GkznaMfaoAEMJFm.jpg"","""",""in"","""",""0"",""0"",""0"",""https://x.com/blessed__loved/status/1895143999297724597"",""1712165532890517505"",""blessed__loved""";;;;;;
"1895143937842782662,""Thu Feb 27 16:08:23 +0000 2025"",""3"",""boost (max h+14) 1 cup drink (all variant) starbucks (max h+30) 1 slice cake fore (max h+30) 1 cup coffee (menu tertentu) All Rp.0 No minimum payment asalkan punya member &amp";" udah pernah transaksi 1x https://t.co/NPUYEo7MOA"",""1895143952774537282"",""https://pbs.twimg.com/media/GkznX8RXQAAC2PC.jpg"",""yxxxsi"",""in"","""",""0"",""1"",""0"",""https://x.com/yxxxsi/status/1895143952774537282"",""289874305"",""yxxxsi""";;;;;
"1895089708931440649,""Thu Feb 27 16:08:17 +0000 2025"",""0"",""@itstaeminkim GM Seoh"",""1895143930540274102"","""",""itstaeminkim"",""in"","""",""0"",""0"",""0"",""https://x.com/ForeSightKid/status/1895143930540274102"",""1756385817881128960"",""ForeSightKid""";;;;;;
"1895100916384063495,""Thu Feb 27 16:07:29 +0000 2025"",""0"",""@gangartsol GM gang"",""1895143728442155290"","""",""gangartsol"",""in"","""",""0"",""0"",""0"",""https://x.com/ForeSightKid/status/1895143728442155290"",""1756385817881128960"",""ForeSightKid""";;;;;;
"1895143667888955581,""Thu Feb 27 16:07:15 +0000 2025"",""0"",""FORE REAL ITUU SUARA APAAA PLEASEE"",""1895143667888955581"","""","""",""in"",""cyber"",""1"",""1"",""0"",""https://x.com/anethersl/status/1895143667888955581"",""1883148903077560320"",""anethersl""";;;;;;
"1895143571956851012,""Thu Feb 27 16:06:52 +0000 2025"",""0"",""Udah lama bgt ga ke Fore dan baru ngeh diskonan 50% udah bisa buat beli beberapa Fore Deli. Dulu tuh buat minumannya aja kan. Maka dengan kesadaran penuh gw beli Beef Mentai Sandwich. Enak si tp buat harga segini msh ada bagian daging slice yg keras gt huhu https://t.co/Pp2YdUDYCt"",""1895143571956851012"",""https://pbs.twimg.com/media/GkznBdBXcAAj7K_.jpg"","""",""in"","""",""0"",""0"",""0"",""https://x.com/blessed__loved/status/1895143571956851012"",""1712165532890517505"",""blessed__loved""";;;;;;
"1895134814073979197,""Thu Feb 27 16:05:15 +0000 2025"",""1"",""@tboe3D GM Tboe"",""1895143166212493659"","""",""tboe3D"",""in"","""",""0"",""0"",""0"",""https://x.com/ForeSightKid/status/1895143166212493659"",""1756385817881128960"",""ForeSightKid""";;;;;;
"1895126607393693818,""Thu Feb 27 16:05:03 +0000 2025"",""2"",""@KimberlyTr71610 GM Kat"",""1895143115335340068"","""",""KimberlyTr71610"",""in"","""",""0"",""1"",""0"",""https://x.com/ForeSightKid/status/1895143115335340068"",""1756385817881128960"",""ForeSightKid""";;;;;;
"1895142953364181260,""Thu Feb 27 16:04:24 +0000 2025"",""0"",""BESOK HARUS BELI FORE SEBELUM PUASA"",""1895142953364181260"","""","""",""in"","""",""0"",""0"",""0"",""https://x.com/minnikuroboo/status/1895142953364181260"",""1405117633775562755"",""minnikuroboo""";;;;;;
"1895138445489774889,""Thu Feb 27 16:00:10 +0000 2025"",""0"",""@bucinkageyama @torugumii RIL T^T tadi akhirnya ketemuan sama orang yang ngambil di fore simpang enam : ("",""1895141887423770809"","""",""bucinkageyama"",""in"",""藤原とうふ店 | NSFW ‼️🔞"",""0"",""0"",""0"",""https://x.com/v_nessano/status/1895141887423770809"",""1718969388932669440"",""v_nessano""";;;;;;
"1895071725777531235,""Thu Feb 27 15:52:53 +0000 2025"",""0"",""@kittzayne duh sebenarnya enak bikin sendiri ya soalnya kadarnya bisa km atur tapi matcha yg aku rekomen tuh di point sama fore (sisanya blum nyoba atau matchanya rada manis bisa order less sweet sih)"",""1895140054584172642"","""",""kittzayne"",""in"","""",""0"",""1"",""0"",""https://x.com/cheizura/status/1895140054584172642"",""1265903661005197312"",""cheizura""";;;;;;
"1895139998657327333,""Thu Feb 27 15:52:40 +0000 2025"",""0"",""after effect minum fore jam 7 malem.. jadi ga ngantuk"",""1895139998657327333"","""","""",""in"",""Yogyakarta, Indonesia"",""0"",""1"",""0"",""https://x.com/_dekumaa/status/1895139998657327333"",""67523802"",""_dekumaa""";;;;;;
"1895081592869265452,""Thu Feb 27 15:51:27 +0000 2025"",""0"",""@hooneymilky Tdinya kgk ada rencana ke fore mau ke tomoro tpi ditomoro nya bnyak orng jdi melenceng ke fore"",""1895139694926786596"","""",""hooneymilky"",""in"",""Bali, Indonesia"",""0"",""1"",""0"",""https://x.com/Gummyberry09/status/1895139694926786596"",""1761411319260176384"",""Gummyberry09""";;;;;;
"1895136851075424684,""Thu Feb 27 15:47:57 +0000 2025"",""0"",""@beebybo fore tuh paporit bgt yaampun fore terus lu kemanain akhirnya calf 2 cup itu???? iya ih bisa ga aslam di obatin??? kek biar ga kambuh gt? ️"",""1895138811509907815"","""",""beebybo"",""in"","""",""0"",""0"",""0"",""https://x.com/im___ave/status/1895138811509907815"",""1675320460438048768"",""im___ave""";;;;;;
"1895138659525169213,""Thu Feb 27 15:47:21 +0000 2025"",""0"",""_DarK WAkANdA_‍ SeBuah LiLin️UnTuk WaKanDA NEGEri PaRa² MuNafik Sok CiNta NeGaRa JuaL Tuh HarTa Yg Bejibun Hasil Rampokan Lu Bayar UTaNG NeGaRa Hasil KerJaaN Lu ~ Bye_Bye Man... I Love There_FoRe I LiVe My HeaRt WiTh LoVe AlWayS... https://t.co/8V0Fv1SdKg"",""1895138659525169213"",""https://pbs.twimg.com/ext_tw_video_thumb/1895138247501844480/pu/img/0Em2QcF3iPWZBMZJ.jpg"","""",""in"",""WaKaNDa 和歌 和歌山市"",""0"",""0"",""0"",""https://x.com/man_bye1602/status/1895138659525169213"",""1819303403862044672"",""man_bye1602""";;;;;;
"1895085270715769292,""Thu Feb 27 15:37:44 +0000 2025"",""0"",""@sbyfess Makanan: Pizza Moon Chicken Accha Gacoan Salad MV Greenly Citra Juice Penyetan Mau Jojoran Coto Makassar Dimsum Hau Seblak Mamaci Seblak Preanger Sriwedari Richeese. Minuman: KopKen Fore Mixue Kopi Monopole Sxbuck Chatime Wedrink. Mostly ke makanan sih."",""1895136242658131991"","""",""sbyfess"",""in"",""Kota Surabaya, Jawa Timur"",""0"",""0"",""0"",""https://x.com/radnaradno/status/1895136242658131991"",""55172284"",""radnaradno""";;;;;;
"1895100759412199572,""Thu Feb 27 15:37:08 +0000 2025"",""2"",""@chapatimistress nikipata kazi nitakua nakujia some fore chapatis "",""1895136091830919236"","""",""chapatimistress"",""in"","""",""0"",""0"",""0"",""https://x.com/NYAMBUU04/status/1895136091830919236"",""1869959777444298752"",""NYAMBUU04""";;;;;;
"1895102934595314166,""Thu Feb 27 15:32:32 +0000 2025"",""0"",""@lupyuol cit doain gw punya duit bisa ekspansi fore kesono"",""1895134934706352134"","""",""lupyuol"",""in"",""jogja"",""0"",""1"",""0"",""https://x.com/msnisya/status/1895134934706352134"",""554964768"",""msnisya""";;;;;;
"1895128255126216893,""Thu Feb 27 15:06:00 +0000 2025"",""0"",""beli fore jam segini masi buka ga ya"",""1895128255126216893"","""","""",""in"","""",""0"",""0"",""0"",""https://x.com/RICHARDTARTERN/status/1895128255126216893"",""1368905413442240514"",""RICHARDTARTERN""";;;;;;
"1895119756962980023,""Thu Feb 27 14:59:38 +0000 2025"",""1"",""@luckykiddos1 sini pindah fore"",""1895126655154422193"","""",""luckykiddos1"",""in"",""surabaya"",""0"",""1"",""0"",""https://x.com/MtchaPeach/status/1895126655154422193"",""1370662014914228225"",""MtchaPeach""";;;;;;
"1895124722540781982,""Thu Feb 27 14:51:58 +0000 2025"",""2"",""gw penasaran baristanya ngebatin apa kaga ngeliat gue di fore 10 jam ga ngapa ngapain‍️‍️ https://t.co/cfzTn036IE"",""1895124722540781982"",""https://pbs.twimg.com/media/GkzV4ZrXIAAGCHW.jpg"","""",""in"",""KB - D | 19(?)"",""0"",""2"",""0"",""https://x.com/neamtanf/status/1895124722540781982"",""1554019865454735360"",""neamtanf""";;;;;;
"1895120224837607618,""Thu Feb 27 14:34:05 +0000 2025"",""0"",""ngopi lagi ?! kali ini ngopi fore... https://t.co/Ot2lLkJonE"",""1895120224837607618"",""https://pbs.twimg.com/media/GkzRzROagAA3DmO.jpg"","""",""in"",""jaemin’s mamih"",""0"",""1"",""0"",""https://x.com/wulandil/status/1895120224837607618"",""276370358"",""wulandil""";;;;;;
"1895119426833592551,""Thu Feb 27 14:30:55 +0000 2025"",""1"",""Beli sakgendul karena malam ini sepertinya dipersembahkan untuk banyak deadline.. Butterscotch Fore &gt";" KST Tuku https://t.co/tYvzfQVj76"",""1895119426833592551"",""https://pbs.twimg.com/media/GkzREo-aoAARCgV.jpg"","""",""in"",""Yogyakarta"",""0"",""0"",""0"",""https://x.com/lintabahraine/status/1895119426833592551"",""362253501"",""lintabahraine""";;;;;
"1895113159075368966,""Thu Feb 27 14:17:16 +0000 2025"",""0"",""@serendities tuku kalo ga fore"",""1895115989588865513"","""",""serendities"",""in"",""Zio Alexander"",""0"",""1"",""0"",""https://x.com/imoge8n/status/1895115989588865513"",""2289366241"",""imoge8n""";;;;;;
"1895115190229967192,""Thu Feb 27 14:14:05 +0000 2025"",""0"",""Gw gaterima org org menghina kopken pdhl matchanya termasuknya better dripada merk komersil lain kek fore tomoro dkk cm gulanya hrus cimit bgt sm pke plant base baru enak wkwk"",""1895115190229967192"","""","""",""in"",""banner anor ic kopi"",""0"",""0"",""0"",""https://x.com/reokenyaoi/status/1895115190229967192"",""1641375127404449793"",""reokenyaoi""";;;;;;
"1895115184819114370,""Thu Feb 27 14:14:04 +0000 2025"",""12"",""Fess brand coffee yang enak di daerah jakarta apa aja ya dan kalian rekomen kopi yang mana? Selain kopken fore tuku dan tomoro ya. Makasihhh."",""1895115184819114370"","""","""",""in"",""Pengaduan"",""0"",""11"",""0"",""https://x.com/FOODFESS2/status/1895115184819114370"",""939277717966544896"",""FOODFESS2""";;;;;;
"1895114382612611076,""Thu Feb 27 14:10:52 +0000 2025"",""0"",""hari ini closingan dengan kopi fore karena selama puasa tidak akan minum kopi samsek (semoga bener) "",""1895114382612611076"","""","""",""in"",""Bandung"",""0"",""1"",""0"",""https://x.com/uharasamatcha/status/1895114382612611076"",""1252076972705865729"",""uharasamatcha""";;;;;;
"1895088595997991228,""Thu Feb 27 14:10:22 +0000 2025"",""1"",""@samudrarifs capucino caramello tapi sayangnya udh discontinue jadi skrg buttercream latte kamuu suka fore jg kahh?"",""1895114253839081741"","""",""samudrarifs"",""in"",""D"",""0"",""1"",""0"",""https://x.com/venusserenade/status/1895114253839081741"",""1783050961034072064"",""venusserenade""";;;;;;
"1895112935221141783,""Thu Feb 27 14:05:07 +0000 2025"",""0"",""akulah wanita kuat itu (abis minum americano fore 2 gelas + ngabisin butterscotch nya cck)"",""1895112935221141783"","""","""",""in"","""",""0"",""0"",""0"",""https://x.com/chessecakelumer/status/1895112935221141783"",""1548585770943856640"",""chessecakelumer""";;;;;;
"1895112917995135131,""Thu Feb 27 14:05:03 +0000 2025"",""0"",""gweh rasa fore pwt harus nambah kamar mandi deh. ac dingin jadi banyak yang beser "",""1895112917995135131"","""","""",""in"",""rant "",""0"",""0"",""0"",""https://x.com/muyichiro/status/1895112917995135131"",""1143045486913314817"",""muyichiro""";;;;;;
"1895109927208919517,""Thu Feb 27 14:03:53 +0000 2025"",""0"",""@jupiternotvenus Padahal matcha fore enak makan dulu byy sebelum minum matcha kopi"",""1895112624603570421"","""",""jupiternotvenus"",""in"","""",""0"",""1"",""0"",""https://x.com/yohanbaekwon/status/1895112624603570421"",""1758769241359351808"",""yohanbaekwon""";;;;;;
"1895110197443731857,""Thu Feb 27 13:58:03 +0000 2025"",""0"",""@dubiuss Tumbenan gak fore suhat"",""1895111153518551557"","""",""dubiuss"",""in"","""",""0"",""1"",""0"",""https://x.com/yourleciti/status/1895111153518551557"",""1762102562067726336"",""yourleciti""";;;;;;
"1895108072949063795,""Thu Feb 27 13:55:56 +0000 2025"",""0"",""@usualix LAJHHH AKU HALIM ANCRIT AYOOO FORE JATWARRR RUMAH TMN TMN KU DEKET SANA"",""1895110621332644007"","""",""usualix"",""in"","""",""0"",""1"",""0"",""https://x.com/sse0kj0es/status/1895110621332644007"",""1875174144083685376"",""sse0kj0es""";;;;;;
"1895106556779470945,""Thu Feb 27 13:39:47 +0000 2025"",""0"",""eh pdhl mending beli calf aja daripada fore jir lebih murah+lebih pait"",""1895106556779470945"","""","""",""in"",""do not follow"",""0"",""0"",""0"",""https://x.com/taveescorner/status/1895106556779470945"",""1492888559837392896"",""taveescorner""";;;;;;
"1894970990947639744,""Thu Feb 27 13:36:24 +0000 2025"",""0"",""@exclusivse Belum jarang banget minum fore. Dan biasanya ke fore mesennya matcha."",""1895105706946445510"","""",""exclusivse"",""in"",""They / Him. MDNI. 🌈"",""0"",""0"",""0"",""https://x.com/aetherialsolace/status/1895105706946445510"",""1892491344482054144"",""aetherialsolace""";;;;;;
"1895105475139772756,""Thu Feb 27 13:35:29 +0000 2025"",""0"",""dulu pengennya kerja di tempat yg full ac biar ga gampang lepek skrg kedinginan mulu bjiirrr jd kepikiran yg kerja di fore kacanya ampe ngembun krn sedingin itu apakabar baristanya WKWKWK"",""1895105475139772756"","""","""",""in"","""",""0"",""0"",""0"",""https://x.com/vieeennat/status/1895105475139772756"",""1192713113973346305"",""vieeennat""";;;;;;
"1892937605211373994,""Thu Feb 27 13:23:14 +0000 2025"",""0"",""@nonarisand mending jajanin diri sendiri aja sih kalo fore. buat demit beliin kopi sasetan di warung aja udah. kalo diturutin nanti ngelunjaknya makin parah."",""1895102394041803049"","""",""nonarisand"",""in"","""",""0"",""1"",""0"",""https://x.com/hwarahkono/status/1895102394041803049"",""127423108"",""hwarahkono""";;;;;;
"1895101362276585480,""Thu Feb 27 13:19:08 +0000 2025"",""1"",""Harga butterscotch sea salt lattenya fore naik jadi 38rb fakuy lah this rezim"",""1895101362276585480"","""","""",""in"","""",""0"",""1"",""0"",""https://x.com/behandicey/status/1895101362276585480"",""512592909"",""behandicey""";;;;;;
"1895087007464071629,""Thu Feb 27 12:22:06 +0000 2025"",""1"",""KST Tuku Butterscotch Fore KSK Famima Aren Latte Fore Latte-nya nespresso wkwkwk"",""1895087007464071629"","""","""",""in"",""🇮🇩"",""0"",""0"",""0"",""https://x.com/markliger/status/1895087007464071629"",""1127290105"",""markliger""";;;;;;
"1895029042660966905,""Thu Feb 27 12:20:10 +0000 2025"",""0"",""@bawelbangetah_ Apalagi fore sih"",""1895086522816475211"","""",""bawelbangetah_"",""in"","""",""0"",""0"",""0"",""https://x.com/orilookstore/status/1895086522816475211"",""447704160"",""orilookstore""";;;;;;
"1895085270715769292,""Thu Feb 27 12:19:10 +0000 2025"",""0"",""@sbyfess makanan: gacoan burger bangor richeese nasgor 69 geprek joder ayam pak gembus wizzmie minuman: kopken fore (sering e pick up sih) janji jiwa (tp skrg wes jarang)"",""1895086268641616383"","""",""sbyfess"",""in"","""",""0"",""0"",""0"",""https://x.com/advltswiiim/status/1895086268641616383"",""1794130079716651008"",""advltswiiim""";;;;;;
"1895075290428354771,""Thu Feb 27 12:16:31 +0000 2025"",""0"",""@ERIG0o0 iyaaa semacam brand caffe gitu kek fore gitu lahh tapi dia spesialis matcha"",""1895085604389691439"","""",""ERIG0o0"",""in"",""she / they ·˚ ༘"",""0"",""0"",""0"",""https://x.com/0NTWlTTER/status/1895085604389691439"",""1450750463222050817"",""0NTWlTTER""";;;;;;
"1895085416648503310,""Thu Feb 27 12:15:46 +0000 2025"",""0"",""Bodoh bgt hari ini makan ayam sambel ijo &amp";" fore sekaligus lalu asam lambung naik sebagai penyembuhan pulang lgsg order hokben https://t.co/ukSCd9p3cL"",""1895085416648503310"",""https://pbs.twimg.com/media/GkyyIp2aoAoXI2k.jpg"","""",""in"",""London"",""0"",""0"",""0"",""https://x.com/nnnisaeholmes/status/1895085416648503310"",""1201588605371572224"",""nnnisaeholmes""";;;;;
"1895085365607965163,""Thu Feb 27 12:15:34 +0000 2025"",""0"",""Caramel macchiatonya enyakk. Tapi gatau kenapa ya kalau beli kopi disini tuh selalu merasa kembung dan mual kalau minum kopken janjiw fore gitu tuh aman. Cuman latte di point nih juara sih enaknya"",""1895085365607965163"","""","""",""in"","""",""0"",""0"",""0"",""https://x.com/sstrawbxerry/status/1895085365607965163"",""1859229805847437312"",""sstrawbxerry""";;;;;;
"1895084468307964031,""Thu Feb 27 12:12:00 +0000 2025"",""0"",""dapat tempat duduk di fore tuh sebuah keberuntungan"",""1895084468307964031"","""","""",""in"","""",""0"",""0"",""0"",""https://x.com/lotusbiscofs/status/1895084468307964031"",""1250302381"",""lotusbiscofs""";;;;;;
"1895021990777627135,""Thu Feb 27 12:10:59 +0000 2025"",""0"",""@currentlydeath eh seriusan gw masi di fore btw"",""1895084212577087835"","""",""currentlydeath"",""in"",""KB - D | 19(?)"",""0"",""0"",""0"",""https://x.com/neamtanf/status/1895084212577087835"",""1554019865454735360"",""neamtanf""";;;;;;
"1895082443809636365,""Thu Feb 27 12:09:45 +0000 2025"",""0"",""@lamourabror tuku dan fore"",""1895083898859856169"","""",""lamourabror"",""in"",""indonesia"",""0"",""0"",""0"",""https://x.com/sassssygirz/status/1895083898859856169"",""1202074541494685696"",""sassssygirz""";;;;;;
"1895071286143131675,""Thu Feb 27 12:02:00 +0000 2025"",""0"",""@advterdied cobain niniiii iya less sweet less ice dan extra 1 shot. aku kalau pesen fore selalu extra 1 shot hehe "",""1895081950169403676"","""",""advterdied"",""in"",""Niskala Sadajiwa"",""0"",""1"",""0"",""https://x.com/mysticforcce/status/1895081950169403676"",""1154731116"",""mysticforcce""";;;;;;
"1895081592869265452,""Thu Feb 27 12:00:35 +0000 2025"",""0"",""@hooneymilky aku di fore oii"",""1895081592869265452"","""",""hooneymilky"",""in"",""Bali, Indonesia"",""0"",""1"",""0"",""https://x.com/Gummyberry09/status/1895081592869265452"",""1761411319260176384"",""Gummyberry09""";;;;;;
"1895075513045262842,""Thu Feb 27 12:00:24 +0000 2025"",""0"",""@buayakesandung Akungopi Fore Iyo. Tapibelum datengsih masih di jalan."",""1895081547914715329"","""",""buayakesandung"",""in"",""Raya Althea"",""0"",""0"",""0"",""https://x.com/prejudisce/status/1895081547914715329"",""1818109607849635841"",""prejudisce""";;;;;;
"1895071286143131675,""Thu Feb 27 11:57:58 +0000 2025"",""0"",""@mysticforcce Iiih aku tuh udah penasaran sama itu dari lama... tapi gak sempet beli mulu Kamu takarannya gimana Kala? Less sweet less ice kah? Atau ngikut default-nya Fore?"",""1895080936917868817"","""",""mysticforcce"",""in"",""Arashya Anindita, 20."",""0"",""1"",""0"",""https://x.com/advterdied/status/1895080936917868817"",""1718689964412882944"",""advterdied""";;;;;;
"1895079315337027736,""Thu Feb 27 11:57:40 +0000 2025"",""0"",""@azeotrop_ 11 12 si sma fore menurut ak"",""1895080861068075108"","""",""azeotrop_"",""in"","""",""0"",""1"",""0"",""https://x.com/AliMust43685129/status/1895080861068075108"",""1442868575656505357"",""AliMust43685129""";;;;;;
"1895079315337027736,""Thu Feb 27 11:55:00 +0000 2025"",""0"",""@azeotrop_ Enak mna kenangan sma fore"",""1895080190595997790"","""",""azeotrop_"",""in"","""",""0"",""1"",""0"",""https://x.com/AliMust43685129/status/1895080190595997790"",""1442868575656505357"",""AliMust43685129""";;;;;;
"1895079952409887057,""Thu Feb 27 11:54:04 +0000 2025"",""0"",""Birthday treatnya fore cuma sampe tgl 3 maret Sayang kalo ga dituker.. tp kapan keluarnya "",""1895079952409887057"","""","""",""in"",""127home"",""0"",""0"",""0"",""https://x.com/dooydle/status/1895079952409887057"",""1112353342548656130"",""dooydle""";;;;;;
"1895079050693218536,""Thu Feb 27 11:50:29 +0000 2025"",""0"",""hbis klaim bday treatnya fore wheheh https://t.co/zD74iLP3SI"",""1895079050693218536"",""https://pbs.twimg.com/media/GkysWk8aoAUT2ZV.jpg"","""",""in"",""she/her🇮🇩"",""0"",""0"",""0"",""https://x.com/sc4lli0n/status/1895079050693218536"",""1883163670148186112"",""sc4lli0n""";;;;;;
"1895059239300743545,""Thu Feb 27 11:50:23 +0000 2025"",""0"",""@hav3rs @MangoOS_Network I hope I win alhamdulilah!"",""1895079027167371381"","""",""hav3rs"",""in"",""The Blockchain"",""0"",""0"",""0"",""https://x.com/jon4runner/status/1895079027167371381"",""1474216783955513350"",""jon4runner""";;;;;;
"1895078778847797399,""Thu Feb 27 11:49:24 +0000 2025"",""1"",""udah dua kali mesen fore bumi latte large size sisa setengah..... emang benernya minum yang kecil aja gausah gaya "",""1895078778847797399"","""","""",""in"",""svt and carat only !!"",""0"",""1"",""0"",""https://x.com/seokkiebby/status/1895078778847797399"",""1264234225546309632"",""seokkiebby""";;;;;;
"1894977405980487799,""Thu Feb 27 07:27:34 +0000 2025"",""0"",""@yasidfaqihudin medan gadak tuku adanya fore :("",""1895012885115629828"","""",""yasidfaqihudin"",""in"",""disini aja, gak kemana mana "",""0"",""1"",""0"",""https://x.com/heyoabel/status/1895012885115629828"",""791074673538637824"",""heyoabel""";;;;;;
"1895012176613769634,""Thu Feb 27 07:24:45 +0000 2025"",""0"",""Beberapa daftar kopi recomended promo spesial spill voucher diskon disini Promo Fore coffee https://t.co/NUfrFP8rLZ Kopi kenangan https://t.co/W6vRtG8wXJ Janji jiwa https://t.co/OlyMEWWzsQ Tomoro coffee https://t.co/Ed3QK5giCa Point coffe indomaret https://t.co/LDBmIW9FPV"",""1895012176613769634"","""","""",""in"","""",""0"",""0"",""0"",""https://x.com/ike_tjn/status/1895012176613769634"",""513346093"",""ike_tjn""";;;;;;
"1894742227437662374,""Thu Feb 27 07:22:07 +0000 2025"",""0"",""@florelskeitt kaa masih?"",""1895011517101416602"","""",""florelskeitt"",""in"","""",""0"",""0"",""0"",""https://x.com/oatchocolatte_/status/1895011517101416602"",""432064445"",""oatchocolatte_""";;;;;;
"1895009437305512436,""Thu Feb 27 07:13:52 +0000 2025"",""0"",""welcome! ridi nokos mulai dari 3k ada wa tele gmail gojek grab maxim shopee ovo lazada dana kakaotalk fore coffee google dan youtube. garansi atau no garansi langsung chat wa di bio. #zonauang"",""1895009437305512436"","""","""",""in"",""close dm, wa only"",""0"",""0"",""0"",""https://x.com/_kitheu/status/1895009437305512436"",""2417656292"",""_kitheu""";;;;;;
"1894986952765776050,""Thu Feb 27 07:10:04 +0000 2025"",""0"",""@luuyifan Rame sama onti ankle soalnya para mahasiswa banyakan pindah ke fore atau tomoro. Coba kalau banyak pelajar/mahasiswa onti ankle nongkrong di cafe sejenis excelso. terus juga karena boikot. Itu sih yang aku liat."",""1895008481989788043"","""",""luuyifan"",""in"",""straya"",""0"",""1"",""0"",""https://x.com/lunapyong/status/1895008481989788043"",""1611956190514405376"",""lunapyong""";;;;;;
"1895006020805820867,""Thu Feb 27 07:00:17 +0000 2025"",""0"",""Fore deket sini di mana ya pengen fore."",""1895006020805820867"","""","""",""in"","""",""0"",""0"",""0"",""https://x.com/forfvckingsake/status/1895006020805820867"",""724003459419136001"",""forfvckingsake""";;;;;;
"1894986952765776050,""Thu Feb 27 06:54:26 +0000 2025"",""0"",""@luuyifan Pada pindah ke fore atau tomoro soalnya mahasiswa dan lainnya."",""1895004548579893446"","""",""luuyifan"",""in"",""straya"",""0"",""1"",""0"",""https://x.com/lunapyong/status/1895004548579893446"",""1611956190514405376"",""lunapyong""";;;;;;
"1894914046388031524,""Thu Feb 27 06:47:17 +0000 2025"",""0"",""@hellhabbit pesen fore aja masih suka nitip takut salah nanti di kasirnya"",""1895002750641152409"","""",""hellhabbit"",""in"",""Indonesia"",""0"",""0"",""0"",""https://x.com/sykamii/status/1895002750641152409"",""1136874070622912514"",""sykamii""";;;;;;
"1895001613380788744,""Thu Feb 27 06:42:46 +0000 2025"",""0"",""ada yg jual voucher fore ga #zonauang"",""1895001613380788744"","""","""",""in"",""dnff"",""0"",""3"",""0"",""https://x.com/koqwet/status/1895001613380788744"",""1575745481141293056"",""koqwet""";;;;;;
"1895001203597324503,""Thu Feb 27 06:41:09 +0000 2025"",""0"",""Kopi Fore cma 20k'an udh dapet ukuran large lho yuk download aplikasinya terus masukin kode referral ku : 0F17C1 buat dpetin diskon 50% SD 35k sbanyak 3 voucher bahkan bsa dapetin 1 cup gratis.. 0F17C1 Tags : Diskon fore promo fore kode reff fore fore coffee voucher fore"",""1895001203597324503"","""","""",""in"",""she/her 01's"",""0"",""0"",""0"",""https://x.com/hwangjin2503/status/1895001203597324503"",""1259203102697086976"",""hwangjin2503""";;;;;;
"1894991699946164610,""Thu Feb 27 06:34:16 +0000 2025"",""0"",""@Kuycing tuku atau fore"",""1894999473325252834"","""",""Kuycing"",""in"",""ca | homophobes,minor dni🔞"",""0"",""1"",""0"",""https://x.com/piwsank/status/1894999473325252834"",""1780201525887037440"",""piwsank""";;;;;;
"1894999110836723911,""Thu Feb 27 06:32:50 +0000 2025"",""0"",""kenapa kopi kaya fore tuku calf di rumah gua jauh semuaa anjrr minimal bgt buka di glc lah or metland kekkk kan masih banyak ruko yg blm dipakeee"",""1894999110836723911"","""","""",""in"","""",""0"",""0"",""0"",""https://x.com/pieceshooky/status/1894999110836723911"",""1676914334793080836"",""pieceshooky""";;;;;;
"1894996576646684993,""Thu Feb 27 06:22:45 +0000 2025"",""0"",""Sudah coba aplikasi Fore Coffee? Dapatkan diskon 50% untuk pembelian pertamamu! Download sekarang dan masukkan kode referral 745DF9 saat registrasi. https://t.co/yTStBO5CXY"",""1894996576646684993"","""","""",""in"","""",""0"",""0"",""0"",""https://x.com/tokpedshopia/status/1894996576646684993"",""1684176060760612866"",""tokpedshopia""";;;;;;
"1894980761905963159,""Thu Feb 27 06:22:11 +0000 2025"",""0"",""@CupidTrace iyaa termasuk strong fore tapi aku suka yahh sayang bangett semoga cepet ada biar kamu bisa cobain eh tp kamu suka kopi ga aruna?"",""1894996432509378766"","""",""CupidTrace"",""in"","""",""0"",""0"",""0"",""https://x.com/Gumivho/status/1894996432509378766"",""1152848975524794368"",""Gumivho""";;;;;;
"1894993762662916191,""Thu Feb 27 06:11:34 +0000 2025"",""0"",""hai aku udah open ya! nokos mulai 3k ridi nokwa noktel gmail gojek grab maxim shopee ovo lazada dana kakaotalk fore coffee google dan youtube. garansi dan no garansi langsung wa ya. #zonauang"",""1894993762662916191"","""","""",""in"",""close dm, wa only"",""0"",""0"",""0"",""https://x.com/_kitheu/status/1894993762662916191"",""2417656292"",""_kitheu""";;;;;;
"1894793001119162742,""Thu Feb 27 06:10:37 +0000 2025"",""0"",""@testsurou Abang.. ayo nanti kita jajan fore ok "",""1894993522715172892"","""",""testsurou"",""tl"",""WWW only"",""0"",""0"",""0"",""https://x.com/oracledust/status/1894993522715172892"",""3167467014"",""oracledust""";;;;;;
"1894936778127057194,""Thu Feb 27 06:07:13 +0000 2025"",""0"",""@tanyarlfes Fore nder cobain yg butterscotch sea salt latte. Btw order lewat sfood ada diskon up to 45% lumayan bgt https://t.co/3E9Djma8JT"",""1894992665613422891"","""",""tanyarlfes"",""in"",""•SHE/HER 96•"",""0"",""0"",""0"",""https://x.com/levantertwt/status/1894992665613422891"",""783941633452539904"",""levantertwt""";;;;;;
"1894991602541830451,""Thu Feb 27 06:02:59 +0000 2025"",""0"",""Kode promo refferal fore coffee diskon 50% max 35k 3x transaksi bisa menu minuman &amp";" makanan semua varian menu untuk pengguna baru yaps!!! A0BCAE Fore coffee belasan ribu aja seng Kalo kesusahan masukin referral nya bisa dm aku yaaa manieszzz #zonauang #zonajajan https://t.co/sH86DkOJ1S"",""1894991602541830451"",""https://pbs.twimg.com/media/Gkxc0ZwbwAAoxF3.jpg"","""",""in"",""Palembang"",""0"",""0"",""0"",""https://x.com/hopeeblueside/status/1894991602541830451"",""1227609279395291137"",""hopeeblueside""";;;;;
"1894990215024124236,""Thu Feb 27 05:57:29 +0000 2025"",""0"",""ada diskon menu fore coffee 50% caranya: 1. install apps fore coffee 2. daftar dan klik bagian memiliki kode referral lalu masukin kode referral C39FF8 tags. promo diskon refferal kopi gratis murah ngopi kuota hari ini shopee tokopedia work siang panas https://t.co/DRuQeyExVF"",""1894990215024124236"",""https://pbs.twimg.com/media/GkxbiycWQAAh7yO.jpg"","""",""in"","""",""0"",""0"",""0"",""https://x.com/diskonfore/status/1894990215024124236"",""1301411731919441921"",""diskonfore""";;;;;;
"1894989691365253500,""Thu Feb 27 05:55:24 +0000 2025"",""1"",""Badmood bgtttttt mending ke Fore apa Dr.ells?"",""1894989691365253500"","""","""",""in"",""ID/ENG"",""0"",""3"",""0"",""https://x.com/aliyaanurull/status/1894989691365253500"",""2472446138"",""aliyaanurull""";;;;;;
"1894989054061801834,""Thu Feb 27 05:52:52 +0000 2025"",""0"",""variant rasa amerikano fore : triple peach berry manuka manuka honey asli sumpah beneran enak banget tapi jahat di lambung sayaaa https://t.co/XMkyBssjWe"",""1894989054061801834"",""https://pbs.twimg.com/media/GkxaegPbgAAfDGy.jpg"","""",""in"",""Cibinong"",""0"",""0"",""0"",""https://x.com/urfavvismeh/status/1894989054061801834"",""1209055473476853760"",""urfavvismeh""";;;;;;
"1894988410785538531,""Thu Feb 27 05:50:18 +0000 2025"",""2"",""Ada yang mau voucher fore diskon 30%? Dm aja nanti aku kirim kodenya buat satu orang ya~ https://t.co/jDr73r8Zit"",""1894988410785538531"",""https://pbs.twimg.com/media/GkxZ6RdW0AAzlRk.jpg"","""",""in"","""",""0"",""0"",""0"",""https://x.com/luckyhobie/status/1894988410785538531"",""1111507385833553920"",""luckyhobie""";;;;;;
"1894980761905963159,""Thu Feb 27 05:48:00 +0000 2025"",""0"",""@Gumivho Aku belum pernah coba Fore soalnya di sini ga ada... Tapi katanya Fore kopinya paling strong ya?"",""1894987831787036768"","""",""Gumivho"",""in"",""He, Aruna Xabiru."",""0"",""1"",""0"",""https://x.com/CupidTrace/status/1894987831787036768"",""1385166013486964737"",""CupidTrace""";;;;;;
"1894980761905963159,""Thu Feb 27 05:45:26 +0000 2025"",""0"",""@CupidTrace fore! aku paling pw di sana dan kopinya juga enak"",""1894987183288918392"","""",""CupidTrace"",""in"","""",""0"",""1"",""0"",""https://x.com/Gumivho/status/1894987183288918392"",""1152848975524794368"",""Gumivho""";;;;;;
"1894961767081746661,""Thu Feb 27 05:42:31 +0000 2025"",""0"",""@argawijaya1194 Owalahh oke oke sorry soalnya aku taunya fore yg dingaliyan"",""1894986451261235209"","""",""oscargot7"",""in"",""H"",""0"",""1"",""0"",""https://x.com/blubrrycheese/status/1894986451261235209"",""984074527079460902"",""blubrrycheese""";;;;;;
"1894985673977012629,""Thu Feb 27 05:39:26 +0000 2025"",""0"",""Fore setiabudi makmur kilogram akan jadi list buat nugas "",""1894985673977012629"","""","""",""in"",""🇮🇩/99"",""0"",""0"",""0"",""https://x.com/textmle/status/1894985673977012629"",""217660716"",""textmle""";;;;;;
"1894961767081746661,""Thu Feb 27 05:35:28 +0000 2025"",""0"",""@argawijaya1194 Kan ada fore"",""1894984675984380227"","""",""oscargot7"",""in"",""H"",""0"",""1"",""0"",""https://x.com/blubrrycheese/status/1894984675984380227"",""984074527079460902"",""blubrrycheese""";;;;;;
"1894982532556537863,""Thu Feb 27 05:26:57 +0000 2025"",""1"",""knp tak de minum fore"",""1894982532556537863"","""","""",""in"","""",""0"",""0"",""0"",""https://x.com/expiredfleur/status/1894982532556537863"",""3256374252"",""expiredfleur""";;;;;;
"1894982447231836476,""Thu Feb 27 05:26:37 +0000 2025"",""0"",""Wts voc pepper lunch nominal 100k dijual harga miring 70k aja no scam testi cek profile #zonauang️ wtb ramadhan https://t.co/kpDVDaPNU1"",""1894982447231836476"",""https://pbs.twimg.com/media/GkxUfTtWMAAUUqd.jpg"","""",""in"","""",""0"",""0"",""0"",""https://x.com/SobadShopee/status/1894982447231836476"",""1676610715719725059"",""SobadShopee""";;;;;;
"1894981730844713102,""Thu Feb 27 05:23:46 +0000 2025"",""0"",""Ready sedikit yg mau ngopi fore aku jual Voc fore coffee diskon 50% ALL ITEM fee 5k per voucher bebas minuman apa aja.kopi/non kopi ukuran reguler/large Contoh Butterscoth Sea Salt Latte Large (Upsize) only 25k! Rep aja kalo slow respon #TimnasDay #zonauang Ramadhan wtb wts https://t.co/bRw3sGiKNu"",""1894981730844713102"",""https://pbs.twimg.com/media/GkxT1l7WAAAYAuK.jpg"","""",""in"","""",""0"",""1"",""0"",""https://x.com/SobadShopee/status/1894981730844713102"",""1676610715719725059"",""SobadShopee""";;;;;;
"1894980418312847777,""Thu Feb 27 05:18:33 +0000 2025"",""1"",""halo! aku open nih nokos mulai dari 3k ready wa tele gmail gojek grab maxim shopee ovo lazada dana kakaotalk fore coffee google youtube. semua akun ready garansi dan no garansi langsung wa. #zonauang"",""1894980418312847777"","""","""",""in"",""close dm, wa only"",""0"",""0"",""0"",""https://x.com/_kitheu/status/1894980418312847777"",""2417656292"",""_kitheu""";;;;;;
"1894980377498055015,""Thu Feb 27 05:18:23 +0000 2025"",""0"",""Sudah coba aplikasi Fore Coffee? Dapatkan diskon 50% untuk pembelian pertamamu! Download sekarang dan masukkan kode referral 6A04DC saat registrasi. https://t.co/jQPJcVrDvf"",""1894980377498055015"","""","""",""in"",""Jakarta Capital Region"",""0"",""0"",""0"",""https://x.com/OirkMan/status/1894980377498055015"",""2958665036"",""OirkMan""";;;;;;
"1894980173491249444,""Thu Feb 27 05:17:35 +0000 2025"",""0"",""Sudah coba aplikasi Fore Coffee? Dapatkan diskon 50% untuk pembelian pertamamu! Download sekarang dan masukkan kode referral 6A04DC saat registrasi. https://t.co/7BcmmM8cW3"",""1894980173491249444"","""","""",""in"",""Jakarta"",""0"",""0"",""0"",""https://x.com/Rio_D2Q/status/1894980173491249444"",""80601455"",""Rio_D2Q""";;;;;;
"1849939409032052945,""Thu Feb 27 05:16:09 +0000 2025"",""0"",""munggahannya belii shopeefood ajaa Mie Gacoan Diskon 50% https://t.co/maT0BUInAJ Solaria Diskon 20RB https://t.co/O4uGadWMfi Geprek Bensu Diskon s/d 25RB https://t.co/p8L1EM5rBw Fore Coffee Diskon s/d 45RB https://t.co/L9ussFvQwP #zonauang"",""1894979816593727873"","""",""myooe_"",""in"","""",""0"",""1"",""0"",""https://x.com/myooe_/status/1894979816593727873"",""1541422076610740224"",""myooe_""";;;;;;
"1894646107319194000,""Thu Feb 27 05:08:22 +0000 2025"",""0"",""@FOODFESS2 Fore Kopken yg enak caramel machato"",""1894977855878262862"","""",""FOODFESS2"",""in"","""",""0"",""0"",""0"",""https://x.com/rukaimut/status/1894977855878262862"",""1767865876429365248"",""rukaimut""";;;;;;
"1894688866805989779,""Thu Feb 27 05:05:54 +0000 2025"",""1"",""@tempodotco Ga enak kalah ama fore kopi kenangan &amp";" indomaret point. Jualan tempat nongkrong bukan kopi seh."",""1894977234555019613"","""",""tempodotco"",""in"",""nusantara"",""0"",""0"",""0"",""https://x.com/ditoyulianto/status/1894977234555019613"",""152593078"",""ditoyulianto""";;;;;
"1894971679480401976,""Thu Feb 27 04:43:49 +0000 2025"",""0"",""Mending klean bikin member fore boleh kak kode referalnya Sudah coba aplikasi Fore Coffee? Dapatkan diskon 50% untuk pembelian pertamamu! Download sekarang dan masukkan kode referral 28DB6A saat registrasi. https://t.co/xtkopEVt4E"",""1894971679480401976"","""","""",""in"","""",""0"",""0"",""0"",""https://x.com/PSubuh69974/status/1894971679480401976"",""1801044205265125376"",""PSubuh69974""";;;;;;
"1894967853016916381,""Thu Feb 27 04:40:01 +0000 2025"",""0"",""@yeodudung oiya luwh blm ngelist fore coy"",""1894970719538421860"","""",""yeodudung"",""in"","""",""0"",""1"",""0"",""https://x.com/floiryn/status/1894970719538421860"",""1106106840427913217"",""floiryn""";;;;;;
"1894967853016916381,""Thu Feb 27 04:39:38 +0000 2025"",""0"",""@yeodudung okeh noted kack. menurutmu prefer cobain matcha tomoro/fore/point dulu?"",""1894970625804181824"","""",""yeodudung"",""in"","""",""0"",""1"",""0"",""https://x.com/floiryn/status/1894970625804181824"",""1106106840427913217"",""floiryn""";;;;;;
"1894969734422241462,""Thu Feb 27 04:36:06 +0000 2025"",""0"",""Yg mau minum kopi / matcha fore coffee yuk download appnya &amp";" daftar pake kode 52BAB5 biar dpt voucher 50% maks 35rb!! Kpn lg butterscotch sea salt latte / matcha green tea jd 15rb? Menu yg lain jg bs 2"",""1894969734422241462"","""","""",""in"",""full thread:"",""0"",""0"",""0"",""https://x.com/cupidhoneymoons/status/1894969734422241462"",""1652587389641191425"",""cupidhoneymoons""";;;;;
"1894772027715985707,""Thu Feb 27 04:35:56 +0000 2025"",""0"",""@itsmenyanyaw ayo demo ke fore wkwkw"",""1894969691992641585"","""",""itsmenyanyaw"",""in"",""🇵🇸"",""0"",""0"",""0"",""https://x.com/OntaAden/status/1894969691992641585"",""1143727071480336388"",""OntaAden""";;;;;;
"1894969654352978303,""Thu Feb 27 04:35:47 +0000 2025"",""1"",""Kaga ada bekas tumpahan kopi di cupnya disuruh ngasih bukti tumpahan di motor juga ga ngasih mana ada gue percaya dan fore itu kenceng ya tutupnya mana disolatip sana sini. Sangat tidak mungkin tumpah mana yg tumpah cuman 1 https://t.co/bvGyFTp9wV"",""1894969654352978303"",""https://pbs.twimg.com/media/GkxI2WLaoAAJIvr.jpg"","""",""in"","""",""0"",""0"",""0"",""https://x.com/Babybaekhyy/status/1894969654352978303"",""1767563858083016704"",""Babybaekhyy""";;;;;;
"1894646107319194000,""Thu Feb 27 04:20:49 +0000 2025"",""0"",""@FOODFESS2 Buttercream latte or kopi dari tani di fore ️"",""1894965889168232590"","""",""FOODFESS2"",""in"",""in the Stars"",""0"",""0"",""0"",""https://x.com/byeol_mx/status/1894965889168232590"",""1835289220367491072"",""byeol_mx""";;;;;;
"1894963677004255669,""Thu Feb 27 04:12:01 +0000 2025"",""0"",""oke akun ini akan segera berubah jadi akun ba"",""1894963677004255669"","""","""",""in"",""kalo slr ke"",""0"",""0"",""0"",""https://x.com/eyesc0ffee/status/1894963677004255669"",""1789173498310799360"",""eyesc0ffee""";;;;;;
"1894961413158052116,""Thu Feb 27 04:03:02 +0000 2025"",""0"",""fore coffee 1 liter jadi 48 ribuann pakein voucher diskon 50% https://t.co/dBEWLN3zIX https://t.co/fqWEgL45Fo"",""1894961413158052116"",""https://pbs.twimg.com/media/GkxBW4masAA9HmS.jpg"","""",""in"",""Telegram"",""0"",""0"",""1"",""https://x.com/AkuSukaRacun/status/1894961413158052116"",""1344004785934979073"",""AkuSukaRacun""";;;;;;
"1894953304033239122,""Thu Feb 27 04:00:51 +0000 2025"",""0"",""@Amsalir HAHAHAHAHAHAHA baru beberapa waktu lalu bilang kok kita ga pernah papasan ehh akhirnya ngalamin juga Lama lama jadi penghuni fore kamu Hayu entar ngebakso wkwkwkw"",""1894960866715672780"","""",""Amsalir"",""in"","""",""0"",""0"",""0"",""https://x.com/putraganggaa/status/1894960866715672780"",""434861531"",""putraganggaa""";;;;;;
"1894960861300826319,""Thu Feb 27 04:00:50 +0000 2025"",""0"",""Top 3 #KopiKekinian versi gua skrg : 1. Buttercream Latte nya FORE 2. Kopi Susu Tetangga nya TUKU 3. Spanish Latte nya KOPI KENANGAN . ini enak bgt walaupun harga kopinya ga mahal "",""1894960861300826319"","""","""",""in"",""Jakarta-Indonesia"",""0"",""0"",""0"",""https://x.com/rezamoch/status/1894960861300826319"",""151301688"",""rezamoch""";;;;;;
"1894954686610055303,""Thu Feb 27 03:58:03 +0000 2025"",""0"",""Promo ShopeeFood Gajian Sale! (22-28 Feb 2025) Burger Bangor Disc 70% https://t.co/m8Tqc6YCY3 Janji Jiwa Disc 50% https://t.co/upa0CPflES Kopi Kenangan Disc 50% https://t.co/jOYVEPnqgv Kopi Fore disc 45% https://t.co/w38XRMVPjC #ShopeeFood #zonauang Diskon ShopeeFood Bumn https://t.co/aOOH8jY3CN"",""1894960160977932785"",""https://pbs.twimg.com/media/GkxANv-aoAAkqQ0.jpg"",""dpalupie"",""in"","""",""0"",""1"",""0"",""https://x.com/dpalupie/status/1894960160977932785"",""925134595"",""dpalupie""";;;;;;
"1894959304949801093,""Thu Feb 27 03:54:39 +0000 2025"",""0"",""fore enak bgt masyaallah"",""1894959304949801093"","""","""",""in"","""",""0"",""0"",""0"",""https://x.com/sillbedumb/status/1894959304949801093"",""1875530252807761922"",""sillbedumb""";;;;;;
"1894646771730821121,""Thu Feb 27 03:46:38 +0000 2025"",""0"",""@tonyluvEASTCAPE Wih matcha fore mas?"",""1894957287787372678"","""",""tonyluvEASTCAPE"",""in"","""",""0"",""1"",""0"",""https://x.com/CharlesLuvAlex/status/1894957287787372678"",""762097147441475584"",""CharlesLuvAlex""";;;;;;
"1894956068243153326,""Thu Feb 27 03:41:47 +0000 2025"",""0"",""Info promo kopi enak mending order sekarang dari pada nyesel krn kehabisan diskon Fore coffee https://t.co/NUfrFP8rLZ Kopi kenangan https://t.co/W6vRtG8wXJ Janji jiwa https://t.co/OlyMEWWzsQ Tomoro coffee https://t.co/Ed3QK5giCa Point coffe indomaret https://t.co/LDBmIW9FPV"",""1894956068243153326"","""","""",""in"","""",""0"",""0"",""0"",""https://x.com/ike_tjn/status/1894956068243153326"",""513346093"",""ike_tjn""";;;;;;
"1894728112975609875,""Thu Feb 27 03:40:40 +0000 2025"",""0"",""@21jgw @yuaiaifess @renscake itu yg sea salt jir b ajah di gua gk ngantuk tp fore enak kopinya"",""1894955786117562548"","""",""21jgw"",""in"","""",""0"",""1"",""0"",""https://x.com/sunghoonfh/status/1894955786117562548"",""1255910199589613568"",""sunghoonfh""";;;;;;
"1894955325696156106,""Thu Feb 27 03:38:50 +0000 2025"",""0"",""butterscotch seasaltnya enakan punya si fore"",""1894955325696156106"","""","""",""in"","""",""0"",""1"",""0"",""https://x.com/aluisreal/status/1894955325696156106"",""1866862917645373441"",""aluisreal""";;;;;;
"1894954040297169095,""Thu Feb 27 03:33:44 +0000 2025"",""0"",""Buset nih Fore mgl jadi banyak bentukan kaum ijo dan wartawan deh"",""1894954040297169095"","""","""",""in"","""",""0"",""0"",""0"",""https://x.com/astriastr_/status/1894954040297169095"",""1194957004650901504"",""astriastr_""";;;;;;
"1894953430495699400,""Thu Feb 27 03:31:19 +0000 2025"",""0"",""NGAKAK BANGET KETEMU DAMA DI FORE PADAHAL NGGAK JANJIAN "",""1894953430495699400"","""","""",""in"",""(BUKAN AKUN PARODI)(TERJARING JADI PENULIS AMATIR)(GILA SEDIKIT)(SILA SEMBUNYI)(KUNCUP BUNGA TENGAH BERCERITA)(KELOPAK DAN SERIBU STANZA)."",""0"",""0"",""0"",""https://x.com/LayurMala/status/1894953430495699400"",""1796965254733389824"",""LayurMala""";;;;;;
"1894953366234763683,""Thu Feb 27 03:31:03 +0000 2025"",""0"",""Yg mau minum kopi / matcha fore coffee yuk download appnya &amp";" daftar pake kode 52BAB5 biar dpt voucher 50% maks 35rb!! Kpn lg butterscotch sea salt latte / matcha green tea jd 15rb? Menu yg lain jg bs"",""1894953366234763683"","""","""",""in"",""full thread:"",""0"",""0"",""0"",""https://x.com/cupidhoneymoons/status/1894953366234763683"",""1652587389641191425"",""cupidhoneymoons""";;;;;
"1894952686547804266,""Thu Feb 27 03:28:21 +0000 2025"",""0"",""Bantu siram ya drop link utk sirbal https://t.co/lkISxDAOgG"",""1894952686547804266"","""","""",""in"","""",""0"",""0"",""0"",""https://x.com/msteffinova/status/1894952686547804266"",""1683076858013945856"",""msteffinova""";;;;;;
"1894952315553284284,""Thu Feb 27 03:26:53 +0000 2025"",""0"",""sp yang mau nugas di fore"",""1894952315553284284"","""","""",""in"","""",""0"",""0"",""0"",""https://x.com/sincjyeop/status/1894952315553284284"",""1797318555828125696"",""sincjyeop""";;;;;;
"1894936778127057194,""Thu Feb 27 03:22:31 +0000 2025"",""0"",""@tanyarlfes klo budgetnya ada Fore. Flash Coffee menurutku jg enak."",""1894951219434774711"","""",""tanyarlfes"",""in"",""Pangkuan Quincy"",""0"",""0"",""0"",""https://x.com/_ayuuka/status/1894951219434774711"",""1162559323"",""_ayuuka""";;;;;;
"1894949551511085531,""Thu Feb 27 03:15:54 +0000 2025"",""0"",""Bantu siram ya drop link utk sirbal https://t.co/foYhCnrqVk"",""1894949551511085531"","""","""",""in"","""",""0"",""1"",""0"",""https://x.com/msteffinova/status/1894949551511085531"",""1683076858013945856"",""msteffinova""";;;;;;
"1894949329305247838,""Thu Feb 27 03:15:01 +0000 2025"",""0"",""KOPI FORE GRATIS B1G1 &amp";" DISKON 50%! Untuk pengguna baru cukup buat akun dengan referral ini : 8FEDF8 FAA744 #ForeCoffee #Gratis https://t.co/sVYTerH5oT"",""1894949329305247838"",""https://pbs.twimg.com/media/Gkw2XsvWEAEcAAk.jpg"","""",""in"","""",""0"",""0"",""0"",""https://x.com/tensevery/status/1894949329305247838"",""989465218911621120"",""tensevery""";;;;;
"1894933159604822354,""Thu Feb 27 03:03:56 +0000 2025"",""0"",""@Amsalir Fore mana nih? Wkwk"",""1894946540080504895"","""",""Amsalir"",""in"","""",""0"",""1"",""0"",""https://x.com/putraganggaa/status/1894946540080504895"",""434861531"",""putraganggaa""";;;;;;
"1894643012845920438,""Thu Feb 27 03:00:42 +0000 2025"",""0"",""@icykids Over work upah umr ngopi fore mulu rokok sampoerna kukut lur"",""1894945727035646098"","""",""icykids"",""in"",""Seattle, WA"",""0"",""0"",""0"",""https://x.com/Edwin_zul/status/1894945727035646098"",""1124658925578489856"",""Edwin_zul""";;;;;;
"1894945617245348181,""Thu Feb 27 03:00:16 +0000 2025"",""0"",""Diskon 50% utk pembelian minuman 2 gelas di Fore Coffee setiap hari Jumat dgn Kartu Kredit digibank by DBS Visa Contactless. Hingga 28 Feb. https://t.co/TWZrpflTBC"",""1894945617245348181"","""","""",""in"",""Surabaya, Indonesia"",""0"",""0"",""0"",""https://x.com/promopagi/status/1894945617245348181"",""105975515"",""promopagi""";;;;;;
"1894943533389488241,""Thu Feb 27 02:51:59 +0000 2025"",""0"",""giliran stok kopi enak di rumah lagi banyak aing malah pengennya kopi fore kan ngentotttt"",""1894943533389488241"","""","""",""in"",""알려지지 않은"",""0"",""0"",""0"",""https://x.com/j4yjo/status/1894943533389488241"",""1673339733768896514"",""j4yjo""";;;;;;
"1894943301465448877,""Thu Feb 27 02:51:04 +0000 2025"",""13"",""pengen fore deh"",""1894943301465448877"","""","""",""in"","""",""1"",""4"",""0"",""https://x.com/poetryands/status/1894943301465448877"",""1668992697414156296"",""poetryands""";;;;;;
"1894941965109862538,""Thu Feb 27 02:45:45 +0000 2025"",""0"",""KOPI FORE GRATIS B1G1 &amp";" DISKON 50%! Untuk pengguna baru cukup buat akun dengan referral ini : 8FEDF8 FAA744 #ForeCoffee #Gratis https://t.co/b3oHiFaqLP"",""1894941965109862538"",""https://pbs.twimg.com/media/GkwvrDhaoAI5FiK.jpg"","""",""in"","""",""0"",""0"",""0"",""https://x.com/tensevery/status/1894941965109862538"",""989465218911621120"",""tensevery""";;;;;
"1894939697367187921,""Thu Feb 27 02:36:44 +0000 2025"",""0"",""Hi Fore Friends.... Sudah coba aplikasi Fore Coffee? Dapatkan diskon 50% untuk pembelian pertamamu! Download sekarang dan masukkan kode referral 6A04DC saat registrasi. https://t.co/jQPJcVrDvf"",""1894939697367187921"","""","""",""in"",""Jakarta Capital Region"",""0"",""0"",""0"",""https://x.com/OirkMan/status/1894939697367187921"",""2958665036"",""OirkMan""";;;;;;
"1894939608628240845,""Thu Feb 27 02:36:23 +0000 2025"",""0"",""Hi Fore Friends.... Sudah coba aplikasi Fore Coffee? Dapatkan diskon 50% untuk pembelian pertamamu! Download sekarang dan masukkan kode referral 6A04DC saat registrasi. https://t.co/7BcmmM8cW3"",""1894939608628240845"","""","""",""in"",""Jakarta"",""0"",""0"",""0"",""https://x.com/Rio_D2Q/status/1894939608628240845"",""80601455"",""Rio_D2Q""";;;;;;
"1894939191076888648,""Thu Feb 27 02:34:44 +0000 2025"",""5"",""Mending nakoa apa fore ya? perkara milih coffeshop dari kemarin skripsi ga kelar"",""1894939191076888648"","""","""",""in"",""Malang, Jawa Timur"",""0"",""2"",""0"",""https://x.com/sukalatteaja/status/1894939191076888648"",""1591810803896053765"",""sukalatteaja""";;;;;;
"1894936778127057194,""Thu Feb 27 02:29:56 +0000 2025"",""0"",""@tanyarlfes Gue sih demen butterscotch sama cappuchinonya fore"",""1894937983536787571"","""",""tanyarlfes"",""in"",""MINOR DNI"",""0"",""0"",""0"",""https://x.com/arsoxn/status/1894937983536787571"",""1422232732042600451"",""arsoxn""";;;;;;
"1894937257372766211,""Thu Feb 27 02:27:03 +0000 2025"",""0"",""nnt hbs praktikum mo ke fore"",""1894937257372766211"","""","""",""in"",""bobo"",""0"",""0"",""0"",""https://x.com/naluvet/status/1894937257372766211"",""1810192661858668544"",""naluvet""";;;;;;
"1894516647861653601,""Thu Feb 27 02:25:06 +0000 2025"",""0"",""@bttrfley makanya ngopi jangan fore tiap hari anjer. kali kali kapal api "",""1894936766639153572"","""",""bttrfley"",""in"","""",""0"",""0"",""0"",""https://x.com/bakpao_mini_/status/1894936766639153572"",""1232613870004387841"",""bakpao_mini_""";;;;;;
"1894936509612253298,""Thu Feb 27 02:24:04 +0000 2025"",""2"",""fore kopi ga enak² bgt menurutku mending beli point coffee aja lah buat yang ga terlalu suka kopi lebih hemat kalo mau lebih sehat dan hemat mending beli jus aja kata gua teh"",""1894936509612253298"","""","""",""in"","""",""0"",""0"",""0"",""https://x.com/goodluckforpsy/status/1894936509612253298"",""2374452567"",""goodluckforpsy""";;;;;;
"1894936212298965120,""Thu Feb 27 02:22:53 +0000 2025"",""0"",""Sudah coba aplikasi Fore Coffee? Dapatkan diskon 50% untuk pembelian pertamamu! Download sekarang dan masukkan kode referral 79B25E saat registrasi. https://t.co/5LfQXB49TN"",""1894936212298965120"","""","""",""in"","""",""0"",""0"",""0"",""https://x.com/moonrise0x/status/1894936212298965120"",""1656726388936937473"",""moonrise0x""";;;;;;
"1894935746060132681,""Thu Feb 27 02:21:02 +0000 2025"",""0"",""kalo bisa mah pengennya minum fore tiap hari "",""1894935746060132681"","""","""",""in"","" 🌵⫍ ⃢👁ܫ👁⃢ ⫎"",""0"",""0"",""0"",""https://x.com/cactouse/status/1894935746060132681"",""1306931872987926530"",""cactouse""";;;;;;
"1894935724069396860,""Thu Feb 27 02:20:57 +0000 2025"",""0"",""Guys! Gaji barista fore to brp ya? Aku mau nyoba part time buat biaya kuliah"",""1894935724069396860"","""","""",""in"","""",""0"",""0"",""0"",""https://x.com/vierevivre/status/1894935724069396860"",""1587308900830748672"",""vierevivre""";;;;;;
"1894935655429648464,""Thu Feb 27 02:20:41 +0000 2025"",""0"",""KOPI FORE GRATIS B1G1 &amp";" DISKON 50%! Untuk pengguna baru cukup buat akun dengan referral ini : 8FEDF8 FAA744 #ForeCoffee #Gratis https://t.co/i7p9IQgcCq"",""1894935655429648464"",""https://pbs.twimg.com/media/Gkwp7vuX0AAdfTp.jpg"","""",""in"","""",""0"",""0"",""0"",""https://x.com/tensevery/status/1894935655429648464"",""989465218911621120"",""tensevery""";;;;;
"1894935153551847790,""Thu Feb 27 02:18:41 +0000 2025"",""0"",""Pengen closingan minum fore tapi apadaya tidak bowleh"",""1894935153551847790"","""","""",""in"","""",""0"",""0"",""0"",""https://x.com/asblfdne/status/1894935153551847790"",""301438250"",""asblfdne""";;;;;;
"1894791990547763366,""Thu Feb 27 02:12:52 +0000 2025"",""0"",""@cilobukancilok y ntar aku ikut ikat tangan kamu supaya gabisa minum fore lagi https://t.co/GOke7L29xm"",""1894933689613853125"",""https://pbs.twimg.com/tweet_video_thumb/GkwoI_HaoAAx0C-.jpg"",""cilobukancilok"",""in"",""junkYu "",""0"",""1"",""0"",""https://x.com/iyaininayeon/status/1894933689613853125"",""1402982242184437765"",""iyaininayeon""";;;;;;
"1894927850152829408,""Thu Feb 27 01:49:40 +0000 2025"",""5"",""For real cobain ice Kopi Dari Tani nya Fore deh gaes.. creamy seperti Tuku dengan kopi yang lebih nendang! "",""1894927850152829408"","""","""",""in"",""Jakarta Capital Region"",""0"",""3"",""1"",""https://x.com/pepontherock/status/1894927850152829408"",""1094257605868802048"",""pepontherock""";;;;;;
"1894854706687811835,""Thu Feb 27 01:48:52 +0000 2025"",""0"",""@Chndrawhyn buat ngopi fore guamah"",""1894927648591356228"","""",""Chndrawhyn"",""in"",""Kota Surabaya, Jawa Timur"",""0"",""0"",""0"",""https://x.com/youjaarl/status/1894927648591356228"",""948886972596043776"",""youjaarl""";;;;;;
"1894926236385976770,""Thu Feb 27 01:43:15 +0000 2025"",""0"",""Pesan Fore Coffee di ShopeeFood ada Voucher Diskon s/d 45RB loh! Cek disini keburu habis! https://t.co/mmwUdWoM9P"",""1894926236385976770"","""","""",""in"",""affiliate"",""0"",""0"",""0"",""https://x.com/rysecre/status/1894926236385976770"",""1460567982044680193"",""rysecre""";;;;;;
"1894924843906412842,""Thu Feb 27 01:37:43 +0000 2025"",""0"",""diskon menu fore coffee 50% caranya: 1. install apps fore coffee 2. daftar dan klik bagian memiliki kode referral lalu masukin kode referral BD09DA tags. promo refferal kopi gratis murah hari ini voucher lazada shopee sale seribu selasa pagi libur puasa https://t.co/7SQJh8KY7o"",""1894924843906412842"",""https://pbs.twimg.com/media/GkwgGCeXoAALF9_.jpg"","""",""in"","""",""0"",""0"",""0"",""https://x.com/diskonfore/status/1894924843906412842"",""1301411731919441921"",""diskonfore""";;;;;;
"1894924710770847941,""Thu Feb 27 01:37:11 +0000 2025"",""0"",""ada diskon menu fore coffee 50% caranya: 1. install apps fore coffee 2. daftar dan klik bagian memiliki kode referral lalu masukin kode referral C39FF8 tags. promo diskon refferal kopi gratis murah ngopi kuota hari ini shopee tokopedia ramadhan puasa pagi https://t.co/Kl6FNptkzw"",""1894924710770847941"",""https://pbs.twimg.com/media/Gkwf-B4bEAApLa1.jpg"","""",""in"","""",""0"",""0"",""0"",""https://x.com/diskonfore/status/1894924710770847941"",""1301411731919441921"",""diskonfore""";;;;;;
"1894923846207316280,""Thu Feb 27 01:33:45 +0000 2025"",""4"",""Lagi skena + bonus kantor : harlan kopi kalyan ombé Lagi CFD : tuku / fore Lagi satset/butuh banget karena begadang : point/kopi kenangan Tgl tua : family mart tapi setengah niat (beli ga yaa) Tgl tua banget : good day cappuccino di warteg How coffee is vital to my life."",""1894923846207316280"","""","""",""in"",""Menteng, Indonesia"",""0"",""1"",""0"",""https://x.com/SiAkangLari/status/1894923846207316280"",""1793488836691128321"",""SiAkangLari""";;;;;;
"1894921985114960161,""Thu Feb 27 01:26:21 +0000 2025"",""0"",""maaf ya fore sepagi ini udah bau minyak telon https://t.co/s8Kr7xJFEp"",""1894921985114960161"",""https://pbs.twimg.com/tweet_video_thumb/Gkwdf15W0AAUuUl.jpg"","""",""in"","""",""0"",""0"",""0"",""https://x.com/kimocookies/status/1894921985114960161"",""1433284716195565572"",""kimocookies""";;;;;;
"1894646107319194000,""Thu Feb 27 01:13:39 +0000 2025"",""0"",""@FOODFESS2 fore: butterscotch sea salt buttercream latte sama caramel praline kopken: kopken mantan less sugar udah paling basic non coffe nya coba matcha latte janjiw: gatau"",""1894918788547780642"","""",""FOODFESS2"",""in"","""",""0"",""0"",""0"",""https://x.com/pistacioooo_/status/1894918788547780642"",""1408744125193613313"",""pistacioooo_""";;;;;;
"1894889289928057164,""Thu Feb 27 01:07:36 +0000 2025"",""0"",""@rosym_ss Hokk lo a Rosi "",""1894917264094437493"","""",""GabrielSosaTor1"",""in"",""Los Angeles, CA"",""0"",""0"",""0"",""https://x.com/GabrielSosaTor1/status/1894917264094437493"",""4511493679"",""GabrielSosaTor1""";;;;;;
"1894916855166652561,""Thu Feb 27 01:05:58 +0000 2025"",""0"",""gue batuk lagi plss padahal 3 hari lalu udah mendingan :) soalnya gue udah minum fore makan makanan yg berminyak kerupuk ya Allah mmf deh"",""1894916855166652561"","""","""",""in"",""Rumah Asahi "",""0"",""0"",""0"",""https://x.com/myforceasa/status/1894916855166652561"",""1577856675864006658"",""myforceasa""";;;;;;
"1894663204787425317,""Thu Feb 27 01:05:19 +0000 2025"",""0"",""@augusta_tehe jangan ya kak nanti ketemu pemerintah wkwk emang km mau? mending ke fore kan minum kopi enak"",""1894916688875032964"","""",""augusta_tehe"",""in"",""renjun duniaku"",""0"",""0"",""0"",""https://x.com/landtrues/status/1894916688875032964"",""1371491555110842369"",""landtrues""";;;;;;
"1894716571328651272,""Thu Feb 27 00:52:04 +0000 2025"",""0"",""@convomf samaaa keknya juga ga ikut lebaran https://t.co/rn8rxJh5UF"",""1894913357796565477"",""https://pbs.twimg.com/media/GkwVqBQWYAA4oAA.jpg"",""convomf"",""in"",""Semarang, Jawa Tengah"",""0"",""0"",""0"",""https://x.com/kukayung/status/1894913357796565477"",""1109799504352415746"",""kukayung""";;;;;;
"1894912638926393476,""Thu Feb 27 00:49:13 +0000 2025"",""0"",""Sudah coba aplikasi Fore Coffee? Dapatkan diskon 50% untuk pembelian pertamamu! Download sekarang dan masukkan kode referral B23CF2 saat registrasi. https://t.co/n4Ylibwppx"",""1894912638926393476"","""","""",""in"",""Tegal, Jawa Tengah"",""0"",""0"",""0"",""https://x.com/anstsyvrnca/status/1894912638926393476"",""1444725880622776320"",""anstsyvrnca""";;;;;;
"1894909962574528784,""Thu Feb 27 00:38:35 +0000 2025"",""0"",""MAU FORE TP GW LG PUASA GW MAUNYA LGSG MINUM"",""1894909962574528784"","""","""",""in"",""dnss cok!!!!!"",""0"",""0"",""0"",""https://x.com/LiliENHYPEN/status/1894909962574528784"",""1149266774161887233"",""LiliENHYPEN""";;;;;;
"1894907249690353882,""Thu Feb 27 00:27:48 +0000 2025"",""1"",""Pagi pagi udah fore aja https://t.co/7GrjSwhEAq"",""1894907249690353882"",""https://pbs.twimg.com/media/GkwQF-NaoAEEV0e.jpg"","""",""in"",""idoling and random things"",""0"",""1"",""0"",""https://x.com/misnabb/status/1894907249690353882"",""1131409974360281088"",""misnabb""";;;;;;
"1894907047147381163,""Thu Feb 27 00:27:00 +0000 2025"",""611"",""ae s progress (260225) ️ an hour study sesh with my bf @ fore! dia bantuin aku ngerjain airdrop tapi cuma dapet satu jam krn kita hrs pergi malamnya aku ga sempet belajar krn kecapean :] rest well pipol https://t.co/Mc0VWcaDAU"",""1894907047147381163"",""https://pbs.twimg.com/media/GkwP6XRaoAAldur.jpg"","""",""in"",""25 (aca)"",""5"",""7"",""19"",""https://x.com/monalieca/status/1894907047147381163"",""1868084817327521792"",""monalieca""";;;;;;
"1894904829086179769,""Thu Feb 27 00:18:11 +0000 2025"",""0"",""Akhir bulan sebelum puasa yang mau ngopi Fore murah Sudah coba aplikasi Fore Coffee? Dapatkan diskon 50% untuk pembelian pertamamu! Download sekarang dan masukkan referal kode referral B01F84 saat registrasi. https://t.co/6vmIwwLFkV"",""1894904829086179769"","""","""",""in"","""",""0"",""0"",""0"",""https://x.com/blessed__loved/status/1894904829086179769"",""1712165532890517505"",""blessed__loved""";;;;;;
"1894898380947746996,""Wed Feb 26 23:55:57 +0000 2025"",""0"",""Biasanya gue kalo minum americano sukanya buat kopi sendiri dibanding beli tp kmrn sibuk bgt sampe ga sempet buat kopi pagi2 trus beli americano fore dan ternyata enak"",""1894899233649762422"","""",""pinkpendants_"",""in"",""nayutavibe"",""0"",""0"",""0"",""https://x.com/pinkpendants_/status/1894899233649762422"",""1704003654548922368"",""pinkpendants_""";;;;;;
"1894898654366048758,""Wed Feb 26 23:53:39 +0000 2025"",""0"",""ollie gapapa dek ayo semangat lagi "",""1894898654366048758"","""","""",""in"",""xh n f1 enjoyers"",""0"",""0"",""0"",""https://x.com/i8fore/status/1894898654366048758"",""1629733261575606272"",""i8fore""";;;;;;
"1894898519049412729,""Wed Feb 26 23:53:07 +0000 2025"",""0"",""yaelah c2 ga bisa jauh jauh"",""1894898519049412729"","""","""",""in"",""xh n f1 enjoyers"",""0"",""0"",""0"",""https://x.com/i8fore/status/1894898519049412729"",""1629733261575606272"",""i8fore""";;;;;;
"1894782765150957755,""Wed Feb 26 22:41:34 +0000 2025"",""0"",""@yibaoredd Fore emank enak kak han udh cobain kopi tuku sama calf jg blm?"",""1894880515737678123"","""",""yibaoredd"",""in"","""",""0"",""1"",""0"",""https://x.com/Jae___Na/status/1894880515737678123"",""1161162780226887680"",""Jae___Na""";;;;;;
"1894861559014531373,""Wed Feb 26 21:26:15 +0000 2025"",""0"",""Anjim jadi keinget tanggal 25 kmrn lupa claim fore buy 1 get 1 gue padahal pas tanggal 24 malemnya inget. "",""1894861559014531373"","""","""",""in"",""Gezanio."",""0"",""0"",""0"",""https://x.com/melojy/status/1894861559014531373"",""2238631226"",""melojy""";;;;;;
"1894646107319194000,""Wed Feb 26 21:20:44 +0000 2025"",""0"",""@FOODFESS2 fore ofc butterscotch kopken caramel macchiato kalo janjiw cokelatnya yg enak"",""1894860170733437148"","""",""FOODFESS2"",""in"","""",""0"",""0"",""0"",""https://x.com/bbuwxx/status/1894860170733437148"",""1073225886101454848"",""bbuwxx""";;;;;;
"1894842697346883922,""Wed Feb 26 20:11:18 +0000 2025"",""0"",""Kasian jir fore yg cuma 30k dan enak banget itu disalahin pdhl beli fore tiap hari pun gabakal bisa nabung kalau underpaid dan overwork jd yah salah siapa? pikir aj sendiri jir"",""1894842697346883922"","""","""",""in"",""🥕land"",""0"",""0"",""0"",""https://x.com/yemim/status/1894842697346883922"",""892290009826435072"",""yemim""";;;;;;
"1894646107319194000,""Wed Feb 26 19:47:26 +0000 2025"",""0"",""@FOODFESS2 fore tuh kopi pandan"",""1894836690810020072"","""",""FOODFESS2"",""in"",""rl thingy"",""0"",""0"",""0"",""https://x.com/jupiqer/status/1894836690810020072"",""1524726806217396225"",""jupiqer""";;;;;;
"1894785240494948696,""Wed Feb 26 19:12:46 +0000 2025"",""0"",""@shoaib100mph Vah sab to theek hai per aapki shirt per ye l*nd kyu bna hai"",""1894827968213520852"","""",""shoaib100mph"",""in"",""India"",""0"",""0"",""0"",""https://x.com/Fore_FrontIndia/status/1894827968213520852"",""1704862941034717184"",""Fore_FrontIndia""";;;;;;
"1894824402317123928,""Wed Feb 26 18:58:36 +0000 2025"",""9"",""setelah seminggu ngidam fore https://t.co/CC6Me3BPpz"",""1894824402317123928"",""https://pbs.twimg.com/media/GkvEvy6XYAAdPXR.jpg"","""",""in"",""Kota Surabaya, Jawa Timur"",""0"",""1"",""0"",""https://x.com/gummyrawrr/status/1894824402317123928"",""1285505660143063040"",""gummyrawrr""";;;;;;
"1894812343760011483,""Wed Feb 26 18:41:37 +0000 2025"",""0"",""@_Pr_Ad @skiesofhoriizon Tu pehle meri baat man le"",""1894820127566102722"","""",""_Pr_Ad"",""in"",""India "",""0"",""0"",""0"",""https://x.com/AbhiraFore99234/status/1894820127566102722"",""1692811749051813888"",""AbhiraFore99234""";;;;;;
"1894761027671408817,""Wed Feb 26 18:40:11 +0000 2025"",""1"",""@LuciaSeraphinaa Waduh Whiskasnya mesti di aduk kedalem Fore ini mah.."",""1894819769226010818"","""",""LuciaSeraphinaa"",""in"",""Bedroom"",""0"",""1"",""0"",""https://x.com/adrianzkr/status/1894819769226010818"",""120009331"",""adrianzkr""";;;;;;
"1894699171732664644,""Wed Feb 26 18:38:07 +0000 2025"",""0"",""@cloudsss_15 sdiki leh smo jadi BA fore"",""1894819248465420372"","""",""cloudsss_15"",""in"",""Sulawesi Utara, Indonesia"",""0"",""0"",""0"",""https://x.com/Mike3____/status/1894819248465420372"",""995268977445163008"",""Mike3____""";;;;;;
"1894809885453259251,""Wed Feb 26 18:00:55 +0000 2025"",""3"",""PRANALI "",""1894809885453259251"","""","""",""in"",""India "",""0"",""0"",""0"",""https://x.com/AbhiraFore99234/status/1894809885453259251"",""1692811749051813888"",""AbhiraFore99234""";;;;;;
"1894808977306984677,""Wed Feb 26 17:57:18 +0000 2025"",""0"",""tar sore gue ada reservasi nail art. plan gue abis dr tempat nail art itu wifi-an di fore mo update genshin. tp tadi cowo gue bilang abis kelar nail art pasti *mencontohkan gerakan gue kalo videoin kuku gue* ga ngeh gue awalnya trs lah iya jg malah kamu yg kepikiran "",""1894808977306984677"","""","""",""in"","""",""0"",""1"",""0"",""https://x.com/affogatozz/status/1894808977306984677"",""2887014715"",""affogatozz""";;;;;;
"1894806098445799924,""Wed Feb 26 17:45:52 +0000 2025"",""0"",""BARU NYOBAIN KOPI TANI NYA FORE AND IT WAS . FORE KAN IDENTIC DENGAN FLAVORS COFFEE NYA YG SANGAT MANIES ABIES YAK TAPI KOPI TANI INI CHEF KISSES BGT SUMPAAAAAAAAAAAAAAAAAAAAAH"",""1894806098445799924"","""","""",""in"",""Wonderland"",""0"",""1"",""0"",""https://x.com/dinokuning96/status/1894806098445799924"",""85521907"",""dinokuning96""";;;;;;
"1894800295504552278,""Wed Feb 26 17:26:16 +0000 2025"",""0"",""@alchelule Kapan ke fore ?"",""1894801165214449928"","""",""alchelule"",""in"",""nomaden"",""0"",""1"",""0"",""https://x.com/TMITHC2015/status/1894801165214449928"",""1378085302028263425"",""TMITHC2015""";;;;;;
"1894800295504552278,""Wed Feb 26 17:22:48 +0000 2025"",""0"",""Kenapa ya ac fore tuh dingin bngt bngt udah kek freezer ayam"",""1894800295504552278"","""","""",""in"",""kadang mlg kadang smg"",""0"",""1"",""0"",""https://x.com/alchelule/status/1894800295504552278"",""1613349019631357957"",""alchelule""";;;;;;
"1894800236587164032,""Wed Feb 26 17:22:34 +0000 2025"",""0"",""Afghanistan walo Pakistan ko her baar beizzati krna jaruri nhi. #AFGvENG #AFGvsENG #England https://t.co/ER1nO64frw"",""1894800236587164032"",""https://pbs.twimg.com/media/GkuuxgRaoAkW-W9.jpg"","""",""in"",""India"",""0"",""0"",""0"",""https://x.com/Fore_FrontIndia/status/1894800236587164032"",""1704862941034717184"",""Fore_FrontIndia""";;;;;;
"1894646107319194000,""Wed Feb 26 17:18:22 +0000 2025"",""0"",""@FOODFESS2 fore butterscotch cream latte kalo gasalah aku beli itu terus"",""1894799177596690794"","""",""FOODFESS2"",""in"","""",""0"",""0"",""0"",""https://x.com/fleuraisey/status/1894799177596690794"",""730972000605241349"",""fleuraisey""";;;;;;
"1894798280913301881,""Wed Feb 26 17:14:48 +0000 2025"",""0"",""FORE CARI &amp";" CEK KOTA KALIAN https://t.co/tAmEFX3OYq https://t.co/TllxytH6tz"",""1894798280913301881"",""https://pbs.twimg.com/media/Gkus_Xra4AAd3Jp.jpg"","""",""in"","""",""0"",""0"",""0"",""https://x.com/racunyh/status/1894798280913301881"",""1491639635235147778"",""racunyh""";;;;;
"1894798236680143203,""Wed Feb 26 17:14:37 +0000 2025"",""0"",""FORE CARI &amp";" CEK KOTA KALIAN https://t.co/fLl64d4veY https://t.co/1NsfPLS9nC"",""1894798236680143203"",""https://pbs.twimg.com/media/Gkus8x-WUAA1iE9.jpg"","""",""in"",""foodcourt."",""0"",""0"",""0"",""https://x.com/mmmakanan/status/1894798236680143203"",""1426563424968867843"",""mmmakanan""";;;;;
"1894782765150957755,""Wed Feb 26 17:14:22 +0000 2025"",""0"",""@yibaoredd Hannn kalo fore emang enak... ini tu penggantinya sbx"",""1894798172763103695"","""",""yibaoredd"",""in"",""duta mpreg / fanacc"",""0"",""0"",""0"",""https://x.com/joytystic/status/1894798172763103695"",""310379237"",""joytystic""";;;;;;
"1894796829705019745,""Wed Feb 26 17:11:16 +0000 2025"",""0"",""sptnya melanglangbuana ke gacoan seru sih. sama ke fore????? tp mati gw abis itu kaga jadi kontrol"",""1894797390999363712"","""",""capekmikiranjg"",""in"",""Jakarta Capital Region"",""0"",""1"",""0"",""https://x.com/capekmikiranjg/status/1894797390999363712"",""1255209761340973057"",""capekmikiranjg""";;;;;;
"1894772027715985707,""Wed Feb 26 17:09:57 +0000 2025"",""0"",""@ailurophilos iyaa pake apk fore aku"",""1894797059590627367"","""",""ailurophilos"",""in"",""🇵🇸"",""0"",""0"",""0"",""https://x.com/OntaAden/status/1894797059590627367"",""1143727071480336388"",""OntaAden""";;;;;;
"1894797032520589793,""Wed Feb 26 17:09:50 +0000 2025"",""0"",""WKWKWKWKW udah gw duga dia bakal up jir"",""1894797032520589793"","""","""",""in"","""",""0"",""0"",""0"",""https://x.com/fore_faur/status/1894797032520589793"",""1576222186263937024"",""fore_faur""";;;;;;
"1894795388194066529,""Wed Feb 26 17:03:18 +0000 2025"",""1"",""FORE CARI &amp";" CEK KOTA KALIAN https://t.co/WjBnh8ODvG https://t.co/5Bv1uzeLbj"",""1894795388194066529"",""https://pbs.twimg.com/media/GkuqW5faIAAADv5.jpg"","""",""in"",""Telegram"",""0"",""0"",""1"",""https://x.com/AkuSukaRacun/status/1894795388194066529"",""1344004785934979073"",""AkuSukaRacun""";;;;;
"1894794593541201964,""Wed Feb 26 17:00:09 +0000 2025"",""0"",""Nyidam fore jam segini bgt¿"",""1894794593541201964"","""","""",""in"",""Sleman, Indonesia"",""0"",""0"",""0"",""https://x.com/datiknurp13/status/1894794593541201964"",""4523082375"",""datiknurp13""";;;;;;
"1894761706360107159,""Wed Feb 26 16:49:48 +0000 2025"",""0"",""@vaselente kalo kata aku dia mirip matcha latte-nya fore rasanya wkwkwk"",""1894791991483080868"","""",""vaselente"",""in"","""",""0"",""0"",""0"",""https://x.com/hye5nIy/status/1894791991483080868"",""2255535210"",""hye5nIy""";;;;;;
"1894790299953832351,""Wed Feb 26 16:43:05 +0000 2025"",""0"",""Fore yg butterscotch sea salt. Atau kalo sachetan top kopi gula aren dan good day freeze"",""1894790299953832351"","""","""",""in"","""",""0"",""0"",""0"",""https://x.com/yourshop_recomm/status/1894790299953832351"",""1607536232334241793"",""yourshop_recomm""";;;;;;
"1894707075013595299,""Wed Feb 26 16:41:27 +0000 2025"",""1"",""@StickXBOX Iyaa nang fore"",""1894789887985098861"","""",""StickXBOX"",""in"",""proxima centauri "",""0"",""1"",""0"",""https://x.com/urlavoca/status/1894789887985098861"",""1659871405092257792"",""urlavoca""";;;;;;
"1894787889395048671,""Wed Feb 26 16:33:30 +0000 2025"",""2"",""jangan mau diboongin ges sama gini2 kalo lo ngopi hampir tiap hari dan kopinya Tuku Fore dan sejenisnya. per bulan cost lo di range 400k - 600k. kalo gak ngopi duit 600k sebulan mana bisa beli rumah??? kesimpulannya apa? yak betul mending ngopi drpd beli rumah."",""1894787889395048671"","""","""",""in"",""London"",""0"",""0"",""0"",""https://x.com/frankbaskara/status/1894787889395048671"",""131756592"",""frankbaskara""";;;;;;
"1894787190871466016,""Wed Feb 26 16:30:44 +0000 2025"",""0"",""Yg mau minum kopi / matcha fore coffee yuk download appnya &amp";" daftar pake kode 52BAB5 biar dpt voucher 50% maks 35rb!! Kpn lg butterscotch sea salt latte / matcha green tea jd 15rb? Menu yg lain jg bs 2"",""1894787190871466016"","""","""",""in"",""full thread:"",""0"",""0"",""0"",""https://x.com/cupidhoneymoons/status/1894787190871466016"",""1652587389641191425"",""cupidhoneymoons""";;;;;
"1894785543730500071,""Wed Feb 26 16:24:11 +0000 2025"",""14"",""Untung jadi ngopi di fore reunian ama temen SMA wkwk https://t.co/gZ3bhfmNVp"",""1894785543730500071"",""https://pbs.twimg.com/media/GkuhZUcXkAAiI-i.jpg"","""",""in"",""Sulawesi Utara, Indonesia"",""0"",""0"",""0"",""https://x.com/Mike3____/status/1894785543730500071"",""995268977445163008"",""Mike3____""";;;;;;
"1894783998993522779,""Wed Feb 26 16:18:03 +0000 2025"",""0"",""Butterscotchnya fore enak cuma harganya aja yang nggak enak. https://t.co/1vkRHel2j2"",""1894783998993522779"",""https://pbs.twimg.com/media/Gkuf_dIbMAAFKDW.jpg"","""",""in"",""kerajaan moors "",""0"",""0"",""0"",""https://x.com/moodnightblue/status/1894783998993522779"",""1389190666584875008"",""moodnightblue""";;;;;;
"1894774679413694610,""Wed Feb 26 16:16:44 +0000 2025"",""0"",""@premgge KOK ADA FORE DISANA SIH GAK ADIL!!!"",""1894783667144380729"","""",""premgge"",""in"",""unlabeled"",""0"",""0"",""0"",""https://x.com/kittencrave/status/1894783667144380729"",""1674019438235099138"",""kittencrave""";;;;;;
"1894780756422975903,""Wed Feb 26 16:16:09 +0000 2025"",""0"",""@munvess Bisa dari jam 9 pagi sampe jam 6 sore kalo di cafe yg ambience nya mendukung (kaya sbux &amp";" fore)"",""1894783519202947445"","""",""munvess"",""in"","""",""0"",""0"",""0"",""https://x.com/24OfStreet/status/1894783519202947445"",""1886951793407746049"",""24OfStreet""";;;;;
"1894783438106030227,""Wed Feb 26 16:15:49 +0000 2025"",""0"",""Fore br buka tbtb ada tukang parkir yg nungguin mana banyak anying kek gerombolan"",""1894783438106030227"","""","""",""in"","""",""0"",""0"",""0"",""https://x.com/dnsaurmseum/status/1894783438106030227"",""1801205220070117376"",""dnsaurmseum""";;;;;;
"1894782767034237117,""Wed Feb 26 16:14:03 +0000 2025"",""0"",""@TEHSISRl @vousmexooj Fore fack yang bener ya kak *revisi"",""1894782993086202237"","""",""TEHSISRl"",""in"",""𝐀𝐝𝐡𝐢𝐧𝐚𝐭𝐡𝐚"",""0"",""1"",""0"",""https://x.com/kvnwijayaa/status/1894782993086202237"",""731142225514500096"",""kvnwijayaa""";;;;;;
"1894782797350617439,""Wed Feb 26 16:13:16 +0000 2025"",""0"",""fore: manuka americano berry manuka kopken: kopi kenangan mantan janji jiwa: americano"",""1894782797350617439"","""","""",""in"","""",""0"",""0"",""0"",""https://x.com/normiesdo/status/1894782797350617439"",""1123580018255228929"",""normiesdo""";;;;;;
"1894666584481988864,""Wed Feb 26 16:05:50 +0000 2025"",""0"",""@lattelogico Besok dikirim piring sm si fore"",""1894780925961241068"","""",""lattelogico"",""in"",""jeain, seunglce."",""0"",""0"",""0"",""https://x.com/oikawcaa/status/1894780925961241068"",""1865436024819822593"",""oikawcaa""";;;;;;
"1894646107319194000,""Wed Feb 26 16:05:03 +0000 2025"",""0"",""@FOODFESS2 kalau fore : double iced shaken latte kopken : kenangan mantan janjiw udah lama ga nyobain jadi lupa aku kurang cocok juga https://t.co/ayh0qETnru"",""1894780727021154758"",""https://pbs.twimg.com/media/GkudBdwbcAEjbCL.jpg"",""FOODFESS2"",""in"","""",""0"",""0"",""0"",""https://x.com/xonduty/status/1894780727021154758"",""1796080297391583232"",""xonduty""";;;;;;
"1894728112975609875,""Wed Feb 26 16:00:55 +0000 2025"",""0"",""@yuaiaifess aku waktu uas pidana minum fore ga tidur semaleman tapi ga tau nama menunya apa coba tanya mereka @renscake @sunghoonfh"",""1894779686615744974"","""",""yuaiaifess"",""in"","""",""0"",""2"",""0"",""https://x.com/21jgw/status/1894779686615744974"",""1549267186715623425"",""21jgw""";;;;;;
"1894777733911105603,""Wed Feb 26 15:57:39 +0000 2025"",""0"",""@munvess Hi apa menu fav fore kamu? BTW AKU SUKA HIRONO JUGA"",""1894778866893574401"","""",""munvess"",""in"",""21+"",""1"",""0"",""0"",""https://x.com/fluttec/status/1894778866893574401"",""1810702910818525184"",""fluttec""";;;;;;
"1894776509359087799,""Wed Feb 26 15:55:14 +0000 2025"",""0"",""@Ashhyou4re gajadi ke fore dong kita"",""1894778259059212708"","""",""Ashhyou4re"",""in"",""Edinburgh, Scotland"",""0"",""1"",""0"",""https://x.com/gloriousnessty/status/1894778259059212708"",""1873708032091357184"",""gloriousnessty""";;;;;;
"1894772027715985707,""Wed Feb 26 15:52:16 +0000 2025"",""0"",""@cascaramcchiato wkwkw kodeku pakeen juga kalo ke fore yaa "",""1894777509541286016"","""",""cascaramcchiato"",""in"",""🇵🇸"",""0"",""1"",""0"",""https://x.com/OntaAden/status/1894777509541286016"",""1143727071480336388"",""OntaAden""";;;;;;
"1894777167969661214,""Wed Feb 26 15:50:54 +0000 2025"",""0"",""mncoba pandan lattenya fore tp ttp enakan butterscotch sea salt si https://t.co/ssYBIiSNwZ"",""1894777167969661214"",""https://pbs.twimg.com/media/GkuZyKra4AA5rr6.jpg"","""",""in"","""",""0"",""0"",""0"",""https://x.com/kiitchsy/status/1894777167969661214"",""1190991741773443072"",""kiitchsy""";;;;;;
"1894776196447269068,""Wed Feb 26 15:47:03 +0000 2025"",""0"",""bagaimana cara menghilangkan fore yg membandel https://t.co/5iJ5m8lqS5"",""1894776196447269068"",""https://pbs.twimg.com/media/GkuY6N0bYAANzz2.jpg"","""",""in"",""Indonesia"",""0"",""0"",""0"",""https://x.com/dhrsll/status/1894776196447269068"",""1043785594298494976"",""dhrsll""";;;;;;
"1894774679413694610,""Wed Feb 26 15:41:01 +0000 2025"",""0"",""fore lo kenapa dah tetiba tutup ga mau gua beli apa gimana lo fore"",""1894774679413694610"","""","""",""in"",""aamiin"",""0"",""12"",""0"",""https://x.com/premgge/status/1894774679413694610"",""2590259462"",""premgge""";;;;;;
"1894772027715985707,""Wed Feb 26 15:30:29 +0000 2025"",""1"",""fore kalo bisa bikin diskonnya yang banyak terus ama bukanya 24 jam. gw betah soalnya https://t.co/Vkm5rZt9pE"",""1894772027715985707"",""https://pbs.twimg.com/media/GkuVHaVbkAE1UCW.jpg"","""",""in"",""🇵🇸"",""0"",""4"",""0"",""https://x.com/OntaAden/status/1894772027715985707"",""1143727071480336388"",""OntaAden""";;;;;;
"1894646107319194000,""Wed Feb 26 15:21:48 +0000 2025"",""1"",""@FOODFESS2 fore : bumi latte best ! kalo ga suka butterscotch sea salt karena kemanisan ini opsi lain yang mau kopi nya lebih berasa tapi ga mau yang terlalu strong kira2 medium gitu"",""1894769843100176865"","""",""FOODFESS2"",""in"","""",""0"",""0"",""0"",""https://x.com/puteeeer_/status/1894769843100176865"",""1691103089426923520"",""puteeeer_""";;;;;;
"1894769136221475323,""Wed Feb 26 15:18:59 +0000 2025"",""0"",""fore cinaku sayangku"",""1894769136221475323"","""","""",""in"",""wleowleo"",""0"",""0"",""0"",""https://x.com/staymadnine/status/1894769136221475323"",""1818324048788762624"",""staymadnine""";;;;;;
"1894768724131164556,""Wed Feb 26 15:17:21 +0000 2025"",""0"",""Sudah coba aplikasi Fore Coffee? Dapatkan diskon 50% untuk pembelian pertamamu! Download sekarang dan masukkan kode referral DCC526 saat registrasi. https://t.co/19ZgsoD2P0"",""1894768724131164556"","""","""",""in"","""",""0"",""0"",""0"",""https://x.com/fpillthis/status/1894768724131164556"",""753257841293561857"",""fpillthis""";;;;;;
"1894729092643340447,""Wed Feb 26 15:05:22 +0000 2025"",""0"",""@notjustahope Kapan ya bisa beli fore ato starbuck gitu juga ya"",""1894765706270724210"","""",""notjustahope"",""in"",""Sleman semua jadi teman"",""0"",""0"",""0"",""https://x.com/bernamakal/status/1894765706270724210"",""631200930"",""bernamakal""";;;;;;
"1894764206609903723,""Wed Feb 26 14:59:25 +0000 2025"",""0"",""biar bisa minum fore terus"",""1894764211852730551"","""",""ekhaizure"",""in"","""",""0"",""0"",""0"",""https://x.com/ekhaizure/status/1894764211852730551"",""1495417996319555584"",""ekhaizure""";;;;;;
"1894764206609903723,""Wed Feb 26 14:59:24 +0000 2025"",""0"",""pgn part time jd barista fore"",""1894764206609903723"","""","""",""in"","""",""0"",""1"",""0"",""https://x.com/ekhaizure/status/1894764206609903723"",""1495417996319555584"",""ekhaizure""";;;;;;
"1894696895240441899,""Wed Feb 26 14:57:25 +0000 2025"",""0"",""@HumanTsunaME @OG_Ruthless_ Ledhu petaru bro vere banners lo"",""1894763707672285384"","""",""HumanTsunaME"",""in"",""'మెగా'పురం"",""0"",""0"",""0"",""https://x.com/ForeEverRC/status/1894763707672285384"",""1722157793770438656"",""ForeEverRC""";;;;;;
"1894751234122240120,""Wed Feb 26 14:53:50 +0000 2025"",""1"",""@YBmetaX @eijaok @doginaldogsx @barkmediax @monkeypoxsol GM YB ️"",""1894762806156906982"","""",""YBmetaX"",""in"","""",""0"",""1"",""0"",""https://x.com/ForeSightKid/status/1894762806156906982"",""1756385817881128960"",""ForeSightKid""";;;;;;
"1894311412622582207,""Wed Feb 26 14:52:37 +0000 2025"",""1"",""@CareIM3 Barusan tuker poin im3 ke voucher fore nih mayan diskon kopi wkwkw"",""1894762497665876402"","""",""CareIM3"",""in"",""semarang,indonesia"",""0"",""1"",""0"",""https://x.com/handinihapsari/status/1894762497665876402"",""253970759"",""handinihapsari""";;;;;;
"1894741075740512387,""Wed Feb 26 14:48:31 +0000 2025"",""0"",""@olgadvnf pegang akun fore ak ya"",""1894761469629399474"","""",""olgadvnf"",""in"","""",""0"",""0"",""0"",""https://x.com/twiiternyaeva/status/1894761469629399474"",""1261992125962637319"",""twiiternyaeva""";;;;;;
"1894646107319194000,""Wed Feb 26 14:46:40 +0000 2025"",""7"",""@FOODFESS2 Sebagei penikmat fore dan suka malak kakak buat jajan fore ini menu yg aku suka: butterscotch sea salt latte buttercream latte caramel praline. Noncoffee: matcha green tea plus sea salt almond choco plus sea salt Semua less sugar aja dah manisss bgtt"",""1894761001712803867"","""",""FOODFESS2"",""in"","""",""0"",""0"",""1"",""https://x.com/cmbckstrngr/status/1894761001712803867"",""1624370552633970689"",""cmbckstrngr""";;;;;;
"1894646107319194000,""Wed Feb 26 14:43:18 +0000 2025"",""0"",""@FOODFESS2 Fore yg americano manuka seger banget. Skrg kalo bikin es kopi di rumah yg biasanya pakai pemanis stevia jd pakai madu. Maap ya fore aku contek kopinya soalnya lagi menerapkan frugal living"",""1894760155239379148"","""",""FOODFESS2"",""in"","""",""0"",""0"",""0"",""https://x.com/evannedyy/status/1894760155239379148"",""1827424360426258432"",""evannedyy""";;;;;;
"1894758785446789219,""Wed Feb 26 14:37:52 +0000 2025"",""0"",""Kaget di clp ternyata banyak 'brand' kea fore tomoro kopken hokben riciss kfc mcd dll shikshakshock ga tu. Soale mbanjar rana "",""1894758785446789219"","""","""",""in"","""",""0"",""0"",""0"",""https://x.com/abcd_efk/status/1894758785446789219"",""1156043614759243777"",""abcd_efk""";;;;;;
"1894753845483614665,""Wed Feb 26 14:35:33 +0000 2025"",""0"",""@jecrates emang gaboleh kopi nako kopi kenangan fore? kalo lagi akhir bulan kopi golda "",""1894758204871188977"","""",""jecrates"",""in"",""freebies 👉🏻"",""0"",""1"",""0"",""https://x.com/taesanpocin/status/1894758204871188977"",""1886633299298439168"",""taesanpocin""";;;;;;
"1894757933839499509,""Wed Feb 26 14:34:28 +0000 2025"",""0"",""Ahhhh harusnya tadi keluar bentar redeem kopi gratis Fore atau Lokale. Siapa tau pusingnya ilang huhuu"",""1894757933839499509"","""","""",""in"",""JOG - PNK"",""0"",""0"",""0"",""https://x.com/shkyuatna/status/1894757933839499509"",""105420321"",""shkyuatna""";;;;;;
"1894754235570692196,""Wed Feb 26 14:32:05 +0000 2025"",""0"",""@rafreaaak fore tuh belahan jiwa mu ya fi"",""1894757331516473357"","""",""rafreaaak"",""in"","""",""0"",""0"",""0"",""https://x.com/southus1a/status/1894757331516473357"",""1680774289547747329"",""southus1a""";;;;;;
"1894708423675302291,""Wed Feb 26 14:30:19 +0000 2025"",""0"",""@frogdeposit km fore minum yg apa by"",""1894756888920912352"","""",""frogdeposit"",""in"",""DNFWC (Ale/Ran) "",""0"",""0"",""0"",""https://x.com/alealeduar/status/1894756888920912352"",""1721937097320480768"",""alealeduar""";;;;;;
"1894755928580538555,""Wed Feb 26 14:26:30 +0000 2025"",""0"",""fore adalah sebuah keharusan"",""1894755928580538555"","""","""",""in"","""",""0"",""1"",""0"",""https://x.com/crystalmalden/status/1894755928580538555"",""1102057547509321728"",""crystalmalden""";;;;;;
"1894646107319194000,""Wed Feb 26 14:24:50 +0000 2025"",""0"",""@FOODFESS2 fore butterscotch sea salt latte yg lain gatau kak"",""1894755507594055702"","""",""FOODFESS2"",""in"","""",""0"",""0"",""0"",""https://x.com/forlastminute/status/1894755507594055702"",""3194320886"",""forlastminute""";;;;;;
"1894755147860869370,""Wed Feb 26 14:23:24 +0000 2025"",""0"",""Hahahaahahahaha! https://t.co/db0t8FHYYI"",""1894755147860869370"","""","""",""tl"",""Amarillo, TX"",""0"",""0"",""0"",""https://x.com/ForeBellum/status/1894755147860869370"",""1296158223565828098"",""ForeBellum""";;;;;;
"1894754235570692196,""Wed Feb 26 14:19:47 +0000 2025"",""2"",""Dari jam 8.00 sampe 9.30 -&gt"; ke kampus dulu sampe jam 12 -&gt; ke fore lagi bareng aca -&gt;" still heree at this hour https://t.co/SnpP3tZwSV"",""1894754235570692196"",""https://pbs.twimg.com/media/GkuE7RObAAAlYag.jpg"","""",""in"",""Somewhere in west java"",""0"",""3"",""0"",""https://x.com/rafreaaak/status/1894754235570692196"",""1518051510596554752"",""rafreaaak""";;;
"1894718299906146578,""Wed Feb 26 14:17:58 +0000 2025"",""0"",""@kan_fore nama yeureum"",""1894753777824993754"","""",""kan_fore"",""in"",""Senegal"",""0"",""0"",""0"",""https://x.com/codouuuuuu/status/1894753777824993754"",""984746516144410624"",""codouuuuuu""";;;;;;
"1894753384252801025,""Wed Feb 26 14:16:24 +0000 2025"",""1"",""pandangan gue ke fore butterscotch skrg dh beda lebih ke radif ye"",""1894753384252801025"","""","""",""in"",""01"",""0"",""0"",""0"",""https://x.com/tiramishuv/status/1894753384252801025"",""1051528140944621568"",""tiramishuv""";;;;;;
"1894648275091034148,""Wed Feb 26 14:14:01 +0000 2025"",""0"",""@shaniendya Akan gua coba kalau lagi lewat Fore. Soalnya jauh dari tempat gua.. yang deket cuma Tomoro."",""1894752784660279385"","""",""shaniendya"",""in"",""DNFWC.⠀|   cr. onikushock⠀⠀⠀"",""0"",""1"",""0"",""https://x.com/Decafism/status/1894752784660279385"",""1755812155323199488"",""Decafism""";;;;;;
"1894750653710487822,""Wed Feb 26 14:10:44 +0000 2025"",""0"",""gue gak terlalu tau kondisi ekonomi gue kayak gimana tapi dari mereka yang masih mampu beli kopi macem tuku fore tomoro harusnya mereka bisa kan bagi hal yang seharusnya penting dan gak penting?"",""1894751960236208629"","""",""easymajikuru"",""in"",""🌷"",""0"",""1"",""0"",""https://x.com/easymajikuru/status/1894751960236208629"",""1773402105837125632"",""easymajikuru""";;;;;;
"1894751902652658133,""Wed Feb 26 14:10:31 +0000 2025"",""0"",""halo! aku open nih nokos mulai dari 3k ready wa tele gmail gojek grab maxim shopee ovo lazada dana kakaotalk fore coffee google youtube. semua akun ready garansi dan no garansi langsung wa. #zonauang"",""1894751902652658133"","""","""",""in"",""close dm, wa only"",""0"",""0"",""0"",""https://x.com/_kitheu/status/1894751902652658133"",""2417656292"",""_kitheu""";;;;;;
"1894751580261695945,""Wed Feb 26 14:09:14 +0000 2025"",""0"",""Ac fore kelapa dua dingin banget!!!!!"",""1894751580261695945"","""","""",""in"",""Hogwarts"",""0"",""0"",""0"",""https://x.com/moonnowww/status/1894751580261695945"",""1859955144"",""moonnowww""";;;;;;
"1894751381535457498,""Wed Feb 26 14:08:26 +0000 2025"",""0"",""lily: lagi fase latihan ngga main ke tomoro kopken fore selama bulan ramadan."",""1894751381535457498"","""","""",""in"",""ben."",""0"",""1"",""0"",""https://x.com/enermouslily/status/1894751381535457498"",""994027577844142082"",""enermouslily""";;;;;;
"1894747837180862588,""Wed Feb 26 13:56:43 +0000 2025"",""1"",""I mean masyarakat menengah ke bawah hidupnya udh susah. Gaji kecil phk di mana2 buat sekedar survive aja susah. Segelas kopi Fore itu bisa jdi satu2nya kesenangan yg bisa dibeli sama mereka dan msh disalahin :D ketika masalahnya bukan di Fore tpi distribusi uang yg bangsat"",""1894748432394547309"","""",""Rizky_Fadhilah"",""in"",""Imladris"",""0"",""0"",""0"",""https://x.com/Rizky_Fadhilah/status/1894748432394547309"",""107657828"",""Rizky_Fadhilah""";;;;;;
"1894748094610227668,""Wed Feb 26 13:55:23 +0000 2025"",""0"",""Wa ki lumuy def ni ?"",""1894748094610227668"","""","""",""in"","""",""0"",""0"",""0"",""https://x.com/kan_fore/status/1894748094610227668"",""1161808955905060864"",""kan_fore""";;;;;;
"1894516647861653601,""Wed Feb 26 13:54:08 +0000 2025"",""0"",""@bttrfley Gw tiap hari beli kopi di Fore masih bisa nabung 5x UMR Jateng/DIY per bulan. Masalahnya bukan di beli kopi snack dll emang gajinya aja yang kurang dan terlalu minim."",""1894747780519706744"","""",""bttrfley"",""in"",""Sxr"",""0"",""0"",""0"",""https://x.com/WristWizardVK/status/1894747780519706744"",""1887373003396423681"",""WristWizardVK""";;;;;;
"1894747590098550946,""Wed Feb 26 13:53:22 +0000 2025"",""0"",""aku gasuka matchaa tapi matchanya fore cocok di lidahkuu???? https://t.co/L5Sx3V9YU4"",""1894747590098550946"",""https://pbs.twimg.com/media/Gkt-48lbIAA8MJe.jpg"","""",""in"","""",""0"",""0"",""0"",""https://x.com/eunoiameng/status/1894747590098550946"",""1582795034629271552"",""eunoiameng""";;;;;;
"1892937605211373994,""Wed Feb 26 13:51:30 +0000 2025"",""0"",""@nonarisand kalo kopken masih oke ya. kalo fore kok ngelunjaaaaaak "",""1894747119409623299"","""",""nonarisand"",""in"","""",""0"",""1"",""0"",""https://x.com/hwarahkono/status/1894747119409623299"",""127423108"",""hwarahkono""";;;;;;
"1894673448384790777,""Wed Feb 26 13:49:55 +0000 2025"",""1"",""@Kagakazov Team Sepe https://t.co/kGSnMVnz8E"",""1894746722133295181"",""https://pbs.twimg.com/media/Gkt-GYCXgAAKAkp.jpg"",""Kagakazov"",""in"","""",""0"",""0"",""0"",""https://x.com/SkinFore_5/status/1894746722133295181"",""1558755242665299979"",""SkinFore_5""";;;;;;
"1894746201108705361,""Wed Feb 26 13:47:51 +0000 2025"",""1"",""Kantor - Fore- Gym semuanya buka laptop https://t.co/oKsDLnh69b"",""1894746201108705361"",""https://pbs.twimg.com/media/Gkt9ncJaAAAGKtB.jpg"","""",""in"","""",""0"",""0"",""0"",""https://x.com/Tepianjauh/status/1894746201108705361"",""1682339336581427200"",""Tepianjauh""";;;;;;
"1894686970171027864,""Wed Feb 26 13:45:42 +0000 2025"",""0"",""@chocolwysdlulu Info fore sama tongseng nya itu kan kak??"",""1894745659590484437"","""",""chocolwysdlulu"",""in"","""",""0"",""1"",""0"",""https://x.com/FadilahRika2/status/1894745659590484437"",""1220916083588091904"",""FadilahRika2""";;;;;;
"1894741468662607991,""Wed Feb 26 13:44:56 +0000 2025"",""1"",""@RaMetaX GM Ra"",""1894745464534127081"","""",""RaMetaX"",""in"","""",""0"",""0"",""0"",""https://x.com/ForeSightKid/status/1894745464534127081"",""1756385817881128960"",""ForeSightKid""";;;;;;
"1894708407996666279,""Wed Feb 26 13:44:22 +0000 2025"",""0"",""@loukas1st Gm Luka"",""1894745323085365335"","""",""loukas1st"",""in"","""",""0"",""0"",""0"",""https://x.com/ForeSightKid/status/1894745323085365335"",""1756385817881128960"",""ForeSightKid""";;;;;;
"1894730028749140416,""Wed Feb 26 13:43:17 +0000 2025"",""0"",""@ourfuturebf gada fore disini HUA"",""1894745050707640801"","""",""ourfuturebf"",""in"","""",""0"",""0"",""0"",""https://x.com/blackroosew/status/1894745050707640801"",""1874454495549427712"",""blackroosew""";;;;;;
"1894740325265990027,""Wed Feb 26 13:42:40 +0000 2025"",""0"",""@KimberlyTr71610 GM Kat"",""1894744894016532530"","""",""KimberlyTr71610"",""in"","""",""0"",""0"",""0"",""https://x.com/ForeSightKid/status/1894744894016532530"",""1756385817881128960"",""ForeSightKid""";;;;;;
"1894721203861881086,""Wed Feb 26 13:42:10 +0000 2025"",""0"",""@gatormetaX Gm Gator"",""1894744770531983538"","""",""gatormetaX"",""in"","""",""0"",""0"",""0"",""https://x.com/ForeSightKid/status/1894744770531983538"",""1756385817881128960"",""ForeSightKid""";;;;;;
"1894744545394602273,""Wed Feb 26 13:41:16 +0000 2025"",""2"",""ya gimana ya kalo ngopi fore tapi gratis kan gak nolak juga https://t.co/h1qDIzpHBc"",""1894744545394602273"",""https://pbs.twimg.com/media/Gkt8H2OaoAECt3I.jpg"","""",""in"",""Thunderbolts Tower"",""0"",""0"",""0"",""https://x.com/pacarchoerry/status/1894744545394602273"",""1252609289887211521"",""pacarchoerry""";;;;;;
"1894743094291218875,""Wed Feb 26 13:35:30 +0000 2025"",""0"",""fore ni kopinya knp kenceng bgt dah"",""1894743094291218875"","""","""",""in"",""Yogyakarta, Indonesia"",""0"",""0"",""0"",""https://x.com/ocacicu_/status/1894743094291218875"",""1580859821779099649"",""ocacicu_""";;;;;;
"1894732764307427524,""Wed Feb 26 13:31:36 +0000 2025"",""0"",""@DroMetaX GM Dro "",""1894742109925568895"","""",""DroMetaX"",""en"","""",""0"",""0"",""0"",""https://x.com/ForeSightKid/status/1894742109925568895"",""1756385817881128960"",""ForeSightKid""";;;;;;
"1894686934162681931,""Wed Feb 26 13:25:36 +0000 2025"",""1"",""@MeWifSol @Spectrum__Sol GM MeWif"",""1894740602165526957"","""",""MeWifSol"",""in"","""",""0"",""0"",""0"",""https://x.com/ForeSightKid/status/1894740602165526957"",""1756385817881128960"",""ForeSightKid""";;;;;;
"1894740069170528687,""Wed Feb 26 13:23:29 +0000 2025"",""0"",""penutup hr ini adalah maag karena tadi sempet minum fore tp lupa request less coffee️"",""1894740069170528687"","""","""",""in"","""",""0"",""0"",""0"",""https://x.com/rshofiaa/status/1894740069170528687"",""1058793336130068480"",""rshofiaa""";;;;;;
"1894739583088390275,""Wed Feb 26 13:21:33 +0000 2025"",""0"",""Memang ada baiknya tadi gw mampir fore untuk mengerjakan ni kerjaan anjeng soalnya dirumah 90% streaming everything u are 5% scroll tiktok 3% angop 2% nggarap."",""1894739583088390275"","""","""",""in"","" He/They (25+)"",""0"",""1"",""0"",""https://x.com/Sectvmnsempra/status/1894739583088390275"",""2508325104"",""Sectvmnsempra""";;;;;;
"1894738169821638950,""Wed Feb 26 13:21:17 +0000 2025"",""1"",""@CPmetax @X @doginaldogsx @monkeypoxsol @barkmediax GM CP"",""1894739513324269818"","""",""CPmetax"",""in"","""",""0"",""1"",""0"",""https://x.com/ForeSightKid/status/1894739513324269818"",""1756385817881128960"",""ForeSightKid""";;;;;;
"1894646107319194000,""Wed Feb 26 13:18:53 +0000 2025"",""0"",""@FOODFESS2 Fore: aren latte Kopken: kopi kenangan mantan janjiw: gada"",""1894738910267502797"","""",""FOODFESS2"",""in"","""",""0"",""0"",""0"",""https://x.com/hydrang3a___/status/1894738910267502797"",""1634113739787223040"",""hydrang3a___""";;;;;;
"1894738876775997526,""Wed Feb 26 13:18:45 +0000 2025"",""2"",""butuh fore"",""1894738876775997526"","""","""",""in"",""yappatron 3000"",""0"",""0"",""0"",""https://x.com/vahnoe/status/1894738876775997526"",""1204736216924471296"",""vahnoe""";;;;;;
"1894735309071339822,""Wed Feb 26 13:18:37 +0000 2025"",""0"",""@SmgMenfess kalo antam ada di kompleks nya DP Mall yang bagian depan. deretan nya fore itu. cuma sering sold out terutama yg 1 gr"",""1894738843280216469"","""",""SmgMenfess"",""in"",""Surabaya, Indonesia"",""0"",""0"",""0"",""https://x.com/kopiilatteeee/status/1894738843280216469"",""1745678260007215104"",""kopiilatteeee""";;;;;;
"1894738807158894815,""Wed Feb 26 13:18:28 +0000 2025"",""0"",""gue kalo lagi miskin gabisa beli fore atau point larinya ke froster circle k HUFT TUHAN KAPAN TURUN HUJAN UANG"",""1894738807158894815"","""","""",""in"",""vetmed"",""0"",""0"",""0"",""https://x.com/twobiyo/status/1894738807158894815"",""1372479129803649029"",""twobiyo""";;;;;;
"1894575309124767842,""Wed Feb 26 13:10:50 +0000 2025"",""0"",""@shitutalkabout couvee (ga semua kota ada) fore"",""1894736885882503199"","""",""shitutalkabout"",""in"",""cyber."",""0"",""0"",""0"",""https://x.com/atmonimous/status/1894736885882503199"",""1220738936282071040"",""atmonimous""";;;;;;
"1894669422113243303,""Wed Feb 26 13:06:02 +0000 2025"",""0"",""@pukupukup4w2 kmrn masuk amplaz langsung wahh kok ada fore tolejo oh some "",""1894735676693995544"","""",""pukupukup4w2"",""in"",""Yogyakarta, Indonesia"",""0"",""0"",""0"",""https://x.com/jihanandira_/status/1894735676693995544"",""598297761"",""jihanandira_""";;;;;;
"1894734216283443322,""Wed Feb 26 13:00:14 +0000 2025"",""0"",""Dalam 2 minggu ini udah 2x beli fore harga 12K karena ada voucher potongan 12K tanpa minimum order. Yaudah deh beli kopi dari tani less sugar aja terus Makasih Fore"",""1894734216283443322"","""","""",""in"",""indonesia"",""0"",""0"",""0"",""https://x.com/raniabhe/status/1894734216283443322"",""185504047"",""raniabhe""";;;;;;
"1894734072267895069,""Wed Feb 26 12:59:39 +0000 2025"",""0"",""Pilihan promo kopi berasa ada yang kurang kalau belum ngopi ada voucher diskon Fore coffee https://t.co/NUfrFP8rLZ Kopi kenangan https://t.co/W6vRtG8wXJ Janji jiwa https://t.co/OlyMEWWzsQ Tomoro coffee https://t.co/Ed3QK5giCa Point coffe indomaret https://t.co/LDBmIW9FPV"",""1894734072267895069"","""","""",""in"","""",""0"",""0"",""0"",""https://x.com/ike_tjn/status/1894734072267895069"",""513346093"",""ike_tjn""";;;;;;
"1894733145632821649,""Wed Feb 26 12:58:10 +0000 2025"",""0"",""Skrg mau ke fore dulu ngeclaim 1-1 nya yg memungkinkan bisa diclaim (butuh yg manis manis biar gak gila hari ini)"",""1894733695187321000"","""",""irnanafisah"",""in"",""super junior world domination"",""0"",""1"",""0"",""https://x.com/irnanafisah/status/1894733695187321000"",""74394521"",""irnanafisah""";;;;;;
"1894669037377855693,""Wed Feb 26 12:57:59 +0000 2025"",""1"",""@erkocrypto GM Erko"",""1894733652971388959"","""",""erkocrypto"",""in"","""",""0"",""0"",""0"",""https://x.com/ForeSightKid/status/1894733652971388959"",""1756385817881128960"",""ForeSightKid""";;;;;;
"1894675537123250350,""Wed Feb 26 12:57:47 +0000 2025"",""0"",""@SolSniffer GM Poyo"",""1894733598688674195"","""",""SolSniffer"",""in"","""",""0"",""0"",""0"",""https://x.com/ForeSightKid/status/1894733598688674195"",""1756385817881128960"",""ForeSightKid""";;;;;;
"1894733535740830007,""Wed Feb 26 12:57:32 +0000 2025"",""0"",""Pengennya sih fore kopken apalah daya yang cuma bisa beli lek wanto deket kosan"",""1894733535740830007"","""","""",""in"","""",""0"",""0"",""0"",""https://x.com/sayap_kiri__/status/1894733535740830007"",""1435550487437189123"",""sayap_kiri__""";;;;;;
"1894733444791558529,""Wed Feb 26 12:57:10 +0000 2025"",""0"",""Sudah coba aplikasi Fore Coffee? Dapatkan diskon 50% untuk pembelian pertamamu! Download sekarang dan masukkan referal kode referral B01F84 saat registrasi. https://t.co/6vmIwwLFkV"",""1894733444791558529"","""","""",""in"","""",""0"",""0"",""0"",""https://x.com/blessed__loved/status/1894733444791558529"",""1712165532890517505"",""blessed__loved""";;;;;;
"1894723603125395481,""Wed Feb 26 12:54:47 +0000 2025"",""0"",""@LeraZabalueva97 GM Lera"",""1894732845358133711"","""",""LeraZabalueva97"",""in"","""",""0"",""0"",""0"",""https://x.com/ForeSightKid/status/1894732845358133711"",""1756385817881128960"",""ForeSightKid""";;;;;;
"1894730811678871743,""Wed Feb 26 12:46:42 +0000 2025"",""0"",""looooooove fore buttercream latte sekaliiiiii skrng menggantikan tahta pandan latte yg dari dulu sll #1 buatku!!! cuman next time harus less sweet karena ini masih yg normal agak kemanisan huhu"",""1894730811678871743"","""","""",""in"","""",""0"",""0"",""0"",""https://x.com/undertheskiest/status/1894730811678871743"",""439705182"",""undertheskiest""";;;;;;
"1894730429808431595,""Wed Feb 26 12:45:11 +0000 2025"",""0"",""Tapi nih ya boro2 gua ngopi fore/indomart point/nescafe gua aja ngopi kapal api tanpa gula seribuan biar melek terus"",""1894730429808431595"","""","""",""in"",""she/ho(e)mies"",""0"",""0"",""0"",""https://x.com/ha3464336338837/status/1894730429808431595"",""1652015390615302144"",""ha3464336338837""";;;;;;
"1894646107319194000,""Wed Feb 26 12:41:38 +0000 2025"",""0"",""@FOODFESS2 btw yg fore manisnya pas jd yg normal aja"",""1894729534815220195"","""",""nata_decopinc"",""in"",""Jakarta, Indonesia"",""0"",""0"",""0"",""https://x.com/nata_decopinc/status/1894729534815220195"",""1204372079249723392"",""nata_decopinc""";;;;;;
"1894646107319194000,""Wed Feb 26 12:41:04 +0000 2025"",""0"",""@FOODFESS2 ini yg fore"",""1894729394117308845"","""",""nata_decopinc"",""in"",""Jakarta, Indonesia"",""0"",""1"",""0"",""https://x.com/nata_decopinc/status/1894729394117308845"",""1204372079249723392"",""nata_decopinc""";;;;;;
"1894728112975609875,""Wed Feb 26 12:35:59 +0000 2025"",""3"",""!yuai guys rekomen kopi anti ngantuk plis!!! di tomoro fore kopken atau apa aja deh yg enak dan anti ngantuk"",""1894728112975609875"","""","""",""in"","""",""0"",""9"",""0"",""https://x.com/yuaiaifess/status/1894728112975609875"",""1702665260585680896"",""yuaiaifess""";;;;;;
"1894643012845920438,""Wed Feb 26 12:33:44 +0000 2025"",""0"",""@icykids Tuku dan Fore paling 20-30 ribuan bahkan kopken 15-20 ribuan aja dapat kok bisa dibilang susah nabung karena kopi? Memang benar upah ga layak lebih tepatnya"",""1894727550053782012"","""",""icykids"",""in"","""",""0"",""0"",""0"",""https://x.com/WearyAsh29/status/1894727550053782012"",""1067111905007828992"",""WearyAsh29""";;;;;;
"1894727118871015498,""Wed Feb 26 12:32:02 +0000 2025"",""0"",""garap kerjaan mending di cafe apa dirumah gaes fore ada promo lagi "",""1894727118871015498"","""","""",""in"",""🇵🇸"",""0"",""1"",""0"",""https://x.com/OntaAden/status/1894727118871015498"",""1143727071480336388"",""OntaAden""";;;;;;
"1894646107319194000,""Wed Feb 26 12:31:55 +0000 2025"",""0"",""@FOODFESS2 Kopi dari tani fore less sugar"",""1894727092564324698"","""",""FOODFESS2"",""in"","""",""0"",""0"",""0"",""https://x.com/beeyarin/status/1894727092564324698"",""1252860090098409477"",""beeyarin""";;;;;;
"1894646107319194000,""Wed Feb 26 12:29:11 +0000 2025"",""1"",""@FOODFESS2 fore butterscotch sea salt latte kopken kenangan mantan sama caramel macchiato kalo janjiw kurang suka jdi jarang bgt"",""1894726402936807628"","""",""FOODFESS2"",""in"","""",""0"",""0"",""0"",""https://x.com/mxrshmall0w/status/1894726402936807628"",""1157082735741034496"",""mxrshmall0w""";;;;;;
"1894725008301400368,""Wed Feb 26 12:23:38 +0000 2025"",""2"",""Siang Janjiw sore fore malam... https://t.co/7h2N7H2owV"",""1894725008301400368"",""https://pbs.twimg.com/media/GktqWBFaAAApuNg.jpg"","""",""in"","""",""0"",""1"",""0"",""https://x.com/aannnddyyy__/status/1894725008301400368"",""1816927940422385664"",""aannnddyyy__""";;;;;;
"1894724029619261739,""Wed Feb 26 12:19:45 +0000 2025"",""0"",""Need jastip fore ke belakang rusunawa"",""1894724029619261739"","""","""",""in"","""",""0"",""3"",""0"",""https://x.com/hcariena/status/1894724029619261739"",""1396461592586330117"",""hcariena""";;;;;;
"1894723664643588311,""Wed Feb 26 12:18:18 +0000 2025"",""0"",""Beli kopi doang 250 edan. Gapapa dah worth asal keliyengan gua ilang butuh fore yang bikin kewarasan gua melayang."",""1894723664643588311"","""","""",""in"",""Anypro: ‘Down To Fuck. "",""0"",""0"",""0"",""https://x.com/dewgrade/status/1894723664643588311"",""1597037614862782464"",""dewgrade""";;;;;;
"1894723291455381749,""Wed Feb 26 12:16:49 +0000 2025"",""0"",""apasih anjing fore juga ga nyampe 50 rebu alesan utama gabisa nabung ya karena upahnya dikit kocak fak budi"",""1894723291455381749"","""","""",""in"",""subeomville"",""0"",""0"",""0"",""https://x.com/universea_s/status/1894723291455381749"",""1843516136228564995"",""universea_s""";;;;;;
"1894648275091034148,""Wed Feb 26 12:13:12 +0000 2025"",""0"",""@Decafism IYAA itu varian baruuu coba deeh. Gue baru coba yang Bumi Latte sih dan itu ENAK BANGEET. Tapi kata senior gue enakan yang Tani. Hmm menarik. Di aplikasi fore gue ada voucher kalau pesan regular size dapet potongan jadi cuma 16k. Coba deh di lo ada juga gak?"",""1894722382444773493"","""",""Decafism"",""in"",""Shanindya Darapuspita."",""0"",""2"",""0"",""https://x.com/shaniendya/status/1894722382444773493"",""954366252851511298"",""shaniendya""";;;;;;
"1894721865823977609,""Wed Feb 26 12:11:45 +0000 2025"",""0"",""gw deserve dapet kerjaan yg bisa ngopi fore dan couvee tiap hari tapi masih bisa nabung dan ngonser bjiirr"",""1894722015225053435"","""",""renjundean19"",""in"","""",""0"",""0"",""0"",""https://x.com/renjundean19/status/1894722015225053435"",""1025224712677253120"",""renjundean19""";;;;;;
"1894721779001881075,""Wed Feb 26 12:10:48 +0000 2025"",""0"",""Oleng dari point coffe ke fore https://t.co/Q1idqX6uB7"",""1894721779001881075"",""https://pbs.twimg.com/media/GktnaL0XwAA62aR.jpg"","""",""in"","""",""0"",""1"",""0"",""https://x.com/lurus_terus/status/1894721779001881075"",""4508455519"",""lurus_terus""";;;;;;
"1894720649228165355,""Wed Feb 26 12:09:55 +0000 2025"",""0"",""@THIIEERR Sama nakk deudj hamena mo nek seu khel Doko lekk de"",""1894721552811233344"","""",""THIIEERR"",""in"","""",""0"",""1"",""0"",""https://x.com/kan_fore/status/1894721552811233344"",""1161808955905060864"",""kan_fore""";;;;;;
"1894718375215112339,""Wed Feb 26 11:57:17 +0000 2025"",""0"",""kebelet ee tp paham gakkkk gw tuh lg di fore dan asdfghjkl rame bgt"",""1894718375215112339"","""","""",""in"",""en-ville"",""0"",""0"",""0"",""https://x.com/sotfjay/status/1894718375215112339"",""1502835324145135618"",""sotfjay""";;;;;;
"1894718003289420185,""Wed Feb 26 11:55:48 +0000 2025"",""0"",""keknya ultah nanti aku mau claim burthday treats di sbux &amp";" fore bjb aja deh"",""1894718003289420185"","""","""",""in"",""bdj."",""0"",""1"",""0"",""https://x.com/wongkokmumet/status/1894718003289420185"",""1681411815757201424"",""wongkokmumet""";;;;;
"1894717229973020853,""Wed Feb 26 11:52:44 +0000 2025"",""1"",""sumpah yg nyiptain gomer nira kemenangan sm butterscotch sea salt latte fore gua doain masuk surga"",""1894717229973020853"","""","""",""in"","""",""0"",""0"",""0"",""https://x.com/sequoiaa28/status/1894717229973020853"",""1281619556331487234"",""sequoiaa28""";;;;;;
"1894646107319194000,""Wed Feb 26 11:12:23 +0000 2025"",""0"",""@FOODFESS2 Fore: butterscotch (menu sejuta umat) Kopken: kenangan mantan spanish latte matcha espresso avocado coffee cloud caramel macchiato vanilla latte Janjiw: skip aja"",""1894707077727371483"","""",""FOODFESS2"",""in"","""",""0"",""0"",""0"",""https://x.com/selaaamat_malam/status/1894707077727371483"",""1208193200210374656"",""selaaamat_malam""";;;;;;
"1894646107319194000,""Wed Feb 26 11:08:34 +0000 2025"",""0"",""@FOODFESS2 Kopi tani fore yang butter apa gtu enak tuh"",""1894706114182479898"","""",""FOODFESS2"",""in"","""",""0"",""0"",""0"",""https://x.com/booklifeindomie/status/1894706114182479898"",""1861436061148422147"",""booklifeindomie""";;;;;;
"1894646107319194000,""Wed Feb 26 10:57:17 +0000 2025"",""0"",""@FOODFESS2 Fore butterscoth normal ajaa Kopken kenangan mantan less sugar Janji jiwa gak tau jarang banget minum itu... Saran point' Indomaret caramel maciato less sugar itu enakkkk"",""1894703274642846001"","""",""FOODFESS2"",""in"",""Tangerang-Jakarta"",""0"",""0"",""0"",""https://x.com/hazelnaaaaa/status/1894703274642846001"",""330209607"",""hazelnaaaaa""";;;;;;
"1894625542101495889,""Wed Feb 26 10:53:39 +0000 2025"",""1"",""@mega__cpr @PawanKalyan @AlwaysRamCharan RC dhi hd pic vunte na petu bro"",""1894702361425359199"","""",""mega__cpr"",""in"",""'మెగా'పురం"",""0"",""1"",""0"",""https://x.com/ForeEverRC/status/1894702361425359199"",""1722157793770438656"",""ForeEverRC""";;;;;;
"1894699705898270739,""Wed Feb 26 10:43:06 +0000 2025"",""0"",""Sudah coba aplikasi Fore Coffee? Dapatkan diskon 50% untuk pembelian pertamamu! Download sekarang dan masukkan kode referral F4B58F saat registrasi. https://t.co/0wT0xEGMOz"",""1894699705898270739"","""","""",""in"","""",""0"",""0"",""0"",""https://x.com/Coffeesusu30/status/1894699705898270739"",""1325106473727225856"",""Coffeesusu30""";;;;;;
"1894685492777726056,""Wed Feb 26 10:39:24 +0000 2025"",""0"",""@Mike3____ Mau heran tapi... fore wkwk"",""1894698773449974029"","""",""Mike3____"",""in"",""Kota Manado, Sulawesi Utara"",""0"",""0"",""0"",""https://x.com/MakiXVerA/status/1894698773449974029"",""1676103827412643840"",""MakiXVerA""";;;;;;
"1894698135202787573,""Wed Feb 26 10:36:51 +0000 2025"",""0"",""Better matchanya tomorro apa point apa fore Tapi fore keknya masih ramee bngett"",""1894698135202787573"","""","""",""in"",""disini"",""0"",""3"",""0"",""https://x.com/Gajahobesitaaas/status/1894698135202787573"",""1715527430503612417"",""Gajahobesitaaas""";;;;;;
"1894697839810453823,""Wed Feb 26 10:35:41 +0000 2025"",""0"",""Daftar kopi recomended ada promo payday spill voucher diskon disini Fore coffee https://t.co/NUfrFP8rLZ Kopi kenangan https://t.co/W6vRtG8wXJ Janji jiwa https://t.co/OlyMEWWzsQ Tomoro coffee https://t.co/Ed3QK5giCa Point coffe indomaret https://t.co/LDBmIW9FPV"",""1894697839810453823"","""","""",""in"","""",""0"",""0"",""0"",""https://x.com/ike_tjn/status/1894697839810453823"",""513346093"",""ike_tjn""";;;;;;
"1894673529951649979,""Wed Feb 26 10:34:54 +0000 2025"",""0"",""@ninetwelveone sini fore suhat"",""1894697642544058381"","""",""ninetwelveone"",""in"",""N"",""0"",""0"",""0"",""https://x.com/bolustoberi/status/1894697642544058381"",""1107446954760376320"",""bolustoberi""";;;;;;
"1894646107319194000,""Wed Feb 26 10:34:39 +0000 2025"",""0"",""@FOODFESS2 fore butterscotch kopken kenangan mantan janjiw kurang suka hehe"",""1894697580585775328"","""",""FOODFESS2"",""in"",""jkt-tgl"",""0"",""0"",""0"",""https://x.com/cillacill0/status/1894697580585775328"",""1623159165874237441"",""cillacill0""";;;;;;
"1894697379783459124,""Wed Feb 26 10:33:51 +0000 2025"",""0"",""mau jajan fore hemat? bayar cuma separo harga?? yuk download dan daftar sebagai anggota baru fore lalu masukkan kode referral di bawah ini saat registrasi 02724C dapatkan potongan 50% dan b1g1 serta birthday treat buat kamu yg sebentar lagi berulang tahun!! #zonajajan"",""1894697379783459124"","""","""",""in"",""unknown "",""0"",""0"",""0"",""https://x.com/hkmhnhkm/status/1894697379783459124"",""1736363549692403712"",""hkmhnhkm""";;;;;;
"1894563077217001644,""Wed Feb 26 10:32:11 +0000 2025"",""0"",""@sbyfess jln sulawesi ngarep fore"",""1894696960780808518"","""",""sbyfess"",""in"",""saturn"",""0"",""0"",""0"",""https://x.com/bekupondoro/status/1894696960780808518"",""1551290157592023040"",""bekupondoro""";;;;;;
"1894648275091034148,""Wed Feb 26 10:27:56 +0000 2025"",""0"",""@shaniendya Oalaah baru tau gua. Sek baru denger varian itu. Gua udah lama banget nggak jajan Fore."",""1894695890402885728"","""",""shaniendya"",""in"",""DNFWC.⠀|   cr. onikushock⠀⠀⠀"",""0"",""1"",""0"",""https://x.com/Decafism/status/1894695890402885728"",""1755812155323199488"",""Decafism""";;;;;;
"1894648275091034148,""Wed Feb 26 10:22:41 +0000 2025"",""2"",""@Decafism Enggaaaak. Itu mereka buka cabang di JKT. Gue nyoba aja sih ada di Mall Taman Anggrek. Cuma kureng dah. Mending lu beli fore yang varian Tani atau Bumi Latte."",""1894694568937037920"","""",""Decafism"",""in"",""Shanindya Darapuspita."",""0"",""1"",""0"",""https://x.com/shaniendya/status/1894694568937037920"",""954366252851511298"",""shaniendya""";;;;;;
"1894693518804971632,""Wed Feb 26 10:18:31 +0000 2025"",""0"",""apa besok sekalian claim voucher gratis fore ya di deket arion "",""1894693518804971632"","""","""",""in"",""⚠ many harsh words ⚠"",""0"",""0"",""0"",""https://x.com/lovelifetsuki/status/1894693518804971632"",""1211106961728557056"",""lovelifetsuki""";;;;;;
"1894693374692880730,""Wed Feb 26 10:17:56 +0000 2025"",""0"",""haloo gaiss buat kalian yang mau nyoba fore atau pengguna baru apk fore bisa pake kode referral ini 2138B5 lgsg dapet voc 50% maks 35k guysss rill no tipu tipuuu ayoo bisa pake no hp mamahnya papahnyaa wkwkw aku udh pake cara ini sering bgt t. wtb wts voc fore zonauang https://t.co/s7juSl8o8l"",""1894693374692880730"",""https://pbs.twimg.com/media/GktNlEobgAA6keW.jpg"","""",""in"","""",""0"",""0"",""0"",""https://x.com/kkayroar/status/1894693374692880730"",""1680195444184608770"",""kkayroar""";;;;;;
"1894646107319194000,""Wed Feb 26 10:14:33 +0000 2025"",""0"",""@FOODFESS2 Fore gak rasa kopi janjiw juga sama Kopken kopinya berasa sampe bikin gemeteran wkwkwk Aku lebih suka Point sih nder"",""1894692523626655992"","""",""FOODFESS2"",""in"","""",""0"",""1"",""0"",""https://x.com/dablackestpink/status/1894692523626655992"",""1067055548586049536"",""dablackestpink""";;;;;;
"1894692001163190296,""Wed Feb 26 10:12:29 +0000 2025"",""0"",""ehh pgn nugas di fore merr deh tinggal ngesot doang sampeee"",""1894692001163190296"","""","""",""in"","""",""0"",""0"",""0"",""https://x.com/anandaarp_/status/1894692001163190296"",""1297134823337648128"",""anandaarp_""";;;;;;
"1894690222325260334,""Wed Feb 26 10:05:25 +0000 2025"",""1"",""_TiTaniC FrOm WAkAnDa_ Sang BunDa JodohKan Wiwi &amp";" RamBut Putih Wiwi TeLah Dengan Si GeMoy Men_Dua HaTi ! TerJadilLah PeNgKhianatan CiNta Wiwi Yg SeRakaH SiaPaKah TenGgelam 2029 wOw0 Or Wiwi ? Rabu MenIpu 26_2_25 ~ Bye_Bye Man I LoVe TheRe_FoRe I LiVe My HeARrT WiTh LoVe AlWAYs https://t.co/eWtrRICanZ"",""1894690222325260334"",""https://pbs.twimg.com/ext_tw_video_thumb/1894689749614329856/pu/img/eJSXUzvla8uYzkP1.jpg"","""",""in"",""WaKaNDa 和歌 和歌山市"",""0"",""0"",""0"",""https://x.com/man_bye1602/status/1894690222325260334"",""1819303403862044672"",""man_bye1602""";;;;;
"1894646107319194000,""Wed Feb 26 09:59:44 +0000 2025"",""2"",""@FOODFESS2 Fore: cafe malt latte (best buat yg ga mau terlalu kopi tp ga terlalu kopi susu juga ada gurih nya) Kopken: kenangn mantan (yg ini juga udah mengusir ngantuk) Janjiw: cookies n cream/ kopi tarik (enak creamy ga terlalu manis)"",""1894688793485344928"","""",""FOODFESS2"",""in"",""Jakarta Capital Region, Indone"",""0"",""0"",""0"",""https://x.com/miilkuteaa/status/1894688793485344928"",""1270231915975503872"",""miilkuteaa""";;;;;;
"1894663204787425317,""Wed Feb 26 09:52:40 +0000 2025"",""17"",""@FadilahRika2 @augusta_tehe kl mau murah lagi daftar aplikasi fore aja nder. bisa diskon 50% sebanyak 3 kali kalo udah 3 kali tinggal daftar lg pake nomor lain. aku saranin buttercream latte enak bett. BTW KOPI KENANGAN JG SAMA NDER. bs 3 kl diskon 50%. kopi kenangan mantan itu paling basic tapi mantep"",""1894687014836191415"","""",""FadilahRika2"",""in"","""",""1"",""3"",""0"",""https://x.com/zazayiy/status/1894687014836191415"",""1291270880069218304"",""zazayiy""";;;;;;
"1894663743465783512,""Wed Feb 26 09:50:46 +0000 2025"",""0"",""@tanyakanrl gk mau nder kasih aku kopi fore dulu"",""1894686534630277140"","""",""tanyakanrl"",""in"","""",""0"",""0"",""0"",""https://x.com/imdseakiesttt/status/1894686534630277140"",""1329472383132999686"",""imdseakiesttt""";;;;;;
"1894685492777726056,""Wed Feb 26 09:48:07 +0000 2025"",""0"",""@Mike3____ wkwkwk yah cari pa fore nda rame"",""1894685869589811660"","""",""Mike3____"",""in"",""mdc"",""0"",""1"",""0"",""https://x.com/morerales/status/1894685869589811660"",""1875143577858363392"",""morerales""";;;;;;
"1894683826745663718,""Wed Feb 26 09:40:00 +0000 2025"",""0"",""Tiap habis minum fore pasti mual. Ga cocok keknya minum kopi mahal"",""1894683826745663718"","""","""",""in"","""",""0"",""0"",""0"",""https://x.com/dailydoseofwt/status/1894683826745663718"",""1312255946870067201"",""dailydoseofwt""";;;;;;
"1894663204787425317,""Wed Feb 26 09:39:46 +0000 2025"",""0"",""@augusta_tehe nder fore butterscotch enak bgt trus jangan lupa makan pempek ️ masih banyak makanan aneh lain yang belom kmu coba pls pls"",""1894683768025485495"","""",""augusta_tehe"",""in"",""selective af"",""0"",""0"",""0"",""https://x.com/cherreallyhate/status/1894683768025485495"",""1357314461497888773"",""cherreallyhate""";;;;;;
"1894683305993552051,""Wed Feb 26 09:37:56 +0000 2025"",""0"",""KOPI FORE GRATIS B1G1 &amp";" DISKON 50%! Untuk pengguna baru cukup buat akun dengan referral ini : 8FEDF8 FAA744 #ForeCoffee #Gratis https://t.co/6PalYEQ4Hr"",""1894683305993552051"",""https://pbs.twimg.com/media/GktEbBOaMAAjlk0.jpg"","""",""in"","""",""0"",""0"",""0"",""https://x.com/tensevery/status/1894683305993552051"",""989465218911621120"",""tensevery""";;;;;
"1894680299185025103,""Wed Feb 26 09:33:52 +0000 2025"",""0"",""@kataerel Itu yg gajadi ke kampus jadinya beli fore itu?"",""1894682281350164832"","""",""kataerel"",""in"","""",""0"",""1"",""0"",""https://x.com/damnaristoteles/status/1894682281350164832"",""1470770325285711889"",""damnaristoteles""";;;;;;
"1849939409032052945,""Wed Feb 26 09:33:34 +0000 2025"",""0"",""voucher diskon shopeefood Fore Coffee Diskon s/d 45RB https://t.co/L9ussFvQwP Point Coffee Diskon s/d 15RB https://t.co/3G1oKFj9OT Wingz O Wingz Diskon s/d 70% https://t.co/GdWO1nQkWE Toko Kopi Tuku Diskon s/d 15RB https://t.co/UsR8xWaDlN #zonauang"",""1894682206834196942"","""",""myooe_"",""in"","""",""0"",""1"",""0"",""https://x.com/myooe_/status/1894682206834196942"",""1541422076610740224"",""myooe_""";;;;;;
"1894681523741507673,""Wed Feb 26 09:30:51 +0000 2025"",""0"",""Hi Sudah coba aplikasi Fore Coffee? Dapatkan diskon 50% untuk pembelian pertamamu! Download sekarang dan masukkan kode referral 6A04DC saat registrasi. https://t.co/jQPJcVrDvf"",""1894681523741507673"","""","""",""in"",""Jakarta Capital Region"",""0"",""0"",""0"",""https://x.com/OirkMan/status/1894681523741507673"",""2958665036"",""OirkMan""";;;;;;
"1894681413703918040,""Wed Feb 26 09:30:25 +0000 2025"",""0"",""Hi Sudah coba aplikasi Fore Coffee? Dapatkan diskon 50% untuk pembelian pertamamu! Download sekarang dan masukkan kode referral 6A04DC saat registrasi. https://t.co/7BcmmM8cW3"",""1894681413703918040"","""","""",""in"",""Jakarta"",""0"",""0"",""0"",""https://x.com/Rio_D2Q/status/1894681413703918040"",""80601455"",""Rio_D2Q""";;;;;;
"1894671970467529089,""Wed Feb 26 09:29:31 +0000 2025"",""0"",""@fiylly00 itu fore kan? lagian kenapa aneh aneh aja sih"",""1894681187081421105"","""",""fiylly00"",""in"","""",""0"",""1"",""0"",""https://x.com/moonjinkaiiiiii/status/1894681187081421105"",""1624979340797841410"",""moonjinkaiiiiii""";;;;;;
"1894663204787425317,""Wed Feb 26 09:27:58 +0000 2025"",""670"",""@augusta_tehe Pake pistol cuman ujung pistolnya masukin ke arah mulut terus arahin ke atas tapiiii FORE COFFEE TIAP HARI SENIN BUY 2 GET 1 LOH??? Terus freeup size tiap weekend kalo kamu warga jakarta minimal ngerasain tongseng ditaman lawang yang riyal hiden gem itu"",""1894680798588276882"","""",""augusta_tehe"",""in"","""",""4"",""6"",""11"",""https://x.com/FadilahRika2/status/1894680798588276882"",""1220916083588091904"",""FadilahRika2""";;;;;;
"1894671105899827571,""Wed Feb 26 09:09:43 +0000 2025"",""0"",""@_lomsee gas fore wkwk"",""1894676203992412441"","""",""_lomsee"",""in"",""Sulawesi Utara, Indonesia"",""0"",""1"",""0"",""https://x.com/Mike3____/status/1894676203992412441"",""995268977445163008"",""Mike3____""";;;;;;
"1894674056986939439,""Wed Feb 26 09:01:11 +0000 2025"",""0"",""cm butuh kopi fore"",""1894674056986939439"","""","""",""in"","""",""0"",""0"",""0"",""https://x.com/amourfkcries/status/1894674056986939439"",""1886735170046402560"",""amourfkcries""";;;;;;
"1894672798364446811,""Wed Feb 26 08:56:11 +0000 2025"",""0"",""Pesan Fore Coffee di ShopeeFood ada Voucher Diskon s/d 45RB loh! Cek disini keburu habis! Klik linknya ya gays️ https://t.co/liFzrCAkaQ https://t.co/XYjFr3j3WU"",""1894672798364446811"",""https://pbs.twimg.com/media/Gks63U6aEAAVhp2.jpg"","""",""in"",""Bekasi, Jawa Barat"",""0"",""0"",""0"",""https://x.com/Afichannel61422/status/1894672798364446811"",""1847588536364781568"",""Afichannel61422""";;;;;;
"1894671983004266530,""Wed Feb 26 08:52:56 +0000 2025"",""0"",""ak akan ke fore malem ini"",""1894671983004266530"","""","""",""in"",""selective."",""0"",""0"",""0"",""https://x.com/todayisgege/status/1894671983004266530"",""897231595178000386"",""todayisgege""";;;;;;
"1894671908739990009,""Wed Feb 26 08:52:39 +0000 2025"",""0"",""coffee late yg mnurut gw enak: 1. Kopken 2. linggih 3. Fore (br itu nnti update lg)(revisi)"",""1894671908739990009"","""","""",""in"","""",""0"",""0"",""0"",""https://x.com/typo00o/status/1894671908739990009"",""1274744524833619968"",""typo00o""";;;;;;
"1894668293723845056,""Wed Feb 26 08:43:29 +0000 2025"",""0"",""@jeonwalnut Aku lagi di surabaya fore enakk tapi seperrinya kita berbeda belahan surabaya"",""1894669605647556944"","""",""jeonwalnut"",""in"","""",""0"",""1"",""0"",""https://x.com/aurumvante/status/1894669605647556944"",""1375337931041169408"",""aurumvante""";;;;;;
"1894245881005724099,""Wed Feb 26 08:42:20 +0000 2025"",""0"",""@XHerofess @i8fore MAU MAU MAU KAKKKKKKK"",""1894669314323882028"","""",""XHerofess"",""in"",""xh n f1 enjoyers"",""0"",""0"",""0"",""https://x.com/i8fore/status/1894669314323882028"",""1629733261575606272"",""i8fore""";;;;;;
"1894544451365961974,""Wed Feb 26 08:26:04 +0000 2025"",""0"",""@awcesome Ngga ngaruh di guweh. Dah beli fore tadi :3"",""1894665222939611532"","""",""awcesome"",""in"",""Hanum Odyssia. "",""0"",""0"",""0"",""https://x.com/hawnum/status/1894665222939611532"",""852507342511816704"",""hawnum""";;;;;;
"1894662441717698672,""Wed Feb 26 08:15:01 +0000 2025"",""0"",""fore tuh pw bgt buat nugas https://t.co/goqYHNMPIQ"",""1894662441717698672"",""https://pbs.twimg.com/media/GksxatFbkAIew3_.jpg"","""",""in"","""",""0"",""0"",""0"",""https://x.com/momontyy/status/1894662441717698672"",""1209819137129598981"",""momontyy""";;;;;;
"1894646107319194000,""Wed Feb 26 08:14:46 +0000 2025"",""0"",""@FOODFESS2 Butterscotch sea salt latte nya fore enak bgtt. Tapi bikin asam lambungku yg payah ini bergejolak "",""1894662377259643254"","""",""FOODFESS2"",""in"",""Kudus, Indonesia"",""0"",""0"",""0"",""https://x.com/kochengcyber/status/1894662377259643254"",""290534847"",""kochengcyber""";;;;;;
"1893668905408704986,""Wed Feb 26 08:14:45 +0000 2025"",""0"",""7. Fore (Rate 9/10) - Diskon 50% khusus member baru ";"max 35) - daftar member via app Karena aku baru daftar member pas hari H jadi cm dapet potongan 50% tp lumayan la 35k https://t.co/ey0T9Av9X6"",""1894662371744125281"",""https://pbs.twimg.com/media/GksxYRpWIAEcuqu.jpg"",""mobatmabitt"",""in"","""",""0"",""2"",""0"",""https://x.com/mobatmabitt/status/1894662371744125281"",""932809821706862594"",""mobatmabitt""";;;;;
"1894376647866159139,""Wed Feb 26 08:07:20 +0000 2025"",""0"",""@hwanginharmony jadi gak sabar.. UCL mau request catering nya ada mie ayam sama kopi fore boleh? ";")"",""1894660504951689481"","""",""hwanginharmony"",""in"",""Seoul, South Korea."",""0"",""1"",""0"",""https://x.com/Uncaseless/status/1894660504951689481"",""1710126077702782976"",""Uncaseless""";;;;;
"1894660374244528387,""Wed Feb 26 08:06:48 +0000 2025"",""2"",""cw // blood &amp";" poop WHY THERE'S A FREAKING BLOOD ON MY POOP aint no way its not blood bcs i didnt eat any red thingy or chili. sebenarnya bulan lalu BAB ku sempet warna hijau matcha fore sih tapi habis itu balik warna normal. skrg malah ada darah"",""1894660374244528387"","""","""",""in"",""public rant. no hard feelings "",""0"",""1"",""0"",""https://x.com/Monroebinn/status/1894660374244528387"",""1861450047357100035"",""Monroebinn""";;;;;
"1894658054463103119,""Wed Feb 26 08:00:14 +0000 2025"",""0"",""@legoooAhhh @sobatLRT monggo mas ditanya2 ke sobat foré "",""1894658719163752819"","""",""legoooAhhh"",""in"",""United States"",""0"",""1"",""0"",""https://x.com/tanganjojo/status/1894658719163752819"",""460806698"",""tanganjojo""";;;;;;
"1894657283508113923,""Wed Feb 26 07:54:32 +0000 2025"",""0"",""Wuih sip sip si udah kenal Fore"",""1894657283508113923"","""","""",""in"",""Anomalies in the oddity space."",""0"",""2"",""0"",""https://x.com/wavetonone/status/1894657283508113923"",""815257193805033472"",""wavetonone""";;;;;;
"1894656177042329876,""Wed Feb 26 07:50:08 +0000 2025"",""0"",""ini promo fore di gofood knp gaada yg bisa dipake bangke buat pajangan doang kah"",""1894656177042329876"","""","""",""in"",""psikopad’24 ⭑ any prns"",""1"",""0"",""0"",""https://x.com/tomercurynback/status/1894656177042329876"",""1804490876288450560"",""tomercurynback""";;;;;;
"1894646562917392419,""Wed Feb 26 07:50:04 +0000 2025"",""0"",""@svnshein 6 bulan baru bisa Fore date lagi.. ‍"",""1894656160139284489"","""",""svnshein"",""in"",""Birendra Dipta / Raven Cirillo"",""0"",""1"",""0"",""https://x.com/Paradcxa/status/1894656160139284489"",""1779711704290734080"",""Paradcxa""";;;;;;
"1894652103433609367,""Wed Feb 26 07:33:57 +0000 2025"",""0"",""Pesan Fore Coffee di ShopeeFood ada Voucher Diskon s/d 45RB loh! Cek disini keburu habis! #ShopeeFood #PromoGajian #MendingShopeeFood #ShopeeID #CMP #CheckoutMurah https://t.co/YCxGMlCLmP"",""1894652103433609367"","""","""",""in"","""",""0"",""0"",""1"",""https://x.com/Clockwerk_ram/status/1894652103433609367"",""1837647465056817152"",""Clockwerk_ram""";;;;;;
"1894651975654150286,""Wed Feb 26 07:33:26 +0000 2025"",""3"","" aku besok mau fore ikut https://t.co/xqswIsaR8O"",""1894651975654150286"",""https://pbs.twimg.com/media/Gksn7M_bkAAvbok.jpg"","""",""in"","""",""1"",""6"",""0"",""https://x.com/iuperina/status/1894651975654150286"",""2933564834"",""iuperina""";;;;;;
"1894651900433502349,""Wed Feb 26 07:33:08 +0000 2025"",""0"",""yang mau order Fore/Kopken bisa lewat aku harga? jelas bedaa"",""1894651900433502349"","""","""",""in"",""sub"",""0"",""1"",""0"",""https://x.com/yuurbaae/status/1894651900433502349"",""1429173759139672070"",""yuurbaae""";;;;;;
"1894650306635645403,""Wed Feb 26 07:31:52 +0000 2025"",""0"",""@shtpstngalready klo mau order fore/kopken bisa lewat aku wkwkwkkwkw"",""1894651579166593107"","""",""shtpstngalready"",""in"",""sub"",""0"",""1"",""0"",""https://x.com/yuurbaae/status/1894651579166593107"",""1429173759139672070"",""yuurbaae""";;;;;;
"1894650699042230615,""Wed Feb 26 07:28:22 +0000 2025"",""0"",""KOPI FORE GRATIS B1G1 &amp";" DISKON 50%! Untuk pengguna baru cukup buat akun dengan referral ini : 8FEDF8 FAA744 #ForeCoffee #Gratis https://t.co/tnT7HAYYXq"",""1894650699042230615"",""https://pbs.twimg.com/media/GksmxMmbkAQZcZL.jpg"","""",""in"","""",""0"",""0"",""0"",""https://x.com/tensevery/status/1894650699042230615"",""989465218911621120"",""tensevery""";;;;;
"1894646107319194000,""Wed Feb 26 07:22:50 +0000 2025"",""0"",""@FOODFESS2 fore: kopi dari tani kopken: creamy aren latte kenangan mantan janjiw";" kureng ah"",""1894649307846033597"","""",""FOODFESS2"",""in"","""",""0"",""0"",""0"",""https://x.com/flamingeuw/status/1894649307846033597"",""1276218356622782464"",""flamingeuw""";;;;;
"1894648901959127278,""Wed Feb 26 07:21:13 +0000 2025"",""4"",""nyobain fore di gedung lama adanya kopkenz disini adanya fore bukan penyuka kopi cmn suka matcha enak sih https://t.co/NMOtmePYc2"",""1894648901959127278"",""https://pbs.twimg.com/media/GkslIR0WgAEgIJW.jpg"","""",""in"",""nippon paint"",""0"",""0"",""0"",""https://x.com/AnakeSimbhok/status/1894648901959127278"",""434162007"",""AnakeSimbhok""";;;;;;
"1894646107319194000,""Wed Feb 26 07:17:35 +0000 2025"",""0"",""@FOODFESS2 Butterscotchnya Fore enaaakkk bangetttt"",""1894647984706785669"","""",""FOODFESS2"",""in"",""Indonesia"",""0"",""0"",""0"",""https://x.com/sorahikariii/status/1894647984706785669"",""1158356375501594624"",""sorahikariii""";;;;;;
"1894646107319194000,""Wed Feb 26 07:17:30 +0000 2025"",""0"",""@FOODFESS2 Fore: butterscotch sea salt sama caramel praline macchiato less sugar. Kopken: kenangan mantan sama black aren latte minta yang less sugar."",""1894647964595098017"","""",""FOODFESS2"",""in"",""25⬆️ - 290723 240824"",""0"",""0"",""0"",""https://x.com/zuyeonism/status/1894647964595098017"",""839865141881524225"",""zuyeonism""";;;;;;
"1894646107319194000,""Wed Feb 26 07:14:45 +0000 2025"",""3"",""@FOODFESS2 Aku kalau fore paling beli nya - cafe latte (menurut ku dia kopi tapi yang kopi banget wkwkwkwk 3/4 kopi 1/4 susu) - butterscotch milk crumble (mirip susu putih cuma ada hint biskuit nya aja)"",""1894647273285718098"","""",""FOODFESS2"",""in"",""she/her. 20+"",""0"",""1"",""0"",""https://x.com/hanjiisunq/status/1894647273285718098"",""1622260121685618688"",""hanjiisunq""";;;;;;
"1894646107319194000,""Wed Feb 26 07:12:17 +0000 2025"",""0"",""@FOODFESS2 fore butterscotch/matcha nya best kopken kurang suka soalnya bikin aslam naik janjiw aku selalu pesen earl grey tea hehe"",""1894646651308171750"","""",""FOODFESS2"",""in"","""",""0"",""0"",""0"",""https://x.com/stareatcloud/status/1894646651308171750"",""4502897904"",""stareatcloud""";;;;;;
"1894608883672649965,""Wed Feb 26 07:11:28 +0000 2025"",""0"",""@1woojoong2chill gw paling bisa sih tuku yaaa paling aman so far cuman di tempat gw gaada tuku iya waktu itu minum fore parah bgt sih kambuhnya"",""1894646448945598972"","""",""1woojoong2chill"",""in"","""",""0"",""0"",""0"",""https://x.com/8magg2cool/status/1894646448945598972"",""772718660142010368"",""8magg2cool""";;;;;;
"1894646107319194000,""Wed Feb 26 07:10:07 +0000 2025"",""81"",""fess menu kopi yang enak di fore kopken janjiw apa guys?"",""1894646107319194000"","""","""",""in"",""Pengaduan"",""9"",""88"",""7"",""https://x.com/FOODFESS2/status/1894646107319194000"",""939277717966544896"",""FOODFESS2""";;;;;;
"1894645130340216976,""Wed Feb 26 07:06:14 +0000 2025"",""1"",""Sedang jatuh cinta kepada triple peach americano nya Fore."",""1894645130340216976"","""","""",""in"","""",""0"",""3"",""0"",""https://x.com/pil0n9/status/1894645130340216976"",""3010178178"",""pil0n9""";;;;;;
"1894632658472505716,""Wed Feb 26 06:16:41 +0000 2025"",""0"",""pesen psp and fore pesen psp duluan yg sampe fore duluan padahal br bisa minum kopi kl udh ada alasnya "",""1894632658472505716"","""","""",""in"","""",""0"",""0"",""0"",""https://x.com/rrrachgr/status/1894632658472505716"",""1430207437127094277"",""rrrachgr""";;;;;;
"1894608883672649965,""Wed Feb 26 06:13:45 +0000 2025"",""0"",""@8magg2cool Semua kopi ga bisa mag? Fore emang kenceng sih kopinya"",""1894631920702820738"","""",""8magg2cool"",""in"","""",""0"",""1"",""0"",""https://x.com/1woojoong2chill/status/1894631920702820738"",""1599211965292826624"",""1woojoong2chill""";;;;;;
"1894615277633233260,""Wed Feb 26 06:12:35 +0000 2025"",""0"",""@ArgoDI2 fore dah enak tp gada makanan berat"",""1894631627772629071"","""",""ArgoDI2"",""in"",""hatimu"",""0"",""0"",""0"",""https://x.com/halopulici/status/1894631627772629071"",""1213102272172814339"",""halopulici""";;;;;;
"1894630738995417428,""Wed Feb 26 06:09:03 +0000 2025"",""1"",""Etdah malah ujan Untung fore dekat terobos aja deh nanti mau gak mau soalnya yang mau diupdate banyak"",""1894630738995417428"","""","""",""in"","""",""0"",""0"",""0"",""https://x.com/ce_cilly_a/status/1894630738995417428"",""1200617531246968837"",""ce_cilly_a""";;;;;;
"1894630356953043318,""Wed Feb 26 06:07:32 +0000 2025"",""0"",""fore tetep kopi terenak menurut gue https://t.co/6LwC40ksvM"",""1894630356953043318"",""https://pbs.twimg.com/media/GksURMrbAAAkg5w.jpg"","""",""in"",""rant"",""0"",""1"",""0"",""https://x.com/aozorable/status/1894630356953043318"",""1846076309661011968"",""aozorable""";;;;;;
"1894608883672649965,""Wed Feb 26 06:00:03 +0000 2025"",""0"",""@7yesly2cool Ngopi fore tadi"",""1894628475958694040"","""",""7yesly2cool"",""in"","""",""0"",""0"",""0"",""https://x.com/1woojoong2chill/status/1894628475958694040"",""1599211965292826624"",""1woojoong2chill""";;;;;;
"1894608883672649965,""Wed Feb 26 05:58:25 +0000 2025"",""0"",""@1woojoong2chill lu sukanya apa woo di fore?"",""1894628062077358151"","""",""1woojoong2chill"",""in"","""",""0"",""1"",""0"",""https://x.com/8magg2cool/status/1894628062077358151"",""772718660142010368"",""8magg2cool""";;;;;;
"1894627177863549204,""Wed Feb 26 05:55:56 +0000 2025"",""0"",""Oh ternyata ke PVJ murah baiklah PVJ aja mau fore xixi."",""1894627439646744576"","""",""Porschje"",""in"",""jjfuaiz safehouse ୭ ˚. ᵎᵎ"",""0"",""0"",""0"",""https://x.com/Porschje/status/1894627439646744576"",""1530085409711001600"",""Porschje""";;;;;;
"1894608883672649965,""Wed Feb 26 05:50:29 +0000 2025"",""0"",""@8magg2cool Fore aja mag biasa"",""1894626068277203405"","""",""8magg2cool"",""in"","""",""0"",""1"",""0"",""https://x.com/1woojoong2chill/status/1894626068277203405"",""1599211965292826624"",""1woojoong2chill""";;;;;;
"1894625285619765440,""Wed Feb 26 05:47:23 +0000 2025"",""0"",""#XAUUSD SELL POSSIBLE TARGET 2830 GOLD SELL NOW 2917 TP 2914 TP 2910 TP 2906 TP 2903 TP 2900 TP 2896 TP 2892 TP 2888 TP 2884 TP 2880 STOP LOSS 2929 JOIN TELEGRAM Link in bio https://t.co/5Gdjuyx228 https://t.co/6QUB7xPNVl"",""1894625285619765440"",""https://pbs.twimg.com/media/GksPqDqXUAAlJOR.jpg"","""",""in"",""New York, USA"",""0"",""0"",""0"",""https://x.com/GlobalFore93891/status/1894625285619765440"",""1821470859875237888"",""GlobalFore93891""";;;;;;
"1894511018635939852,""Wed Feb 26 05:35:01 +0000 2025"",""0"",""@wonwoosyg Asikkkkkk semoga ketemu fira lagi biar ditraktir fore WONWOO FOR BURBERRY LFW #WONWOOxBurberryFW25 #LondonFashionWeek #Burberry @pledis_17 @Burberry"",""1894622176235721194"","""",""wonwoosyg"",""in"","""",""0"",""0"",""0"",""https://x.com/jeonbooyaa/status/1894622176235721194"",""1134109413151653889"",""jeonbooyaa""";;;;;;
"1894622047655137645,""Wed Feb 26 05:34:31 +0000 2025"",""0"",""Sudah coba aplikasi Fore Coffee? Dapatkan diskon 50% untuk pembelian pertamamu! Download sekarang dan masukkan kode referral 6A04DC saat registrasi. https://t.co/jQPJcVrDvf"",""1894622047655137645"","""","""",""in"",""Jakarta Capital Region"",""0"",""0"",""0"",""https://x.com/OirkMan/status/1894622047655137645"",""2958665036"",""OirkMan""";;;;;;
"1894621975362113608,""Wed Feb 26 05:34:13 +0000 2025"",""0"",""Sudah coba aplikasi Fore Coffee? Dapatkan diskon 50% untuk pembelian pertamamu! Download sekarang dan masukkan kode referral 6A04DC saat registrasi. https://t.co/7BcmmM8cW3"",""1894621975362113608"","""","""",""in"",""Jakarta"",""0"",""0"",""0"",""https://x.com/Rio_D2Q/status/1894621975362113608"",""80601455"",""Rio_D2Q""";;;;;;
"1894620872109167049,""Wed Feb 26 05:29:50 +0000 2025"",""0"",""Oik siapa punya kode reff app fore?"",""1894620872109167049"","""","""",""in"",""other half:"",""0"",""2"",""0"",""https://x.com/blackjunimo/status/1894620872109167049"",""2468628270"",""blackjunimo""";;;;;;
"1894620620425761130,""Wed Feb 26 05:28:50 +0000 2025"",""0"",""ini sebenernya biasa aja dan udah eneg banget sama fore karena bes tiap hari. tapi kalo ga minum tuh ada yang kurang"",""1894620620425761130"","""","""",""in"","""",""0"",""1"",""0"",""https://x.com/lazylifterr/status/1894620620425761130"",""1398912671865397249"",""lazylifterr""";;;;;;
"1894619368941842599,""Wed Feb 26 05:23:52 +0000 2025"",""0"",""Beberapa daftar kopi recomended ada promo payday spill voucher diskon disini Fore coffee https://t.co/NUfrFP8rLZ Kopi kenangan https://t.co/W6vRtG8wXJ Janji jiwa https://t.co/OlyMEWWzsQ Tomoro coffee https://t.co/Ed3QK5giCa Point coffe indomaret https://t.co/LDBmIW9FPV"",""1894619368941842599"","""","""",""in"","""",""0"",""0"",""0"",""https://x.com/ike_tjn/status/1894619368941842599"",""513346093"",""ike_tjn""";;;;;;
"1894618735505506399,""Wed Feb 26 05:21:21 +0000 2025"",""0"",""adalah aku setiap hari tuku fore tuku fore "",""1894618735505506399"","""","""",""in"",""𝐮𝐧𝐦𝐲𝐞𝐨𝐧𝐠𝐳 ᯓᡣ𐭩"",""0"",""0"",""0"",""https://x.com/ne0cltures/status/1894618735505506399"",""1174561145308381184"",""ne0cltures""";;;;;;
"1894617373505982577,""Wed Feb 26 05:18:26 +0000 2025"",""0"",""mari kita membuka menu fore"",""1894617999539409319"","""",""chlfuiu"",""in"","""",""0"",""0"",""0"",""https://x.com/chlfuiu/status/1894617999539409319"",""1253318840982765577"",""chlfuiu""";;;;;;
"1894615298780926319,""Wed Feb 26 05:07:42 +0000 2025"",""0"",""ternyata butterscotch nya fore creamy bgt yaa kurang kopi bgt https://t.co/Fp0Dd6sJY2"",""1894615298780926319"",""https://pbs.twimg.com/media/GksGkHGXcAAUI9w.jpg"","""",""in"","""",""0"",""0"",""0"",""https://x.com/matchalaalu/status/1894615298780926319"",""3222679716"",""matchalaalu""";;;;;;
"1894615277633233260,""Wed Feb 26 05:07:37 +0000 2025"",""6"",""ajg terjebak ujan. untungnya kejebak di fore"",""1894615277633233260"","""","""",""in"",""hatimu"",""0"",""6"",""0"",""https://x.com/halopulici/status/1894615277633233260"",""1213102272172814339"",""halopulici""";;;;;;
"1894615254518436046,""Wed Feb 26 05:07:31 +0000 2025"",""0"",""Kode promo refferal fore coffee diskon 50% max 35k 3x transaksi bisa menu minuman &amp";" makanan semua varian menu untuk pengguna baru yaps!!! A0BCAE Fore coffee belasan ribu aja seng Kalo kesusahan masukin referral nya bisa dm aku yaaa manieszzz #zonauang #zonajajan https://t.co/rCRhc11h2z"",""1894615254518436046"",""https://pbs.twimg.com/media/GksGhwIWAAA8Qxj.jpg"","""",""in"",""Palembang"",""0"",""0"",""0"",""https://x.com/hopeeblueside/status/1894615254518436046"",""1227609279395291137"",""hopeeblueside""";;;;;
"1894612766104981939,""Wed Feb 26 04:57:38 +0000 2025"",""0"",""ayooow pake reff fore akkkk biar dpt disc 50% kawaaaan ( 2EFB44 ) real yah. ak baristany "",""1894612766104981939"","""","""",""in"","""",""0"",""0"",""0"",""https://x.com/papipapipumss/status/1894612766104981939"",""1439102042488795136"",""papipapipumss""";;;;;;
"1894612364315824328,""Wed Feb 26 04:56:02 +0000 2025"",""0"",""kecintaan bgt ama fore"",""1894612364315824328"","""","""",""in"","""",""0"",""0"",""0"",""https://x.com/sundayoit/status/1894612364315824328"",""1116045410"",""sundayoit""";;;;;;
"1894611562587107515,""Wed Feb 26 04:52:51 +0000 2025"",""0"",""aku kangen belajar bareng mas'' fore"",""1894611562587107515"","""","""",""in"","""",""0"",""1"",""0"",""https://x.com/lovincedricc/status/1894611562587107515"",""1755236131002892288"",""lovincedricc""";;;;;;
"1894586155623997478,""Wed Feb 26 04:51:27 +0000 2025"",""0"",""@jaefeelsgreat GN Jae"",""1894611212056367393"","""",""jaefeelsgreat"",""in"","""",""0"",""0"",""0"",""https://x.com/ForeSightKid/status/1894611212056367393"",""1756385817881128960"",""ForeSightKid""";;;;;;
"1894591113056367071,""Wed Feb 26 04:51:19 +0000 2025"",""1"",""@SalxMeta GN Sal"",""1894611178719949251"","""",""SalxMeta"",""in"","""",""0"",""1"",""0"",""https://x.com/ForeSightKid/status/1894611178719949251"",""1756385817881128960"",""ForeSightKid""";;;;;;
"1894583590207295964,""Wed Feb 26 04:42:20 +0000 2025"",""1"",""@LockMetaX GN lock"",""1894608914722812228"","""",""LockMetaX"",""en"","""",""0"",""0"",""0"",""https://x.com/ForeSightKid/status/1894608914722812228"",""1756385817881128960"",""ForeSightKid""";;;;;;
"1894608914345595000,""Wed Feb 26 04:42:19 +0000 2025"",""0"",""pengen beli fore mau selain yg butterscotch sea salt tapi mau itu juga karena enaak bingit"",""1894608914345595000"","""","""",""in"",""rl thingy, rant, dns, dnss."",""0"",""0"",""0"",""https://x.com/paxrker/status/1894608914345595000"",""873289628010266624"",""paxrker""";;;;;;
"1894588966739087438,""Wed Feb 26 04:38:49 +0000 2025"",""0"",""@zainmeta Gn Zain"",""1894608033541423162"","""",""zainmeta"",""in"","""",""0"",""0"",""0"",""https://x.com/ForeSightKid/status/1894608033541423162"",""1756385817881128960"",""ForeSightKid""";;;;;;
"1894607710601294328,""Wed Feb 26 04:37:32 +0000 2025"",""0"",""Ridi nokos all apk murce start 3k * gmail / yt / gojek / grab * shopee / tokped / lazada * kopken / fore / tomoro * wa / tele / twitter / line * app lainnyaa Order ke pinned ya #zonauang wts jual no verif fsr telegram x spay gopay discord promo voc nomor otp"",""1894607710601294328"","""","""",""in"","""",""0"",""0"",""0"",""https://x.com/violeenz/status/1894607710601294328"",""1744382894267883520"",""violeenz""";;;;;;
"1894606273565614096,""Wed Feb 26 04:36:01 +0000 2025"",""0"",""@sundayoit Nokos fore 3k dm ke @joelanryujin ya"",""1894607327459938753"","""",""sundayoit"",""in"","""",""0"",""0"",""0"",""https://x.com/trbauma/status/1894607327459938753"",""1815243165785632768"",""trbauma""";;;;;;
"1894606814903505319,""Wed Feb 26 04:33:59 +0000 2025"",""0"",""kopi yang mau ku minum ";" tomoro ⁠tuku ⁠kopken ⁠nako ⁠fore ⁠famima satu lagi kopi jago ! "",""1894606814903505319"","""","""",""in"",""jaemin’s mamih"",""0"",""0"",""0"",""https://x.com/wulandil/status/1894606814903505319"",""276370358"",""wulandil""";;;;;
"1894605061772526073,""Wed Feb 26 04:27:01 +0000 2025"",""0"",""fore ngaliyan yukkkk"",""1894605061772526073"","""","""",""in"","""",""0"",""0"",""0"",""https://x.com/brodienoo/status/1894605061772526073"",""1277579149003984897"",""brodienoo""";;;;;;
"1894604303622705641,""Wed Feb 26 04:24:00 +0000 2025"",""0"",""Abis nganter lunchbox kakak sama titipan snack buat tukeran di kelas. Sekarang lagi nunggu adek pulang sambil ngopi indocafe di warung deket sekolahan tapi bukan fore. Gapapa. Yang penting waras."",""1894604303622705641"","""","""",""in"","""",""1"",""0"",""0"",""https://x.com/yjhgumas/status/1894604303622705641"",""1696783178470658049"",""yjhgumas""";;;;;;
"1894603156547670228,""Wed Feb 26 04:19:27 +0000 2025"",""0"",""_MaLing KuNdaNg DeMokRaSi_ AnAk_ANak DurHaka DemOkRaSi LaHir Dari RaHiM DemOkrasi TuMbuh Dewasa MenJadi TIRANi MemBunUh SanG IBu DeMokRasi ~ Bye_Bye MaN... I LoVe THeRe_FoRe I LiVe My HeArT WiTh LoVe ALwAYs... https://t.co/HchaTvIsPN"",""1894603156547670228"",""https://pbs.twimg.com/ext_tw_video_thumb/1894602725096394752/pu/img/XNqVK5TiGhnvfxL7.jpg"","""",""in"",""WaKaNDa 和歌 和歌山市"",""0"",""0"",""0"",""https://x.com/man_bye1602/status/1894603156547670228"",""1819303403862044672"",""man_bye1602""";;;;;;
"1894602470598606977,""Wed Feb 26 04:17:55 +0000 2025"",""0"",""@thekingstepo GN Stepo"",""1894602772361675032"","""",""thekingstepo"",""in"","""",""0"",""0"",""0"",""https://x.com/ForeSightKid/status/1894602772361675032"",""1756385817881128960"",""ForeSightKid""";;;;;;
"1894602331393855755,""Wed Feb 26 04:17:22 +0000 2025"",""0"",""kita aslinya penduduk fore n kemenangan ‍️"",""1894602631731085701"","""",""187jt"",""in"",""law’24"",""0"",""0"",""0"",""https://x.com/187jt/status/1894602631731085701"",""1146966888993263616"",""187jt""";;;;;;
"1894600442203836811,""Wed Feb 26 04:08:40 +0000 2025"",""0"",""work form fore enak nih kyknya yuksss"",""1894600442203836811"","""","""",""in"","""",""0"",""0"",""0"",""https://x.com/Luitugakdiajak/status/1894600442203836811"",""249175734"",""Luitugakdiajak""";;;;;;
"1894514704808382503,""Wed Feb 26 04:04:38 +0000 2025"",""0"",""@katapalindrom Fore amplaz aja yuk"",""1894599427270348831"","""",""katapalindrom"",""in"",""AB"",""0"",""1"",""0"",""https://x.com/nhana_astuti/status/1894599427270348831"",""621949807"",""nhana_astuti""";;;;;;
"1894599199964238258,""Wed Feb 26 04:03:43 +0000 2025"",""1"",""#wts 1 tix pfj 3days pass Kakak aku gajadi ikut nonton harga presale 2 Bisa masuk venue bareng aku yaa soalnya aku nonton Fore more info bisa dm https://t.co/qQ1fbuwan7"",""1894599199964238258"",""https://pbs.twimg.com/media/Gkr37p7bkAESROr.jpg"","""",""in"","""",""0"",""1"",""1"",""https://x.com/lalalapanpages/status/1894599199964238258"",""1338246393501081600"",""lalalapanpages""";;;;;;
"1894598901287866451,""Wed Feb 26 04:02:32 +0000 2025"",""0"",""fore coffee 1 liter jadi 59 ribuann pakein voucher diskon 50% https://t.co/dBEWLN3zIX https://t.co/Yn42NOWb2U"",""1894598901287866451"",""https://pbs.twimg.com/media/Gkr3p_2WwAA9Ocd.jpg"","""",""in"",""Telegram"",""0"",""0"",""1"",""https://x.com/AkuSukaRacun/status/1894598901287866451"",""1344004785934979073"",""AkuSukaRacun""";;;;;;
"1894593357474926657,""Wed Feb 26 03:40:30 +0000 2025"",""0"",""Ridi nokos all apk murce start 3k * gmail / yt / gojek / grab * shopee / tokped / lazada * kopken / fore / tomoro * wa / tele / twitter / line * app lainnyaa Order ke pinned ya #zonauang wts jual no verif fsr telegram x spay gopay discord promo voc nomor otp"",""1894593357474926657"","""","""",""in"","""",""0"",""0"",""0"",""https://x.com/violeenz/status/1894593357474926657"",""1744382894267883520"",""violeenz""";;;;;;
"1894590167941615858,""Wed Feb 26 03:27:51 +0000 2025"",""0"",""emang paling bener ngopi di fore aja (tapi kapan buka di salatiga)"",""1894590172244971808"","""",""fituyyy"",""in"",""Indonesia"",""0"",""1"",""0"",""https://x.com/fituyyy/status/1894590172244971808"",""1815619712031834112"",""fituyyy""";;;;;;
"1894219849834099006,""Wed Feb 26 03:16:13 +0000 2025"",""1"",""@zionistrats @Fore_FrontIndia @iamShaniera @GemsOfCricket Jail mein dande kha raha hai woh"",""1894587243357950161"","""",""zionistrats"",""in"","""",""0"",""0"",""0"",""https://x.com/harman_sid36973/status/1894587243357950161"",""1804149267449417729"",""harman_sid36973""";;;;;;
"1894587045273817184,""Wed Feb 26 03:15:25 +0000 2025"",""0"",""nokos star 3k tersedia untuk wa tele gmail gojek grab maxim shopee ovo lazada dana kakaotalk fore coffee google youtube. garansi dan no garansi bisa ditanyakan lewat wa fsr sat set. #zonauang"",""1894587045273817184"","""","""",""in"",""close dm, wa only"",""0"",""0"",""0"",""https://x.com/_kitheu/status/1894587045273817184"",""2417656292"",""_kitheu""";;;;;;
"1894402059472179576,""Wed Feb 26 02:57:19 +0000 2025"",""0"",""@ARSIPAJA Bensin bwt rakyat pake aja masih di korupsi gausa ketinggian omongnya lah. Malu sama fakta yang ada"",""1894582488288432151"","""",""ARSIPAJA"",""in"",""Indonesia"",""0"",""0"",""0"",""https://x.com/NKRIForeVer/status/1894582488288432151"",""1283541447317188608"",""NKRIForeVer""";;;;;;
"1894386031707000904,""Wed Feb 26 02:56:46 +0000 2025"",""0"",""@handtyy siapa yang ngajak ke fore tapi ga jadi jadi ️"",""1894582349071094175"","""",""handtyy"",""in"","""",""0"",""1"",""0"",""https://x.com/cagubmars/status/1894582349071094175"",""608840865"",""cagubmars""";;;;;;
"1894581469265244621,""Wed Feb 26 02:53:16 +0000 2025"",""816"",""Dr. Chipinski AGAIN! Min Woo is a TGL cheat code. https://t.co/7dYHN0Nxj7"",""1894581469265244621"",""https://pbs.twimg.com/ext_tw_video_thumb/1894581121855176704/pu/img/T2tWl7fLlopV0tAA.jpg"","""",""in"","""",""1"",""3"",""9"",""https://x.com/ForePlayPod/status/1894581469265244621"",""823680542294085636"",""ForePlayPod""";;;;;;
"1894579356284195207,""Wed Feb 26 02:44:52 +0000 2025"",""1"",""Ridi nokos all apk murce start 3k * gmail / yt / gojek / grab * shopee / tokped / lazada * kopken / fore / tomoro * wa / tele / twitter / line * app lainnyaa Order ke pinned ya #zonauang wts jual no verif fsr telegram x spay gopay discord promo voc nomor otp"",""1894579356284195207"","""","""",""in"","""",""0"",""0"",""0"",""https://x.com/violeenz/status/1894579356284195207"",""1744382894267883520"",""violeenz""";;;;;;
"1894342382596100569,""Wed Feb 26 02:42:37 +0000 2025"",""0"",""@Zoe_172 Fore mana nih ? Luas bgt"",""1894578787016380827"","""",""Zoe_172"",""in"","""",""0"",""0"",""0"",""https://x.com/Marsuki_lv/status/1894578787016380827"",""1822209532266704896"",""Marsuki_lv""";;;;;;
"1894578579142578471,""Wed Feb 26 02:41:47 +0000 2025"",""0"",""Hi Sobat Fore.... Sudah coba aplikasi Fore Coffee? Dapatkan diskon 50% untuk pembelian pertamamu! Download sekarang dan masukkan kode referral 6A04DC saat registrasi. https://t.co/jQPJcVrDvf"",""1894578579142578471"","""","""",""in"",""Jakarta Capital Region"",""0"",""0"",""0"",""https://x.com/OirkMan/status/1894578579142578471"",""2958665036"",""OirkMan""";;;;;;
"1894578495050977502,""Wed Feb 26 02:41:27 +0000 2025"",""0"",""Hi Sobat Fore.... Sudah coba aplikasi Fore Coffee? Dapatkan diskon 50% untuk pembelian pertamamu! Download sekarang dan masukkan kode referral 6A04DC saat registrasi. https://t.co/7BcmmM8cW3"",""1894578495050977502"","""","""",""in"",""Jakarta"",""0"",""0"",""0"",""https://x.com/Rio_D2Q/status/1894578495050977502"",""80601455"",""Rio_D2Q""";;;;;;
"1894576826531680523,""Wed Feb 26 02:34:49 +0000 2025"",""0"",""fore fore fore kecintaan aku sayangku."",""1894576826531680523"","""","""",""in"",""MDNI."",""0"",""0"",""0"",""https://x.com/dezify/status/1894576826531680523"",""2758460697"",""dezify""";;;;;;
"1894571892239204748,""Wed Feb 26 02:15:13 +0000 2025"",""0"",""kl mau voc fore dm dy @aeconomiecs"",""1894571892239204748"","""","""",""in"",""semi-rant"",""0"",""1"",""0"",""https://x.com/febenthu/status/1894571892239204748"",""1416980823442477057"",""febenthu""";;;;;;
"1894535497395155087,""Wed Feb 26 02:10:59 +0000 2025"",""0"",""@papikekinian Tergantung... Bisa Chatime Fore Kopi Kenangan BBM = Beli Beli Minuman"",""1894570827183788383"","""",""papikekinian"",""in"",""Central Region, Singapore"",""0"",""1"",""0"",""https://x.com/CancerinaGirl/status/1894570827183788383"",""3243486277"",""CancerinaGirl""";;;;;;
"1894570460341571783,""Wed Feb 26 02:09:31 +0000 2025"",""0"",""hallo! aku sudah open nokos mulai 3k dengan pilihan wa tele gmail gojek grab maxim shopee ovo lazada dana kakaotalk fore coffee google youtube. garansi atau nogar langsung wa di bio. #zonauang"",""1894570460341571783"","""","""",""in"",""close dm, wa only"",""0"",""0"",""0"",""https://x.com/_kitheu/status/1894570460341571783"",""2417656292"",""_kitheu""";;;;;;
"1894569249991266773,""Wed Feb 26 02:04:43 +0000 2025"",""0"",""Pesan Fore Coffee di ShopeeFood ada Voucher Diskon s/d 45RB loh! Cek disini keburu habis! https://t.co/mmwUdWoM9P"",""1894569249991266773"","""","""",""in"",""affiliate"",""0"",""0"",""0"",""https://x.com/rysecre/status/1894569249991266773"",""1460567982044680193"",""rysecre""";;;;;;
"1894568077351948674,""Wed Feb 26 02:00:03 +0000 2025"",""0"",""KENAPA SALTED CARAMEL MOCHA FORE UDAH GAADA??? menu fav ku nooo"",""1894568077351948674"","""","""",""in"",""twenty something"",""0"",""1"",""0"",""https://x.com/sunshinekim22/status/1894568077351948674"",""1510184976448647172"",""sunshinekim22""";;;;;;
"1894555349098926485,""Wed Feb 26 01:55:36 +0000 2025"",""0"",""@antqromantica Ntar kelar urusan gue beneran mampir fore kayaknya "",""1894566957284037010"","""",""antqromantica"",""in"","""",""0"",""0"",""0"",""https://x.com/yjhgumas/status/1894566957284037010"",""1696783178470658049"",""yjhgumas""";;;;;;
"1894555349098926485,""Wed Feb 26 01:44:34 +0000 2025"",""0"",""@yjhgumas Ibuk beli fore dulu sana"",""1894564181611098447"","""",""yjhgumas"",""in"","""",""0"",""1"",""0"",""https://x.com/antqromantica/status/1894564181611098447"",""1261539010595262465"",""antqromantica""";;;;;;
"1894563282457125251,""Wed Feb 26 01:41:00 +0000 2025"",""0"",""KOPI FORE GRATIS B1G1 &amp";" DISKON 50%! Untuk pengguna baru cukup buat akun dengan referral ini : 8FEDF8 FAA744 #ForeCoffee #Gratis https://t.co/jIlbWq5Dbj"",""1894563282457125251"",""https://pbs.twimg.com/media/GkrXQr7WgAACObf.jpg"","""",""in"","""",""0"",""0"",""0"",""https://x.com/tensevery/status/1894563282457125251"",""989465218911621120"",""tensevery""";;;;;
"1894562248682869212,""Wed Feb 26 01:36:54 +0000 2025"",""0"",""knp sih fore ga buka jam 6 pagi gitu"",""1894562248682869212"","""","""",""in"","""",""0"",""0"",""0"",""https://x.com/ycagatha/status/1894562248682869212"",""4592219113"",""ycagatha""";;;;;;
"1894559555360887068,""Wed Feb 26 01:26:11 +0000 2025"",""0"",""sok sok an pesen fore bayar parkir ojol 1000 RUWET. inisial karyawan bank https://t.co/NmRePNyqzN"",""1894559555360887068"",""https://pbs.twimg.com/media/GkrT3I6X0AA1Kde.jpg"","""",""in"",""Kota Surabaya, Jawa Timur"",""0"",""0"",""0"",""https://x.com/zhafranhd/status/1894559555360887068"",""1695570984135430144"",""zhafranhd""";;;;;;
"1894558232385126468,""Wed Feb 26 01:23:12 +0000 2025"",""0"",""@vousmevoyesc fore kemarin lagi ada buy 1 free 1 sama free 1"",""1894558804920209564"","""",""vousmevoyesc"",""in"",""170909 youngk"",""0"",""1"",""0"",""https://x.com/sobangnca/status/1894558804920209564"",""1242885738040983552"",""sobangnca""";;;;;;
"1894558581602881910,""Wed Feb 26 01:22:19 +0000 2025"",""0"",""Pegawai merona &amp";" fore melihatku pagi ini: *ketawa ketchil Semangat kak "",""1894558581602881910"","""","""",""in"","""",""0"",""2"",""0"",""https://x.com/Zikriyya_/status/1894558581602881910"",""528315715"",""Zikriyya_""";;;;;
"1894556426644983926,""Wed Feb 26 01:13:45 +0000 2025"",""0"",""welcome! ridi nokos mulai dari 3k ada wa tele gmail gojek grab maxim shopee ovo lazada dana kakaotalk fore coffee google dan youtube. garansi atau no garansi langsung chat wa di bio. #zonauang"",""1894556426644983926"","""","""",""in"",""close dm, wa only"",""0"",""0"",""0"",""https://x.com/_kitheu/status/1894556426644983926"",""2417656292"",""_kitheu""";;;;;;
"1894553649369813376,""Wed Feb 26 01:02:43 +0000 2025"",""4"",""[IN STOCK] - Voucher KFC - Voucher XXI - Voucher Fore Coffee Buy 1 Get 1 - Janji jiwa all menu KFC nya bisa di comboin sama menu ini ya lumayan dapet 4 porsi #wts #promotwt #zonauang #zonajajanᅠ #KFC #PROMO https://t.co/ojYmkYdJUl"",""1894553649369813376"",""https://pbs.twimg.com/media/GkrOd1WbkAAassg.jpg"","""",""in"",""Tangerang, Banten"",""1"",""1"",""2"",""https://x.com/nopalpakef/status/1894553649369813376"",""1115503825782284294"",""nopalpakef""";;;;;;
"1894552205623275661,""Wed Feb 26 00:59:22 +0000 2025"",""0"",""@hndz111 fore sbx.. kopi kenangan sejauh ini cukup nyaman"",""1894552806935466317"","""",""hndz111"",""in"","""",""0"",""0"",""0"",""https://x.com/ntahlahcapenih/status/1894552806935466317"",""1686067571542695936"",""ntahlahcapenih""";;;;;;
"1894545131706982632,""Wed Feb 26 00:58:51 +0000 2025"",""4"",""@SmgMenfess sorak sorai gajah mungkur depannya halte folkafe alva turun halte s.lima jalan dikit hero coffee pemuda fore tembalang tomoro coffee tembalang naik feeder orsola jalan dikit masuk gang daerah kota lama juga bisa lika liku veteran jalan dikit eastman a. yani. banyakkk"",""1894552674793902578"","""",""SmgMenfess"",""in"","""",""0"",""0"",""0"",""https://x.com/notbackbvrner/status/1894552674793902578"",""2311406577"",""notbackbvrner""";;;;;;
"1894471906252001761,""Wed Feb 26 00:48:03 +0000 2025"",""0"",""@audee84 Kasih dia minuman ice choco almond dr Fore. Abis itu pasti terbit satu cerpen dr kepala dia."",""1894549958864638104"","""",""audee84"",""in"",""Fort Rotterdam"",""0"",""1"",""0"",""https://x.com/brigitta_hadid/status/1894549958864638104"",""1274745313144631297"",""brigitta_hadid""";;;;;;
"1894533084479107513,""Wed Feb 26 00:45:54 +0000 2025"",""0"",""@literaryneko Sirbalnya ga by link"",""1894549417426129303"","""",""literaryneko"",""in"","""",""0"",""0"",""0"",""https://x.com/msteffinova/status/1894549417426129303"",""1683076858013945856"",""msteffinova""";;;;;;
"1894545131706982632,""Wed Feb 26 00:42:54 +0000 2025"",""0"",""@SmgMenfess Fore gayamsari itu deket halte"",""1894548660429754371"","""",""SmgMenfess"",""in"",""Semarang Timur, Indonesia"",""0"",""0"",""0"",""https://x.com/Sogewdd/status/1894548660429754371"",""1134596000549548037"",""Sogewdd""";;;;;;
"1894528382391714007,""Wed Feb 26 00:34:48 +0000 2025"",""0"",""@hinarakey Sirbal ya https://t.co/cPKokI9YuQ"",""1894546623700906125"","""",""hinarakey"",""in"","""",""0"",""0"",""0"",""https://x.com/msteffinova/status/1894546623700906125"",""1683076858013945856"",""msteffinova""";;;;;;
"1894546594525319498,""Wed Feb 26 00:34:41 +0000 2025"",""0"",""KOPI FORE GRATIS B1G1 &amp";" DISKON 50%! Untuk pengguna baru cukup buat akun dengan referral ini : 8FEDF8 FAA744 #ForeCoffee #Gratis https://t.co/ovCyplPDDd"",""1894546594525319498"",""https://pbs.twimg.com/media/GkrIFVPbkAIYl6U.jpg"","""",""in"","""",""0"",""0"",""0"",""https://x.com/tensevery/status/1894546594525319498"",""989465218911621120"",""tensevery""";;;;;
"1894530306281279880,""Wed Feb 26 00:34:05 +0000 2025"",""1"",""@seungphony Sirbal ya https://t.co/cPKokI9YuQ"",""1894546441768767973"","""",""seungphony"",""in"","""",""0"",""0"",""0"",""https://x.com/msteffinova/status/1894546441768767973"",""1683076858013945856"",""msteffinova""";;;;;;
"1894533084479107513,""Wed Feb 26 00:33:24 +0000 2025"",""1"",""@literaryneko Sirbal ya https://t.co/cPKokI9YuQ"",""1894546269147992258"","""",""literaryneko"",""in"","""",""0"",""0"",""0"",""https://x.com/msteffinova/status/1894546269147992258"",""1683076858013945856"",""msteffinova""";;;;;;
"1894543270644256789,""Wed Feb 26 00:21:29 +0000 2025"",""1"",""diskon menu fore coffee 50% caranya: 1. install apps fore coffee 2. daftar dan klik bagian memiliki kode referral lalu masukin kode referral BD09DA tags. promo refferal kopi gratis murah hari ini voucher lazada shopee sale wardah pertalite korupsi work https://t.co/gDSmPE17Tm"",""1894543270644256789"",""https://pbs.twimg.com/media/GkrFDuDWYAAiwov.jpg"","""",""in"","""",""0"",""0"",""0"",""https://x.com/diskonfore/status/1894543270644256789"",""1301411731919441921"",""diskonfore""";;;;;;
"1894543046429257745,""Wed Feb 26 00:20:35 +0000 2025"",""0"",""ada diskon menu fore coffee 50% caranya: 1. install apps fore coffee 2. daftar dan klik bagian memiliki kode referral lalu masukin kode referral C39FF8 tags. promo diskon refferal kopi gratis murah ngopi kuota hari ini shopee tokopedia pertamax pertamina https://t.co/gyM1BD3ERw"",""1894543046429257745"",""https://pbs.twimg.com/media/GkrE2ucXIAAiBwR.jpg"","""",""in"","""",""0"",""0"",""0"",""https://x.com/diskonfore/status/1894543046429257745"",""1301411731919441921"",""diskonfore""";;;;;;
"1894540671597642140,""Wed Feb 26 00:11:09 +0000 2025"",""1"",""hai aku udah open ya! nokos mulai 3k ridi nokwa noktel gmail gojek grab maxim shopee ovo lazada dana kakaotalk fore coffee google dan youtube. garansi dan no garansi langsung wa ya. #zonauang"",""1894540671597642140"","""","""",""in"",""close dm, wa only"",""0"",""0"",""0"",""https://x.com/_kitheu/status/1894540671597642140"",""2417656292"",""_kitheu""";;;;;;
"1894538395919290836,""Wed Feb 26 00:02:07 +0000 2025"",""0"",""diskon fore 50% tanpa minimal pembelian pake kode E70588 #fore #diskon"",""1894538395919290836"","""","""",""in"",""Kadang disini kadang disana"",""0"",""0"",""0"",""https://x.com/pacarnyajehi/status/1894538395919290836"",""372204658"",""pacarnyajehi""";;;;;;
"1894531506061938719,""Tue Feb 25 23:34:44 +0000 2025"",""0"",""Ridi nokos all apk murce start 3k * gmail / yt / gojek / grab * shopee / tokped / lazada * kopken / fore / tomoro * wa / tele / twitter / line * app lainnyaa Order ke pinned ya #zonauang wts jual no verif fsr telegram x spay gopay discord promo voc nomor otp"",""1894531506061938719"","""","""",""in"","""",""0"",""0"",""0"",""https://x.com/violeenz/status/1894531506061938719"",""1744382894267883520"",""violeenz""";;;;;;
"1894290235523305918,""Tue Feb 25 23:31:47 +0000 2025"",""0"",""@AgustiaDinda Semua ini berawal dari fore "",""1894530762550251999"","""",""AgustiaDinda"",""in"","""",""0"",""1"",""0"",""https://x.com/itskindaaya/status/1894530762550251999"",""1263977430781497347"",""itskindaaya""";;;;;;
"1894526007107096823,""Tue Feb 25 23:12:53 +0000 2025"",""0"",""halo! aku open nih nokos mulai dari 3k ready wa tele gmail gojek grab maxim shopee ovo lazada dana kakaotalk fore coffee google youtube. semua akun ready garansi dan no garansi langsung wa. #zonauang"",""1894526007107096823"","""","""",""in"",""close dm, wa only"",""0"",""0"",""0"",""https://x.com/_kitheu/status/1894526007107096823"",""2417656292"",""_kitheu""";;;;;;
"1894295948135923964,""Tue Feb 25 23:09:28 +0000 2025"",""0"",""@CNNIndonesia Ohh dulu joget di dahyat Cuci cuci jemur jemur itu fore shadowing buat MC nya ya? menarique"",""1894525147555795291"","""",""CNNIndonesia"",""in"",""Jakarta"",""0"",""0"",""0"",""https://x.com/cupang_fish/status/1894525147555795291"",""957675083081826305"",""cupang_fish""";;;;;;
"1894522124095697304,""Tue Feb 25 23:06:33 +0000 2025"",""1"",""@LiquidityPair GN Trin"",""1894524413497782505"","""",""LiquidityPair"",""in"","""",""0"",""0"",""0"",""https://x.com/ForeSightKid/status/1894524413497782505"",""1756385817881128960"",""ForeSightKid""";;;;;;
"1894521057014682072,""Tue Feb 25 22:53:13 +0000 2025"",""0"",""Setiap hari udah selalu siap patah hati dan sakit hati dighosting php dah biasa. Jumat malem: mesa Sabtu malem: lavel Minggu sore-malem: fore entah"",""1894521057014682072"","""","""",""in"",""BALI"",""0"",""0"",""0"",""https://x.com/KolorHijauJambu/status/1894521057014682072"",""1875059293881573376"",""KolorHijauJambu""";;;;;;
"1894495674550685812,""Tue Feb 25 21:12:21 +0000 2025"",""0"",""GUYS PAKE KODE REFERAL KU 0F3D81 UNTUK DAPETIN DISKON 50% BUAT PENGGUNA BARU APLIKASI FORE️"",""1894495674550685812"","""","""",""in"","""",""0"",""0"",""0"",""https://x.com/p4boyy/status/1894495674550685812"",""1732067319508283392"",""p4boyy""";;;;;;
"1894488674399625322,""Tue Feb 25 20:53:56 +0000 2025"",""0"",""@arexheepi @iftanix Spe di qe barça i jep fore pak ekipev "",""1894491041815744940"","""",""arexheepi"",""in"",""Nürnberger Land, Bayern"",""0"",""1"",""0"",""https://x.com/panjohur5/status/1894491041815744940"",""1301828566758424576"",""panjohur5""";;;;;;
"1894480721399427111,""Tue Feb 25 20:12:56 +0000 2025"",""0"",""Nieuw wakh sama mame mu defaral m nak thieb. Peut etre sumasi leke une douzaine dina khaw nek touti."",""1894480721399427111"","""","""",""in"","""",""0"",""0"",""0"",""https://x.com/kan_fore/status/1894480721399427111"",""1161808955905060864"",""kan_fore""";;;;;;
"1894471906252001761,""Tue Feb 25 19:37:54 +0000 2025"",""1"","" Kamu tidak sekadar menyuapi rongga-rongga khayali di kepalaku dg fantasi liar. Kamu juga mengenalkan dikotomisasi baik &amp"; jahat polarisasi hitam &amp; putih yang selanjutnya berujung pada emulsifitas dua cairan fantasi yang rigid dan fragmentaris: surga &amp;" neraka. GG Fore Coffee."",""1894471906252001761"","""","""",""in"",""Fort Rotterdam"",""0"",""3"",""0"",""https://x.com/brigitta_hadid/status/1894471906252001761"",""1274745313144631297"",""brigitta_hadid""";;;
"1894455836673806435,""Tue Feb 25 18:34:03 +0000 2025"",""0"",""Toleransi kafein rendah tapi aku dgn kesadaran penuh di kantor: guys ada yg mau join order fore? "",""1894455836673806435"","""","""",""in"","""",""0"",""0"",""0"",""https://x.com/rawrrsaurus/status/1894455836673806435"",""610490519"",""rawrrsaurus""";;;;;;
"1894387155373302018,""Tue Feb 25 18:27:16 +0000 2025"",""5"",""@riseup_pant17 Meh bat se iss bkl ka sir fod deta"",""1894454128622944674"","""",""riseup_pant17"",""in"",""India"",""0"",""0"",""0"",""https://x.com/Fore_FrontIndia/status/1894454128622944674"",""1704862941034717184"",""Fore_FrontIndia""";;;;;;
"1894397279261413760,""Tue Feb 25 18:01:51 +0000 2025"",""0"",""@MadouIsAHater OUI ! Nieuweul darling"",""1894447735505293522"","""",""MadouIsAHater"",""in"","""",""0"",""1"",""0"",""https://x.com/kan_fore/status/1894447735505293522"",""1161808955905060864"",""kan_fore""";;;;;;
"1894235995605758132,""Tue Feb 25 17:52:53 +0000 2025"",""0"",""@YossiBenYakar Rajasthan India https://t.co/I7mXj4j0Ag"",""1894445477703057521"",""https://pbs.twimg.com/tweet_video_thumb/GkpsHaCacAA0Qh6.jpg"",""YossiBenYakar"",""in"",""India"",""0"",""0"",""0"",""https://x.com/Fore_FrontIndia/status/1894445477703057521"",""1704862941034717184"",""Fore_FrontIndia""";;;;;;
"1894151826930348160,""Tue Feb 25 17:40:44 +0000 2025"",""4"",""@sophieraiin Mini militia"",""1894442420105805899"","""",""sophieraiin"",""in"",""India"",""0"",""0"",""0"",""https://x.com/Fore_FrontIndia/status/1894442420105805899"",""1704862941034717184"",""Fore_FrontIndia""";;;;;;
"1894441489272639768,""Tue Feb 25 17:37:02 +0000 2025"",""0"",""Sekarang lagi jatuh cinta sama kopi dari tani by fore"",""1894441489272639768"","""","""",""in"",""she/her"",""0"",""0"",""0"",""https://x.com/Sweetpsychoos/status/1894441489272639768"",""4421826799"",""Sweetpsychoos""";;;;;;
"1894437878681223174,""Tue Feb 25 17:22:41 +0000 2025"",""1"",""warga df mau tanya dong today is my birthday tp ko aku ga dpt voc fore ya pdhl member lama + ada riwayat pembeliannya jg apakah skrg snk berubah atau gmn? https://t.co/AB5dn9CsD6"",""1894437878681223174"",""https://pbs.twimg.com/media/GkplNcFXQAAxviu.jpg"","""",""in"",""Join Channel Tele 👇🏻"",""0"",""8"",""0"",""https://x.com/discountfess/status/1894437878681223174"",""1251407687650177025"",""discountfess""";;;;;;
"1894433459457925201,""Tue Feb 25 17:05:08 +0000 2025"",""1"",""FORE CARI &amp";" CEK KOTA KALIAN https://t.co/WjBnh8ODvG https://t.co/5Bv2LwIXgk"",""1894433459457925201"",""https://pbs.twimg.com/media/GkphL6CX0AAY1ZJ.jpg"","""",""in"",""Telegram"",""0"",""0"",""1"",""https://x.com/AkuSukaRacun/status/1894433459457925201"",""1344004785934979073"",""AkuSukaRacun""";;;;;
"1894432540464926989,""Tue Feb 25 17:01:29 +0000 2025"",""0"",""kalian yg mau pindah dari brand kopi sb*x mending cobain fore deh ‼️ beli nya wajib lewat aplikasi biar lebih murah yuk daftar sekarang pake referal A8609E biar dapet voucher diskon 50% ️ cek qrt untuk rekomendasi menu fore"",""1894432540464926989"","""","""",""in"","""",""0"",""0"",""0"",""https://x.com/skyoriko/status/1894432540464926989"",""1219210500925353985"",""skyoriko""";;;;;;
"1894431226876105170,""Tue Feb 25 16:56:15 +0000 2025"",""0"",""Kap n Kluele$$ Kare$ Kao$ Ka$h Korrupzhun. FORE!!!!"",""1894431226876105170"","""","""",""in"","""",""0"",""0"",""0"",""https://x.com/DennyMcCloskey/status/1894431226876105170"",""465857510"",""DennyMcCloskey""";;;;;;
"1894429926545326481,""Tue Feb 25 16:51:05 +0000 2025"",""0"",""Caramel Praline Macchiato Fore Kopi Susu Tetangga Tuku."",""1894429926545326481"","""","""",""in"",""she/her"",""0"",""0"",""0"",""https://x.com/enchaeinted/status/1894429926545326481"",""1760592959148552192"",""enchaeinted""";;;;;;
"1894417400465940975,""Tue Feb 25 16:02:59 +0000 2025"",""3"",""@purplelilac_00 Voh toh precap mein hii haii."",""1894417821129400443"","""",""purplelilac_00"",""in"",""India "",""0"",""1"",""1"",""https://x.com/AbhiraFore99234/status/1894417821129400443"",""1692811749051813888"",""AbhiraFore99234""";;;;;;
"1894403907222491382,""Tue Feb 25 16:02:13 +0000 2025"",""0"",""@kuelebaraan konteksnya apa?? penasarann ih"",""1894417626987991496"","""",""kuelebaraan"",""in"","""",""0"",""1"",""0"",""https://x.com/kepikhijauu/status/1894417626987991496"",""1213520621742612480"",""kepikhijauu""";;;;;;
"1894288525102825598,""Tue Feb 25 15:59:35 +0000 2025"",""0"",""@HEESEUNGthex enak kah itu? jujur aku kurang cocok fore huhu"",""1894416964669640886"","""",""HEESEUNGthex"",""in"",""uncommitted"",""0"",""0"",""0"",""https://x.com/camilatsarah/status/1894416964669640886"",""934529738"",""camilatsarah""";;;;;;
"1894416487592726733,""Tue Feb 25 15:57:41 +0000 2025"",""0"",""fore dingin bgt ajg gw mau ngerjain tugas gkjdi cuk bntr lgi kena hipotermia ni gw"",""1894416487592726733"","""","""",""in"","""",""0"",""0"",""0"",""https://x.com/cluemortides/status/1894416487592726733"",""1658904341905014784"",""cluemortides""";;;;;;
"1894415774955311380,""Tue Feb 25 15:54:51 +0000 2025"",""0"",""Top 2 nya fore dan tuku "",""1894415774955311380"","""","""",""in"",""21+"",""0"",""0"",""0"",""https://x.com/fluttec/status/1894415774955311380"",""1810702910818525184"",""fluttec""";;;;;;
"1894298833288380905,""Tue Feb 25 15:52:52 +0000 2025"",""0"",""@munvess 1. kopi susu gula aren yang 12k udah seukuran teh jumbo itu 2. kenangan mantan 3. fore butterscotch sea salt 4. belikopi ksga"",""1894415271890489752"","""",""munvess"",""in"","""",""0"",""0"",""0"",""https://x.com/hinrdia/status/1894415271890489752"",""3285707407"",""hinrdia""";;;;;;
"1894415150721225215,""Tue Feb 25 15:52:23 +0000 2025"",""0"",""kdh dan fore"",""1894415150721225215"","""","""",""in"","""",""0"",""0"",""0"",""https://x.com/sseulmiy/status/1894415150721225215"",""1215569161939632128"",""sseulmiy""";;;;;;
"1894412530229154100,""Tue Feb 25 15:41:58 +0000 2025"",""0"",""Dikarenakan efisiensi anggaran saya Muzan Kibutsuji memohon maaf sebesarnya karena harus menutup paksa Karya Rasa. Semoga perjalanan makan siang bersama yang ternyata tidak gratis ini dapat selalu terkenang di jiwa. https://t.co/FeBYfs0Ljn"",""1894412530229154100"",""https://pbs.twimg.com/media/GkpOJ-ubkAUD1Vr.jpg"","""",""in"",""H. ♡"",""1"",""11"",""1"",""https://x.com/TheForeIsket/status/1894412530229154100"",""1577693423552720896"",""TheForeIsket""";;;;;;
"1894411410026958921,""Tue Feb 25 15:37:31 +0000 2025"",""0"",""Waktunya nonton knowing fore"",""1894411410026958921"","""","""",""in"",""Gangnam, South Korea"",""0"",""0"",""0"",""https://x.com/jenojennyjontor/status/1894411410026958921"",""1361618419603316742"",""jenojennyjontor""";;;;;;
"1894411199682679198,""Tue Feb 25 15:36:41 +0000 2025"",""2"",""coffee shop ter dabest emng deket rumah aku doang fore and sbux mah lewat"",""1894411199682679198"","""","""",""in"",""Kota Makassar"",""0"",""0"",""0"",""https://x.com/callmexavier23/status/1894411199682679198"",""1305466510056456193"",""callmexavier23""";;;;;;
"1894411136004755823,""Tue Feb 25 15:36:25 +0000 2025"",""0"",""dari kmrn pgn bgt ke fore margo.... apdah WKWKWK"",""1894411136004755823"","""","""",""in"","""",""0"",""1"",""0"",""https://x.com/aaursversion/status/1894411136004755823"",""1828005006332841984"",""aaursversion""";;;;;;
"1894404275402674247,""Tue Feb 25 15:35:00 +0000 2025"",""1"",""@minoruchise Nyooo chisee sudah dapatkah fore mu "",""1894410777395958227"","""",""minoruchise"",""in"",""ALL INFO ON DISCORD 👉🏻"",""0"",""0"",""0"",""https://x.com/caesacherine/status/1894410777395958227"",""1229625548231434240"",""caesacherine""";;;;;;
"1894408695775465742,""Tue Feb 25 15:26:44 +0000 2025"",""0"",""Mau beli fore tapi jauh banget"",""1894408695775465742"","""","""",""in"",""she/her"",""0"",""1"",""0"",""https://x.com/meoyw/status/1894408695775465742"",""720483919"",""meoyw""";;;;;;
"1894408344645112161,""Tue Feb 25 15:25:20 +0000 2025"",""0"",""Udah sebulan gak main ke bekasi eh deket purgad udah ada fore aja "",""1894408344645112161"","""","""",""in"",""Indonesia"",""0"",""0"",""0"",""https://x.com/DICLVX/status/1894408344645112161"",""77527990"",""DICLVX""";;;;;;
"1894298833288380905,""Tue Feb 25 15:22:39 +0000 2025"",""0"",""@munvess fore tuku"",""1894407668179374184"","""",""munvess"",""in"","""",""0"",""0"",""0"",""https://x.com/nravelsea/status/1894407668179374184"",""1873895371145109504"",""nravelsea""";;;;;;
"1894406594391412852,""Tue Feb 25 15:21:14 +0000 2025"",""0"",""@4reeves2chill tuku jg bikin mules kl fore sukanya bikin mual"",""1894407313643188536"","""",""4reeves2chill"",""in"",""in a garden valley"",""0"",""1"",""0"",""https://x.com/3yuko2cool/status/1894407313643188536"",""3661523535"",""3yuko2cool""";;;;;;
"1894406938219454799,""Tue Feb 25 15:19:45 +0000 2025"",""0"",""udah 2 minggu belum minum fore.. 2 MINGGU 2 MINGGU "",""1894406938219454799"","""","""",""in"","""",""0"",""0"",""0"",""https://x.com/urieinjeolmi/status/1894406938219454799"",""1422146522280448001"",""urieinjeolmi""";;;;;;
"1894404100361785554,""Tue Feb 25 15:17:34 +0000 2025"",""0"",""@vions_galaxy Aku tim Fore Forever sama kamu"",""1894406389046677602"","""",""vions_galaxy"",""in"","""",""0"",""1"",""0"",""https://x.com/Harzilo/status/1894406389046677602"",""1862324619455471618"",""Harzilo""";;;;;;
"1894402060705001509,""Tue Feb 25 15:17:30 +0000 2025"",""0"",""@kan_fore @THIIEERR lossi wakh ??"",""1894406372285919614"","""",""kan_fore"",""in"",""Dakar"",""0"",""1"",""0"",""https://x.com/Narou_gy/status/1894406372285919614"",""755367213054435328"",""Narou_gy""";;;;;;
"1894402060705001509,""Tue Feb 25 15:09:46 +0000 2025"",""1"",""@Narou_gy Wawaw"",""1894404428054016313"","""",""Narou_gy"",""tl"","""",""0"",""1"",""0"",""https://x.com/kan_fore/status/1894404428054016313"",""1161808955905060864"",""kan_fore""";;;;;;
"1894378289143185651,""Tue Feb 25 15:08:24 +0000 2025"",""1"",""@PrimusMeta GM Primus"",""1894404084813242504"","""",""PrimusMeta"",""in"","""",""0"",""0"",""0"",""https://x.com/ForeSightKid/status/1894404084813242504"",""1756385817881128960"",""ForeSightKid""";;;;;;
"1894358761382490264,""Tue Feb 25 13:07:50 +0000 2025"",""0"",""@simp4ra ayok ke fore"",""1894373741918130205"","""",""simp4ra"",""in"","""",""0"",""1"",""0"",""https://x.com/ArgoDI2/status/1894373741918130205"",""1115922997116723200"",""ArgoDI2""";;;;;;
"1894215165761262041,""Tue Feb 25 13:05:06 +0000 2025"",""0"",""@abdelachrian Kalo dimari yang ngetop fore cing"",""1894373054979215623"","""",""abdelachrian"",""in"",""Kota Utara"",""0"",""0"",""0"",""https://x.com/BukanPNTL/status/1894373054979215623"",""1121370378108948482"",""BukanPNTL""";;;;;;
"1894359009106489571,""Tue Feb 25 13:00:48 +0000 2025"",""0"",""@the1ndonlyjn bagus aku sanggop2kan dri pd beliin fore yg mahal itu"",""1894371970038600026"","""",""the1ndonlyjn"",""in"",""rant "",""0"",""0"",""0"",""https://x.com/isecreamz/status/1894371970038600026"",""1615651302868152320"",""isecreamz""";;;;;;
"1894370073625989356,""Tue Feb 25 12:53:15 +0000 2025"",""0"",""Fore dan selalu beli menu yang itu itu lagi."",""1894370073625989356"","""","""",""in"",""Kimi 🐈‍⬛"",""0"",""0"",""0"",""https://x.com/moonlitnes/status/1894370073625989356"",""1708824240383029248"",""moonlitnes""";;;;;;
"1894361912873554196,""Tue Feb 25 12:48:38 +0000 2025"",""0"",""@nct_menfess min lirik aku gratis fore"",""1894368908481892703"","""",""nct_menfess"",""in"",""이제노 🌱✨🐶"",""0"",""0"",""0"",""https://x.com/realforjeno/status/1894368908481892703"",""1632004475857821696"",""realforjeno""";;;;;;
"1894368622841401481,""Tue Feb 25 12:47:30 +0000 2025"",""0"",""orang gila mana minum fore langsung sesek nafas saya️"",""1894368622841401481"","""","""",""in"","""",""0"",""0"",""0"",""https://x.com/goofieruee/status/1894368622841401481"",""1388711041584955394"",""goofieruee""";;;;;;
"1894347654118994027,""Tue Feb 25 12:43:23 +0000 2025"",""0"",""@cilobukancilok siram aja itu ipin nya pake kopi fore"",""1894367588853190939"","""",""cilobukancilok"",""in"",""junkYu "",""0"",""1"",""0"",""https://x.com/iyaininayeon/status/1894367588853190939"",""1402982242184437765"",""iyaininayeon""";;;;;;
"1894364494740218044,""Tue Feb 25 12:31:05 +0000 2025"",""0"",""siapa yang bisa ngeordalin aku di fore"",""1894364494740218044"","""","""",""in"",""she/her"",""0"",""0"",""0"",""https://x.com/terasbun/status/1894364494740218044"",""864947784188739584"",""terasbun""";;;;;;
"1894359009106489571,""Tue Feb 25 12:28:08 +0000 2025"",""0"",""@isecreamz sini boy bayarannya fore"",""1894363752495223043"","""",""isecreamz"",""in"","""",""0"",""1"",""0"",""https://x.com/the1ndonlyjn/status/1894363752495223043"",""1770821588914479104"",""the1ndonlyjn""";;;;;;
"1894339750053777738,""Tue Feb 25 12:16:46 +0000 2025"",""0"",""@crocnos Udah makan apa selain 5% saham Fore Tiny?"",""1894360890570674533"","""",""crocnos"",""in"",""23, MDNI. A's."",""0"",""1"",""0"",""https://x.com/Sainctuairy/status/1894360890570674533"",""1548246425313497090"",""Sainctuairy""";;;;;;
"1894360622948913578,""Tue Feb 25 12:15:42 +0000 2025"",""0"",""Apa hukumnya sehari ke fore dua kali "",""1894360622948913578"","""","""",""in"",""(BUKAN AKUN PARODI)(TERJARING JADI PENULIS AMATIR)(GILA SEDIKIT)(SILA SEMBUNYI)(KUNCUP BUNGA TENGAH BERCERITA)(KELOPAK DAN SERIBU STANZA)."",""0"",""0"",""0"",""https://x.com/LayurMala/status/1894360622948913578"",""1796965254733389824"",""LayurMala""";;;;;;
"1894356036854944177,""Tue Feb 25 12:12:51 +0000 2025"",""1"",""@urcrmlmachiato Fore we wkwk"",""1894359905274081443"","""",""urcrmlmachiato"",""in"",""Yogyakarta, Indonesia"",""0"",""1"",""0"",""https://x.com/incunewton/status/1894359905274081443"",""1487706022697644037"",""incunewton""";;;;;;
"1894359496681820550,""Tue Feb 25 12:11:14 +0000 2025"",""0"",""nokos star 3k tersedia untuk wa tele gmail gojek grab maxim shopee ovo lazada dana kakaotalk fore coffee google youtube. garansi dan no garansi bisa ditanyakan lewat wa fsr sat set. #zonauang"",""1894359496681820550"","""","""",""in"",""close dm, wa only"",""0"",""0"",""0"",""https://x.com/_kitheu/status/1894359496681820550"",""2417656292"",""_kitheu""";;;;;;
"1894341151152558284,""Tue Feb 25 12:04:43 +0000 2025"",""0"",""@Kannekikunn Belom pernah minum fore "",""1894357859850404133"","""",""Kannekikunn"",""in"",""Sleman, Indonesia"",""0"",""0"",""0"",""https://x.com/coffeecreamy_/status/1894357859850404133"",""1029127439497093120"",""coffeecreamy_""";;;;;;
"1894357602626408869,""Tue Feb 25 12:04:24 +0000 2025"",""0"",""ini voucher voucher yg kamu dapet sbg new user klo pake refereal code. dan tiap bulannya banyak dapet voucher promo fore lainnya. https://t.co/iCYO9kBuLn"",""1894357778694902183"",""https://pbs.twimg.com/media/GkocWTiW4AA1jzW.jpg"",""talbrandisini"",""in"","""",""0"",""1"",""0"",""https://x.com/talbrandisini/status/1894357778694902183"",""1596068936524525573"",""talbrandisini""";;;;;;
"1894341151152558284,""Tue Feb 25 12:03:53 +0000 2025"",""0"",""@coffeecreamy_ Enak mana sm fore?"",""1894357648407236916"","""",""coffeecreamy_"",""in"",""Yogyakarta, Indonesia"",""0"",""1"",""0"",""https://x.com/Kannekikunn/status/1894357648407236916"",""1282935569954177025"",""Kannekikunn""";;;;;;
"1894357602626408869,""Tue Feb 25 12:03:42 +0000 2025"",""2"",""sobat ngopi dan jajan. coba sekarang beli fore dari aplikasi deh banyak voucher diskon apalagi buat pengguna baru. jangan lupa pake referral code : 0AAFAD (nol a a f a d) buat dapetin voucher diskon 50% dan voucher voucher lain. ini aku beli 2 kopi cuma 29rb #promo #fore https://t.co/Y0nm1Uojfj"",""1894357602626408869"",""https://pbs.twimg.com/media/GkocLz5WUAEVPX7.jpg"","""",""in"","""",""0"",""1"",""0"",""https://x.com/talbrandisini/status/1894357602626408869"",""1596068936524525573"",""talbrandisini""";;;;;;
"1894341477335273815,""Tue Feb 25 11:51:27 +0000 2025"",""0"",""@Joeaaan99 yah udahlah tetep fore aja kalo gt wkwk"",""1894354520886616454"","""",""Joeaaan99"",""in"",""13!"",""0"",""1"",""0"",""https://x.com/dyaarrhea/status/1894354520886616454"",""1704162073675255808"",""dyaarrhea""";;;;;;
"1894352294394867841,""Tue Feb 25 11:42:37 +0000 2025"",""0"",""Sayang banget sama fore walaupun buatku lumayan strong kopinya"",""1894352294394867841"","""","""",""in"",""Jakarta Timur, DKI Jakarta"",""0"",""0"",""0"",""https://x.com/Lrst_NA/status/1894352294394867841"",""3097383828"",""Lrst_NA""";;;;;;
"1894351474005872993,""Tue Feb 25 11:39:21 +0000 2025"",""0"",""Kode promo refferal fore coffee diskon 50% max 35k 3x transaksi bisa menu minuman &amp";" makanan semua varian menu untuk pengguna baru yaps!!! A0BCAE Fore coffee belasan ribu aja seng Kalo kesusahan masukin referral nya bisa dm aku yaaa manieszzz #zonauang #zonajajan https://t.co/ivmL4qzpoj"",""1894351474005872993"",""https://pbs.twimg.com/media/GkoWn1fWUAAZlOd.jpg"","""",""in"",""Palembang"",""0"",""0"",""0"",""https://x.com/hopeeblueside/status/1894351474005872993"",""1227609279395291137"",""hopeeblueside""";;;;;
"1894351437800640772,""Tue Feb 25 11:39:12 +0000 2025"",""1"",""Kalo dada gua dibelek isinya fore bumi latte."",""1894351437800640772"","""","""",""in"","""",""0"",""0"",""0"",""https://x.com/luwnacy/status/1894351437800640772"",""737623272016117760"",""luwnacy""";;;;;;
"1894350819153383866,""Tue Feb 25 11:36:45 +0000 2025"",""0"",""untuk satu sampe tiga gelas kopi fore? damn "",""1894350819153383866"","""","""",""in"",""⋆𓆩 한밍 ⟡ 밍쫑 ⟡ 민기 𓆪⋆"",""0"",""1"",""0"",""https://x.com/reeminhou/status/1894350819153383866"",""1290487436225605632"",""reeminhou""";;;;;;
"1894321099456041113,""Tue Feb 25 11:34:48 +0000 2025"",""1"",""@m4rkgff cobain bday treats nya hollycow deh puass bgttt ada tawan fore sbuks boost karnivor jugaa enakkk bgtt"",""1894350331439714540"","""",""m4rkgff"",""in"","""",""0"",""0"",""0"",""https://x.com/mintchooc0/status/1894350331439714540"",""1756957274852233216"",""mintchooc0""";;;;;;
"1894347053964329447,""Tue Feb 25 11:21:47 +0000 2025"",""0"",""sumpah aku sampe wes menggigil nk fore iki saking malese moleh"",""1894347053964329447"","""","""",""in"",""suroboyo"",""0"",""0"",""0"",""https://x.com/starkdaughter/status/1894347053964329447"",""1140291024192864256"",""starkdaughter""";;;;;;
"1894070204801425895,""Tue Feb 25 11:20:50 +0000 2025"",""1"",""@SavilaOkta nng sby tuku fore rugi un mending tukuo nng ijen ae"",""1894346814188655069"","""",""SavilaOkta"",""in"",""Batu, Indonesia"",""0"",""1"",""0"",""https://x.com/cicoass/status/1894346814188655069"",""1243105267601911808"",""cicoass""";;;;;;
"1894346332430897257,""Tue Feb 25 11:18:55 +0000 2025"",""0"",""Hi Sudah coba aplikasi Fore Coffee? Dapatkan diskon 50% untuk pembelian pertamamu! Download sekarang dan masukkan kode referral 6A04DC saat registrasi. https://t.co/jQPJcVrDvf"",""1894346332430897257"","""","""",""in"",""Jakarta Capital Region"",""0"",""0"",""0"",""https://x.com/OirkMan/status/1894346332430897257"",""2958665036"",""OirkMan""";;;;;;
"1894346247580098788,""Tue Feb 25 11:18:35 +0000 2025"",""0"",""Hi Sudah coba aplikasi Fore Coffee? Dapatkan diskon 50% untuk pembelian pertamamu! Download sekarang dan masukkan kode referral 6A04DC saat registrasi. https://t.co/7BcmmM8cW3"",""1894346247580098788"","""","""",""in"",""Jakarta"",""0"",""0"",""0"",""https://x.com/Rio_D2Q/status/1894346247580098788"",""80601455"",""Rio_D2Q""";;;;;;
"1894345677796512252,""Tue Feb 25 11:16:19 +0000 2025"",""1"",""ternyata lebih enak fore. https://t.co/RbcArZvKhg"",""1894345677796512252"",""https://pbs.twimg.com/media/GkoRVamWMAEPC6U.jpg"","""",""in"","""",""0"",""1"",""0"",""https://x.com/NOSHYUNA/status/1894345677796512252"",""1573345923345719309"",""NOSHYUNA""";;;;;;
"1894341369692655717,""Tue Feb 25 11:13:23 +0000 2025"",""0"",""@bwrengsek Mau mau lagi jaga anak di rumah sakit. Kopi fore enaak"",""1894344938957209816"","""",""bwrengsek"",""in"",""MINANGKABAU - Indonesia"",""0"",""0"",""0"",""https://x.com/faiziqbaal/status/1894344938957209816"",""127791676"",""faiziqbaal""";;;;;;
"1894344834242286005,""Tue Feb 25 11:12:58 +0000 2025"",""0"",""hallo! aku sudah open nokos mulai 3k dengan pilihan wa tele gmail gojek grab maxim shopee ovo lazada dana kakaotalk fore coffee google youtube. garansi atau nogar langsung wa di bio. #zonauang"",""1894344834242286005"","""","""",""in"",""close dm, wa only"",""0"",""0"",""0"",""https://x.com/_kitheu/status/1894344834242286005"",""2417656292"",""_kitheu""";;;;;;
"1894344342757937620,""Tue Feb 25 11:11:01 +0000 2025"",""0"",""Diskon kopi spesial payday promo payday dapatkan voucher diskon disini Promo Fore coffee https://t.co/NUfrFP8rLZ Kopi kenangan https://t.co/W6vRtG8wXJ Janji jiwa https://t.co/OlyMEWWzsQ Tomoro coffee https://t.co/Ed3QK5giCa Point coffe indomaret https://t.co/LDBmIW9FPV"",""1894344342757937620"","""","""",""in"","""",""0"",""0"",""0"",""https://x.com/ike_tjn/status/1894344342757937620"",""513346093"",""ike_tjn""";;;;;;
"1894298833288380905,""Tue Feb 25 11:03:38 +0000 2025"",""0"",""@munvess point tuku fore"",""1894342487730524629"","""",""munvess"",""in"",""dnf"",""0"",""0"",""0"",""https://x.com/celibuw/status/1894342487730524629"",""1745755075124113408"",""celibuw""";;;;;;
"1894337681297215986,""Tue Feb 25 11:01:34 +0000 2025"",""0"",""@202881O Jalanan ga si depan fore"",""1894341965371904398"","""",""202881O"",""in"","""",""0"",""0"",""0"",""https://x.com/HeeKitaa/status/1894341965371904398"",""1708683824924909568"",""HeeKitaa""";;;;;;
"1894298833288380905,""Tue Feb 25 10:55:39 +0000 2025"",""0"",""@munvess aku lagi suka banget kopinya Tomoro Tuku fore sama point"",""1894340476964409755"","""",""munvess"",""in"",""Hielsa Jenaury (iel/jena)"",""0"",""0"",""0"",""https://x.com/Scrvapbooks/status/1894340476964409755"",""1467055751738769408"",""Scrvapbooks""";;;;;;
"1894340187897102518,""Tue Feb 25 10:54:30 +0000 2025"",""0"",""gasuka kopi tapi kalau fore boleh endorse aku klo bisa 10liter https://t.co/xPu1R8x83v"",""1894340187897102518"",""https://pbs.twimg.com/media/GkoMWtLa0AALAMM.jpg"","""",""in"","""",""0"",""0"",""0"",""https://x.com/lelelostU/status/1894340187897102518"",""1781563381553803264"",""lelelostU""";;;;;;
"1894339762594746670,""Tue Feb 25 10:52:49 +0000 2025"",""0"",""pengen butterscotch fore bgtt"",""1894339762594746670"","""","""",""in"","""",""0"",""0"",""0"",""https://x.com/tenderloinbeeff/status/1894339762594746670"",""1639608427134717953"",""tenderloinbeeff""";;;;;;
"1894339695439745505,""Tue Feb 25 10:52:33 +0000 2025"",""0"",""mau fore"",""1894339695439745505"","""","""",""fr"","""",""0"",""0"",""0"",""https://x.com/tenderloinbeeff/status/1894339695439745505"",""1639608427134717953"",""tenderloinbeeff""";;;;;;
"1894338430923858237,""Tue Feb 25 10:50:04 +0000 2025"",""0"",""@RadioGenoa Hindu unity."",""1894339069863178278"","""",""RadioGenoa"",""in"",""India"",""0"",""0"",""0"",""https://x.com/Fore_FrontIndia/status/1894339069863178278"",""1704862941034717184"",""Fore_FrontIndia""";;;;;;
"1894338920932151436,""Tue Feb 25 10:49:28 +0000 2025"",""1"",""selain nabung di fore sepertinya gue mulai menabung juga di aa aa cimol"",""1894338920932151436"","""","""",""in"","""",""0"",""0"",""0"",""https://x.com/etofvv/status/1894338920932151436"",""416109768"",""etofvv""";;;;;;
"1894337681297215986,""Tue Feb 25 10:46:34 +0000 2025"",""0"",""@HeeKitaa bangun fore depan kamar"",""1894338189642563952"","""",""HeeKitaa"",""in"","""",""0"",""1"",""0"",""https://x.com/202881O/status/1894338189642563952"",""1308017433664344066"",""202881O""";;;;;;
"1894337938584109497,""Tue Feb 25 10:45:34 +0000 2025"",""0"",""stop reply reply storynya trs anjrit"",""1894337938584109497"","""","""",""in"","""",""0"",""0"",""0"",""https://x.com/fore_faur/status/1894337938584109497"",""1576222186263937024"",""fore_faur""";;;;;;
"1894219849834099006,""Tue Feb 25 09:59:21 +0000 2025"",""0"",""@Fore_FrontIndia @iamShaniera @GemsOfCricket Bhai wo imran khan hai koi third Class Indian nhi "",""1894326307887968315"","""",""Fore_FrontIndia"",""in"",""Croydon, London"",""0"",""3"",""0"",""https://x.com/zionistrats/status/1894326307887968315"",""1332144891623837696"",""zionistrats""";;;;;;
"1894324870743490978,""Tue Feb 25 09:53:38 +0000 2025"",""0"",""napa gd yg blg klo bumi latte ny fore enak bgt syg ae d kota w kg ad fore"",""1894324870743490978"","""","""",""in"","""",""0"",""1"",""0"",""https://x.com/Iunedreams/status/1894324870743490978"",""1496902023215652927"",""Iunedreams""";;;;;;
"1894324348573684055,""Tue Feb 25 09:51:34 +0000 2025"",""0"",""%arabica spanish latte fore kopi dari Tani tuku kopi susu tetangga tomoro breve latte yang hot"",""1894324348573684055"","""","""",""in"",""mars"",""0"",""0"",""0"",""https://x.com/saturnwhispers_/status/1894324348573684055"",""1638020461681598466"",""saturnwhispers_""";;;;;;
"1894318271400481240,""Tue Feb 25 09:48:24 +0000 2025"",""0"",""Pesan Fore Coffee di ShopeeFood ada Voucher Diskon s/d 45RB loh! Cek disini keburu habis! https://t.co/CItMcHA27r"",""1894323553841156293"","""",""asrsadcsagt"",""in"","""",""0"",""1"",""0"",""https://x.com/asrsadcsagt/status/1894323553841156293"",""1679879896414420993"",""asrsadcsagt""";;;;;;
"1894318625248743495,""Tue Feb 25 09:48:17 +0000 2025"",""0"",""Pesan Fore Coffee di ShopeeFood ada Voucher Diskon s/d 45RB loh! Cek disini keburu habis! https://t.co/VAnGggzbor"",""1894323525181477233"","""",""shkncrmyltt"",""in"","""",""0"",""1"",""0"",""https://x.com/shkncrmyltt/status/1894323525181477233"",""1798648170660143104"",""shkncrmyltt""";;;;;;
"1894298833288380905,""Tue Feb 25 09:41:43 +0000 2025"",""0"",""@munvess masih ttp fore"",""1894321872743141436"","""",""munvess"",""in"",""sby"",""0"",""0"",""0"",""https://x.com/terkoneksif/status/1894321872743141436"",""1703794686379565056"",""terkoneksif""";;;;;;
"1894316484316598759,""Tue Feb 25 09:35:54 +0000 2025"",""3"",""@ANI Praying for Sajjan Kumar?"",""1894320407164993937"","""",""ANI"",""in"",""India"",""0"",""0"",""0"",""https://x.com/Fore_FrontIndia/status/1894320407164993937"",""1704862941034717184"",""Fore_FrontIndia""";;;;;;
"1894319470178705614,""Tue Feb 25 09:32:11 +0000 2025"",""0"",""KOPI FORE GRATIS B1G1 &amp";" DISKON 50%! Untuk pengguna baru cukup buat akun dengan referral ini : 8FEDF8 FAA744 #ForeCoffee #Gratis https://t.co/v4slezwSfe"",""1894319470178705614"",""https://pbs.twimg.com/media/Gkn5hIsa0AAyu5E.jpg"","""",""in"","""",""0"",""0"",""0"",""https://x.com/tensevery/status/1894319470178705614"",""989465218911621120"",""tensevery""";;;;;
"1894298833288380905,""Tue Feb 25 09:32:06 +0000 2025"",""0"",""@munvess Semua menu Fore :3"",""1894319452235366577"","""",""munvess"",""in"",""Raia"",""0"",""0"",""0"",""https://x.com/bersoeraia/status/1894319452235366577"",""1382956454840209419"",""bersoeraia""";;;;;;
"1894298833288380905,""Tue Feb 25 09:25:35 +0000 2025"",""0"",""@munvess Semua punyanya Kopi jago rindumu fore ksk famima tuku point pokoknya sama ada kopisop tempat biasa ngumpul kebo brg temen"",""1894317812854002006"","""",""munvess"",""in"","""",""0"",""0"",""0"",""https://x.com/Nortshilles/status/1894317812854002006"",""1624410666"",""Nortshilles""";;;;;;
"1894306477055381888,""Tue Feb 25 09:22:51 +0000 2025"",""0"",""@yaelahyoo__ fore jakarta"",""1894317121041305700"","""",""yaelahyoo__"",""in"",""Jakarta Pusat, DKI Jakarta"",""0"",""2"",""0"",""https://x.com/dukeofsemarang/status/1894317121041305700"",""1647891966913544198"",""dukeofsemarang""";;;;;;
"1894316798830678251,""Tue Feb 25 09:21:34 +0000 2025"",""1"",""Aku kepada Bumi Latte Fore kopi:"",""1894316798830678251"","""","""",""in"","""",""0"",""1"",""0"",""https://x.com/FadilahRika2/status/1894316798830678251"",""1220916083588091904"",""FadilahRika2""";;;;;;
"1894298833288380905,""Tue Feb 25 09:20:33 +0000 2025"",""0"",""@munvess kst tuku es kopi rum kopi soe butterscotch sea salt fore &amp";" ice black nescafe."",""1894316545016565899"","""",""munvess"",""in"","""",""0"",""0"",""0"",""https://x.com/prettiexs/status/1894316545016565899"",""1768884617447358464"",""prettiexs""";;;;;
"1894315506813026583,""Tue Feb 25 09:16:26 +0000 2025"",""0"",""sungkem gw sm org2 yg sanggup minum kopi fore yg large tanpa tremor"",""1894315506813026583"","""","""",""in"",""pangkuan jeonghan"",""0"",""1"",""0"",""https://x.com/kayyzure/status/1894315506813026583"",""1374004199445262339"",""kayyzure""";;;;;;
"1894315176146735280,""Tue Feb 25 09:15:07 +0000 2025"",""0"",""hai aku udah open ya! nokos mulai 3k ridi nokwa noktel gmail gojek grab maxim shopee ovo lazada dana kakaotalk fore coffee google dan youtube. garansi dan no garansi langsung wa ya. #zonauang"",""1894315176146735280"","""","""",""in"",""close dm, wa only"",""0"",""0"",""0"",""https://x.com/_kitheu/status/1894315176146735280"",""2417656292"",""_kitheu""";;;;;;
"1894313823534026876,""Tue Feb 25 09:14:55 +0000 2025"",""0"",""@sssetiaaa Semua ke fore"",""1894315126389706826"","""",""sssetiaaa"",""in"",""Bekasi"",""0"",""0"",""0"",""https://x.com/rezaimamri/status/1894315126389706826"",""2829874339"",""rezaimamri""";;;;;;
"1894298833288380905,""Tue Feb 25 09:11:57 +0000 2025"",""0"",""@munvess fore sama tuku"",""1894314378587197623"","""",""munvess"",""in"",""Jira"",""0"",""0"",""0"",""https://x.com/frawcture/status/1894314378587197623"",""1809449811114094593"",""frawcture""";;;;;;
"1894298833288380905,""Tue Feb 25 09:07:09 +0000 2025"",""0"",""@munvess Semua menunya Fore"",""1894313171688854033"","""",""munvess"",""in"",""I, Nerina Noué"",""0"",""0"",""0"",""https://x.com/ceruleancurrent/status/1894313171688854033"",""1863134299144462336"",""ceruleancurrent""";;;;;;
"1888439170676535802,""Tue Feb 25 09:05:00 +0000 2025"",""0"",""@tinystaar fore masih ada gk kak?"",""1894312630099349857"","""",""tinystaar"",""in"","""",""0"",""0"",""0"",""https://x.com/Comutersociety/status/1894312630099349857"",""1426910862720200707"",""Comutersociety""";;;;;;
"1894309880707911724,""Tue Feb 25 08:54:04 +0000 2025"",""0"",""Mendingan beli pangsit basah apa point coffee?? Temen gua : mba itu ga apple to apple . Pangsit ama batagor point coffee ama fore . Bajet ku cuma mampu salah satu "",""1894309880707911724"","""","""",""in"","""",""0"",""1"",""0"",""https://x.com/TiarraAF/status/1894309880707911724"",""293297103"",""TiarraAF""";;;;;;
"1894307585815449954,""Tue Feb 25 08:44:57 +0000 2025"",""0"",""Udah lama gk minum kopi karna bapil akhirnya beli karna fore b1g1 wkwkwk Padahal masih batuk dikit2 tp udah gk flu"",""1894307585815449954"","""","""",""in"",""Asgardian of The Galaxy"",""0"",""0"",""0"",""https://x.com/ahorayoumeves/status/1894307585815449954"",""909958128"",""ahorayoumeves""";;;;;;
"1894298833288380905,""Tue Feb 25 08:41:49 +0000 2025"",""0"",""@munvess fore butterscotch latte kopken kopi kenangan mantan kopken americano less sugar dan segala kopi kopi lainnya"",""1894306796757762110"","""",""munvess"",""in"","""",""0"",""0"",""0"",""https://x.com/jakeilkom/status/1894306796757762110"",""1268170895853412353"",""jakeilkom""";;;;;;
"1888797590671544823,""Tue Feb 25 08:40:44 +0000 2025"",""0"",""@tanyarlfes Yg fore br muncul pas hr h ultah kah?"",""1894306522492277215"","""",""tanyarlfes"",""in"","""",""0"",""0"",""0"",""https://x.com/gagajalapenomie/status/1894306522492277215"",""1044179925433896960"",""gagajalapenomie""";;;;;;
"1894306477055381888,""Tue Feb 25 08:40:33 +0000 2025"",""9"",""Tebak fore yang bener ayo kita ngopi bareng https://t.co/jjzE3YIWJE"",""1894306477055381888"",""https://pbs.twimg.com/media/Gkntsj7bwAAg5lk.jpg"","""",""in"",""World"",""0"",""3"",""0"",""https://x.com/yaelahyoo__/status/1894306477055381888"",""1131737472717729792"",""yaelahyoo__""";;;;;;
"1894306201397334030,""Tue Feb 25 08:39:27 +0000 2025"",""0"",""Sandi fore kopi apa ya wkwkwk"",""1894306201397334030"","""","""",""in"","""",""0"",""0"",""0"",""https://x.com/PratiwiDjohar/status/1894306201397334030"",""1409997797680578561"",""PratiwiDjohar""";;;;;;
"1894304323167031301,""Tue Feb 25 08:31:59 +0000 2025"",""0"",""Akhir-akhir ini lagi suka banget buttercream latte punya fore sama coconut aren latte punya tomoro!"",""1894304323167031301"","""","""",""in"",""calla | 18"",""0"",""0"",""0"",""https://x.com/callaustra/status/1894304323167031301"",""1890657118442909699"",""callaustra""";;;;;;
"1894304123211976716,""Tue Feb 25 08:31:12 +0000 2025"",""1"",""setelah satu jam duduk di fore gw selesai membuat cover"",""1894304123211976716"","""","""",""in"",""나나투어🍝🍷"",""1"",""0"",""0"",""https://x.com/17guozeu/status/1894304123211976716"",""1767221875334131712"",""17guozeu""";;;;;;
"1894298833288380905,""Tue Feb 25 08:28:45 +0000 2025"",""0"",""@munvess Fore apa aja. Beliin ya by"",""1894303510076035394"","""",""munvess"",""in"",""A. Leonethan"",""0"",""0"",""0"",""https://x.com/Ieonethan/status/1894303510076035394"",""1298585311660765186"",""Ieonethan""";;;;;;
"1894303301677846852,""Tue Feb 25 08:27:56 +0000 2025"",""0"",""anjeng topi memorable gua dibetak di fore babiiiiii"",""1894303301677846852"","""","""",""in"","""",""0"",""0"",""0"",""https://x.com/excexecx/status/1894303301677846852"",""3240909931"",""excexecx""";;;;;;
"1894302156964139481,""Tue Feb 25 08:23:23 +0000 2025"",""0"",""Lama bgt dah mau redeem voucher fore udah mau setengah jam"",""1894302156964139481"","""","""",""in"","""",""0"",""0"",""0"",""https://x.com/milleroucha/status/1894302156964139481"",""1845139594725163011"",""milleroucha""";;;;;;
"1894271464909709446,""Tue Feb 25 08:19:15 +0000 2025"",""1"",""Gamau nyalahin tempat kopinya janjiw flash kopken fm fore deket sebenernya... poli w aja yg jauh"",""1894301118018326640"","""",""kembaranpapa"",""in"",""MDNI🙏🏻 (Harsh words)"",""0"",""1"",""0"",""https://x.com/kembaranpapa/status/1894301118018326640"",""715622400"",""kembaranpapa""";;;;;;
"1894298833288380905,""Tue Feb 25 08:17:42 +0000 2025"",""0"",""@munvess Sejauh ini Fore by."",""1894300725586346167"","""",""munvess"",""in"",""Strictly MDNI."",""0"",""0"",""0"",""https://x.com/tseirs/status/1894300725586346167"",""899818807518044161"",""tseirs""";;;;;;
"1894298833288380905,""Tue Feb 25 08:12:49 +0000 2025"",""0"",""@munvess apa aja tapi fore favorit"",""1894299496818917801"","""",""munvess"",""in"",""Kadean Morgan"",""0"",""0"",""0"",""https://x.com/Rhaptody/status/1894299496818917801"",""4747625988"",""Rhaptody""";;;;;;
"1894238854535942587,""Tue Feb 25 04:15:23 +0000 2025"",""0"",""@RacunBelanja detik 3 goib wkwk"",""1894239745158627361"","""",""RacunBelanja"",""in"","""",""0"",""0"",""0"",""https://x.com/insecureies/status/1894239745158627361"",""1262848229139378177"",""insecureies""";;;;;;
"1894237652179640650,""Tue Feb 25 04:07:04 +0000 2025"",""0"",""KOPI FORE SELITER JADI GOCAP JUGA NIH GASSSIN CPTTT YG UDH KLEMM POCERNYA cari fore kalian sini https://t.co/lvv8BSUuL6 https://t.co/F1FaBgBqRA"",""1894237652179640650"",""https://pbs.twimg.com/media/GkmvGgfbkAAOd9C.jpg"","""",""in"",""business? dm."",""0"",""0"",""1"",""https://x.com/DISKON_FESS/status/1894237652179640650"",""1322186870260822017"",""DISKON_FESS""";;;;;;
"1894236912811946016,""Tue Feb 25 04:04:07 +0000 2025"",""0"",""fore coffee 1 liter jadi 59 ribuann pakein voucher diskon 50% https://t.co/JzFUBzxXfE https://t.co/zAIwstvSuB"",""1894236912811946016"",""https://pbs.twimg.com/media/GkmubTcWoAAtHpD.jpg"","""",""in"",""Telegram"",""0"",""0"",""1"",""https://x.com/AkuSukaRacun/status/1894236912811946016"",""1344004785934979073"",""AkuSukaRacun""";;;;;;
"1894236662684889420,""Tue Feb 25 04:03:08 +0000 2025"",""0"",""gajadi mau ke fore aja ntar abis mandi"",""1894236662684889420"","""","""",""in"",""cemetery"",""0"",""0"",""0"",""https://x.com/mochaaafrappe/status/1894236662684889420"",""1119141123253870593"",""mochaaafrappe""";;;;;;
"1894235343697645867,""Tue Feb 25 03:57:53 +0000 2025"",""0"",""lagian ges masa ada yang ke fore belinya fore junior gessss"",""1894235343697645867"","""","""",""in"",""guardian of arvana🕊️"",""1"",""0"",""0"",""https://x.com/twiykles/status/1894235343697645867"",""2591149428"",""twiykles""";;;;;;
"1894232689013920209,""Tue Feb 25 03:47:20 +0000 2025"",""2"",""ke fore apa kopken ya...."",""1894232689013920209"","""","""",""in"",""KB - D | 19(?)"",""0"",""2"",""0"",""https://x.com/neamtanf/status/1894232689013920209"",""1554019865454735360"",""neamtanf""";;;;;;
"1894232354698260582,""Tue Feb 25 03:46:01 +0000 2025"",""0"",""Pesan Fore Coffee di ShopeeFood ada Voucher Diskon s/d 45RB loh! Cek disini keburu habis! https://t.co/mmwUdWoekh"",""1894232354698260582"","""","""",""in"",""affiliate"",""0"",""0"",""0"",""https://x.com/rysecre/status/1894232354698260582"",""1460567982044680193"",""rysecre""";;;;;;
"1894232329431712192,""Tue Feb 25 03:45:55 +0000 2025"",""0"",""Yg mau minum kopi / matcha fore coffee yuk download appnya &amp";" daftar pake kode 52BAB5 biar dpt voucher 50% maks 35rb!! Kpn lg butterscotch sea salt latte / matcha green tea jd 15rb? Menu yg lain jg bs"",""1894232329431712192"","""","""",""in"",""full thread:"",""0"",""0"",""0"",""https://x.com/cupidhoneymoon/status/1894232329431712192"",""1649420658785353736"",""cupidhoneymoon""";;;;;
"1894227319763706124,""Tue Feb 25 03:41:28 +0000 2025"",""0"",""@insrecty Lagi pengen americano. Mampir Fore mau nggak? Nanti aku turun aja deh nggak ada drive thru kan."",""1894231211004105035"","""",""insrecty"",""in"",""SERIE. EN/ID. 1997."",""0"",""1"",""0"",""https://x.com/HAMARTIAL/status/1894231211004105035"",""1646879820"",""HAMARTIAL""";;;;;;
"1894227472821989839,""Tue Feb 25 03:26:37 +0000 2025"",""0"",""Serem banget ternyata fore pakai penglaris."",""1894227472821989839"","""","""",""in"",""24 | Annika Larasati."",""0"",""0"",""0"",""https://x.com/Oblivscend/status/1894227472821989839"",""3160802846"",""Oblivscend""";;;;;;
"1894218663047168359,""Tue Feb 25 03:23:15 +0000 2025"",""0"",""@decheteau Penghuni fore yh?"",""1894226626621181974"","""",""decheteau"",""in"",""24 | Annika Larasati."",""1"",""0"",""0"",""https://x.com/Oblivscend/status/1894226626621181974"",""3160802846"",""Oblivscend""";;;;;;
"1894225904987246945,""Tue Feb 25 03:20:23 +0000 2025"",""0"",""Americanonya fore tuu enak ngga sii?"",""1894225904987246945"","""","""",""in"","""",""0"",""1"",""0"",""https://x.com/_put18/status/1894225904987246945"",""1764622715590467584"",""_put18""";;;;;;
"1894218663047168359,""Tue Feb 25 03:20:05 +0000 2025"",""0"",""@decheteau KOK KAMU DAPAT VOUCHER FORE TERUS???"",""1894225831695978539"","""",""decheteau"",""in"",""24 | Annika Larasati."",""0"",""1"",""0"",""https://x.com/Oblivscend/status/1894225831695978539"",""3160802846"",""Oblivscend""";;;;;;
"1894224794595594333,""Tue Feb 25 03:15:58 +0000 2025"",""0"",""nanti kalo pulang kerja gaujan beneran mau ke fore beli my lovely berry manuka americano walaupun kudu ke Malang dulu ️"",""1894224794595594333"","""","""",""in"",""Osaka City Asahi Ward, Osaka"",""0"",""2"",""0"",""https://x.com/peacyashy/status/1894224794595594333"",""847942644260945920"",""peacyashy""";;;;;;
"1894223160788357426,""Tue Feb 25 03:09:29 +0000 2025"",""0"",""gue ga pernah sekonyol ini jujur kayak asistensi kelar jam 8 ternyata next class jam 1? TRUS GUE DI FORE KEK ORG TOLOL???"",""1894223160788357426"","""","""",""in"","""",""0"",""0"",""0"",""https://x.com/kireirakki/status/1894223160788357426"",""1553674424125075456"",""kireirakki""";;;;;;
"1894223032828453208,""Tue Feb 25 03:08:58 +0000 2025"",""0"",""mau juga dikasih fore"",""1894223032828453208"","""","""",""in"","""",""0"",""0"",""0"",""https://x.com/ihvjnlwn/status/1894223032828453208"",""397223378"",""ihvjnlwn""";;;;;;
"1894082218865107169,""Mon Feb 24 17:54:24 +0000 2025"",""0"",""@_Sakko Shida yako unafikiriaga na fore skin. Kata hio kitu umee akili. They won't teach you that in school"",""1894083471846363140"","""",""_Sakko"",""in"",""Kenya"",""0"",""0"",""0"",""https://x.com/DOGO_FLUFFY_254/status/1894083471846363140"",""1439158452530688004"",""DOGO_FLUFFY_254""";;;;;;
"1894079545776468066,""Mon Feb 24 17:38:48 +0000 2025"",""0"",""Ridi nokos all apk murce start 3k * gmail / yt / gojek / grab * shopee / tokped / lazada * kopken / fore / tomoro * wa / tele / twitter / line * dan app lainnyaa Order ke pinned ya #zonauang wts jual no verif fsr telegram x spay gopay discord promo voc nomor otp"",""1894079545776468066"","""","""",""in"","""",""0"",""0"",""0"",""https://x.com/violeenz/status/1894079545776468066"",""1744382894267883520"",""violeenz""";;;;;;
"1894073697645801482,""Mon Feb 24 17:15:34 +0000 2025"",""0"",""FORE CARI &amp";" CEK KOTA KALIAN https://t.co/tAmEFX3h8S https://t.co/UUZTq506zM"",""1894073697645801482"",""https://pbs.twimg.com/media/GkkZ_JJXkAAbHrk.jpg"","""",""in"","""",""0"",""0"",""0"",""https://x.com/racunyh/status/1894073697645801482"",""1491639635235147778"",""racunyh""";;;;;
"1894073650954797256,""Mon Feb 24 17:15:23 +0000 2025"",""0"",""FORE CARI &amp";" CEK KOTA KALIAN https://t.co/tAmEFX3h8S https://t.co/zCvZfIF91T"",""1894073650954797256"",""https://pbs.twimg.com/media/GkkZ8hybkAAf782.jpg"","""",""in"","""",""0"",""0"",""0"",""https://x.com/racunyh/status/1894073650954797256"",""1491639635235147778"",""racunyh""";;;;;
"1894073589181067425,""Mon Feb 24 17:15:08 +0000 2025"",""0"",""FORE CARI &amp";" CEK KOTA KALIAN https://t.co/fLl64d3Xpq https://t.co/y5nc4sD4eP"",""1894073589181067425"",""https://pbs.twimg.com/media/GkkZ41oXAAA9j8c.jpg"","""",""in"",""foodcourt."",""0"",""0"",""0"",""https://x.com/mmmakanan/status/1894073589181067425"",""1426563424968867843"",""mmmakanan""";;;;;
"1894069997208576242,""Mon Feb 24 17:00:52 +0000 2025"",""0"",""gua gangerti anjir emak gua marah2 grgr gua jajan kopi mulu yg kyk kopken famima fore terus gua ambekin kan gua diemin"",""1894069997208576242"","""","""",""in"","""",""0"",""1"",""0"",""https://x.com/_haechanaceh/status/1894069997208576242"",""1494849024125714434"",""_haechanaceh""";;;;;;
"1894066670802505955,""Mon Feb 24 16:47:39 +0000 2025"",""0"",""Mau nikah sama fore or tuku boleh g si"",""1894066670802505955"","""","""",""in"",""Bintaro"",""0"",""0"",""0"",""https://x.com/sayhiyoo/status/1894066670802505955"",""2214113742"",""sayhiyoo""";;;;;;
"1894059827304759743,""Mon Feb 24 16:47:34 +0000 2025"",""1"",""@fore_gem BALIMMMM️"",""1894066653635211686"","""",""fore_gem"",""tr"",""221B Baker Street"",""0"",""0"",""0"",""https://x.com/bbus4nsea/status/1894066653635211686"",""1151207672009678850"",""bbus4nsea""";;;;;;
"1894060365316510148,""Mon Feb 24 16:22:35 +0000 2025"",""0"",""Ridi nokos all apk murce start 3k * gmail / yt / gojek / grab * shopee / tokped / lazada * kopken / fore / tomoro * wa / tele / twitter / line * dan app lainnyaa Order ke pinned ya #zonauang wts jual no verif fsr telegram x spay gopay discord promo voc nomor otp"",""1894060365316510148"","""","""",""in"","""",""0"",""0"",""0"",""https://x.com/violeenz/status/1894060365316510148"",""1744382894267883520"",""violeenz""";;;;;;
"1894060163889291514,""Mon Feb 24 16:21:47 +0000 2025"",""0"",""mas fore tsm cakep + senyumnya sangat manis sampe matanya ikut senyum argh"",""1894060163889291514"","""","""",""in"","""",""0"",""0"",""0"",""https://x.com/nattyjourn/status/1894060163889291514"",""1290546789876035585"",""nattyjourn""";;;;;;
"1893957426765803930,""Mon Feb 24 15:53:00 +0000 2025"",""0"",""@disastertasted alhamdulillah fore"",""1894052919428678117"","""",""disastertasted"",""in"",""aurel 17 she"",""0"",""0"",""0"",""https://x.com/beomgyuskena/status/1894052919428678117"",""1584549214256009216"",""beomgyuskena""";;;;;;
"1894047693179093079,""Mon Feb 24 15:43:42 +0000 2025"",""0"",""@soweetie lupa bub coba tuku atau fore"",""1894050581238493431"","""",""soweetie"",""in"",""DM/WA FAST RESPONSE"",""0"",""1"",""0"",""https://x.com/bigbossmantep/status/1894050581238493431"",""1399249889435873280"",""bigbossmantep""";;;;;;
"1894032611988635773,""Mon Feb 24 14:32:18 +0000 2025"",""2"",""Lemah banget disogok pake fore aja luluh https://t.co/N2SCVqUkkz"",""1894032611988635773"",""https://pbs.twimg.com/media/Gkj0nhKbIAADmSP.jpg"","""",""in"","""",""0"",""1"",""0"",""https://x.com/yaelahapasi/status/1894032611988635773"",""630051796"",""yaelahapasi""";;;;;;
"1893988530642129290,""Mon Feb 24 14:32:11 +0000 2025"",""0"",""@aditnote10 Ga 24 jam klo fore :)"",""1894032580116152462"","""",""aditnote10"",""in"",""Kota Surabaya, Jawa Timur"",""0"",""1"",""0"",""https://x.com/matchalattefood/status/1894032580116152462"",""1818136217290264576"",""matchalattefood""";;;;;;
"1894031259296293222,""Mon Feb 24 14:31:17 +0000 2025"",""0"",""@yaudahlahbar aku kasih kamu fore kamu kasih aku tas deal? "",""1894032354856821192"","""",""yaudahlahbar"",""in"",""˖˙  ᰋ  legal "",""0"",""1"",""0"",""https://x.com/coquettesz/status/1894032354856821192"",""785175779005108224"",""coquettesz""";;;;;;
"1894016720521560280,""Mon Feb 24 14:30:23 +0000 2025"",""0"",""@helmpinkskuy_ depan fore yg gerobak biru"",""1894032129333350694"","""",""helmpinkskuy_"",""in"","""",""0"",""0"",""0"",""https://x.com/spamofluci/status/1894032129333350694"",""1046175702616137733"",""spamofluci""";;;;;;
"1894021379021816124,""Mon Feb 24 14:30:01 +0000 2025"",""0"",""@lemonextdoor Abis ke fore klaim voc 50% kuu‍️"",""1894032034625929642"","""",""lemonextdoor"",""in"",""bonek(do) mania "",""0"",""1"",""0"",""https://x.com/fseoyaa/status/1894032034625929642"",""1292975349878292482"",""fseoyaa""";;;;;;
"1894029471616761996,""Mon Feb 24 14:19:50 +0000 2025"",""1"",""#wts Voucher MCD 100k jual 70k ajaa Fore / Janjiw juga masih ready kakk #zonauang️ #zonajajan #Vina2025 https://t.co/P6fHVlNwgi"",""1894029471616761996"",""https://pbs.twimg.com/media/GkjxwgAXIAEmO1-.jpg"","""",""in"",""Tangerang, Banten"",""0"",""1"",""0"",""https://x.com/nopalpakef/status/1894029471616761996"",""1115503825782284294"",""nopalpakef""";;;;;;
"1893988530642129290,""Mon Feb 24 14:11:08 +0000 2025"",""0"",""@matchalattefood Fore nya aja lah yuj"",""1894027285025423703"","""",""matchalattefood"",""in"",""Kota Surabaya, Jawa Timur"",""0"",""1"",""0"",""https://x.com/aditnote10/status/1894027285025423703"",""1231529046267195392"",""aditnote10""";;;;;;
"1894026984449360349,""Mon Feb 24 14:09:57 +0000 2025"",""0"",""Ridi nokos all apk murce start 3k * gmail / yt / gojek / grab * shopee / tokped / lazada * kopken / fore / tomoro * wa / tele / twitter / line * dan app lainnyaa Order ke pinned ya #zonauang wts jual no verif fsr telegram x spay gopay discord promo voc nomor otp"",""1894026984449360349"","""","""",""in"","""",""0"",""0"",""0"",""https://x.com/violeenz/status/1894026984449360349"",""1744382894267883520"",""violeenz""";;;;;;
"1894025572139106316,""Mon Feb 24 14:04:20 +0000 2025"",""0"",""10 jam di fore anjr"",""1894025572139106316"","""","""",""ht"","""",""0"",""0"",""1"",""https://x.com/debluskyy/status/1894025572139106316"",""1415303614403289093"",""debluskyy""";;;;;;
"1850803922619036070,""Mon Feb 24 14:01:05 +0000 2025"",""0"",""@ForeCoffeeID Kok sy berlangganan fore ya pdhal tidak klik pin utk pay. .? Harusnya kan ada pin utk konfirmasi.vcurang!!"",""1894024753834594790"","""",""ForeCoffeeID"",""in"",""Yogyakarta, Indonesia"",""0"",""1"",""0"",""https://x.com/kiyanagreenleaf/status/1894024753834594790"",""3243142515"",""kiyanagreenleaf""";;;;;;
"1894024728962359597,""Mon Feb 24 14:00:59 +0000 2025"",""7"",""info kopi yg enak selain fore cendana loske ."",""1894024728962359597"","""","""",""in"","""",""0"",""7"",""0"",""https://x.com/queenxxx_69/status/1894024728962359597"",""1848307099077648384"",""queenxxx_69""";;;;;;
"1894021724875665729,""Mon Feb 24 13:52:49 +0000 2025"",""0"",""@doy_yellow Ku masukin BM biar inget kalo ke fore.. mesennya yg lain thank for ripiwww"",""1894022674969452977"","""",""doy_yellow"",""in"",""RS KKR"",""0"",""1"",""0"",""https://x.com/Rainyoursky_/status/1894022674969452977"",""1533020481707597824"",""Rainyoursky_""";;;;;;
"1891103184376004631,""Mon Feb 24 13:45:12 +0000 2025"",""1"",""@FayumBey @StavoltaCattivi Basati 🇮🇹"",""1894020758277345634"","""",""FayumBey"",""in"","""",""0"",""0"",""0"",""https://x.com/SkinFore_5/status/1894020758277345634"",""1558755242665299979"",""SkinFore_5""";;;;;;
"1894003551887675655,""Mon Feb 24 13:44:08 +0000 2025"",""0"",""@505_AJISAKHA Oke sekarang infokan promo fore bang."",""1894020491188314424"","""",""505_AJISAKHA"",""in"","""",""0"",""0"",""0"",""https://x.com/gorespenna/status/1894020491188314424"",""2759059367"",""gorespenna""";;;;;;
"1893981746028286302,""Mon Feb 24 13:42:41 +0000 2025"",""0"",""@KatesCalifornia @sbyfess aku taunya sebelahnya thor itu fore"",""1894020123318493244"","""",""KatesCalifornia"",""in"",""Kota Surabaya, Jawa Timur"",""0"",""0"",""0"",""https://x.com/imyooose/status/1894020123318493244"",""1622313326645747712"",""imyooose""";;;;;;
"1894019704102019175,""Mon Feb 24 13:41:01 +0000 2025"",""1"",""fak ngantor di kantor gue kalo manager creative lagi masuk enak banget dah tiba2 tuku tiba2 fore tiba2 dimsum tiba2 pempek"",""1894019704102019175"","""","""",""in"","""",""0"",""0"",""0"",""https://x.com/modestcrowns/status/1894019704102019175"",""1453006337290424325"",""modestcrowns""";;;;;;
"1894016973786251595,""Mon Feb 24 13:36:32 +0000 2025"",""1"",""@KediriFess Mau yg piye? Kalo rajin live music di tell kopi. Kalo vibesnya yg estetik agak mehong dikit bisa di Awor. Kalo vibes kaya gt tapi mau yg jarang2 ada live music bisa jg homely. Kalo yg rasa2 angkringan bisa di Warung Brader Tapi kalo kopi yg oke ya point coffee atau fore "",""1894018577126039742"","""",""KediriFess"",""in"",""pokoknya Jatim"",""0"",""0"",""0"",""https://x.com/notmelati/status/1894018577126039742"",""821665289330982914"",""notmelati""";;;;;;
"1894010747836912097,""Mon Feb 24 13:05:25 +0000 2025"",""0"",""Gua br minum stgh gelas tani kopix fore anjir dada gua sesak "",""1894010747836912097"","""","""",""in"","""",""0"",""0"",""0"",""https://x.com/sjhislove628/status/1894010747836912097"",""45358712"",""sjhislove628""";;;;;;
"1894009864646463634,""Mon Feb 24 13:01:55 +0000 2025"",""0"",""Ridi nokos all apk murce start 3k * gmail / yt / gojek / grab * shopee / tokped / lazada * kopken / fore / tomoro * wa / tele / twitter / line * dan app lainnyaa Order ke pinned ya #zonauang wts jual no verif fsr telegram x spay gopay discord promo voc nomor otp"",""1894009864646463634"","""","""",""in"","""",""0"",""0"",""0"",""https://x.com/violeenz/status/1894009864646463634"",""1744382894267883520"",""violeenz""";;;;;;
"1893990448143737217,""Mon Feb 24 13:00:56 +0000 2025"",""0"",""@alesyakoala AK BELI FORE HEHEHE"",""1894009617002447031"","""",""alesyakoala"",""in"",""daily diary adventures"",""0"",""0"",""0"",""https://x.com/shashusi/status/1894009617002447031"",""1303017573206732800"",""shashusi""";;;;;;
"1893726856370680156,""Mon Feb 24 10:39:26 +0000 2025"",""0"",""@_Pr_Ad @skiesofhoriizon Tu Leena ke show kam dekha kar "",""1893974006010692026"","""",""_Pr_Ad"",""in"",""India "",""0"",""1"",""0"",""https://x.com/AbhiraFore99234/status/1893974006010692026"",""1692811749051813888"",""AbhiraFore99234""";;;;;;
"1893973037470662825,""Mon Feb 24 10:38:36 +0000 2025"",""1"",""@yepppiya Waah fore. Semangat Rasha."",""1893973796798751005"","""",""yepppiya"",""in"",""They / Him. MDNI. 🌈"",""0"",""0"",""0"",""https://x.com/aetherialsolace/status/1893973796798751005"",""1892491344482054144"",""aetherialsolace""";;;;;;
"1893688749516636640,""Mon Feb 24 10:30:10 +0000 2025"",""0"",""@tsukkirou Masih di fore gue anjirrr mutasi tempat kerja nya aja"",""1893971676569964882"","""",""tsukkirou"",""in"","""",""0"",""0"",""0"",""https://x.com/musicfirstt/status/1893971676569964882"",""1231946822047936512"",""musicfirstt""";;;;;;
"1893970131006480562,""Mon Feb 24 10:24:02 +0000 2025"",""1"",""nokos buat verif fore yg stand by sekarang &amp";" bisa otp sekarang juga #zonauang"",""1893970131006480562"","""","""",""in"","""",""0"",""12"",""0"",""https://x.com/rulwes/status/1893970131006480562"",""1364108890560864257"",""rulwes""";;;;;
"1893925472037192116,""Mon Feb 24 10:22:53 +0000 2025"",""0"",""@Duhgeon Ke Fore kejauhan soalnyh lg mager"",""1893969841113153923"","""",""Duhgeon"",""in"",""DNFWC."",""0"",""0"",""0"",""https://x.com/peeachymads/status/1893969841113153923"",""1350118665203507200"",""peeachymads""";;;;;;
"1893967804417606057,""Mon Feb 24 10:14:47 +0000 2025"",""1"",""ada nokos buat akun fore ga? drop fee yg bisa otp langsung #zonauang"",""1893967804417606057"","""","""",""in"","""",""1"",""4"",""0"",""https://x.com/rulwes/status/1893967804417606057"",""1364108890560864257"",""rulwes""";;;;;;
"1893967365810901036,""Mon Feb 24 10:13:02 +0000 2025"",""0"",""ke fore berasa masuk freezer ayam alias dingin bgt"",""1893967365810901036"","""","""",""in"","""",""0"",""1"",""0"",""https://x.com/euphrosynesz/status/1893967365810901036"",""3388683733"",""euphrosynesz""";;;;;;
"1893543598781583848,""Mon Feb 24 10:05:32 +0000 2025"",""0"",""@JoelSsenyonyi Fore warned!! vamukasooli ndiwulila"",""1893965478416019899"","""",""JoelSsenyonyi"",""in"",""Budaka, Uganda"",""0"",""0"",""0"",""https://x.com/MachaliMubaraka/status/1893965478416019899"",""1207865356632633344"",""MachaliMubaraka""";;;;;;
"1893963091651735772,""Mon Feb 24 09:56:03 +0000 2025"",""0"",""update nomor stok sisa hari ini: gojek: 13 shopee: 6 yahoo: 13 gmail: 13 kopken &amp";" fore: banyaak fast ke wa aja kak on bio"",""1893963091651735772"","""","""",""in"",""CEK 👇🏻, DM X DELAY KAK"",""0"",""1"",""0"",""https://x.com/edoputra_1/status/1893963091651735772"",""833571509050290176"",""edoputra_1""";;;;;
"1893957691409641794,""Mon Feb 24 09:41:32 +0000 2025"",""0"",""@endowoonthermic kok gaada fore"",""1893959436885983340"","""",""endowoonthermic"",""in"",""fanart acc : @517__png 🥟🥢"",""0"",""1"",""0"",""https://x.com/kyeompdf/status/1893959436885983340"",""1656596797660499968"",""kyeompdf""";;;;;;
"1893959267943645303,""Mon Feb 24 09:40:52 +0000 2025"",""0"",""KOPI FORE GRATIS B1G1 &amp";" DISKON 50%! Untuk pengguna baru cukup buat akun dengan referral ini : 8FEDF8 FAA744 #ForeCoffee #Gratis https://t.co/ES7IQYGIFc"",""1893959267943645303"",""https://pbs.twimg.com/media/Gkix6VgXwAE-0G-.jpg"","""",""in"","""",""0"",""0"",""0"",""https://x.com/tensevery/status/1893959267943645303"",""989465218911621120"",""tensevery""";;;;;
"1893959059268677698,""Mon Feb 24 09:40:02 +0000 2025"",""0"",""Sudah coba aplikasi Fore Coffee? Dapatkan diskon 50% untuk pembelian pertamamu! Download sekarang dan masukkan kode referral 6A04DC saat registrasi. https://t.co/jQPJcVr5FH"",""1893959059268677698"","""","""",""in"",""Jakarta Capital Region"",""0"",""0"",""0"",""https://x.com/OirkMan/status/1893959059268677698"",""2958665036"",""OirkMan""";;;;;;
"1893957145227313623,""Mon Feb 24 09:32:26 +0000 2025"",""0"",""Sebelum puasa: Seblak Mie rebus Sushi Gacoan⏳ (perlu gak perlu) Fore (bisa buat buka nanti) FIX harus beli Sushi si minggu ini"",""1893957145227313623"","""","""",""in"",""INA - UK"",""0"",""1"",""0"",""https://x.com/fosilove/status/1893957145227313623"",""1420069698440368129"",""fosilove""";;;;;;
"1893956362549277028,""Mon Feb 24 09:29:19 +0000 2025"",""0"",""KOPI FORE GRATIS B1G1 &amp";" DISKON 50%! Untuk pengguna baru cukup buat akun dengan referral ini : 8FEDF8 FAA744 #ForeCoffee #Gratis https://t.co/Wi0z7mYy3H"",""1893956362549277028"",""https://pbs.twimg.com/media/GkivRP8bQAAlouy.jpg"","""",""in"","""",""0"",""0"",""0"",""https://x.com/tensevery/status/1893956362549277028"",""989465218911621120"",""tensevery""";;;;;
"1893955709395411361,""Mon Feb 24 09:26:43 +0000 2025"",""0"",""MAKAN GRATIS MARUGAME UDON Steps: 1. Dowload aplikasi marugame udon 2. Sign in dan gunakan referral code: ISNAIPDX atau ISNAZNYS 3. Dapetin voc free dessert + 20 poin 4. Kumpulin poinnya setiap pembelian 11k dapat 1 poin 5. Reward menu gratis mulai dari 20 poin penukaran https://t.co/m5im3wP57R"",""1893955709395411361"",""https://pbs.twimg.com/media/Gkiuq1SasAASD7c.jpg"","""",""in"","""",""0"",""0"",""0"",""https://x.com/tensevery/status/1893955709395411361"",""989465218911621120"",""tensevery""";;;;;;
"1893954091564626387,""Mon Feb 24 09:26:16 +0000 2025"",""0"",""@eumaeum kl biar ngga ngantuk fore tp kl buat biasa sour sally"",""1893955594404479153"","""",""eumaeum"",""in"",""love to read | she/they"",""0"",""0"",""0"",""https://x.com/id99nom/status/1893955594404479153"",""1456890540952223748"",""id99nom""";;;;;;
"1893929155596575208,""Mon Feb 24 07:41:12 +0000 2025"",""3"",""Pov nongki di fore siang hari https://t.co/oI6sxGFcVM"",""1893929155596575208"",""https://pbs.twimg.com/media/GkiWhpvaYAAZO7I.jpg"","""",""in"",""Karawang, Jawa Barat"",""0"",""0"",""0"",""https://x.com/onedyby/status/1893929155596575208"",""1760658699918639104"",""onedyby""";;;;;;
"1893869778189664681,""Mon Feb 24 07:36:18 +0000 2025"",""0"",""@worksfess aku butuh admin sosmed wa ig tiktok. balesin untuk reservasi resto. minus wfo longshift 10 pagi-10 malem. daerah kelapa gading ya. yg tertarik bisa dm akuu"",""1893927920839602357"","""",""worksfess"",""in"","""",""0"",""0"",""0"",""https://x.com/kepikhijauu/status/1893927920839602357"",""1213520621742612480"",""kepikhijauu""";;;;;;
"1885892442257584193,""Mon Feb 24 07:35:11 +0000 2025"",""0"",""@Jateng_Twit dari ekspresi mukanya sih harusnya udah ngompol"",""1893927638579732925"","""",""Jateng_Twit"",""in"","""",""0"",""0"",""0"",""https://x.com/kepikhijauu/status/1893927638579732925"",""1213520621742612480"",""kepikhijauu""";;;;;;
"1893927567679217862,""Mon Feb 24 07:34:54 +0000 2025"",""0"",""thr ku cmn 375rb wkwk itu pun blm dipotong pajak gapapa gapapa buat mam marugame sm jajan mako dan fore di penta wkwk"",""1893927567679217862"","""","""",""in"","""",""0"",""0"",""0"",""https://x.com/jihanbstr/status/1893927567679217862"",""348324277"",""jihanbstr""";;;;;;
"1893925194927898662,""Mon Feb 24 07:29:23 +0000 2025"",""0"",""@rockingshav ternyata semua fore gini ya? asli gue kayak mau mati sama ac nya"",""1893926178374734048"","""",""rockingshav"",""in"","""",""0"",""1"",""0"",""https://x.com/spamwithryu/status/1893926178374734048"",""1671840272924413954"",""spamwithryu""";;;;;;
"1893925387383562491,""Mon Feb 24 07:26:14 +0000 2025"",""0"",""Sudah coba aplikasi Fore Coffee? Dapatkan diskon 50% untuk pembelian pertamamu! Download sekarang dan masukkan kode referral B01F84 saat registrasi. https://t.co/6vmIwwL7vn"",""1893925387383562491"","""","""",""in"","""",""0"",""0"",""0"",""https://x.com/blessed__loved/status/1893925387383562491"",""1712165532890517505"",""blessed__loved""";;;;;;
"1893925194927898662,""Mon Feb 24 07:25:28 +0000 2025"",""0"",""Gua tuh suka bgt nugas di fore. Tp gakuat lama2 ac nya dingin bgt"",""1893925194927898662"","""","""",""in"","""",""0"",""1"",""0"",""https://x.com/rockingshav/status/1893925194927898662"",""1123421713918611456"",""rockingshav""";;;;;;
"1893246199471198640,""Mon Feb 24 07:21:22 +0000 2025"",""0"",""@Yerokim HAH demi apa sih se-OA sama Ilsa? Jinjja kah yorobun? Ga nyangka banget. Boleh ajak abang nongski sambil minum Fore ga? Abang kepengen banget keknya ngidam sih. Boleh gorengan bakwan nya sekalian 5 ya pake cabe ijo 10 soalnya abang suka pedes."",""1893924161250034097"","""",""Yerokim"",""in"",""BlazeRacers, elvoir, 1997."",""0"",""0"",""0"",""https://x.com/Chatrles/status/1893924161250034097"",""2728270206"",""Chatrles""";;;;;;
"1893923120295059776,""Mon Feb 24 07:17:13 +0000 2025"",""0"",""Kata siapa jajan Fore mahal? Bisa murah dapat diskon bahkan gratis loh Yuk bikin akun Fore dengan masukin kode referral dari aku biar dapat banyak promo A0FABD Benefit yg didapat: discount 50% discount 30% b1g1 https://t.co/67KKmi3TUV"",""1893923120295059776"",""https://pbs.twimg.com/media/GkiRBw3bYAAjQl9.jpg"","""",""in"",""she/her"",""0"",""0"",""0"",""https://x.com/naavender/status/1893923120295059776"",""3379882874"",""naavender""";;;;;;
"1893922204858868012,""Mon Feb 24 07:13:35 +0000 2025"",""0"",""Ridi nokos all apk murce start 3k * gmail / yt / gojek / grab * shopee / tokped / lazada * kopken / fore / tomoro * wa / tele / twitter / line * dan app lainnyaa Order ke pinned ya #zonauang wts jual no verif fsr telegram x spay gopay discord promo voc nomor otp"",""1893922204858868012"","""","""",""in"","""",""0"",""0"",""0"",""https://x.com/violeenz/status/1893922204858868012"",""1744382894267883520"",""violeenz""";;;;;;
"1893898134658396368,""Mon Feb 24 07:10:32 +0000 2025"",""0"",""@xHamadaArthurx WKWK KAGA JD BELI FORE DEMI NYANYI ROCK WITH YOU SANGAT MENGAGETKAN"",""1893921434843431372"","""",""xHamadaArthurx"",""in"",""she/her | 22 "",""0"",""0"",""0"",""https://x.com/sojunghwantrsr/status/1893921434843431372"",""1029676224870723584"",""sojunghwantrsr""";;;;;;
"1893921354488889832,""Mon Feb 24 07:10:12 +0000 2025"",""0"",""Halo guys udah download apk Fore Coffee? Dapatkan diskon 50% sampai 3x maks. 35K/b1g1 khusus pengguna baru Dengan masukkan kode referral 3F6F02 saat registrasi. ada birthday voucher b1g1 setiap tgl 25 buy 2get3 setiap senin &amp";" free upsize tiap weekend Promo Fore Coffee https://t.co/9c8rtgI4Ey"",""1893921354488889832"",""https://pbs.twimg.com/media/GkiPbxnbkAAsiDB.jpg"","""",""in"",""Indonesia"",""0"",""0"",""1"",""https://x.com/AnestyaRizky/status/1893921354488889832"",""1687942652"",""AnestyaRizky""";;;;;
"1893920999717961823,""Mon Feb 24 07:08:48 +0000 2025"",""0"",""what if kalo aku nangis di fore"",""1893920999717961823"","""","""",""in"",""rl thingy, MDNI, DNFWC"",""0"",""0"",""0"",""https://x.com/asherseye/status/1893920999717961823"",""1804088401194553344"",""asherseye""";;;;;;
"1893763843504971836,""Mon Feb 24 06:53:50 +0000 2025"",""1"",""@dontgrowupgirl space Gemfot Tth"",""1893917232905728432"","""",""dontgrowupgirl"",""in"",""♊️"",""0"",""1"",""0"",""https://x.com/fore_gem/status/1893917232905728432"",""1628491202810064903"",""fore_gem""";;;;;;
"1893916297261416706,""Mon Feb 24 06:50:07 +0000 2025"",""0"",""R u oke? Wanita se ultramilk coklat ini beralih ke fore sea salt."",""1893916297261416706"","""","""",""in"","""",""0"",""0"",""0"",""https://x.com/Allyah26560066/status/1893916297261416706"",""1325221651345125376"",""Allyah26560066""";;;;;;
"1893916271336423808,""Mon Feb 24 06:50:01 +0000 2025"",""2"",""dpt fore gegara jual sl biasa 50k https://t.co/uhx1NHQZM5"",""1893916271336423808"",""https://pbs.twimg.com/media/GkiKx5OWMAAx4a6.jpg"","""",""in"","""",""0"",""2"",""0"",""https://x.com/prettiesttjia/status/1893916271336423808"",""1674636019218649088"",""prettiesttjia""";;;;;;
"1893893835521978532,""Mon Feb 24 06:46:49 +0000 2025"",""0"",""@Mike3____ fore sih enak"",""1893915467221176363"","""",""Mike3____"",""in"",""Kota Manado, Sulawesi Utara"",""0"",""2"",""0"",""https://x.com/Byanvalen/status/1893915467221176363"",""1523206188623863811"",""Byanvalen""";;;;;;
"1893915281942020307,""Mon Feb 24 06:46:21 +0000 2025"",""0"",""sini ke fore masih ada cupsleeve sama pc pond "",""1893915352083374432"","""",""OHMETAWIN"",""in"",""instagram.com/99andafter"",""0"",""0"",""0"",""https://x.com/OHMETAWIN/status/1893915352083374432"",""1271419801278181377"",""OHMETAWIN""";;;;;;
"1893889226967564639,""Mon Feb 24 06:45:20 +0000 2025"",""0"",""@Sainzjaguar HZHZHZHZH Q KIRIM TERBANG YH FORE"",""1893915095631057289"","""",""Sainzjaguar"",""in"",""FREE 🇵🇸 | nabes 🪇🦀"",""0"",""0"",""0"",""https://x.com/sushidlee/status/1893915095631057289"",""1840905519470632960"",""sushidlee""";;;;;;
"1893913294877893099,""Mon Feb 24 06:38:11 +0000 2025"",""0"",""no fore no tuku no kopken this is drink bengbeng. ya Allah ENAK BGT. SEMOGA YG BKIN DRINK BENGBENG MASUK SURGA YA ALLAH https://t.co/9guJ9U41I7"",""1893913294877893099"",""https://pbs.twimg.com/media/GkiIGO_XsAAdjxA.jpg"","""",""in"",""🐱🥟"",""0"",""0"",""0"",""https://x.com/suhperstar_/status/1893913294877893099"",""1704289885560188928"",""suhperstar_""";;;;;;
"1893900005032808833,""Mon Feb 24 06:31:33 +0000 2025"",""0"",""@ashterze Kok rasanya sedih Kalo gitu gajadi jajanin fore deh.."",""1893911626706763852"","""",""ashterze"",""in"",""legal, he/they."",""0"",""1"",""0"",""https://x.com/tqartaglia/status/1893911626706763852"",""1712861500837380096"",""tqartaglia""";;;;;;
"1893900102495817833,""Mon Feb 24 06:27:56 +0000 2025"",""2"",""@jjeonuu Aku suka desserts mereka cuma kalo dateng buat antri se lama itu hhhh better cari dessert shop laen kue cempedak fore jg enak"",""1893910714118557819"","""",""jjeonuu"",""in"",""⋆₊˚⊹♡"",""0"",""1"",""0"",""https://x.com/ooskoes/status/1893910714118557819"",""1087665658337275904"",""ooskoes""";;;;;;
"1893908564109906104,""Mon Feb 24 06:19:23 +0000 2025"",""0"",""mas mas fore hari ini mood banget kayak sampe counter liat mukaku buat mau pick up dia otomatis ngambil americano large wkwkwkw mana lucu banget lagi pas dia cek nomornya terus beda sama yg aku sebutin maaf mas hari ini aku butuh gula jadi pesennya kopsu. "",""1893908564109906104"","""","""",""in"",""+62 / 21+"",""0"",""0"",""0"",""https://x.com/bae_de_nana/status/1893908564109906104"",""1859790795727085568"",""bae_de_nana""";;;;;;
"1893663791901974868,""Mon Feb 24 06:17:07 +0000 2025"",""0"",""@dikalasendjaaaa Tiba tiba didepannya nanti muncul fore sama point coffee"",""1893907992346534011"","""",""dikalasendjaaaa"",""in"",""Yogyakarta, Indonesia"",""0"",""0"",""0"",""https://x.com/sofuntake/status/1893907992346534011"",""1729001199545008128"",""sofuntake""";;;;;;
"1893906816557625373,""Mon Feb 24 06:12:26 +0000 2025"",""0"",""nokos star 3k tersedia untuk wa tele gmail gojek grab maxim shopee ovo lazada dana kakaotalk fore coffee google youtube. garansi dan no garansi bisa ditanyakan lewat wa fsr sat set. #zonauang"",""1893906816557625373"","""","""",""in"",""close dm, wa only"",""0"",""0"",""0"",""https://x.com/_kitheu/status/1893906816557625373"",""2417656292"",""_kitheu""";;;;;;
"1893905123522310604,""Mon Feb 24 06:06:03 +0000 2025"",""0"",""GAK BISA SELAIN GOOD DAY DAN FORE GW TEH."",""1893905207882354937"","""",""Yiaein"",""in"",""Personal Acc, Membership Only."",""0"",""0"",""0"",""https://x.com/Yiaein/status/1893905207882354937"",""1268588323"",""Yiaein""";;;;;;
"1893904520964456515,""Mon Feb 24 06:03:19 +0000 2025"",""1"",""buttercreamnya fore nagih bangettttt"",""1893904520964456515"","""","""",""in"",""knowhere"",""0"",""0"",""0"",""https://x.com/thisisbeey/status/1893904520964456515"",""1103286778507624450"",""thisisbeey""";;;;;;
"1893904457794003021,""Mon Feb 24 06:03:04 +0000 2025"",""0"",""Kopi andalan gue alias bye dlu kopken fore jago dan lainnya https://t.co/23TORORJnZ"",""1893904457794003021"",""https://pbs.twimg.com/media/GkiAD2la0AAicYx.jpg"","""",""in"","""",""0"",""0"",""0"",""https://x.com/miciinbumbu/status/1893904457794003021"",""1556605456050556929"",""miciinbumbu""";;;;;;
"1893903986257711126,""Mon Feb 24 06:01:12 +0000 2025"",""5"",""Alur awal Dare To Love. Bikinnya di fore sambil ngeliatin barista buat kopi. ps. Maaf tulisannya cakar ayam kudu cepet soalnya otakku cepet mrosesnya. https://t.co/0SPtJnquAs"",""1893903986257711126"",""https://pbs.twimg.com/media/Gkh_ocJX0AA6KR1.jpg"","""",""in"",""list au:"",""0"",""1"",""0"",""https://x.com/minnaloka_/status/1893903986257711126"",""1842542323311476736"",""minnaloka_""";;;;;;
"1893902665693745552,""Mon Feb 24 05:55:57 +0000 2025"",""1"",""Ya toh WIN hai ya Virat ka L*nd hai: Rizwan (Pakistani Kaptan) #ChampionsTrophy #ChampionsTrophy2025 #Rizwan #ViratKohli𓃵 #INDvsPAK https://t.co/IoITgz365A"",""1893902665693745552"",""https://pbs.twimg.com/tweet_video_thumb/Gkh-bQ0bsAAPg-I.jpg"","""",""in"",""India"",""0"",""1"",""0"",""https://x.com/Fore_FrontIndia/status/1893902665693745552"",""1704862941034717184"",""Fore_FrontIndia""";;;;;;
"1893900265197113744,""Mon Feb 24 05:46:24 +0000 2025"",""2"",""no more grand harvest malem2 no more fore wiyung malem2 wkwkwkwkwk"",""1893900265197113744"","""","""",""in"","""",""0"",""1"",""0"",""https://x.com/whobeehesthie/status/1893900265197113744"",""1482585605465079808"",""whobeehesthie""";;;;;;
"1893900118757122101,""Mon Feb 24 05:45:49 +0000 2025"",""0"",""Ridi nokos all apk murce start 3k * gmail / yt / gojek / grab * shopee / tokped / lazada * kopken / fore / tomoro * wa / tele / twitter / line * dan app lainnyaa Order ke pinned ya #zonauang wts jual no verif fsr telegram x spay gopay discord promo voc nomor otp"",""1893900118757122101"","""","""",""in"","""",""0"",""0"",""0"",""https://x.com/violeenz/status/1893900118757122101"",""1744382894267883520"",""violeenz""";;;;;;
"1893899371516727722,""Mon Feb 24 05:43:44 +0000 2025"",""0"",""@Yerimziese Fore lg"",""1893899593068298364"","""",""Yerimziese"",""da"",""legal / any pronouns"",""0"",""1"",""0"",""https://x.com/ofKusanali/status/1893899593068298364"",""1562662774706442241"",""ofKusanali""";;;;;;
"1893898215314825406,""Mon Feb 24 05:38:33 +0000 2025"",""0"",""Tp enak tapi rasanya lebih gaksehat drpd kopken/tmoto/fore hh"",""1893898286479577351"","""",""kweti4w"",""in"","""",""0"",""0"",""0"",""https://x.com/kweti4w/status/1893898286479577351"",""1255132721564672000"",""kweti4w""";;;;;;
"1893255891153023314,""Mon Feb 24 05:33:57 +0000 2025"",""0"",""@Mioju Halo dedek! Lucu banget namanya Lovabelle.. ini kok bisa kepikiran namanya begitu? Pasti kamu suka banget mencintai tapi nyatanya tidak dicintai balik ya? #DEG. Biasanya abang.. abang ngopi dulu lah nongkrong di Fore. Nyantai dulu ga sih?"",""1893897130277736586"","""",""Mioju"",""in"",""BlazeRacers, elvoir, 1997."",""0"",""0"",""0"",""https://x.com/Chatrles/status/1893897130277736586"",""2728270206"",""Chatrles""";;;;;;
"1893892733921595435,""Mon Feb 24 05:29:30 +0000 2025"",""0"",""@feitxiao jauh fore huft"",""1893896010088247530"","""",""feitxiao"",""in"","""",""0"",""0"",""0"",""https://x.com/yunbli/status/1893896010088247530"",""845869945569234944"",""yunbli""";;;;;;
"1893895672245436750,""Mon Feb 24 05:28:09 +0000 2025"",""0"",""ngidam ngopi di fore sore2"",""1893895672245436750"","""","""",""in"","""",""0"",""0"",""0"",""https://x.com/shayma01339812/status/1893895672245436750"",""1555079440245587968"",""shayma01339812""";;;;;;
"1893889226967564639,""Mon Feb 24 05:27:14 +0000 2025"",""1"",""@sushidlee Lagi di flop city nihh di kota tetapi tidak ada satu pun kedai fore di sini (mrsa sdihh) "",""1893895441768423615"","""",""sushidlee"",""in"","""",""0"",""1"",""0"",""https://x.com/Sainzjaguar/status/1893895441768423615"",""1831604935559102464"",""Sainzjaguar""";;;;;;
"1893895231692480702,""Mon Feb 24 05:26:24 +0000 2025"",""2"",""Ada yang pernah kerja di Fore kopi kenangan sbux atau fnb lainnya?? hari ini aku pertamakali masuk kerja huhu wajarkan ya kalo masih bingung bgt?? Takut banget dikira ngga becus kerjaa"",""1893895231692480702"","""","""",""in"",""Jawa Tengah, Indonesia"",""0"",""2"",""0"",""https://x.com/eyyolee/status/1893895231692480702"",""1384773585294675968"",""eyyolee""";;;;;;
"1893893541010489838,""Mon Feb 24 05:19:42 +0000 2025"",""0"",""tp mau claim fore gratis wkwk"",""1893893544042963257"","""",""catiomn"",""in"",""lock in"",""0"",""0"",""0"",""https://x.com/catiomn/status/1893893544042963257"",""1778338201721298944"",""catiomn""";;;;;;
"1893893293265555814,""Mon Feb 24 05:18:42 +0000 2025"",""0"",""yg ga terlalu hobi kopi kyk gue kata lu kl beli triple peach americanonya fore bakal cocok ga?"",""1893893293265555814"","""","""",""in"","""",""0"",""0"",""0"",""https://x.com/turimisu/status/1893893293265555814"",""1603027331249242114"",""turimisu""";;;;;;
"1893893002826805648,""Mon Feb 24 05:17:33 +0000 2025"",""0"",""Sudah coba aplikasi Fore Coffee? Dapatkan diskon 50% untuk pembelian pertamamu! Download sekarang dan masukkan kode referral 6A04DC saat registrasi. https://t.co/7BcmmM7F6v"",""1893893002826805648"","""","""",""in"",""Jakarta"",""0"",""0"",""0"",""https://x.com/Rio_D2Q/status/1893893002826805648"",""80601455"",""Rio_D2Q""";;;;;;
"1893891908226953489,""Mon Feb 24 05:13:12 +0000 2025"",""0"",""hallo! aku sudah open nokos mulai 3k dengan pilihan wa tele gmail gojek grab maxim shopee ovo lazada dana kakaotalk fore coffee google youtube. garansi atau nogar langsung wa di bio. #zonauang"",""1893891908226953489"","""","""",""in"",""close dm, wa only"",""0"",""0"",""0"",""https://x.com/_kitheu/status/1893891908226953489"",""2417656292"",""_kitheu""";;;;;;
"1893891263021162501,""Mon Feb 24 05:11:23 +0000 2025"",""0"",""@kucinglyy Abis baca ini aku jd pengen fore juga "",""1893891451878101199"","""",""kucinglyy"",""in"",""(known as pearchy)"",""0"",""1"",""0"",""https://x.com/coutoncandy/status/1893891451878101199"",""1027068608860413952"",""coutoncandy""";;;;;;
"1893891263021162501,""Mon Feb 24 05:10:38 +0000 2025"",""0"",""Bayangkan berapa uangku sekarang kalau gak habis karena fore *brb to buy fore*"",""1893891263021162501"","""","""",""in"",""kucingly#cat"",""0"",""1"",""0"",""https://x.com/kucinglyy/status/1893891263021162501"",""941892087028396033"",""kucinglyy""";;;;;;
"1893890763777331422,""Mon Feb 24 05:08:39 +0000 2025"",""0"",""Beberapa daftar kopi recomended ada promo spesial spill voucher diskon disini ya Fore coffee https://t.co/NUfrFP7TWr Kopi kenangan https://t.co/W6vRtG7Z8b Janji jiwa https://t.co/OlyMEWW1Di Tomoro coffee https://t.co/Ed3QK5fKMC Point coffe indomaret https://t.co/LDBmIW980n"",""1893890763777331422"","""","""",""in"","""",""0"",""0"",""0"",""https://x.com/ike_tjn/status/1893890763777331422"",""513346093"",""ike_tjn""";;;;;;
"1893890540497682578,""Mon Feb 24 05:07:46 +0000 2025"",""0"",""boleh. sekarang ya? titik kumpulnya di Stasiun Manggarai ntar mampir beli Fore dulu."",""1893890540497682578"","""","""",""in"",""mdni"",""0"",""1"",""0"",""https://x.com/luminethic/status/1893890540497682578"",""1871413930461216768"",""luminethic""";;;;;;
"1893879164823839161,""Mon Feb 24 04:55:48 +0000 2025"",""0"",""@angelarissa_ enaaak ngel! Lebih creamy dr fore menurut kuuu kl suka kopi manis cobain deh"",""1893887529998299554"","""",""angelarissa_"",""in"","""",""0"",""0"",""0"",""https://x.com/nocturnalcutie/status/1893887529998299554"",""1015567402292006918"",""nocturnalcutie""";;;;;;
"1893886209031561695,""Mon Feb 24 04:50:33 +0000 2025"",""0"",""KOPI FORE SELITER JADI GOCAP JUGA NIH GASSSIN CPTTT YG UDH KLEMM POCERNYA cari fore kalian sini https://t.co/lvv8BSUuL6 https://t.co/VT3oTAUSLk"",""1893886209031561695"",""https://pbs.twimg.com/media/Gkhvd11XQAAi8C_.jpg"","""",""in"",""business? dm."",""0"",""0"",""0"",""https://x.com/DISKON_FESS/status/1893886209031561695"",""1322186870260822017"",""DISKON_FESS""";;;;;;
"1892904238314836006,""Mon Feb 24 04:49:06 +0000 2025"",""0"",""@dari_youngk Kak @dari_youngk fore itu dapetnya dri menu mana Tgl lahir ak dah pas kok gada"",""1893885845255446677"","""",""dari_youngk"",""in"",""surganya allah"",""0"",""0"",""0"",""https://x.com/terentotin/status/1893885845255446677"",""1446465183338037251"",""terentotin""";;;;;;
"1893882966826156319,""Mon Feb 24 04:48:12 +0000 2025"",""0"",""@asaoutie gatau plis semoga dirumah gW DOANG soalnya gw mau kabur ke fore"",""1893885617823519029"","""",""ghoboho"",""in"",""rant. please do not follow!"",""0"",""0"",""0"",""https://x.com/user290503/status/1893885617823519029"",""1149901994942795776"",""user290503""";;;;;;
"1893883914759868777,""Mon Feb 24 04:41:26 +0000 2025"",""0"",""saranin menu kopi di fore!"",""1893883914759868777"","""","""",""in"","""",""0"",""0"",""0"",""https://x.com/syanindiy/status/1893883914759868777"",""1288012581915877376"",""syanindiy""";;;;;;
"1893873769812299778,""Mon Feb 24 04:36:43 +0000 2025"",""0"",""@swextdemon fore sih kak yg berry manuka americano "",""1893882726899433799"","""",""swextdemon"",""in"",""out of nowhere"",""0"",""1"",""0"",""https://x.com/taesannsain/status/1893882726899433799"",""1610290282712686593"",""taesannsain""";;;;;;
"1893879665749618937,""Mon Feb 24 04:24:33 +0000 2025"",""1"",""Fore ga sih siang ini capek bgt"",""1893879665749618937"","""","""",""in"","""",""0"",""1"",""0"",""https://x.com/maniskayakokumi/status/1893879665749618937"",""858224648672034816"",""maniskayakokumi""";;;;;;
"1893319262342726000,""Mon Feb 24 04:22:50 +0000 2025"",""2"",""@btsgasuki90 hi! welcome to jakarta! di sini banyak tempat yang bisa kamu kunjungi terutama beberapa tempat coffee shop yang bisa kamu coba seperti fore dan tuku "",""1893879234788999434"","""",""btsgasuki90"",""in"",""edelweiss 🫧"",""0"",""0"",""0"",""https://x.com/jellyyfisheddd/status/1893879234788999434"",""1229747596316442624"",""jellyyfisheddd""";;;;;;
"1893879078358253883,""Mon Feb 24 04:22:13 +0000 2025"",""0"",""pagi-pagi fore rame bener"",""1893879078358253883"","""","""",""it"",""hime 24"",""0"",""0"",""0"",""https://x.com/sunsshimes/status/1893879078358253883"",""1690690600151244801"",""sunsshimes""";;;;;;
"1893878869624524994,""Mon Feb 24 04:21:23 +0000 2025"",""1"",""Ada yg sama kek gue ga minum kopi yg ada cream diatasnya kek contoh fore seasalt butterscoth suka diaduk dulu biar kecampur ama kopinya? Soalnya risih bat kalau gk diaduk wkwkwk https://t.co/VvSUNXSamt"",""1893878869624524994"",""https://pbs.twimg.com/media/GkhoyboXAAA-oU2.jpg"","""",""in"",""Bandung, Jawa Barat"",""0"",""1"",""0"",""https://x.com/lynmtea/status/1893878869624524994"",""4805294256"",""lynmtea""";;;;;;
"1893878557358661957,""Mon Feb 24 04:20:09 +0000 2025"",""0"",""Fore cj ada colokan gak ya"",""1893878557358661957"","""","""",""in"","""",""0"",""0"",""0"",""https://x.com/makancireng/status/1893878557358661957"",""95896272"",""makancireng""";;;;;;
"1893877366780207594,""Mon Feb 24 04:15:25 +0000 2025"",""0"",""Nanti habis cabut gigi kita beli fore️️"",""1893877366780207594"","""","""",""in"",""Depok, Jawa Barat"",""0"",""2"",""0"",""https://x.com/pikicann/status/1893877366780207594"",""3114990696"",""pikicann""";;;;;;
"1893876096573354229,""Mon Feb 24 04:10:22 +0000 2025"",""0"",""welcome! ridi nokos mulai dari 3k ada wa tele gmail gojek grab maxim shopee ovo lazada dana kakaotalk fore coffee google dan youtube. garansi atau no garansi langsung chat wa di bio. #zonauang"",""1893876096573354229"","""","""",""in"",""close dm, wa only"",""0"",""0"",""0"",""https://x.com/_kitheu/status/1893876096573354229"",""2417656292"",""_kitheu""";;;;;;
"1893875697858339228,""Mon Feb 24 04:08:47 +0000 2025"",""0"",""KOPI FORE SELITER JADI GOCAP JUGA NIH GASSSIN CPTTT YG UDH KLEMM POCERNYA cari fore kalian sini https://t.co/p9aTN10uWV https://t.co/B3vspOpmmm"",""1893875697858339228"",""https://pbs.twimg.com/media/Gkhl6CqboAAlYHt.jpg"","""",""in"",""Telegram"",""0"",""0"",""0"",""https://x.com/AkuSukaRacun/status/1893875697858339228"",""1344004785934979073"",""AkuSukaRacun""";;;;;;
"1893875164128915686,""Mon Feb 24 04:06:40 +0000 2025"",""0"",""Kopi Tani dan Bumi Latte dari Fore nih nyaman lalu less sweet padahal "",""1893875164128915686"","""","""",""in"",""Kalimantan Selatan, Indonesia"",""0"",""2"",""0"",""https://x.com/o______z______y/status/1893875164128915686"",""238143437"",""o______z______y""";;;;;;
"1893874458466689333,""Mon Feb 24 04:03:52 +0000 2025"",""0"",""Fore jalan ninjaku"",""1893874458466689333"","""","""",""in"",""Jakarta Capital Region"",""0"",""0"",""0"",""https://x.com/Sandio___/status/1893874458466689333"",""1634849670798397440"",""Sandio___""";;;;;;
"1893871230836433333,""Mon Feb 24 03:51:02 +0000 2025"",""0"",""Yg mau minum kopi / matcha fore coffee yuk download appnya &amp";" daftar pake kode 52BAB5 biar dpt voucher 50% maks 35rb!! Kpn lg butterscotch sea salt latte / matcha green tea jd 15rb? Menu yg lain jg bs"",""1893871230836433333"","""","""",""in"",""full thread:"",""0"",""0"",""0"",""https://x.com/cupidhoneymoon/status/1893871230836433333"",""1649420658785353736"",""cupidhoneymoon""";;;;;
"1893835514316193854,""Mon Feb 24 03:48:34 +0000 2025"",""0"",""Yup akhir nya ke Fore Merr https://t.co/17qRUftfqQ"",""1893870610058522647"",""https://pbs.twimg.com/media/GkhhRU1XoAAsGiS.jpg"",""MadeBambang"",""in"",""Kota Surabaya, Jawa Timur"",""0"",""0"",""0"",""https://x.com/MadeBambang/status/1893870610058522647"",""166849799"",""MadeBambang""";;;;;;
"1893870305300320404,""Mon Feb 24 03:47:21 +0000 2025"",""0"",""Ridi nokos all apk murce start 3k * gmail / yt / gojek / grab * shopee / tokped / lazada * kopken / fore / tomoro * wa / tele / twitter / line * dan app lainnyaa Order ke pinned ya #zonauang wts jual no verif fsr telegram x spay gopay discord promo voc nomor otp"",""1893870305300320404"","""","""",""in"","""",""0"",""0"",""0"",""https://x.com/violeenz/status/1893870305300320404"",""1744382894267883520"",""violeenz""";;;;;;
"1893870046721491119,""Mon Feb 24 03:46:20 +0000 2025"",""0"",""Sudah coba aplikasi Fore Coffee? Dapatkan diskon 50% untuk pembelian pertamamu! Download sekarang dan masukkan kode referral B23CF2 saat registrasi. https://t.co/n4YlibvRzZ"",""1893870046721491119"","""","""",""in"",""Tegal, Jawa Tengah"",""0"",""0"",""0"",""https://x.com/anstsyvrnca/status/1893870046721491119"",""1444725880622776320"",""anstsyvrnca""";;;;;;
"1893868164695408748,""Mon Feb 24 03:38:51 +0000 2025"",""0"",""Hi Sobat Fore... Sudah coba aplikasi Fore Coffee? Dapatkan diskon 50% untuk pembelian pertamamu! Download sekarang dan masukkan kode referral 6A04DC saat registrasi. https://t.co/jQPJcVr5FH"",""1893868164695408748"","""","""",""in"",""Jakarta Capital Region"",""0"",""0"",""0"",""https://x.com/OirkMan/status/1893868164695408748"",""2958665036"",""OirkMan""";;;;;;
"1893867950332920032,""Mon Feb 24 03:38:00 +0000 2025"",""0"",""Hi Sobat Fore... Sudah coba aplikasi Fore Coffee? Dapatkan diskon 50% untuk pembelian pertamamu! Download sekarang dan masukkan kode referral 6A04DC saat registrasi. https://t.co/7BcmmM7F6v"",""1893867950332920032"","""","""",""in"",""Jakarta"",""0"",""0"",""0"",""https://x.com/Rio_D2Q/status/1893867950332920032"",""80601455"",""Rio_D2Q""";;;;;;
"1893866283185164363,""Mon Feb 24 03:31:22 +0000 2025"",""1"",""Yg mau minum kopi / matcha fore coffee yuk download appnya &amp";" daftar pake kode 52BAB5 biar dpt voucher 50% maks 35rb!! Kpn lg butterscotch sea salt latte / matcha green tea jd 15rb? Menu yg lain jg bs"",""1893866283185164363"","""","""",""in"",""full thread:"",""0"",""0"",""0"",""https://x.com/cupidhoneymoons/status/1893866283185164363"",""1652587389641191425"",""cupidhoneymoons""";;;;;
"1893863191404331442,""Mon Feb 24 03:19:05 +0000 2025"",""1"",""Kode promo refferal fore coffee diskon 50% max 35k 3x transaksi bisa menu minuman &amp";" makanan semua varian menu untuk pengguna baru yaps!!! A5F1F0 Fore belasan ribu aja seng Kalo kesusahan masukin referral nya bisa dm aku ya maniesz #zonauang #zonajajan t. Kopi murah wfc https://t.co/9rL8KEbCOu"",""1893863191404331442"",""https://pbs.twimg.com/media/GkhaiNhX0AE9cum.jpg"","""",""in"",""Palembang"",""0"",""0"",""0"",""https://x.com/hopeeblueside/status/1893863191404331442"",""1227609279395291137"",""hopeeblueside""";;;;;
"1893862018295435760,""Mon Feb 24 03:14:26 +0000 2025"",""1"",""hai aku udah open ya! nokos mulai 3k ridi nokwa noktel gmail gojek grab maxim shopee ovo lazada dana kakaotalk fore coffee google dan youtube. garansi dan no garansi langsung wa ya. #zonauang"",""1893862018295435760"","""","""",""in"",""close dm, wa only"",""0"",""0"",""0"",""https://x.com/_kitheu/status/1893862018295435760"",""2417656292"",""_kitheu""";;;;;;
"1893860720820814325,""Mon Feb 24 03:09:17 +0000 2025"",""0"",""pas jaman maba sring bgt kena di area sekitar kampus sma kalo lagi jalan di braga bandung sendirian udah ampe brapa kali gw selalu tolak. TERUS bisa2 an banget kmaren gwe kena di dalem FORE?? gw lagi gambar sama dengerin lagu make earbuds tiba2 ada orang nongol depan gw."",""1893860723052175765"","""",""tadoyakki"",""in"",""inside myung-dae pockets⭑⚝"",""0"",""1"",""0"",""https://x.com/tadoyakki/status/1893860723052175765"",""1011032659919695872"",""tadoyakki""";;;;;;
"1893860676285734927,""Mon Feb 24 03:09:06 +0000 2025"",""0"",""mau ke fore deh udah lama banget gak ngopi keknya tahun lalu"",""1893860676285734927"","""","""",""in"",""rl thingy, MDNI, DNFWC"",""0"",""1"",""0"",""https://x.com/asherseye/status/1893860676285734927"",""1804088401194553344"",""asherseye""";;;;;;
"1893846471662784831,""Mon Feb 24 03:02:49 +0000 2025"",""0"",""Pesan Fore Coffee di ShopeeFood ada Voucher Diskon s/d 45RB loh! Cek disini keburu habis! https://t.co/KJ6g1mPwTQ https://t.co/ClPo4cg6kl"",""1893859096580755732"",""https://pbs.twimg.com/media/GkhWz8oXsAAT4JL.jpg"",""fentinrr"",""in"","""",""0"",""1"",""0"",""https://x.com/fentinrr/status/1893859096580755732"",""1867479264532344832"",""fentinrr""";;;;;;
"1893856395147014591,""Mon Feb 24 02:52:05 +0000 2025"",""0"",""pilihan sulit promo harini point fore atau kopken "",""1893856395147014591"","""","""",""in"","""",""0"",""1"",""0"",""https://x.com/younichorn/status/1893856395147014591"",""1160726718719467520"",""younichorn""";;;;;;
"1893846708175426018,""Mon Feb 24 02:35:34 +0000 2025"",""0"",""matcha + espresso udah paling enak fore."",""1893852241016094840"","""",""moonformyjin"",""in"",""🐨🐹🐱🐿️🐥🐻🐰"",""0"",""0"",""0"",""https://x.com/moonformyjin/status/1893852241016094840"",""1122448327365103616"",""moonformyjin""";;;;;;
"1893852046517735711,""Mon Feb 24 02:34:48 +0000 2025"",""0"",""Ridi nokos all apk murce start 3k * gmail / yt / gojek / grab * shopee / tokped / lazada * kopken / fore / tomoro * wa / tele / twitter / line * dan app lainnyaa Order ke pinned ya #zonauang wts jual no verif fsr telegram x spay gopay discord promo voc nomor otp"",""1893852046517735711"","""","""",""in"","""",""0"",""0"",""0"",""https://x.com/violeenz/status/1893852046517735711"",""1744382894267883520"",""violeenz""";;;;;;
"1893847187681120581,""Mon Feb 24 02:15:30 +0000 2025"",""0"",""halo! aku open nih nokos mulai dari 3k ready wa tele gmail gojek grab maxim shopee ovo lazada dana kakaotalk fore coffee google youtube. semua akun ready garansi dan no garansi langsung wa. #zonauang"",""1893847187681120581"","""","""",""in"",""close dm, wa only"",""0"",""0"",""0"",""https://x.com/_kitheu/status/1893847187681120581"",""2417656292"",""_kitheu""";;;;;;
"1893832085174899119,""Mon Feb 24 02:13:52 +0000 2025"",""0"",""@llvstnie Jajan kopi foreeee kakkk‼️"",""1893846778534924554"","""",""llvstnie"",""in"",""fsr on wa👉🏻👉🏻👉🏻"",""0"",""0"",""0"",""https://x.com/blueeberrychiz/status/1893846778534924554"",""1054917518010146817"",""blueeberrychiz""";;;;;;
"1893844909813026822,""Mon Feb 24 02:06:27 +0000 2025"",""0"",""Pesan Fore Coffee di ShopeeFood ada Voucher Diskon s/d 45RB loh! Cek disini keburu habis! https://t.co/mmwUdWoekh"",""1893844909813026822"","""","""",""in"",""affiliate"",""0"",""0"",""0"",""https://x.com/rysecre/status/1893844909813026822"",""1460567982044680193"",""rysecre""";;;;;;
"1893678730066682249,""Mon Feb 24 01:47:00 +0000 2025"",""0"",""@kegblgnunfaedh acar enak bgt woi"",""1893840016335380738"","""",""kegblgnunfaedh"",""in"",""Semarang, Jawa Tengah"",""0"",""0"",""0"",""https://x.com/kukayung/status/1893840016335380738"",""1109799504352415746"",""kukayung""";;;;;;
"1893839106305626568,""Mon Feb 24 01:43:42 +0000 2025"",""0"",""Kopi point indomaret https://t.co/mBwcgaJ919 Kopi fore https://t.co/rYar94t9gx https://t.co/cQSX7cNLW5"",""1893839186538397976"",""https://pbs.twimg.com/media/GkhEstMWEAAfGgR.jpg"",""nrcistic"",""in"","""",""0"",""1"",""0"",""https://x.com/nrcistic/status/1893839186538397976"",""1676020129191325697"",""nrcistic""";;;;;;
"1893838015300030773,""Mon Feb 24 01:39:03 +0000 2025"",""1"",""Ridi nokos all apk murce start 3k * gmail / yt / gojek / grab * shopee / tokped / lazada * kopken / fore / tomoro * wa / tele / twitter / line * dan app lainnyaa Order ke pinned ya #zonauang wts jual no verif fsr telegram x spay gopay discord promo voc nomor otp"",""1893838015300030773"","""","""",""in"","""",""0"",""0"",""0"",""https://x.com/violeenz/status/1893838015300030773"",""1744382894267883520"",""violeenz""";;;;;;
"1893833244358902099,""Mon Feb 24 01:20:05 +0000 2025"",""0"",""bingung mending pilih kuliah atau fore"",""1893833244358902099"","""","""",""in"","""",""0"",""1"",""0"",""https://x.com/naufalibthl_/status/1893833244358902099"",""1798237134438248448"",""naufalibthl_""";;;;;;
"1893824910717296824,""Mon Feb 24 00:46:58 +0000 2025"",""0"",""fore sama point asal gak kemanisan"",""1893824910717296824"","""","""",""in"",""🧊"",""0"",""1"",""0"",""https://x.com/maeriposas/status/1893824910717296824"",""765621267793797120"",""maeriposas""";;;;;;
"1893824032870461641,""Mon Feb 24 00:43:29 +0000 2025"",""1"",""Ridi nokos all apk murce start 3k * gmail / yt / gojek / grab * shopee / tokped / lazada * kopken / fore / tomoro * wa / tele / twitter / line * dan app lainnyaa Order ke pinned ya #zonauang wts jual no verif fsr telegram x spay gopay discord promo voc nomor otp"",""1893824032870461641"","""","""",""in"","""",""0"",""0"",""0"",""https://x.com/violeenz/status/1893824032870461641"",""1744382894267883520"",""violeenz""";;;;;;
"1893820829999190049,""Mon Feb 24 00:30:46 +0000 2025"",""0"",""diskon menu fore coffee 50% caranya: 1. install apps fore coffee 2. daftar dan klik bagian memiliki kode referral lalu masukin kode referral BD09DA tags. promo refferal kopi gratis murah hari ini voucher lazada shopee sale seribu senin pagi kuota work https://t.co/MCyCwPRHNU"",""1893820829999190049"",""https://pbs.twimg.com/media/Gkgz8iKWUAAEgyJ.jpg"","""",""in"","""",""0"",""0"",""0"",""https://x.com/diskonfore/status/1893820829999190049"",""1301411731919441921"",""diskonfore""";;;;;;
"1893820338976199072,""Mon Feb 24 00:28:48 +0000 2025"",""1"",""ada diskon menu fore coffee 50% caranya: 1. install apps fore coffee 2. daftar dan klik bagian memiliki kode referral lalu masukin kode referral C39FF8 tags. promo diskon refferal kopi gratis murah ngopi butterscotch kuota hari ini senin pagi gajian sale https://t.co/kH0rWpJWSe"",""1893820338976199072"",""https://pbs.twimg.com/media/GkgzjJnaIAAbr6c.jpg"","""",""in"","""",""0"",""0"",""0"",""https://x.com/diskonfore/status/1893820338976199072"",""1301411731919441921"",""diskonfore""";;;;;;
"1893820161330684150,""Mon Feb 24 00:28:07 +0000 2025"",""0"",""kapan - kapan mau cobain fore."",""1893820164140908622"","""",""reveurela"",""in"",""DNFWC."",""0"",""0"",""0"",""https://x.com/reveurela/status/1893820164140908622"",""961842759412867072"",""reveurela""";;;;;;
"1893690334711877720,""Mon Feb 24 00:21:05 +0000 2025"",""0"",""@oukhtybingss Ay nga de"",""1893818393561633254"","""",""oukhtybingss"",""tl"","""",""0"",""1"",""0"",""https://x.com/kan_fore/status/1893818393561633254"",""1161808955905060864"",""kan_fore""";;;;;;
"1893637224933331413,""Mon Feb 24 00:11:00 +0000 2025"",""0"",""@smootiesblood kudu disaring dulu mending fore"",""1893815855676268577"","""",""smootiesblood"",""in"",""unlabeled, kinda anitwt."",""0"",""0"",""0"",""https://x.com/ancseno/status/1893815855676268577"",""1873565704735305729"",""ancseno""";;;;;;
"1893801637203923119,""Sun Feb 23 23:35:53 +0000 2025"",""0"",""@cosinus28_ Manihaaar seuu avis !"",""1893807018516897910"","""",""cosinus28_"",""in"","""",""0"",""0"",""0"",""https://x.com/kan_fore/status/1893807018516897910"",""1161808955905060864"",""kan_fore""";;;;;;
"1893800409220718907,""Sun Feb 23 23:09:37 +0000 2025"",""5"",""Kalo tiap bangun tidur meneguk buttercream lattenya fore gini bakalan good mood terus ini mah aku"",""1893800409220718907"","""","""",""in"",""Sidoarjo, Indonesia"",""0"",""3"",""0"",""https://x.com/full0fsheet/status/1893800409220718907"",""1320369631"",""full0fsheet""";;;;;;
"1893548893691908429,""Sun Feb 23 23:01:07 +0000 2025"",""0"",""@munvess sejauh ini baru fore"",""1893798271803371609"","""",""munvess"",""in"","""",""0"",""0"",""0"",""https://x.com/fluturoz/status/1893798271803371609"",""1682839201761607680"",""fluturoz""";;;;;;
"1893795516737097811,""Sun Feb 23 22:50:10 +0000 2025"",""3"",""Kskskss Le montant askip c est 600 Hamena dafka hay fatali balamuko fate"",""1893795516737097811"","""","""",""in"","""",""0"",""2"",""0"",""https://x.com/kan_fore/status/1893795516737097811"",""1161808955905060864"",""kan_fore""";;;;;;
"1893673877827469618,""Sun Feb 23 22:30:05 +0000 2025"",""0"",""@hionyra \ NGAKAK. Kemarin Jumat aku beli Fore b1g2. (";",1893790460453290230"","""",""hionyra"",""in"",""NO STRINGS ATTACHED."",""0"",""0"",""0"",""https://x.com/archiedjo/status/1893790460453290230"",""773244895897063424"",""archiedjo""";;;;;
"1893748582575923541,""Sun Feb 23 19:43:40 +0000 2025"",""0"",""pgn matchanya fore ️️"",""1893748582575923541"","""","""",""in"",""20 | homophobic dni"",""0"",""0"",""0"",""https://x.com/fleurishism/status/1893748582575923541"",""1684437911012507648"",""fleurishism""";;;;;;
"1893707243335352385,""Sun Feb 23 16:59:24 +0000 2025"",""0"",""hepi deh hari ini bisa me time duduk sendirian ga ngapa2in di fore kurleb 2jam trs di samperin ardi trs keliling2 hihi wlopun deeptalk agak tegang ye akhirnya tp hepii"",""1893707243335352385"","""","""",""in"","""",""0"",""0"",""0"",""https://x.com/itshun_xx/status/1893707243335352385"",""357458024"",""itshun_xx""";;;;;;
"1893706499739832568,""Sun Feb 23 16:56:27 +0000 2025"",""0"",""ya Allah akun fore ditangguhkan"",""1893706499739832568"","""","""",""in"","""",""0"",""0"",""0"",""https://x.com/fiyayaaa/status/1893706499739832568"",""1497687853"",""fiyayaaa""";;;;;;
"1893703302874857542,""Sun Feb 23 16:43:45 +0000 2025"",""0"",""besok gua akan beli fore liat aja "",""1893703302874857542"","""","""",""in"",""+62"",""0"",""3"",""0"",""https://x.com/vernonhibernasi/status/1893703302874857542"",""1753846738098831360"",""vernonhibernasi""";;;;;;
"1893702218777239704,""Sun Feb 23 16:39:26 +0000 2025"",""0"",""Menyesal tadi pas pulang kenapa gue gak menyempatkan beli fore "",""1893702218777239704"","""","""",""in"",""✿ TAKBIR! ALLAHUAKBAR! ✿"",""0"",""0"",""0"",""https://x.com/pershowallan/status/1893702218777239704"",""1528351796464590848"",""pershowallan""";;;;;;
"1893697531571257778,""Sun Feb 23 16:37:07 +0000 2025"",""0"",""@_reginagata_ Problematik masalah jajan. Hari ini udah abisin duit jajan satu boks lapis legit Fore cireng pisang goreng bakpo dan dimsum."",""1893701634158469512"","""",""_reginagata_"",""in"",""Fort Rotterdam"",""0"",""1"",""0"",""https://x.com/brigitta_hadid/status/1893701634158469512"",""1274745313144631297"",""brigitta_hadid""";;;;;;
"1893692352792850485,""Sun Feb 23 16:36:58 +0000 2025"",""0"",""@JaikyYadav16 Bhai tu Surya k lia rona pitna macha."",""1893701594799063480"","""",""JaikyYadav16"",""in"",""India"",""0"",""0"",""0"",""https://x.com/Fore_FrontIndia/status/1893701594799063480"",""1704862941034717184"",""Fore_FrontIndia""";;;;;;
"1893700186053984310,""Sun Feb 23 16:31:22 +0000 2025"",""0"",""Bhai Teri location send krna kuch baat krni hai. #INDvsPAK #ChampionsTrophy https://t.co/KKFNxSUlqM"",""1893700186053984310"",""https://pbs.twimg.com/media/GkfGSKlaIAA_cYl.jpg"","""",""in"",""India"",""0"",""0"",""0"",""https://x.com/Fore_FrontIndia/status/1893700186053984310"",""1704862941034717184"",""Fore_FrontIndia""";;;;;;
"1893699650793681233,""Sun Feb 23 16:29:14 +0000 2025"",""0"",""Malu bgt gue habis nangis di fore Surabaya mana banyak org wkwk"",""1893699650793681233"","""","""",""in"","""",""0"",""0"",""0"",""https://x.com/azkiyaskr/status/1893699650793681233"",""1498621523665780745"",""azkiyaskr""";;;;;;
"1893699225751323042,""Sun Feb 23 16:27:33 +0000 2025"",""0"",""Rizwan ke Kalma ka kya hua? #INDvsPAK #ChampionsTrophy #ViratKohli𓃵"",""1893699225751323042"","""","""",""in"",""India"",""0"",""0"",""0"",""https://x.com/Fore_FrontIndia/status/1893699225751323042"",""1704862941034717184"",""Fore_FrontIndia""";;;;;;
"1892925593349390611,""Sun Feb 23 16:07:36 +0000 2025"",""0"",""@Seashorz Udah tadi di fore"",""1893694207681868080"","""",""Seashorz"",""in"","""",""0"",""0"",""0"",""https://x.com/24OfStreet/status/1893694207681868080"",""1886951793407746049"",""24OfStreet""";;;;;;
"1893687342931603686,""Sun Feb 23 16:07:36 +0000 2025"",""1"",""@Charlito_csi @doginaldogsx @monkeypoxsol GM broski ️"",""1893694204653531554"","""",""Charlito_csi"",""in"","""",""0"",""0"",""0"",""https://x.com/ForeSightKid/status/1893694204653531554"",""1756385817881128960"",""ForeSightKid""";;;;;;
"1893693897039028399,""Sun Feb 23 16:06:22 +0000 2025"",""7"",""Efek tadi kopke sulawesi full sedangkan gw bawa rombongan 8 orang jadi lindah ke fore sebelahnya "",""1893693897039028399"","""","""",""in"",""Kota Surabaya, Jawa Timur"",""0"",""2"",""0"",""https://x.com/kvinnnnnnnnnnu/status/1893693897039028399"",""1802228621643599872"",""kvinnnnnnnnnnu""";;;;;;
"1893693759600144435,""Sun Feb 23 16:05:50 +0000 2025"",""0"",""Kode promo refferal fore coffee diskon 50% max 35k 3x transaksi bisa menu minuman &amp";" makanan semua varian menu untuk pengguna baru yaps!!! A5885E Fore belasan ribu aja seng Kalo kesusahan masukin referral nya bisa dm aku ya maniesz #zonauang #zonajajan t. Kopi murah wfc https://t.co/TS5J4VlZ7z"",""1893693759600144435"",""https://pbs.twimg.com/media/GkfAb6sWYAIVQVd.jpg"","""",""in"",""Palembang"",""0"",""0"",""0"",""https://x.com/hopeeblueside/status/1893693759600144435"",""1227609279395291137"",""hopeeblueside""";;;;;
"1892379944224763956,""Sun Feb 23 16:02:55 +0000 2025"",""0"",""@laaberryy @phopkhonhaa @txtdrjkt kak ini boleh nimbun akun byk dlm satu device? ga ke banned kah?"",""1893693027798888717"","""",""laaberryy"",""in"","""",""0"",""0"",""0"",""https://x.com/insecureies/status/1893693027798888717"",""1262848229139378177"",""insecureies""";;;;;;
"1893691359288025209,""Sun Feb 23 15:56:17 +0000 2025"",""0"",""Ridi nokos all apk murce start 3k * gmail / yt / gojek / grab * shopee / tokped / lazada * kopken / fore / tomoro * wa / tele / twitter / line * dan app lainnyaa Order ke pinned ya #zonauang wts jual no verif fsr telegram x spay gopay discord promo voc nomor otp"",""1893691359288025209"","""","""",""in"","""",""0"",""0"",""0"",""https://x.com/violeenz/status/1893691359288025209"",""1744382894267883520"",""violeenz""";;;;;;
"1893618723958718509,""Sun Feb 23 15:55:23 +0000 2025"",""0"",""@SmurfCrypto_ GM Smurf"",""1893691133579927627"","""",""SmurfCrypto_"",""in"","""",""0"",""0"",""0"",""https://x.com/ForeSightKid/status/1893691133579927627"",""1756385817881128960"",""ForeSightKid""";;;;;;
"1893684379722956938,""Sun Feb 23 15:54:19 +0000 2025"",""0"",""@LuqWeb3 Wassup Luq"",""1893690861386412492"","""",""LuqWeb3"",""in"","""",""0"",""0"",""0"",""https://x.com/ForeSightKid/status/1893690861386412492"",""1756385817881128960"",""ForeSightKid""";;;;;;
"1893681392942252406,""Sun Feb 23 15:53:58 +0000 2025"",""0"",""@americanyo0 oke gaji pertama fore pickup ya sal"",""1893690775361245269"","""",""americanyo0"",""in"","""",""0"",""1"",""0"",""https://x.com/cut13bie/status/1893690775361245269"",""1690409417341370368"",""cut13bie""";;;;;;
"1893675129835606259,""Sun Feb 23 14:51:48 +0000 2025"",""0"",""Bisa ngopi fore"",""1893675129835606259"","""","""",""in"",""she/her"",""0"",""0"",""0"",""https://x.com/dumpsnabb/status/1893675129835606259"",""858765464788455425"",""dumpsnabb""";;;;;;
"1893667849748513174,""Sun Feb 23 14:48:56 +0000 2025"",""0"",""@edgar_prakas tuku butterscotch sea salt nya fore sama kopken"",""1893674409233207345"","""",""edgar_prakas"",""in"",""indonesia"",""0"",""1"",""0"",""https://x.com/sassssygirz/status/1893674409233207345"",""1202074541494685696"",""sassssygirz""";;;;;;
"1893673900787093944,""Sun Feb 23 14:46:55 +0000 2025"",""2"",""Ridi nokos all apk murce start 3k * gmail / yt / gojek / grab * shopee / tokped / lazada * kopken / fore / tomoro * wa / tele / twitter / line * dan app lainnyaa Order ke pinned ya #zonauang wts jual no verif fsr telegram x spay gopay discord promo voc nomor otp"",""1893673900787093944"","""","""",""in"","""",""0"",""0"",""0"",""https://x.com/violeenz/status/1893673900787093944"",""1744382894267883520"",""violeenz""";;;;;;
"1893225707485991111,""Sun Feb 23 14:41:04 +0000 2025"",""0"",""@erlanishere Anak scbd banyakan beli tuku fore murahan dikit kopi jago"",""1893672429735600342"","""",""erlanishere"",""in"","""",""0"",""0"",""0"",""https://x.com/ridwanprastowo/status/1893672429735600342"",""48320837"",""ridwanprastowo""";;;;;;
"1893669529269494019,""Sun Feb 23 14:29:33 +0000 2025"",""0"",""gue tiba tiba pengen beli fore"",""1893669529269494019"","""","""",""in"",""txt"",""0"",""0"",""0"",""https://x.com/piscesofu/status/1893669529269494019"",""1209025461809844225"",""piscesofu""";;;;;;
"1893668107895316506,""Sun Feb 23 14:23:54 +0000 2025"",""0"",""ah iya iya sebelum puasa gue jg bingung pulang kerja mau beli apa entah sushi atau minuman baik jco fore atau yg lainnya sebagai penutupan krn iyap gue tuh kalo pulang kerja ga mungkin bgt beli cemilan di luar dan pas kerja apalagi"",""1893668107895316506"","""","""",""in"","""",""0"",""1"",""0"",""https://x.com/guarzaylea/status/1893668107895316506"",""1695154955156590592"",""guarzaylea""";;;;;;
"1893585862631592343,""Sun Feb 23 14:21:49 +0000 2025"",""0"",""@aparatmagang Iya jarang harus request atau yg emg ada menu mocktail di fore adaa cobain deh"",""1893667586698539431"","""",""aparatmagang"",""in"",""Egghead"",""0"",""1"",""0"",""https://x.com/pindahplanett/status/1893667586698539431"",""313961177"",""pindahplanett""";;;;;;
"1893667040851800189,""Sun Feb 23 14:19:39 +0000 2025"",""0"",""Yg mau minum kopi / matcha fore coffee yuk download appnya &amp";" daftar pake kode 52BAB5 biar dpt voucher 50% maks 35rb!! Kpn lg butterscotch sea salt latte / matcha green tea jd 15rb? Menu yg lain jg bs"",""1893667040851800189"","""","""",""in"",""full thread:"",""0"",""0"",""0"",""https://x.com/cupidhoneymoons/status/1893667040851800189"",""1652587389641191425"",""cupidhoneymoons""";;;;;
"1893666312452215021,""Sun Feb 23 14:17:50 +0000 2025"",""0"",""@BaseBDG fore point kenangan"",""1893666581894332473"","""",""BaseBDG"",""in"","""",""0"",""0"",""0"",""https://x.com/Seanyrhwang/status/1893666581894332473"",""1739333633612369920"",""Seanyrhwang""";;;;;;
"1893666312452215021,""Sun Feb 23 14:17:20 +0000 2025"",""0"",""@BaseBDG point coffee dan fore adlh andalan"",""1893666455155085450"","""",""BaseBDG"",""in"",""bdg"",""0"",""0"",""0"",""https://x.com/rheavezn/status/1893666455155085450"",""3263062231"",""rheavezn""";;;;;;
"1893664601306464323,""Sun Feb 23 14:09:58 +0000 2025"",""0"",""hallo! aku sudah open nokos mulai 3k dengan pilihan wa tele gmail gojek grab maxim shopee ovo lazada dana kakaotalk fore coffee google youtube. garansi atau nogar langsung wa di bio. #zonauang"",""1893664601306464323"","""","""",""in"",""close dm, wa only"",""0"",""0"",""0"",""https://x.com/_kitheu/status/1893664601306464323"",""2417656292"",""_kitheu""";;;;;;
"1893663835610824923,""Sun Feb 23 14:06:55 +0000 2025"",""0"",""Tapi cup fore emg bagussss cuman ya emg buat apa disimpen."",""1893663835610824923"","""","""",""in"","""",""0"",""0"",""0"",""https://x.com/fackfackfaaack/status/1893663835610824923"",""1536658307762360320"",""fackfackfaaack""";;;;;;
"1893225707485991111,""Sun Feb 23 14:03:52 +0000 2025"",""0"",""@erlanishere Ya gimana mendingan beli fore calf tuku point atau ga djuara"",""1893663066392240595"","""",""erlanishere"",""in"",""Yogyakarta, Indonesia"",""0"",""0"",""0"",""https://x.com/yap_right/status/1893663066392240595"",""1144650165325717504"",""yap_right""";;;;;;
"1893662293839265976,""Sun Feb 23 14:00:48 +0000 2025"",""1"",""Outfit klo mau nongkrong di fore https://t.co/ml2OdWIgAf"",""1893662293839265976"",""https://pbs.twimg.com/media/Gkej0Q-WwAQ55xb.jpg"","""",""in"","""",""0"",""0"",""0"",""https://x.com/rizkystrsna/status/1893662293839265976"",""1064825863"",""rizkystrsna""";;;;;;
"1893657742675448147,""Sun Feb 23 13:42:42 +0000 2025"",""7"",""berapa gue belanja beli minuman ini dan makanan ini? harus tepat sangat tepat tepat sekali 1 akun 1 kali jawab kutunggu sampek ada jawab yang bener di hari ini hadiahnya 1 kopi fore deh good luck https://t.co/XSE4PJHE0N"",""1893657742675448147"",""https://pbs.twimg.com/media/GkefrJEaIAArf1N.jpg"","""",""in"","""",""1"",""14"",""0"",""https://x.com/HitohitomiNika/status/1893657742675448147"",""1512826747980378117"",""HitohitomiNika""";;;;;;
"1893225707485991111,""Sun Feb 23 13:41:10 +0000 2025"",""0"",""@MansionN1703 @erlanishere Kalo kopi masih lebih enak kopken janji jiwa tuku tomoro fore. Sbuck menang tempat aja yg enak"",""1893657355528601881"","""",""MansionN1703"",""in"",""Indonesia"",""0"",""1"",""0"",""https://x.com/ireallyhatetax/status/1893657355528601881"",""1840636609684979712"",""ireallyhatetax""";;;;;;
"1893649762844364940,""Sun Feb 23 13:37:31 +0000 2025"",""0"",""@29O999 not that fore cup yg dipake bertaun2"",""1893656434711134312"","""",""29O999"",""in"",""blue moon"",""0"",""1"",""0"",""https://x.com/mrugmeudon/status/1893656434711134312"",""1762296006547488768"",""mrugmeudon""";;;;;;
"1893652364281741527,""Sun Feb 23 13:21:20 +0000 2025"",""0"",""Ridi nokos all apk murce start 3k * gmail / yt / gojek / grab * shopee / tokped / lazada * kopken / fore / tomoro * wa / tele / twitter / line * dan app lainnyaa Order ke pinned ya #zonauang wts jual no verif fsr telegram x spay gopay discord promo voc nomor otp"",""1893652364281741527"","""","""",""in"","""",""0"",""0"",""0"",""https://x.com/violeenz/status/1893652364281741527"",""1744382894267883520"",""violeenz""";;;;;;
"1893606002995462340,""Sun Feb 23 13:20:05 +0000 2025"",""0"",""@R1DICOU belum tau ni bub ngincer yang promo. kalo ga kopken fore deh "",""1893652047863468438"","""",""R1DICOU"",""in"","""",""0"",""1"",""0"",""https://x.com/CARROTCAIKE/status/1893652047863468438"",""1152885368166813696"",""CARROTCAIKE""";;;;;;
"1893650239376028142,""Sun Feb 23 13:12:54 +0000 2025"",""0"",""Pilihan diskon kopi recomended ada promo spesial spill voucher diskon disini Fore coffee https://t.co/NUfrFP7TWr Kopi kenangan https://t.co/W6vRtG7Z8b Janji jiwa https://t.co/OlyMEWW1Di Tomoro coffee https://t.co/Ed3QK5fKMC Point coffe indomaret https://t.co/LDBmIW980n"",""1893650239376028142"","""","""",""in"","""",""0"",""0"",""0"",""https://x.com/ike_tjn/status/1893650239376028142"",""513346093"",""ike_tjn""";;;;;;
"1893650230777991357,""Sun Feb 23 13:12:51 +0000 2025"",""0"",""welcome! ridi nokos mulai dari 3k ada wa tele gmail gojek grab maxim shopee ovo lazada dana kakaotalk fore coffee google dan youtube. garansi atau no garansi langsung chat wa di bio. #zonauang"",""1893650230777991357"","""","""",""in"",""close dm, wa only"",""0"",""0"",""0"",""https://x.com/_kitheu/status/1893650230777991357"",""2417656292"",""_kitheu""";;;;;;
"1893649867920085328,""Sun Feb 23 13:11:25 +0000 2025"",""0"",""udah bingung ingin mengucap Assalamu'alaikum yorobun (asbun) seperti apalagi supaya ka vee good mood dan update............... berikan ak kopi fore satu liter maka akan kugoncangkan couple hanxie https://t.co/8Z9yoqbxWl"",""1893649867920085328"","""","""",""in"",""동런 • shitpost "",""0"",""0"",""0"",""https://x.com/svveetyrh/status/1893649867920085328"",""1388514944077811718"",""svveetyrh""";;;;;;
"1893625452490821663,""Sun Feb 23 13:06:30 +0000 2025"",""0"",""@enchaeto matcha nya fore enak kaaah?"",""1893648631967707480"","""",""enchaeto"",""in"","""",""0"",""1"",""0"",""https://x.com/babumeong/status/1893648631967707480"",""1284750453696163841"",""babumeong""";;;;;;
"1893647587795759245,""Sun Feb 23 13:02:21 +0000 2025"",""1"",""#CreatorOfAll_GodKabir Guru Nanak Dev Ji meet jinda Mahatma Kabir Ji Fore more information most watch On Sadhna TV 7:30... Pm. Sant Rampal Ji Maharaj ️️️ https://t.co/7UOxEUApUy"",""1893647587795759245"",""https://pbs.twimg.com/media/GkeWcF3bcAED9wq.jpg"","""",""in"",""Ramnagar Madhya Pradesh "",""0"",""0"",""1"",""https://x.com/K17Bhupendra/status/1893647587795759245"",""1437287014613676038"",""K17Bhupendra""";;;;;;
"1893645715122851851,""Sun Feb 23 12:54:55 +0000 2025"",""0"",""#CreatorOfAll_GodKabir Guru Nanak Dev Ji meet jinda Mahatma Kabir Ji Fore more information most watch On Sadhna TV 7:30... Pm. Sant Rampal Ji Maharaj ️️️ https://t.co/sBYrm0JbFE"",""1893645715122851851"",""https://pbs.twimg.com/media/GkeUuTBWkAAMoxm.jpg"","""",""in"","""",""0"",""0"",""0"",""https://x.com/narendr8839/status/1893645715122851851"",""1459505405990563844"",""narendr8839""";;;;;;
"1893645415876067650,""Sun Feb 23 12:53:44 +0000 2025"",""4"",""#CreatorOfAll_GodKabir Guru Nanak Dev Ji meet jinda Mahatma Kabir Ji Fore more information most watch On Sadhna TV 7:30... Pm. Sant Rampal Ji Maharaj ️️️ https://t.co/UFfkyyy8Ui"",""1893645415876067650"",""https://pbs.twimg.com/media/GkeUdOEbgAAwxjO.jpg"","""",""in"",""gunour .panna"",""0"",""0"",""4"",""https://x.com/brajesh_verma01/status/1893645415876067650"",""981202362382479360"",""brajesh_verma01""";;;;;;
"1893597710982193395,""Sun Feb 23 12:53:37 +0000 2025"",""0"",""@CorpusAlienumm Keknya kalo cikini krn buat mrt phase 2 deh mas fore krn bakal nyambung ke kota"",""1893645387443179577"","""",""CorpusAlienumm"",""in"",""Jakarta Capital Region"",""0"",""1"",""0"",""https://x.com/vanderwoodsen27/status/1893645387443179577"",""4706812333"",""vanderwoodsen27""";;;;;;
"1893643653098418365,""Sun Feb 23 12:46:43 +0000 2025"",""0"",""Terharu banget tadi bergumam pengen kopi fore tapi posisinya belum gajian dari januari (karena masuk akhir bulan) tbtb dapet kopi gratis dari bli bli. Makasih ya Allah "",""1893643653098418365"","""","""",""in"","""",""0"",""0"",""0"",""https://x.com/kesehatianku/status/1893643653098418365"",""1665053348528263168"",""kesehatianku""";;;;;;
"1893641660124586000,""Sun Feb 23 12:38:48 +0000 2025"",""0"","" NGOPI DI FORE SELALU DISC 50%??? Bisa banget! Untuk new user masukin kode referral 𝗙𝟰𝟳𝟴𝟱𝟲 pas registrasi di awal auto dapat voucher 𝗗𝗶𝘀𝗰𝗼𝘂𝗻𝘁 50% s.d 35k! Bisa dapetin birthday voucher free food/beverage pastinya! *yg sudah regist jgn lupa dipakai vocnya! https://t.co/4YsAYgMkmA"",""1893641660124586000"",""https://pbs.twimg.com/media/GkeRDelbAAA6Ux2.jpg"","""",""in"","""",""0"",""0"",""0"",""https://x.com/milkuenatau/status/1893641660124586000"",""983262306581622784"",""milkuenatau""";;;;;;
"1893637829026005055,""Sun Feb 23 12:37:50 +0000 2025"",""1"",""@kamseupiiL_ nendi? fore mgl? sbux soale ijeh menerima cash"",""1893641416422850993"","""",""kamseupiiL_"",""in"",""Yogyakarta"",""0"",""1"",""0"",""https://x.com/vinasantosa/status/1893641416422850993"",""73539461"",""vinasantosa""";;;;;;