"NBa7we src","d4r55","RfnDt","eaLgGf","hCCjke","rsqaWe","ulsn","w8nwRe","dSlJg","Hzvxle","pkWtMe","dSlJg 2","NlVald","NlVald 2"
"https://lh3.googleusercontent.com/a/ACg8ocJooz56fC6oHdGJYOxt8j6ojwogDQyUGKTgmImLB3rWGy2lKA=w45-h45-p-rp-mo-ba6-br100","Happy Jalan & Makan","Local Guide · 385 ulasan · 3.208 foto","","","3 bulan lalu","Suka lewat depannya, tapi baru ini berkesempatan mampir.

Dimulai pas datang, kirain tempat parkirnya kecil banget, ternyata ada lahan …","Lainnya","","Suka","1","","Bagikan",""
"https://lh3.googleusercontent.com/a-/ALV-UjUaMVcAJoPW52j_gnZf2xk-HxZuxBddl273rICD7rxti2X6gWLm=w45-h45-p-rp-mo-ba6-br100","Bobby Adi Hutama","Local Guide · 251 ulasan · 974 foto","","","3 bulan lalu","Ekspektasi makan di tempatnya Chef Widhi pasti tinggi, tapi pengalaman kali ini rasanya ""campur aduk"". Poin plus terbesarnya ada di pelayanan (service) yang oke banget. …","Lainnya","","","","","Bagikan","Suka"
"https://lh3.googleusercontent.com/a-/ALV-UjU07pd_fPOjyt3ydIR4HfhjrRgkGy7j5mJtX1hTQLPhoy6PPaKo=w45-h45-p-rp-mo-ba5-br100","Ayunda Budisetia","Local Guide · 126 ulasan · 420 foto","","","3 bulan lalu","Bisa claim birthday treat di hanya di hari H ultah dengan min order 100k dapat steak dan kue
Harga dan menu makanan serta minumannya variatif. Porsi pas dan banyak, enak dan …","Lainnya","","Suka","1","","Bagikan",""
"https://lh3.googleusercontent.com/a/ACg8ocKCnpG4sR00YxnTEKnKd9ftiqxi72NHWgSYf-tNzEHxb6VKOQ=w45-h45-p-rp-mo-ba2-br100","Karina Aulia R","Local Guide · 6 ulasan · 19 foto","","","2 bulan lalu","makanannya enak2, cuman yg sirloin emg agak sedikit keras dan susah dikunyah karena banyak lemak nya. service nya OK bgt.","Lainnya","","","","","Bagikan","Suka"
"https://lh3.googleusercontent.com/a-/ALV-UjVyadFDQt0-5FDpnqPECzJ4caHiYMPbcBkHoPrPs-qP0KTr3WuA=w45-h45-p-rp-mo-ba4-br100","dwi setyo effendianto","Local Guide · 29 ulasan · 295 foto","","","5 bulan lalu","Salah satu Steak terbaik di Bekasi, lokasinya sudah pindah dan tidak jauh dari tempat awal hanya seberangnya saja dan tempatnya juga lebih baik dan luas dari sebelumnya. …","Lainnya","","","","","Bagikan","Suka"
"https://lh3.googleusercontent.com/a/ACg8ocLM8AIi070GIEuK8W52OK_wq_vjxuv548_TnPF00a8jJYgofg=w45-h45-p-rp-mo-ba6-br100","Elvita Yuli","Local Guide · 212 ulasan · 2.869 foto","","","6 bulan lalu","Sudah ter-sertifikasi halal. Eksis di Bekasi sejak tahun 2013. Juga ada cabang di Bintaro dan Yogya. Cabang Bekasi ini selalu ramai, sering kali kalau mau makan di sini, gak jadi, krn susah parkir. Baik weekend or weekdays selalu ramai ya …","Lainnya","","Suka","1","","Bagikan",""
"https://lh3.googleusercontent.com/a-/ALV-UjW4hAz_6041BcLrcLB5XMEImmCdCa4PRk1Yq7MjfwPEbWHB5S08wA=w45-h45-p-rp-mo-ba4-br100","Calvin","Local Guide · 120 ulasan · 136 foto","","","2 bulan lalu","great hospitality, food, and ambience

saya pesan yang Australian premium beef rib eye, ini di medium tingkat matangnya …","Lainnya","","","","","Bagikan","Suka"
"https://lh3.googleusercontent.com/a-/ALV-UjXQABeGaCKRWD6RPdtpiMgqHgeiEqzTLPbRGmpkcuXwDj8vnt_D=w45-h45-p-rp-mo-ba6-br100","Rasi Bintang","Local Guide · 322 ulasan · 2.412 foto","","","Diedit 8 bulan lalu","Di ajak teman makan disini, dia bilang enak. Pas sampe kami di sambut dengan ramah oleh stafnya, diantar langsung kemeja, kemudian di bawakan buku menu. Staf mampu menjelaskan menu dengan baik. …","Lainnya","","","","","Bagikan","Suka"
"https://lh3.googleusercontent.com/a-/ALV-UjXcVexg-NeQTBDGBkuulNqvFlE_ooddICafoOzR-VSiiFWp0W1P=w45-h45-p-rp-mo-ba5-br100","bhaskoro pratama","Local Guide · 269 ulasan · 889 foto","","","3 bulan lalu","Tempat yang rekomen dah untuk makan steak. Rasanya enak, harga udah menengah ya keatas deh, tapi sesuai lah. Rame beduh, klo lagi rame waiting list begitu, tapi waiting list nya on the spot, jika terlewat maka harus daftar ulang lagi buat …","Lainnya","","","","","Bagikan","Suka"
"https://lh3.googleusercontent.com/a-/ALV-UjXXTvTwTcPy92Ue8MLZVRL0mv_6fVAVkLVQrF2qJSrfk0AcOFIMRg=w45-h45-p-rp-mo-ba2-br100","Yona Lotusia Pradana","Local Guide · 11 ulasan · 11 foto","","","3 bulan lalu","Hai Warga Bekasi 🤗
Fix wajib coba!
Udah bolak-balik ke sini dan nggak pernah gagal : steak, burger, mac n cheese semuanya juara 🍔🥩🔥 …","Lainnya","","","","","Bagikan","Suka"
"","","","","","","","","","","","","",""
"","","","","","","","","","","","","",""
"","","","","","","","","","","","","",""
"","","","","","","","","","","","","",""
"","","","","","","","","","","","","",""
"","","","","","","","","","","","","",""
"","","","","","","","","","","","","",""
"","","","","","","","","","","","","",""
"","","","","","","","","","","","","",""
"","","","","","","","","","","","","",""
"","","","","","","","","","","","","",""
"","","","","","","","","","","","","",""
"","","","","","","","","","","","","",""
"","","","","","","","","","","","","",""
"","","","","","","","","","","","","",""
"https://lh3.googleusercontent.com/a-/ALV-UjXXTvTwTcPy92Ue8MLZVRL0mv_6fVAVkLVQrF2qJSrfk0AcOFIMRg=w45-h45-p-rp-mo-ba2-br100","Yona Lotusia Pradana","Local Guide · 11 ulasan · 11 foto","","","3 bulan lalu","Hai Warga Bekasi 🤗
Fix wajib coba!
Udah bolak-balik ke sini dan nggak pernah gagal : steak, burger, mac n cheese semuanya juara 🍔🥩🔥 …","Lainnya","","","","","Bagikan","Suka"
"https://lh3.googleusercontent.com/a-/ALV-UjXLHne70qIudg3rDb2VG7QJZ1qK-qBwDVyWuwRxMQw1pCYocR01=w45-h45-p-rp-mo-ba5-br100","Oki Satria","Local Guide · 168 ulasan · 735 foto","","","7 bulan lalu","Ehm...
Alhamdulillah kemari pas Ulang Tahun, dpt free.
Sirloin meltique, enak ada di lv. Yg beda dengan daging meltique yg pernah saya …","Lainnya","","Suka","1","","Bagikan",""
"https://lh3.googleusercontent.com/a-/ALV-UjVdJE0O3sApFTHncf3awRt_Fi4ry_H9X14yLAkaestsilak3PJr=w45-h45-p-rp-mo-ba2-br100","muthaharah yunus","Local Guide · 9 ulasan · 12 foto","","","7 bulan lalu","Duhhh ini enak bgt sihhh dan murah. Ini first time aku ke double U steak krn penasaran mau redeem birthday treat nya, first impressionnya beyond expectation bgt, rasa, harga, ambience, facilities, pelayanan, staff nya baik baik bgtttt ramah …","Lainnya","","","","","Bagikan","Suka"
"https://lh3.googleusercontent.com/a-/ALV-UjVLz61HhPqJheUQxCcgtomRpNPops-q7RqQ3218YrbREZrz4CI=w45-h45-p-rp-mo-ba3-br100","Azizah","Local Guide · 48 ulasan · 40 foto","","","4 bulan lalu","Bakalan balik lagi kesini, pelayanannya oke banget. Sebelum pesen makan, langsung ditawarin birthday treats. Dapet free steak & cake yg enak banget! …","Lainnya","","","","","Bagikan","Suka"
"https://lh3.googleusercontent.com/a-/ALV-UjWX3fpgbAoTj-TMfydo2bfkFV-YjIpnO3capW8f6xSkCbCJ2Y0H=w45-h45-p-rp-mo-ba5-br100","Bunga Mayang","Local Guide · 73 ulasan · 918 foto","","","Diedit 7 bulan lalu","Lokasi yg baru punya vibes cozy, desainnya lebih nyaman, terang & lebih luas. Ada kolam ikan, pilihan tempat duduknya smoking room, non-smoking area, sampai outdoor di balkon lantai 2. …","Lainnya","","","","","Bagikan","Suka"
"https://lh3.googleusercontent.com/a-/ALV-UjXGbmGZ6z6cy40GGP0vkVmOTZEF_W6ZkYqtmRzkAIOiXT6YWa_9Ww=w45-h45-p-rp-mo-br100","Rafa Adlian","8 ulasan · 4 foto","","","3 bulan lalu","Bintang 1 untuk manajemen yang nggak fleksibel. Kami bawa kue ulangtahun sendiri cuma buat syarat celebrate dan foto, bukan untuk dikonsumsi di tempat.
Aneh rasanya, niat mau spending jutaan buat dinner keluarga malah dipersulit …","Lainnya","","","","","Bagikan","Suka"
"https://lh3.googleusercontent.com/a-/ALV-UjX_cPgBg5WiDIrj26PgIUiCr3aWwQK7U4TCmjZYOqZeOPul9YE=w45-h45-p-rp-mo-ba2-br100","Januar Aditya Wibowo","Local Guide · 15 ulasan · 7 foto","","","3 bulan lalu","Maaf nih niat kesini buat rayain ultah anak, tp dapat kejadian yg tidak menyenangkan hanya sekedar tiup lilin saja tidak boleh membawa makanan dr luar sampai pegawai memaksa untuk menaruh makanan di kasir saya dengan sedikit nada kesal dan …","Lainnya","","","","","Bagikan","Suka"
"https://lh3.googleusercontent.com/a/ACg8ocJy28ZnDsWUbql7itxuyD8W7PH4fSl7zUJoq9vLNJOaB43SNQ=w45-h45-p-rp-mo-br100","Khonsa Thufailla","9 ulasan · 10 foto","","","4 bulan lalu","service nya juara, staf super helpful dan ramah. tempatnya oke, bersih dan tenang. steak nya lumayan enak tp sadly agak alot, waffle fries nya yummy. saus mushroom nya juga enak. untuk buffalo wings nya enak bgt. kesini untuk claim birthday dan dapetnya steak & mini cake. thank you, sukses selalu ya😍 …","Lainnya","","","","","Bagikan","Suka"
"https://lh3.googleusercontent.com/a-/ALV-UjVvcBY_Dxtck3-_JkalYkdbbbIYc4Q3X7kJPqSN5Qhbz7_RoQo=w45-h45-p-rp-mo-ba4-br100","Rizagita","Local Guide · 61 ulasan · 112 foto","","","3 bulan lalu","Ayooo merapat kesini siapa yg lg ultah???? Karena ada free steak dan kue dari double u 🫣🫣🫣 …","Lainnya","","","","","Bagikan","Suka"
"https://lh3.googleusercontent.com/a-/ALV-UjWLIUB5rfjx6-hg0BWcW4vV-hA4TBPSpN82xahikmSkp339obYW=w45-h45-p-rp-mo-ba3-br100","Asti “Aciach” Budi","Local Guide · 37 ulasan · 32 foto","","","4 bulan lalu","Steaknya selalu enak, tingkat kematangan pas.
Mix veggiesnya aja yg kurang endul.
Yang saya pesan: Australian ribeye medium well, saus barbeque","Lainnya","","","","","Bagikan","Suka"
"https://lh3.googleusercontent.com/a-/ALV-UjVx2hzMgHeZAtY0KyRg8cGrYiOO78XV33x4lhgIq1yCVFm4FhM=w45-h45-p-rp-mo-br100","Evita Dita (ditalollyta)","10 ulasan · 16 foto","","","4 bulan lalu","Pesen rib eye well done tp dateng medium bahkan cenderung rare. Nunggu 1 jam ternyata jadinya begini doang. Dan dagingnya udah ga panas.","Lainnya","","","","","Bagikan","Suka"
"https://lh3.googleusercontent.com/a-/ALV-UjXDKi38pmfxwAzvEk0iUrktRhZwhpqZLssmLoxbMGLa08HuawM=w45-h45-p-rp-mo-ba2-br100","Rabi 1680","Local Guide · 16 ulasan · 15 foto","","","3 bulan lalu","Sudah belasan kali makan disini, cuma sekali ini aja coba pesen steak yang menurut saya paling lumayan harga nya. Malah keras, banyak urat nya, gak reccomend buat saya... …","Lainnya","","Suka","1","","Bagikan",""
"https://lh3.googleusercontent.com/a/ACg8ocK17WctoFW5FkSkJsZy4zsmRKZwX2Ee4N5wW29KxeDXnUadng=w45-h45-p-rp-mo-ba2-br100","Momicha Recipe","Local Guide · 8 ulasan · 28 foto","","","8 bulan lalu","Overall puas makan disini. Aku tuh angkat dua jempol sama plating-nya. Tiap menu plating nya beda kalo jenis potato dan veggies-nya beda. Cakeeeppp…. …","Lainnya","","","","","Bagikan","Suka"
"https://lh3.googleusercontent.com/a-/ALV-UjXERWRLZ4v2cjydVIb8zw8fJD01y8oplwBtBtQt6m2_vsmnEtla=w45-h45-p-rp-mo-ba3-br100","Lusia Pansilawatiningsih","Local Guide · 22 ulasan · 21 foto","","","7 bulan lalu","Udah ke sekian kali ke sini, baru kali ini keinget untuk review... selalu TOP semuanya. Ga boong kalau memang makananya ini hasil karya seorang CHEF bukan Koki... steaknya ada rasanya. Meski pernah ke steak yang ternama lainnya ini the best …","Lainnya","","","","","Bagikan","Suka"
"https://lh3.googleusercontent.com/a-/ALV-UjV8a-IetTk8WrAAfVafPKptk4Bb3sOccMo_1DriTz9Rh2ZoNV0O=w45-h45-p-rp-mo-ba4-br100","Dzakia Nadaa","Local Guide · 80 ulasan · 259 foto","","","9 bulan lalu","Kesini waktu ultah suami. Dapat promo 1 steak gratis, dapat cake juga. So far birthday treats paling worth!
Steaknya enak, meledak. side dish enak, sausnya enak, semuanya enak.","Lainnya","","","","","Bagikan","Suka"
"https://lh3.googleusercontent.com/a/ACg8ocJTZ6JbMhW3DZZm30ANbJaVyATWMZnVpKSnJJfBZiLlJ4Si5A=w45-h45-p-rp-mo-ba3-br100","irwanto low","Local Guide · 19 ulasan · 19 foto","","","7 bulan lalu","Biasa makan saat di sebrang, baru tau pindah. Pesen prime rib medium well salah satu menu yang paling mahal. Pada saat datang malah setengah well done, stengah medium well done. Di complain malah servernya bilang kalau setengah gak bs …","Lainnya","","","","","Bagikan","Suka"
"https://lh3.googleusercontent.com/a-/ALV-UjX_mibmDXWljv0rJ7wzEgCmSsMyzFMPcPIt7FSxrWTqnIoal6_L=w45-h45-p-rp-mo-ba2-br100","Ismed 14","Local Guide · 21 ulasan · 9 foto","","","3 bulan lalu","Steak langganan dari zaman disebrang, sayang menu favorit saya sudah gak ada ""Lamb chop"" …","Lainnya","","","","","Bagikan","Suka"
"https://lh3.googleusercontent.com/a/ACg8ocJhO7MlAFvx0nEkf5olo2SWUcCYVKLzAZdRpBschjmarwTuNA=w45-h45-p-rp-mo-ba5-br100","MA","Local Guide · 134 ulasan · 616 foto","","","setahun lalu","Kemaren coba klaim birthday treat disini karena pas ultah suami ke cabang Depok dan puas banget sama pelayanan yg di depok tuh. Yg disini kurang informatif (ga kayak yg di Depok) jadi yaudah karena kita pernah makan di double u akhirnya aku …","Lainnya","","","","","Bagikan","Suka"
"https://lh3.googleusercontent.com/a-/ALV-UjWfvoGejskPhTSLP2gtUCIKAJr6O1M85pkYLzpx6r2nmVmzOgW_=w45-h45-p-rp-mo-ba5-br100","zaskya m","Local Guide · 80 ulasan · 504 foto","","","setahun lalu","ke sini weekday menjelang magrib. untuk tempat parkir di depan persis resto cuma bisa 1 mobil. tapi ada tanah kosong di depan jalan yg memang disediakan untuk parkir customer. kebetulan saat saya datang disitu penuh, jadi parkirnya didepan …","Lainnya","","","","","Bagikan","Suka"
"https://lh3.googleusercontent.com/a-/ALV-UjVvQK_0gTiqM_0CW-iaaJu3XSlMNRtosy0XVEvcxrtLo3xxlFl3=w45-h45-p-rp-mo-ba2-br100","Yunita Muawiyah","Local Guide · 8 ulasan · 12 foto","","","7 bulan lalu","Steak nya enakkkk, juicy banget. Terus ada promo untuk yg birthday dapet sirloin harga 150k + birthday cake nya. Mantappp sih!","Lainnya","","","","","Bagikan","Suka"
"https://lh3.googleusercontent.com/a/ACg8ocKkX4Vc1RtATg8sMK3nzQpnczKRY7AmDp59JwvSTJa11q8gsXk=w45-h45-p-rp-mo-ba2-br100","Nia Suniati","Local Guide · 12 ulasan · 11 foto","","","8 bulan lalu","Kesini karena lagi ultah di traktir sama suami dapat diskon happy deh.. untuk steak nya enak sesuai permitaan tingkat kematengan well done, porsi bikin kenyang banget.. next kalau ada hati special ke sini lagi makasihh🫶 …","Lainnya","","","","","Bagikan","Suka"
"https://lh3.googleusercontent.com/a-/ALV-UjVCpCW-RaK5_CKVakmWzetb6Fqmc44TLEv2VhUtOC7IkWpG7F4=w45-h45-p-rp-mo-ba4-br100","Neraini Fadzilah","Local Guide · 63 ulasan · 103 foto","","","Diedit 8 bulan lalu","Yuhu yang bikin seru dari double u steak, kalau pas ulang tahun bisa dapat free steak + kue ultah lengkap lilin cukup dengan minimal pembelian Rp100 ribu. Jangan lupa bawa SIM atau KTP! …","Lainnya","","","","","Bagikan","Suka"
"https://lh3.googleusercontent.com/a-/ALV-UjVsjtfVHptVJ5q3B8N8AKWpXUazoUWW6k5r2tG_KoM7lkRVsl5e=w45-h45-p-rp-mo-ba3-br100","Dian R. H.","Local Guide · 17 ulasan · 31 foto","","","11 bulan lalu","Ini restoran yg bikin aku bilang “beruntung banget sih jadi orang Bekasi, mau makan di kafe enak, worth it, & ambience-nya dapet, ada resto ini” wkwkwkw. Seminggu liburan ke Bekasi, 2 kali ke resto ini. Nyobain sirloin Aus & rib-eye Aus, …","Lainnya","","","","","Bagikan","Suka"
"https://lh3.googleusercontent.com/a-/ALV-UjW5cgmfmjgwu8F6uNhQB7LNyJ34txwFc63jPE2vMe4hl9Q4zg4F=w45-h45-p-rp-mo-ba2-br100","Bimo Bims","Local Guide · 6 ulasan · 25 foto","","","5 bulan lalu","Aneh padahal meja banyak kosong tapi kok disuruh waiting. Apalagi saya pesan di smoking. Terlihat jelas bagian smokingnya kosong 2-3 meja. Dibilangnya waiting. Kocak.","Lainnya","","","","","Bagikan","Suka"
"https://lh3.googleusercontent.com/a-/ALV-UjWK6Rcd_hEsrPsZsNlxFtkZLaqKFDiQG_4J8wuxYPzolJE8c0Q=w45-h45-p-rp-mo-ba4-br100","PRIMA IA","Local Guide · 139 ulasan · 98 foto","","","11 bulan lalu","Boleh kan ini disebut STEAK TERBAIK versi saya?
Udah BM setahun yang lalu, dan baru beberapa hari baru kesampaian
Steak terbaik, hospitality terbaik, dan steak terenak versi kami …","Lainnya","","","","","Bagikan","Suka"
"https://lh3.googleusercontent.com/a-/ALV-UjXDvMdjs0QZ7RobDa45F96bPWoWh21cEfh0jFfPcrY5OYjK2Vw=w45-h45-p-rp-mo-ba3-br100","hana musliha","Local Guide · 20 ulasan · 93 foto","","","6 bulan lalu","Kritik dan saran : tolong semoga bisa disampaikan, untuk kulkas ini ada di ruang bermain anak, sedangkan tempat bermainnya anak” pasti lesehan semua. Aga berbahaya pak🙏🏻 semoga bisa di pindahkan …","","","","","","Bagikan","Suka"
"https://lh3.googleusercontent.com/a-/ALV-UjUXE1Jqw3VmdFWG8Cg7Lk4GRuMjIajzyXTgCOpn0MIHjwojsjw=w45-h45-p-rp-mo-ba6-br100","Cyntia Habsari","Local Guide · 524 ulasan · 3.747 foto","","","setahun lalu","Selalu ke sini tiap ada momen spesial, contohnya sekarang. Ulang taun suami ku. Harusnya ke sini pas hari H ulang taunnya karena ada sirloin steak + dessert gratis tinggal tunjukin KTP di sertai pembelian apa aja 100k, tapi berhubung pas …","Lainnya","","Suka","2","","Bagikan",""
"https://lh3.googleusercontent.com/a/ACg8ocIuKC4PdX8OPGfbjlIQwcsIWNl_JzsCmmPsJ2n_f25cu25CV9qx=w45-h45-p-rp-mo-ba4-br100","Ayu Annisa Subiakto","Local Guide · 57 ulasan · 106 foto","","","8 bulan lalu","Makanannya gak di ragukan lagi. Enak banget.
Layanannya juga oke. Waitress sigap.","Lainnya","","","","","Bagikan","Suka"
"https://lh3.googleusercontent.com/a-/ALV-UjWRCA3as8dfgKjkzHcFlRUX_pF0sQCU0dAE7EXT0UAe-RDp2FCLXw=w45-h45-p-rp-mo-ba8-br100","Laki Bini","Local Guide · 957 ulasan · 9.283 foto","","","setahun lalu","Claim birthday steaknya yang no ribet2. Cukup tunjukin KTP/SIM dan dateng pas di hari ultah. …","Lainnya","","Suka","1","","Bagikan",""
"https://lh3.googleusercontent.com/a-/ALV-UjV6vC9Q8KDkDQ3FiuiDjfeupY2G4H-OrMiFhwO-MsrGVomTObpV=w45-h45-p-rp-mo-ba3-br100","Dhanny Harsono","Local Guide · 10 ulasan · 23 foto","","","4 bulan lalu","Pelayannya baik dan ramah, penjelasan cukup oke. kematangannya sesuai (medium). So far oke.","Lainnya","","","","","Bagikan","Suka"
"https://lh3.googleusercontent.com/a-/ALV-UjXSAlgPTMlbQc2k-ercwl8tKB8Gh5jGf24yksB8vkb0-6UP1wCl=w45-h45-p-rp-mo-ba4-br100","Nabil Raditya","Local Guide · 49 ulasan · 107 foto","","","setahun lalu","Perdana mencoba ke Double U Steak di lokasi yang baru, hanya pindah ke sebrang lokasi yang lama. Tempatnya lebih luas dan terbuka serta punya outdoor seating. Kualitas makanannya tetap terbaik! Pelayanannya juga ramah dan responsif. …","Lainnya","","","","","Bagikan","Suka"
"https://lh3.googleusercontent.com/a-/ALV-UjUuE7cxvXfnM9nu0dE18nBkeGozIdMBnukfg1GPiCyi3LJScWnV=w45-h45-p-rp-mo-ba5-br100","Dian Arianti","Local Guide · 152 ulasan · 1.155 foto","","","Diedit 9 bulan lalu","Always enaaaak 😍
udh berkali2 kesinii gapernah mengecewakan 🥰 kalo bisa improve rasa pasta pastanya yaa, soalnya menurutku pastanya kurang mantap …","Lainnya","","","","","Bagikan","Suka"
"https://lh3.googleusercontent.com/a-/ALV-UjVlMEpc0LW-1y4_xpF-0SLV_ZJVRqv6LYkUnFga_v0YDdii8jsW=w45-h45-p-rp-mo-ba2-br100","Muhammad Yogi","Local Guide · 22 ulasan · 5 foto","","","9 bulan lalu","Tempatnya nyaman, rasa dagingnya menurut saya enak bgt kalo dibandingin sama merek sebelah yg udah ada nama jauh, masih enakan Double U Steak. Rasa pasta nya saya juga suka enak dan terlebih lagi harganya yang menurut saya masih terjangkau. …","Lainnya","","","","","Bagikan","Suka"
"https://lh3.googleusercontent.com/a-/ALV-UjUzk-60xhsLmBEIUh1tFMIWaZUoljttlhBUviDQIMIPKBLfHz69=w45-h45-p-rp-mo-ba4-br100","Samuel Christian","Local Guide · 54 ulasan · 218 foto","","","setahun lalu","Tempat nya baru nih, baru pindahan. Tepat di sebrang restaurant lamanya. Datang ke sini siang hari, sekitar jam lunch di hari Sabtu. Masih sepi, nyaman sebenarnya. Hanya saja tempatnya agak panas waktu datang ke sini, padahal belum padat …","Lainnya","","Suka","1","","Bagikan",""
"https://lh3.googleusercontent.com/a-/ALV-UjXbl1r1Uvy0p_RyviCxp_w2GfE71HPYvz0164SZ4q6glvGR_dw=w45-h45-p-rp-mo-ba5-br100","Yulia Esterlita","Local Guide · 104 ulasan · 680 foto","","","setahun lalu","Tempat makan steak favorite🤩🤩 untuk keluarga, kumpul gang atau AW dengan teman2 kantor.
Rasanya mantapp, terutama steak cafe de paris! Option minumannya juga banyak.
Tempatnya bersih, nyaman dan keren! …","Lainnya","","Suka","1","","Bagikan",""
"https://lh3.googleusercontent.com/a-/ALV-UjUXGHE9P19DtKzw1DeOvdxp8Slxm8tZS3Qd6PUC5R1Mb6D6XVMc=w45-h45-p-rp-mo-ba3-br100","Nurul Afifah Febrifilia","Local Guide · 22 ulasan · 80 foto","","","setahun lalu","Baru ke sini lagi setelah pindah ke tempat yang baru. Dan shock banget waiting list ke-18 🥲
Ambience-nya jauh lebih enak banget sih dari sebelumnya, lebih bersih dan lebih …","Lainnya","","Suka","1","","Bagikan",""
"https://lh3.googleusercontent.com/a-/ALV-UjVggKiS0TOUwHgJ5mV2ICuNS7fXt5sTFQGggK3hRh4r31fWcx-3=w45-h45-p-rp-mo-ba3-br100","Lika Lindyasari","Local Guide · 15 ulasan · 97 foto","","","setahun lalu","Siapa lah anak bekasi yang gak kenal steak legend dari yg awalnya cuma ada di Bekasi ampe sekarang buka cabang di Bintaro dan Depok. Dari yg dulu program Free Birthday Steak tanpa T&C sekarang ada persyaratan baru minimum pembelian 100K. …","Lainnya","","","","","Bagikan","Suka"
"https://lh3.googleusercontent.com/a/ACg8ocLS3YXPevQixcJ-gHRetEgzVLaFFzTmW1EKKRwa5UuV8s-v2A=w45-h45-p-rp-mo-ba4-br100","Novatra Cipto","Local Guide · 121 ulasan · 198 foto","","","setahun lalu","Enak, variasi condiment-nya banyak.
Datang pakai TakOl, tnyt ada parkiran tambahan di tanah kosong seberang resto, ada tukang parkir jg. Kl parkiran depan resto cuma muat 3 mobil. …","Lainnya","","Suka","2","","Bagikan",""
"https://lh3.googleusercontent.com/a/ACg8ocKFm1mDPdtETww3zs_R4DK32kpEkN5uWpIccUHidj7CKyMmWkmv=w45-h45-p-rp-mo-ba3-br100","Yuni Khoirunnisa","Local Guide · 20 ulasan · 46 foto","","","setahun lalu","Steak dimasak dengan tingkat kematangan yang sempurna sesuai pesanan. Dagingnya juicy dan empuk, dengan bumbu yang meresap sempurna. Pelayanan juga sangat ramah dan profesional. Bagi yang berulang tahun akan dapat free cake dan steak 😱🤍🤍🤍 …","Lainnya","","","","","Bagikan","Suka"
"https://lh3.googleusercontent.com/a-/ALV-UjUVf1KmaX1WKRKIFjiRWI68M5JjH96WI7qlRyThFCY5jKHHvn0h=w45-h45-p-rp-mo-ba6-br100","Haryono,SE","Local Guide · 257 ulasan · 3.200 foto","","","7 bulan lalu","Ada banyak pilihan jenis dagingnya. Puas banget. Worthed. Recomended","Lainnya","","","","","Bagikan","Suka"
"https://lh3.googleusercontent.com/a-/ALV-UjVizIMoA9wzfJtA_y4KjVVtENY0OLDQEMkW015uGZxPKZcXtTva=w45-h45-p-rp-mo-ba4-br100","vncnt vnd","Local Guide · 40 ulasan · 81 foto","","","5 bulan lalu","Harganya sesuai.. dan ini bener” enak sih…
Steak Double U Steak juara nya local steak TOP","Lainnya","","","","","Bagikan","Suka"
"https://lh3.googleusercontent.com/a-/ALV-UjVYO76qlQlBncgH3Ob6N927YmtzeTDPoyxh5xKZlA3oHnJZ9fo=w45-h45-p-rp-mo-br100","Lutfiah Amalia","7 ulasan · 4 foto","","","9 bulan lalu","pelayanan yg super ramah dan peka bgt sama customer yg kebingungan buat naro tas tiba2 pelayan nya dateng anter kursi buat tempat tas kitaa, dan untuk yg lagi ultah bisa pesen birthday treats yg bener2 puas bgt udh gitu tiba2 di puter lagu ulang tahun jugaa wahh trimakasih yaa untuk pelayanan nya, the besttttt👍🏻 …","Lainnya","","","","","Bagikan","Suka"
"https://lh3.googleusercontent.com/a-/ALV-UjWhUJWWpncWerlpv_PCvWBJPmdz_ML3aDB1ZzFOXC59lhivVgkr=w45-h45-p-rp-mo-ba4-br100","iindahlia","Local Guide · 52 ulasan · 306 foto","","","setahun lalu","Datang saat weekday pukul 13.00. Pengunjung ramai tapi masih lelasa memilih tempat duduk. Lokasinya baru, pindah hanya ke seberang lokasi yang dulu. Semua terlihat serba bersih dan cling, nuansanya juga lebih modern dan terang. Parkiran di …","Lainnya","","","","","Bagikan","Suka"
"https://lh3.googleusercontent.com/a-/ALV-UjVZvdJ_AnYVws-dHFuaTlwHKSIAmE9lLfQTkt2D3vlwku-MV4Lp=w45-h45-p-rp-mo-ba2-br100","melissa permatasari","Local Guide · 11 ulasan · 10 foto","","","setahun lalu","tempatnya sekarang lebih besar dan cuma pindah ke seberang dari lokasi lama. kita book untuk buka puasa 10 pax, syarat reservasinya ga sulit tapi mending langsung tanya aja ke restonya sblm reservasi siapa tau mereka ada update T&C. ga …","Lainnya","","","","","Bagikan","Suka"
"https://lh3.googleusercontent.com/a-/ALV-UjW4KzhXT8O0LUqu690HA9Pv5L49mlsEsBEw26vzX7J-RM8jFX2p=w45-h45-p-rp-mo-ba4-br100","Nurul Fajrin","Local Guide · 62 ulasan · 120 foto","","","setahun lalu","bingung banget mesen menu yang paling mahal tapi malah dapetin daging yg keras bangett sampe sampe rahang geser, gilaa..malu2in ga lagi lagi deh kapok
ntah salah masak beef ny atau gmn tapi ANEH BANGET ngarepin yang menggoyang lidah tp rahang malah geserrrr","Lainnya","","","","","Bagikan","Suka"
"https://lh3.googleusercontent.com/a-/ALV-UjVCtbyvcs3lJ0lPdDCYB2kBQmIzQ1-7qbcFFISnpfTiJiWm3VNQ=w45-h45-p-rp-mo-ba6-br100","Joseph Samuel","Local Guide · 880 ulasan · 3.262 foto","","","2 tahun lalu","Pas mau masuk langsung kaget karena si mbak waitressnya langsung bilang: Bapak, dilarang bawa makanan dan minuman dari luar. Ok siap! Jadi kayaknya banyak yang bawa makanan/minuman dari luar tapi numpang di dalam. …","Lainnya","","Suka","2","","Bagikan",""
"https://lh3.googleusercontent.com/a-/ALV-UjVkif2P4pVcal3qzw0QJ_IeuSk7BrznVPJWAvLoFIIlQlJfK8E=w45-h45-p-rp-mo-ba3-br100","DN","Local Guide · 28 ulasan · 45 foto","","","7 bulan lalu","One of the best steak! Cocok untuk makan sama keluarga, pasangan dan teman. Will be back for sure","Lainnya","","","","","Bagikan","Suka"
"https://lh3.googleusercontent.com/a-/ALV-UjX7Lyjwa1o_k9kzdSQYquTMk1XMocIack0HObVU_uL3P3FymZlkEA=w45-h45-p-rp-mo-ba4-br100","Yassir Fikry (Ombink)","Local Guide · 74 ulasan · 98 foto","","","Diedit 6 bulan lalu","Enak steaknya mantap. Selalu sedap kalau makan disini. Banyak pilihan menu yang ngebuat ga bosen untuk di coba. Dan rasanya udah pasti enak. Sekarang tempatnya baru dulu masih di seberang aga sempit, sekarang udh besar lantai 2 jadi ga perlu nunggu dan suasana enak banget untu bersantai sama sanak famili. Pertahanin ya, sukses!","Lainnya","","","","","Bagikan","Suka"
"https://lh3.googleusercontent.com/a/ACg8ocJkrsACez8DK5LaJX0Yu6JQeybdAs5ScBc_lh3OWjfMkslq6Q=w45-h45-p-rp-mo-ba5-br100","Nay wijaya","Local Guide · 176 ulasan · 587 foto","","","8 bulan lalu","Makanan enak
Pelayanan ramah
Tmpt jg nyaman","Lainnya","","","","","Bagikan","Suka"
"https://lh3.googleusercontent.com/a-/ALV-UjUUzxQKI5z1s5N_LrmQ5fOeE-9oKy2zgHy6MOEjDPezhJKPMcUh=w45-h45-p-rp-mo-ba4-br100","risviantimitha","Local Guide · 39 ulasan · 178 foto","","","2 tahun lalu","Been hearing good words about Double U Steak by Chef Widhi, orang orang Bekasi bilang ini best steak in town. Kebetulan di Double U Steak ada promo Birthday Steak yang bisa ditukar di hari H ulang tahun dengan hanya menunjukkan identitas …","Lainnya","","Suka","1","","Bagikan",""
"https://lh3.googleusercontent.com/a-/ALV-UjW123LAzkfsr0E05_fsHyzrromRZimy7d6waYe5Lcun6-AuTaup=w45-h45-p-rp-mo-ba2-br100","Amelia Rani Gustiani","Local Guide · 17 ulasan · 28 foto","","","8 bulan lalu","baru tau double u steak pindah ke sebrangnya tempatnya sangat bagus rapih bersih, kl masalah rasa makanan jgn diragukan dr dulu selalu enak, saya direkomendasikan oleh staff mreka kak angga rib eye 500gram bukan dan meltique lengkap dengan side dish dan soup jamurnya sangat cocok dgn selera kami.. insya allah balik lg","Lainnya","","","","","Bagikan","Suka"
"https://lh3.googleusercontent.com/a/ACg8ocIUTq1ieVPo-hZpkiXWQDUzoWX-IksYXnp8mae3EOwpn2Bm=w45-h45-p-rp-mo-ba3-br100","Cel Le","Local Guide · 21 ulasan · 60 foto","","","2 tahun lalu","Awalnya ragu mau ke sini. Karna dari beberapa kenalan review nya mix gitu ada yang bilang enak ada yang bilang ga. Tapi akhirnya nyobain juga. Dan mesen jenis steak yang selain meltique karna takut zonk. Ga nyesel sih, enak memang. Bumbunya …","Lainnya","","","","","Bagikan","Suka"
"https://lh3.googleusercontent.com/a/ACg8ocKKfZIy89UFd2A-GPUmYciOO0c2rlhtdvaeIRn5B4wJ6KUFEQ=w45-h45-p-rp-mo-ba4-br100","Vinska","Local Guide · 51 ulasan · 185 foto","","","8 bulan lalu","Steak enak sangat juicy dan ga keras, sesuai harga. Tempatnya cukup nyaman","Lainnya","","","","","Bagikan","Suka"
"https://lh3.googleusercontent.com/a-/ALV-UjV-s9l__s1Z4vbgMSVk921b8okaWvbn0Iy_kKtHhx28SSj5FUE=w45-h45-p-rp-mo-ba4-br100","Ida Faridah","Local Guide · 34 ulasan · 19 foto","","","8 bulan lalu","Steak dparisnya worth to try, sgt enak, salmon juga ga amis en enak, cm tmpat duduk dbawah yg ac sngt terbatas hanya 3 table, en juga di smoking room pelayannya ga standby jdi agak susah jika mau order or butuh sesuatu","Lainnya","","","","","Bagikan","Suka"
"https://lh3.googleusercontent.com/a/ACg8ocIHcW6wQxDyZmBkcafg63qCPStttlI_aqzvu4-Cpb0DKx-thw=w45-h45-p-rp-mo-ba4-br100","ASP","Local Guide · 81 ulasan · 117 foto","","","Diedit 10 bulan lalu","Ketiga kalinya kesini, nagih anjay.  Steak house yang menunya enak & harga miring the best in Bekasi. Anyway, tempatnya baru ya, seberangnya lahan parkir pas. Lebih luas, lebih nyaman, dan lebih estetik. Service-nya lebih ok, table mannered …","Lainnya","","","","","Bagikan","Suka"
"https://lh3.googleusercontent.com/a-/ALV-UjVsJpN5LV0TC3R9ijweA1ZGqtt05f9aTQ0qZboyMJwsx8yj0GeD=w45-h45-p-rp-mo-br100","Anin Kumala","3 ulasan · 4 foto","","","setahun lalu","Stopped by for a quick lunch. The steak was so good, the service was great. I do appreciate untuk menu bagian daging jenis meltique di sini dibedakan. Kali ini saya pesan AUS Sirloin & Norwegian Salmon, minumannya Antioxdiant Blast & Iced …","Lainnya","","","","","Bagikan","Suka"
"https://lh3.googleusercontent.com/a/ACg8ocKI_KzI0PKdJTuo7hzVZwLHZOmk4PCPC81LTJg7TnK56x7ROA=w45-h45-p-rp-mo-ba4-br100","Rikco Cruz","Local Guide · 97 ulasan · 164 foto","","","2 tahun lalu","Rasa enak, service juga bagus, dan tempatnya juga asik.
Ada 2 lantai, no smoking semua. …","Lainnya","","Suka","1","","Bagikan",""
"https://lh3.googleusercontent.com/a-/ALV-UjVoJnVshGv8FeiK284-DbYzvV3ccSFpev7L0F87gnmxIhJI8mhq=w45-h45-p-rp-mo-ba6-br100","Thomas Hargono","Local Guide · 628 ulasan · 3.872 foto","","","Diedit setahun lalu","""Double U Steak by Chef Widhi: Surga Pecinta Steak di Bekasi!""

Siapa sangka, di Bekasi ada tempat makan steak seenak ini? Baru-baru ini saya …","Lainnya","","","","","Bagikan","Suka"
"https://lh3.googleusercontent.com/a-/ALV-UjV3KHrO9966aa8L3uFOKHVSUtY_f2Z8MaBnG4BB6r9oWpMj_6V-=w45-h45-p-rp-mo-ba2-br100","Putri Wulandari","Local Guide · 13 ulasan · 25 foto","","","Diedit setahun lalu","Sudah lama ngga makan disini, ternyata tempatnya pindah ke depannya dari tempat yang lama. Tempat barunya bagus dan lebih besar. Pesannya sirloin meltique dan rib eye meltique, keduanya enak. Garlic bread dan saos cocolannya enak banget. Parkir banyak","Lainnya","","Suka","1","","Bagikan",""
"https://lh3.googleusercontent.com/a/ACg8ocJaJvZYNFcn1AD3t18cXrhz0AQ2symnONUMnzYVlbJ60cv8FyI=w45-h45-p-rp-mo-ba5-br100","Andini","Local Guide · 125 ulasan · 244 foto","","","2 tahun lalu","Percobaan ketiga dateng, karena sblmnya penuh terus parkirannya. Akhirnya dateng sore sebelum waktu dinner, jadi aman ga waiting list.
Untuk tempat dan pelayanannya oke, kalau untuk makanannya sih juara. Tadi pesan …","Lainnya","","","","","Bagikan","Suka"
"https://lh3.googleusercontent.com/a-/ALV-UjXn9IToaD5wXsopYVcusOnO0rwzBkTqk2cy1j9UEFKN0rHdBCxY=w45-h45-p-rp-mo-ba4-br100","kancil kecil","Local Guide · 54 ulasan · 51 foto","","","setahun lalu","Steaknya enak banget, dengan harga segitu kita ud dapet level steak dengan harga jauh diatasnya, pantesan rame terus smpe antri lumayan panjang, karena rela antri demi steak enak dengan harga terjangkau, tempat cozy banget, stafnya ruamah2 poll","Lainnya","","","","","Bagikan","Suka"
"https://lh3.googleusercontent.com/a-/ALV-UjUdnGD3tzIz8gf3nuHEa3Am84ZG2Z_tsqk-AMkuAn0iymylAl0T=w45-h45-p-rp-mo-ba5-br100","Nurlita Putri","Local Guide · 119 ulasan · 1.015 foto","","","2 tahun lalu","Salah satu resto steak yang enak dan selalu ramai di Bekasi!
Suka sama tampilan dish nya.. rasanya juga enakk dan harganya affordable dengam experience yang di dapet... …","Lainnya","","Suka","1","","Bagikan",""
"https://lh3.googleusercontent.com/a-/ALV-UjWw0cZadyYW411epmIo41f-jNln0LSOQk3dLT3SGZ2bydcv270=w45-h45-p-rp-mo-ba6-br100","vind","Local Guide · 451 ulasan · 3.006 foto","","","2 tahun lalu","Gw cobain nachos nya, gw sukaa bgt samaa inii busyet, tortilla pake apasih nagih bgtt. Dipping saos nya juga seger dan fresh. Buat steak nya gw pesen tenderloin meltique rare. Barang dateng dengan kematangan sesuai naiss dan karena meltique …","Lainnya","","","","","Bagikan","Suka"
"https://lh3.googleusercontent.com/a-/ALV-UjUHkyxMCtGfWaNq8I16UU1uE0gsjsMXn3aUZ1IWtWC622uU-bw=w45-h45-p-rp-mo-ba5-br100","Jeli•motret","Local Guide · 176 ulasan · 1.254 foto","","","setahun lalu","Ga diragukan lagi aih kalau rasa makanannya.. steak dengan sife diah terenak dan pilihannya super lengkap ya disini. Udah lebih dari dua tahun ga kesini pas kesini udah pindah tempat dengan konsep yang lebih fancy.","Lainnya","","","","","Bagikan","Suka"
"https://lh3.googleusercontent.com/a-/ALV-UjWHCMUBcnGJV6E0yOHehBmK1104fKgMgaxyRHeTF3Uoxvjne-bf=w45-h45-p-rp-mo-ba3-br100","Meris","Local Guide · 44 ulasan · 68 foto","","","setahun lalu","Claim birthday treat gak pake lama gak pake ribet, dapet sirloin meltique 200gr lumayan begah🤤
Wagyu sirloin juga rasanya gak berubah dari dulu empuuuuuk …","Lainnya","","","","","Bagikan","Suka"
"https://lh3.googleusercontent.com/a/ACg8ocJ3GxgsXj-GBgMEF3Skx8dIf7TP7iAC6FRI3UpzHAIrqpFehQ=w45-h45-p-rp-mo-ba4-br100","Agus Harianto","Local Guide · 44 ulasan · 127 foto","","","setahun lalu","suasananya enak,ada 2 lantai,
makanannya juga enak,sesuai dengan harga nya
parkir lumayan ,untuk mobil bisa 5-6 …","Lainnya","","","","","Bagikan","Suka"
"https://lh3.googleusercontent.com/a-/ALV-UjWVwZY584sUjZ_qUGOYwttS8fqfLA9PE0_9cvtCM3NUznVnKQs=w45-h45-p-rp-mo-ba5-br100","Wang Cia","Local Guide · 167 ulasan · 169 foto","","","11 bulan lalu","First time kesini bcs birthday treats list, servicenya oke sebelumnya dijelaskan dahulu kalau mau claim with min spend 100k nd dapet main dish plus mini cake. Garlic bread nya keliatan agak overcooked but masi oke sama dip sauce nya overall oke si buat jadi list treats hehe","Lainnya","","","","","Bagikan","Suka"
"https://lh3.googleusercontent.com/a-/ALV-UjV-NJfvKtPCLOQPx_eRywquLjowt_MsgaSkpuGT41IynLP6WRDu=w45-h45-p-rp-mo-ba3-br100","erwin herdiansyah","Local Guide · 23 ulasan · 15 foto","","","setahun lalu","Dapet gratisan sirloin Promo Birthday + kue brownies,
Dagingnya empuk, saus creamy mushroomnya mantap. Es teh bisa minta Refill
Thanks W Steak","Lainnya","","","","","Bagikan","Suka"
"https://lh3.googleusercontent.com/a-/ALV-UjVyTBWcf-VgbP-2BrrtZw-vtvHp9Z4_KObwnsIrcjBYMM49_fY=w45-h45-p-rp-mo-ba4-br100","Fina","Local Guide · 47 ulasan · 206 foto","","","7 bulan lalu","Makanannya oke banget, tapi tempat parkirnya susah & sempit🥹🥲 …","Lainnya","","","","","Bagikan","Suka"
"https://lh3.googleusercontent.com/a-/ALV-UjVae3W96cAKiE1hGa5-T4LA5UX7hlIzbO5_AVWYCqn-9gs9-nRtag=w45-h45-p-rp-mo-ba3-br100","Icih Budi","Local Guide · 41 ulasan · 52 foto","","","2 tahun lalu","Sebelumnya sudah pernah makan disini, rasanya selalu menjadi fav dari steak lainnya. Tapi, untuk pertama kalinya coba 'free birthday steak' nya karena ultah saya. Saya fikir yg namanya free apalagi steak pasti seadanya dan ga mau expect …","Lainnya","","Suka","2","","Bagikan",""
"https://lh3.googleusercontent.com/a-/ALV-UjXK_0G2v9qMmLlTCdRYLMLvPo_2wH_AXhysO-JTSuCXESwzNVDN=w45-h45-p-rp-mo-ba4-br100","Dedi Alfian","Local Guide · 108 ulasan · 138 foto","","","7 bulan lalu","Rasa dan porsi sesuai sama harga. Worth it. Tapi nunggunya agak lama boy 🤣 …","Lainnya","","","","","Bagikan","Suka"
"https://lh3.googleusercontent.com/a-/ALV-UjXDMviGLWdfiFNr-LJoK9NrON4JeohXwlPVeeLHmZRJ5go7RBLy=w45-h45-p-rp-mo-ba3-br100","Astria Dwi More","Local Guide · 31 ulasan · 19 foto","","","2 tahun lalu","Five stars for double U steak
Enak banget disetiap gigitan …","Lainnya","","","","","Bagikan","Suka"
"https://lh3.googleusercontent.com/a-/ALV-UjUJRKfz8dDPvX_InxC2lA63AYG4nETsVR4lO1Y3B33Uj4Rkpydd=w45-h45-p-rp-mo-ba5-br100","indirlvie","Local Guide · 55 ulasan · 275 foto","","","Diedit 3 tahun lalu","Daging steak nya juicy dan lembut, gampang diiris (Saya pesan Australian Premium Rib Eye 200 gram, kematangannya yang medium). Kalau suka steak rasa asap mungkin ini bs jadi pilihan ya. Ada 7 varian sauce, saya kemarin pesan yang Creamy …","Lainnya","","Suka","1","","Bagikan",""
"https://lh3.googleusercontent.com/a-/ALV-UjVgBAffTHpvdOiQSQheOgXdIOhA3Te33I3DL9Xrj4uPLGXODDQ=w45-h45-p-rp-mo-ba4-br100","dewi mulya sari","Local Guide · 127 ulasan · 96 foto","","","11 bulan lalu","Penasaran sama tempat ini karena direkomendasi sm beberapa teman. Emang enak sih.  Baru nyoba rib eye meltique karena promo paket lunch. Sama chicken florentine. Minumannya berry fizz agak kemanisan aja. Udah dicampur 1 gelas es teh tawar masih tetap manis. Yang jelas masih mau nyoba menu yang lain. Tempatnya juga asik","Lainnya","","","","","Bagikan","Suka"
"https://lh3.googleusercontent.com/a-/ALV-UjWjS7UG5S1aOjzs2aN5fwVdgxCPzmoQNvIkOlRScnRDWoIJBFOtHA=w45-h45-p-rp-mo-ba5-br100","Farida Fathoniah","Local Guide · 149 ulasan · 557 foto","","","setahun lalu","restonya masuk gang, tapi gak jauh dari jalan utama. parkiran ada di depan resto dan di tanah kosong di sebrangnya, banyak utk motor dan mobil. utk ambience restonya cukup oke. peraturan nya cukup strict, kalau sedang ramai pakai sistem …","Lainnya","","Suka","2","","Bagikan",""
"https://lh3.googleusercontent.com/a-/ALV-UjUPnsUHe95Nd8g7p1MIj1kmc_tl0fTQnEKbWY_zBgi05BHgqyjD=w45-h45-p-rp-mo-ba4-br100","Syifaur Rahmah","Local Guide · 95 ulasan · 309 foto","","","4 tahun lalu","Kebetulan lagi di area kalimalang, gak tau mau makan apa. Sudah masuk lunch time.
Cap cip cup,, di galaxy lihat ini. …","Lainnya","","Suka","11","","Bagikan",""
"https://lh3.googleusercontent.com/a-/ALV-UjUxfqeYn9F0ok2tbEfvbgWbx_3O4CIutjExZswm-gcQg2RY24Db=w45-h45-p-rp-mo-br100","Cintia Dewi","3 ulasan · 4 foto","","","5 bulan lalu","Serloinnya mantips rasa dan aromanya cocok di lidahku","Lainnya","","","","","Bagikan","Suka"
"https://lh3.googleusercontent.com/a-/ALV-UjV45Azx2J55vLkri2Np0ttdQc-q3KzZbXAXupSn3tuEDZLUl0g=w45-h45-p-rp-mo-ba4-br100","Sayuri Rv","Local Guide · 106 ulasan · 394 foto","","","2 tahun lalu","2x makan sini, ga pernah failed.
Daging & saus nya perpaduan sangat pas.
Seperti biasa antriannya panjang, tp ga terlalu lama menunggu. …","Lainnya","","","","","Bagikan","Suka"
"https://lh3.googleusercontent.com/a-/ALV-UjXD-m9A6ZHLruPgl1Ho8VUFPGPQxCUdE1EtX1hJi8fKV_5xwbhUhA=w45-h45-p-rp-mo-ba3-br100","Mimah Candra Devi","Local Guide · 18 ulasan · 3 foto","","","4 bulan lalu","Steaknya enak sii aku suka , entah karena kematangannya aku pilih well done kali ya tapi enak siii meski aku udah kenyang duluan tapi masih pengen tetep makan aja gituu..","Lainnya","","","","","Bagikan","Suka"
"https://lh3.googleusercontent.com/a-/ALV-UjW90NU8W5va5OzhV-1yk3qNrkGjFERUOP8_jp4_KhDzMloF7p1l=w45-h45-p-rp-mo-ba4-br100","Panji Aryo Tegar Prapanca","Local Guide · 22 ulasan · 276 foto","","","2 tahun lalu","Double U Steak by Chef Widhi, steak paling enak hingga saat ini diantara banyak pilihan restaurant yang menyajikan menu steak di Jabodetabek.
Tekstur daging nya yang fresh dan di olah sedemikian rupa hingga dapat dinikmati …","Lainnya","","","","","Bagikan","Suka"
"https://lh3.googleusercontent.com/a-/ALV-UjXXpEyx8zbt9oys3IdxfcNavFXRpCWm2nssxot7hsRSgerJZ55A=w45-h45-p-rp-mo-ba4-br100","Awan Lee","Local Guide · 145 ulasan · 290 foto","","","Diedit setahun lalu","Steak nya lumayan enak..
Tapi JANGAN PERNAH mengadakan acara ulang tahun disini karena tidak boleh mengkonsumsi kue ultah yang dibawa dari luar jadi judulnya PERCUMA kalau hanya tiup …","Lainnya","","Suka","1","","Bagikan",""
"https://lh3.googleusercontent.com/a-/ALV-UjV_XYCTvwOPDVPE5qdfsEYsv9zma1B_EDvAHH74Ycrxc-7AsIqV=w45-h45-p-rp-mo-ba6-br100","Rien irianti (#diarykulineririn)","Local Guide · 340 ulasan · 1.907 foto","","","3 tahun lalu","kedua kalinya datang kesini, setelah kesempatan yang lalu gagal. Akhirnyaa hari ini kesampean juga mampir ke double u steak. Yang menurut review orang2 enak serta harga affordable. …","Lainnya","","","","","Bagikan","Suka"
"https://lh3.googleusercontent.com/a-/ALV-UjXPyoStjls1looRYgWUlW-RNzI047Ghb5sOIOi_SKamu9nql9l3sA=w45-h45-p-rp-mo-ba6-br100","Indah Asmara","Local Guide · 422 ulasan · 1.179 foto","","","setahun lalu","Ke dua kali kesini sore2, untungnya gak waiting list. Garlic bread nya otentik dgn bumbu paduan garlic,daun parsley, keju parmesan, unik rasanya asam asin wangi agak pedas sedikit.. spaghetti carbonara creamy nya terasa tapi jika kebanyakan …","Lainnya","","Suka","1","","Bagikan",""
"https://lh3.googleusercontent.com/a-/ALV-UjVIuv7DtTT8B4OrNtfQUioxLAVaj0G5WCy-abSjbBsf1hjxYEbn=w45-h45-p-rp-mo-ba3-br100","Taufik Kurniawan","Local Guide · 8 ulasan · 2 foto","","","7 bulan lalu","Kesini karena ada promo bithday, lumayan dapet sirloin steak. Dan steak nya jugaa enak.","Lainnya","","","","","Bagikan","Suka"
"https://lh3.googleusercontent.com/a-/ALV-UjUyNrSUgSgbIjIJYUJysulFlukqdIqB8uI4BAhZ4Q48TbaEQH3R=w45-h45-p-rp-mo-ba6-br100","Maria Elizabeth","Local Guide · 452 ulasan · 3.487 foto","","","setahun lalu","claim birthday treats di sini pas hari H bday aja berlakunya. minimal 100k dlu dapet sirloin steak sama brownies gt dapet lilin juga. worth it sih aku bilang, bisa pilih saus, side dish, dan carbonya juga. tempatnya lumayan luas, ada lantai …","Lainnya","","","","","Bagikan","Suka"
"https://lh3.googleusercontent.com/a/ACg8ocLa98Q7pfxTukkCva4Fcg6h9ze5SWIXICguF8D3sF9_9GXf_Q=w45-h45-p-rp-mo-ba4-br100","Venna Patricia","Local Guide · 100 ulasan · 148 foto","","","Diedit 3 tahun lalu","Double u, wow. kalau bintangnya ada 7, aku kasih 8 deh buat rasa steaknya.

ke sini ngajak saudara yang suka ngritik makanan tp pas dia coba steak di sini …","Lainnya","","","","","Bagikan","Suka"
"https://lh3.googleusercontent.com/a-/ALV-UjVQVVgCEVLeYAyQQBfPoZgq9U6Cd4MYxH1cEuQU4N4IItFbVBAa=w45-h45-p-rp-mo-ba4-br100","Ikmal Hardisa","Local Guide · 88 ulasan · 314 foto","","","4 tahun lalu","Tempatnya ada di pinggir jalan sebrang toko listrik, sampingnya ada parkiran mobil yg cukup luas, ada waiting list saat mau makan tapi ngga terlalu lama kok. Kesan tempatnya cukup nyaman dan ngga aneh-aneh. …","Lainnya","","Suka","17","","Bagikan",""
"https://lh3.googleusercontent.com/a/ACg8ocL5VVF18QRCY6dbPjuLKHY0RtWEPESYUQlkd8WxvDJSwYNab_Q=w45-h45-p-rp-mo-ba5-br100","Rizki Yunita","Local Guide · 140 ulasan · 631 foto","","","setahun lalu","Kesini waktu hari biasa dan sekitar mau jam 7 malam tidak waiting list. Mampir karena ada promo ulang tahun dengan minimum order 100k. Untuk makanan dan service overall good. Oh ya hadiah gratis steak sama cakenya juga ga ekspetasi bakalan seenak itu.","Lainnya","","Suka","1","","Bagikan",""
"https://lh3.googleusercontent.com/a-/ALV-UjXH5FhMVNp04T-NDoG38BhcoGrL84tW4BwplJGVm5pv8024Kfwd=w45-h45-p-rp-mo-ba2-br100","Laras Sugiyoto","Local Guide · 19 ulasan · 13 foto","","","3 bulan lalu","Birthday promo selalu di upgrade, pinter nih management nya buat pelanggan loyal, bukan tempat steak kaleng-kaleng. Wajib kalian coba!
Saya udah berlangganan sejak 2017!
Pertahankan ya!!!","Lainnya","","","","","Bagikan","Suka"
"https://lh3.googleusercontent.com/a-/ALV-UjWg7Wq7W_cHAmZ9Svkk6PhlMdo8bzCkAIY665Z3genYFIu5cAxl=w45-h45-p-rp-mo-br100","Okta Sulistyorini","2 ulasan · 2 foto","","","6 bulan lalu","Kesini lagi setelah hampir setahun lebih… tempatnya baru ya? Jadi lebih cozy. Pelayanannya juga lebih cepat dari sebelum renov, setidaknya seperti itu pada Sabtu sore yang lumayan padat. Masih seperti dulu rasa sirloin meltiquenya …","Lainnya","","","","","Bagikan","Suka"
"https://lh3.googleusercontent.com/a-/ALV-UjUGpzuscslBjjoE7RLfRb3zARWVExSP7M6Gr3EHa6xGzK2-heKQcw=w45-h45-p-rp-mo-ba6-br100","WHIeN","Local Guide · 379 ulasan · 3.833 foto","","","2 tahun lalu","Got my birthday treat today 😍
Bisa di claim pas hari ulang tahun disertai dengan min pembelian 100rb. Dapat australian sirloin lengkap dgn side dishnya, plus donat kecil pake lilin..cute …","Lainnya","","","","","Bagikan","Suka"
"https://lh3.googleusercontent.com/a-/ALV-UjU_IEQQXibsckpE1aISs8_X0QbVNzYz2dbxVA1Jq1h5bLnsMzg=w45-h45-p-rp-mo-ba7-br100","Putikeswara","Local Guide · 763 ulasan · 6.865 foto","","","3 tahun lalu","Parkir mobil cukup dan tersedia di sebelah restoran. Area waiting room ada di depan restoran dan akan dicatat kemudian dipersilahkan masuk oleh staff restoran …","Lainnya","","","","","Bagikan","Suka"
"https://lh3.googleusercontent.com/a-/ALV-UjUl4ICIp-UQ0i8GP7--wcX90AtZlkBlJrSF1lFWWQpA4w5zoxI=w45-h45-p-rp-mo-ba2-br100","Desy Anggita Putri","Local Guide · 11 ulasan · 17 foto","","","setahun lalu","Makanannya enak.
Pesan ribeye meltique tapi disajikan ala steak cafe de paris, pakai saus herbs butter, udah dapet salad dan kentang. …","Lainnya","","","","","Bagikan","Suka"
"https://lh3.googleusercontent.com/a-/ALV-UjUlhI2Tqd0yopKf-N-GSdpxkCDh5snyoxMHlUSmk-ga8Hy9wCY=w45-h45-p-rp-mo-ba5-br100","Nengata","Local Guide · 52 ulasan · 328 foto","","","3 tahun lalu","Best steak in town!

Steak terbaik dengan harga yang masuk akal. Kualitas dagingnya juga baik. …","Lainnya","","Suka","1","","Bagikan",""
"https://lh3.googleusercontent.com/a/ACg8ocIeOKHG-e3Fh4b6gItqyceZClFUswlXwsIuVmxj_3FRK27ijis=w45-h45-p-rp-mo-ba5-br100","Lagi Gak Aman","Local Guide · 113 ulasan · 988 foto","","","4 tahun lalu","Steak disini kualitasnya bagus dan harganya cukup affordable, dengan side dish dan sauce yang berbagai macam yang tidak ada di resto steak manapun hehe …","Lainnya","","","","","Bagikan","Suka"
"https://lh3.googleusercontent.com/a-/ALV-UjXZQurUaJ3SL9pUCm-hiWBs7xbWaFZc1Y2CFaRvgymo4Nlav3qu=w45-h45-p-rp-mo-ba6-br100","Ilham Adhi Ruswandi","Local Guide · 788 ulasan · 4.601 foto","","","3 tahun lalu","Rasanya sesuai dengan apa yang dibayangkan, walaupun harus rela menunggu beberapa saat karena waiting list, tapi semua terbayarkan saat merasakan suapan pertama steak masuk ke mulut. Juicy dan gurih daging sirloinnya langsung lumer dimulut …","Lainnya","","Suka","3","","Bagikan",""
"https://lh3.googleusercontent.com/a-/ALV-UjUnHCCvslTdRH7tPIzigxDViwewBcrZzovR7BXsmhBTRMZxTMU=w45-h45-p-rp-mo-ba7-br100","Chimogmog","Local Guide · 862 ulasan · 6.511 foto","","","3 tahun lalu","Suka banget sama steak herb butternya ya ampun enak banget. Disajiinnya pake lilin gitu dibawahnya jadi walopun makannya lambet tetep steaknya bakal selalu hangat, luv banget. Dagingnya tuh bener lembut banget dan sauce herb butternya tuh …","Lainnya","","","","","Bagikan","Suka"
"https://lh3.googleusercontent.com/a/ACg8ocJWqexXOINESPQ_BcNicFHJQNNAbOP6f_Y8dKSJNLNp53HwF-w=w45-h45-p-rp-mo-ba4-br100","Arum","Local Guide · 63 ulasan · 109 foto","","","setahun lalu","Steak terbaik sih pilihan daging banyak dan selalu enak 😭😭😍. Birthday treatnya juga gak main2, free 1 porsi. Thank you Double U …","Lainnya","","","","","Bagikan","Suka"
"https://lh3.googleusercontent.com/a-/ALV-UjWEBw9P9YSIoUlCupPbwfmyhQMekD4GY5X0Gp6cGnVdFEmNWa_d=w45-h45-p-rp-mo-ba3-br100","Wisnu Wicaksono","Local Guide · 17 ulasan · 65 foto","","","5 tahun lalu","Sesuai rekomendasi mbaknya, pesen Steak Cafe Sirloin. Terus penasaran beli juga yang Sirloin Wagyu AUS 250gr. Untuk yang ini bisa milih sayuran, saus sama karbonya. …","Lainnya","","Suka","5","","Bagikan",""
"https://lh3.googleusercontent.com/a/ACg8ocJAH3Yj2XMDL5fF1K_n8GJHHdJcsmsv0X1pG-f6KeBMKedimw=w45-h45-p-rp-mo-ba5-br100","AR","Local Guide · 392 ulasan · 762 foto","","","3 bulan lalu","Tempat nyaman dan luas,
Parkir motor dan mobil luas …","Lainnya","","","","","Bagikan","Suka"
"https://lh3.googleusercontent.com/a-/ALV-UjXvlJt1_69eHknwDq5aOtVn4ZuGZbCzbISFr7zJ4cVUpPt26m4=w45-h45-p-rp-mo-ba4-br100","vimala accala","Local Guide · 47 ulasan · 111 foto","","","2 tahun lalu","1. Lokasi : semoga tempatnya lebih keliatan lagi dari jalanan pusat kota 7/10
2. Makanan : kalo soal daging mah jangan diragukan lagi cuma sausnya kurang gerr aja …","Lainnya","","","","","Bagikan","Suka"
"https://lh3.googleusercontent.com/a-/ALV-UjVaipgG-7i70RVgWqE5eK9ilC7_jd-s2vqD-pxZIuFUoik2u2HtMA=w45-h45-p-rp-mo-ba6-br100","Luky Pambudi","Local Guide · 718 ulasan · 952 foto","","","3 tahun lalu","Masuk harus sabar antri dulu. Sekitar 15 menit sembari nunggu kita liat menu yang bisa di scan QR via HP. Saya pesan Paris apa lupa namanya, Istri sirloin, anak kids. Semuanya empuk dan bumbunya pas. Sengaja tes welldone dan medium, …","Lainnya","","","","","Bagikan","Suka"
"https://lh3.googleusercontent.com/a-/ALV-UjWZsVu8WxYYEJyFIg3k9xZpd7wk3M29-nsqrFwyxVcDV3Nd2wBt=w45-h45-p-rp-mo-ba8-br100","Didit SK","Local Guide · 1.086 ulasan · 9.005 foto","","","2 tahun lalu","Steak nya 🆗 punya, daging empuk dengan tingkat kematangan yang sesuai dengan permintaan. Yang berulang tahun dapat gratis sirloin steak yang ternyata cukup spesial karena tidak banyak lemaknya. Sayur nya ada beberapa pilihan seperti jagung, …","Lainnya","","Suka","6","","Bagikan",""
"https://lh3.googleusercontent.com/a/ACg8ocLHq3qtUcY82CfTNxYdTb_-oTV-Tufkb3QInxHqobuka9R9DL8=w45-h45-p-rp-mo-br100","Andanimu","13 ulasan · 3 foto","","","5 bulan lalu","Dari tahun 2016 sudah makan di W Steak. Untuk rasa steak ga perlu di ragukan, aglionya juga enak. Sekarang tempatnya nesar jadi lebih nyaman. Taste makanan konsisten dan selalu enak","Lainnya","","","","","Bagikan","Suka"
"https://lh3.googleusercontent.com/a/ACg8ocLjzL9g-hbgY8SkCXv6fFPEMKuMmy1zTe2rBqtplyjwzvlalPc=w45-h45-p-rp-mo-ba4-br100","Nadia (Tsara)","Local Guide · 102 ulasan · 68 foto","","","Diedit 2 tahun lalu","2 kata yang bisa nge describe seluruh experience saya selama disini. ENAK BANGET. …","Lainnya","","Suka","6","","Bagikan",""
"https://lh3.googleusercontent.com/a-/ALV-UjVerW6quzfzE8sfTnDiZvO7vs_mHGt-U-j297UW3Y7Re2v-tbeqFw=w45-h45-p-rp-mo-ba5-br100","Edith santosa","Local Guide · 167 ulasan · 1.004 foto","","","4 tahun lalu","Nyesel banget baru tau tempat ini, padahal menunya enak pake buanget... steak nya lembut, dan rasa nya mak nyoss... ga heran antriannya lumayan banyak.. tapi pelayanannya yg cepat seakan jadi kompensasi yg cakep. Ga perlu menunggu lama, …","Lainnya","","Suka","4","","Bagikan",""
"https://lh3.googleusercontent.com/a-/ALV-UjXC1KPWUlJ9G-QO-LOD8mL-heFmHvzh7nhyrJGXnawnvCCJEx7N=w45-h45-p-rp-mo-ba2-br100","Afwan Syawal","Local Guide · 4 ulasan · 4 foto","","","setahun lalu","Tiap kali main ke Galaxy selalu nyempatin untuk makan disini. Pilihan menunya banyak dan yg penting anak2 suka. …","Lainnya","","","","","Bagikan","Suka"
"https://lh3.googleusercontent.com/a-/ALV-UjX-bMngBajh4d-zRRJLWePv76jGgdwEZqf8emulAtc2CXhnbRxNjQ=w45-h45-p-rp-mo-ba4-br100","Dhita","Local Guide · 45 ulasan · 253 foto","","","3 tahun lalu","Kalo gasalah kemarin pesen tenderloin meltique, vegetables nya bake beans, potato wedges, sama black papper sauce. Enak bangett sii, recomended parahh. Oiya jangan lupa pilih yang well done dagingnya. Harga segini sangat worthit, dagingnya …","Lainnya","","","","","Bagikan","Suka"
"https://lh3.googleusercontent.com/a-/ALV-UjUAg50efPTf-MpCPFPMgaPYt664bTmaP6ySeN_m05p2uJWTPRVh=w45-h45-p-rp-mo-ba5-br100","Clover Rhapsody","Local Guide · 153 ulasan · 524 foto","","","Diedit 2 tahun lalu","Best steak place at Bekasi! Selain kualitas daging yang premium, variasi menu, bahkan disini juga ada healthy juice; …","Lainnya","","","","","Bagikan","Suka"
"https://lh3.googleusercontent.com/a-/ALV-UjWChITMluqD--_Oi9rID4DTySMUFXLCz_J6dlZIEc8yK7IABQxB=w45-h45-p-rp-mo-ba3-br100","Cicilia Novia Christaristi","Local Guide · 25 ulasan · 15 foto","","","setahun lalu","Ada harga ada rasa dan kualitas...gambar di buku menu sesuai dengan aslinya saat dihidangkan... rekomended steak enak di Bekasi 🤤sudah 2x kesini...anakku suka bgt karena dagingnya empuk... …","Lainnya","","","","","Bagikan","Suka"
"https://lh3.googleusercontent.com/a/ACg8ocIeGaFjPg8xSCBrqEGZ_hOru-sTYI5gLWCnJ-mtQIHHUgIisQ=w45-h45-p-rp-mo-ba3-br100","umu isnaenatun","Local Guide · 40 ulasan · 53 foto","","","setahun lalu","Dateng krn ada tawaran gratis steak utk bday. Worth it ya, steaknya wlo gratis ga ngasal dibikin, dapet mini cake yg ada lilinnya, niat bgt ngasih freenya😆. Pengin pesen picanha utk cafe de paris tapi kosong. Jadinya aus ribeye grain-fed. …","Lainnya","","","","","Bagikan","Suka"
"https://lh3.googleusercontent.com/a-/ALV-UjV_LsVQE1UDSes331sPIQ4kvdHvMkQgpx_BoPeat4Tn1YPwEXUs=w45-h45-p-rp-mo-ba7-br100","daniel manurung","Local Guide · 917 ulasan · 3.587 foto","","","Diedit 8 bulan lalu","Double U after renovation makin bagus dan well decorated, antrian masih menggunung, parkir masih susah. Makanan overall konsisten enak","Lainnya","","Suka","1","","Bagikan",""
"https://lh3.googleusercontent.com/a-/ALV-UjXDm2NLx7hMUSiOaXEhPx8XqtKDX6Fh9FCswJLEKuMZoLSuCLOj=w45-h45-p-rp-mo-ba6-br100","wawan - yustinus juniawan nugroho","Local Guide · 246 ulasan · 1.914 foto","","","setahun lalu","Tempat nyaman, parkiran juga tersedia…. Cota rasa Ok untik harga segini…..
Pokoknya mantabs….","Lainnya","","Suka","1","","Bagikan",""
"https://lh3.googleusercontent.com/a-/ALV-UjXuJbU3qJYG_93Qfq646ZKdSu0Tx7fv6xLIopfa97GWlfaDaQhs=w45-h45-p-rp-mo-ba4-br100","Theresia Atmojo","Local Guide · 50 ulasan · 215 foto","","","3 tahun lalu","Datang ke sini dan pas lg rame jd kami menunggu selama sekitar 5 menit. Staff sangat ramah menjelaskan menu2 dan macam penyajian steak kepada kami. Setelah selesai memesan, minuman datang sembari menunggu main course kami. Kami memesan lamb …","Lainnya","","Suka","1","","Bagikan",""
"https://lh3.googleusercontent.com/a-/ALV-UjWZP1bj-gcjjKsomnY3IW7YP5jfZRkU3EbmtlqZa-3su_PemozF=w45-h45-p-rp-mo-ba5-br100","Content Sekom","Local Guide · 208 ulasan · 774 foto","","","setahun lalu","Sumpah bagus banget restorannya sangat rekomendasi untuk mampir kesini guys 🤞🤗 makanannya enak dan tempatnya bagus banget suka dehhh 🤩❤ apalagi ditambah pakai kolmi paging system untuk pelayanan lebih mudah dan cepat 👌😃 …","Lainnya","","","","","Bagikan","Suka"
"https://lh3.googleusercontent.com/a-/ALV-UjXpBC0aGgSbkJQAGqgIAF7OyYxNFAlehge9Ec84uAwynA40KDMh=w45-h45-p-rp-mo-ba4-br100","Arawan Rizufi","Local Guide · 105 ulasan · 312 foto","","","2 tahun lalu","Kesekian kalinya kemari karena rekomendasi temen dan rasanya emang bener seenak itu. Sauce mushroomnya paling juara memang creamy gurih dan gak bikin eneg. Udah pernah cobain signaturenya, sirloin NZ, tenderloin nz juga kalau gak salah, …","Lainnya","","","","","Bagikan","Suka"
"https://lh3.googleusercontent.com/a-/ALV-UjXAnEYSm-9kFo4F9ktvnUdYQ9tdPCTgKYp402YCTxiL2d1PFVpV=w45-h45-p-rp-mo-ba5-br100","Danny Njoman","Local Guide · 268 ulasan · 455 foto","","","3 tahun lalu","Menu yang dicoba Aus Sirloin & Meltique Sirloin welldone. Rasa steaknya juara. Sausnya menurut saya enak, gurih dan creamy, pas asinnya. Kalau menurut istri kurang creamy. Sayur bayam dan baked potatoesnya juga juara, creamy kejunya enak, gurih. Harga standard. Sangat direkomendasikan.","Lainnya","","","","","Bagikan","Suka"
"https://lh3.googleusercontent.com/a-/ALV-UjWpp60VqmXQLG941pPpbI8Xeef1ZZkwKjAaRgmDL3OwI5WzrZIL=w45-h45-p-rp-mo-ba5-br100","Fatur Hariadi","Local Guide · 102 ulasan · 735 foto","","","5 tahun lalu","Steaknya gausah ditanya seenak apa, gua juga suka variasi untuk kentang dan sausnya ada banyak. Salah satu favorit gua untuk sayurnya itu adalah Ratatouille. …","Lainnya","","Suka","1","","Bagikan",""
"https://lh3.googleusercontent.com/a-/ALV-UjX9epxZ2919e0G_xvrELWwv90hnIvMp2d6BAed7ixwmF9vm41XqkA=w45-h45-p-rp-mo-ba5-br100","Irwin Deadroses","Local Guide · 109 ulasan · 904 foto","","","5 tahun lalu","1. Tempat
tempatnya unik, design bangunan dirancang sedemikian rupa sehingga tidak membosankan dan tidak terlalu kaku. …","Lainnya","","Suka","1","","Bagikan",""
"https://lh3.googleusercontent.com/a-/ALV-UjVnzzmAiXuAqEIQyiRCZ8fcOFolZGLgbzc9_P6D6PHvwAtMaI1v=w45-h45-p-rp-mo-ba5-br100","Dewi Lestari “dee” Natalia","Local Guide · 80 ulasan · 640 foto","","","2 tahun lalu","kemana aja gue selama ini? ternyata bekasi punya resto steak yang super enak dan ga mahal. …","Lainnya","","Suka","2","","Bagikan",""
"https://lh3.googleusercontent.com/a-/ALV-UjVUOXTfb6g_wbxXQmw4SK56_w6b-am8DRf0jpfSi8AD1-v9BOuw=w45-h45-p-rp-mo-ba4-br100","Fadlillah Ariani Suroso","Local Guide · 162 ulasan · 289 foto","","","3 tahun lalu","Waktu kesini ada promo pesan menu steak gratis minum ice tea atau teh tawar promonya hanya sampai jam 18.00, bisa refill juga untuk minumnya. Waktu menunggu makanan juga tidak lama sekitar 15-20 menit. Kurangnya lahan parkir, jadi parkirnya di pinggir sekitar resto. Kalau resto sedang penuh harus waiting list.","Lainnya","","","","","Bagikan","Suka"
"https://lh3.googleusercontent.com/a-/ALV-UjUa176tPDOlnZQFUyiW6ll5c9DD582YKxqzKi8V27_WB78ztMU=w45-h45-p-rp-mo-br100","Audina","7 ulasan · 5 foto","","","10 bulan lalu","Pertama kali nyobain makan disini, enak bgtttttt.. tempatnya juga bagus. Kamar mandinya bersih, mushollanya proper bgt + mukenanya wangiiiii 🥰🥰🥰🥰🥰 mas & mbaknya baik2 …","Lainnya","","","","","Bagikan","Suka"
"https://lh3.googleusercontent.com/a-/ALV-UjW6su1YFC1g0O606Z9_X5AqAjr1XmlIkndnuB107HM5fDY4khA=w45-h45-p-rp-mo-br100","Denna Lerisha","4 ulasan · 10 foto","","","2 tahun lalu","mantep banget ini dapet gratiss dr birthday treats. pelayannya ramah-ramah dan tidak sombong. steaknya enak, tebel. kuenya enak. enak semua pokonya. tempatnya juga nyaman sekali. terima kasihhhh ya chef Widhi 💖💖 …","Lainnya","","","","","Bagikan","Suka"
"https://lh3.googleusercontent.com/a-/ALV-UjU_UAPO866fjmjHtapBXF-qt3cZMjZw-L9vi6-szOQTvdQwLvFVew=w45-h45-p-rp-mo-ba3-br100","Ahmad Lathief","Local Guide · 50 ulasan · 47 foto","","","11 bulan lalu","Datang kesini buat merayakan ulangtahun, eh dikasih steak sirloin gratis!!
Free cakenya juga enaak","Lainnya","","","","","Bagikan","Suka"
"https://lh3.googleusercontent.com/a-/ALV-UjWs_6EUhXLBV3pe1UoSZg6jSy4eiWZgn9KildI-MPAb4eHcIktK=w45-h45-p-rp-mo-ba3-br100","annisa dian","Local Guide · 29 ulasan · 12 foto","","","setahun lalu","Wajib kesini apalagi kalau lagi ulang tahun! Beneran bisa makan steak gratis yang beneran enak. Cukup nunjukin ktp aja tapi hanya berlaku di hari h aja yaaa. Nambah minum sama snack cuma bayar kurang dari 60k","Lainnya","","","","","Bagikan","Suka"
"https://lh3.googleusercontent.com/a-/ALV-UjU8O-Ba9iOiXoWomMyp6Dema2s9TeuIdJzfsrn9ZvosUol0gCDu=w45-h45-p-rp-mo-ba5-br100","My_Zy_Channel","Local Guide · 121 ulasan · 361 foto","","","4 tahun lalu","Dari rasa oke bangett,,dagingnya empuk,saosnya enak,penyajian oke. Dari pelayanannya jg oke,staf menjelaskan tentang prokes utk max dine in 45menit,memastikan pesanan sesuai dgn yg dipesan. Tempatnya tdk terlalu besar tp okelah.. utk …","Lainnya","","Suka","1","","Bagikan",""
"https://lh3.googleusercontent.com/a-/ALV-UjUEfNTac-NxFF5jDD5zT5yCoDfGpx6I3UO8WAoidJl_pw42oyhijQ=w45-h45-p-rp-mo-ba2-br100","Yuni Novita","Local Guide · 8 ulasan · 3 foto","","","setahun lalu","Sukaa…
Akan kembali trus kalo mau makan steak ya ingetnya double u 🥰🥰 …","Lainnya","","","","","Bagikan","Suka"
"https://lh3.googleusercontent.com/a-/ALV-UjVDV0BSqZ_1JJZSG2JZn9neQIMfujoY6cak5HGDSY7QE0TIbUQ=w45-h45-p-rp-mo-ba4-br100","yogagori90","Local Guide · 137 ulasan · 83 foto","","","setahun lalu","Buka jam 11 siang, lewat 5 menit saja sudah banyak mobil parkir dan makan di tempat. Tempatnya nyaman, no smoking di lantai 2. Ada kolam ikannya di lantai 1, lumayan untuk hiburan anak-anak. …","Lainnya","","","","","Bagikan","Suka"
"https://lh3.googleusercontent.com/a-/ALV-UjWptIlRUrySGaWCAUMq2XGjoh7AiWbq9aFceD9TEYAvnmU3dfzI=w45-h45-p-rp-mo-br100","Giggles in the night","8 ulasan · 6 foto","","","setahun lalu","Kali ke-5 ke sini tiap merayakan ulang tahun saya / istri. steak enak dan paling worth it di Bekasi. Harga cukup terjangkau untuk kualitas yang diberikan. Tempat barunya sangat bagus dan nyaman, saya suka dengan desain interiornya yg …","Lainnya","","","","","Bagikan","Suka"
"https://lh3.googleusercontent.com/a-/ALV-UjUtPCUmf6NIdy-fjRFi9SU2lv_w6KZvCcYpU0PXtby7Z1mfSAH3wg=w45-h45-p-rp-mo-ba3-br100","Suci Yusrina Ilman","Local Guide · 56 ulasan · 8 foto","","","Diedit 4 bulan lalu","Tempatnya bagus dan nyaman, menu nya juga lumayan enak dan harganya masih affordable. Creamy spinach nya kmrn agak kurang, karena bayam nya masih ada rasa tanah/rebusan air yg sedikit mengganggu. …","Lainnya","","","","","Bagikan","Suka"
"https://lh3.googleusercontent.com/a/ACg8ocKtdEicefJ_8AG_F3FBe_faFHzvCfgVCp1IKP4-zGKq0BMYBpg=w45-h45-p-rp-mo-ba3-br100","Sifra Prilideo","Local Guide · 21 ulasan · 54 foto","","","2 tahun lalu","lucu bgt dapeett brownies mini tiba2 😋😋 thank you so much for the birthday treats …","Lainnya","","","","","Bagikan","Suka"
"https://lh3.googleusercontent.com/a/ACg8ocKBNKrojYx5qnLqafp-HgfQHW6uYtt4jCG9ihWWVr3LEe4jaA=w45-h45-p-rp-mo-ba3-br100","megawati wibowo","Local Guide · 21 ulasan · 34 foto","","","2 tahun lalu","Steik terenak dibekasi,ga tau deh bias atau ngga🤣🤣🤣pokoknya sudah nyoba dimana2 diyg katanya populer dan harganya muahal tetep balik lagi yg ter'enak tetap di double u steak,pelayanan ramah,gercep,harga sepadan dengan yg didapatkan,kualitas …","Lainnya","","","","","Bagikan","Suka"
"https://lh3.googleusercontent.com/a/ACg8ocLPmSKsB0HN_f8UQJt19tIvbz7YGwbVRf31k_e66F0WduEVmqyK=w45-h45-p-rp-mo-ba5-br100","Epeng Ferdana","Local Guide · 298 ulasan · 863 foto","","","Diedit 2 tahun lalu","makan disini karena deket sama rumah orang tua. kami pesen brisket US 300gr gratis es teh manis plus bisa refill, pesen spaghetti steak bites juga 1 porsi.kedua pesanan tersebut sangat amat tidak mengecewakan, brisketnya meskipun welldone …","Lainnya","","","","","Bagikan","Suka"
"https://lh3.googleusercontent.com/a/ACg8ocIjgfOsq_yN6NC0cpK29w_VMU9h1bVEYr9bojkr_ilVIMne1hzT=w45-h45-p-rp-mo-ba6-br100","DL S","Local Guide · 66 ulasan · 1.890 foto","","","Diedit setahun lalu","Untuk makanan rekomendasi hanya memang antrian di weekend perlu dipikirkan untuk dikurangi waktu tunggunya.
Hari ini ada kejadian yg kurang nyaman di service setelah lama datang kesini …","Lainnya","","","","","Bagikan","Suka"
"https://lh3.googleusercontent.com/a-/ALV-UjVNQslBYBUgCiWATEQZCJYOZgZ4n2GFHC5pPVygaNOyeQo6gz0o=w45-h45-p-rp-mo-ba3-br100","Maria Eustachia","Local Guide · 29 ulasan · 47 foto","","","Diedit 4 tahun lalu","Setelah melewati beberapa tahun, akhirnya merasakan birthday treat di Double U steak. Steak nya enak, suka banget. Fav anak2 spageti carbonara","Lainnya","","Suka","1","","Bagikan",""
"https://lh3.googleusercontent.com/a/ACg8ocIc6v_S96sdhggBVAEzNiGRHHaH3mfr5Rr4r-eQsvzbIsn0hQ=w45-h45-p-rp-mo-ba4-br100","Mita Novika","Local Guide · 49 ulasan · 162 foto","","","6 tahun lalu","The steak was great, aus tend meltique dan nz shirloin dagingnya empuk, berasa seasoningnya, side dish nya bnyk pilihan potato wedges ga keras meski pas sudah dingin, pas asinnta dan mashed potato nya lembut, creamy. Spagheti nya enak wangi …","Lainnya","","Suka","1","","Bagikan",""
"https://lh3.googleusercontent.com/a/ACg8ocL9TbLm_fzs0CDxJ0jOTNKCzcAkqVcHaVljwmG2VcEz8-H4mA=w45-h45-p-rp-mo-ba6-br100","kawai ona","Local Guide · 82 ulasan · 3.100 foto","","","3 tahun lalu","Tempatnya dari luar kliatan kecil tp pas masuk kedalam cukup luas, dekorasi cukup unik memakai ornamen alat2 dapur, parkiran di sebelah resto, pendapat semua teman yg bareng makan berkata steaknya enak dan besar, saosnya jg enak, …","Lainnya","","","","","Bagikan","Suka"
"https://lh3.googleusercontent.com/a-/ALV-UjWb72xtYSMfBIG-2N1oL3llEQD7mOSHKvfH2qrimWIo2yhH9Rto=w45-h45-p-rp-mo-ba3-br100","PhiPha Projects","Local Guide · 10 ulasan · 22 foto","","","3 tahun lalu","Bismillah
Steak d sini menurut ku de besstt, legittt gtu pas masuk mulut, ga alot.. kentangnya juga kita bisa pilih wedges, fried fries atau mashed.. rekomen mushroom …","Lainnya","","","","","Bagikan","Suka"
"https://lh3.googleusercontent.com/a/ACg8ocJUB0NRs0isyOr3rYuCyHNlpGBBeGZIkyfhCH4E4aZfuER0=w45-h45-p-rp-mo-ba5-br100","Dilla Olivia","Local Guide · 121 ulasan · 335 foto","","","Diedit 2 tahun lalu","Steaknya enak dan empuk.. Macam sausnya oke, apalagi yang herb butter.. Cuma waktu itu saya pesan steak well done, tapi masih kurang matang dikit. Tdnya mau minta dimatengin tp udh laper dan enak hahahaha . Harga sesuai 👍👍👍 …","Lainnya","","","","","Bagikan","Suka"
"https://lh3.googleusercontent.com/a-/ALV-UjWSApfuCIcKgKSCgH1trN7SwLRwes667DgYowE_7oTDTKjbQ42P=w45-h45-p-rp-mo-ba5-br100","Fanny Fristhika Nila","Local Guide · 76 ulasan · 874 foto","","","6 tahun lalu","Awalnya karena ratingnya tinggi di Zomato. Penasaran, dan ternyata memang seenak itu!! Daging Wagyu nya tebal, dimasak sesuai level kematangan yang kami pesan, Medium Rare. Lalu saat diicip tanpa dipping sauce, rasa daging terasa banget …","Lainnya","","Suka","1","","Bagikan",""
"https://lh3.googleusercontent.com/a-/ALV-UjWNazMP2ycNZNtP-gzdW8KIjzgvn5kQTyXWhCF2ZjusKvHtrpb5hA=w45-h45-p-rp-mo-ba6-br100","Kristo","Local Guide · 515 ulasan · 4.353 foto","","","3 tahun lalu","Pilihan menunya banyak bener daging sama sidedishnya! Wajib coba untuk pencinta steak!
Ini kmaren menu yang pesen enak banget, trus bisa masak di meja pula, jadi …","Lainnya","","Suka","3","","Bagikan",""
"https://lh3.googleusercontent.com/a-/ALV-UjVFypgzfU6AiAlwFD4nQlsZ6BMpqBejHPiLpaF7BwaFvpu9Zbqz=w45-h45-p-rp-mo-ba4-br100","Fitriana Hadi","Local Guide · 63 ulasan · 33 foto","","","setahun lalu","Kesini Krn birthday treat,. Enak sekalii,. Porsinya luar biasa besar buat sy. Untuk birthday treat nya mendapatkan free aus sirloin 200gr dan mini cake yg atasnya dikasih lilin. …","Lainnya","","Suka","1","","Bagikan",""
"https://lh3.googleusercontent.com/a-/ALV-UjU8vzbn1IVxvbg4sBR-FZ-pe5EPiLASrW_FvsOvqnsNKBVLrX8=w45-h45-p-rp-mo-ba5-br100","Oni Ruslani","Local Guide · 220 ulasan · 155 foto","","","setahun lalu","Steaknya enak, cuma saya kurang cocok dg saus barbequenya terlalu bau asap dan manis","Lainnya","","Suka","1","","Bagikan",""
"https://lh3.googleusercontent.com/a-/ALV-UjXBcaZdbRj_RzwQugmvB1cSdfNx2rIg2xmYCs7-V_GzDrbLWvqw8A=w45-h45-p-rp-mo-ba6-br100","Amalia Tri Wahyuni","Local Guide · 1.711 ulasan · 3.854 foto","","","Diedit 2 tahun lalu","lagi ngehitz banget di Bekasi. ternyata rasanya enak banget, terutama steak tenderloin dan spaghetti aglio olio(?). harga lebih pricey dibanding sama steak 21 tapi gue lebih suka ini. pengen ke sana lagi hehe. es krimnya biasa aja.","","","","","","Bagikan","Suka"
"https://lh3.googleusercontent.com/a-/ALV-UjU9nusPxK37MKmvXeXXaVPB3O_0wttzIQfKI1UuZxpBvpkFqVQ=w45-h45-p-rp-mo-ba3-br100","Kesuma Rindu","Local Guide · 16 ulasan · 55 foto","","","setahun lalu","Saya sudah berulangkali ke sini dari 7-8 (?) tahun yang lalu.

Sempat lama gak datang ternyata Double U  malah makin maju..👏🏻👏🏻👏🏻 …","Lainnya","","","","","Bagikan","Suka"
"https://lh3.googleusercontent.com/a/ACg8ocLU8uLjxqHP6dazsMiB-jtbrwVReNo-xw_7l6RwRoed6qvmOg=w45-h45-p-rp-mo-br100","Ajeng Indarefikha","7 ulasan · 17 foto","","","3 tahun lalu","Nyobain steak kuah krn korban tiktok. Ternyata emang enak. Dagingnya lembut, empuk. Gw yg ga suka garlic in general, tapi pas makan ini no complain at all. Walo rada asin buat gw krn butter nya. Brownies nya jg enak, ga enek.","Lainnya","","","","","Bagikan","Suka"
"https://lh3.googleusercontent.com/a-/ALV-UjVQ_UjLxbfNxNuxTbOOIldnW27XuhyPp8NVynUDQjcgZXJpuID-=w45-h45-p-rp-mo-ba3-br100","Ro Se","Local Guide · 14 ulasan · 23 foto","","","2 tahun lalu","Enak banget steaknya, sirloin meltique nya super empuk. Steak Cafe the paris, unik rasanya, menurut saya keasinan mungkin krn butternya, tapi enak dan empuk walau tingkat kematangannya medium well. Datang kesini jangan kesorean, waiting list. Buka nya jam 11,  waktu yang pas ke sini tuh 11:30, jam makan siang. ""Kamu harus coba""","Lainnya","","","","","Bagikan","Suka"
"https://lh3.googleusercontent.com/a-/ALV-UjXLzUcV6FUfNSDV2jaHJy7FNH9wxXJ6a_w7XrbyIHRZmjJrwUs=w45-h45-p-rp-mo-ba5-br100","SITI FATIMAH","Local Guide · 175 ulasan · 773 foto","","","4 tahun lalu","Alhamdulillah pas Dateng ga waiting list.
Penerapan prokesnya bagus, ada lt 1, 2 dan smoking area. Tersedia juga baby chair.  Service waitersnya baik dan memuaskan sih. …","Lainnya","","Suka","3","","Bagikan",""
"https://lh3.googleusercontent.com/a-/ALV-UjVEJgGY1NoB6WnMdEGQ1rZHVJDHcylgNVS9xU5I_0zwiNpkFJ5B=w45-h45-p-rp-mo-ba3-br100","Andi Chandra","Local Guide · 17 ulasan · 67 foto","","","setahun lalu","-akses parkir tidak begitu besar dan banyak
-untuk harga sesuai dengan makanannya (cukup enak)
-untuk tempat tunggu nya cukup panas saat siang hari
-untuk tempatnya cukup oke dan bagus","Lainnya","","","","","Bagikan","Suka"
"https://lh3.googleusercontent.com/a-/ALV-UjXararZRrtOQ8cyCBz6FcPB-TE8MKtRqnleau6JpW-eEuwy_5II=w45-h45-p-rp-mo-br100","Fahmi Babgei","9 ulasan · 6 foto","","","7 bulan lalu","Gak enak bgt - kecilll sekali ayamnya","Lainnya","","","","","Bagikan","Suka"
"https://lh3.googleusercontent.com/a-/ALV-UjXlbLBOm-sWI7mGsE9TUSCHFSVjReoB6lefjnyZTskytzOFZcwv=w45-h45-p-rp-mo-ba3-br100","Eka Febriyanti","Local Guide · 21 ulasan · 74 foto","","","2 tahun lalu","Makan disini sewaktu ada acara dari kantor, daging nya juicy dan kentang nya crispy parah sauce nya pilih yg bbq tapi ternyata yg spinach juga eunaaakk. ambience oke yg penting engga gelap aja heheh besokannya langsung pamer ketemen2 kantor kalau wajib coba makan disini❤️","Lainnya","","","","","Bagikan","Suka"
"https://lh3.googleusercontent.com/a-/ALV-UjUkgpXXVGEFDVWTehqxetst9pwQC6gBJYbbdHP1qTpkDJ-xDWk=w45-h45-p-rp-mo-ba3-br100","Suci Istiqamah","Local Guide · 25 ulasan · 19 foto","","","Diedit 3 tahun lalu","Makanannya enak udah ga diragukan lagi. Pelayanan agak lambat almost 1h  (lagi rame waktu itu). Ruangannya oke. Tapi agak berasap. But so far so good.","Lainnya","","","","","Bagikan","Suka"
"https://lh3.googleusercontent.com/a-/ALV-UjWwSaPYuAIdSDJp0XZ1-ihcff5fsGfYaq15zYF6tft7joxBwhUCHQ=w45-h45-p-rp-mo-ba4-br100","Andri Prayudi","Local Guide · 63 ulasan · 86 foto","","","5 tahun lalu","Steaknya enak, tingkat kematangan pas msh juicy.  Tempatnya kecil tp interior nya cozy.  Volume musik pas tdk terlalu berisik.  Staffnya super ramah, pelayanan cepat.","","","Suka","1","","Bagikan",""
"https://lh3.googleusercontent.com/a-/ALV-UjXHDEbIRtd29D8DKC9S1qoK7aNgQkhhJRvBXIXqdNBSAmXEHZ6D=w45-h45-p-rp-mo-ba7-br100","GR F","Local Guide · 1.104 ulasan · 7.278 foto","","","5 tahun lalu","Order

1. Australia Meltique Beef, Tenderloin cuts, size 200 gr, Mushroom sauce, Mashed …","Lainnya","","Suka","3","","Bagikan",""
"https://lh3.googleusercontent.com/a-/ALV-UjUh3bXN2jy7SwaG5q_RiTTK82PKZMsWgkd_IU2G0tuYcaq5GfNw-g=w45-h45-p-rp-mo-ba4-br100","Castelar Kai","Local Guide · 55 ulasan · 44 foto","","","3 tahun lalu","Mushrooms sauce nya recommend, Steaknya enak, ini mesen tenderloin melted medium well. Cm sauce BBQ nya kurang. Aglionya enak cm dgn hrg sgitu mungkin bs ditambah toping lain. Tp smuanya enak sih.. Recommend buat makan steak","","","","","","Bagikan","Suka"
"https://lh3.googleusercontent.com/a-/ALV-UjXQax_JA8ofMVhycxP0XA5wFckM_4fupU-RWZr7OvtQWT4ZMPDg=w45-h45-p-rp-mo-ba3-br100","Rio Surya","Local Guide · 35 ulasan · 85 foto","","","6 tahun lalu","Tempatnya cozy dan ramai pengunjung, steaknya rekomended.. dagingnya juicy, tidak alot, tidak aroma daging sapi, vegetablenya enak, potatonya standart, sauce standart.. minumnya free es teh refillable yg sepet2 manis.. free soup of the day yg lembut dan creamy utk pembelian happy hour jam 17-19..","","","Suka","3","","Bagikan",""
"https://lh3.googleusercontent.com/a-/ALV-UjVl90byFlFpPTr5iZ82mZtGlKlAN-cKFeDOTOPGyF5-qX7JSXU=w45-h45-p-rp-mo-ba3-br100","Nisa Asyifa","Local Guide · 41 ulasan · 20 foto","","","2 tahun lalu","Orang bekasi wajib sih cobain steak disini. Steaknya enak, pelayanannya oke banget. Cuma kalo lagi rame suka waiting list.","Lainnya","","","","","Bagikan","Suka"
"https://lh3.googleusercontent.com/a/ACg8ocJmts72bTQHw01M9kOAtYAlGFqSM1ErsAuOlr1-HIHB1vuPtFQ=w45-h45-p-rp-mo-ba4-br100","Fitriyani Kaban","Local Guide · 46 ulasan · 216 foto","","","setahun lalu","Dilarang kesini jika lapar sekali 😅
Karena antri nya luar biasa 🫣
Semua enak !
Staf nya ramah ramah 🫶🏻 …","Lainnya","","","","","Bagikan","Suka"
"https://lh3.googleusercontent.com/a-/ALV-UjWIpHm3xaYAQQEGZj8JdnI4hdZwfiIbCO4XGq9hKdSrewLd9pzCAw=w45-h45-p-rp-mo-ba3-br100","Indira Amaliasari","Local Guide · 41 ulasan · 89 foto","","","Diedit 3 tahun lalu","Enaaak. Medium rare steaknya juga perfect 😭😭 awalnya ngeluh karena tempatnya panas. Tapi steaknya enak jd bisa dimaafkan 🙂🙂 …","Lainnya","","","","","Bagikan","Suka"
"https://lh3.googleusercontent.com/a-/ALV-UjXma3C23ZuONTBk0gyvTKb55f1Q6v3lTDM9af7E0sJ80BeyfbY3=w45-h45-p-rp-mo-ba6-br100","Indah Permatasari","Local Guide · 221 ulasan · 1.448 foto","","","Diedit 3 tahun lalu","steak terenak sih so far dengan harga yang relatif masih dibawah pasaran namun rasa diatas pasaran. mashed potatonya lembuut, dagingnya lembut dan saus mushroomnya juga enak. tempat cukup cozy dengan dekorasi unik ala2 peralatan dapur.","","","","","","Bagikan","Suka"
"https://lh3.googleusercontent.com/a-/ALV-UjU20yK6fTjFO_wafkP52dK0ricI67JqKzRVmtPeeMqFvy6kHxp8LA=w45-h45-p-rp-mo-ba4-br100","Good People (Bestfriend)","Local Guide · 93 ulasan · 222 foto","","","10 bulan lalu","heran org2 bisa tau letaknya hehe padahal nyempil di dlm prum galaxy
makanannya enak sekali ala hotel bintang 5 neh...mantul","Lainnya","","","","","Bagikan","Suka"
"https://lh3.googleusercontent.com/a-/ALV-UjWOft4mIskjh2MxGckig0xi_sgqfLvAT94mLvuiWtRYbdCySxM=w45-h45-p-rp-mo-ba4-br100","indrakristy","Local Guide · 50 ulasan · 250 foto","","","2 tahun lalu","Birthday treat disini paling worth it!
Merayakan ulang tahun sendirian ga worry karena karyawan Double U steak ramah2 dan ngucapin ulang tahun ganti2an hehe …","Lainnya","","","","","Bagikan","Suka"
"https://lh3.googleusercontent.com/a-/ALV-UjUqb-NEQ6azIx3j-kfRHba1VXiazzsTkEut50h_Pr-ambA4VbrH=w45-h45-p-rp-mo-ba4-br100","Heru Soekiato","Local Guide · 40 ulasan · 91 foto","","","4 bulan lalu","Cuaca hujan lebat, waiting list 9 nama, staf resto dgn sigap tempat tunggu dipindah di dalam yang tadinya diluar, walaupun dekat WC, tapi lebih baik dari pada tunggu diluar dgn kondisi hujan.","Lainnya","","","","","Bagikan","Suka"
"https://lh3.googleusercontent.com/a-/ALV-UjUVPEzwQngzMQrOvYzD-2xVTh7ef2qJsna0-AFPo-f5Y2Rv-hl_Mw=w45-h45-p-rp-mo-ba4-br100","Aulia Fadilarsta Ramadhan","Local Guide · 50 ulasan · 78 foto","","","7 tahun lalu","Sabtu lalu diajak istri ke sini buat Birthday Dinner, ini pertama kali kita makan disini. Saya datang jam 7 dan itu sudah waiting list 2 orang sekitar 5-10 menitan nunggu udah dapat meja dan saya pesan Steak Cafe de Paris. Sementara itu …","Lainnya","","","","","Bagikan","Suka"
"https://lh3.googleusercontent.com/a/ACg8ocJV-cp-eOYvG7G5i784KSyXxRf6z8Ku7LIDX_2XV2dPirQHf1xE=w45-h45-p-rp-mo-ba4-br100","Ricky Madjan","Local Guide · 89 ulasan · 258 foto","","","2 tahun lalu","Ini steak klo mw dibandingin sama steak ijo ""a*u*a"" Sih udah jelas bakalan menang. Harganya so so tpi soal rasa ga ada bandingannya. Lokasinya juga Oke, pelayanan apalagi. Pantesan tiap mw masuk musti waitlist dulu, ternyata seenak itu!","Lainnya","","Suka","1","","Bagikan",""
"https://lh3.googleusercontent.com/a-/ALV-UjWTU1azyj_Fm71CZWlstLfnaae7RGuDCAXQcVNDrhgZXXNreRpSIA=w45-h45-p-rp-mo-ba5-br100","Dini Kartika","Local Guide · 117 ulasan · 392 foto","","","Diedit 4 tahun lalu","Nice place.
Masih menerapkan aturan mkan 45 menit dan strict terkait prokes. 👍🏻 …","Lainnya","","","","","Bagikan","Suka"
"https://lh3.googleusercontent.com/a-/ALV-UjUQOFabKa-OrOF4xVfmxRq8oRB4bcMoQQOsVITtcPEffl-7evAE=w45-h45-p-rp-mo-ba3-br100","ZONA GOZALI","Local Guide · 8 ulasan · 70 foto","","","8 tahun lalu","Disini beli rib eye 115rb blm +ppn,, dari segi harga cukup mahal tp sesuai dengan qualitas product,untuk taste,aroma,visual,sangat baik. Qualitas steak sangat baik,saya ambil saos bbq, saos bbq nya cukup enak,tp menurut saya flavournya …","Lainnya","","","","","Bagikan","Suka"
"https://lh3.googleusercontent.com/a-/ALV-UjXwFzxAHuXz4UYixPxo7mVVixYWvDXLSzxIn2Xh71tXUahFPMKkIg=w45-h45-p-rp-mo-ba3-br100","Wildan Al Khadad Aziz","Local Guide · 21 ulasan · 36 foto","","","3 tahun lalu","Tempat Makan steak terbaik yang pernah saya kunjungi. Tempatnya enak dan nyaman walaupun agak kecil tempatnya tapi masih lumayan lega di dalem. …","Lainnya","","","","","Bagikan","Suka"
"https://lh3.googleusercontent.com/a-/ALV-UjXPjbweDZbMRL67BGycTtnSGqMk980wUybsr8DGl4HkP6-tL1NR=w45-h45-p-rp-mo-ba3-br100","Rizkyani Hidayat","Local Guide · 16 ulasan · 32 foto","","","2 tahun lalu","Yang sabar antrinya. Sayangnya belum bisa reservasi online, jd harus nunggu.
Makanan nya enak, tampilan menarik, sayang ac nya kurang dingin atau mungkin krn kebanyakan orang. Tapi pelayanan nya oke, ramah dan cepat","Lainnya","","Suka","1","","Bagikan",""
"https://lh3.googleusercontent.com/a-/ALV-UjXTXCTnFw2RYXmutf35Cq_ZZYGltgKBvjndQFnUY3gF4B5OWhfl=w45-h45-p-rp-mo-ba4-br100","Dina","Local Guide · 57 ulasan · 20 foto","","","setahun lalu","dateng ke resto yang baru (ada di seberang resto lamanya) bangunannya masih baru, bersih, pelayanan cepet tp tergantung kondisi resto jg sih... minggu lalu ke sana jam 5-stgh 6 an alhamdulillah bisa lsg dapet meja (soalnya pas pulang jam 7 …","Lainnya","","","","","Bagikan","Suka"
"https://lh3.googleusercontent.com/a/ACg8ocIAgGfyW_E3a3RYtn3bZGYp4tD0-21TauHPWpC3bjzLE1Flqg=w45-h45-p-rp-mo-ba3-br100","Fauzan Fadlullah","Local Guide · 19 ulasan · 21 foto","","","setahun lalu","1. Pelayanannya sangat baik, ramah, informatif, dan cepet. Sangat patut diapresiasi (naikkin honornya bang hehe)
2. Steaknya enak bgt, medium rare sesuai, sampe lupa harganya semurah itu …","Lainnya","","","","","Bagikan","Suka"
"https://lh3.googleusercontent.com/a/ACg8ocKb7baFGNID_qxqTOb27nHB2h1k2p0wbZi5lXX-c3-NLedZ--g=w45-h45-p-rp-mo-ba4-br100","Helmi","Local Guide · 71 ulasan · 159 foto","","","3 tahun lalu","Saya selalu ingat, apabila ada sesuatu yang spesial, atau bahkan momen bahagia, double u steak adalah tujuan yang tepat. …","Lainnya","","Suka","1","","Bagikan",""
"https://lh3.googleusercontent.com/a-/ALV-UjVXa_37_nBljiwJjswbTLLW5Onzc9gA_ipUQD2AEy2-uNqlsISM=w45-h45-p-rp-mo-ba8-br100","Eko Budi Utomo","Local Guide · 1.727 ulasan · 18.016 foto","","","Diedit 5 tahun lalu","Steak yang enak dan istimewa.
Gindaranya juga enak.
Anak anak sangat suka dan selalu pengin balik kembali. …","Lainnya","","","","","Bagikan","Suka"
"https://lh3.googleusercontent.com/a-/ALV-UjXWVMDGlEUeRLDuCbDEDRfA0_axK-SXY3paMBbu6BjcoA8FW-UNJw=w45-h45-p-rp-mo-br100","Atina Opi","3 ulasan · 16 foto","","","3 tahun lalu","Steak meltiq nya enak sih lembut tp menurut saya mungil bgt dbanding steak merk H 😁 kentang goreng nya pun dikit bgt uda gitu di kasi ny yg kecil2 bukan yg utuh panjang gitu,,sayang ga ke foto yg kentang meltiq (maaf klo salah tulisan) …","Lainnya","","Suka","1","","Bagikan",""
"https://lh3.googleusercontent.com/a-/ALV-UjWstdZrF--iB6LJwTHVX_fy7gHBU_tKZXygGspTOdQDPT5shZNF5g=w45-h45-p-rp-mo-ba5-br100","Tom Iswan","Local Guide · 114 ulasan · 348 foto","","","Diedit 4 tahun lalu","Belum selesai makan sih. Nanti kalo udah dateng makanannya dan enak, baru diubah ratingnya 😁 …","Lainnya","","Suka","1","","Bagikan",""
"https://lh3.googleusercontent.com/a-/ALV-UjX6Se2C5QQLynHv_u6tMLa_VKzNm65GgJgPlxUGFTdFp9EtzwjU=w45-h45-p-rp-mo-ba5-br100","Yandi Viansyah","Local Guide · 203 ulasan · 211 foto","","","2 tahun lalu","Untuk tempatnya nyaman, parkir kendaraan cukup luas baik mobil/motor. Tempat tunggu antrian juga nyaman dan tersedia luas di luar dan di dalam. …","Lainnya","","","","","Bagikan","Suka"
"https://lh3.googleusercontent.com/a-/ALV-UjWP01xK8xosX24SyOp06K4SxS2iKAavYVuNUq7KX7ESbgXPv6Q=w45-h45-p-rp-mo-ba3-br100","Nur Fadhila","Local Guide · 14 ulasan · 35 foto","","","2 tahun lalu","best steak I ever tasted 😆
masuk ke restonya homie banget, ga salah sih selalu rame sampe waiting list. bakal jadi salah satu tempat yang harus di datengin. 👍🏻👍🏻👍🏻 …","Lainnya","","Suka","1","","Bagikan",""
"https://lh3.googleusercontent.com/a-/ALV-UjU7gHYC-P2-2e3Ser14kMYMxttDRkCZ5vEtvG40pFh1qm3U5tW0=w45-h45-p-rp-mo-ba4-br100","Lilis indah Hasiani","Local Guide · 53 ulasan · 92 foto","","","setahun lalu","overall good 85%lah ya
Kalau yang suka terang baiknya pilih diteras atau dibawah aja,saya sampai minta lilin karena kurang begitu jelas ngelihatnya padahal kesana pas lunch,emang ngk suka remang2 😃 …","Lainnya","","","","","Bagikan","Suka"
"https://lh3.googleusercontent.com/a-/ALV-UjXdtC021fJdGzaFRyCOVEiB317W5N63ZSTNvMvnkS5PNvX0DrYl=w45-h45-p-rp-mo-ba6-br100","giri gustika","Local Guide · 672 ulasan · 1.640 foto","","","Diedit setahun lalu","The best steak, congratulations, tempatnya baru lebih bagus dan luas tapi tetap saja waiting list..hehe","Lainnya","","","","","Bagikan","Suka"
"https://lh3.googleusercontent.com/a-/ALV-UjVspAxlsFbhRy33_gbEZ4glKv5gGR9X4yvF5Md8t6Q5XmHiTJhI=w45-h45-p-rp-mo-ba6-br100","Rizki Ikhbar","Local Guide · 264 ulasan · 1.673 foto","","","2 tahun lalu","Steak double U memang enak banget, saya pesan meltique sirloin steak dengan  tingkat kematangan medium, daging nya empuk, bumbu barbequenya enak. Oh iya bumbu saus mushroom juga enak, recomended banget. Terimakasih.","Lainnya","","","","","Bagikan","Suka"
"https://lh3.googleusercontent.com/a-/ALV-UjU2kN00AcJ1lX6C18vR7KLg-i8Qta8GhpZ0gLoJyui6VMsen6ZH=w45-h45-p-rp-mo-ba3-br100","Fransisca Mekar","Local Guide · 33 ulasan · 49 foto","","","2 tahun lalu","Masakannya the best banget steak hotel harga ramah di kantong. Hanya saja mesti naik 3 tangga menuju restonya, utk lansia kasian gak agak sulit naiknya 🥺 …","Lainnya","","","","","Bagikan","Suka"
"https://lh3.googleusercontent.com/a-/ALV-UjXzP_cUA7IzUbQ8yyvpLcHGlWjq6yNBLMXNQF_TOreF4WfadQ7u=w45-h45-p-rp-mo-ba4-br100","Bynick Design","Local Guide · 164 ulasan · 95 foto","","","4 tahun lalu","Steaknya enak, creamy mushroom sauce rekomen banget. Yg birthday get wagyu steak for free. Sayang sekali smoking area yg di lt 1 kecil terpojok, mau masuk harus sesuai urutan. Dan dibatasi hanya 45 mnt dr semenjak disajikannya makanan.","","","","","","Bagikan","Suka"
"https://lh3.googleusercontent.com/a-/ALV-UjUCwrCDUENzoaJ1cQ84zoFFNPLl7lklQOf80QxWcxpycXBR2UeT=w45-h45-p-rp-mo-ba3-br100","gita rmdhn","Local Guide · 43 ulasan · 59 foto","","","3 tahun lalu","steaknya 9/10 sih enak tingkat kematangannya sesuai&sausnya oke bgt. mash potatonya jugak😍 gamau dibuat ditempat yg lebih besar lg ya?hiks karna antrinya kl udh kemaleman pasti waiting listnya lumayan lama dan kmrn terakhir kesana prefer makan dimobil biar lebih cepet. …","","","Suka","2","","Bagikan",""
"https://lh3.googleusercontent.com/a-/ALV-UjX1BEqU_6m_Tc9SvB8GMaikMBm1Af79RksuHqS3h9_1fQrETE7o=w45-h45-p-rp-mo-br100","nurul fatimah","9 ulasan · 3 foto","","","setahun lalu","Semua menunya enak kebetulan lagi ultah dikasih sirloin & cake free, pelayannya super ramah sampai nawarin untuk difoto, semoga buka di Jakarta","Lainnya","","","","","Bagikan","Suka"
"https://lh3.googleusercontent.com/a-/ALV-UjXzfqWqgIEXkoZ0X3UIjShStOO7e9oAoSCvj3wUJJE94vX60KY76g=w45-h45-p-rp-mo-ba3-br100","Ika Karlina","Local Guide · 20 ulasan · 6 foto","","","2 tahun lalu","Ketiga kalinya makan di sini dan tidak pernah kecewa dengan rasanya.
Aglio olio nya enak, wagyu burgernya enak, steaknya apalagi. …","Lainnya","","","","","Bagikan","Suka"
"https://lh3.googleusercontent.com/a-/ALV-UjWAIwIRAZcqISrmk4xvPrMhrR2cIKXrH31oxckU2JV6qkmCOjCN=w45-h45-p-rp-mo-ba3-br100","Philipp Untoro","Local Guide · 44 ulasan · 6 foto","","","4 tahun lalu","Gila sih ini enak parah. gw sampe 3x makan disini dan ga bosen. padahal lagi ppkm loh.
gw pesen ribeye meltik, Australia tenderloin dan carbonara. ribeye dgn doneness …","Lainnya","","Suka","3","","Bagikan",""
"https://lh3.googleusercontent.com/a-/ALV-UjWgolvNLTVL6epknYVcCw_O1u82pVZoRkbUFPc9_sjrWpbbFNvf=w45-h45-p-rp-mo-ba5-br100","JR","Local Guide · 116 ulasan · 343 foto","","","2 tahun lalu","Wah steak nya enak banget ya, ingat jangan bilang mahal dulu ini malah murah dikomparasi dengan harga dan rasa dan ini 200-250gr loh ya, jadi kalau komparasi harus fair, yang lain juga murah banget,contoh ice lychee tea disini murah banget …","Lainnya","","Suka","1","","Bagikan",""
"https://lh3.googleusercontent.com/a/ACg8ocIq0hlJRWajaCju5K3ANopSQw_lvTeE0YoHa0G1k31Y3W6a9w=w45-h45-p-rp-mo-ba3-br100","Khouw Susyanti","Local Guide · 32 ulasan · 27 foto","","","Diedit 3 bulan lalu","Salah 1 tempat makan steak yg terenak di Kota Bekasi. Pelayanan staf nya ramah dan sigap. Sudah 7 tahun jadi tempat makan steak favorit saya dan suami. Kalau ultah mampir kesini saja karena bisa dapat 1 porsi steak gratis dan cake birthday …","Lainnya","","","","","Bagikan","Suka"
"https://lh3.googleusercontent.com/a-/ALV-UjViT0dkD_8pbD3EU92I9mg2fyJwUPP9aH3BKnZw6R0gyzoCda6U=w45-h45-p-rp-mo-ba4-br100","Farazilla Umaira","Local Guide · 58 ulasan · 173 foto","","","3 tahun lalu","Walaupun harus ngantri utk bisa dine in disini, tp ga mslh. Soalnya terbayarkan sama rasa daging steak yg juicy + empuk bgt 🥹🥹🥹
Bakalan balik lg sih bawa keluarga buat makan steak enak tp murah meriah …","Lainnya","","","","","Bagikan","Suka"
"https://lh3.googleusercontent.com/a-/ALV-UjWD9ELhfY8gFhGj8da6xghZJ3ZhbwtC13DPZFe9rZAGHrCsxteuKw=w45-h45-p-rp-mo-ba4-br100","Bertha Zoraya","Local Guide · 130 ulasan · 176 foto","","","3 bulan lalu","Enak n nyaman .sausnya enak, udah lah kesini aja .kalo birthday dpt free apa gt lah.. lupa","Lainnya","","","","","Bagikan","Suka"
"https://lh3.googleusercontent.com/a/ACg8ocJKGBpYZApblsmZU8mz4f-H6N9wKZgVTniDNWfmtZilo2Mpyg=w45-h45-p-rp-mo-ba5-br100","Satria Budi Wibawa (Satria)","Local Guide · 183 ulasan · 196 foto","","","5 tahun lalu","Lokasinya agak ngumpet karena harus masuk sedikit. Untuk pelayanannya sangat baik, mbak dan masnya ramah, tempatnya juga cukup nyaman. Rasa steak nya cukup enak namun tingkat keempukannya kurang konsisten. Overall good.","","","Suka","1","","Bagikan",""
"https://lh3.googleusercontent.com/a-/ALV-UjXGdBZ8x8shYKt8B1V_oyh2JNWXstnTv_OmZiqFNgG_TFAj0Zya=w45-h45-p-rp-mo-br100","Lingga Permata","9 ulasan · 1 foto","","","setahun lalu","Steak nya enak, tempatnya pindah & jadi lebih modern. Kenapa dikasih bintang 4 karena peraturan yang aneh. Kita gaboleh milih tempat duduk, lalu tempat private room gaboleh ditempatin padahal kosong, kita pun sudah menanyakan apa ada …","Lainnya","","","","","Bagikan","Suka"
"https://lh3.googleusercontent.com/a-/ALV-UjUOyOqhY4Mb0M-blzEF3_jm-zcVdrVdi-gk1QabUle9Gys1f12v=w45-h45-p-rp-mo-ba4-br100","KK","Local Guide · 44 ulasan · 75 foto","","","3 tahun lalu","Order signature dish, Steak Cafe de Paris, dengan pilihan daging Sirloin Meltique. Taste gurih dr butter cukup terasa. Side dish Sautèed Baby Potato jg gurih dan yummy.","Lainnya","","Suka","3","","Bagikan",""
"https://lh3.googleusercontent.com/a-/ALV-UjXLahz8JfgfLUphJ7U3wHEGkcFH7IHbOqxsktyv9sAHcKXuI8k=w45-h45-p-rp-mo-ba5-br100","nuria chaerani","Local Guide · 40 ulasan · 731 foto","","","2 tahun lalu","Dateng pas kebetulan waiting list dulu, gak terlalu lama juga. pas masuk, langsung dilayanin gercep pula, makanan Dateng, rasanya asli enak, gak mengecewakan . Pelayanan ramah pula. Worth to buy","Lainnya","","","","","Bagikan","Suka"
"https://lh3.googleusercontent.com/a/ACg8ocJxd0TcZ4-L45B-AY_Q1OPhNbTjCsfVkSVTapalu9xqRFnprw=w45-h45-p-rp-mo-br100","Coconut Mansion","4 ulasan · 8 foto","","","6 tahun lalu","Steakhouse ini desain interiornya bergaya rustic, dengan benda-benda yang tidak terpikirkan dapat digunakan kembali sebagai hiasan, misalnya panci menjadi kap lampu, talenan menjadi tatakan menu, drum minyak menjadi tatakan meja kasir, dll. …","Lainnya","","Suka","1","","Bagikan",""
"https://lh3.googleusercontent.com/a-/ALV-UjXlTYa21B_qELJH5xERqNbmmvI498p57EEHs35GPAVoRdY2iNq1aQ=w45-h45-p-rp-mo-ba3-br100","Dyah Murtisari Kusuma Dewi","Local Guide · 47 ulasan · 57 foto","","","setahun lalu","Birthday steaknya, mac & cheese, chicken karage kids dan pastanya enaaaak semuaaa. Tiap ulang tahun keluarga pasti kesini, cukup spend 100k bisa nikmatin birthday steak 😍 …","Lainnya","","","","","Bagikan","Suka"
"https://lh3.googleusercontent.com/a-/ALV-UjUY2XUzLAQgyebdWJ-kRBAMYAb0V_5uu4tknV7JDyf30bmQhP8=w45-h45-p-rp-mo-ba3-br100","Belysa Tigara Yona","Local Guide · 17 ulasan · 7 foto","","","setahun lalu","Walaupun waiting list, tapi gak ngecewain sama sekali. 1st time kesini enak bgtbgt
Rasanya Steaaaaakkkkk banget🥩 …","Lainnya","","","","","Bagikan","Suka"
"https://lh3.googleusercontent.com/a/ACg8ocJ01cI7z1_G0dRV3ugI_Ni3menHhh0A535Ig5ot3wO492R_KA=w45-h45-p-rp-mo-br100","xxnapxx 1495","4 ulasan · 4 foto","","","setahun lalu","Pelayanan dan makan ok. Untuk promo steak sirloin daging berserat dan kurang empuk.. utk promo birthday steak empuk dan enak.","Lainnya","","","","","Bagikan","Suka"
"https://lh3.googleusercontent.com/a/ACg8ocJvbst3meGCWQgv32dJJfNZfPZE3iwRmsU31vLVgBHxNg9s5Q=w45-h45-p-rp-mo-ba3-br100","Deasy Reza","Local Guide · 61 ulasan · 24 foto","","","7 bulan lalu","Udh berkali2 kesini tiap bln mampir, makanan oke banget.. service excellent.. tp atmosphere saya kasih bintang 3 ya, krn pas adzan musiknya gak off.","Lainnya","","","","","Bagikan","Suka"
"https://lh3.googleusercontent.com/a/ACg8ocLgv0k8uNh2tHkNIrX1ylelYB8YUOMl0zCdX49JGd6Pfnblcg=w45-h45-p-rp-mo-br100","Casaloma Furniture","2 ulasan · 4 foto","","","2 tahun lalu","Selalu balik lagi balik lagi makan di sini, makanan ga pernah failed. Udah nyobain beberapa menu selalu suka taste nya. Staff ramah2, dan selalu jd agenda tahunan birthday selalu makan di sini, soalnya dapay free steak  dan free cake buat …","Lainnya","","","","","Bagikan","Suka"
"https://lh3.googleusercontent.com/a-/ALV-UjUEvZWXUTHmB_7cZcYPA4hAVP-QJfVl66EeBAmlQd2Ldy3QsBtu=w45-h45-p-rp-mo-ba4-br100","Rahardian Dwipayana","Local Guide · 116 ulasan · 68 foto","","","4 tahun lalu","Ga pernah kecewa sama resto satu ini  emang sih sekarang sedikit overpriced karena ada ppn + sc tapi yaa,kalau mau makan affordable steak dengan harga yang relatif murah di kelasnya ya pilih ini di cabang bekasi. Karena pesen 1 porsi itu …","Lainnya","","Suka","1","","Bagikan",""
"https://lh3.googleusercontent.com/a-/ALV-UjXSa7_TN4-ID-mkPmz5qtJy76JJ-xhOUCuoCYXH0aXliQC9Gp44JQ=w45-h45-p-rp-mo-ba5-br100","Chen JO","Local Guide · 121 ulasan · 258 foto","","","2 tahun lalu","Tempat makan steak yang memiliki rasa yang enak dan harga yang ekonomis, disini kalau lagi ulang tahun bisa makan steak gratis guys, jadi buat kalian yang lagi ulang tahun tinggal tunjukin aja KTP atau SIMnya nanti dikasih steak gratis sama …","Lainnya","","","","","Bagikan","Suka"
"https://lh3.googleusercontent.com/a-/ALV-UjUr3Le1ji7U1_4sxb_Wmb7l77s-eFH5FgTa9Yk7MU4eOH06Ww-L=w45-h45-p-rp-mo-ba4-br100","Nila Kusuma Dewi","Local Guide · 34 ulasan · 152 foto","","","Diedit setahun lalu","Steak favorit 🤎😮‍💨
Selalu rame. Kalo buat dinner, saran dateng sebelum magrib aja. Kalo abis magrib pasti wl panjang. …","Lainnya","","","","","Bagikan","Suka"
"https://lh3.googleusercontent.com/a-/ALV-UjW5Ta-053xqvWdZX5hN92Ue6EIK_WBc7skHayOU0i56zIau5NFP=w45-h45-p-rp-mo-ba2-br100","anggara rengga wardana","Local Guide · 25 ulasan · 4 foto","","","2 tahun lalu","Steaknya enak sekali, pelayanan cepat, parkir mobil memang agak susah, terbatas sekali, meskipun sudah ada area kantong parkir khusus masih tidak muat, tetapi ada tukang parkir yg selalu sigap mengarahkan parkir di mana, akhirnya dapat di depan ruko seberang.","Lainnya","","","","","Bagikan","Suka"
"https://lh3.googleusercontent.com/a/ACg8ocJgvAxafXEf_QrodJgs9iaS2bcCbJFdBd3KuGE3nm0ca5pLeA=w45-h45-p-rp-mo-ba3-br100","afin afini","Local Guide · 23 ulasan · 5 foto","","","4 bulan lalu","Service ok, saya minta ganti minuman yang belum selesai dan terlanjur diberesin, dan diganti , karyawan nya ramah dan profesional, mantab training nya","Lainnya","","","","","Bagikan","Suka"
"https://lh3.googleusercontent.com/a-/ALV-UjVA6sfLC3JvXR_doYgWH9NOUfpaZnUJsusf7Yx4vBbvxab2L4A=w45-h45-p-rp-mo-ba4-br100","Adisha","Local Guide · 42 ulasan · 54 foto","","","Diedit 2 tahun lalu","Buat kalian yang lagi ulang tahun, boleh banget nih dateng kemari. Tinggal tunjukin KTP bisa dapet free sirloin steak dan juga mini birthday cake. Dine-in only, ga berlaku buat take away. Sambil nunggu steaknya dateng, kita dikasi free …","Lainnya","","Suka","2","","Bagikan",""
"https://lh3.googleusercontent.com/a-/ALV-UjUZz5amGzs7giM-IKHNhfZXc2382TvylKyaAodd_6jmSn7dtZY=w45-h45-p-rp-mo-ba4-br100","Sie ferry","Local Guide · 162 ulasan · 124 foto","","","4 tahun lalu","Hidden gem di Bekasi. Steak enak rasa bintang 5 , dengan harga wajar. Tempat parkir mobil ada di sebealh resto, cm bisa 1x order dan waktu makan 45 menit setelah makanan dihidangkan. Kmrn cobain French salmon steak, chicken steak …","Lainnya","","Suka","3","","Bagikan",""
"https://lh3.googleusercontent.com/a/ACg8ocIZtcNJMwD0xj1MghFRyXwy_z0-EHuK6jw7qql6PDjdSTYY3w=w45-h45-p-rp-mo-br100","Indah Sukma","6 ulasan","","","4 bulan lalu","ENAAKKK BGT SEMUA MENU MAKANANNYA, NO DEBAT!!
Cumannn harooss rela ngantrriii kalo pas wiken atw hari libur","Lainnya","","","","","Bagikan","Suka"
"https://lh3.googleusercontent.com/a-/ALV-UjVkKiBsUmvZZteJF4Tmr4sKR_45dx7ujnCNxerB413nGdyRfxpT=w45-h45-p-rp-mo-ba3-br100","Ery Setyo","Local Guide · 46 ulasan · 37 foto","","","2 tahun lalu","Birthday dinner at @Doubleusteak

Kedua kalinya makan disini. Pas dateng dapet waiting list, tapi ngga terlalu …","Lainnya","","Suka","2","","Bagikan",""
"https://lh3.googleusercontent.com/a-/ALV-UjX-frwTjGZSMczG2nNTwigEU1tiuH7rA9i8pV0zm2tswQghOI4=w45-h45-p-rp-mo-ba4-br100","Lusia Rumsari","Local Guide · 61 ulasan · 53 foto","","","Diedit 6 tahun lalu","Lahan parkirnya lebih luas dari yang di bintaro. Untuk kualitas dagingnya, yg di bekasi. Entah kenapa terasa sedikit lebih alot, padahal sudah pesan menu yang wagyu. Saus herb butternya ketika disajikan butternya masih beku, jadi kurang nikmat ketika disantap. But overall it's okay.","","","","","","Bagikan","Suka"
"https://lh3.googleusercontent.com/a-/ALV-UjUOO-f1C2Z--DgQUbRBXNZMmAFAkTvVzfvPu5PXB1ua_92dV8U=w45-h45-p-rp-mo-ba3-br100","Ricka D","Local Guide · 23 ulasan · 123 foto","","","2 tahun lalu","Tumben dagingnya hambar, ga ada rasa seasoningnya, steak yg paling enak di Bekasi walau so Pricy.","Lainnya","","","","","Bagikan","Suka"
"https://lh3.googleusercontent.com/a-/ALV-UjX4I_AzvtawOxCQ3nqMiYQScbFV_3p2Ht2-U481e6QhOhiXdkf2=w45-h45-p-rp-mo-ba2-br100","Marina Tisya","Local Guide · 19 ulasan · 36 foto","","","7 bulan lalu","Saya order by online, rasanya tidak seperti biasanya, apakah chefnya ganti, kok rasaya asin bgt, saya pesen salmon steak yg creamy spinach  dan spageti salmon, maaf adi ga kemakan sama sekali,","Lainnya","","","","","Bagikan","Suka"
"https://lh3.googleusercontent.com/a-/ALV-UjWxVpkoWtVPofLIDt6RR4-7figZBkml0xQuxHrl2s36qNPHpM5S=w45-h45-p-rp-mo-ba5-br100","faizal karimuddin","Local Guide · 282 ulasan · 815 foto","","","Diedit 2 tahun lalu","Salah satu restoran steak paling enak di bekasi, ada promo sirloin steak gratis untuk yang sedang ber ulang tahun. Lokasi parkir cukup luas dan berada disebelah restoran, namun tempat parkir sering penuh karena banyaknya pengunjung.","Lainnya","","Suka","1","","Bagikan",""
"https://lh3.googleusercontent.com/a-/ALV-UjV_RdzEtdhDfyyJB9HNSaAASMenl9XwI1rqdtwLSIVaTgSmbonf=w45-h45-p-rp-mo-ba3-br100","Lili Aprilia","Local Guide · 45 ulasan · 40 foto","","","2 tahun lalu","Udah sering makan disini karena deket rumah. Untuk pelayanannya bagus walaupn sebelum masuk harus waiting list dlu, rasa steaknya gak diragukan lagi sih, suasananya jga nyaman.","Lainnya","","","","","Bagikan","Suka"
"https://lh3.googleusercontent.com/a-/ALV-UjXQ4-5mErONKMmKUDF4H7TtxQy70L1a-7u8t1YVCiIge7yKeiR2=w45-h45-p-rp-mo-ba4-br100","Reni Retnowati","Local Guide · 75 ulasan · 223 foto","","","Diedit 3 tahun lalu","Tempatnya cozy n klo yg ultah pas dihari H bisa langsung dateng tunjukin ktp trus lgsg dapet deh free nya no ribet"" ...
Terima kasih!","Lainnya","","","","","Bagikan","Suka"
"https://lh3.googleusercontent.com/a/ACg8ocIeY1o8N3PbnyF3rmeub9TZ5HuB7K5w8qx_SpzxDSP17D_uKw=w45-h45-p-rp-mo-ba3-br100","Gusti Rayi","Local Guide · 18 ulasan · 59 foto","","","3 tahun lalu","Walaupun tempatnya enggak besar tapi nyaman dan bersih,lalu disebelahnya ada tanah kosong untuk parkir. Staffnya juga ramah banget,jadi kalo ada yg mau nanya soal menunya nanti bakal dijelasin lengkap..bahkan kalo pesanan kita ternyata …","Lainnya","","","","","Bagikan","Suka"
"https://lh3.googleusercontent.com/a/ACg8ocJ1ZEEje0eRQGamLpb2sihjflSp2CG84FtHF_XAnxb15Clxzw=w45-h45-p-rp-mo-ba3-br100","Irene Yulita","Local Guide · 41 ulasan · 9 foto","","","3 tahun lalu","2 kata : enak bgt. Pesan sirloin melt med rare, spinach, pom pom, garlic butter sauce. Lembut bgt, juicy, gurih. Untuk kentang wedges sedikit keasinan tapi tetap enak. Waiting list nomor ke 10 menunggu 30 menit tapi tempat menunggu masih …","Lainnya","","","","","Bagikan","Suka"
"https://lh3.googleusercontent.com/a-/ALV-UjWmlwWASoZZhNpoUIrTRgJLg1mEah7Jfc8Srls8nTI_wp_dPzLq=w45-h45-p-rp-mo-br100","Okta Julian Windari","5 ulasan · 3 foto","","","10 bulan lalu","Makanannya enak, cocok untuk kumpul bersama teman dan keluarga. Recomended","Lainnya","","","","","Bagikan","Suka"
"https://lh3.googleusercontent.com/a/ACg8ocLsCENysMAoU59iHzMJRtpP71-8A4rNocwA6IzlmMn6GcDKww=w45-h45-p-rp-mo-ba4-br100","yos binsar","Local Guide · 47 ulasan · 91 foto","","","2 tahun lalu","Katanya steak paling ramai di area galaxy bekasi, datang kesini karena undangan ultah ponakan. Rasanya cukup enak dibandingkan dengan harga. Hanya ruangan terlalu sempit, kurang nyaman waktu makan.","Lainnya","","","","","Bagikan","Suka"
"https://lh3.googleusercontent.com/a-/ALV-UjWFdGYpZEK2Gp5lbs4_AK24hehlDohcO83uHC4rRvpGJFLBn-fPEQ=w45-h45-p-rp-mo-ba4-br100","Three Wuri","Local Guide · 49 ulasan · 265 foto","","","Diedit 5 tahun lalu","Kesini selalu pada saat promo lunch🤭🤭

Pekan lalu (beberapa hari sebelum puasa) saat promo dapat tenderloin tanpa lemak …","Lainnya","","","","","Bagikan","Suka"
"https://lh3.googleusercontent.com/a/ACg8ocIkuvewXkQ2ckatd8tKDr4Uldb8fdxQgg-OrfnlPgP9OkSQZiY=w45-h45-p-rp-mo-ba3-br100","Kamilia Puteri","Local Guide · 28 ulasan · 42 foto","","","8 tahun lalu","Tempatnya asik, cukup instagramable. Makanannya kemaren pesen rib eye meltique + potato mashed + brocoli cheese + butter herb sauce tingkat kematangannya medium. Untuk rasa menurutku terlalu asin dari rasa daging bahkan sampe saos yg …","Lainnya","","Suka","1","","Bagikan",""
"https://lh3.googleusercontent.com/a-/ALV-UjXngPK01rUVECrMI5Jkp_YZrKTMCDZB8F2eNw5iCMGRuDn-zqti=w45-h45-p-rp-mo-ba5-br100","Ruth Caroline","Local Guide · 133 ulasan · 951 foto","","","4 tahun lalu","Steaknya enakkk bangett, lembutt.
Bumbu blackpaper, sayurannyaa enakkkk
Minuman lemon tea nya bisa di refil. …","Lainnya","","Suka","1","","Bagikan",""
"https://lh3.googleusercontent.com/a-/ALV-UjVel0lFeVMmuY0cwnVRJ5AaIq_wVIK-bDpjytYXYXqeRlA0Uf0r4w=w45-h45-p-rp-mo-br100","merdiana dwitrasti","4 ulasan · 2 foto","","","3 tahun lalu","Udah berkali-kali kesini. Salah satu resto steik terbaik yang ga pernah failed rasanya menurut saya. Selalu konsisten enak ga pernah berubah. Dari resto masih 1 lantai sekarang sudah 2 lantai masih saja ramai dan seringnya waiting list dulu …","Lainnya","","Suka","1","","Bagikan",""
"https://lh3.googleusercontent.com/a-/ALV-UjWGWXtqzVjly_bvmgDjcRj_mEj8cqQ_E3qrIB63qxQiP94kBjM=w45-h45-p-rp-mo-ba5-br100","dedi uswan","Local Guide · 100 ulasan · 379 foto","","","3 tahun lalu","Tempat makan steak yg recommended.
Rasa : bintang lima
Harga : relatif
Suasana resto : enak & nyaman bgt","Lainnya","","Suka","1","","Bagikan",""
"https://lh3.googleusercontent.com/a-/ALV-UjV6shW7jxGQ-lTJTXiL55lBhxF3IVBUJsqMPjD3bCHME4L-p_NV=w45-h45-p-rp-mo-ba3-br100","Putri Andini","Local Guide · 25 ulasan · 38 foto","","","5 tahun lalu","Harganya pas di kantong tapi makanannya benar-benar worth it. Untuk ukuran steaknya mengenyangkan banget dan rasanya juga selalu enak. Pelayanannya pun juara banget. Makanan datangnya cepat, ga perlu nunggu lama dan pelayannya selalu ramah dan cepat tanggap. Suasananya pun homey banget dan bikin nyaman. Selalu puas kalau ke sini.","","","Suka","1","","Bagikan",""
"https://lh3.googleusercontent.com/a-/ALV-UjWTwefqrdiQQ6Ii8ZBBsDcbOQayna_f8tB1QY8Q02LUUEP6D9CY=w45-h45-p-rp-mo-ba4-br100","Sri Mujirahardjo","Local Guide · 51 ulasan · 201 foto","","","7 tahun lalu","Steaknya enak agak alot dikit karena aku pesen well done, porsinya pas, mengenyangkan, minumnya enak (es leci)...","","","","","","Bagikan","Suka"
"https://lh3.googleusercontent.com/a/ACg8ocK2EHMmnLOGDrlB-ahl5d6ikztOHvTTmuWM1TEO-VilI-lyQw=w45-h45-p-rp-mo-ba4-br100","TheWhite House","Local Guide · 85 ulasan · 77 foto","","","5 tahun lalu","Harga dan rasa yang worthy....good ambiance....poorly selalu antri🤭 .... jadi kalo pas laper better reserved sebelumnya
Untuk bumbu yg udh d coba mushroom,garlic butter sama bbq....semua enak....hanya untuk bumbu bbq nya too bold.... …","","","","","","Bagikan","Suka"
"https://lh3.googleusercontent.com/a-/ALV-UjUSyIq4aq0O4aA5uBeXqU130gica4YYP9zZOqLBahccRIEIcAZG0A=w45-h45-p-rp-mo-ba4-br100","Anggie (Anggie)","Local Guide · 133 ulasan · 173 foto","","","2 tahun lalu","Delicious ... me like it
Saya order cheese puffs .. enak pk chimicurry dipping
Trus yg share steak...banyak bgt...bs buat ber 4 sebenernya..smp akuh bawa …","Lainnya","","","","","Bagikan","Suka"
"https://lh3.googleusercontent.com/a/ACg8ocKLhG8OVU5ylCKgKIIZ1urDVCXRN9_zLFOZNoDy_H0xtIwNg2Y=w45-h45-p-rp-mo-ba4-br100","silvany dwi","Local Guide · 130 ulasan · 148 foto","","","3 tahun lalu","Pertama kali makan disini, pelayanannya baik dan waitersnya humble nunggu makanannya cepet. Yang paling penting rasanya enak, minuman ice tea nya bisa di Refill, meskipun pesen yang well done tapi dagingnya empuk dan kalo ga sesuai pesanan bisa di sesuaikan kembali","Lainnya","","","","","Bagikan","Suka"
"https://lh3.googleusercontent.com/a-/ALV-UjXgzkbuN5T_Fuv7CPh_sfd9nY7YImgtA65BAai2DaS0_JcSbpUjiw=w45-h45-p-rp-mo-ba4-br100","Citra","Local Guide · 89 ulasan · 319 foto","","","5 tahun lalu","Lokasinya ada di Galaxy, Bekasi. Overall cukup puas dine in disiniii, pelayanan yang diberikan udah oke banget udah sesuai protokol kesehatan. Disediain hand sanitizer, cek suhu, menu yang disajikan by barcode, dan juga disini untuk dine in …","Lainnya","","Suka","1","","Bagikan",""
"https://lh3.googleusercontent.com/a-/ALV-UjUHdlurjKpWoY11Mmj84WythSQ3mXPRlE6sEbcdXQxwtCf5ZolT=w45-h45-p-rp-mo-ba2-br100","Amelia Agnes","Local Guide · 14 ulasan · 31 foto","","","5 tahun lalu","Pesan yang banyak di pilih yakni Rib Eye Australian Meltique Beef dengan creamy mushroom sauce, brokoli cheese, pom pom.... buat ku enaaak daging empuk dan juicy... cuma porsi side dishnya krg banyak.... …","Lainnya","","Suka","2","","Bagikan",""
"https://lh3.googleusercontent.com/a-/ALV-UjVpgiEqd9sY4sUKrDpXdTjNbbLZYQIaeAKSoZYm1LFhgWxp0Nw=w45-h45-p-rp-mo-ba4-br100","anny alfianti","Local Guide · 96 ulasan · 294 foto","","","3 tahun lalu","Steak enak. Minuman bisa refil. Suasana rame bgt. Jd agak bising utk yg suka tempat tenang. Kl hr sabtu dan minggu rame bgt. Smp waiting list cukup panjang.","Lainnya","","","","","Bagikan","Suka"
"https://lh3.googleusercontent.com/a-/ALV-UjVJ1NXwYe99LV4cPmvDA8u4plegftdTgc-qOs6BwcL5mqr_cFNo=w45-h45-p-rp-mo-ba4-br100","Ryan (NinjaWarrior)","Local Guide · 62 ulasan · 222 foto","","","4 tahun lalu","Saat PPKM dengan pembatasan jam makan, ada pilihan dine in car, jadi bisa makan dengan tenang dan nyaman, diantar makanan masih hangat dan diberi plastik sehingga aman saat diantar. Untuk dagingnya enak pelayanan ramah.","","","","","","Bagikan","Suka"
"https://lh3.googleusercontent.com/a-/ALV-UjXNwW0tA2cBrn39wMX-S4FccXmX9xYIFXmv0wclTyIsXiiq3go=w45-h45-p-rp-mo-br100","Steven Putera Liantoro","7 ulasan","","","7 bulan lalu","Tempatnya oke cukup nyaman, rasa steak nya juga lumayan kok. Recomended lahhh","Lainnya","","","","","Bagikan","Suka"
"https://lh3.googleusercontent.com/a-/ALV-UjUNkHV-NfAB2eJwcmWvjtMa1jvOinMgpxcLz2ZnBBtfoGo406A=w45-h45-p-rp-mo-ba3-br100","DIAMOND 24k","Local Guide · 58 ulasan · 15 foto","","","Diedit setahun lalu","Disuruh makan dibawah kalau anaknya makan nasi ditempat, bahkan kalau anaknya masih umur kecil tetap tidak boleh bawa nasi sendiri...
Bukan gak pesen menu disana yg orang besarnya, cuma 1 kotak nasi puti sisaan …","Lainnya","","","","","Bagikan","Suka"
"https://lh3.googleusercontent.com/a-/ALV-UjWxeMuGv-2XaVqbsEYB0vG917bRe9PtXEwAPsn5kurWBNHeKNpP=w45-h45-p-rp-mo-ba5-br100","TRISNA FAJAR Prasetyo","Local Guide · 261 ulasan · 94 foto","","","setahun lalu","Lokasi mudah ditemukan, pilihan menunya banyak dan bervariasi, rasa enak cocok bawa keluarga, suasana tenang, menu steak perpaduan dengan salad","Lainnya","","","","","Bagikan","Suka"
"https://lh3.googleusercontent.com/a-/ALV-UjXcWYLleE1V7dtK--Wa9ic5JOQPDNp3Q6bfQ9Gdp_4OJuZjrdZa=w45-h45-p-rp-mo-ba4-br100","Arfan Septian","Local Guide · 111 ulasan · 31 foto","","","3 tahun lalu","Berawal dari pilihan acak buat nongkrong di galaksi, bekasi. Memutuskan makan disini dan dapat kejutan makan gratis karena pas banget sama hari ulang tahun saya. Steak nya enak, meskipun tingkat kematangan well done tetep terasa juicy. …","Lainnya","","","","","Bagikan","Suka"
"https://lh3.googleusercontent.com/a-/ALV-UjUdvbPv0Lw49KKQnu_ghyjBvhLCdfK-Jfou9IXWUgMF8f5ax_Kxsg=w45-h45-p-rp-mo-ba5-br100","Spica Arumning","Local Guide · 450 ulasan · 201 foto","","","6 bulan lalu","Best! Minimal 2 kali setahun pasti ke sini karna kami ultah haha mayan 1 steak meltique gratis ya","Lainnya","","","","","Bagikan","Suka"
"https://lh3.googleusercontent.com/a-/ALV-UjVC4AL6jjFZlWFc_G0ROsIWT6S8xHkr5Vph_6YIEOT5RXok-gAA=w45-h45-p-rp-mo-ba3-br100","Anggia Septiani Putri","Local Guide · 36 ulasan · 60 foto","","","setahun lalu","Pertama kali coba dan kaget dengan waiting listnya.. namun ternyata memang it’s worth to wait!!! Service okay, makanan jangan ditanya lagi.. birthday treatnya pun jempol","Lainnya","","","","","Bagikan","Suka"
"https://lh3.googleusercontent.com/a/ACg8ocIt9QK_VUfLxIilceHjhlc6GBMPDmivGan1mA4WMrNZjlN7eg=w45-h45-p-rp-mo-ba3-br100","Ken Arshaka AP","Local Guide · 25 ulasan · 81 foto","","","Diedit 6 tahun lalu","Steak idola diarea Bekasi buat gw, sesuanya pas, walau terkadang waitiing list tapi percaya deh worth it koq nunggu nya...
Pelihannya banyak jadi bisa sesuai selera, …","Lainnya","","Suka","1","","Bagikan",""
"https://lh3.googleusercontent.com/a-/ALV-UjXToT-Q6mtGr0_fNEY-OkH04TVj8IkAHZYiGd33A-0W9HNsrc7Uew=w45-h45-p-rp-mo-ba6-br100","Andi Haryanto","Local Guide · 523 ulasan · 1.821 foto","","","3 tahun lalu","grilled nya pas sekali sesuai pesanan. vegetables nya enak segar. tersedia banyak pilihan potato, vegetables, maupun sauce.","Lainnya","","","","","Bagikan","Suka"
"https://lh3.googleusercontent.com/a-/ALV-UjWvWKbjKbS2OeGc4nS8QbJseq5xj32r47zk1uZX6OAQU7WGFjPT=w45-h45-p-rp-mo-ba4-br100","Irzal Idris","Local Guide · 97 ulasan · 118 foto","","","Diedit 2 tahun lalu","Steak-nya enak juicy, kita pilih meltique beef sirloin & tenderloin. Steak dimasak sesuai pesanan medium dan well done. Satu kurangnya steak soucenya kurang banyak 😆. Ada refill untuk beberapa tipe minuman (jarang"" ini untuk restaurant …","Lainnya","","Suka","2","","Bagikan",""
"https://lh3.googleusercontent.com/a-/ALV-UjV4Bvme9n2ARLXCJiEhBhQhAUal7f7D20EMfdqkkimQUt8fQPZUag=w45-h45-p-rp-mo-ba4-br100","Hendra Niken","Local Guide · 43 ulasan · 52 foto","","","8 tahun lalu","Pertama kali ke sini, it was amazing. Everything was perfect. Kedua kali ke sini. Kecewa sampe ubun-ubun. Steaknya terlalu asin, herb butternya amat sangat super asin. Bahkan sampe saya nulis review ini itu rasa asin masih nempel di lidah …","Lainnya","","Suka","6","","Bagikan",""
"https://lh3.googleusercontent.com/a-/ALV-UjWhHrChmOHansWB5BPKyo9mJ4ao4IXF5HT6vcmnJ2qqPEU1Tqs=w45-h45-p-rp-mo-ba5-br100","veronica yap","Local Guide · 124 ulasan · 619 foto","","","Diedit 7 tahun lalu","Buat yg ULANG TAHUN, bisa dapat STEAK GRATIS nih.. #TEAMNGIRIT 🤣🤣🤣

Lumayan kan kalau lagi ulang tahun bisa mampir ke double u steak, dapet steak …","Lainnya","","","","","Bagikan","Suka"
"https://lh3.googleusercontent.com/a-/ALV-UjWbq2LSgKf3iWgp7kOiKpz4l-6aWhLMg3oHXRO1tn1SQGjXUvlb=w45-h45-p-rp-mo-ba4-br100","Nadin himaya","Local Guide · 62 ulasan · 299 foto","","","2 tahun lalu","Good deal steak! Dengan kualitas, porsi, dan rasa dengan harga segini cukup good deal.
Kemaren pesen beberapa menu. Tapi highlight ada di signature de paris mereka …","Lainnya","","","","","Bagikan","Suka"
"https://lh3.googleusercontent.com/a-/ALV-UjXmd3zsvhkcqJ_jaHmRibCgP6gCzgiMMplgEJ1eP0IBgFCZMeY=w45-h45-p-rp-mo-ba4-br100","Fajar Chandra Nurhuda","Local Guide · 47 ulasan · 340 foto","","","5 bulan lalu","Sekarang tempatnya sudah pindah , lebih bagus, luas, rapih, ada kolam ikannya juga, tempat sholat juga ada, makanannya juga enak2, kemarin makan rib eye meltique, pokonya enak2 dah, langsung aja di gass.","Lainnya","","","","","Bagikan","Suka"
"https://lh3.googleusercontent.com/a/ACg8ocJU7U929yfCcY-5Akeqk1wJZB93HAulessBMHZJo5KWkbeheg=w45-h45-p-rp-mo-ba3-br100","Rachma Melati Sukmana","Local Guide · 39 ulasan · 29 foto","","","2 tahun lalu","Udah direkomendasiin temen dari tahun lalu tp baru sempet nyoba di tahun ini. Enak, walaupun tingkat kematangan steak-nya yang disajikan ga sesuai dengan pesanan tapi tetep enak. Saya pesan steak dengan kematangan medium well yang disajikan …","Lainnya","","","","","Bagikan","Suka"
"https://lh3.googleusercontent.com/a-/ALV-UjUGLERhn6bjSHu4guQu2NtqxBazDfNRKD3pXDFRPk453y7Bc_9O0A=w45-h45-p-rp-mo-ba4-br100","Mohamad Wahyu Vidyanto","Local Guide · 67 ulasan · 157 foto","","","7 tahun lalu","Sangat Puas, dari segi pelayanan sangat ramah, menawarkan refil minuman yang sudah mau habis, tempat sangat nyaman di lantai 2, pesan Finger Ribs 250 gram welldone enak, walaupun matang, daging tetap juicy + brocoly cheesenya juga enak …","Lainnya","","","","","Bagikan","Suka"
"https://lh3.googleusercontent.com/a-/ALV-UjW8Mn9D4vC24LkuXkpLpxYyWoJv3kvvql-jNzzANmxKhAamPN_kGQ=w45-h45-p-rp-mo-ba3-br100","Amanda Fidienna Putri","Local Guide · 28 ulasan · 38 foto","","","8 tahun lalu","The best ...

Aku review dikit soal suasana, rasa, dan pelayanan. …","Lainnya","","","","","Bagikan","Suka"
"https://lh3.googleusercontent.com/a-/ALV-UjUMVeGKEC3ITaT7AQli4htAMLCGhxBmfIPn2E6FXF1HSFf7kTZm=w45-h45-p-rp-mo-ba2-br100","Nadia Puspa Sari","Local Guide · 16 ulasan · 16 foto","","","2 tahun lalu","Mendapatkan birthday treat disini, sangat mengenyangkan dengan dapat steak, spaghetti dan juga cake. Diiringi lagu zamrud dan staff yang sangat ramah. Untuk rasa steaknya enak, kematangan well done dengan saus cream mushroom, tipe daging yang lembut tetapi berisi. Untuk spaghettinya juga sangat enak. Terima kasih ^^","Lainnya","","Suka","1","","Bagikan",""
"https://lh3.googleusercontent.com/a/ACg8ocLaBLoZV8ClQnBVtI7pmP5fq7_N8LhC76sbFtYZqh_s2RAsoiQ=w45-h45-p-rp-mo-ba3-br100","RIRI AYHE","Local Guide · 41 ulasan · 45 foto","","","2 tahun lalu","Udah beberapa kali ke DoubleU karena memang enak, worth it dan tertentunya sudah Halal MUI, tapi kemarin pas bgt lagi birthday nyobain promo dapat sirloin steak, spagethi + cake birthday. Kereeen! 🤤 …","Lainnya","","","","","Bagikan","Suka"
"https://lh3.googleusercontent.com/a-/ALV-UjV8yUjzmkWBLnXyNo2RNFLLoksXtaq2F982yckkgB61oDHZ43yn=w45-h45-p-rp-mo-ba3-br100","Belmesty Kamila","Local Guide · 22 ulasan · 27 foto","","","3 tahun lalu","Pesennya steak cafe de paris, 1 yg sirloin dan 1 norwegian salmon. Steak nya enak bgt, kematangannya pas, dan lembut. Cuma saos chimichurri + butter nya asin bgt, ditambah lagi pesenan potato wedges dan sauteed potatonya asin bgt. Jd …","Lainnya","","Suka","2","","Bagikan",""
"https://lh3.googleusercontent.com/a-/ALV-UjXkjiFGy94SAY_IjNcvGWA5FSuSQ_OUxPWpw0uQE4JEtqbyE5Fj=w45-h45-p-rp-mo-ba5-br100","Yaskuna Dhira","Local Guide · 165 ulasan · 548 foto","","","2 tahun lalu","Tempat makan steak yang enak untuk rasa steaknya... Patut bgt buat di coba... Apalagi pad saya datang di hari Ulang tahun dapat 1 steak gratis...","Lainnya","","","","","Bagikan","Suka"
"https://lh3.googleusercontent.com/a-/ALV-UjWgT7Uxf0AJ82wCMlLuqR3FM1J81SeZ3aipjCA71cb422QOmCGo=w45-h45-p-rp-mo-ba5-br100","Maman Sulaeman (Omeno)","Local Guide · 326 ulasan · 356 foto","","","2 tahun lalu","Sy driver grab...  Dapet orderan food di restoran ini.. luar biasa..mbak2 karyawati nya sangat ramah dan baik... Sambil nunggu sy diberikan es teh manis... Alhamdulillah...  Bukan karena es teh manis nya , tapi cara servis nya yg luar biasa …","Lainnya","","Suka","4","","Bagikan",""
"https://lh3.googleusercontent.com/a-/ALV-UjUyotgKPXLYqaKdcaIEitqU6CrzUiL1op_lv3fbxKMD2BCJq-yS=w45-h45-p-rp-mo-ba6-br100","muhamad nurdin","Local Guide · 626 ulasan · 258 foto","","","Diedit setahun lalu","The best steak house in bekasi. Tersedia juga menu khusus untuk yg berulng tahun ( dapet 1 menu birthday buat ug ulang tahun.","Lainnya","","","","","Bagikan","Suka"
"https://lh3.googleusercontent.com/a-/ALV-UjUc4Rjx8V7sw9Y0Ml8jZVnDdP_k6b8KQ9XGIDWHOqRclIdb13KeuQ=w45-h45-p-rp-mo-br100","khairul fajri","5 ulasan","","","7 bulan lalu","Asli ini steak terbaek di Bekasi dengan harga paling worth it
Sangat rekomendasi banget..gw pasti balik lagi kesini next","Lainnya","","","","","Bagikan","Suka"
"https://lh3.googleusercontent.com/a-/ALV-UjU8CkgBgGSzn8z0p3OJno6-RedZYAw6nHIYuIbdt6iaVR82HiY_=w45-h45-p-rp-mo-ba6-br100","Jenny Wahyuni","Local Guide · 331 ulasan · 1.751 foto","","","5 tahun lalu","Tempatnya keliatan kecil dari luar tapi di dalam space nya lumayan lah, ada parkir buat mobil juga aman. Stafnya nice and friendly. Kalo soal makanan gue kasi rate 3/5 ya soalnya gue pesen steak cafe De Paris awalnya gue pikir itu broth …","Lainnya","","Suka","3","","Bagikan",""
"https://lh3.googleusercontent.com/a-/ALV-UjVXQAqXnHjCur5t1VmB6j3BD5trrjObJFupWgnrQqPB1P3DyyI=w45-h45-p-rp-mo-ba4-br100","roy faisal","Local Guide · 86 ulasan · 217 foto","","","8 tahun lalu","u did a great job, Chef!!! Enak!
270k aman lah buat makan bedua (udah diitung minum loh ya)
200gr Nz Sirloin steak with creamy mushroom sauce boleh dicoba!!! kane!","","","","","","Bagikan","Suka"
"https://lh3.googleusercontent.com/a/ACg8ocISdFag2IupWwh71WZekNxmD5ocETz4_91zvasAWzmuoQUyRw=w45-h45-p-rp-mo-br100","Muhammad Fathir Gumilang","4 ulasan","","","8 bulan lalu","Cuman mau share aja, biasanya sering kesini dari jaman sebelum pindah ke tempat yg sekarang *waktu masih disebrang* cuman kali ini kebetulan emang sama anak dan kebetulan anak saya yang umurnya 3 tahun lagi makan es krim, dan entah kenapa …","Lainnya","","","","","Bagikan","Suka"
"https://lh3.googleusercontent.com/a-/ALV-UjU6Z-XiILgriYeJ2BxvxSxwQVCfvA53Vc3wfuL9X6MQ-H7dfu8wRg=w45-h45-p-rp-mo-ba4-br100","Arkan Pandita Pratama","Local Guide · 36 ulasan · 171 foto","","","Diedit 3 tahun lalu","Kuliner yang ga pernah bosen.....harga terjangkau untuk sekelas steak bintang 5, interior menarik, menu2 nya juga variasi..the best menu menurut ku, meltique rib eye ,dengan tingkat kematangan well done...dengan saos mushroom nya,dan mashed …","Lainnya","","","","","Bagikan","Suka"
"https://lh3.googleusercontent.com/a-/ALV-UjVWtZz55aUrwtFJTfrnxqs0OWgE9qR_V9ChJYePq955hfjuRZ0u=w45-h45-p-rp-mo-ba3-br100","Hanny Racman","Local Guide · 37 ulasan · 87 foto","","","2 tahun lalu","Tempat favoritnya keluarga... Semua makanannya enak2. Harga terjangkau... Steaknya mantap ❤️","Lainnya","","","","","Bagikan","Suka"
"https://lh3.googleusercontent.com/a-/ALV-UjVMVLDIn3apGrTfdQN78eejrXB9-y3M6Vk_o2LuRcOlskmG6ROF=w45-h45-p-rp-mo-ba5-br100","Anwar Nugraha","Local Guide · 226 ulasan · 532 foto","","","3 tahun lalu","Pelayanan ramah. Steak enak pilihannya jva bnyak bgtu jga dengan sausnya. Pokoknya mah mantappu jiwa. Bagi penikmat steak, Km bisa masukin resto ini kedalam list","Lainnya","","","","","Bagikan","Suka"
"https://lh3.googleusercontent.com/a-/ALV-UjV-w0qzkAnaUEWRK1aQYYfJ1XXxpaa4qyyCRgG52uz44lVNAhQI=w45-h45-p-rp-mo-ba3-br100","kartika kurnia","Local Guide · 13 ulasan · 48 foto","","","Diedit 2 tahun lalu","Makanannya enak, tempatnya juga cukup bagus, hanya saja tidak menyediakan wifi.","Lainnya","","","","","Bagikan","Suka"
"https://lh3.googleusercontent.com/a-/ALV-UjU_NguaB9gw4fDF-lWiobHZTXT562rmq71kzMwYN5bMbcP0ht9ptA=w45-h45-p-rp-mo-ba5-br100","Finan Akbar","Local Guide · 147 ulasan · 698 foto","","","6 tahun lalu","Steak kelas dunia ada di Bekasi. Selalu ramai setiap hari saat jam makan siang dan malam. Dengar-dengar yang punya/masak adalah chef pengalaman 15 tahun di resto dan hotel terkenal.","","","","","","Bagikan","Suka"
"https://lh3.googleusercontent.com/a-/ALV-UjVhAjpksBWa8cz6ZFbCzG-DAE4CEM3X5wPw8Y0A0XBc_d8lrEPk=w45-h45-p-rp-mo-ba4-br100","Erlinda Listyanti","Local Guide · 148 ulasan · 66 foto","","","7 tahun lalu","Makanannya enak, tmptnya enak, pelayanannya cepat Dan ramah, next pasti balik kesini. Harganya worth sama yg Kita dapat. Daging steaknya tebel kebetulan pesen tenderloin, pendamping Dan sausnya enak gak bikin enek, semua OK.","","","","","","Bagikan","Suka"
"https://lh3.googleusercontent.com/a-/ALV-UjVgJxx-WpS_cWTULr_PPniZjJy3Fye3CEbdTbwxFw9MI--GG-OZ=w45-h45-p-rp-mo-ba3-br100","Irsa Miranti","Local Guide · 20 ulasan · 32 foto","","","2 tahun lalu","The steak is lit! Kematangan sesuai request, butter saucenya enak, balance out everything. Porsinya surprisingly besar bisa buat berdua.","Lainnya","","","","","Bagikan","Suka"
"https://lh3.googleusercontent.com/a-/ALV-UjX51c5bCIScqkNKnwGhKzBDcabfhx_-PsK3g_FnRt_4rtUXEBdw=w45-h45-p-rp-mo-ba5-br100","Syarief Arbi","Local Guide · 249 ulasan · 687 foto","","","3 tahun lalu","Kalau dari tempatnya, tidak terlalu meyakinkan😅
Tapi rasa steaknya enaak banget. Ini sirloin steak cafe de paris kalau tdk salah. …","Lainnya","","Suka","1","","Bagikan",""
"https://lh3.googleusercontent.com/a-/ALV-UjWnCmUgl8emRJ0h30XIvA2O1GIjGxNzFxTox9Ak1otR2Oww-5NO=w45-h45-p-rp-mo-ba4-br100","Ismandra Nugraha","Local Guide · 45 ulasan · 137 foto","","","Diedit 3 tahun lalu","Best steak in Bekasi, untuk sekarang (semoga makin banyak restoran steak yang enak kayak gini). Pelayanan sangat ramah benar-benar dilayani dengan baik dari daftar waiting list sampai duduk di tempat makan. Pelayan punya knowledge yang baik …","Lainnya","","Suka","1","","Bagikan",""
"https://lh3.googleusercontent.com/a-/ALV-UjWZJV_2JQ4BTotyjGnWOjGoZ1PGYaiPw1FMlWl9eCHoalZTdRzZ=w45-h45-p-rp-mo-ba2-br100","Achmad Sanusi","Local Guide · 21 ulasan · 26 foto","","","4 tahun lalu","Steaknya mantap, karena ada harga ada kualitas.
Pelayanannya sangat ramah terhadap pelanggan, dan bikin nagih buat balik lagi","","","","","","Bagikan","Suka"
"https://lh3.googleusercontent.com/a-/ALV-UjVY1zIq43mrii_SaAH95oFWRWyCADsiNLj5Q_Qev1EDvmXNC_Ds=w45-h45-p-rp-mo-ba3-br100","Windi Nugroho","Local Guide · 49 ulasan · 8 foto","","","7 tahun lalu","Baru pertama kali kesini malam tadi. Cuman karena ini bulan puasa kami udah pasrah kalau harus mengantri. Dan ya, sampai disana kami masuk ke daftar waiting list. …","Lainnya","","Suka","2","","Bagikan",""
"https://lh3.googleusercontent.com/a/ACg8ocLwvImjm6wfduhl1P0TfezEbNiaYT5ncFZQZ9_14QIE9BFE_Cc=w45-h45-p-rp-mo-ba5-br100","Iyan O’thinks #107","Local Guide · 284 ulasan · 764 foto","","","3 tahun lalu","Tempatnya bersih, gaya trendy, lengkap beserta toilet yg terawat dan mushola juga tersedia.. …","Lainnya","","Suka","2","","Bagikan",""
"https://lh3.googleusercontent.com/a/ACg8ocLi49UQehV1khe8LeWgD97z2Pwc6D7W0Oxneryx9YkJXkwDL6s=w45-h45-p-rp-mo-ba5-br100","Aa Manis","Local Guide · 273 ulasan · 515 foto","","","3 tahun lalu","Steaknya enak... Lembut... Tempat strategis... Dan nyaman... Parkiran luas... Harga lumayan.. Sesuai dg kualitas...","Lainnya","","","","","Bagikan","Suka"
"https://lh3.googleusercontent.com/a/ACg8ocLSjNggR38dNbXszabZAx37ayfeAz3GquZKZizWsCULIu-SQw=w45-h45-p-rp-mo-ba3-br100","DamZ","Local Guide · 17 ulasan · 31 foto","","","10 bulan lalu","To be fair, saya kesana tidak mencoba makan steak nya, karena memang tidak doyan steak. Jadi review ini untuk makanan minum yang saya pesan:
1. Spaghetti carbonara, menurut saya terlalu asin, dan cream nya tidak terasa, …","Lainnya","","","","","Bagikan","Suka"
"https://lh3.googleusercontent.com/a-/ALV-UjUjUcilfnWSIxbBh0mMKVn2z_-XgYaxp922poX5a_etwe9F6No=w45-h45-p-rp-mo-ba4-br100","Todi","Local Guide · 75 ulasan · 201 foto","","","Diedit 4 tahun lalu","Birthday steak nya mantap tanpa syarat dan rasanya tetep enak tdk dibedakan dgn yg bayar, cuma tunjukin KTP atau SIM asli 👍
Teh manisnya juga bisa Refill, …","Lainnya","","Suka","2","","Bagikan",""
"https://lh3.googleusercontent.com/a-/ALV-UjXpqtk8y3yNwp2nezIJusTlHTUehRRVxAm9lWBZ1LfwAP4VMe8=w45-h45-p-rp-mo-ba4-br100","Laksmita Ayu Praphesti","Local Guide · 79 ulasan · 97 foto","","","3 tahun lalu","Datang hari jumat jam makan malam antri sekitar 40 menit. Rasa steak nya enak, pelengkap dan sausnya juga enak enak. Pelayanan cepat walaupun ramai tetap dilayani dengan baik.","Lainnya","","Suka","1","","Bagikan",""
"https://lh3.googleusercontent.com/a-/ALV-UjU3V8QgCXWjyrZVHyIufiWcec-fR48CpfwWtuIjlXtF1cgTY12i=w45-h45-p-rp-mo-ba6-br100","Yanton Pangaribuan","Local Guide · 351 ulasan · 1.040 foto","","","2 tahun lalu","Menu yang dipesan lumayan enak, harga worth dengan rasa, wajar selalu waiting list jika makan di sini.","Lainnya","","","","","Bagikan","Suka"
"https://lh3.googleusercontent.com/a-/ALV-UjXf1FobVprcnBrGeufvYwRIJ76uLNAGLeCc8D3BjufiP4dygK7W=w45-h45-p-rp-mo-ba2-br100","Anna Aralee","Local Guide · 13 ulasan · 12 foto","","","4 tahun lalu","Tempat cozy, pelayanan ramah, steak ny jg enak apalagi saus creamy mushromny mantapp, karna lg b'day dpt gratis steak premium, sebaik itu, love yg bnyk untuk chef widhi & staff nya....
Kuyy melipirr gaeesssss😊😊😊 …","","","","","","Bagikan","Suka"
"https://lh3.googleusercontent.com/a-/ALV-UjXb5a3cNhuWJ_JC0AfGGcoGnugXT6eeomr5CAuF7OgQLC7iPhhJ=w45-h45-p-rp-mo-ba6-br100","Andre Rosi Pradita","Local Guide · 481 ulasan · 783 foto","","","setahun lalu","Makanannya enak2 cukup worth it dengan harganya, cuman konsep ruangannya memang perlu diubah agar lebih terlihat nyaman dan tidak terlalu gelap.","Lainnya","","","","","Bagikan","Suka"
"https://lh3.googleusercontent.com/a-/ALV-UjUqsX3ZcRrRZAS_eBfwxAT-QWNIC5fR5D_9UAKddroSa1t8ZZg=w45-h45-p-rp-mo-ba4-br100","Angga Cahyo Lukito","Local Guide · 149 ulasan · 43 foto","","","Diedit 2 tahun lalu","makin kesini tingkat kematangan yang diminta makin ga sesuai, kemudian kualitas daging sepertinya menurun, kmrin saya pesen sirloin meltiq dagingnya baunya ga segar","","","","","","Bagikan","Suka"
"https://lh3.googleusercontent.com/a-/ALV-UjXpPOpltISUD7XspWxV0wyk8pTBPnEgrhDY6PESjm3_xsYUAyU=w45-h45-p-rp-mo-ba2-br100","Cesar Bayu","Local Guide · 9 ulasan · 12 foto","","","2 tahun lalu","Pantesan rame steaknya ok. Banyak yang ngantri. Menu nya juga banyak, bisa pilih saos, kentang dan sayur yang berbeda. Lokasinya kurang ok karena lahan parkir terbatas.","Lainnya","","","","","Bagikan","Suka"
"https://lh3.googleusercontent.com/a-/ALV-UjXfsD4GCWw2-JhbpjKlxAEiaoXqNX_hb2MNpepuScaWsWEdei8f=w45-h45-p-rp-mo-ba4-br100","Salma Fadia","Local Guide · 40 ulasan · 65 foto","","","3 tahun lalu","Nagih banget steak cafe de parisnya! so butteryyyy🤌🏻 salah satu menu yg harus dicoba di double u steak …","Lainnya","","","","","Bagikan","Suka"
"https://lh3.googleusercontent.com/a-/ALV-UjX2fQ6eO5BRKTycZt5eiDzc7dO4AfHqE7w--vwQeshc_ZdTfvXr=w45-h45-p-rp-mo-ba5-br100","Antonia Riwindri Astuti","Local Guide · 274 ulasan · 902 foto","","","3 tahun lalu","Paket Lunch maupun wagyu-nya semua enak. Sajian steaknya sesuai standar international.... Untuk harga bersahabat dgn kantong, dibanding warung steak lain dgn menu serupa.... Utk wagyu yaaaa... Karna dagingnya lembut …","Lainnya","","Suka","1","","Bagikan",""
"https://lh3.googleusercontent.com/a/ACg8ocLeVZJoK58x5ZqumpFxDJTKsa2utpV6HxJdRhMyx5lLvdZQYA=w45-h45-p-rp-mo-ba3-br100","Margareth Saragih","Local Guide · 42 ulasan · 5 foto","","","6 bulan lalu","Staff di lt 2 kurang bgt serviceny, setiap pesan orderan disini selalu ada aja yang salah dan ngga sesuai..","Lainnya","","","","","Bagikan","Suka"
"https://lh3.googleusercontent.com/a-/ALV-UjXXYvVl3SBzPlCnmv-hqDfVGG_DdTduSE3om8RZvbpkLD5xGYn8dw=w45-h45-p-rp-mo-ba5-br100","yusti yusti","Local Guide · 397 ulasan · 707 foto","","","Diedit 2 tahun lalu","Stiknya enak, order meltique sirloin. Harganya cukup bersahabat untuk cita rasa stik yang juicy dan yummy. Es krimnya juga enak.","","","","","","Bagikan","Suka"
"https://lh3.googleusercontent.com/a-/ALV-UjWoku-jLDeLQ3pleGBWJrkngaM5l0N5bPYUb1prlLB2DqxeP1usNg=w45-h45-p-rp-mo-ba4-br100","haidar asshidiqie","Local Guide · 41 ulasan · 152 foto","","","4 tahun lalu","US prime beef sirloin medium well with mushroom sauce. French fries and spinach mushroom saute. Bayamnya juara sih enak bgt. Kentangnya jujur B aja. Agak nyesel kenapa ga pilih wedges cobak.. overall enak banget. Pasti balik lagi kesini. Thank you.","Lainnya","","","","","Bagikan","Suka"
"https://lh3.googleusercontent.com/a-/ALV-UjXJQsS9V_QAiTeLe2Fjb69g9OgXd_Amy8E2I8ZE2wXv_wJBRjpkBg=w45-h45-p-rp-mo-ba5-br100","in time","Local Guide · 316 ulasan · 793 foto","","","8 tahun lalu","enak new zealand sirloin medium matangnya, namun kalau bisa jangan medium rare yaa, aduhh... memang agak matang sih yaa, jadinya masih amis, kalo bule mungkin cocok, tapi so far so good sih, sauce nya banyak kasihnya, wifinya tidak bisa diakses walaupun sinyalnya luar biasa","","","","","","Bagikan","Suka"
"https://lh3.googleusercontent.com/a-/ALV-UjXWy8lFRjfA6E_ptv0WHA9Sua7zpLxhGq16g8PZgGIhe18SS0wQ=w45-h45-p-rp-mo-ba6-br100","Sri Mulyani","Local Guide · 462 ulasan · 1.050 foto","","","4 tahun lalu","Nyobain pertama kali kesini karena direkomendasiin ..
Pas banget lg ada promo ramadhan utk sirloin 200 gr + drink = 120k (exclude PPN) …","Lainnya","","Suka","1","","Bagikan",""
"https://lh3.googleusercontent.com/a-/ALV-UjXlpNJjtY972EXjRjG7t1TZkpAiZL_bF8pinXNW012SBHhjDyVR=w45-h45-p-rp-mo-ba5-br100","ina karlina","Local Guide · 248 ulasan · 525 foto","","","3 tahun lalu","Semua makanannya enak disini kmrn nyobain appetizer platternya, steaknya jg enak, butternya super banyak. Kmrn pesan steak on 145rb, appetizer plater 55rb, sama minum jus 35rb total 200rban","Lainnya","","","","","Bagikan","Suka"
"https://lh3.googleusercontent.com/a-/ALV-UjW39xQYHF4LMeDkfGLER85KreHuoD07ZDymfQ8FiAMZFiOKnUY=w45-h45-p-rp-mo-ba3-br100","Zeno Harianto","Local Guide · 28 ulasan · 43 foto","","","6 bulan lalu","Cocok untuk rayakan ulangtahun disini","Lainnya","","","","","Bagikan","Suka"
"https://lh3.googleusercontent.com/a-/ALV-UjW4xknV-nTJqmLI_hb5pFs0gtvoRZ8ZYFGrI9o2rES8CoHfL3uejA=w45-h45-p-rp-mo-ba7-br100","Eki Sapta wandana","Local Guide · 451 ulasan · 9.140 foto","","","3 tahun lalu","Rekomen kalau soal rasa, Sekarang ada paket makan siangnya, murah meriah","Lainnya","","Suka","2","","Bagikan",""
"https://lh3.googleusercontent.com/a-/ALV-UjXeSpRx8Q0H8R7QyfUpvbxT1jLM6wGVs_L2p1RTIKDD04TWj7wU=w45-h45-p-rp-mo-br100","Warastri Fida Candraningtyas","10 ulasan · 5 foto","","","2 tahun lalu","Excellence experience, terimakasih banyak untuk double u steak pelayanan dan rasa makanannya yg sangat enakkk, dan sangat ramah bangett aku lg birthday gaboleh bawa kue dapet lava cake gratis!😭🥰😍 cinta banget sm double u steak 😭😇😍 terimakasih banyak juga untuk mas yg agak putih gatau namanya pelayanannya top Thankyouuu …","Lainnya","","","","","Bagikan","Suka"
"https://lh3.googleusercontent.com/a-/ALV-UjW_MtgWGNdXP9PCZd78BNaE6lsiwcOeXCdmlMhgvalTKQQcbMVklg=w45-h45-p-rp-mo-ba3-br100","N. Amalia","Local Guide · 60 ulasan · 19 foto","","","4 tahun lalu","Pilihan menu bervariasi, makanan enak, ke sini utk iftar harus waiting list ke restonya langsung tidak bisa by phone. Musola kecil, kmr mandi bersih oke, pelayanan cukup baik, mungkin ruang makannya bisa lebih rapi. Bagus utk pilihan makan steak di Bekasi.","","","Suka","1","","Bagikan",""
"https://lh3.googleusercontent.com/a-/ALV-UjX7q_9YlC7Aep7-n85i2WldJtK9RpG51RZXWB9y5FSskFeHFzW8=w45-h45-p-rp-mo-ba4-br100","Stefani Dwipuspita","Local Guide · 73 ulasan · 83 foto","","","7 tahun lalu","Tempatnya agak ke dalam bukan di jalan besar.. untuk parkir lumayan luas di sebelahnya.. makanan disini enak banget. Dagingnya lembut dan kerasa bumbu bakarannya. Untuk saus blackpaper recommended! Per orang kurang lenih 150-200ribu..","","","Suka","2","","Bagikan",""
"https://lh3.googleusercontent.com/a-/ALV-UjXzCie63ldfg4SiBzxUEf6aQU2CfBcw1RSfyp5ZPvNgQGAK9GtS=w45-h45-p-rp-mo-ba5-br100","Ary Retmono","Local Guide · 158 ulasan · 207 foto","","","6 tahun lalu","Ini tempat makan steak dg kualitas dan penyajian ala 5 star hotel, tapi dg harga yang tidak seperti 5 star hotel. Dagingnya enak & juicy, side dishesnya juga OK. Tempatnya yg cozy, pelayanannya cepat dan crew yg ramah2. …","Lainnya","","","","","Bagikan","Suka"
"https://lh3.googleusercontent.com/a-/ALV-UjVINyUlvXfGD1wI1hSZzW-FXyhFy6WXGBfkaE6zU42uvHwByjxX=w45-h45-p-rp-mo-ba3-br100","CR","Local Guide · 21 ulasan · 65 foto","","","3 tahun lalu","Pesen steak cafe de paris with wedges potato & tenderloin meltique with mashed potato n brocolli cheese. Kalo dibandingin lebih suka tenderloin sih juicy & masih ada seratnya jd ga banyakan lemak, maknyus. Mashed potatonya suka bgt😍 …","Lainnya","","","","","Bagikan","Suka"
"https://lh3.googleusercontent.com/a/ACg8ocI5lxbsF9XCkTvo6o99xLQL2O_-6wnUwyh2oiiEf_6F7q9AmA=w45-h45-p-rp-mo-ba3-br100","M Gb 28","Local Guide · 11 ulasan · 21 foto","","","setahun lalu","Pesen Australian Steak with BBQ Sauce & Salmon mantap semua, ambience nya juga sekarang baru di renov keren","Lainnya","","","","","Bagikan","Suka"
"https://lh3.googleusercontent.com/a-/ALV-UjXB2-mlDbmhwQRvUdLdTMkIOWBQY4yS9DVptgcU8dGRLwmLdy3Q=w45-h45-p-rp-mo-ba4-br100","Rudi Harijanto","Local Guide · 72 ulasan · 169 foto","","","7 tahun lalu","Andalan utamanya steak daging sapi impor, ada juga steak ikan salmon, menu lainnya spagheti, pilihan saus: barbeque, creamy mushroom, black pepper,
semua menu wajib dicoba, penikmat steak dijamin tidak akan kecewa & selalu ingin …","Lainnya","","","","","Bagikan","Suka"
"https://lh3.googleusercontent.com/a-/ALV-UjU9NzoVJLgLvX-PT26UBJcdq7clmCcXT6FpHTVJfrot456uneiq=w45-h45-p-rp-mo-ba4-br100","bekam aja","Local Guide · 54 ulasan · 52 foto","","","2 tahun lalu","Kok gini ya...

Sebelah meja ditawari menu terlebih dahulu, padahal datangnya bersamaan.. …","Lainnya","","","","","Bagikan","Suka"
"https://lh3.googleusercontent.com/a-/ALV-UjVw8ivOkFn3iF5GOOssWLlcsDCXVF_qnGuTJs3fygsRizplra40tQ=w45-h45-p-rp-mo-ba2-br100","dessy nindita","Local Guide · 20 ulasan · 28 foto","","","Diedit 4 tahun lalu","Tempat makan steak favorit ❤️ pertama kali makan steak langsung ke double u steak dan engga pernah makan steak ditempat lain💙💙💙💙💙 …","","","","","","Bagikan","Suka"
"https://lh3.googleusercontent.com/a-/ALV-UjUq9cE8UKAxsGtRPwC2szg53QsUL0ONc6R46Y3PErWKkSk-b-rcGA=w45-h45-p-rp-mo-ba4-br100","Muhammad Galih Wiratama","Local Guide · 35 ulasan · 116 foto","","","2 tahun lalu","Terimakasih Chef Widhi / Owner Double U Steak sudah memberikan sirloin steak cuma - cuma di hari ulang tahun saya. Pengalaman yang sangat berkesan bagi saya. Semoga rezeki terus mengalir sepanjang hari untuk Double U Steak.","Lainnya","","","","","Bagikan","Suka"
"https://lh3.googleusercontent.com/a-/ALV-UjW_9mCmRf6MEAK10BHgTvsPI3IQSDKIPHKkXX4ZPsJkrATaaMU=w45-h45-p-rp-mo-ba2-br100","setia darmo","Local Guide · 17 ulasan · 14 foto","","","2 tahun lalu","Sudah ga seenak dulu, ga bisa refill sauce, tapi masih ada paket grstis u/ ultah dptnya sirloin + oglio tanpa kentang & sayur.
Kalo sore jam 6-7 rame banget mesti waiting list hindari jam2 itu","Lainnya","","","","","Bagikan","Suka"
"https://lh3.googleusercontent.com/a/ACg8ocKkaU3g6SRIMYQCibqLqJxKWGiV8jCI6iMzWBhLCIJRMlYJRA=w45-h45-p-rp-mo-ba4-br100","Diah Maharani Dewi","Local Guide · 74 ulasan · 241 foto","","","9 bulan lalu","Dagingnya fresh dan empuk, bumbunya enak dan meresap.","Lainnya","","","","","Bagikan","Suka"
"https://lh3.googleusercontent.com/a-/ALV-UjWpOL-2SxtzChPhUWzZDb5J06lvP3HnG7wCr7r7OCKyjppFsjWKaQ=w45-h45-p-rp-mo-ba4-br100","Yohanes Vincent","Local Guide · 86 ulasan · 36 foto","","","2 tahun lalu","rekomen banget, steak terbaik di Bekasi bisa dibilang. gak cuma steaknya tapi menu lain - lain juga enak","Lainnya","","","","","Bagikan","Suka"
"https://lh3.googleusercontent.com/a-/ALV-UjWUa4H9EppACJ1P1BCCmTu1Gv0XqeChb438fWMxmZfdY6ciECBmxg=w45-h45-p-rp-mo-ba4-br100","Aini Widjoyo","Local Guide · 200 ulasan · 69 foto","","","Diedit 5 tahun lalu","Ngga akan kecewa deh kalo ke sini. Semua menunya enak dan ngga ada satupun yang mengecewakan. Dan ini mejanya beneran dilap secara proper. Saya coba lap pake tissue basah eh tissue basahnya ngga kotor. Ini membuktikan mejanya beneran dilap. …","Lainnya","","Suka","2","","Bagikan",""
"https://lh3.googleusercontent.com/a-/ALV-UjWyashhd8fhB88k6McBJAe7U8hIH5cCJKWNEY0KTvnCDDWTLoesjA=w45-h45-p-rp-mo-ba3-br100","Cruzz Anita","Local Guide · 19 ulasan · 17 foto","","","4 tahun lalu","Sirloin cafe de paris nya unik dengan herb butternya melimpah lebih kaya berkuah,dagingnya udah dipotong2in, Rasanya lumayan Ok lah.  Untuk terderloinnya biasa aja, tapi Sauce chimicurinya enak banget 👌 …","","","","","","Bagikan","Suka"
"https://lh3.googleusercontent.com/a-/ALV-UjVqWEn0XjILq3WoVXmA_c9M1xtxnO4D9Q6qr8AtKF9kapeqQPCa=w45-h45-p-rp-mo-ba3-br100","Fahmi Irsyad (Raruku)","Local Guide · 30 ulasan · 11 foto","","","3 tahun lalu","Pelayanan sangat memuaskan, respon cepat dan sangat sopan. Penyajian makan dan minuman sangat cepat dan sesuai pesanan. Rasanya sangat enak, juicy, dan cocok untuk warga bekasi yang ingin menikmati steak under 500k/2pax. …","Lainnya","","","","","Bagikan","Suka"
"https://lh3.googleusercontent.com/a-/ALV-UjWUB-HtzW6feR-k9C-TDZcVSq5syXkNY-RCWnmFfJGj9h3-3Dk=w45-h45-p-rp-mo-br100","Nindy Putri","8 ulasan · 5 foto","","","setahun lalu","Untuk makanannya enak,tapi untuk pelayanannya saya kecewa.baru kali ini saya makan tapi ngga boleh pilih tempat duduk padahal masih banyak tempat duduk kosong dan blm diresev. …","Lainnya","","","","","Bagikan","Suka"
"https://lh3.googleusercontent.com/a-/ALV-UjVfdUiisX6ki1QbPE8l4cDS3pfH3Ex2al8-EpDJCkjPWgwjt6Bi=w45-h45-p-rp-mo-ba3-br100","Rayhan Az'ar","Local Guide · 33 ulasan · 36 foto","","","3 tahun lalu","Tempatnya mudah diakses, steaknya enak banget sangat juicy, harganya juga gamahal-mahal banget buat rasa yang enak. Overall 5/5🤩🤩 …","Lainnya","","","","","Bagikan","Suka"
"https://lh3.googleusercontent.com/a-/ALV-UjXXBaGpCrpfZPPn3ojyQXRAlgZGikhpPD9invUR7aKeLtLnT4Pq=w45-h45-p-rp-mo-ba5-br100","Faizal Senawijaya","Local Guide · 140 ulasan · 644 foto","","","6 tahun lalu","Gausah diragukan lagi sih ini steaknya emang juara, masih belum ada yg ngalahin terutama menu Steak Meltique nya gak ada obat 👍👍 …","","","Suka","1","","Bagikan",""
"https://lh3.googleusercontent.com/a-/ALV-UjWN-Uvy09_2nTx6wtLmpjL3QyLZqwDAzRuhXqM9x9NRNtzuPdZOtA=w45-h45-p-rp-mo-ba5-br100","duck friend","Local Guide · 306 ulasan · 731 foto","","","2 tahun lalu","Kalo ga bisa ke hollycow, kesini aja. Enak dan worth the price 👍🏻 katanya ada cabangnya di jakarta but idk where. Ini yg di bekasi enak kok ambience cafe nya juga OK ada tempat musholla bagi yg muslim. Layanan waiter/waitress nya juga OK humble staffs😄 …","Lainnya","","","","","Bagikan","Suka"
"https://lh3.googleusercontent.com/a-/ALV-UjXVQ26avEOsnCB5wUtmWRpIg-UWRy0jZSKRnN9rFhICLPbxTsdQ3g=w45-h45-p-rp-mo-ba5-br100","Martin Rookus","Local Guide · 77 ulasan · 655 foto","","","Diedit 2 tahun lalu","menu favorit rib eye 600gr steak me up, steak platter dan norwegian salmon. bisa kenyang rame-rame, minimal bertiga. suasana pas buat makan sambil ngobrol santai.","Lainnya","","","","","Bagikan","Suka"
"https://lh3.googleusercontent.com/a-/ALV-UjVaaaWsL9EGVP0LgPBW9ndn5diAwsO3DeYt_5Xw6e0nrDJjs-ro=w45-h45-p-rp-mo-ba4-br100","Shela Yulia","Local Guide · 95 ulasan · 133 foto","","","5 tahun lalu","The best steak in town.
Kalo makan disini harus cobain mushroom saucenya, juaraaa banget rasanya. Enak banget paraah 😭 …","Lainnya","","Suka","1","","Bagikan",""
"https://lh3.googleusercontent.com/a-/ALV-UjXCkRkjnmQe7OhVWC1MZU-jkwbJBO3cdi4j6Bvih_O-f8RjFeMs=w45-h45-p-rp-mo-br100","priya uthama","5 ulasan · 12 foto","","","9 bulan lalu","Steaknya real 250 gr..yummy n juicy","Lainnya","","","","","Bagikan","Suka"
"https://lh3.googleusercontent.com/a-/ALV-UjV_2fsvO_0KuBN-QDni62lqkfS6VMZ70YeMnXEw94zYwpMExiPR0Q=w45-h45-p-rp-mo-ba4-br100","Fadly Hidayat","Local Guide · 52 ulasan · 124 foto","","","2 tahun lalu","Steak enak di bekasi...saya pesan sirloin meltique steak...yummy...suasana restonya OK,  setiap kesini selalu tunggu antrian...tetapi terbayar setelah makan steaknya chef Widhi👍👍 …","Lainnya","","","","","Bagikan","Suka"
"https://lh3.googleusercontent.com/a-/ALV-UjXdjCmZe_HbybDaG_3c3UPiw1VrIUVjjxvxyLQpBPwZMWM4D1BK6w=w45-h45-p-rp-mo-ba5-br100","Harun Khadafi","Local Guide · 241 ulasan · 709 foto","","","4 tahun lalu","Lamb chopnya best banget. Dengan tingkat kematangan medium rare plus side dish sauteed potato, broccoli dan black pepper sauce... Paduan mantap pisan dah. Must try","Lainnya","","Suka","1","","Bagikan",""
"https://lh3.googleusercontent.com/a-/ALV-UjXeEie7ZxJC7AQqYAvsIiSqQ-0sk6bC10Kt42mDcXUCRZo0na9a=w45-h45-p-rp-mo-ba5-br100","adinda khasana","Local Guide · 142 ulasan · 1.302 foto","","","3 tahun lalu","Tempat makan steak favorite keluarga
Tempatnya nyaman, bersih
Steaknya enakkk","Lainnya","","","","","Bagikan","Suka"
"https://lh3.googleusercontent.com/a/ACg8ocK1NPJBX_7bMaXtzf2Pfaa43APwlwsGJqZxtNzNOR2yzYAkPqA=w45-h45-p-rp-mo-ba4-br100","Putri Hardini","Local Guide · 110 ulasan · 71 foto","","","3 tahun lalu","Pesan yang The signature dish nya ""Steak Cafe de Paris"" yang Sirloin Meltique. Lembut banget, terus melted here butter nya bikin rasanya makin enak dan gurih ke beef nya. Cocok banget pas dijadiin dressing green salad nya. Perpaduan nya pas …","Lainnya","","Suka","1","","Bagikan",""
"https://lh3.googleusercontent.com/a/ACg8ocKWt3GzsqqtcWFo4VMeNAfXsXYt5fMGpHu9cK4f11g_5_O67Q=w45-h45-p-rp-mo-br100","Dian Amalia","2 ulasan · 4 foto","","","2 tahun lalu","Kesini karna pengen cobain birthday giftnya, ternyata enak walau gratis.. Pelayanannya juga cepet, steaknya oke rasanya saus mushroom nya bestt","Lainnya","","","","","Bagikan","Suka"
"https://lh3.googleusercontent.com/a-/ALV-UjWnooQG6nb5QQpb3ZkXGCxcbnV1EOjMC3P5S_tk_5zN_wzHjng=w45-h45-p-rp-mo-ba4-br100","Aswadi Aby","Local Guide · 120 ulasan · 192 foto","","","5 tahun lalu","Banyak menu steak luar biasa disini, rasa nya enak mantullll.. Pelayan nya ramah, tempat nyaman dan bagus buat diabadikan camera.. Harga dan rasa pas lah.. Sesuai","","","Suka","1","","Bagikan",""
"https://lh3.googleusercontent.com/a-/ALV-UjXlDy_izCpqD40pJ38ysHdK4nvpVqgEoWz3OVh_bDZ9HfyoPzew2A=w45-h45-p-rp-mo-br100","Irena NF","9 ulasan · 8 foto","","","2 tahun lalu","gapernah kecewa makan disini. semuanya enak, tingkat kematangan sesuai. pelayanannya juga baik, tempat nyaman. selalu akan kembali berkali2 🥰 …","Lainnya","","Suka","3","","Bagikan",""
"https://lh3.googleusercontent.com/a-/ALV-UjX-FxN7UswFmw1Ox0CLILtNOwi4aBMr3zJXg0FIrgZBsMK0FhW0=w45-h45-p-rp-mo-br100","Dwitya Sophia","2 ulasan · 1 foto","","","4 bulan lalu","Pelayanannya sangat lama, orderan kami membutuhkan 40 menit untuk diproses. 40 meniiiiiiitttttttt","Lainnya","","","","","Bagikan","Suka"
"https://lh3.googleusercontent.com/a-/ALV-UjXlPUFaTY-x3g0QiFfQUB2gPyuRx8GpSSNcgg68SprQ5UbWcHWN=w45-h45-p-rp-mo-ba3-br100","Robert Ismaya","Local Guide · 39 ulasan · 55 foto","","","2 tahun lalu","Rasa makanan enak bgt, seperti makanan mewah
Tp maaf menurut sy tempat nya yg saya duduk diruangan kiri itu, pencahayaan nya agak kurang ya, …","Lainnya","","","","","Bagikan","Suka"
"https://lh3.googleusercontent.com/a-/ALV-UjXLLM2tHkMUTeHgJ_SW6DuSjwxbE2-UHtDCCig5_pP6bzf7YGX-=w45-h45-p-rp-mo-ba2-br100","Dini Desyani (Dinii)","Local Guide · 20 ulasan · 17 foto","","","2 tahun lalu","pelayanan nya bener2 juara ditambah makanannya juga enak2 semua , yg lg birthday bisa datang kesini pas hari H bakal dapet free","Lainnya","","","","","Bagikan","Suka"
"https://lh3.googleusercontent.com/a-/ALV-UjW-aVFlop3UF0x2tfApKFIXS_dMC2opYFCy7B_GmHEwHqtrsfJQ=w45-h45-p-rp-mo-ba3-br100","Galih Purnomo Shiddiq","Local Guide · 61 ulasan · 22 foto","","","4 tahun lalu","Tempatnya enak, harga dan rasanya worth it. Buat kalian mau coba gw rekomenin. Kalo mau daging yg empuk coba rib eye meltique","","","Suka","2","","Bagikan",""
"https://lh3.googleusercontent.com/a-/ALV-UjXDlbkf2Ayx_GEtE8VIwLoF3zZUpabqq7u5eoYw-2P8mVRUWR27=w45-h45-p-rp-mo-ba3-br100","Wa Ode Lis Eviyanti Ningsih","Local Guide · 26 ulasan · 82 foto","","","4 tahun lalu","Steak empuk rasa nya enak dan ga gagal sih. Deket juga di bekasi 😘 …","","","Suka","1","","Bagikan",""
"https://lh3.googleusercontent.com/a-/ALV-UjVpbpZggK05xD0RGo95MnTVAyjoo9gZNT9azCKBEV0H3mHukj9VmQ=w45-h45-p-rp-mo-br100","SoZaiHo Channel","3 ulasan · 1 foto","","","8 tahun lalu","Tempatnya nyaman..Pelayanan cepat..rasa steak sangat enak,empuk dan bumbunya meresap.. dan banyak pilihan sausnya..Untuk tingkat kematangan bisa dipilih dan sesuai pesanan..harga terjangkau..","","","","","","Bagikan","Suka"
"https://lh3.googleusercontent.com/a-/ALV-UjWbRnokHmJd8hWz5EZuimxR9kFzvQk_-aO85zTuSwlQB1MSXFY=w45-h45-p-rp-mo-ba3-br100","marshalhabil","Local Guide · 38 ulasan · 42 foto","","","2 tahun lalu","Alhamdulillah dapet steak ulang tahun dari Double U Steak. Semoga makin sukses dan lancar terus usaha-nya Chef Widhi …","Lainnya","","Suka","1","","Bagikan",""
"https://lh3.googleusercontent.com/a-/ALV-UjVYfW3WqHV8CBkqPlkTd1A46gLgWYraAyAGRGklc7o0GKt1Btd2=w45-h45-p-rp-mo-ba5-br100","Inna Ekawati","Local Guide · 124 ulasan · 1.202 foto","","","Diedit 2 tahun lalu","Steak ter-enak seantero Jabodetabek....Wajib cobain yg doyan steak....Steaknya ga kaleng2 ini...setiap weekday ada promo lunch...","Lainnya","","","","","Bagikan","Suka"
"https://lh3.googleusercontent.com/a/ACg8ocJpX38TxLJtuO95qydzcmnuescOv6wkTrrJV84nMXwj8BDwlDo=w45-h45-p-rp-mo-ba4-br100","Henny Heryanti","Local Guide · 158 ulasan · 310 foto","","","3 tahun lalu","Ini pesen wagyu, jujur rasa daging enak tp ya B aja. Ga ada yg special dari dagingnya. TAPI SAOS MUSHROOMNYA JUARAAKK!","Lainnya","","Suka","1","","Bagikan",""
"https://lh3.googleusercontent.com/a/ACg8ocKIiPW13mov14ZTBTrhqfzpF2EKEtlo05DS7E8CVTwyK-r84nI=w45-h45-p-rp-mo-ba4-br100","Adhitya Pratama Halim (Adhitya PH)","Local Guide · 83 ulasan · 22 foto","","","4 tahun lalu","Tempatnya nyaman
Makanannya enak, steak cafe nya enak (rekomendasi sekali)
Untuk makanan pembuka buffalo wings nya enak …","Lainnya","","","","","Bagikan","Suka"
"https://lh3.googleusercontent.com/a/ACg8ocLsXCQD1oQuE3kctrjXkvgtCCZjeUGIB5J021n4e-8Ygf87tA=w45-h45-p-rp-mo-ba3-br100","Aditya Pratama","Local Guide · 45 ulasan · 28 foto","","","4 tahun lalu","Steak nya enak
Paling favorit pakai cream mushroom sauce nya
Tapi yang buat rese cuma dikasih waktu 45 menit buat makan dengan alasan banyak yang waiting list, walaupun gak ada yang ngantri.","","","","","","Bagikan","Suka"
"https://lh3.googleusercontent.com/a-/ALV-UjWJoX7q5JbKwuUJxcELieRSki7xO59j2lXr57OLqzgmU-TzVmWqFA=w45-h45-p-rp-mo-ba3-br100","Nisrina Nuraathif (IRINA)","Local Guide · 62 ulasan · 50 foto","","","5 tahun lalu","sayang beef meltique nya sudah tidak ada, jadi ditukar yg mirip, tp tetep enaak, kurang panas aja pas disajikan, brokolo cheese nya enaak, mushroomnya enaak, cuma terlalu eneg kalau digabung, overall puas bgt","","","","","","Bagikan","Suka"
"https://lh3.googleusercontent.com/a-/ALV-UjXdE1VvlueUKSIeBxI_Iqpp6ewIK6H12-P9kCtKl892KztpVJI=w45-h45-p-rp-mo-ba5-br100","framesbyrose","Local Guide · 273 ulasan · 1.139 foto","","","2 tahun lalu","Makanannya selalu enak
Pelayanan oke
Tidak boleh bawa makanan dr luar …","Lainnya","","","","","Bagikan","Suka"
"https://lh3.googleusercontent.com/a/ACg8ocJ6is4MyQRoQa1CBUe5gP30CRgsO-B1tcRw_VOVkTFJdTDNdcA=w45-h45-p-rp-mo-ba3-br100","Monica Nurliza","Local Guide · 28 ulasan · 46 foto","","","Diedit setahun lalu","di gedung yg baru mushola, toilet, dan tempat wudhu nya jauh lebih proper. excellent sekali utk owner n team yg sangat memikirkan aspek ini. inshaa Allah jadi semakin berkah krn ibadahnya nyaman. 💯 …","Lainnya","","","","","Bagikan","Suka"
"https://lh3.googleusercontent.com/a-/ALV-UjUj1IWr7OtPA7au_Syi_dObioPeiW3sOi1KR_r9zOcXyY_pDLs=w45-h45-p-rp-mo-ba3-br100","Farida Nursofia","Local Guide · 26 ulasan · 50 foto","","","4 tahun lalu","Akhirnya ga ketakutan lagi untuk makan steak dengan rasa yang worth it. I Found it Double U steak by Chef Widhi","","","","","","Bagikan","Suka"
"https://lh3.googleusercontent.com/a-/ALV-UjVb8n8F9VTwt047WdQ_mv1merQoQCvLFa77em6BDBripX_jKkX4=w45-h45-p-rp-mo-br100","Toink toink","8 ulasan · 3 foto","","","2 tahun lalu","Salut sama pelayanan resto ini, saya driver ojol dapet pesanan di kasih Snack dan esteh manis, semoga makin maju usaha nya sukses terus DOUBLE U STEAK 👍👍 …","Lainnya","","","","","Bagikan","Suka"
"https://lh3.googleusercontent.com/a-/ALV-UjUn6wrWNPRqOyksyexk3uK4PBbx_kYijBHzwcSkXSvr-HIIzv1r=w45-h45-p-rp-mo-br100","Johanna Teddy","16 ulasan · 1 foto","","","2 tahun lalu","Enak, tapi sayang fiile mignon udah gak ada lagi. Please adain lagi secara aku gak suka meltig meat. Jadi sebagai gantinya ku always order top wagyu","Lainnya","","","","","Bagikan","Suka"
"https://lh3.googleusercontent.com/a-/ALV-UjWAGl22G3B_ce-JdbMOVLkWVJlndlc6vgM0JwreD8o4L2YOhpQt=w45-h45-p-rp-mo-br100","Azhariyatun Munawaroh","6 ulasan · 4 foto","","","10 bulan lalu","Makananya enak bgt, pelayanannya enak banget, tempatnya enak bgt!","Lainnya","","","","","Bagikan","Suka"
"https://lh3.googleusercontent.com/a/ACg8ocLzJpWFo9NlqdiHnQSM3OjpvJ3aSmBGHuc9UiTDxAxxc7Q0=w45-h45-p-rp-mo-ba3-br100","Anggandari","Local Guide · 34 ulasan · 30 foto","","","5 tahun lalu","Best in town! Kalah deh yg mall2. Affordable taste with reasonable price. Tapi harus antri yah alias waiting list dulu krn fans nya banyak hehe","","","","","","Bagikan","Suka"
"https://lh3.googleusercontent.com/a-/ALV-UjXwlMHoLHwm4iZW5BlLEGOBaBitXSmcXCm4pheDQy3RzyXamOby=w45-h45-p-rp-mo-ba5-br100","Bosman Syarif","Local Guide · 139 ulasan · 168 foto","","","Diedit setahun lalu","Uenak buet Steak nya guys, juicy,empuk,muantapppp Poll.... Yuks let's GO.","Lainnya","","","","","Bagikan","Suka"
"https://lh3.googleusercontent.com/a/ACg8ocJWSkZImgAg7Eg7dAvQV89gDxfGoopJdKmO837ZYzNTJf7sfA=w45-h45-p-rp-mo-br100","Nada Afifah","2 ulasan · 1 foto","","","5 tahun lalu","Tempat steak yang paling enak.. kematangan dagingnya pas banget. Sayurnya yang paling enak brokoli cheesenya. Kentangnya yang pasti mashed potatonya dong 👍👍👍 …","","","Suka","1","","Bagikan",""
"https://lh3.googleusercontent.com/a-/ALV-UjVYcDzTS2iD23n5pFd2svjD92Fnoi0zYXdf1p72gi3MKGn3N_-2=w45-h45-p-rp-mo-ba5-br100","Stefanus Septamada","Local Guide · 258 ulasan · 213 foto","","","2 tahun lalu","Makanan Enak, Layanan Baik, Cuma ruangannya yg Puanasss polll..","Lainnya","","","","","Bagikan","Suka"
"https://lh3.googleusercontent.com/a-/ALV-UjXe6B9lIz-JUp2ZB-cCbrj0141SVmGH6Fpi9WRNwSyeqH0iRziv=w45-h45-p-rp-mo-ba4-br100","Sigit Suharto","Local Guide · 105 ulasan · 195 foto","","","9 tahun lalu","Steak enak dekat rumah. Harganya lumayan ekonomis, tapi rasanya mahal 👍🏼.
Sudah cukup lama tidak ke sini. Sepertinya porsi steak mengecil ya? Hahaha. …","","","Suka","1","","Bagikan",""
"https://lh3.googleusercontent.com/a-/ALV-UjWrM3a54VYpo5_VYOFhI_OxDZAti24e2SN7kS1o_ySrlppwFHmm=w45-h45-p-rp-mo-ba3-br100","Lucky Alexander","Local Guide · 42 ulasan · 69 foto","","","setahun lalu","Steak paling enak yang pernah Saya makan. Sangat pantas untuk ditunggu.","Lainnya","","","","","Bagikan","Suka"
"https://lh3.googleusercontent.com/a/ACg8ocKDQB9lczcH_97mzR9pOLZ9MkE4i7VFVMbtfa01NuzzGHhxYixb=w45-h45-p-rp-mo-ba4-br100","Alfrecia Latumahina","Local Guide · 115 ulasan · 205 foto","","","7 tahun lalu","Nice place, buka jam 5 sore untuk bulan ramadhan dan cm bisa reserve untuk senin-jumat. Makanan okay, waiters nya ramah2. Good job","","","","","","Bagikan","Suka"
"https://lh3.googleusercontent.com/a/ACg8ocKVfYvvnlo5x5j7tB6QOcHmn1haA3bI2HbR9CtHbjQkRrXAqQ=w45-h45-p-rp-mo-ba4-br100","MommyD","Local Guide · 117 ulasan · 318 foto","","","Diedit 3 tahun lalu","Terbaik untuk semuanyaaa. Harga dan rasa bintang 5. Ga nyangka seenak itu 🤍 …","Lainnya","","","","","Bagikan","Suka"
"https://lh3.googleusercontent.com/a-/ALV-UjUKCySW9StV82Yc4wCxrILXdUALs_pxFCS4ZejbvkITTe-lUdKV=w45-h45-p-rp-mo-ba3-br100","Hardian Rahmat","Local Guide · 43 ulasan · 13 foto","","","3 tahun lalu","Jujur aja enak makanannya, pelayanannya oke banget. Tapi kalo tempatnya kurang, parkirnya jg kurang. Plusnya walaupun tempat dan designya gak oke, tp bersih banget. Kalo parkirannya kotor","Lainnya","","Suka","1","","Bagikan",""
"https://lh3.googleusercontent.com/a-/ALV-UjXXlkjXdymVmNravIoAmbHRtawe0_qya-88b1GrtvYQ3uxq0EfR=w45-h45-p-rp-mo-ba6-br100","Septyandini Widowati","Local Guide · 353 ulasan · 1.222 foto","","","4 tahun lalu","Salah satu steak enak di bekasi. Selalu ke sini kalo pengen makan steak walau sering waiting list. Tempatnya nyaman juga terutama yg lantai 2, karna luas. Creamy spinach enak bgttt ❤️❤️","","","","","","Bagikan","Suka"
"https://lh3.googleusercontent.com/a-/ALV-UjXbdKhfvljEpT2r1zsZBOvLw3xGq563CF0Jt9V734bKQ_AEjpte=w45-h45-p-rp-mo-ba4-br100","Riandi Noor","Local Guide · 40 ulasan · 104 foto","","","Diedit 7 tahun lalu","Best steak house in town. Dengan berbagai macam menu yang bisa dipilih dan pilihan daging yang siap bikin bingung. Yang penting bisa refill ice tea sepuasnya! Great little touch. Ambience nya asik buat nongkrong. And don't forget to check out their daily promo for more extra value!","","","","","","Bagikan","Suka"
"https://lh3.googleusercontent.com/a-/ALV-UjU4YRO6Dvmg5HpipDoluL3qCxEV_uy4oDMygbce6tTWJPFG3IU=w45-h45-p-rp-mo-br100","yusri habibah","11 ulasan · 13 foto","","","8 bulan lalu","Hi kita makan menu yang 500rb untuk 500gr. Tapi ternyata setengahnya adalah tulang Shay. Jadi berasa makan sop jando 🤣🤣 …","Lainnya","","","","","Bagikan","Suka"
"https://lh3.googleusercontent.com/a-/ALV-UjXddoSDIJrLt2ovlZK-JYf-HRmXZ1Ws1IHxyKZHkQG0pJDD7wk=w45-h45-p-rp-mo-br100","Nur Saputri","6 ulasan · 3 foto","","","6 tahun lalu","Ga pernah bosen kesini, lagi dan lagi.. kebetulan hari ini dtng utk claim birthday steak.. asli bener free gengs😅😅 Dan staffnya super duper ramah, dijamin bakalan dibikin susah move on sm doubleyusteak. …","","","","","","Bagikan","Suka"
"https://lh3.googleusercontent.com/a-/ALV-UjWPKk57axPofjVycGkJoB7rR-UbXdEEQEzLe3GoRkFriVZvlCgS=w45-h45-p-rp-mo-ba4-br100","Indira Puspawardana","Local Guide · 108 ulasan · 140 foto","","","Diedit 4 tahun lalu","Cozy, pelayanan nya ramah, menu nya banyak. Cuma menurut saya, saladnya terlalu asin buat saya, sayur bayam nya juga asin. Ya intinya terlalu asiinn buat saya.","","","","","","Bagikan","Suka"
"https://lh3.googleusercontent.com/a-/ALV-UjUu3RBtt83vhHfqiWD_ZlWocRTl01LAcMOiNMUsPTtZQAH-I5Q=w45-h45-p-rp-mo-ba3-br100","rafi rahadian","Local Guide · 68 ulasan · 26 foto","","","setahun lalu","Steak yang price nya cukup irit kalau dibanding steakhouse premium lainnya, tapi rasanya ga kalah enak. Daging nya empuk, gede, juicy, dan pilihan sausnya banyak banget …","Lainnya","","","","","Bagikan","Suka"
"https://lh3.googleusercontent.com/a-/ALV-UjVSBHavgxHPFvS5dlrqBOKiIDsffDbnu2PwBFmz7v_zKH-zX8bFCw=w45-h45-p-rp-mo-ba4-br100","Kenrick Gt","Local Guide · 144 ulasan · 31 foto","","","2 tahun lalu","Menunya enak semua sangat berkesan apalagi setiap birthday 🎉 dapet steak, sukses terus chef 👌 …","Lainnya","","","","","Bagikan","Suka"
"https://lh3.googleusercontent.com/a-/ALV-UjV7LEWixYcH53otu75Omrb-Y1zQVwa560ZA4FRxgyblT4OSNkc=w45-h45-p-rp-mo-br100","Pradipta Fahrizal","9 ulasan · 10 foto","","","setahun lalu","Makanannya enak, patut dicoba","Lainnya","","","","","Bagikan","Suka"
"https://lh3.googleusercontent.com/a-/ALV-UjVfJKEsHVap49wpu8F44oQtVsJON3kNWmcEWPKGZK2zgFyG6jI=w45-h45-p-rp-mo-ba3-br100","abu hamzah","Local Guide · 30 ulasan · 28 foto","","","setahun lalu","Restoran bintang 5 untuk driver gojek yang sedang mendapatkan orderan diberikan es teh …","Lainnya","","","","","Bagikan","Suka"
"https://lh3.googleusercontent.com/a-/ALV-UjVIpe-o6qqdgXCAfROJoQ87RumQjezzkrpniL7SWJ5RKV9r8pm7=w45-h45-p-rp-mo-ba4-br100","klaudia febby","Local Guide · 64 ulasan · 130 foto","","","3 tahun lalu","Makananya enak dan porsinya sangat mengenyangkan… cuma kalo weekend waiting list :”(","Lainnya","","","","","Bagikan","Suka"
"https://lh3.googleusercontent.com/a-/ALV-UjWE-lJlOKqult7zSKtWyfctQtkgHDP5NsG6cXKW4wuGdgZ2zH_u=w45-h45-p-rp-mo-br100","KAJI Design","11 ulasan · 14 foto","","","5 bulan lalu","Wahh ini sih steakk terenaakkk, harganya jg ga kaleng2 haha","","","","","","Bagikan","Suka"
"https://lh3.googleusercontent.com/a-/ALV-UjXZA80u5eSSd6f6vAQAzBrUQ9cyhQNn0lora3rS21RPzfXJ_6eI=w45-h45-p-rp-mo-ba4-br100","Mr. Ojol Gamer","Local Guide · 35 ulasan · 40 foto","","","4 tahun lalu","Menurut saya untuk ukuran sebuah steak ini not bad 3,5/5... Suasana tempatnya lumayan cozy... Belum bisa beritahu lebih...","","","","","","Bagikan","Suka"
"https://lh3.googleusercontent.com/a-/ALV-UjVmv9hpc0VPBvSVE9qEsXvAXFfVvr2CnrfaWAtiqNSb4HbNFMwAUA=w45-h45-p-rp-mo-ba5-br100","Reza Nugraha","Local Guide · 184 ulasan · 477 foto","","","3 tahun lalu","Dekat sama kantor jadi coba makan di sini, ada wagyu tpai hanya sampai mb 2, ada meltique juga.  Imo oreganonya terlalu medok","","","","","","Bagikan","Suka"
"https://lh3.googleusercontent.com/a/ACg8ocLKMSqXUaQR_DAluLWxffY_tWmX0UibCCpYSnufnb2_hxo0Uw=w45-h45-p-rp-mo-ba5-br100","Moni Fancy","Local Guide · 83 ulasan · 331 foto","","","3 tahun lalu","Rasa nya ok cm susah parkir klo pas rame","Lainnya","","","","","Bagikan","Suka"
"https://lh3.googleusercontent.com/a/ACg8ocJr6qQh1QcXjuOz6Le7X4Qjl9kTFR4FGHl0xWljbhdyvq4qbQ=w45-h45-p-rp-mo-br100","moreno gibranbagaskara","1 ulasan · 1 foto","","","10 bulan lalu","Mohon dilakukan pembinaan karyawan atas nama Lutvia, ada table kosong tetapi dibiarkan begitu saja, padahal saya menunjukkan ada table yang kosong dan dia mengatakan sdh full, setelah menunggu selama 30 menit lebih, table yg kosong diberikan ke saya oleh petugas yg lain","Lainnya","","","","","Bagikan","Suka"
"https://lh3.googleusercontent.com/a-/ALV-UjWG8ZihOc6ZG6A1ezYGylsEq7VKGjr-foAPZbN2fyYKxMyu_og=w45-h45-p-rp-mo-ba2-br100","M Magdalena","Local Guide · 6 ulasan · 10 foto","","","6 tahun lalu","Lokasi memang tidak premium tapi soal rasa: amazing .. harga ok untuk rasa dan porsi","","","Suka","1","","Bagikan",""
"https://lh3.googleusercontent.com/a/ACg8ocI7NpvNMhT_fwhcZw_l_roZ5L8DehVkwIhLI0dD63nerKliqQ=w45-h45-p-rp-mo-ba2-br100","halo Byan","Local Guide · 18 ulasan · 32 foto","","","5 tahun lalu","Ini menurut aku adalah salah satu resto steak yang enak di Bekasi. Semua varian steaknya enak, Kita makan dagingnya tanpa sauce aja enak banget, apalagi kalau sauce blackpeppernya juara bangettt, belum ada yg nandingin. …","Lainnya","","Suka","1","","Bagikan",""
"https://lh3.googleusercontent.com/a/ACg8ocLvkihedqjHJUo343kooaQftFjhuqH9lLCA9iJzEzUXMbBqng=w45-h45-p-rp-mo-ba2-br100","Sella","Local Guide · 16 ulasan · 15 foto","","","setahun lalu","Ambiance enak, bersih, ada tempaat sholat juga. Harga lumayan pricey, but worth the price.","Lainnya","","","","","Bagikan","Suka"
"https://lh3.googleusercontent.com/a-/ALV-UjVWVCHhdSPmWSVEBzVCD4RvC6QcD3P6kQFj-gxWM7sWqyvwOgml=w45-h45-p-rp-mo-br100","Titin Mustika Sary","7 ulasan · 8 foto","","","6 tahun lalu","Menu simple, rasa enak,(drpd yg di mol2) tempat keren buat foto2, parkir mudah, pas Ultah malah dpt free 1 menu sirloin.. yeyy.. Double U steak, smoga makin sukses 💐🍻🍾 …","","","","","","Bagikan","Suka"
"https://lh3.googleusercontent.com/a-/ALV-UjVpa_3InjZuxy5zIzACqpgsjQ7GBgc6HSY0kdV_GMTE416rmFO4=w45-h45-p-rp-mo-ba4-br100","Aulia Nur Rahmi","Local Guide · 147 ulasan · 54 foto","","","Diedit 5 tahun lalu","Great place. Steak nya enak, tempatnya nyaman, pelayanannya baik 👌 …","","","","","","Bagikan","Suka"
"https://lh3.googleusercontent.com/a/ACg8ocLejn_kbW-LCGU9pJa1faHoOzxy85ys8g-pCFdKTCH1luZXfA=w45-h45-p-rp-mo-br100","Fadli Sulaiman","9 ulasan · 5 foto","","","setahun lalu","Udah lama mau cobain ini semalem tapi kecewa ga lagi deh.
Jadi saya pesan wagyu rib eye mb-2 dimenu online yang saya scan tertera seharga 300rb namun pada saat bayar harganya berbeda menjadi 385rb. …","Lainnya","","","","","Bagikan","Suka"
"https://lh3.googleusercontent.com/a-/ALV-UjWCKKr7z8luH31llTzOke8udHF5BdBg3lgXdbs0Ei5LFMVnmDki=w45-h45-p-rp-mo-ba5-br100","Mercky Sangga","Local Guide · 115 ulasan · 216 foto","","","7 tahun lalu","Gw kesini jemput bini gw yg lagi kumpul dinner ama teman kantornya... Ikutan makan deh jadinya... 🤭 …","Lainnya","","","","","Bagikan","Suka"
"https://lh3.googleusercontent.com/a-/ALV-UjUcwDF7s7YSr1F_9lislRl5YroOmRyaujz5_p9ZIf7Abka5iRpK=w45-h45-p-rp-mo-ba3-br100","Ivan Agusta","Local Guide · 28 ulasan · 82 foto","","","2 tahun lalu","Steak nya uenaakk, juicy, pelayanan nya bagus, jelasin menu2 dan cara makannya.
Tempat yg wajib di kunjungi para carnivore didaerah bekasi.","Lainnya","","Suka","1","","Bagikan",""
"https://lh3.googleusercontent.com/a/ACg8ocJ_Nr9uHCHUdvj7b78lFa__teKb-H8jw_JpnQBFY0fsJK1I=w45-h45-p-rp-mo-ba2-br100","Prima Kinanti","Local Guide · 8 ulasan · 11 foto","","","2 tahun lalu","Enak semua. Nachos daging dan kejunya berasa, onion ring tebal ga kering. Steaknya empuk banget!","Lainnya","","","","","Bagikan","Suka"
"https://lh3.googleusercontent.com/a-/ALV-UjXVTYPp1LjtCGare_a58ps87NvhnC6weduuyzcnggQf6IGixX3y=w45-h45-p-rp-mo-ba4-br100","Shabrina","Local Guide · 141 ulasan · 320 foto","","","4 tahun lalu","Dagingnya enak, banyak varian saus, vege dan potato, beda dari yg lain.
bisa makan di mobil jg, nilai plus bgt ! …","Lainnya","","","","","Bagikan","Suka"
"https://lh3.googleusercontent.com/a/ACg8ocLt1oe-V0Q5xh-Ep4nlinTbKIM9HVcneHHixbbF5H_NiQ7vFQ=w45-h45-p-rp-mo-br100","Rosa Septia Putri","7 ulasan · 2 foto","","","2 tahun lalu","Hari ini nyoba kesana buat coba bday treats nya, pelayanannya bagus banget, omg pelayanannya terbaik si, dateng²lgsg disambut dan dianter ke meja nya, tanpa ngomong apapun lgsg dijelasin promo apa aj hari itu, untuk makanannya enak dan cantik bgtt, ga ekspek bakal diplatting seniat itu, terimakasih double u steak😍🥰❤ …","","","","","","Bagikan","Suka"
"https://lh3.googleusercontent.com/a-/ALV-UjUwEvvr-kYD-MxeqEMupedQWdWR8g-_unEOIGyp4lb_0oCTuHV-2A=w45-h45-p-rp-mo-ba3-br100","Henry Panjaitan","Local Guide · 20 ulasan · 16 foto","","","4 tahun lalu","Dagingnya empuk, saus steak nya mantul... Dikasih komplemen fried onion ring karena steaknya lumayan lama diserving... Jadinya pelanggan gak jadi bete nungguin...","","","Suka","1","","Bagikan",""
"https://lh3.googleusercontent.com/a-/ALV-UjW2SBbkxIjckIaL8ARA_bYRin_2MMO0pup414OvzNZd6gNKgu0=w45-h45-p-rp-mo-ba4-br100","Putri Siswandari","Local Guide · 93 ulasan · 434 foto","","","setahun lalu","Steak nya enakk... Tempatnya nyaman.. Harga lumayan..","Lainnya","","","","","Bagikan","Suka"
"https://lh3.googleusercontent.com/a-/ALV-UjUK9JhnThFR6in74Q-EzY9INwMvh7xvP_un5vKPV69LCwcDKuuK=w45-h45-p-rp-mo-ba4-br100","Jessica Anggraini","Local Guide · 129 ulasan · 161 foto","","","4 tahun lalu","Murah,enak,tempat nya jg keren, pelayanannya cpt dan ramah, recomend bgt buat ajak kel menikmati steak👌👌 haoce …","","","","","","Bagikan","Suka"
"https://lh3.googleusercontent.com/a-/ALV-UjUeoQXhYmi4nINRq-U7P7uT7OMbIVqL5vkWkypWwvWKDeghhAxx=w45-h45-p-rp-mo-ba4-br100","Minerva Chilli","Local Guide · 78 ulasan · 90 foto","","","3 tahun lalu","Must try cafe de paris. Bikin ketagihan. Akan kembali untuk coba menu lainnya 😁😁 …","Lainnya","","","","","Bagikan","Suka"
"https://lh3.googleusercontent.com/a-/ALV-UjUFBu0LQdfZ12dt399fjSRgVf4Xj0kEGgatUij2L4Hu-a3k4KNaFg=w45-h45-p-rp-mo-ba5-br100","Iin Harun","Local Guide · 283 ulasan · 476 foto","","","3 tahun lalu","sirloin steak cafe de parisnya enak, cuma sedikit salty di akhir...","Lainnya","","","","","Bagikan","Suka"
"https://lh3.googleusercontent.com/a/ACg8ocIa3hunodfqjA_8f1gbfkdsMxEuoD6QrZi9PUufq_CnNAbt0Q=w45-h45-p-rp-mo-ba2-br100","Namiroh Dima A","Local Guide · 16 ulasan · 1 foto","","","6 tahun lalu","The steak is good. Not excellent but good. Waktu dtg lg dpt promo sih. Jadi lumayan.. worth to the price lah","","","","","","Bagikan","Suka"
"https://lh3.googleusercontent.com/a-/ALV-UjXTDM7qbhMffIi8caSVrJ4AvZuKaHIJ3TRZtnviDelVPOKhf3I=w45-h45-p-rp-mo-br100","Cicilia Novia Christaristi","1 ulasan · 3 foto","","","3 tahun lalu","Steak Enak bgt di Bekasi..disini menurutku..hidangan nya sama persis..sesuai menu..tempatnya enak..pelayanan nya bagus dan ramah..udah 2kali kesini..next time kesini lagi.. …","Lainnya","","Suka","1","","Bagikan",""
"https://lh3.googleusercontent.com/a/ACg8ocImvLnKsNbAVUrCBL-8ymnF_GLzgqk8OLZ8mu1-03I3jdKDJw=w45-h45-p-rp-mo-br100","Gina Carina","7 ulasan · 2 foto","","","6 tahun lalu","Udah langganan selama 3tahunan, gak pernah bikin kecewa...asli enak bngt. Udh cobain steak dmn2 tapi tetep double u doank yg paling cucokkkk...^^, oya pelayanannya juga super duper ramah...pokonya the best lah utk semua2nya...","","","","","","Bagikan","Suka"
"https://lh3.googleusercontent.com/a-/ALV-UjXPp4gDM9lQDBdoGPtEbPAKR86w0uYI_i65aPHn4cssfZ0KOS8=w45-h45-p-rp-mo-ba2-br100","wahyu chesters","Local Guide · 16 ulasan · 26 foto","","","3 tahun lalu","Ga cuma rasa, pelayanannya sangat bagus dan ramah
Soal rasa jangan ditanya, diantara steak yg saya makan masih ini juaranya","Lainnya","","","","","Bagikan","Suka"
"https://lh3.googleusercontent.com/a-/ALV-UjULIs9cbD6ywOhqEPROExNuKgc2qK-nWAoGxDO8XWMfavVcKp6lzw=w45-h45-p-rp-mo-ba3-br100","Kiki Noorhaya","Local Guide · 16 ulasan · 141 foto","","","5 tahun lalu","Steaknya juara banget 🙌🙌.... rasa bintang ⭐5 harga kaki👣 5. Tempatnya nyaman dan bersih. Parkir luas. Pelayanan sangat ramah😇 dan cepat 👍👍 …","","","Suka","1","","Bagikan",""
"https://lh3.googleusercontent.com/a/ACg8ocJaktNFVhZUCQ_InnjnqM4JOAOfie9RExyoQzu8l3deKUnw=w45-h45-p-rp-mo-ba4-br100","Aji Mila Savitri","Local Guide · 118 ulasan · 141 foto","","","2 tahun lalu","Sdh ke 3x makn disini, dg menu yg berbeda, semuanya enaaaak","Lainnya","","","","","Bagikan","Suka"
"https://lh3.googleusercontent.com/a-/ALV-UjVU5ofiHy5sPUGQzNSGqiAlhd_HLIRZBmfA00q8XUPYid-2KO4W2Q=w45-h45-p-rp-mo-ba5-br100","komar ridho","Local Guide · 226 ulasan · 126 foto","","","setahun lalu","Tempat cozy ..makanan enak harga lumayan ..","Lainnya","","","","","Bagikan","Suka"
"https://lh3.googleusercontent.com/a/ACg8ocK702mBNhwyMGAWcmHizDnvcZharfuwIVHYV-L4WN5UhqGNJg=w45-h45-p-rp-mo-ba3-br100","Wilda Wilda","Local Guide · 24 ulasan · 55 foto","","","setahun lalu","tempat nyaman, steak nya enak empuk, bumbu dasarnya dah pas banged, staffnya ramah ❤️","","","","","","Bagikan","Suka"
"https://lh3.googleusercontent.com/a-/ALV-UjUJ1CeA6RBdsIJ7m1OHskrCCIqW_q_POrw7bcCtMsXvH_KC8O0=w45-h45-p-rp-mo-ba6-br100","miu","Local Guide · 160 ulasan · 2.919 foto","","","5 tahun lalu","Pelayanannya ramah, tempatnya decent, steak nya mantap! 👍 …","","","Suka","1","","Bagikan",""
"https://lh3.googleusercontent.com/a-/ALV-UjV6jGZrmDJff7PP2OnTioUBQdo_zIc8cmcxK01AOd_eby7m-gnS=w45-h45-p-rp-mo-ba3-br100","Duo Bd","Local Guide · 62 ulasan · 99 foto","","","3 tahun lalu","Tempat nya enak layanan cepat makanan enak...harga sesuai lah cuman satu mesti ditambah LG cabangnya jd gak ngantri lagiii ok chef","Lainnya","","","","","Bagikan","Suka"
"https://lh3.googleusercontent.com/a-/ALV-UjWp2KBxvH3z78_beliWYclcT1WNmLmxBIcUa1zPSw0k3FoBHsHQ=w45-h45-p-rp-mo-ba3-br100","Vera Firman","Local Guide · 26 ulasan · 10 foto","","","4 tahun lalu","Steak paling enak, juara!! Minta med rare beneran med rare yg keluar... 👍🏻👍🏻👍🏻👍🏻 …","","","","","","Bagikan","Suka"
"https://lh3.googleusercontent.com/a/ACg8ocJzDNmevsMTf2VFD30Y-l6Z3amA43ZVbrX18Ggl1JR51e6im4c=w45-h45-p-rp-mo-ba2-br100","Nurul Fredyani Tanaya (Fredy)","Local Guide · 13 ulasan · 19 foto","","","2 tahun lalu","Service bintang 5, datang ketika ulang tahun dapat free steak dan spaghetti dan cake sederhana. terimakasih double u steak","Lainnya","","","","","Bagikan","Suka"
"https://lh3.googleusercontent.com/a-/ALV-UjUTm8kU1PUfX02pDBw2O05fiomUExFIg3yWO08BwWXhy_DnMOGR=w45-h45-p-rp-mo-ba4-br100","firdha zaini","Local Guide · 68 ulasan · 64 foto","","","7 tahun lalu","Enakkkk bgt rasanya mending steak ini dibanding h*****w.. Harganya juga lebih murah double u.. Mantapp, cuma waiting listnya itu yg ga nahan😂😂 …","","","","","","Bagikan","Suka"
"https://lh3.googleusercontent.com/a/ACg8ocJvAD5pZ7NSY8gItfmqluA5A3_FeUoXBCJfLaT7mpptuzC0yg=w45-h45-p-rp-mo-ba3-br100","Amalia Dewi Puspitasari","Local Guide · 21 ulasan · 51 foto","","","3 tahun lalu","Akhirnya berkesempatan juga makan steak di sini, antrian WLnya selalu panjang.. No wonder sih, soalnya emg enaaakkk.. And everyone must try Steak Cafe de Paris 👍👍👍 …","Lainnya","","","","","Bagikan","Suka"
"https://lh3.googleusercontent.com/a-/ALV-UjXALeg_huxNFZkX3JVKfKnysnUCYDtyABa-_yeYcGHXJ7PB3C7bpg=w45-h45-p-rp-mo-ba4-br100","Ilham N","Local Guide · 105 ulasan · 47 foto","","","6 tahun lalu","Ga menyangka ada restoran steak dengan variasi menu yang banyak dengan harga terjangkau. Definitely quality steak 👌 …","Lainnya","","","","","Bagikan","Suka"
"https://lh3.googleusercontent.com/a/ACg8ocIIHuntCylE59UFB6gC5J1G1p3pcSi-cWMQHgZK7fN1EJFGxw=w45-h45-p-rp-mo-ba2-br100","Etika Muslim","Local Guide · 21 ulasan · 16 foto","","","7 tahun lalu","Steaknya empuk, byk pilihannya,rasa saosnya enak sekali setara makanan hotel.. saosnya juara! apalagi yg creamy mushroom saucenya..","","","","","","Bagikan","Suka"
"https://lh3.googleusercontent.com/a-/ALV-UjVnqLqacbxx5l1gZ5Y37blnKxq6lZfQfbmGlhIQ2Wgpp6shKVDfnA=w45-h45-p-rp-mo-ba4-br100","Reza Andana","Local Guide · 48 ulasan · 104 foto","","","6 tahun lalu","Tempat makan steak yg recommended di bekasi, pilihan menu yg banyak mostly enak2 😁 …","","","","","","Bagikan","Suka"
"https://lh3.googleusercontent.com/a-/ALV-UjXrohj2tJQ0eicEI62fcNUW-WQpvxxT5r1vTZzHfEELj45G8DEGGA=w45-h45-p-rp-mo-ba3-br100","Krismanuel Pratama Putra","Local Guide · 73 ulasan · 37 foto","","","2 tahun lalu","Menurut saya steak terbaik di kelasnya. Kalau kesini wajib coba meltique karena proporsi lemak dan dagingnya yang seimbang bikin lumer banget pas dimakan. Wajib coba!","Lainnya","","","","","Bagikan","Suka"
"https://lh3.googleusercontent.com/a-/ALV-UjWFf7Idp28TsWtnrUfXpUKX9vrKqr3bH07E4w09QsQcgldzn4YCxA=w45-h45-p-rp-mo-ba4-br100","Grey Fan","Local Guide · 27 ulasan · 218 foto","","","9 tahun lalu","steaknya good, tempat yg cozy, pelayanan oke, untuk harga sedikit tinggi ya sebanding sama rasa yg enak... recommend buat pasangan yg mau dinner di tempat cozy gak jauh dr rumah... coba yaa guys...","","","","","","Bagikan","Suka"
"https://lh3.googleusercontent.com/a-/ALV-UjWLlhQ7Axqle19W-YRH1r__3NwnGvA_kNFIONncWW4TmDJ35BLcgQ=w45-h45-p-rp-mo-ba3-br100","retna yuliawati pertiwi","Local Guide · 36 ulasan · 40 foto","","","6 tahun lalu","Steak yg paling beda sama yg lainnya, karna pilihan nya banyak dan rasanya juaaraak bgt sih ini steak.. tempatnya pun nyaman apalg sm keluarga ataupun teman cucookkk bgt deeeh 👌👍😋😋 …","","","","","","Bagikan","Suka"
"https://lh3.googleusercontent.com/a/ACg8ocJFPqbHyCEsZbs5imge4N9KXmBHVF0Xr_bzTfCdwDpgEGO-ILY=w45-h45-p-rp-mo-ba4-br100","Septiani Rahayu","Local Guide · 34 ulasan · 39 foto","","","3 tahun lalu","Overall enak banget.. tapi untuk waktu penyajiannya yg lama, agak PR kalo kesini bawa bayi 🥲 …","Lainnya","","","","","Bagikan","Suka"
"https://lh3.googleusercontent.com/a-/ALV-UjXPxmEG6lFQzSh09_raoaZw6v1jyi8fLAmwm96oXU1ui1SDwrDf=w45-h45-p-rp-mo-ba4-br100","R Asmoro","Local Guide · 52 ulasan · 185 foto","","","Diedit 7 tahun lalu","Kualitas daging yang bagus dan rasa yang sangat istimewa..nice food","","","","","","Bagikan","Suka"
"https://lh3.googleusercontent.com/a-/ALV-UjWNZBUKuhnvFBczTFMq6_TwgDTZCVactH0KwkYrUwWK9JqRaUBigQ=w45-h45-p-rp-mo-ba4-br100","Vita Thea","Local Guide · 70 ulasan · 191 foto","","","7 tahun lalu","Enak.... Tempatnya nyaman bgt, sayang gada smoking area dan harus antri","","","","","","Bagikan","Suka"
"https://lh3.googleusercontent.com/a-/ALV-UjXA3p-6yqY7JS2nmR6I3AACcAm0e9CY-mMjwN40g0MGVSm9KqbP=w45-h45-p-rp-mo-ba5-br100","R Fitrya R","Local Guide · 629 ulasan · 211 foto","","","Diedit setahun lalu","Makan siang bareng mamah, keponakan & adik ipar.. Malamnya balik lagi makan malam bareng besti yang milad.. Yang milad dapet gratis steak tenderloin meltic lho.. Kalo lagi ultah, ke sini aja, tunjukin ktp nya yaa 🥰👍 …","Lainnya","","","","","Bagikan","Suka"
"https://lh3.googleusercontent.com/a-/ALV-UjVlEGc3A6VqMkF5xo6_17M3wFnRbEMGWgpZZxAfaV2UhyBH98l6=w45-h45-p-rp-mo-ba4-br100","Agung Sofyan Efendi","Local Guide · 195 ulasan · 107 foto","","","7 tahun lalu","Superb steak. Saya dan istri sudah kemari sejak th 2014. Daripada merk Ab dan HC menurut kami jauh lbh enak double u steak","","","Suka","1","","Bagikan",""
"https://lh3.googleusercontent.com/a-/ALV-UjXaVrOSbUAwG-cUtk0eyx5FaBDZvGu5fJCYRqFuyld5ibatln6kMQ=w45-h45-p-rp-mo-ba4-br100","Andaru Adiwignya","Local Guide · 52 ulasan · 139 foto","","","Diedit 8 bulan lalu","Sirloin nya enak. Pesan medium rare juga oke. Pelayanan baik. Datang di hari rabu jadi antrianya gk banyak.","Lainnya","","","","","Bagikan","Suka"
"https://lh3.googleusercontent.com/a-/ALV-UjWIkUDzQDycGhU9DoyAV-PpgH0FuD_xtPypa9IyU4lYx8OjnMlh=w45-h45-p-rp-mo-br100","Ragil Pramudyanto","6 ulasan · 20 foto","","","setahun lalu","Tempat baru, asik, nyaman, terdapat tempat bermain anak","Lainnya","","","","","Bagikan","Suka"
"https://lh3.googleusercontent.com/a-/ALV-UjUBWGfXBtoeBOW6ePsGk6saKcS8M8vk9WQ4oG_hh0-Ih9FokSvuyA=w45-h45-p-rp-mo-br100","Rosmalina Adilianingrum","6 ulasan · 4 foto","","","3 tahun lalu","Tempat steak favorite di Bekasi. Selain enak, harga terjangkau, akses mudah dan pelayanan nya ok. Selalu kembali lagi dan lagi.","","","Suka","1","","Bagikan",""
"https://lh3.googleusercontent.com/a-/ALV-UjUDkfj4opgFr5p32BpsKBf0Q5rzoAIk8QJ0e0PyAqVKhJCUxqQO=w45-h45-p-rp-mo-ba5-br100","Riza Satria","Local Guide · 189 ulasan · 43 foto","","","3 bulan lalu","Suka tempatnya dan makanannya. Pasti kembali kalau lg main di Bekasi.","Lainnya","","","","","Bagikan","Suka"
"https://lh3.googleusercontent.com/a-/ALV-UjUytXhSsrpClAA14O-KBFxZouXWApJKeEpkKmLG4XriP_STsOVD=w45-h45-p-rp-mo-br100","RM","9 ulasan · 4 foto","","","6 tahun lalu","Recommend deh kesini. Ini semua menu nya enak banget. Kalo kesini sabar aja, suka waiting list. Tapi kebayar sih sama tempatnya yg nyaman dan makanannya yg enak.","","","","","","Bagikan","Suka"
"https://lh3.googleusercontent.com/a-/ALV-UjUZzdR21PhRMDAyif8gkY3xqqc4tv82pS19xPWiGMSJ1ptzrU46=w45-h45-p-rp-mo-ba6-br100","Handoko N. Soetrisno","Local Guide · 532 ulasan · 1.805 foto","","","5 tahun lalu","Lumayanlah di seputaran Bekasi ternyata ada warung steak enak dengan harga relatif terjangkau...","","","Suka","1","","Bagikan",""
"https://lh3.googleusercontent.com/a-/ALV-UjUueuHRQYSkkmQNQNhaELpcGkeCo4uiNGPayC2kdhXmCb0QhOF_-A=w45-h45-p-rp-mo-ba3-br100","Trudy alia Narita","Local Guide · 21 ulasan · 39 foto","","","setahun lalu","Steak sirloin wagyu nya lumer enak pesen yg medium dengan garlic butter sauce , creamy spinach dan mushrooms. Meltique tenderloin medium well juga enak juga, starter onion rings dan trufa creamy mushroom dengan garlic bread platter nya juga …","Lainnya","","","","","Bagikan","Suka"
"https://lh3.googleusercontent.com/a-/ALV-UjVZ_HjyG9ZnpCFLpzEJi8W0dYIq7UITJc6aSZShKuiCFShXpnmKZQ=w45-h45-p-rp-mo-ba2-br100","LIA","Local Guide · 12 ulasan · 18 foto","","","3 tahun lalu","Steak langganan ga pernah kecewa selalu the best steak wagyu nya pk saus chimmicurri best bgt","","","","","","Bagikan","Suka"
"https://lh3.googleusercontent.com/a-/ALV-UjVxBxqyiGafZaQVopxRHxmZJk3k0bwm8WnwkDajx924DPUtfYth9g=w45-h45-p-rp-mo-ba5-br100","Aldiyanto Akbar Mertosono","Local Guide · 370 ulasan · 157 foto","","","3 tahun lalu","Enak, cuma harganya agak diatas rata rata... Tapi masih okelah...","Lainnya","","Suka","2","","Bagikan",""
"https://lh3.googleusercontent.com/a-/ALV-UjXEHiuOzNjN2K3vo4ryUzjmMlArzPvD6WzozvZSFlGO3VP3bqwnhw=w45-h45-p-rp-mo-ba6-br100","Hafidz Noor Fauzi","Local Guide · 328 ulasan · 1.750 foto","","","2 tahun lalu","makanannha enak dan selalu ramai tiap hari. enaknya disini ada promo free utk yang ulang tahun.","Lainnya","","","","","Bagikan","Suka"
"https://lh3.googleusercontent.com/a-/ALV-UjV06ChBK9idOV7KTKAHbdwTWzfHYe91inB5AV5b3-K2mk2aPOk=w45-h45-p-rp-mo-br100","hadi yasir","7 ulasan · 5 foto","","","8 bulan lalu","Steak nya enak, pelayanan trhadap customer ramah, suasana tempat makan seperti di rmh utk di lt1 …","Lainnya","","","","","Bagikan","Suka"
"https://lh3.googleusercontent.com/a-/ALV-UjVQBte0GRnONccmOdDCt3TyRAZ5kG78FZ40SG-UaE1G22RaK3H8=w45-h45-p-rp-mo-ba5-br100","Adi Rahmadi","Local Guide · 225 ulasan · 356 foto","","","3 tahun lalu","Rasa steak yg juicy dan enak, jd kepingin mengulang kembali, hanya potato wedgesnya agak over rasa asinnya","Lainnya","","","","","Bagikan","Suka"
"https://lh3.googleusercontent.com/a-/ALV-UjVGgmNLNlWFm0YoQbEk89ZJueyeeGKTR3adw2eKGo7qj-H-rqLc=w45-h45-p-rp-mo-ba6-br100","Bintang Bkwan","Local Guide · 643 ulasan · 499 foto","","","Diedit 3 tahun lalu","Lamb Chop paporit....usul Chef Widi. Bikin steak domba lokal dong.....W Burger juga patut dicoba. Cobain tiap menu dah...","Lainnya","","","","","Bagikan","Suka"
"https://lh3.googleusercontent.com/a-/ALV-UjURwgHrwutjFqblTwXSRsd-LRQsVFF7hBmytXWwEQw5uIHjJys=w45-h45-p-rp-mo-br100","Casa de Vie Homestay","2 ulasan · 2 foto","","","11 bulan lalu","Steak terenak sampai tiap kesini antriiiiii. Tapi nunggu lama tetep worth it. Favorit: Rib eye meltiq, dagingnya empuk.","Lainnya","","","","","Bagikan","Suka"
"https://lh3.googleusercontent.com/a/ACg8ocKyAuKGcGGa84UBjcKa2XdwYI7Ub1ARAwe4pQTJByzCtITbVfVa=w45-h45-p-rp-mo-ba4-br100","Rey B","Local Guide · 15 ulasan · 200 foto","","","Diedit setahun lalu","Suka sama Lokasi Gedung Barunya. Mantab!","Lainnya","","","","","Bagikan","Suka"
"https://lh3.googleusercontent.com/a/ACg8ocKS79SsNDjEkjATEUzjRd9TOzfGAOLEVIu1TuHWxusXb-_OJXE=w45-h45-p-rp-mo-ba3-br100","Siti Aminah","Local Guide · 33 ulasan · 33 foto","","","4 tahun lalu","Kesini kalau mau definisi makan enak, steak terbaik di bekasiiii","Lainnya","","","","","Bagikan","Suka"
"https://lh3.googleusercontent.com/a-/ALV-UjX1TwcwQ-m8e7qThBAO9B3yGWFX_ln9QCAugvGXAnV8VfTEWUcJew=w45-h45-p-rp-mo-ba3-br100","Adya Dyanti","Local Guide · 40 ulasan · 62 foto","","","setahun lalu","Beli platter gini biar sekalian banyak, tapi ternyata ada yang alot padahal dimasak atas saran waitressnya","Lainnya","","","","","Bagikan","Suka"
"https://lh3.googleusercontent.com/a-/ALV-UjWDkBWG40vyqXWvHf3-pxRWCqsHZc-F40HuZi678071e92iLwha=w45-h45-p-rp-mo-ba4-br100","Aluysia Nana","Local Guide · 203 ulasan · 80 foto","","","3 tahun lalu","Salmon steak saus Lada hitam  enak steak saus barbeque jus kolesterolny enak antri ny lumayan","Lainnya","","","","","Bagikan","Suka"
"https://lh3.googleusercontent.com/a-/ALV-UjX9ura_S-jOECDzPnS3swfQhGbw_pAftEBsHGNCfvGb3apQxo89=w45-h45-p-rp-mo-br100","Rizka Aura","4 ulasan","","","setahun lalu","Untuk rasa dan kualitas makanannya super enak dan memuaskan. Menunya variatif dan terlebih di minumannya. Staffnya juga super ramah, welcoming dan informatif. Untuk tambahan, selama bulan Ramadhan, saya merasa bahwa ketentuan dan manajemen …","Lainnya","","","","","Bagikan","Suka"
"https://lh3.googleusercontent.com/a-/ALV-UjXZt6tIZruFUZ4g7zPWfsrSg4bJf-8czq2faa38c5Mo6oW2PsmC=w45-h45-p-rp-mo-ba3-br100","Mohamad Mauludianto","Local Guide · 62 ulasan · 12 foto","","","3 tahun lalu","Makanannya enak2, worth to price. Masih ada batasan jam makan 45 menit setelah makanan datang.","","","Suka","1","","Bagikan",""
"https://lh3.googleusercontent.com/a-/ALV-UjVnZ5F-taOJ5QjYK2P_PCTViCfXpRbVDpL_-AZqqKyNx6i30-6X=w45-h45-p-rp-mo-ba3-br100","iwan himawan","Local Guide · 42 ulasan · 52 foto","","","3 tahun lalu","Setiap ada yg ulang tahun makan disini, dapet gratis 1 sirloin steak utk yg ulang tahun. Es teh manisnya pas di lidah 👍 …","","","","","","Bagikan","Suka"
"https://lh3.googleusercontent.com/a/ACg8ocJovDSvBd0zevQhslnQNTns_z6B72LiqXQ1Pmho-qIi8lah_A=w45-h45-p-rp-mo-ba3-br100","Shanty Perdana","Local Guide · 50 ulasan · 33 foto","","","Diedit 7 tahun lalu","Berkali - kali kesini, rasa steiknya belum pernah mengecewakan.. good.. Dan belum menemukan restoran steik lain yang se-enak ini di Bekasi..","","","","","","Bagikan","Suka"
"https://lh3.googleusercontent.com/a-/ALV-UjW0rtdiWJbZsKijyYeyShNdXszCAfJaM5VcUG1_ddM_JWedSeBD=w45-h45-p-rp-mo-ba3-br100","Fifi Dwi Pratiwi","Local Guide · 28 ulasan · 21 foto","","","5 tahun lalu","Tempatnya nyaman, makanannya enak. Oia, selama PSBB bekasi, waktu makan dibatasi max 40 menit setelah makanan ready.","","","Suka","1","","Bagikan",""
"https://lh3.googleusercontent.com/a-/ALV-UjU6WUkEJvrl0mIPnOZIaJHjfIPRwmC0rEd41cMdK9tYqFYNsM4=w45-h45-p-rp-mo-ba3-br100","Atika Ayuningtyas","Local Guide · 31 ulasan · 59 foto","","","5 tahun lalu","Sirloin steak tapi ngunyahnya tuh rasa tenderloin..perfecto bangeett, meleleh dimulut, endulita banget chef..","","","Suka","1","","Bagikan",""
"https://lh3.googleusercontent.com/a-/ALV-UjWwN0Gf_EkPha2SvV2ZREiGuRpa_ZeyTrly-AgIT2dp13XOKSwnPg=w45-h45-p-rp-mo-ba3-br100","Albert Leonardo","Local Guide · 27 ulasan · 15 foto","","","8 bulan lalu","Steaknya enak n tempat ini favorit gw banget klo traktir anak"" kantor hahaha..","Lainnya","","","","","Bagikan","Suka"
"https://lh3.googleusercontent.com/a-/ALV-UjWxB1dZdvp40U80Q56-MuFrP391gufIgAEXnSRmajrNEJhzY5gP=w45-h45-p-rp-mo-ba4-br100","Hendra Ardhi","Local Guide · 83 ulasan · 105 foto","","","Diedit 2 tahun lalu","Resto steak yg selalu ramai peminat... Pada rela"" antri.. sekitar daerah galaxy Bekasi .","Lainnya","","","","","Bagikan","Suka"
"https://lh3.googleusercontent.com/a/ACg8ocL12EZZbuRzZ8oGLeD42qc3s-rjNNM41grXs2SuArmgXtMUzw=w45-h45-p-rp-mo-br100","bohr axe","3 ulasan","","","11 bulan lalu","Steak gratis buat yang ulang tahun dengan ada minimal pembelian. Steaknya boleh gratis tapi kualitasnya ga main-main. Sukses terus chef!","Lainnya","","","","","Bagikan","Suka"
"https://lh3.googleusercontent.com/a/ACg8ocLae2H6PKoUgSoiajErjuNKx8WPBNzqdo9aiNkfctZoRv3bWQ=w45-h45-p-rp-mo-ba3-br100","Nuriati Shoimah","Local Guide · 14 ulasan · 23 foto","","","2 tahun lalu","Makanannya enak, sesuai sama harganya, nggak mengecewakan. Mantaaapp","Lainnya","","","","","Bagikan","Suka"
"https://lh3.googleusercontent.com/a-/ALV-UjUei4xnFMgJ3Y23Gy_PO3uVbXjohcp_t7goOHKtxRkdhJi3PLM=w45-h45-p-rp-mo-br100","Sasha Pratiwi","7 ulasan","","","setahun lalu","Udah 3 tahun saya ngerayain ulang tahun disini, birthday treatnya juga gak menurunkan kualitas makanan dan kualitas service. Dapet  kue ultah plus lilinnya. Selain itu juga jadi berasa ultah bareng2 sama pengunjung lain karena banyak yang …","Lainnya","","","","","Bagikan","Suka"
"https://lh3.googleusercontent.com/a-/ALV-UjUF8sAa3RqyzI94H6Y30PiMWCJKc4IfkouHz04zewbcpnbMsIFk=w45-h45-p-rp-mo-br100","Riska Destriyanti","5 ulasan · 1 foto","","","setahun lalu","Hari ini ngerayain bday di Double U Steak, alhamdulillah dapet free steak. Tapii sayang banget, dr sekian tahun ngikutin perjalanan double u steak, dr awal buka di jalan sedap malam, sampe buka di jalan wijaya kusuma sampe di tempat baru …","Lainnya","","","","","Bagikan","Suka"
"https://lh3.googleusercontent.com/a/ACg8ocLeIfyKulqlmYeFBnf5x9X6d0L7swGFjxPjyVEGwc0gWkDkk-E=w45-h45-p-rp-mo-ba3-br100","Sita Akbarani","Local Guide · 27 ulasan · 33 foto","","","3 tahun lalu","Gilee nyobain yg steak salmon pake mushroom sauce mantep bngt ..
next time mau cobain steak dagingnya 😍 …","Lainnya","","","","","Bagikan","Suka"
"https://lh3.googleusercontent.com/a-/ALV-UjUftmERnTs2Vnp7TPBRfRqEgHsbfoiELvw3cvYg_UWXPLcoGCeS=w45-h45-p-rp-mo-br100","Mutiara A Kirana","10 ulasan · 5 foto","","","setahun lalu","kecewa, yang katanya steak house tapi ga ada steak nya, staff nya bilang daging nz sirloin habis, aus sirloin nya masih beku semua???? kayakk haaa masa lo gada persiapan. jujur kecewa banget dari tahun 2015 makan di restoran ini baru kali ini semua daging nya kosong dan beku HAHAH…","Lainnya","","","","","Bagikan","Suka"
"https://lh3.googleusercontent.com/a-/ALV-UjX2H3xB8SZIV30Mh5iRJeym8wykCvneYODGobnIG-CH9vkvn8Y=w45-h45-p-rp-mo-ba4-br100","Joker Review","Local Guide · 87 ulasan · 52 foto","","","2 tahun lalu","Selalu enak. Servicenya cepet dan ramah. Harganya terjangkau untuk steak seenak ini. Recommended ❤️❤️","Lainnya","","","","","Bagikan","Suka"
"https://lh3.googleusercontent.com/a-/ALV-UjXv7il9Y8QAatkqruvPf17dewtt1Vr1PkEPZG1_CDab-fRvdxk=w45-h45-p-rp-mo-ba3-br100","Yulianto Cahyono","Local Guide · 52 ulasan · 26 foto","","","6 tahun lalu","Tempatnya hommy, walaupun tempatnya agak masuk, tapi disediakan parkiran khusus customer yg cukup luas.
Makanan yg lezat dng harga yg pas d kantong","","","","","","Bagikan","Suka"
"https://lh3.googleusercontent.com/a-/ALV-UjV8euC4r63twUpjpKuNq__RMRUprrY1OVoFcC-KXrh5eSaMcgp4=w45-h45-p-rp-mo-ba5-br100","Risky Ade Maisal","Local Guide · 157 ulasan · 553 foto","","","Diedit 3 tahun lalu","Steak the best. Sudah sering ke sini sejak 2019, hampir tiap bulan bawa keluarga makan ke sini. Pelayanan ramah makanan enak.","Lainnya","","Suka","2","","Bagikan",""
"https://lh3.googleusercontent.com/a-/ALV-UjV84r_3mVOrFsVBWZAMqI4_hE3-mr1sZf5dQX-ydKyin6spINIZ=w45-h45-p-rp-mo-ba4-br100","Rini Fitry","Local Guide · 45 ulasan · 134 foto","","","4 tahun lalu","Sirloinnya aja bisa lembut banget. Dagingnya udah gurih berbumbu. Mantap sih. Pastinya bakal balik lagi 👌🏻 …","","","","","","Bagikan","Suka"
"https://lh3.googleusercontent.com/a-/ALV-UjWtjnE6Vs2hR7axudWImLn9BsY-6FhH39UVCXZtmTsgPJ6TpwAR=w45-h45-p-rp-mo-br100","Alifah Fidela","9 ulasan · 11 foto","","","setahun lalu","Gausah diraguin lagi deh. Enak parah dan murah!!! gila dehh.","Lainnya","","","","","Bagikan","Suka"
"https://lh3.googleusercontent.com/a-/ALV-UjXJUiOO0YkJlGIyAxiowUaAyEcIDjsD3RNHIlqs8T6fS8QI8gc5Xg=w45-h45-p-rp-mo-ba3-br100","Natan Ginting","Local Guide · 14 ulasan · 5 foto","","","5 tahun lalu","Steak plate nya puas banget makannya..
Harga disampingkan karena kualitas dan rasanya..it's worth it..","","","","","","Bagikan","Suka"
"https://lh3.googleusercontent.com/a/ACg8ocIldV1JY9r5goJJd8ykFG_acloVg04IIdtmdoPnz2wX613srQ=w45-h45-p-rp-mo-br100","El Diablo","3 ulasan","","","9 bulan lalu","Go food proses lama,sudah tidak dikasih air minum
Tempat tunggu penuh antrian non driver
Parah bener dah dapet order resto ini","Lainnya","","","","","Bagikan","Suka"
"https://lh3.googleusercontent.com/a-/ALV-UjW_t_U68u9BVn0iV8OAiYVA1kwpPJGPe4zr16nMl_GpMqca26oGtw=w45-h45-p-rp-mo-ba3-br100","Tetty Herawati","Local Guide · 18 ulasan · 121 foto","","","2 tahun lalu","Suka banget Rib Eye Meltique nya.. Lembut n juicy","Lainnya","","","","","Bagikan","Suka"
"https://lh3.googleusercontent.com/a-/ALV-UjX_dS7jS6EhR0d3JwWQCm5OE87_rb4BhyLtLBgRJ0i4EGdn8Fc=w45-h45-p-rp-mo-ba5-br100","Tommy Boy","Local Guide · 160 ulasan · 194 foto","","","2 tahun lalu","Ribeye Wagyu MB2 nya mantap dengan tingkat kematangan Medium.","Lainnya","","","","","Bagikan","Suka"
"https://lh3.googleusercontent.com/a-/ALV-UjXwYrK-prXFHx7ljThjjcKM2NzR_FO081mWb5ziI3uA9uFxQ-w=w45-h45-p-rp-mo-ba3-br100","Eva Kurniati","Local Guide · 44 ulasan · 21 foto","","","setahun lalu","Saya hari ini menunggu datangnya steak gratisan birthday itu hampir 1 jam  dan tyt pelayan pria nya itu miskom,,jengkel kesel krn audah jam set 10 malam dan anak2 sudah habis makannya,,masa mereka nunggu saya makan doang trus udh kemaleman pula,,very very bad service!!!meja 35 balkon","Lainnya","","","","","Bagikan","Suka"
"https://lh3.googleusercontent.com/a-/ALV-UjXjQh_dvOGcRKGYOX-49RUjvBU758yl21HvPjtbIqJ6kDSv7VWMhw=w45-h45-p-rp-mo-ba5-br100","Seno Prasetyo Nugroho","Local Guide · 321 ulasan · 567 foto","","","3 tahun lalu","Semua menu yg dipesan enak,  tempatnya asik, parkiran luas, tapi kalo kesini weekend ya siap2 aja cari parkiran","Lainnya","","","","","Bagikan","Suka"
"https://lh3.googleusercontent.com/a-/ALV-UjUTmM7uJ9x6Oz4EQJ436PzN53PrtI3gIjpExreEUfdTa0frBrc1=w45-h45-p-rp-mo-ba3-br100","ranny Fitrianty","Local Guide · 28 ulasan · 7 foto","","","Diedit 4 tahun lalu","Selalu persennya rib eye meltique ga pernah yg lain...menu andalan klo makan disitu ❤️🥰 …","Lainnya","","","","","Bagikan","Suka"
"https://lh3.googleusercontent.com/a-/ALV-UjUP7NI3eoZNa2vWUM0xgwOrVqCa8H1vmQas999BN6dGLaafqzOG=w45-h45-p-rp-mo-ba2-br100","Fellicia Rachmadiana","Local Guide · 13 ulasan · 15 foto","","","3 tahun lalu","Best steak in town! Couldn't get enough! Selalu mau balik lagi makan steak dan pasta disini👍🏻😍 …","","","","","","Bagikan","Suka"
"https://lh3.googleusercontent.com/a-/ALV-UjXFhRTJH0qtudaG_wcOcO0REKsZuepg9tNj6L1iYrUQnx7wlrQX=w45-h45-p-rp-mo-ba4-br100","Part Time Martabak (Febrindo)","Local Guide · 68 ulasan · 72 foto","","","7 tahun lalu","My favorite steak house! Ukuran steaknya pas, kalo pesen medium rare atau medium nya pas. Harga untuk makan real steak ""cukup""","","","","","","Bagikan","Suka"
"https://lh3.googleusercontent.com/a/ACg8ocK7PvsIlF0Cy2rBsWu_RcPmsuO5dcRagYjmTwYuk1gi-lT_ZQ=w45-h45-p-rp-mo-br100","Elshe Jabodetabek","3 ulasan","","","setahun lalu","Ga expect, Service waittress nya bener2 jempollll bgt, salut banget. Ramah2 semuaa , bener2 semuanya ramah (bukan cuma beberapa karyawan tp beneran semua karyawannya ramah), sampai ke bapak parkir nya ramah. helpfull. Makanan ga mengecewakan","Lainnya","","","","","Bagikan","Suka"
"https://lh3.googleusercontent.com/a-/ALV-UjWd8O9D1sZM2Ms-lHukh-_8S8p3BflNAn0xeo1mKFTp9FrpWtMZ=w45-h45-p-rp-mo-ba4-br100","Pungki Yunita Chandrasari","Local Guide · 86 ulasan · 205 foto","","","Diedit 6 tahun lalu","Steaknya lumayan enak, waiting list lumayan lama. Sausnya dan saladnya enak.","","","Suka","1","","Bagikan",""
"https://lh3.googleusercontent.com/a-/ALV-UjUtWrdJFWf0CrMv4S-gd5XF-rk6MD_DZh0OgHx7PgRxrcSUmoKeuw=w45-h45-p-rp-mo-ba6-br100","Agung Susprihadi","Local Guide · 239 ulasan · 5.576 foto","","","Diedit 2 tahun lalu","Bbq saus nya jozzz 👍
Tenderloin sm sirloinnya maknyozzz …","Lainnya","","Suka","2","","Bagikan",""
"https://lh3.googleusercontent.com/a-/ALV-UjU1AkiwstnzqFxi1FvblVI_Z1UYbottbEorTDl2HcUfhnmU3N-Ogw=w45-h45-p-rp-mo-ba6-br100","Vorelika","Local Guide · 518 ulasan · 2.429 foto","","","6 tahun lalu","One of the steak restaurants in Bekasi...
Finally visit kesini juga
Lokasi strategis, bangunan resto dekat ke jalan, parkir area di lahan kosong di …","Lainnya","","","","","Bagikan","Suka"
"https://lh3.googleusercontent.com/a-/ALV-UjU8we8ocF0zaTYMwweDxBwBqtIUTFvUtl9Op4BvqP9fS7WW4B7p=w45-h45-p-rp-mo-ba6-br100","Abdul Rafik","Local Guide · 348 ulasan · 3.247 foto","","","6 tahun lalu","The best one...
harga sesuai dengan rasa.. dan masih cocok dikantong masing masing","","","Suka","1","","Bagikan",""
"https://lh3.googleusercontent.com/a-/ALV-UjUBT3gzLQOoj_jtqGCEo0g5F9MeTSSHn-LiCC6msrLRPrn5GCjriQ=w45-h45-p-rp-mo-br100","dr. Madinatul Munawwaroh","9 ulasan · 3 foto","","","setahun lalu","maaf baru kali ini saya kasih rating 1 ke sebuah restoran karna saya SANGAT KECEWA. …","Lainnya","","","","","Bagikan","Suka"
"https://lh3.googleusercontent.com/a/ACg8ocKrHMRRqMBp_8ZGtRp7UVsW0DHJBpO64IIXKmMNN-aJMvA7CA=w45-h45-p-rp-mo-ba3-br100","Trian Satrio","Local Guide · 33 ulasan · 53 foto","","","Diedit 7 tahun lalu","Tempat makan yang cukup oke buat ngumpul bareng temen, makanan sebagian besar steak dan untuk signature dishnya recommended tapi hati hati kolesterol tinggi","","","","","","Bagikan","Suka"
"https://lh3.googleusercontent.com/a-/ALV-UjWzA0sknQkndcWQT_XvSYyvwopP1MSnqznCoxVvq6p0adezJ-Q=w45-h45-p-rp-mo-ba2-br100","dk","Local Guide · 20 ulasan · 25 foto","","","8 bulan lalu","soal rasa dari dulu masih terbaikk! pelayanan nya bagus & semua staff nya ramah 😆🩶✨ …","Lainnya","","","","","Bagikan","Suka"
"https://lh3.googleusercontent.com/a-/ALV-UjW6ggBrkwKNJ8KQxlLw03MaWpmeim95M-C7HbMH6Bi-iIg5gkSF5w=w45-h45-p-rp-mo-ba5-br100","Erfan Efendy","Local Guide · 241 ulasan · 1.347 foto","","","8 bulan lalu","Jossss gak kalah sama steak yg ternama","","","","","","Bagikan","Suka"
"https://lh3.googleusercontent.com/a-/ALV-UjUdI5Y_LhP1-ttfwLiJMYtAjnOup7YAgfZQS6wYbTk86kV-n6vOMQ=w45-h45-p-rp-mo-ba4-br100","meliinks","Local Guide · 57 ulasan · 115 foto","","","setahun lalu","Saya kesini mencoba promo birthday dan promo sirloin special.. sriloin special dagingnya agak berserat dan tdk empuk, untuk promo steak birthdaynya dagingnya empuk. Pelayanan ok.","Lainnya","","","","","Bagikan","Suka"
"https://lh3.googleusercontent.com/a/ACg8ocK8QRCHDvGk8GlJLPO4887A77UZZ-zDXWP4u_p_2X0BsavpXWlQ=w45-h45-p-rp-mo-br100","Vincent Gigante","4 ulasan · 29 foto","","","Diedit 3 bulan lalu","Sampai lokasi mengisi buku antrian / waiting list disambut dengan baik. Saat menunggu panggilan diteras luar sering banyak nyamuk sehingga pindah antri didalam. Saat order juga dihidangkan dengan menu² berkwalitas. Untuk daging mungkin bisa …","Lainnya","","","","","Bagikan","Suka"
"https://lh3.googleusercontent.com/a/ACg8ocIeUxKFlVPkcIyM1DsB0Ouuu00vWE2jEwKFoD-tApqKBpTDSw=w45-h45-p-rp-mo-ba5-br100","udin samuel","Local Guide · 136 ulasan · 532 foto","","","2 tahun lalu","Steak nya enak.. empuk lagi","Lainnya","","Suka","1","","Bagikan",""
"https://lh3.googleusercontent.com/a-/ALV-UjUqoDZKaCJGQWRKMbELu_JCLzkD3EU2uOByxvRxT3p5fs_mk6lO=w45-h45-p-rp-mo-br100","Indra Handriant","5 ulasan · 14 foto","","","setahun lalu","claim birthday treats di sini pas hari H bday aja berlakunya. minimal 100k dlu dapet sirloin steak sama brownies gt dapet lilin juga. worth it sih aku bilang, bisa pilih saus, side dish, dan carbonya juga. tempatnya lumayan luas, ada lantai 2 dan smoking room juga. halal ya untuk restonya. enak semuanya overall puas dan kenyang","","","","","","Bagikan","Suka"
"https://lh3.googleusercontent.com/a-/ALV-UjWRZ9g2v07U90EAXyzcClQ7COgM0KyHZ0LqTvlBfIAOlZpaOFTM=w45-h45-p-rp-mo-ba3-br100","Mahardhika Muhammad","Local Guide · 26 ulasan · 19 foto","","","Diedit 4 tahun lalu","Spinach mushroom + bake potato 👍🏾
Kalo daging ga usah ditanya ⭐5 …","Lainnya","","Suka","1","","Bagikan",""
"https://lh3.googleusercontent.com/a-/ALV-UjVnYfWpfs2BRDNBuBaIUrG7RDE7B3WqqgBQ2tUUx5w2xfsGJsPf=w45-h45-p-rp-mo-ba4-br100","Stuergeon -","Local Guide · 117 ulasan · 279 foto","","","setahun lalu","Double U Steak, sudah pindah lokasi ke sebrang

Rasa masih sama, Masih OKE 👍👍👍 …","Lainnya","","","","","Bagikan","Suka"
"https://lh3.googleusercontent.com/a-/ALV-UjWKk9wCgo8ixQO2pzHkdo1kqW1eov5nhhl_PeNh1ZC-388QZwN6=w45-h45-p-rp-mo-ba4-br100","Lintang Kartika Sari","Local Guide · 42 ulasan · 54 foto","","","6 tahun lalu","Kualitas dagingnya bagussss..Loveeee  banget..tempatnya suka yg di lt 2, tapi selalu penuh...","","","","","","Bagikan","Suka"
"https://lh3.googleusercontent.com/a-/ALV-UjW0Wzglg0j4lv-qfdKQJd07lJRJ551pGF38qjDD6bLbA68ExcFZ=w45-h45-p-rp-mo-ba3-br100","Cynthia Soleil","Local Guide · 32 ulasan · 2 foto","","","Diedit setahun lalu","Tempat yang baru bagus, tapi terlalu fokus perbanyak kapasitas ruangan di lantai 2. kapasitas lantai 1 sangat sedikit, kurang cocok jika tamu yang datang orang tua yang susah naik tangga. harusnya kapasitas lantai 1 yang diperbanyak.
untuk keluarga besar yang mau makan disini jadinya terlalu lama waiting list.","Lainnya","","","","","Bagikan","Suka"
"https://lh3.googleusercontent.com/a-/ALV-UjV2-Sai5YquGkSIMRN2na0wIPvtWd2_wQXeTfMIDLBGrm9U3ONDhA=w45-h45-p-rp-mo-ba3-br100","Duri Prastanti","Local Guide · 61 ulasan · 37 foto","","","Diedit setahun lalu","Waiting list siang bolong ""blm""ada tempat nyaman untuk menungguu ..panassssssss disediakan tempat duduk kayak disuruh berjemur","Lainnya","","","","","Bagikan","Suka"
"https://lh3.googleusercontent.com/a/ACg8ocK2p2MhgtJ-0TZb9cGjRU_77WYbScARIer1P5iI3MZxQbh_PXw=w45-h45-p-rp-mo-br100","Nirwan","1 ulasan · 2 foto","","","setahun lalu","Overall enak, tapi kentang agak kering. Saladnya enak & lengkap 👍👍 …","Lainnya","","","","","Bagikan","Suka"
"https://lh3.googleusercontent.com/a-/ALV-UjXmX9hy2xfLFGmSuTlTndAYn9mFwy7AxuhBruIy_C13llkW6LzH=w45-h45-p-rp-mo-ba5-br100","Elly Lee","Local Guide · 175 ulasan · 754 foto","","","2 tahun lalu","Menurut aku, steak di double U enak bangettt. Pertama kali kesini impressed banget si walau antrian nya suka bikin terkejut 🥲 karena panjang banget apalagi kalau weekend wah 😩 …","Lainnya","","Suka","1","","Bagikan",""
"https://lh3.googleusercontent.com/a-/ALV-UjW4PabEBmn_B6pWv0K16tvJ0mm5h9_2rR_Qt0gxm3LposmZRl8eEQ=w45-h45-p-rp-mo-ba4-br100","Masturi A.S (Masturi DenMas)","Local Guide · 75 ulasan · 77 foto","","","5 tahun lalu","Good steak, food special dg penyajian professional","","","Suka","2","","Bagikan",""
"https://lh3.googleusercontent.com/a-/ALV-UjXqbHqYyTlS6qMbOw1kIFmW8qm1t3r8O0R6hfw-vYtHZw0ojfeWAg=w45-h45-p-rp-mo-ba5-br100","Kotak Furniture and Interior","Local Guide · 251 ulasan · 995 foto","","","5 tahun lalu","Makanan lezat
Harga sesuai dengan kelezatan'a
Namun yg perlu diperhatikan adalah area parkir yg kurang memadai, kalau hujan …","Lainnya","","","","","Bagikan","Suka"
"https://lh3.googleusercontent.com/a-/ALV-UjUHgopwnqqpCKpsyL-_TE0JMt5t_RyFrxbbSw-e8kRmP-PqZVM=w45-h45-p-rp-mo-br100","Fitri Sundari","7 ulasan · 1 foto","","","Diedit 7 bulan lalu","Sblmnya kukasih bintang 2 krn pelayanannya kacau. Tp sy fair. setelah kesana lagi bbrpa kali, pelayanannyaaa kok jd lebih cepet. Nunggu steaknya pun udah gak lama lagi, mskpun kondisi full. Steaknya as always gaperlu diraguin lagi. Great job! Jadi ganti bintang 5.","Lainnya","","Suka","1","","Bagikan",""
"https://lh3.googleusercontent.com/a/ACg8ocL9Qdoty275fR1H-zeGD2DxNhvMpv7gkoZMr7PXBRMOD06ncg=w45-h45-p-rp-mo-br100","bambang nurhadianto","12 ulasan · 5 foto","","","4 tahun lalu","Rasa luar biasa,mantaff 👍👍tempat makan kurang luas atau pengunjung yg over, tempat parkir apalagi.lokasi kurang tepat,kalo bisa di lingkungan jalan utama …","","","Suka","1","","Bagikan",""
"https://lh3.googleusercontent.com/a-/ALV-UjVg6Ds8WmsZMCwtiAJRppnzbqkpxItFl05WzZcx8u9RKu3QzVJO=w45-h45-p-rp-mo-ba5-br100","Anita Setyawati","Local Guide · 212 ulasan · 1.121 foto","","","7 tahun lalu","Good taste....cucok pokoknya. Suka banget makan disini 👍🏻 …","","","","","","Bagikan","Suka"
"https://lh3.googleusercontent.com/a-/ALV-UjUflxzFSFFcSmXK62M5AgkN9KFMAAllLG5e8XVRpAHy8ZZKokU=w45-h45-p-rp-mo-ba4-br100","Agung Haryono Amd, ST., MT","Local Guide · 69 ulasan · 408 foto","","","Diedit 5 tahun lalu","Excellent.. lebih keren lagi kalo ada voucer ato promo..","","","Suka","1","","Bagikan",""
"https://lh3.googleusercontent.com/a/ACg8ocIGB18-z3CKUGMiwY9719GTWMiVsExtoNiNzLkncHGBfg-c1A=w45-h45-p-rp-mo-br100","Citra Pebriyanti","8 ulasan · 3 foto","","","8 tahun lalu","Malam minggu lumayan lama waiting listnya tapi semua terbayarkan, next pasti kesini lagi :)","","","","","","Bagikan","Suka"
"https://lh3.googleusercontent.com/a-/ALV-UjWts71O18NL2CJHtT9RncfY35I0umk_gQg6LelOQSZYT3_rKeBC=w45-h45-p-rp-mo-ba4-br100","Andrianto Wijiasmoro","Local Guide · 78 ulasan · 11 foto","","","Diedit setahun lalu","Alhamdulillah kemarin pas Ultah makan siang di sini bersama istri.
Terimakasih @DoubleUSteak, atas paket ulangtahunnya.
Puas, dan pas. …","Lainnya","","","","","Bagikan","Suka"
"https://lh3.googleusercontent.com/a/ACg8ocLaZZeWgKqEKV-XqbI2GOOCIeClqQiMdX-g8dN6Ylm_VTGOaw=w45-h45-p-rp-mo-ba2-br100","amanda ekaputri","Local Guide · 17 ulasan · 5 foto","","","2 tahun lalu","Worth to review. Pertama kali datang kesini, agak understimate karena tempatnya terlihat gelap dan temanya kurang cocok sama menu-nya. Hampir cancel waiting list, tapi ga jadi. pesen aus ribeye ga expect bakal se tender dan juicy bgt …","Lainnya","","","","","Bagikan","Suka"
"https://lh3.googleusercontent.com/a-/ALV-UjVu033FKfjm14GCosKwwdIjebn8SQsGntlYtOumSOl-mQbYAW_Z=w45-h45-p-rp-mo-ba4-br100","Hery","Local Guide · 63 ulasan · 45 foto","","","setahun lalu","Makan malam disini sama keluarga, Gedung baru lebih modern sih pindah ke seberangnya yg lama. …","Lainnya","","Suka","1","","Bagikan",""
"https://lh3.googleusercontent.com/a-/ALV-UjXVj4onzazdPaXrwpvMOOJR1jaw-JsVnRlRSN8G7uENHeqrpw6J=w45-h45-p-rp-mo-br100","Sofyan Ardianto","6 ulasan · 2 foto","","","setahun lalu","Program birthday free steak-nya patut diapresiasi, steak-nya bukan kaleng2, ditambah cake imut buat yg ultah. Menu lain juga ok, harga sesuai kualitas, pelayanan ramah, waiting list kalau pas ramai. Very recommend!","Lainnya","","","","","Bagikan","Suka"
"https://lh3.googleusercontent.com/a-/ALV-UjWJEuGGmhAhO1gHogOZbh2hxXHKaasEF3KshMR2OMoGMrOr2Ynw7Q=w45-h45-p-rp-mo-ba3-br100","Risman Aliudin","Local Guide · 17 ulasan · 67 foto","","","setahun lalu","Untuk makanannya sdh ga bisa didebat lagi enaknya tetap konsisten selalu jadi tempat makan steak terbaik keluarga, tambah suasana ditempat barunya yg bagus bgt vibesnya. …","Lainnya","","","","","Bagikan","Suka"
"","","","","","","","","","","","","",""
"","","","","","","","","","","","","",""
"","","","","","","","","","","","","",""
"","","","","","","","","","","","","",""
"","","","","","","","","","","","","",""
"","","","","","","","","","","","","",""
"","","","","","","","","","","","","",""
"","","","","","","","","","","","","",""
"","","","","","","","","","","","","",""
"","","","","","","","","","","","","",""
"https://lh3.googleusercontent.com/a-/ALV-UjUXIXA61UMm1tDV1grQiQ_SGOVGr0qGhW4TpqeqkH-u6u-2Drzc=w45-h45-p-rp-mo-ba3-br100","R. Yunita Nuraini","Local Guide · 25 ulasan · 49 foto","","","8 bulan lalu","Makanan biasa aja, enak rm ampera atau sambal wiwitan yang dari harga lebih murah dan suasana nya sama.
Baru jam 8.40 an udah diusir secara hasul makanan diambil² dan dijutekin dengan …","Lainnya","","","","","Bagikan","Suka"
"https://lh3.googleusercontent.com/a-/ALV-UjVAiant5Xo1xDSPJ29mgg6LI3vldBdiUemfaM6VNmwHKpylUlg=w45-h45-p-rp-mo-ba2-br100","Fauziah Rizki Pratiwi","Local Guide · 14 ulasan · 7 foto","","","Diedit setahun lalu","Baru pertama kali kesini karna bukber dadakan dan makanannya gaenak asin semua padahal yg diorder lumayan pricey abis 500k. Kapok bgt bye🙏🏻 …","Lainnya","","","","","Bagikan","Suka"
"https://lh3.googleusercontent.com/a-/ALV-UjWIMJ9B1xEWPEMzGppKT6cZg3T5nOlFEqwHxKZt-agRTuj_Ncg=w45-h45-p-rp-mo-br100","Sang Chirorod","1 ulasan","","","setahun lalu","Jauh2 kesisini pas hujan dan macet buat hadir ke acara wedding. Malah gak dpt parkir disuruh muter jauh bgt plus sangat sangat macet. Lokasi tempatnya payah rawan nabrak dan ditabrak. Klo emg gak proper buat acara resepsi nikahan mah gausah dibuka buat nikahin benahin dlu setidaknya akses pintunya yg rawan dan parkiran yg sangat sempit","","","","","","Bagikan","Suka"
"https://lh3.googleusercontent.com/a/ACg8ocLQ-gjpC41ihOKNlnjCjEQ10zj8hnkzhxj6Yu51wfNAao6OdaM=w45-h45-p-rp-mo-br100","Yuriyandi F","2 ulasan · 1 foto","","","4 tahun lalu","Pesan sop iga, sama soto betawi pelayannya bilang 2-3 jam, 15 menit kemudian meja depan saya datang tuh sop iga, sama soto betawi. KECEWAA.... knp tdi bilangny baru ready 2-3 jam","","","Suka","1","","Bagikan",""
"https://lh3.googleusercontent.com/a/ACg8ocI5XmsNmpapSvhCzlb0A1gvPYl2gxPPjLjze1f9xbfFSqKL9g=w45-h45-p-rp-mo-ba3-br100","Hn ***","Local Guide · 46 ulasan · 30 foto","","","4 tahun lalu","Disini nilai bintang 1 nya untuk penilaian service nya. 0 besar, biaya service sdh 5% tp pelayanan bad bgt! Pesan menu paket raja 3, jelas2 menu utamanya ya di ikan gurame nya. Malah ga dtg sampe udh mau plg, disamperin ke dapur ternyata …","Lainnya","","Suka","2","","Bagikan",""
"https://lh3.googleusercontent.com/a-/ALV-UjWBEPRsK5JYFWM0mRUFvKTNzAqtFUibkJnR3qoJHitRyyHiZwIJ=w45-h45-p-rp-mo-ba3-br100","guesswho'sme","Local Guide · 45 ulasan · 3 foto","","","4 tahun lalu","Pesanan udah dicatet, eh malah hilang catatan pesanannya. Udah nunggu sekitar 20 menit. Harus nunggu lagi buat makanannya datang dong. Minta baby chair eh gak dateng2. Akhirnya ngambil sendiri dan bersihin sendiri baby chair bekas orang. …","Lainnya","","Suka","1","","Bagikan",""
"https://lh3.googleusercontent.com/a-/ALV-UjW_HLUgfUL3J0AwrDyCjXJQh8VKvSJroAEAHOGWuBBvZH3dCpVP=w45-h45-p-rp-mo-ba4-br100","Zulhairi Arifin","Local Guide · 74 ulasan · 53 foto","","","4 tahun lalu","3x hadir di acara pernikahan tempat ini. 3x juga dapat pengalaman 🤔🧐👎 di lantai bawah maupun di lantai atas. Baik, Makanan: biasa saja, membosankan. Kebersihan: (termasuk WC) 👎 Pelayanan:👌👍 sigap. Mushola: 👎😱 baunya, bersihin kenapa. …","Lainnya","","Suka","2","","Bagikan",""
"https://lh3.googleusercontent.com/a-/ALV-UjVxmMpl-KnYSpxpuHJYAbiN6t5S4Vm-18UrmFcmG47dNyahlO_a=w45-h45-p-rp-mo-br100","bruce boyd","389 ulasan · 4 foto","","","Diedit 8 bulan lalu","Makanan gak enak, sambal gak enak, ada tukang parkir liar di dalam resto buat ambilin duit parkir, padahal ada satpam deket parkiran. Suasana biasa aja","Lainnya","","Suka","1","","Bagikan",""
"https://lh3.googleusercontent.com/a/ACg8ocK9HiTc6tJin4RccMGQoa0GDh1Ih4S3hZTgDKIZJ7VsvsThAQ=w45-h45-p-rp-mo-br100","Amelinddd222","5 ulasan","","","setahun lalu","Pelayanan lama . Kangkung terlalu manis. Acara sudah selesai makanan blm siap 🤦‍♀️bad banget . …","Lainnya","","","","","Bagikan","Suka"
"https://lh3.googleusercontent.com/a/ACg8ocJGfnGaVvETdiBxMYC6N2Y8fvPzeFqXj-8YCSxyY9gaelb6im4=w45-h45-p-rp-mo-br100","Nunik Nurulita","9 ulasan · 14 foto","","","4 tahun lalu","Bner2 mengecewakan, dtg ky org kebingungan pelayan ga ada yg samperin, nanya bingung, bner2 mengecewakan akhrnya balik kanan plg, tlg yaa ksh org jaga dipintu bwt ksh tw tamu meja yg kosong dmna.... hufttt","","","Suka","1","","Bagikan",""
"https://lh3.googleusercontent.com/a-/ALV-UjWjBo4lZ5-nOhT4WS_8U50Z9pUnXbpUXoytM7ICjEetvRI2ak2H=w45-h45-p-rp-mo-ba5-br100","andika nur baskara","Local Guide · 291 ulasan · 336 foto","","","setahun lalu","Pesen minuman gelas cucinya ga bersih masih berasa sabun nya...
Gak gak lagi dah .","Lainnya","","","","","Bagikan","Suka"
"https://lh3.googleusercontent.com/a-/ALV-UjXAlv_w7oUuQVwFzod06Z5Y5bne7oMbBhPQahFxtTEEthoTq-Q=w45-h45-p-rp-mo-br100","Efril Lia","3 ulasan · 5 foto","","","setahun lalu","Apakah dsni buka lowongan kerja hrus byr dulu administrasi dgn cara tf?🙏 …","","","","","","Bagikan","Suka"
"https://lh3.googleusercontent.com/a-/ALV-UjW88tuuTySxSE1JDJKO2Gtj3OlgK89pJJfpmukHs_N3Jn9XK4zZ=w45-h45-p-rp-mo-ba3-br100","Elferninda Gulo","Local Guide · 50 ulasan · 16 foto","","","7 tahun lalu","Not so recommended restaurant, the service was so slow, ruangannya kurang cerah, air di kamar mandi agak tidak lancar.","","","","","","Bagikan","Suka"
"https://lh3.googleusercontent.com/a-/ALV-UjXVTRUpvFZzeYRMmMF3WL2z-e67g-8NmX_Efw3KKYhFe5q9auuM=w45-h45-p-rp-mo-br100","suwar ningsih","4 ulasan","","","4 tahun lalu","Parah ini tempat, Pelayanan nya paling baruk... Ngga lagi² deh kesini....","","","Suka","2","","Bagikan",""
"https://lh3.googleusercontent.com/a/ACg8ocKXN3RSYMTO5Vu9hhbwD5Sr3assZynIusOkWF6BtgJc6CQqCQ=w45-h45-p-rp-mo-br100","Ravika Nurfiyana","3 ulasan","","","3 tahun lalu","Udh tau season orang pd buka bersama. Tapi pelayanan nya kacau parah!!!!!!!!","","","","","","Bagikan","Suka"
"https://lh3.googleusercontent.com/a-/ALV-UjU75_TgEkduve18Z8eK-SUWkZq-oE3bRlcUYwAaM6OvapkeYSDT=w45-h45-p-rp-mo-ba4-br100","Ragil Putro","Local Guide · 39 ulasan · 165 foto","","","4 tahun lalu","Lumayan enak masakannya nyaman","","","","","","Bagikan","Suka"
"https://lh3.googleusercontent.com/a-/ALV-UjWVCI7bUMKYl8hFBca06-2ggMyMt2eUhaxcNCJoo9b4fzXf4Kw=w45-h45-p-rp-mo-br100","Dwi Puji Lestari","3 ulasan","","","4 tahun lalu","Tempatny enk tp masakany kurang semua rasany manis","","","","","","Bagikan","Suka"
"https://lh3.googleusercontent.com/a-/ALV-UjXktqm1QX3-_rvKDJgWCBEZGsCROsEX5sdUFNKou1VNIyj5S9NjqA=w45-h45-p-rp-mo-ba3-br100","Rini Setyo Sunarto","Local Guide · 45 ulasan · 12 foto","","","3 tahun lalu","Biasa sj spt ke byk warung makan lain sekelas dia","","","","","","Bagikan","Suka"
"https://lh3.googleusercontent.com/a-/ALV-UjWKrjP4d-TIiDnT1Zv1G2hKUOJINj2g20V4CArp0irh63HzsC8=w45-h45-p-rp-mo-br100","Hamdani","5 ulasan · 1 foto","","","4 tahun lalu","Satpamnya ngeselin","","","","","","Bagikan","Suka"
"https://lh3.googleusercontent.com/a-/ALV-UjVJDaWvxljWZ8cFfnp76aq98wcLVhzbBAY-sUzUS3oA3StBivM=w45-h45-p-rp-mo-br100","Lisa Marlisa","1 ulasan","","","9 tahun lalu","Apakah bisa untuk acara wedding?","","","","","","Bagikan","Suka"
"https://lh3.googleusercontent.com/a-/ALV-UjVnFPsLKowRFpsuHfAyo3PEZ3Q4J0hB8NwVSZaPA-cHlolAw1e0=w45-h45-p-rp-mo-ba3-br100","Deby Antoro","Local Guide · 37 ulasan","","","4 tahun lalu","Mahal bro","","","","","","Bagikan","Suka"
"https://lh3.googleusercontent.com/a-/ALV-UjUoOCgSlOKx9mnefxAG58mgCMXrSb5kFD766WWWCMXafx1Uf0s=w45-h45-p-rp-mo-br100","fahmi el gojali","1 ulasan","","","11 tahun lalu","Restoran yg  nyaman","","","","","","Bagikan","Suka"
"https://lh3.googleusercontent.com/a/ACg8ocKtHH3taxtO0htBjd5XgqsSO2z8rdmDRto-f2W-A6pJ5URgaw=w45-h45-p-rp-mo-ba2-br100","Magic Jar","Local Guide · 7 ulasan · 10 foto","","","2 minggu lalu","Kesan pertama masuk resto bau nya apek. Rasa masakannya biasa aja cenderung banyak msg nya. Pelayanan okelah. Tapi cukup pertama dan terakhir kesini.","Lainnya","","","","","Bagikan","Suka"
"https://lh3.googleusercontent.com/a-/ALV-UjVYjN7nKyQaEvH62yeTa4cNiqRNASmdKAW5_VqroE5pKx_ZZCI=w45-h45-p-rp-mo-ba4-br100","Boy Aditya","Local Guide · 54 ulasan · 80 foto","","","Diedit 4 tahun lalu","Tempat makan yang mengerikan. Bahkan jika Anda sudah memesan tempat, mereka tidak mencatat tempat Anda. Harus menunggu 10 menit dan kemudian mereka lupa bahwa kami sedang menunggu.","Lainnya","","Suka","2","","Bagikan",""
"https://lh3.googleusercontent.com/a/ACg8ocK8FeSCYtpiIEoqZ8rvTLnRuVFx3RGYHMTXX3hszd63eni13g=w45-h45-p-rp-mo-ba3-br100","Handy Agussy","Local Guide · 76 ulasan","","","6 tahun lalu","Semua makanan yang memicu mania kaya akan gula.","","","","","","Bagikan","Suka"
"https://lh3.googleusercontent.com/a/ACg8ocKTTAYdzk7JqZLsdpVUJo16GXBsl7T0xiRcFexzLSRID70x=w45-h45-p-rp-mo-br100","Tubagus Mahfud","","","","2 tahun lalu","","Lainnya","","","","","Bagikan","Suka"
"https://lh3.googleusercontent.com/a-/ALV-UjUi03iYb189YVEm3rBDipOMahUmvHPC4obnmrixVWpdBN6fPi9d=w45-h45-p-rp-mo-br100","XIXIXIXI ZXC","2 ulasan","","","6 bulan lalu","","","","","","","",""
"https://lh3.googleusercontent.com/a/ACg8ocJUvzRD8DBMeATUsOLS8A6TtYPbKgA0kWUuQx6OhoUMyvJFhw=w45-h45-p-rp-mo-ba2-br100","Ujang Jok","Local Guide · 40 foto","","","setahun lalu","","","","","","","",""
"https://lh3.googleusercontent.com/a/ACg8ocJB0d8GxEjSkK5mY2H0jbdQrt8zJ8rBXja-UlsJxjfyWWoiyA=w45-h45-p-rp-mo-br100","Mahdor Adong","","","","2 tahun lalu","","","","","","","",""
"https://lh3.googleusercontent.com/a/ACg8ocJWy_0nB63KS1wVBsuRtL828-lCbzPS2ACnh-_pzKKd1D_uvg=w45-h45-p-rp-mo-br100","Yunianti Herbal nasa","1 ulasan","","","3 tahun lalu","","","","","","","",""
"https://lh3.googleusercontent.com/a-/ALV-UjX00qm40GpnWtjMWFE_y25rIGCybbftomTiIzTlcoFAClKwJJfG=w45-h45-p-rp-mo-br100","Al Jufri","11 ulasan · 4 foto","","","3 tahun lalu","","","","","","","",""
"https://lh3.googleusercontent.com/a/ACg8ocK4IEFiGC7rONZHULrD1OGNGOQL37zWyQYyehlobnkDkSzs5A=w45-h45-p-rp-mo-br100","Fajar Maulana","","","","4 tahun lalu","","","","","","","",""
"https://lh3.googleusercontent.com/a-/ALV-UjWUgSHaaw2irgigBX0HKH-df17ezcGdaSLuUU8hMjDMwhsK6M-z=w45-h45-p-rp-mo-br100","topik jakarta","12 ulasan","","","4 tahun lalu","","","","","","","",""
"https://lh3.googleusercontent.com/a-/ALV-UjVzISTmQIxRQmnpQ5UV3qDrei4nuGR371HZDZr36OmKPhFPL-GH=w45-h45-p-rp-mo-br100","Mutiara Andita","3 ulasan · 3 foto","","","4 tahun lalu","","","","","","","",""
"https://lh3.googleusercontent.com/a-/ALV-UjXtWkpgAaznhujGrMkgr92AcfP0bvxAdbq201ZSjY3OBe3xwnFT=w45-h45-p-rp-mo-ba3-br100","Suyono Doang","Local Guide · 18 ulasan · 2 foto","","","4 tahun lalu","","","","","","","",""
"https://lh3.googleusercontent.com/a-/ALV-UjWGahqlsxY4sHUqhaW_x9kiZIphvGxrkSyJkDtw-tNErXQ-RyEp=w45-h45-p-rp-mo-ba2-br100","Rina Hasanah2","Local Guide · 2 ulasan · 17 foto","","","4 tahun lalu","","","","","","","",""
"https://lh3.googleusercontent.com/a/ACg8ocL2G9DgJ9z9nrtXfWIEM4SVCSrcyeLNWw8owlbfSM95bJPmRg=w45-h45-p-rp-mo-br100","Tunin Nugroho","","","","4 tahun lalu","","","","","","","",""
"https://lh3.googleusercontent.com/a-/ALV-UjUQkJOt-D7Tv5vPpt5mbwgX-0SVMa9-HP9CSZz8iadYCrXomv0=w45-h45-p-rp-mo-br100","Dudi Irawan","4 ulasan · 2 foto","","","5 tahun lalu","","","","","","","",""
"https://lh3.googleusercontent.com/a-/ALV-UjWTK1xAmXo3Oq4wiKiE-Wh12wq-5g3kC_0l6hTpoBxcH_N5U6k=w45-h45-p-rp-mo-br100","evi yuliana","1 ulasan · 1 foto","","","5 tahun lalu","","","","","","","",""
"https://lh3.googleusercontent.com/a-/ALV-UjUR0ktGpc2S00hkUT6pUFYNC8s0202qEc3tldLWcWWOzROFQQk=w45-h45-p-rp-mo-br100","Eka Garnadi","4 ulasan · 6 foto","","","5 tahun lalu","","","","","","","",""
"https://lh3.googleusercontent.com/a-/ALV-UjXtClJ11hliv69bHY-1bxxHXoa4L5IOxWbmAlEWijt71mue-tSL=w45-h45-p-rp-mo-ba2-br100","Aryanto Ary","Local Guide · 2 ulasan","","","5 tahun lalu","","","","","","","",""
"https://lh3.googleusercontent.com/a-/ALV-UjXaNMewqcWPiMZIcLLqkqOcrUVWnW1AFHs6G_npjhP54tuq_ClA=w45-h45-p-rp-mo-br100","wina khairunnisa","3 ulasan","","","6 tahun lalu","","","","","","","",""
"https://lh3.googleusercontent.com/a/ACg8ocIj05pfX2UYC9U3cw2FWuOAEAzP5Y7FUshBrNul9q0sw_RloQ=w45-h45-p-rp-mo-br100","Imanul Hikmah","8 ulasan · 4 foto","","","6 tahun lalu","","","","","","","",""
"https://lh3.googleusercontent.com/a/ACg8ocLy3psrxjT_0suy_koys5-98SJs9ngXveYvmqYOfDiXXoWPog=w45-h45-p-rp-mo-ba3-br100","Aryanto Ary","Local Guide · 15 ulasan · 61 foto","","","6 tahun lalu","","","","","","","",""
"https://lh3.googleusercontent.com/a/ACg8ocIkpOrhR4Y34Fa4yGxDXK1o1cjIlOS1lV1GZYJnoUhPlGzSBw=w45-h45-p-rp-mo-br100","Kaka Satria Wahyu","4 ulasan","","","6 tahun lalu","","","","","","","",""
"https://lh3.googleusercontent.com/a/ACg8ocIS04ZCUC0eWxtNDEJBESA8RiikHaMonmtzGPOAcT0wSe0UBw=w45-h45-p-rp-mo-br100","jovanka frederico rico","2 ulasan · 10 foto","","","6 tahun lalu","","","","","","","",""
"https://lh3.googleusercontent.com/a-/ALV-UjUap1tPjE2FCfpKxapk0IVLBrAn02xV1R_PnrGvyZEVqmvJFHsD=w45-h45-p-rp-mo-br100","Hastika Wulandari","8 ulasan · 4 foto","","","6 tahun lalu","","","","","","","",""
"https://lh3.googleusercontent.com/a-/ALV-UjWn6jESfYD2woFQquLhVbG5RfZPC8Bghn-i2Nasd2TKcAs2dztg=w45-h45-p-rp-mo-ba4-br100","Joko Baskoro","Local Guide · 72 ulasan · 156 foto","","","6 tahun lalu","","","","","","","",""
"https://lh3.googleusercontent.com/a/ACg8ocJH92aCTL8TQRvwJJQgRQwhXUKIJTAUkVboiBWUimcqPr7xWA=w45-h45-p-rp-mo-ba4-br100","keanu & Kenzo","Local Guide · 82 ulasan · 24 foto","","","6 tahun lalu","","","","","","","",""
"https://lh3.googleusercontent.com/a-/ALV-UjWEiAx7n0nMbhRUZLqyxR1Mb9xE9VFnPHUi-wDuf_HXeYohN-I7Lg=w45-h45-p-rp-mo-ba3-br100","Yudi Yulianto","Local Guide · 14 ulasan · 33 foto","","","7 tahun lalu","","","","","","","",""