app_name,app_id,review_id,user_name,review_text,rating,review_date,thumbs_up_count,matched_keywords
GrabMerchant,com.grab.merchant,3e63fca4-9c01-469b-831e-54ca9d9c7910,Zaenurohman Arifin,"ini kenapa saya mau jualan di grabmart, mau isi menu yg saya mau jual tidak ada, gimana mau jualan, udh pusat bantuan sama aja bingung palah,",3,2026-05-25 18:48:43,0,"grabmart, menu"
GrabMerchant,com.grab.merchant,17d7f769-07ca-42f0-9057-a37862f6dff1,Dewi Destriani,"Sekarang tiap dapat orderan masuk, pesanan sudah selesai tapi status masih mencari pengemudi. Ini ngga satu dua kali, tapi hampir tiap dapat orderan. Makanan keburu dingin kalo kaya gini terus. Pernah, driver depan mata lama nyantolnya mencari pengemudi terus.",3,2026-05-22 13:33:06,3,"makanan, pesanan, orderan, orderan masuk, driver, pengemudi"
GrabMerchant,com.grab.merchant,c030823d-f589-489a-9744-0353ed71ebf5,Sop iga Ponyo kacida,besar sekali potongan untuk iklan nya. sampe habis ke untungan resto buat bayar iklan !! dan iklan gak bisa di berhentikan kapan saja. jdi sekali mencoba harus sampai batas waktu yg grab tentu kan. seperti di paksakan untuk terus aktif. gak sprti apk sebelah yg iklan nya bisa di non aktifkan kapan pun resto mau. Kalau ternyata omset penjualan dari iklan tersebut tidak meningkat !,3,2026-05-20 15:41:59,18,resto
GrabMerchant,com.grab.merchant,596f83bc-c8b5-4f4f-b92e-c047c5a2187c,PirmanMan Channel,"setelah aplikasi di perbarui semakin susah dapat orderan dan susah dapat driver ,sedang driver di area driver banyak ..tolong sistem diperbarui lagi",3,2026-05-19 14:04:55,5,"orderan, driver"
GrabMerchant,com.grab.merchant,6e8b4ed1-84ba-4bfe-86de-8a6ef0933de1,Soni Nawir,"sudah seminggu pengajuan. keterangan email berhasil. qris bisa digunakan. tapi aktual ga bisa. trus di aplikasi ngga ada pilihan ""tokoku"" dan ""menu"". kek mana ini. bahkan log in lewat portal juga gitu. semua tahapan sudah diikuti. kek mana itu",3,2026-05-12 15:03:02,1,"menu, qris"
GrabMerchant,com.grab.merchant,035ac252-4acf-459a-ac7f-53c887df7112,Bambang Sugianto,"ketika kami mau melakukan perubahan menu/harga harus pakai PIN,, alangkah baiknya di tiadakan saja, bikin ribet,..mksh",3,2026-05-11 19:17:33,0,menu
GrabMerchant,com.grab.merchant,17e4e446-8b44-4b7b-9a6a-d8eaf1247daf,Guntoro Arinto,"terbaru....dapat kompensasi 40% dr omset bersih resto, tp dicancel order dr pihak driver 2/3x karena kejauhan ambil ...tau2 pembatalan otomatis orderan pdhl pesanan banyak sudah siap. driver yg ngebatalin pada aman2 aja, restonya yg boncos.... ya kalo pas klaim kompensasi disetujui, hla kalo enggak ???",3,2026-05-11 08:42:57,0,"resto, order, pesanan, orderan, driver"
GrabMerchant,com.grab.merchant,b4465a11-ce59-4f9e-a546-341d7de35ae9,Johan Andika,"update terbaru malah gabisa komunikasi dengan konsumen. aneh parah, jadi kalau ada habis stok atau ganti menu gabisa di komunikasikan",3,2026-05-10 19:13:05,0,menu
GrabMerchant,com.grab.merchant,42afddc9-d476-490e-9f97-01aed13a965e,Dzaky Dzack,"sudah pasang iklan masih aja sepi, sudah bayar iklan mahal pula, mlm ini satupun tidak masuk pesanan. terus cara ganti rekening resto tolong dipermudah, kenapa harus masukin buku bank baru, emangnya superbank punya buku",3,2026-05-10 01:17:46,7,"resto, pesanan"
GrabMerchant,com.grab.merchant,834514ab-2993-4716-92f3-d0978a143eb8,SUSENO CHANEL,"fitur terima pesanan manual sangat merugikan. tahu"" di jeda oleh pihak grab. tanpa tahu kondisi di resto kita sedang sibuk atau banyak pelanggan. mohon di hilangkan saja fitur tersebut.",3,2026-05-06 12:30:31,0,"resto, pesanan, pelanggan"
GrabMerchant,com.grab.merchant,8e679707-da5f-45c3-ba95-8356f57b7fc0,Iswanto kebumen,semakin update smakin kurang bagus pesanan otomatis di jeda...driver dapetnya lama ..bunyi notifikasinya terlambat,3,2026-05-05 14:14:21,0,"pesanan, driver"
GrabMerchant,com.grab.merchant,073435aa-062f-4c5b-a500-dac70099eeaf,Sri Marlina,kenapa sekarang grab sering sekali terlambat melakukan pencairan harian? harus kita laporkan dulu baru pencairan harian di transferkan! yang seharusnya lancar malah sering terlambat. dan hari ini sudah 2 pencairan tidak masuk mengendap diaplikasi! tgl 1 mei dan tgl 4 mei belum masuk pencairan harian resto saya! sudah dilaporkan tapi smpai detik ini sya belum menerima pencairan.mohon untuk segera ditranfer secepatnya! terimakasih.,3,2026-05-05 11:13:11,2,"resto, pencairan"
GrabMerchant,com.grab.merchant,205e794d-4f59-47ce-8189-3490251d5f5e,Wathonk Cell,"sudah baik stok otomatis ke detek kalo habis, tapi kalo ada pesnaan masuk posisi saya lg gak pegang hp masa otomatis pesanan jeda (batal) lah gimna konsepnya, tolong kemablikan sistem kalo ada pesanan jangan otomatis batal kan jadi gak ada orderan masuk. pakai segala pesanan kadaluwarsa emg pegang hp terus",3,2026-04-28 11:51:55,9,"pesanan, orderan, orderan masuk"
GrabMerchant,com.grab.merchant,d116de9c-c9d7-4513-8bb8-7321ccb567de,Syifa Hilal,mohon pembayaran penjualan sampai 2 hari kok g di transfer ini gmn ya?,3,2026-04-26 17:14:26,0,pembayaran
GrabMerchant,com.grab.merchant,69270f2a-33cc-4245-b04a-2ec1e3ee706e,Nurohman Gaven,"knp stiap edit stok tdk lngsung terganti. padhal udh skrol2 ampe brpa kali , smpe kluar masuk jg, tpi ttep aja tdk ter update edit stok ny, sampe2 pembeli hrus meraskn kcwa krna pesann yg di pesan hrus di edit krna stok yg d pesan sudh habis. tolong solusinya coy",3,2026-04-25 23:25:11,0,pesan
GrabMerchant,com.grab.merchant,1778acf9-f287-4ade-ada6-aeb264d80a02,Niko Dario,"Aplikasi dengan sistem baik, tapi buruk dalam keadilan, dah berapa kasus yang resto gue alami tapi baru baru ini yang paling mindblowing. kalian cuma mentingin kenyamanan CS tapi gak mikirin resto yang juga bagian simbiosis bisnis ini. gilbet.. cs banding cuma gara2 katanya nasi kelembekan minta dana dikembalikan lo kabulin greb? itu kan kembali ke masalah selera, bukan kesalahan pemesanan.",3,2026-04-24 13:26:09,0,resto
GrabMerchant,com.grab.merchant,01683c27-8e52-492f-b846-9500d551b697,Rosi Rohimin,"baru bunyi pesanan masuk belum di konfirmasi/diterima pesanan tapi driver sudah datang , tidak ada jeda waktu buat resto siapin pesanan,. terkadang driver nya ko belum siap mas.. 😫",3,2026-04-24 08:44:15,3,"resto, pesanan, pesanan masuk, driver"
GrabMerchant,com.grab.merchant,43c42b52-22b3-405d-a1a3-575398a6714c,Andrea Gozel,"Tolong perbaiki lagi aplikasi nya.. Tau² aplikasi di tutup otomatis karena ada pesanan masuk yg gak di Terima, kalau mau pakai sistem diterima/ditolak pesanannya.. aplikasinya harus konsisten dengan notif nya.. jgn ngeleg.. ada pesanan masuk tapi notif tidak ada.. bagaimana sy tau kalau ada pesanan masuk..",3,2026-04-21 10:06:51,134,"pesanan, pesanan masuk"
GrabMerchant,com.grab.merchant,d2c93ce9-4690-47cb-bcdd-824ceac72f75,Mei Indah,"transaksi tgl 18 april 2026 sampe tgl 20 , pencairan dana penjuala tertunda, transaksi tgl 19 juga terdunda, kenapa masalahnya apa? tolonglah diprbaiki pelayanan grab, tolong dana dikirimkan ke rek.",3,2026-04-20 08:26:55,0,"pencairan, transaksi"
GrabMerchant,com.grab.merchant,c3a43c54-5116-46d0-b47b-1d27ea0a552b,emenk,"sangat buruk setelah update, pdahal driver banyak di sekitar. tpi dapat drivernya lama bngt , kya ngga ada driver satu pun. alhasil karena customer terlalu lama menunggu orderan bisa langsung di cancel, kya waktu kemarin. lebih baik versi yang sebelumnya dari pda versi sekarang banyak kekurangan.",3,2026-04-19 19:30:33,0,"orderan, driver, customer"
GrabMerchant,com.grab.merchant,11e71433-6c9c-47c7-b8aa-134364643e42,Rizqya Khadijah,"Tolong di perbaiki donk notif seringkali gak bunyi, tiba² driver datang marah².",3,2026-04-19 12:04:18,0,driver
GrabMerchant,com.grab.merchant,f37afff2-20f9-436e-b8fe-028d3ce435c2,novia via,"kenapa update aplikasi malah jadi kaya gini? 1. kalo aplikasi di keluarin terus ada pesanan masuk cuma bunyi notif biasa, harus buka aplikasi dulu baru bunyi notif pesanan masuk, kalo kelewat otomatis pesanan di batalkan tolong di perbaiki aplikasinya, udah bener kaya kemarin aja malah di update begini",3,2026-04-16 01:24:03,6,"pesanan, pesanan masuk"
GrabMerchant,com.grab.merchant,09b7ee94-a01d-4a5e-94a3-85314e9c26ba,Yani Maryani,"adduuhh sekarang klo print struk 1 menu pun panjaaaaang banget ya...tolong dong font nya kecil aja tapi rapih kayak aplikasi sebelah,biar ga ngabisin kertas thermal ya min 🙏",3,2026-04-14 23:15:07,1,menu
GrabMerchant,com.grab.merchant,51b329e5-b081-428f-9e79-afaa8bd7159d,Roisul Akbar,"tolong d hapus pembayaran TUNAI, karena banyak drever yg gak mau ambil.",3,2026-04-12 21:31:53,0,pembayaran
GrabMerchant,com.grab.merchant,db289293-2863-4313-8808-c80701faf800,bang vian,"driver grab ko makin parah aja,,orderan masuk 1/2 jam lebih masih blum dapat driver juga,, malah di batalin sama pihak grab,,",3,2026-04-12 20:34:01,0,"orderan, orderan masuk, driver"
GrabMerchant,com.grab.merchant,0cec20d9-a1cb-4965-aea4-82f49a97231c,akbar muara,Notif pesanan pada grabmerchant tidak muncul mohon perbaiki segera,3,2026-04-11 18:26:57,1,pesanan
GrabMerchant,com.grab.merchant,c42964a3-2e4d-4ff4-b534-43b03914d1d5,Sumarni Sumarni,udah beberapa bulan terakhir ini pesanan di aplikasi grabfood/grabmerchant ibu saya tidak ada orderan pesanan dari pelanggan itu kenapa ya padahal setiap hari aplikasinya di buka terus apakah ada laporan atau keluhan dari pelanggan mengenai pesanannya,3,2026-04-09 11:31:32,0,"grabfood, pesanan, orderan, pelanggan"
GrabMerchant,com.grab.merchant,f3a0fc56-2dc7-45ce-861e-73280e51b7b9,Idris Aja,malas banget sekarang pake aturan mbar dari 3 menit ga di konfirmasi pesanan di batalkan padahal alarm pesanan nya ga bunyi sama sekali,3,2026-04-08 13:20:14,0,pesanan
GrabMerchant,com.grab.merchant,e6a6c007-3746-4b8d-802c-6722763b7c75,Yeni Lupita sari,"semenjak di perbarui kok susah ya malahan gakbisa liat pesanan yang baru selesai sama notifikasi suara nya gaada,gimana dong ini",3,2026-04-07 19:07:50,0,pesanan
GrabMerchant,com.grab.merchant,880c8dd0-1209-479b-bb0d-ea0bd9a4c305,Yusup Iskandar,abis d update banyak pesanan yg batal karena terlambat menerima pesanan. lebihbaik d otomatiskan lagi cara menerima pesananya. udh susah orderan d tambah sistem kaya gini skrng,3,2026-04-07 18:27:06,2,"pesanan, orderan"
GrabMerchant,com.grab.merchant,c16e0e02-1b1c-442c-9d43-71c8b161bb24,Bagas Sutikno,"Aplikasi ini kenapa lemooottt sekali yaaaa... beda sama apk sebelah, ini apk sejak awal pasang bertahun tahun lemot bgt tiap mau buka toko, tolong di perbaiki, padahal kita udah upgrade versi terbaru",3,2026-04-07 14:48:08,4,buka toko
GrabMerchant,com.grab.merchant,73ce2194-dffd-4d1d-89bd-162261d00460,Nova Tirto,kadang bikin emosi aja ada pesanan masuk tp tdk bisa d buka mesti nunggu driver datang baru liat pesanannya d hp driver iya kalau drivernya sabar kalau dpt yg tdk sabaran yg ada ngedumel karna pesanan belum siap segala saran sdh saya lakukan tp tdk menyelesaikan masalah kadang bisa d buka terkadang sama sekali tdk bisa .yg bilang sinyalnya tdk setanillah...kalau tdk setanil apl lain juga tdk bisa nyatanya yg lain lancar lancar aja kita juga pakai wifi tolong lebih d tingkatkan lagi,3,2026-04-06 23:11:40,10,"pesanan, pesanan masuk, driver"
GrabMerchant,com.grab.merchant,b29234b8-1f64-49c6-87d2-5fb5fd9c87c2,Egir Gun,"bingung mau jual berapa di naikin harganya ,naik juga potongan nya, ko gitu yahh,paling yang punya barang untung nya 3 4 ribu, pantes CEO nya kaya2 yah gila potongan nya serakah, dari merchant dapet dari customer dapet driver masih di potong juga gila serakah banget padahal makan sama aja yah sepiring juga kenyang",3,2026-03-29 18:32:33,0,"merchant, driver, customer"
GrabMerchant,com.grab.merchant,b47d63dd-d951-4e63-9545-59a68918562d,Rizky Rahmat,tokong min. . kenapa kalau orang bayar dari qris tidak ada pemmberitahuan ?,3,2026-03-17 02:53:00,0,qris
GrabMerchant,com.grab.merchant,ad24cc14-d4e2-4b9b-9efd-f7943e420bc0,Adji Putra,"Semenjak di Perbaharui nyari driver nya susah Banggt pdhal di sebrang jalan Toko kubada bnyak bisa nyari Driver nyampe 20mnit Tolong lah di perbaiki lagi, aku pake Palikasi ini untuk Mempermudah Dagangam ku ini Malah Nyusahin pesann udah di masak malah jadi dingin Gara² nyari driver nya lamb😌😔",3,2026-03-16 21:12:41,0,"driver, masak"
GrabMerchant,com.grab.merchant,32050845-fc17-4e3a-9cab-443da794f936,feni diana alhisaba,selalu ada aja masalah dengan pencairan dana. padahal kan saya butuh uangnya untuk oprasional resto,3,2026-03-14 10:55:37,0,"resto, pencairan"
GrabMerchant,com.grab.merchant,cd437b49-54e0-42d9-a72f-70bbe7ee515c,Wasino 1992,kenapa pencairan hari ini gagal terus?? mohon bantuanya,3,2026-03-13 11:51:35,0,pencairan
GrabMerchant,com.grab.merchant,e958b30a-e8d1-44c7-ac03-a07e2557efaf,MARUF Channel,"saya gak jadi bintang 5, say kasih bintang 2, enak yg dulu kalo ada orderan lansung ketrima, sekarang pake trima manual. menyusahkan, notifikasi pesanan juga sering gak bunyi. sekalinya bunyi cuma 1x.",3,2026-03-12 18:42:56,3,"pesanan, orderan"
GrabMerchant,com.grab.merchant,09c76a29-72ad-4e84-ac88-ee8d8059a709,Nedi Saputra06,saya sudah 6 tahun pake aplikasi ini. tapi makin kesini makin turun aja. pada bagian pembayaran lambat notifikasi nya. sehingga sulit buat lihat pembayaran masuk/belum. tolong segera diperbaiki,3,2026-03-11 22:41:12,1,pembayaran
GrabMerchant,com.grab.merchant,2080209e-39c9-4af1-a76b-15a4b7b9409e,Santi Setiyaningrum,ayo dong perbaiki lagi sistemnya massa ada konsumen pesan tapi notif aplikasi masuk setelah 1 jam. Pesanan baru jadi tbtb di cancel. Rugi Lahhh 😭,3,2026-03-09 21:53:42,1,"pesan, pesanan"
GrabMerchant,com.grab.merchant,783f943c-77eb-48d1-93b0-21ce09c4b792,Noe' Andrian,"tolong notif pembayaran via merchant nya di percepat,skarang lambat jadi pembayaran udah masuk tpi notif sma uang blum ada",3,2026-03-09 19:27:10,0,"merchant, pembayaran"
GrabMerchant,com.grab.merchant,a84926c4-33c7-45ab-b7e1-1fef493c8dfa,Lekker Storykuning,grab kalo orderan gak dapat driver tapi pesanan sudah siap harusnya ada kompensasi agar toko tidak mubajir buang makanan yg batal tidak ada driver nya,3,2026-03-09 18:59:22,0,"makanan, pesanan, orderan, driver"
GrabMerchant,com.grab.merchant,461bb92a-f354-4e9a-af21-b924bd76b0a7,Zayin Akhmad,untuk pembayaran qris nya masuk ya lama telat terusss,3,2026-03-03 22:07:00,0,"pembayaran, qris"
GrabMerchant,com.grab.merchant,639954dc-a076-412d-b76c-a70b50b867c3,Erly Putri,"pencairan dana butuh waktu brp lama ,knp saldo berhari hari blm masuk ke rekening bank",3,2026-03-02 11:48:46,0,"saldo, pencairan"
GrabMerchant,com.grab.merchant,58f767be-840f-43ae-bcba-3dcb08ab55b9,Didit Nurhidayat,notifikasi pembayaran customer kok suka lambat ya.....busa stengah jam baru masuk..,3,2026-02-25 20:19:32,0,"pembayaran, customer"
GrabMerchant,com.grab.merchant,bd54bfbb-30d4-4c60-a7d6-65e69e257c13,Gaffi Fathansyah,grab kenapa susah bgt dpt alamat akurat sama driver jg suka lama saat pesanan udah siap tolong d kondisikan lg,3,2026-02-25 19:39:17,0,"pesanan, driver"
GrabMerchant,com.grab.merchant,2b37b370-93b4-4756-a3fc-47faf67b1ed1,SOFFE Cell,semenjak ada fitur baru jika ada orderan sblum 5 menit gk di klik siap maka tertolak otomatis itu sangat merugikan merchant / penjual krna kdang gk pegang hp sama di cass hp nya jdi tlong di hapus aja fitur itu.,3,2026-02-23 00:18:52,0,"merchant, orderan"
GrabMerchant,com.grab.merchant,0072fc48-ceb0-483b-ae30-87989597e77b,Afis ismey yasya,"saya sering banget pesen makanan online tp diaplikasi satu ini sering banget driver ga bawa kembalian dan itu sangat merepotkan apalagi jg menggunakan promo hemat pasti ada aja driver bilang ga ada kembalian , beda dengan aplikasi orange meskipun saya pesan 10ribu dan uang 50k mereka ada kembalian untuk driver mobil jg mereka kadang sombong sekali diaplikasi ini apalagi jg menggunakan hemat lebih baik naik ojek motor saja",3,2026-02-21 13:10:42,0,"makanan, pesan, driver, promo"
GrabMerchant,com.grab.merchant,2ff5a5a0-e74b-4c63-b303-4b23a0e9582b,arunika Putri,"tolong dong ada fitur yg chat ke driver nya, biar pihak resto gampang ngehubungi driver yg kesulitan mencari lokasi resto nya",3,2026-02-21 09:46:06,0,"resto, driver"
GrabMerchant,com.grab.merchant,08a9fd43-3633-4e96-98d4-0078d7f56c4b,Genjik,appk terlalu berat di hp android 10 sering tidak bisa ambil pesanan karna appk tidak bisa di buka yg berakibat orderan tidak terambil.,3,2026-02-19 16:58:50,0,"pesanan, orderan"
GrabMerchant,com.grab.merchant,6286b93f-4eee-4767-a766-82e87bef6853,Sidk Mulyana,"nunggu orderan nya lama , sekali nya dapat orderan notifikasi ngga ada , toko harus konfirmasi pesanan segala, kan udh jelas toko nya buka brrti siap terima orderan.. plis lah benerin lagi..",3,2026-02-18 22:23:43,0,"pesanan, orderan"
GrabMerchant,com.grab.merchant,6e2f5435-2781-4b9b-9825-61372ab1e2ab,Sasa,"keterlambatan bel , tidak bunyi saat ada orderan masuk",3,2026-02-18 08:22:03,0,"orderan, orderan masuk"
GrabMerchant,com.grab.merchant,2fa28717-1cb4-448e-bb9c-47091d33a863,Agustinus Saut Tuah,Mohon maaf....aplikasinya jelek sekali sekarang ini...saya sudah melaporkan permasalahan saya mengenai susahnya melakukan pembayaran di Aplikasi....setiap melakukan pembayaran selalu gagal dan sering keluar gambar Robot....sampai sekarang masih belum diperbaiki.....,3,2026-02-17 13:18:54,4,pembayaran
GrabMerchant,com.grab.merchant,2dc32f95-9f51-4974-a603-4762bf2b724c,Cahyo S,tolong di perbaiki sering bug terutama di riwayat pesanan,3,2026-02-16 14:14:19,0,pesanan
GrabMerchant,com.grab.merchant,eec9129a-0c5f-4db0-a6a9-8094cb99da05,S H I N N J U,"ada bug/delay yang cukup lama masuk nya di transaksi qris grabmerchant, tolong agar bisa diperbaiki lagi, bikin waswas.",3,2026-02-13 21:30:04,1,"transaksi, qris"
GrabMerchant,com.grab.merchant,92c9ca8f-6d63-4568-b488-74360161dff7,Andi Jenne,please lah apk di jeda tetiba dtg driver tidak ada notif dll kasian drivernya jauh² dan marh²,3,2026-02-13 17:44:24,0,driver
GrabMerchant,com.grab.merchant,6217af62-8cb6-4e50-8820-df9422d6f2ad,Raynaldi Oloan,"tolong kalo buat pembaruan jgan yg merugikan kami merchant,masa blm smpe 5menit orderan sdh hilang pas buka aplikasi, blm jg diliat orderan ap tiba"" ga ada bukanx nambah rame malah anyep orderan..",3,2026-02-13 11:53:36,1,"merchant, orderan"
GrabMerchant,com.grab.merchant,a8b68bf7-f8ff-4cf1-93b0-b745e2344cdb,pisang ijo malaja,halo ..bgmn cara nya memperbarui aplikasi grab merchant soalnya ada pesanan msk tapi tdk bisa terbuka aplikasi nya,3,2026-02-11 11:16:56,0,"merchant, pesanan"
GrabMerchant,com.grab.merchant,f27d3aa2-9969-41ef-a29c-60d826ec13b8,Aw4y_ 9009,"Tiap hari Banyak telpon gak jelas katanya dari grab jakarta.. dan nomor nya gak cuma 1 gonta ganti nomor sangat mengganggu banget!! klu emang dari grab harusnya tu nomor 1 atau 2 dan dikonfirmasikan ke resto, bahwa ini nomor pusat.. ini nomornya ganti trus, di blok 1 muncul lagi muncul lagi.. dan ngapain kita tanggepin.. emang gak ada kerjaan apa? klu pengen tau keadaan lapangan.. cobalah keluar.. tanya apakah dari 10 orang berapa yang punya aplikasi grab customer,,",3,2026-02-09 16:16:14,3,"resto, customer"
GrabMerchant,com.grab.merchant,9f21e3db-87f4-47cb-9364-3eb7f61e0bae,doni putra,"masalah pencairan dana, sekarang suka terlambat dan suka ada gangguan . padahal saya kan perlu dana nya untuk keperluan resto.",3,2026-02-09 01:35:15,0,"resto, pencairan"
GrabMerchant,com.grab.merchant,4575b42f-6b41-4cfa-98a3-9614200bdd61,Torikin Torikin,kenapa yah setiap orang bayar pake Qris masuk ya telat mulu .harus nunggu satu jam baru bisa terlihat nominal ya ..,3,2026-02-04 21:53:50,1,qris
GrabMerchant,com.grab.merchant,02ba0353-be8c-4506-a4ed-7b779e8caa0b,Arman Yoga,"tolong dibenerin dong. Menu udah dimatikan selamanya, tapi setiap hari pasti nyala lagi. Jadi harus manual matiin menu lagi, dan itu ada banyak banget dan tiap hari. kenapa si kaya gitu, mau bikin rating resto hancur apa gimana kalo menu kosong tiba-tiba dinyalain sendiri? bug nya banyak banget lagi, pesanan udah dikasih menit menunggu kok udah siap sendiri. aneh ini aplikasi ojol paling sampah. Semoga cepat dibenerin",3,2026-02-01 13:04:22,0,"resto, menu, pesanan, rating resto"
GrabMerchant,com.grab.merchant,24a4e5e3-b1f3-46e0-b28c-f47bb5ae79f3,fatkhu din,lelet masuk untuk pembayaran qris,3,2026-01-28 20:10:23,0,"pembayaran, qris"
GrabMerchant,com.grab.merchant,37ace539-fad8-4896-895e-f963b8df13f1,Ririn Khamidah Hayati,Akhir-akhir ini lambat sekali masuk informasi bukti transaksi pembayaran Qris diresto. membuat kami menunggu lama bukti transaksi dan pelanggan pun ikut menunggu. Menyulitkan sekali,3,2026-01-25 13:05:54,1,"transaksi, pembayaran, qris, pelanggan"
GrabMerchant,com.grab.merchant,0f6522d2-549b-4381-b1c8-702d9830ebd2,Masky Business,"Aplikasi nya Lemot di saat ingin Membuat atau Mengedit Daftar Menu, mohon untuk di Perbaiki kembali. terima kasih..",3,2026-01-21 16:40:16,0,menu
GrabMerchant,com.grab.merchant,4f4bd500-43a5-4e47-939b-365ca79f1cdf,Ayi Sariyah,"tolong diperbaiki lagi dong grab apknyaa, masa ada orderan masuk tapi gabunyi, udah berkali² kek gitu tau2 driver dateng ajaa tau2 waktu habiss!!!",3,2026-01-20 07:49:11,1,"orderan, orderan masuk, driver"
GrabMerchant,com.grab.merchant,227a54ff-ed4b-4ab8-a5f1-10a8bbfcc3d5,Ayu Rantika Widana,"tolong jangan sedikit"" update hape jualan semakin berat dan gak ada jg yg berubah setelah di update malah gak bunyi notifikasi orderan",3,2026-01-18 16:07:26,0,orderan
GrabMerchant,com.grab.merchant,dd3a2dfa-ef9d-4db8-b84d-2a29b891ad56,Shidqi Khakim,pencairan dana sering telat buat belanja kesulitan,3,2026-01-15 10:55:12,1,pencairan
GrabMerchant,com.grab.merchant,f4bd39d4-d63d-4c8a-b717-4489cae20a1e,chi wix,"tolong dong min, aplikasinya diperbaiki, karena menu resto yg udah ditandai habis, selalu saja masih bisa dipesan costumer, sehingga mengecewakan pelanggan dan rating resto jadi rendah",3,2026-01-11 18:01:08,3,"resto, menu, pelanggan, rating resto"
GrabMerchant,com.grab.merchant,17544ed8-6bf2-4241-96f4-56e73bd998ef,Siti Nurbadriyah,"untuk sekarang konfirmasi pesanan hanya manual dan diwaktuin 5menit. kalaw tidak di konfirmasi pesanan akan dibatalkan otomatis, jadi banyak pesanan yang kelewat. lebih suka fitur yang dulu, yang pesanan di konfirmasi secara otomatis.",3,2026-01-10 08:43:32,16,pesanan
GrabMerchant,com.grab.merchant,443fcd0d-c494-46df-a294-f79bda410926,Bagas Bowo,"tolong untuk driver yang mengcancel pesanan, padahal sudah jadi. sertakan nama drivernya min! saya cape semisalkan pesanan udah jadi gara2 jauh konsumennya ga diambil, terus saya anteri2n!!! KERJA YA HARUS TERIMA RESIKO JANGAN PILIH2!!! TOLONG NOTE YA MIN ""DRIVER YANG MENCANCEL PESANAN YANG SUDAH JADI DISERTAKAN NAMA DRIVERNYA!""",3,2026-01-09 23:34:48,0,"pesanan, driver"
GrabMerchant,com.grab.merchant,08f883c8-6968-4d3c-8dab-a6ac321a4a38,Irooh Irooh,makin aneh sj nih grab merchant. menolak pesanan krn stok habis.. eee bsok nya gk bisa di buka.. hapus skalian sdh sepi bertingkah.,3,2026-01-09 19:51:35,2,"merchant, pesanan"
GrabMerchant,com.grab.merchant,ed71dad2-3e17-44bf-a926-8d74a7418217,Toyota 123,"kadang sebel klo tiba2 mas kurirnya udh dtg,tp notif nya GK ada orderan masuk.dan pas buka aplikasinya orderan timernya udh jln.di bilg GK ada jaringan gak mungkin..Krn keseringan GK ad notif JD kami di resto yg sering kena komplain SM driver dan costemernya.dan ada ulasan di mana orderan org cuma 1 menu tp katany lama bgt dtgnya.pdhal dinresto pastinya CPT di prosesnya.jd kesalahan entah dari mananya.",3,2026-01-07 02:26:40,0,"resto, menu, orderan, orderan masuk, driver"
GrabMerchant,com.grab.merchant,80d1b1f5-c32f-4cae-ad49-4d7b0b8da627,antonius yuliadis,makin kesini kok kwalitasnya menurun...Daftar pesanan masuk terlalu njlimet..makan tempat...& status pembaruan aplikasi sangat mengganggu sj...tiap buka aolijasi suruh pembaruan trus..,3,2026-01-02 10:39:56,0,"pesanan, pesanan masuk"
GrabMerchant,com.grab.merchant,2a2ff78b-8033-4d97-98cc-9b1cbb03c492,Elena VA,Sdh d update tp knp kok sll minta update stiap buka grab merchant skg ini?? tog blgnya d benahi dong,3,2026-01-02 08:38:21,0,merchant
GrabMerchant,com.grab.merchant,99c8d7a4-15c2-45a0-a45d-01f0fe405a0d,geza rahma diani,tolong jgn mahal2 potongannya..perasaan q g ikuut promo grab tiba2 ada potongan geede..udah tak cek2 coba pkai diskon sndri trs promo dari grab ga di pakai..eh malah ga da yg pesenn,3,2026-01-01 17:18:00,0,"promo, diskon"
GrabMerchant,com.grab.merchant,cf8d567b-962e-45b1-901d-c6d4f5168d86,Keripik Saji Unggul,"Ini terkadang suka tidak ada notifikasi kalau masuk orderan, jadi harus siapin dadakan mohon untuk di perbaiki",3,2026-01-01 11:00:40,2,orderan
GrabMerchant,com.grab.merchant,3f2c90ea-aa4f-482b-8d94-ff9f7a689b71,Rumlah,"makin sepi,tidak seperti dulu resto di kasih waktu sedikit untuk mempersiapkan",3,2025-12-31 11:16:35,0,resto
GrabMerchant,com.grab.merchant,99d4fd08-0034-4b0c-bdc8-5f1a0676b100,muh Bayasut,sangat membantu penjualan dan pendapatan,3,2025-12-31 00:53:56,0,pendapatan
GrabMerchant,com.grab.merchant,10ab0c87-6a28-4c6f-93ab-bac73f4595c0,miralia fika,"saran buat grab , jgn banyak potongan , kasian pedagang harus mark up harga hingga 20% , pembeli ya pasti cari toko offline , trus grab lebih prioritaskan toko yg ikut banyak promo , potongan penjualan , potongan promo..untung sedikit dan gak balance yg untung banyak ya grabnya..coba pakai cara marketing platform oranye sebagai perbandingan , pasti yg masuk daftar bnyk",3,2025-12-30 13:41:40,0,promo
GrabMerchant,com.grab.merchant,1fb282de-c4b4-45e2-8b8b-cc9733ac1bee,Momoland PetShop,"Sudah semakin berkembang, sayang tidak bisa kirim foto produk yang akan dikirim ke customer, juga belum ada fitur retur jika ada kesalahan. Chat dg customer juga kurang memfasilitasi karna tiap pesanan sudah diambil sdh tdk bs chat, jadi jika ada komplain agak sulit penanganannya.",3,2025-12-29 10:35:32,229,"pesanan, customer"
GrabMerchant,com.grab.merchant,d0d52cb6-bb6e-4da8-aeca-3419e38d879d,Novi Lia,"Saya Sangat Sedih, Thn Lalu Orderan Lancar, Dan Ada Pinjaman Grab Modal Mantul Saya Ber@ni Ambil Karna Saya Tau Orderan Lancar Dengan Promo Orderan yg Ada (Dulu) Tiba2 Promonya Sudah Dihentikan dari Pusat, Seketika Orderan Sepi, Saya Merasa Punya Hutang Yg Menunggak Di APK. Sekarang Sudah Pake Promo Apa Saja Ga Ngankat Sama Sekali, Malah Pendapatan Terbagi2 Sama Promo Tolonglah Grab Sediakan Yg bisa ngangkat jualan Kita Lagi, agar Kita Juga Bisa Lancar Bayar GMM.",3,2025-12-29 08:39:32,0,"orderan, promo, pendapatan"
GrabMerchant,com.grab.merchant,dd41a8d9-d661-4f21-902f-f3fc4a1c4da1,Cita Cinta,udah 3x pesnanan saya di batalin sdh capeh capeh siapkan pesenan tiba tiba dibatalin sdh berpa hari orderan gak ada yang masuk,3,2025-12-23 15:42:11,0,orderan
GrabMerchant,com.grab.merchant,376dfae1-455d-49bd-a7d5-544007619508,Ensu Fean,"pencairan resto akhir akhir ini ga jelas. biasa dini hari langsung masuk ini ga pernah tepat waktu lagi. apakah ini pemaksaan agar resto pindah pencairan ke superbank. tolong di perbaiki. saya pakai nya BCA, Ga mungkin banget tiap hari alasannya kendala sistem",3,2025-12-19 17:05:23,0,"resto, pencairan"
GrabMerchant,com.grab.merchant,5cf58328-7219-4691-acf9-b30ed9183e55,miftakh ullum,3 hari pencairan tidak masuk2 sudah bikin laporan tanggapannya malah ditutup/terselesaikan. piye iki danane nyangkut kemanaa,3,2025-12-17 17:01:17,5,pencairan
GrabMerchant,com.grab.merchant,6428d081-fa0e-475f-b748-01743da3c23a,Tatang Suryana,makin parah isi saldo pengemudi grab loading melulu selalu gagal tidak seperti dulu lancar mohon perbaikannya,3,2025-12-17 09:34:23,0,"pengemudi, saldo"
GrabMerchant,com.grab.merchant,5c9cc5a0-3059-4958-b09f-d1540e5fe951,Linda Ardhana,kenapa orderan masuk di pihak driver tp tidak masuk di aplikasi merchant? kenapa masih jam tutup orderan masuk lagi di driver tapi dengan menu yg sdh di closed tapi tidak masuk di aplikasi merchant? tolong diperbaikilah...,3,2025-12-13 09:15:02,3,"merchant, menu, orderan, orderan masuk, driver"
GrabMerchant,com.grab.merchant,a93b4b7d-8d78-4fb1-abad-25fcf6c55114,Akhmad Taufik,"Beri Ruang Resto untuk membalas Ulasan dari Pembeli. Seperti di Gofood ada ruang untuk membalas ulasan dari Pembeli ...Trimakasih. satu lagi...barusan ada aduan costumer ke Resto kami bahwa resto kami itu baru bisa di pesan jam 07:30, sedangkan resto kami buka itu dari jam 05:15. kalau ini sudah di perbaiki baru saya kasih bintang 5",3,2025-12-13 09:01:31,4,"gofood, resto, pesan"
GrabMerchant,com.grab.merchant,ad62b097-306b-420c-b14d-6224dedd5377,Yuk Bersyukur,TOLONG DONG KALO ADA PESANAN PAS BUKA APLIKASINYA DIGERCEPIN KADANG KITA BARU MAU NYIAPIN PESANAN KURIR UDAH DATANG JADI KELAMAAN NUNGGU GARA2 LEMOT DIBUKANYA PADAHAL JARINGAN STABIL........,3,2025-12-12 23:08:43,0,"pesanan, kurir"
GrabMerchant,com.grab.merchant,4ccd584c-4776-4111-af5b-cf601ac96f1f,Bakso Primadona,tidak bisa membuat promo seperti aplikasi sebelah. susah harus bertanya ke siapa tidak ada yang bisa dihubungi,3,2025-12-10 17:37:40,0,promo
GrabMerchant,com.grab.merchant,e868b311-0344-4ffb-a945-6faaab014702,Faizal Rizki,saya penguna lama .dan saya pake qris ovo yg tersambung ke Grab merchant .. tolong kalo ada yg bayar pake qris ovo di kasih notif suaranya seperti dulu..,3,2025-12-09 18:26:22,0,"merchant, qris"
GrabMerchant,com.grab.merchant,6876db75-d968-43ca-abf5-63b0ac5b663b,Defi,"sistem memberi waktu ke resto yg cepat,tapi pas semua sudah di seleseikan secara tepet waktu dapat drivernya yg lama,smpai makanannya keburu dingin",3,2025-12-08 16:05:10,0,resto
GrabMerchant,com.grab.merchant,1cb40700-73bb-48e9-9063-baac92411d5a,Deni Setiawan,"Gak ada notif pesanan malah di TUNDA, aneh sistemnya.",3,2025-12-08 07:51:02,0,pesanan
GrabMerchant,com.grab.merchant,bc440a7b-f067-4a78-a781-b50be35a9b5f,Ali Jamaludin,"perbaiki maaalah notifikasi, sering order masuk tanpa notif. driver telat ambil cuek aja, giliran resto telat sebentar aja ngoceh.",3,2025-12-06 14:43:15,0,"resto, order, driver"
GrabMerchant,com.grab.merchant,c8ca7e86-37a9-4d94-ba92-c25b9490da6f,Antony Samudera,"udah jarang dapat orderan, sekali dapat, orderan fiktif, habis itu dicancel, dan penutupnya kena suspend, resto ngapa2in juga ngga malah di suspend.",3,2025-12-02 20:29:29,5,"resto, orderan"
GrabMerchant,com.grab.merchant,4248c983-3f16-4583-af1c-e84104edd6af,parahyangan karawang,coba di bikin pengaturan yang mudah seperti aplikasi merchant yang lain untuk terutama untuk mengganti nama resto dll.,3,2025-12-02 11:35:02,0,"resto, merchant"
GrabMerchant,com.grab.merchant,ddff784a-cc99-4dca-9b60-9571ebcde781,Saiful Anwar,"dari pihak driver selalu lambat merespon kalau ada pesanan,,,lelet",3,2025-11-30 15:45:49,0,"pesanan, driver"
GrabMerchant,com.grab.merchant,dd25ea0d-ecd4-4fb5-8b82-2b1c879f94e7,Yafethunga Remi Andung,saya sangat kecewa dengan grab sekarang orderan sepi argonya ngk masuk akal murah sekali,3,2025-11-25 10:39:20,0,orderan
GrabMerchant,com.grab.merchant,206c3b82-1302-480b-a1f5-970cfabbb8cf,PUTRI BERLIAN,"Tolong aplikasi nya di buat kayak sebelah biarpun ga di buka, apk notif orderan tetap ada yg penting toko statusnya buka.",3,2025-11-20 20:14:01,0,orderan
GrabMerchant,com.grab.merchant,6c1e2dc3-f7eb-454c-8666-bdcd625f8878,Dudy Rahman,"catatan utk resto mitra, siapkan pesanan sesudah driver tiba di resto. g pp lambat soalnya tdk ada kompensasi pembatalan pesanan yg sdh siap di pickup seperti aplikasi go***d. jd sangat merugikan resto.",3,2025-11-19 16:18:38,2,"resto, mitra, pesanan, driver"
GrabMerchant,com.grab.merchant,7328dd92-e516-4766-ab0f-5b1cfe2be17e,Sri Mulyani,"Hallo bagaimana caranya begitu ada orderan masuk agar tidak langsung dapat driver, makanan hampir jadi langsung dapat driver bgtu mestinya, agar driver ga mengunggu lama, dan tidak berkerumun di resto.",3,2025-11-18 18:11:43,0,"resto, makanan, orderan, orderan masuk, driver"
GrabMerchant,com.grab.merchant,b04a1040-75ae-4024-9b8f-c0c5b59a7c04,yuli ana umi,"harap perbaiki sistem pembayarannya,hanya aplikasi ini yg sering terlambat pembayaran,bahkan sekarang udah lewat 1 hari terlambatnya..",3,2025-11-17 07:20:12,0,pembayaran
GrabMerchant,com.grab.merchant,a59b40b8-367b-419f-83cd-849188f3bc50,afrido Jelah,memang gini grab marchant ya kalo gak pake iklan gak ada orderan yang masuk,3,2025-11-14 10:45:26,2,orderan
GrabMerchant,com.grab.merchant,8c8b70c2-6b4c-4690-ac63-ab678d446ee4,Ozi Nia,Saya nggak bisa buka toko padahal jam buka udah saya ganti 24 jam juga tetap tutup,3,2025-11-12 02:25:06,0,"jam buka, buka toko"
GrabMerchant,com.grab.merchant,fbf5530a-6dab-4e2c-aeb7-9c31ab86b8db,Lisa Altufunnisa,pas awal awal itu mau tambah menu lancar lancar sja makin ke sini capek doang yang ada gak bisa bisa padahal jaringannya lancar . mohon di perbaiki,3,2025-11-08 06:43:00,0,menu
GrabMerchant,com.grab.merchant,18d56516-1d95-46cf-8920-efa02a5607bb,Mamah Rafka,kasih orderan ya,3,2025-11-07 20:39:01,0,orderan
GrabMerchant,com.grab.merchant,f24482c0-8793-4a31-b2e1-8c87ffa85794,guh channel,"hm hm suka aneh deh, pesanan masuk padahal resto dah tutup lama, giliran kita yg cancel kita juga yg d tegur pihak Grab. harusnya mah d evaluasi dong!, ko bisa tlt lama gitu,",3,2025-11-06 20:38:55,2,"resto, pesanan, pesanan masuk"
GrabMerchant,com.grab.merchant,e7571b29-a321-4726-8d13-12e88852977e,Afqi Afandi,Kenapa sekarang jika pembayaran menggunakan QRIS tidak muncul notifikasi?,3,2025-11-03 08:11:46,15,"pembayaran, qris"
GrabMerchant,com.grab.merchant,895e8305-f29c-4d5c-83c2-f0d5410541f5,Rosa Handry,"sering dpt orderan harga ga sesuai pricelist.... merugikan resto....harga tertera dimenu dan orderan customer beda,contoh, chicken steak BBQ 24rb,diorderan customer 19rb....",3,2025-11-01 13:18:05,0,"resto, orderan, customer"
GrabMerchant,com.grab.merchant,9a7deb7f-7a50-454d-8ceb-7429e407600e,MOTOVLOGKING,sering bgt pencairan dana telat. jam 11 dana baru cair. pdhl buat beli kebutuhan pokok di pagi harinya,3,2025-10-30 10:51:37,0,pencairan
GrabMerchant,com.grab.merchant,f3182b97-5bb5-41c2-8bbc-ae5c7ef84f39,Oca Aja,"sekarang aplikasi merchant lemot bet dah, mo buka pesanan yg masuk aja muter²nya hampir 1 mnit. ga sperti aplikasi yg lain sat set",3,2025-10-29 15:19:16,1,"merchant, pesanan"
GrabMerchant,com.grab.merchant,04836a5f-a58d-4998-81ad-2421b68e0daa,Saiful Mu minin,"Tolong Grab merchant Adain TUTUP SEMENTARA , Biar pas waktu sholat gak tergesa gesa dan khusyuk... Seperti shopefood dan gofood ada tutup sementara .",3,2025-10-26 18:20:05,0,"gofood, merchant"
GrabMerchant,com.grab.merchant,5382592a-4d8c-448c-b5c6-4fde41774158,Alfatollah Maulana,Tolong dibuatkan fitur bintang juga untuk mitra Merchant supaya mitra Merchant juga bisa ngasih penilaian ke mitra driver yang kurang etis soalnya ada beberapa kali mitra driver yang kurang etis,3,2025-10-23 12:28:00,4,"merchant, mitra, driver"
GrabMerchant,com.grab.merchant,8faa61ae-f517-4b46-84ad-416b715e1f33,Utama Panji Ibrahim,"transaksi nya takada masalah setiap transaksi ngebut nyampenya, tp sekali ada masalah kok jadi ngerasa ga recomended ya, padahal baru 2 kali terjadi masalah. kasus pertama terselesaikan karna adm fast respon, yang kedua kirim uang jumat malam tanggal 17/10 belum berhasil saldo sudah terpotong, wa adm ceklis 1 ke kantor grab hari sabtu minggu libur admnya, padahal transaksi tak mengenal hari akhirnya mau transaksi lg jd ragu.",3,2025-10-18 11:53:23,14,"saldo, transaksi"
GrabMerchant,com.grab.merchant,7c9d857b-9a12-4d81-9401-5232c2ee2011,Fiqhi Maulana ilhami,"Sangat membantu usaha, tetwpi terlalu banyak update sistem, sehingga buka tutup menu dan memulai aplikasi jadi butuh waktu sedikit lebih lamaaaaaaa",3,2025-10-14 12:54:31,4,menu
GrabMerchant,com.grab.merchant,974d8738-e15b-4c25-bc74-8c5b8fa0e0ec,Saroni Efendi,"Jam buka, malah keterangan tutup, udh logout login berkali kali keterangan masih sama.",3,2025-10-13 13:05:14,0,jam buka
GrabMerchant,com.grab.merchant,1a68f173-7bb8-4b01-ab1d-06bec847da44,Bakso Pentol,tolong dong riwayat customer yg sudah beli jngan di sembunyikan **** ..kan mau lihat siapa regular customer yg sering beli atau customer yg belanjanya ada masalah..ini setiap mau liat nama riwayat customer yg beli tau tau udh di kasih ***** gofood aja dia gk pernah sembunyiin nama customer..jdi kan bisa hapal / tau pelanggan yg sering beli..jdi bisa kash bonus atau apalah buat pelanggan yg udah loyal belanja di resto,3,2025-10-12 06:12:03,0,"gofood, resto, pelanggan, customer"
GrabMerchant,com.grab.merchant,c8456b39-40f0-4e32-ae00-e97e0df3f71d,Yus Nely,"udah terlalu sering saat buat pesanan yg masuk tiba tiba di cancel driver,tolong dong di buat fitur driver tdk bisa batalkan,sakit bgt,ketika rating toko turun krna tdk ada pengemudi,pdhl posisi msih di sekitar kota dan keramaian ojol",3,2025-10-07 16:42:35,3,"pesanan, driver, pengemudi"
GrabMerchant,com.grab.merchant,f0ffbc77-9890-47fd-9276-11aa176da499,ibrahim malivai ibrahim,promo nya sering hilang sendiri,3,2025-10-06 01:46:32,0,promo
GrabMerchant,com.grab.merchant,6653c831-edd3-4ad1-b6a3-a527ac0d5cc8,a a,"semenjak menolaj pinjaman dari grab, yg di tawari oleh sales,, orderan sy menurun.. ngak biasa2nya udah 2 bulan seperti ini biasanya orderan sy rame saar tengah malam. kayak di manipulasi aja oleh grab",3,2025-10-03 20:18:49,1,orderan
GrabMerchant,com.grab.merchant,9ce0fdb0-0df4-47dd-b177-24d1d911ed4b,NaNa Bae,menu pinjaman di hapus aja kalau ga bisa pimjam.,3,2025-10-03 18:34:25,0,menu
GrabMerchant,com.grab.merchant,05984c90-9a3b-4239-afe7-725270212dea,Irmaismis Shopping,"saya mau buka lagi, kenapa Status masih tutup padahal jam buka suda bener",3,2025-09-30 06:47:44,0,jam buka
GrabMerchant,com.grab.merchant,ab70060c-d5c4-4770-b3f5-39d0a0ce75e2,Rakhman Aza,"aplikasi gk pintarr, tiap ada pembayaran, notipikasinya gk bunyi. gk kaya aplikasi tetangga. paraaah bangeettt.",3,2025-09-24 21:14:00,0,pembayaran
GrabMerchant,com.grab.merchant,6136dd90-e40a-470c-a6bc-71905d892368,selalu santi,"saya harap bisa seperti gobiz , orderan masuk dulu ke resto jadi resto di confirm kalo barang ready jadi bisa mempersiapkan oerderan setelah ready baru cari driver jadi tidak langsung ke driver dan langsung menuju resto, saya kadang kalangkabut kalo orderan banyak si driver sudah tiba karna resto saya bukan cepat saji tapi fresh dari penggorengan yang harus di buat dan di masak dulu . juga orderan telat masuk , driver sudah d resto jadi telat mempersiapkan orderan saya harap bisa di perbaiki .",3,2025-09-21 15:51:29,0,"resto, orderan, orderan masuk, driver, masak"
GrabMerchant,com.grab.merchant,ecda022c-5424-4d80-a646-415b58ef4318,Nur Badriyah,"kenapa ya min kalo di batalkan dan ganti driver imbasnya ke restonya,pesanan jadi doble tp uang yg masuk cuma 1. Rugi min kita sebagai pedagang :( Tolong dong sistem nya di perbaiki",3,2025-09-16 08:07:15,3,"pesanan, driver"
GrabMerchant,com.grab.merchant,a8300a9d-3613-4c19-a122-00e3fa90a9fe,Silfazubaidah Silfa,"q masih bingung dg aplikasi ini penarikan /tranfer tk cari ngak ada uange baik transaksi dr warung dan Qris mengendap berbln"" saldo brimo tetap aja tdk tambah"". yg paham tolong dong kasih tau caranya",3,2025-09-14 19:56:51,0,"warung, saldo, transaksi, qris"
GrabMerchant,com.grab.merchant,005650d6-7810-4a1b-a6d8-5afdf44667d5,Vera Marvel,"tolong diperbaiki lagi sistemnya krn biasanya driver yang duluan tiba baru pesanan masuk, dan drivernya sudah langsung jutek krn pesanannya baru di buat. biasa juga pada saat sy menutup sementara resto, padahal kalau mau di tutup sementara pasti masuk app dong tapi tdk ada orderan yang terlihat atau pun masuk tapi pada saat sy sdh prg dari resto tiba tiba ada driver dtg krn ada orderan, ternyata orderan masuk duluan didriver sebelum masuk ke resto jd walaupun sy sdh tutup resto ya percuma",3,2025-09-14 11:37:10,6,"resto, pesanan, pesanan masuk, orderan, orderan masuk, driver"
GrabMerchant,com.grab.merchant,46cc1bdf-66ec-4ae9-a259-de1bef895e8b,Safaruddin Abdillah,tolong di perbaiki. kok akun grab merchant saya untuk layanan isi saldo pengemudi tidak bisa digunakan.,3,2025-09-14 06:23:17,0,"merchant, pengemudi, saldo"
GrabMerchant,com.grab.merchant,be7fd864-512d-455d-a66b-527236f067c6,Afiqha Alyha,"kenapa makin hari makin tidak ada KLO buka siang gak ada orderan, bila mlem ku coba buka resto ada itupun gak bnyak cuma 2 3 tolong dong ,,aku sudah ksih promo segala tpi tetep aja gak ada ke naikan ,, yg dlu resto ini enak dri pada Gubiz grab merchant ini yg dlu laris manis skrg mah bro2 siang ada gmna nih 🙏🏼🙏🏼",3,2025-09-09 05:39:56,0,"resto, merchant, orderan, promo"
GrabMerchant,com.grab.merchant,fc21d829-1942-48c2-80bd-8cdf5b19e0f1,Bagus Rahmat,Dah hampir sebulan ga ada orderan... suruh bikin iklan tp harganya waow....😲,3,2025-09-06 16:09:52,0,orderan
GrabMerchant,com.grab.merchant,ccdc4585-2990-4838-8506-b6a51cc2af9e,ktb lpgja,Notif sering gk muncul. Tau2 ada motor yg dtg mau ambil pesanan. Tolong perbaiki ya om,3,2025-09-05 12:51:34,0,pesanan
GrabMerchant,com.grab.merchant,66ebf802-c961-4ead-a79f-711d7e3849a6,Warung Jawatimuran Bu Retno,pesanan yang masuk sangat sulit dibuka aplikasinya. kadang driver sudah sampai pesanan belum bisa dibuka,3,2025-09-04 09:59:07,0,"pesanan, driver"
GrabMerchant,com.grab.merchant,18fb508d-71d3-4c73-b341-39e9400a7537,Shella Safira,"pesanan sudah siap tapi driver lama ambil dan terjadi pembatalan. Yang rugi siapa? resto tentu, makanan sudah terbuat, kemasan sudah terpakai, tidak ada kompensasi dari aplikasi grab, lalu aplikasi ditutup beberapa jam otomatis? apaan gitu, untuk costumer service susah, gaada niatan buatin macam aplikasi orange apa? itu kalo mau tanya-tanya live chat lgsg diatasi jelas cht ke manusia operator bukan chat boot gaperlu tlpn juga selesai. paling susah emng grab ini!",3,2025-09-02 23:47:37,3,"resto, makanan, pesanan, driver"
GrabMerchant,com.grab.merchant,72ed08f6-a913-476f-98b1-a4374bc2b1de,Tri Purwaningsih,"mohon di tinjau ..untuk penyiapn pesanan sy sdh berusaha siap maximal seblm driver dateng,tapi kenapa terep saja resto selalu dibilang terlambt menyiapkan pesanan.bahkan resto sudah siap sblm driver datang",3,2025-09-02 14:05:41,1,"resto, pesanan, driver"
GrabMerchant,com.grab.merchant,5566ead2-ff17-4f75-b3d7-b5feb39e8a87,Warung Pasti Wareg,Masih sepi customer meskipun sdh lama ikalqn,3,2025-09-02 12:18:26,0,customer
GrabMerchant,com.grab.merchant,c94a48fc-35a5-443f-84f2-64269b30bac1,Agung R,"tokonsudah saya tutup,tapi masi aja dapet orderan, perbaiki dong bugnya!!. kalo gini saya yang repot kalo menu kehabisan",3,2025-09-01 10:05:11,0,"menu, orderan"
GrabMerchant,com.grab.merchant,6f58dc6f-f6b1-4940-ba93-2bbdd3aef996,cidro Al ghaits,"sekarang apk nya tambah ruwet, pihak resto yang jadi korban",3,2025-08-28 20:14:57,0,resto
GrabMerchant,com.grab.merchant,b8ff8bb5-40db-4b2f-9c09-70be11632d98,Putra Sinaga,mau masukan menu kok tidak ada pilihan menunya dibagian mana,3,2025-08-27 15:32:02,0,menu
GrabMerchant,com.grab.merchant,50f8ca1d-45eb-4ba1-9414-4b8d4b7357d7,Iteng Heuheu,lambatnya Pencairan dana TOLONG KERJA YANG BENAR,3,2025-08-27 13:20:05,0,pencairan
GrabMerchant,com.grab.merchant,b7aacd0c-6753-477b-a9e3-f698e5bb0000,Dwi Erawati,tiba tiba kosong layar aplikasi grab merchant q .. padahal batu diupgrade kemarin .. bagaimana ini ..,3,2025-08-24 08:15:54,0,merchant
GrabMerchant,com.grab.merchant,d5170522-5035-4a1f-936b-d5cb0f9efdc1,Arief Wicaksono,mau open order tapi gak bisa karena tombol tulisannya tutup.gak mau di buka.gmn nih ???,3,2025-08-23 15:48:23,0,order
GrabMerchant,com.grab.merchant,a5122f3d-06a8-41de-a626-c79e8c24af7f,Fruit King HO,Untuk print orderan sering tidak lancar dominan macet atau cuma keluar print tidak 100% selesai,3,2025-08-21 13:25:54,0,orderan
GrabMerchant,com.grab.merchant,fc50ad4c-f06d-487b-855d-92b42007496f,Muhammad Affian,"sudah nambah hidangan, tapi bagaimana saya bisa tahu kalau toko sudah bisa di cek ada atau tidak ada d grab aplikasi. jangan sampai saya kelewatan ngecek tiba² ada orderan masuk ribetlah saya di maki² driver nanti",3,2025-08-20 20:22:55,0,"orderan, orderan masuk, driver"
GrabMerchant,com.grab.merchant,9c881b44-7421-4e2a-bc1f-c556f040223f,Vallen,"tolong aplikasi kalo pesanan masuk di bunyikan,ini driver datang baru bunyi drivernya suka marah marah jadinya",3,2025-08-20 09:21:44,0,"pesanan, pesanan masuk, driver"
GrabMerchant,com.grab.merchant,c27eb951-0dfb-4ca1-9dbc-1d4fc239447f,Marfa Yuantika,"abis update malah ada bug, pesanan yg udah di konfirmasi tapi notifnya gk berhenti², buat bingung saat ngelayanin dan berisik",3,2025-08-18 15:49:53,0,pesanan
GrabMerchant,com.grab.merchant,2d5fb638-5139-4eaa-bf4b-da4fb4bc0767,Anik Yuliana,"buat ngatur jam buka tutupnya napa ribet amat sih sekarang, bukannya dibikin tambah simpel malah banyak petingsing. balikin kaya dulu aja lah",3,2025-08-17 22:53:45,0,jam buka
GrabMerchant,com.grab.merchant,a0fd8467-b809-46e8-9cc8-bc0de18adffa,Muhammad Affian,kenapa.di aplikasi grabmerchant syaa tidak bisa tambah menu ya min,3,2025-08-17 18:26:41,0,menu
GrabMerchant,com.grab.merchant,b73388ee-ee09-4006-b9a0-a95473734195,Seth Kenan Ellia,"Tolong, notifikasi dibuat pop-up ketika ada pesanan. Bikin orang rugi aja oleh pesanan dibatalin",3,2025-08-17 08:18:41,0,pesanan
GrabMerchant,com.grab.merchant,8f3c2891-62fb-4299-bc74-1a7b3c136d31,Hendra Chin,"waktu persiapan yg diberikan amat singkat masak customer pesan 3-6 menu berbeda disamakan dengan yg hanya pesan 1 menu saja sekitar 7 menit, yg cocok itu yg restoran siap saji, kalau yang harus diolah ya butuh waktu yang lebih lama apalagi banyak dan orderan beruntun bikin pusing saja otomatis ya semua terlambat, yg ada customer menilai resto yg lambat dan rating jadi jelek, ga guna waktu persiapan kayak di kejar2 yg ada kwalitas makanan jd jelek",3,2025-08-13 15:39:25,0,"resto, restoran, makanan, menu, pesan, orderan, masak, customer"
GrabMerchant,com.grab.merchant,e7c11ba4-7cd4-47e5-ab56-b93314ee3321,Retno Mardiyah Latifah,"tolong lah jangn bikin rugi, masa makanan udah di anter udah smpe pelanggan sesuai not, contoh pesen 2 eh yang dateng 1 doang katanya, udah gituh minta ganti rugi lagi",3,2025-08-07 21:26:33,0,"makanan, pelanggan"
GrabMerchant,com.grab.merchant,1ea4a791-f09f-497d-a2f3-d5bf494ceb59,Yanti Suryani,ni promo GMS kok udh gak ada lagi sih min?,3,2025-08-07 13:33:49,0,promo
GrabMerchant,com.grab.merchant,c369ae36-b584-4f92-86fd-5e719eba2612,Salwa Aqidah,tolong aplikasinya dibenerin jangan cuma update2 doank tp ga ada perbaikan orderan masuk resto harusnya konfirmasi dulu kerestonya baru nyari driver. ini driver udh sampe resto baru ada notif masuk giliran cancel dpt teguran admin. Sangat merepotkan krn sering terjadi cekcok dgn driver 🙏,3,2025-07-30 11:04:26,0,"resto, orderan, orderan masuk, driver"
GrabMerchant,com.grab.merchant,57fcc7e1-5472-4adc-aeee-e498317c0141,SELAMAT DATANG,Aplikasi Ribet mau ganti rekening sulit mending saya tutup saja merchant dari pada rugi,3,2025-07-27 12:29:37,0,merchant
GrabMerchant,com.grab.merchant,3af0d0fc-297b-4744-bc74-05bd5f992f84,Donny.milanello 1899,"Gila notifikasi baru bunyi, driver udah datang. Woiiiii Beri kami waktu untuk menyiapkan pesanan, minimal 5 menit Bosss, kami manusia bukan robot.",3,2025-07-25 08:59:22,2,"pesanan, driver"
GrabMerchant,com.grab.merchant,eadf9075-5660-4556-a37a-1fcbdb09875b,Rieriz Wie,"pesanan sdh di stel dihentikan pada hari itu, krn pergi mendadak. sdh di perjalanan malah masuk orderan. akhirnya saya cancel. kasian kl smpe driver tiba dilapak jualan tp malah tutup ga dilayani, capek menuju lokasi, bensin terbuang percuma. diperbaikilah apk nya, jgn sampai error error begitu.",3,2025-07-24 21:05:45,3,"pesanan, orderan, driver"
GrabMerchant,com.grab.merchant,59ef8627-5e27-4c23-a69f-8fe2e84d7fe2,Aqilla Syari,"kenapa kalo resto buka harus nunggu aplikasi dibuka? sering lupa kalo harus buka aplikasi dulu, sehingga resto terjeda. bisa tidak dibikin ky aplikasi merchant yang lain, buka otomatis sesuai jam buka tutup.",3,2025-07-23 06:42:56,2,"resto, merchant, jam buka"
GrabMerchant,com.grab.merchant,5c94faf0-4eb3-4e77-8b90-3c6c41b43a69,Dina Hanifah,"Setiap ada order tidak pernah bunyi, sudah setting sedemikian rupa. Jadi bikin driver menunggu lebih lama",3,2025-07-19 23:49:33,0,"order, driver"
GrabMerchant,com.grab.merchant,b6876a73-4e3b-4a87-8b17-357b7d271285,038_Rahmad Navi Widodo,yang telat ambil pesanan driver tapi yang disalahkan resto,3,2025-07-19 15:51:57,0,"resto, pesanan, driver"
GrabMerchant,com.grab.merchant,d138dfc5-953e-458a-843b-abc3ccff9223,Danu Sastradiharja,Aplikasi sering tidak bunyi dan fitur siap sudah di tekan tapi malah jadi terlambat gara2 driver lambat mengambil pesanan. jadi yg dirugikan resto.,3,2025-07-16 10:26:38,0,"resto, pesanan, driver"
GrabMerchant,com.grab.merchant,ff7e0175-914b-4e94-8d40-0d9ad83983c3,zakiah 1023,kalo bisa buatkan bintang untuk driver dari kami para penjual. banyak sekali driver yang kurang ajar kepada kami dan yang emosian bahkan sampai ada yang ngata ngatai. sediakan Bintang agar kalian tau driver mana yang tidak pantas dan driver mana yang harus di berikan peringatan.,3,2025-07-15 19:02:47,0,driver
GrabMerchant,com.grab.merchant,7a1504bc-b425-43d9-8b42-9f0a20abd8dd,Kopte Tarik,mines driver berakhlak resto lama dikit karena sholat d batalkan.. giliran dari resto siap driver berjam jam gbisa d laporin,3,2025-07-15 12:42:48,0,"resto, driver"
GrabMerchant,com.grab.merchant,67639143-b957-43ce-bd64-06a24b241ab3,Ans Play,"ini aplikasi bagus, membantu bgt buat kami, TPI kendala yg di alami banyak bgt, dari notif gak bunyi, harus buka aplikasi full, harus stay dipesanan, sekarang pun pencairan dana, sering di tahan, bahkan ada yg kurang dari jumlah yg seharusnya, harus di perbaiki lagi, 1 Minggu lagi kalo ada perubahan ini bintang bisa naik bisa turun, tergantung penyelesaian",3,2025-07-15 10:55:17,0,pencairan
GrabMerchant,com.grab.merchant,e56849f1-3088-4925-af30-784aab7db51f,Refly Jambi,"gimana yah, keluhan pertama saya pas udah matikan pesanan kok masih aja ada yg bisa pesan, yg ke dua masak notifnya masuk pas waktunya udah habis, dan yg ke tiga pesanan udah selesai masak pas di cansel kami yg kena, padahal pesanan udah selesai dari tadi, dan yg kena imbasnya nya di kami, padahal kan jatuhnya bagi hasil seharusnya kalian bertanggung jawab lah kalo gitu, masak yg rugi sepihak, padahal sistemnya bagi persenan, tapi yg di rugikan 1 orang",3,2025-07-15 05:18:34,0,"pesan, pesanan, masak"
GrabMerchant,com.grab.merchant,6b3b02d0-2141-4d0a-bd39-599841ee17d5,0305 Saddam Alfarouqi,"ini kenapa ya kok gambaran di beranda saya (grab merchant) nya gada tampilan menu cuma ada tampilan beranda, keuangan dan lainnya aja",3,2025-07-13 12:31:27,0,"merchant, menu"
GrabMerchant,com.grab.merchant,e3743340-3834-4c2e-bf62-e9e35a08e2dd,Zaid Bilal,"tolong map nya diupdate, di resto saya dh banyak perubahan jalan.. driver banyak yg kebingungan salah jalan.. karena jalanya banyak yang salah.... , kenapa vk pake map google sih.. yg selalu uptodate",3,2025-07-13 09:33:28,0,"resto, driver"
GrabMerchant,com.grab.merchant,8252f657-1fa4-443e-a489-d1f9a24b08a3,Jimmy Wareg,sekarang untuk pembayaran qris kenapa saldo g masuk..sedangkan dari si pembeli jelas sudah masuk / laporan transaksinya berhasil..udah 3 hari dana g cair,3,2025-07-13 04:21:21,1,"saldo, pembayaran, qris"
GrabMerchant,com.grab.merchant,cb2da95f-d8c0-496b-9afb-596a99737e48,Ahmad Kholik,"untuk bayar CRIS nya harus segera d perbaiki karena sering eror tidak masuk k driver ny gmna solusinya castamer Bayar 2 kali ,tunai dan qris",3,2025-07-10 21:36:05,0,"driver, qris"
GrabMerchant,com.grab.merchant,f8770b2d-40b6-4446-b0fe-63dc97f5db76,elma sary,"tolong dong notif pesanan masuknya.. kecewa bgt kalo harus manual, sy jualan di kampung yg sinyalnya ga sekuat di kota.. lebih baik kembaliin aja pesanan masuk seperti semula.. banyak pesanan saya yg batal gara2 tidak konfirmasi secara manual.. seenggaknya klo otomatis driver chat sy dlu. tq",3,2025-07-09 17:21:26,5,"pesanan, pesanan masuk, driver"
GrabMerchant,com.grab.merchant,60970167-374c-419b-9c0f-f5447a766e33,Yudi Hasri,"sering minta update tp bikin repot atoko buka JM 07.30 eh,orderan sjm stgh 7 udh masuk..kadang toko mau tutup susah Krna ad orderan masuk yg g kedi tak jdnya loading lama kadang LBH dr stgh jam tolong perbaiki ya grab🙏",3,2025-07-05 09:49:32,0,"orderan, orderan masuk"
GrabMerchant,com.grab.merchant,885ca364-1532-4628-b596-b070695f4ada,WIDIANTO Widianto,"Notifikasi pesanan TIDAK ada, Notifikasi baru masuk ketika HP di buka. pesanan status TERLAMBAT di SIAPkan. Driver sudah keburu Dateng, nunggu, BT dan Marah",3,2025-07-03 21:39:43,0,"pesanan, driver"
GrabMerchant,com.grab.merchant,a11fe9ad-1fe9-4f79-96fe-053fbe4c3191,Sutaji Fatma,Pengaturan Jam buka aplikasi ribet.malah apliksi gak bisa buka krna susahnya pengaturan jam buka.tolong di permudah seperti dulu lagi,3,2025-07-02 14:15:36,0,jam buka
GrabMerchant,com.grab.merchant,bc68c75f-1a62-4fba-b62d-ee11d7b084f0,Iwan Fauzi,"mohon di bantu, bagaimana cara merubah nama outlet dan merubah rekening bank, kendalanya rekening yang sama sudah hilang dan lupa.",3,2025-07-02 10:34:28,1,outlet
GrabMerchant,com.grab.merchant,ed608a90-e25c-44ac-b92d-3ae587c3f61b,Asep Saputra,"saldo dalam proses, tidak sampai ke penerima , ( 2x24 jam) masih belum ada jawaban",3,2025-06-30 11:51:11,0,saldo
GrabMerchant,com.grab.merchant,0a2cb916-81d1-4d55-a457-7ae2d84a08e0,painoeline,"notifikasi sering tidak muncul saat ada pesanan masuk, driver & customer jadi harus menunggu lama, dan toko sering dapat complaint karena hal tersebut.",3,2025-06-29 01:28:15,0,"pesanan, pesanan masuk, driver, customer"
GrabMerchant,com.grab.merchant,e3a81f80-d4a5-4143-8f56-5b6a2393aad3,Zul Anthony,seharusnya grab jgn ngasih double job ke driver dgn resto yg berbeda krna menyulitkan pelanggan dan resto itu sndiri krna pelanggan byk mengeluhkan keterlambatan pengirim an ...ini resto di mna yg lain resto di mna sangat menyusahkan,3,2025-06-28 19:41:27,0,"resto, driver, pelanggan"
GrabMerchant,com.grab.merchant,73b79651-dbec-4767-a213-5219df7da006,Fitri Ariestiani,Klo LG gak pegang hp notifikasi gak prnh bunyi KLO ada pesanan masuk. tiba2 kurir udah ada didpn. aplikasi dibuka Bru bunyi itupun cuma bentar . trus Wktu penyiapan Jdi sisa 2 menit. Jdi Bkin driver nunggu lama. tlong diperbaiki sistemnya🙏,3,2025-06-28 13:40:43,6,"pesanan, pesanan masuk, driver, kurir"
GrabMerchant,com.grab.merchant,c1c59263-0a3c-4af9-a93c-b035bbb7c4f8,Hidayat Lucky,"sering eror,,menu udah ditutup tapi konsumen masih bisa order menu tersebut",3,2025-06-27 15:24:25,1,"menu, order"
GrabMerchant,com.grab.merchant,3c8630ad-6be5-4bec-978e-6db6c5e2c67e,haris handarisman,kok setelah di download tampilan nya beda ga ada menu nya,3,2025-06-25 20:03:03,0,menu
GrabMerchant,com.grab.merchant,2c6c993f-858a-4bde-87e5-3afbcc97bbcf,Narsun Narsun,mohon maaf grab.kenapa yah habis di perbarui aplikasiny tiba tiba orderan sepi ngga ada yang masuk.,3,2025-06-24 14:34:53,0,orderan
GrabMerchant,com.grab.merchant,52e592ab-1ce2-49c6-81f1-8264cfdccd9f,Fitri Ariestiani sumanjaya,knp aplikasi ini kdang2 eror. tdi mlm seblum tdr sy tutup resto tpi knp msih bisa mnerima pesanan. hal ini membuat driver rugi krn sdh dtg ke resto pdhl resto sdh tutup. ketika ada pesanan masuk tdk ada notif suara pmbritahuan pdhl volume notif tinggi. notif muncul cuma saat membuka aplikasi. mohon diperbaiki lagi🙏,3,2025-06-23 15:36:42,0,"resto, pesanan, pesanan masuk, driver"
GrabMerchant,com.grab.merchant,c08ec4ce-7a18-461d-888e-71daf7e12f44,Sugeng Rahatdjo,"utk transaksi kirim uang yang gagal, dana nya dikembalikan kemana... sdh lebih seminggu, kok ga ada saldo kembali",3,2025-06-23 08:13:06,0,"saldo, transaksi"
GrabMerchant,com.grab.merchant,9e0a46fc-8498-45f8-be9a-12ae7614ee06,Yasir Amin,ini gmna ya pencairan udah 4 hari ga masuk rekening/tertahan,3,2025-06-23 06:34:07,0,pencairan
GrabMerchant,com.grab.merchant,337240dc-f6ca-4cb1-a78f-64e64949e5d8,eka dewi,"saya ralat komen saya. ternyata bukan salah driver. sistem grabnya. jdi kalau driver sudah tiba dan mengisi kode, kita penjual gak boleh meng klik slesai. karena kalau kita klik selesai sesuai tepat waktu, toko kita dianggap telat menyiapkan dari detik awal driver mengisi kode. jdi solusiya biarkan jangan klik selesai jika driver sudah mengisi kode. tolong tim grab diperbaiki lagi sistemnya. karena sepertinya baru² ini saja seperti ini.",3,2025-06-22 20:14:39,0,driver
GrabMerchant,com.grab.merchant,2c1e16f5-7ab9-4303-9614-bc0fe769dc97,Mohamad Sulipto,ne seharusnya low ada yg order ga bisa di batalkan donk. low pesenan udh jdi di batalkan kan rugi,3,2025-06-21 18:25:38,0,order
GrabMerchant,com.grab.merchant,86b58249-88d5-4513-8edc-30ab2c669dcd,Eka Septiyani,kenapa ga muncul tampilan untuk upload menu nya ya kaa,3,2025-06-18 12:29:17,0,menu
GrabMerchant,com.grab.merchant,cff08dfa-057b-48d2-969a-9b08699749ef,Arheev Fakher,"tolong dong, kalo ada pesanan ga pernah bunyi. ngeselin",3,2025-06-17 13:11:02,0,pesanan
GrabMerchant,com.grab.merchant,892cef1e-a261-4a8d-b423-ad3507289649,Ade ega Krismawanto,perbaiki lagi ada yang bayar qris sudah berhasil tapi tidak masuk ke aplikasi,3,2025-06-16 18:58:52,0,qris
GrabMerchant,com.grab.merchant,64f57da8-881e-460d-921a-5f28db192f79,Fitria Dewi,"min saya baru dftr merchant semua udh di setujui tpi knapa di aplikasi saya jam pengantaran tutup terus sudah dirubah slalu tutup gk bisa jam buka, mohon ditindak lanjuti min",3,2025-06-16 15:14:53,0,"merchant, jam buka"
GrabMerchant,com.grab.merchant,761b388d-eca5-4873-803a-1a1609e64b12,Ikhsan Bima Pratama Pratama,"kenapa notif selalu bunyi kalo aplikasi baru di buka ? orderan udh lama gak ketahuan gara2 notif gak masuk, tolong perbaiki lagi. Dan aplikasi grabmerchant akhir2 ini lemott,.",3,2025-06-15 11:09:18,2,orderan
GrabMerchant,com.grab.merchant,e35b2758-ee62-4e5c-a583-52ef7761cbb7,Randy Saputra,resto saya kenapa tidak bisa buka ya?,3,2025-06-13 18:31:53,0,resto
GrabMerchant,com.grab.merchant,e47778a7-dd15-40d3-9030-572c6097001a,Emi Ra,"pesanan udah saya klik siap dari tadi, lalu driver klik sudah nunggu di resto. padahal gak ada , saya cek lokasi driver masih sangat jauh. lalu saya kena notif merah terlambat menyelesaikan pesanan 15menit. padahal drivernya yg terlambat datang.",3,2025-06-13 14:59:10,1,"resto, pesanan, driver"
GrabMerchant,com.grab.merchant,34ebc51a-34bb-483c-b871-036db052554a,Satri Sijaya,"tolong di perbaiki lagi,potongan besar,dan sering terjadi produk sudah di klik habis,tapi pesanan tetap masuk,terus pesanan d toko kami di berhentikan,padahal dari grabnya yg bermasalah",3,2025-06-13 09:13:24,0,pesanan
GrabMerchant,com.grab.merchant,b64c17fe-66e2-4687-b03f-1db9db300f36,ibey aisyah,bingung dengan update sekarang ..icon promo malah gak ada JD gak bisa bikin promo sendiri...padahal lmyan membantu .giliran search di pusat bantuan ..katanya klik menu promo ..jelas jelas menu promo nya z gak ada apa yg mau di klik...mohon di perbaiki lagi ...terimakasih,3,2025-06-12 12:18:08,1,"menu, promo"
GrabMerchant,com.grab.merchant,d52a7aff-9bb2-4469-b414-72d3d6775f31,Arsakha Nizam,"tolong di perbaiki lagi aplikasi nya saya udh update di jam 00.00 skrg ada notifikasi lagi jam 7.45 pagi untuk buka resto di tambah lagi jarang banget bunyi notifikasi pesanan masuk tau"" driver Dateng mau ambil orderan kadang suka salah paham di sangka resto gk serius jualan padahal hp di pegang di tambah lagi kalau gk di tekan siap kena pinalti bikin anyep orderan & malah bikin ribet",3,2025-06-12 02:14:33,0,"resto, pesanan, pesanan masuk, orderan, driver"
GrabMerchant,com.grab.merchant,1757f666-7121-4cbc-9dae-f9fdfe8d512a,Aulia Habibi,"drivernya sering ngga ada , tolong d perluas lagi jangkauan nya kasian yang pesan makanan",3,2025-06-12 01:36:53,0,"makanan, pesan"
GrabMerchant,com.grab.merchant,0a32e673-9730-476e-bdf1-495a46a5a192,RBMG,"sudah di install dari 3 bulan yang lalu, tapi tidak ada bunyi lonceng orderan 2 bulan terakhir. sekalinya ada.. ya 1 atau 2 orderan saja..",3,2025-06-11 23:34:05,0,orderan
GrabMerchant,com.grab.merchant,7b003864-f0c4-4c8e-976c-136392e1c2cd,206 RIZKI ILHAM PRATAMA,Halo Grab. saya daftar jadi merchant baru kok untuk aplikasi nya ga ada tombol tambah pesanan dan atur jadwal toko ya? terus juga saya kurang paham mengenai aplikasi nya. padahal kan itu untuk jualan tp kenapa upload menu aja ga ada? justru yg ada cuma grab kios. ini tolong di bantu,3,2025-06-10 18:37:17,2,"merchant, menu, pesanan"
GrabMerchant,com.grab.merchant,4889eead-2520-42b0-af6e-d37480bdea42,Hizam Aks,"gk ada pilihan cancel makanan dari pembeli,udah di bikinin malah mau di cancel kasihan dr pihak driver",3,2025-06-09 21:19:59,0,"makanan, driver"
GrabMerchant,com.grab.merchant,0fbe39bc-6358-451d-b7ce-1c7ac6ba05b2,Icha Kenzie,cuk gunanya pesanan siap buat apa ya. kalo boleh kasih saran. kalo merchant belom tekan pesanan siap jangan carikan driver dulu deh . bikin gaduh,3,2025-06-08 22:28:30,0,"merchant, pesanan, driver"
GrabMerchant,com.grab.merchant,aca076a2-76da-499c-9ffb-187672be2c56,Asril Asril,"Aplikasi suka eror, saya sudah tutup aplikasi tetapi pesanan tetap masuk juga, padahal menu kami sudah habis. Kalo semisal nya driver sudah datang dan kami belum sempat untuk membatalkan pesanan, itu harus bagaimana? yang rugi nanti si driver nya tolong untuk diperbaiki kesalahan eror tersebut, takut kedepannya akan membuat para driver rugi. terimakasih",3,2025-06-07 10:48:48,21,"menu, pesanan, driver"
GrabMerchant,com.grab.merchant,7bfd7b91-50c2-4731-94ea-2276ff341d94,Baso Aha,Untuk updatenya bikin bingung dalam masalah pembagian pesanan besar jadi 2 orderan kadang yang 1 dicancel 1 udah dibawa tapi dana tetap masuk semua. jadi pertanyaan customernya mending jadiin 1 aja tapi pakai mobil kaloa ada orderannya yang banyak,3,2025-06-05 19:25:28,4,"pesanan, orderan"
GrabMerchant,com.grab.merchant,43d39952-88c4-4b48-b4ac-ec0211aa5485,Irfan Fauzi,"aplikasi tidak bunyi ketika ada orderan tau tau driver udah datang, sementra waktu persiapan di apk sudah habis. mohon di perbaiki. note. sinyal kuat, hp ram 6, memory msh banyak",3,2025-06-04 06:52:43,13,"orderan, driver"
GrabMerchant,com.grab.merchant,2dd75349-1714-4cc8-aa6c-1198cb93174c,Mico Ditfa,dftr dan sudah isi menu tapi tidak ada langkah selanjutnya trus harus bagaimana,3,2025-06-01 19:44:59,0,menu
GrabMerchant,com.grab.merchant,1b6358af-97fb-47b1-859d-ae7fc5b9fb7d,As Pras,"top up saldo kena admin, transfer dana kena admin, semuanya kena admin, keren juga sih banyak cuan 🤭🤣",3,2025-05-29 11:17:46,0,saldo
GrabMerchant,com.grab.merchant,fd0a4fb0-034c-4971-a5d2-f9d602584e2f,Ady Jerico,"aplikasi ini dulu oke, sekarang gak jelas, driver sudah tiba kenapa gak bunyi #notifikasi,ini sudah berlangsung beberapa Minggu, tolong kembalikan dan benahi aplikasi yang selalu #standby seperti sebelumnya.",3,2025-05-27 19:43:50,19,driver
GrabMerchant,com.grab.merchant,dba2235d-7524-4e04-9f2a-d832c91bf08c,Fauzi Tamrin,Update beberapa kali tapi notifikasi pesanan masuk tidak pernah tampil. Harus buka aplikais dulu. Tolong dong di perbaiki sistem aplikasinya agar ada pesanan masuk langsung tampilkan notifikasi tanpa perlu membuka aplikasi,3,2025-05-27 17:24:03,3,"pesanan, pesanan masuk"
GrabMerchant,com.grab.merchant,16582900-3a4a-4946-8d6f-3c0035f5e120,Nur Cholis,"makin kesini makin berat aplikasinya, buat buka pesanan masuk aja lama banget loadingnya, takutnya malah ke cancel klo kelamaan..tolong diperbaiki",3,2025-05-27 12:35:23,2,"pesanan, pesanan masuk"
GrabMerchant,com.grab.merchant,ce5efa15-0709-4852-a548-1136c4cd6fdf,Nur Ali,"jujur untuk terima pesanan manual kurang setuju, karena pada dasarnya nya Notifikasiny,kadang tidak bunyi, saya tau tujuan greb itu biar cepat, tp ini resto akan di proses sesuai antrian justru ini akan merugikan pihak greb karna pesanan tidak ada notifikasi harus terlewatkan dan castamer kecewa dan pinda ke aplikasi Laen,dan resto jugak agak dongkol kalau mesanan terlewatkan, (kalau ingin pembaharuan rubah yg memper sulit dan ribet, bukan yg udah bagus malah di ribetin,) GAK SEMUA SINYAL BAGUS",3,2025-05-26 09:16:44,2,"resto, pesanan"
GrabMerchant,com.grab.merchant,a7189d60-0d3e-40d8-8b13-7feefa1782f9,Ryan Ahmad,SALDO KIOS TIDAK BISA BUAT TRANSFER,3,2025-05-25 13:02:50,0,saldo
GrabMerchant,com.grab.merchant,d8961f7a-a3f1-4fb8-b600-3afee0000401,Yoyo sunaryo,"mohon diperbaiki,kami selalu sudah menyiapkan pesanan,karena driver lambat ngambil pesanan,kenapa merchant yang dinilai lambat menyiapkan.",3,2025-05-25 08:22:18,10,"merchant, pesanan, driver"
GrabMerchant,com.grab.merchant,1a68f3c8-4252-4c52-bd02-0b34b69a454b,olive R,"sebaiknya digunakan fitur cek dulu dari resto ke kurir, dan dari kurir ke cust. byk cust saat ini dgn mmgandalkan foto saja complain kurang akhirnya makan gratis.resto yg dirugikan😂mulai dari rating dan tdk ad pmbayaran.ajukan banding?susah sx prosedurnya,",3,2025-05-24 04:56:21,0,"resto, kurir"
GrabMerchant,com.grab.merchant,bd47e3ef-87b6-44f0-ad30-f9d465167669,Muin 24 Kabita,notif pembayaran QR tidak pernah muncul padahal pengatuaran aktif,3,2025-05-23 16:05:56,0,pembayaran
GrabMerchant,com.grab.merchant,fd2ac3a5-1043-46bf-a8f6-243ec68a2287,Bobby Prasetya Gunawan,"tolong dibenahi. kalau status toko sudah tutup, jangan tetap bisa menerima pesanan masuk. kasihan ojolnya, sudah datang jauh-jauh tapi toko sudah tutup akibat aplikasi tetap menerima orderan masuk.",3,2025-05-22 20:46:53,0,"pesanan, pesanan masuk, orderan, orderan masuk"
GrabMerchant,com.grab.merchant,ec277f02-e141-4027-882e-03dabccf1fd6,Hafid HAFIDDIN,"ini kenapa sekrang pencairan dana ya lama si ,semenjak pembaharuan malah kaya gini si pencairan ya telat Mulu ,ini kita buat belanja lagi boss ,bukan buat nabung ,",3,2025-05-19 08:00:02,0,pencairan
GrabMerchant,com.grab.merchant,7b53ba47-f94b-48b2-bb24-6db8e0a7e82e,Andre Ziip,"grab gak adil,pesanan udah siap lama tp drivernya blum ambil2 tapi status drivernya sudah sampai resto,waktu catatan pesanan siap di tanggung di resto,emang pihak grab gak bisa mantu apa drivernya bener2 udah di resto apa blum.",3,2025-05-18 15:59:17,0,"resto, pesanan"
GrabMerchant,com.grab.merchant,cb6a7a74-074e-46c5-bc1e-b690a5beac45,Mutia Sahriyani,kenapa blm di acc ya akun merchant saya? jadi gimana saya mau mulai jualan nya?,3,2025-05-17 22:07:38,0,merchant
GrabMerchant,com.grab.merchant,f5621e91-d607-40ea-aa28-e071c9a9454d,Bsteak Muarakarang,setelah update notif orderan masuk tidak menyala jadi ada beberapa orderan yang ke lewat dan akhirnya lama makannya.,3,2025-05-14 19:41:27,2,"orderan, orderan masuk"
GrabMerchant,com.grab.merchant,edc19499-7b36-4358-8901-137156181010,minggo tulalo,"Cb dicek updatean terbaru ada bug,, pesanan dicek siap sebelum waktu persiapan habis, tapi ditulis pesanan terlambat.. Gmana ini IT Grab",3,2025-05-13 19:10:34,0,pesanan
GrabMerchant,com.grab.merchant,0dcd58f3-a929-4a90-925c-eb27046ff8ea,Iswati Hadi,"mohon diperbaiki apk nya, tiap dapet orderan pasti tdk bunyi dan tdk ada notifikasi pemberitahuan, tau2 driver sdh dtg, jdN buru2 buatN. mohon untuk segera diperbaiki min.",3,2025-05-13 15:46:49,2,"orderan, driver"
GrabMerchant,com.grab.merchant,953c1ad5-1047-45a2-8aa5-4e70dcf9bb11,Mahrus Ali,enak tapi sayang menu udah Setok habis malah masih nyantol,3,2025-05-10 19:19:00,0,menu
GrabMerchant,com.grab.merchant,e2da3d54-f3e2-4690-9f28-ba236101dcf8,Grebeg Pak Nuur,resto kesusahan jika tengah malam dapat driver yang ktiduran. di tlp g di angkat. telpon cs gak bisa. makanan keburu dingin. customer menunggu lama. kasih fitur ganti driver.,3,2025-05-07 16:15:24,0,"resto, makanan, driver, customer"
GrabMerchant,com.grab.merchant,487edbaf-7848-43bd-94ad-7ad8f67d3219,Faa Alhabsyi,"waktu estimasi cepat,kalo ga di tandai siap retting resto turun,di tanda i siap orderan baru bunyi,gada kompensasi udah sering banget dpt orderan fiktif dan gada driver yang ngambil,iya kalo 1,2 menu,ini menu banyakk.tolong di perbaiki lagi ya",3,2025-05-04 22:34:25,28,"resto, menu, orderan, driver"
GrabMerchant,com.grab.merchant,daa7b96b-8f2c-44ca-851b-85dd1b0baf05,bigbos hilal,tampilan nomer orderannya sekrang susah. kalo ada orderan dobel susah buat membedakannya. lebih baik balik ke tampilan sebelumnya. tolong admin di simak dan diperbaiki lg.,3,2025-05-02 22:09:50,1,orderan
GrabMerchant,com.grab.merchant,226d8959-b621-486f-9937-a6a802af114d,Gek Widia,"1 costumer kasi bintang 1 rating langsung turun padahal tidak selalu kesalahan di pihak resto. Seperti resto kami costumer kasi bintang 1 alasan di menu yg dia pesan harus nya ada telur padahal di foto menu dan di deskripsi jelas"" tidak ada telur nya. Lapor ke pusat bantuan?! Ribet dan buang waktu!",3,2025-05-02 20:49:35,26,"resto, menu, pesan"
GrabMerchant,com.grab.merchant,ec06db56-ea9d-4986-88e2-e9ed6b30dc61,Andy Anggraeni,"kenapa sekarang grab merchant ribet banget... yang tadinya semua serba otomatis,. sekarang mau buka toko pun harus buka dulu apk nya di jam yang telah ditentukan,. kalo lewat dari jam (toko terjeda) alhasil gk ada orderan,. terus lagi untuk terima pesanan biasanya udah langsung masuk,. sekarang harus klik dulu siap baru bisa... kalo gk di klik ya batal orderan,. ribet banget pokonya... enakan kaya sebelumnya serba otomatis... jam buka toko udah di set udh langsung buka",3,2025-05-01 17:59:39,25,"merchant, pesanan, orderan, jam buka, buka toko"
GrabMerchant,com.grab.merchant,2dae3462-f788-43b1-8edb-81b958c4deb5,Heny Yandi,"sekarang untuk apa ada timer untuk menyiapkan pesanan, bikin tegang aja. percayalah resto jg pasti bekerja maksimal untuk masak.",3,2025-05-01 13:14:21,4,"resto, pesanan, masak"
GrabMerchant,com.grab.merchant,c5546db7-f687-4f8c-8ef3-ac4fa71d229f,Rani Chintia,"kenapa ya aplikasinya harus dibuka dulu baru masuk orderannya, kan kasihan drivernya lama nunggu, kadang suka kaget drivernya udah nongol aja tapi notifikasi pesanan masuk gak ada tolong diperbaiki ya🙏🏻",3,2025-04-30 13:07:33,6,"pesanan, pesanan masuk"
GrabMerchant,com.grab.merchant,251d40eb-067f-434f-9154-558a69559a24,Ira putri Devitasari,"tolong dong sistem penjedaan tapi masih suka masuk sendiri, menu yg mati juga masih suka masuk juga, pembatalan nya jg terbatas ketika menu yg gaada itu masuk",3,2025-04-25 15:15:06,3,menu
GrabMerchant,com.grab.merchant,1edca20b-129b-48bc-8a42-efade2d7dd80,Giat Kopi,halo kak.. apakah grab merchant (food) ga BS log in pake tablet kah????,3,2025-04-24 21:51:45,0,merchant
GrabMerchant,com.grab.merchant,5ce70d43-9c0c-4293-a2c8-77ad0d5ce9dc,Pitpit official,"tiap habis update pasti ada aja yg gak beres ,gak bunyi notif pesanan. hanya notif hp .. jadi kdg driver sudah sampe ,pesanan baru di bikin , iya kalo drivernya sabar , kalo engga , kita yg kena marah abis2 an 😩",3,2025-04-20 17:27:28,6,"pesanan, driver"
GrabMerchant,com.grab.merchant,d3b4c082-ea4f-4f49-b0f9-8c5cfdfaaaac,Aris Wahyudi,kak sy email di bantuan pake email alternatif karena HP dan smua data hilang dan lupa kata sandi kok TDK ada respon Yach...menginggat Resto JD TDK bs buka karena Smua data lupa ?? Mhn infonya dunk,3,2025-04-20 16:25:23,0,resto
GrabMerchant,com.grab.merchant,088cc5f9-b02c-40f5-a470-93fed1bec5b7,Framudian Koesmantoro,ini gimana caranya gabung grab market? daftar kenapa jadi grab food?,3,2025-04-19 21:15:45,0,grab food
GrabMerchant,com.grab.merchant,84dfea53-56bd-4eca-9e97-f41fbf17832f,Babe Boy,"sekarang kalo ada orang bayar pakai qris gak ada notif nya ,harus tarik ke bawah dulu buat refresh. enak yang dulu",3,2025-04-15 17:51:59,0,qris
GrabMerchant,com.grab.merchant,9c804701-efba-4e19-bb13-d2ccb31a9e3a,Risni Lia Sari,"haloo kenapa chat customer service buat pengaduan merchant jadi ngak ada, kita toko butuh solusi cepat. chat lewat email dibalas cuma belum ada solusi ?. telp mesti pakai pulsa pakai paket nelpon gak bisa",3,2025-04-15 17:38:03,0,"merchant, customer"
GrabMerchant,com.grab.merchant,e35f5e3b-2857-49e5-b608-bd44214bebc5,Rudi haidar bagir,"untuk aplikator, grab,,tolong dong merchant dikasih buat bls ulasan pelanggan,,saya bikin 7 kotak makanan,,di ulasannya ngakunya cm 6 kotak makanan,,trus untuk notifikasi pas bunyi, konfirmasi pesanan,pas orderan masuk ke merchant,harusnya langsung ditampilin pesanan dari customer,,ini msti di klik siap,baru tampil pesanan dr customer,,si driver pas saya klik siap trsebut,dia udah nanyain mana pesanannya,pdhl baru bunyi/alias baru masuk,,jadi,merchant sama driver sering debat/ribut,,",3,2025-04-14 01:20:58,15,"merchant, makanan, pesanan, orderan, orderan masuk, driver, pelanggan, customer, ulasan pelanggan"
GrabMerchant,com.grab.merchant,42c8ba8d-32cc-4fe8-bf42-be8c0d720e4f,Jacob Decker,"tolong dong grab tambahin fitur stock buat produk biar ga keteteran kalau pruduknya habis, supaya pelanggan juga tau sisa produknya yg bisa di pesan tq",3,2025-04-12 17:13:28,1,"pesan, pelanggan"
GrabMerchant,com.grab.merchant,ac91efc9-66de-4135-a0e0-d265936cb09a,ricky aritona,apknya di perbaiki dong ngebul terus keluar apk dan harus login terus stiap dpt order coba klo pwnya lupa bagai mana ga bisa liat orderanya,3,2025-04-08 16:59:12,0,order
GrabMerchant,com.grab.merchant,b2451bb4-2df9-4e06-8258-2312ae370a28,Desma H Fataruba,kenapa makin kesini aplikasiny gak baik banget yahh?..tiap kali ada yg ngorder bnyak makann notifny gak ada.. notifnya masuk setelah 2-3 jaman..parah banget lohh..imbasnya ke resto juga..udh dimarahin Cust rugi pula...saran deh lebih diperbaiki lgh APKnya biar makin nyaman dipake kita2 😊🙏🏻,3,2025-04-03 05:03:49,2,resto
GrabMerchant,com.grab.merchant,249b8c61-d02f-45d2-957a-6f7f3f5eb595,zae nudin,notifikasi pembayaran kok gak keluar si sekarang? udh berbagai cara tetep aja,3,2025-03-31 01:10:40,1,pembayaran
GrabMerchant,com.grab.merchant,1e9b590e-2d42-4a27-bff5-b757b998e0cc,Hengky Setiawan,"kenapa pembayaran ke superbank suka delay ?? driver klo lama ga ambil aeharusnya dr sistem langsung dialihkan ke driver lain, nomer driver sering tidak bisa dihubungi",3,2025-03-30 18:22:32,0,"driver, pembayaran"
GrabMerchant,com.grab.merchant,64eaca41-f40f-42be-9d3d-4fb13b1ca9d8,sugeng Syarief,"kenapa sekarang jadi lemot ya, masa aplikasi sudah ditutup dari 10 menit yang lalu tapi pesanan masih bisa masuk",3,2025-03-27 18:56:03,4,pesanan
GrabMerchant,com.grab.merchant,29ece644-8931-44ea-b86e-3a0c6213ad9c,Nasi kuning diponegoro Dauh puri,"min, kenapa aplikasi grab masih sering ada orderan masuk meski resto sudah menutupnya. parah sih, yang dirugiin resto lah min. tolong perbaiki sistemnya.",3,2025-03-26 06:18:05,8,"resto, orderan, orderan masuk"
GrabMerchant,com.grab.merchant,45b6c67e-69ad-4e88-9f81-388b292f217e,Doni Yuliyanto,saya ngisi saldo pengemudi tapi gak masuk gak ada kode saldo pengemudi,3,2025-03-25 21:41:20,0,"pengemudi, saldo"
GrabMerchant,com.grab.merchant,48c3d3df-9413-43e4-8af9-0ec8d3c79ae4,Hildan Hidayat,parah susah cari driver banyak orderan batal,3,2025-03-23 18:33:41,0,"orderan, driver"
GrabMerchant,com.grab.merchant,0fcc872c-ccc5-4583-822f-13375931fcb9,Aziz Zuww,aplikasinya sangat bagus sebaiknya bisa meniru aplikasi sebelah. jika ada pesanan masuk resto sudah dapat info terlebih dahulu baik di saat mencari driver maupun perjalanan driver sehinggu resto tidak merasa di kagetkan degan tiba tiba ada notif pesanan masuk driver sudah di lokasi namun kita belum ada jeda persiapan sedangkan resto tidak hanya menyediakan pelayanan online saja . trimakasih semoga bisa di perbaiki,3,2025-03-19 12:17:16,8,"resto, pesanan, pesanan masuk, driver"
GrabMerchant,com.grab.merchant,d45433f7-8246-42a9-8c13-a58939032b1b,Hema Sonia,klw uda mati aplikasi kok bisa masuk lagi ya orderan,3,2025-03-18 08:27:15,0,orderan
GrabMerchant,com.grab.merchant,056935ec-a602-46bc-8705-ba43f7f5643f,amr amr,pamit undur diri dari grabmart. terimakasih untuk grabmart dan warung pintar uninstall,3,2025-03-17 20:12:49,0,"grabmart, warung"
GrabMerchant,com.grab.merchant,75f60e97-7a76-451c-9dd6-b09c9386bff8,Yakub Tangkelangan,"sudah lebih dari 3x harus batalin orderan masuk padahal stocknya sudah kosong dan sudah diupdate lama tapi masih bisa dipesan juga sama customer. Pernah sudah tutup toko karena ada keperluan orderan juga tetap masuk. Kalau tidak sesuai customer gampang sekali kasih rating rendah. Edit terbaru: kenapa jadwal buka bisa berubah sendiri. Dari dulu toko tutup 23:59 tapi tiba"" dapat pesanan sekitar 20 menit setelah toko tutup. waktu di check jam buka ternyata kacau berubah sendiri",3,2025-03-16 00:37:30,42,"pesanan, orderan, orderan masuk, jam buka, tutup toko, customer"
GrabMerchant,com.grab.merchant,224fc115-68b5-4a1f-86f6-34005281c47a,SLIPYOGS,"Semakin lama penjualan saya di grab food semakin berkurang, berbanding terbalik sama di shopee food yang justru penjualan saya semakin ramai, padahal harga dari jualan saya tergolong murah dan juga saya sering pasang diskon item dan bahkan iklan berbayar namun tetap saja hal itu tidak meningkatkan penjualan saya di grab food, saya tidak tau alasannya kenapa tapi semoga grab food bisa membantu meningkatkan penjualan para merchant, mungkin dengan cara mengurangi harga ongkir",3,2025-03-10 03:38:44,0,"grab food, shopee food, merchant, diskon"
GrabMerchant,com.grab.merchant,09dcc859-dbe2-4aef-b00a-a9b6b7756c99,Mio Sporty,"GrabMe, saya tidak ada tampilan menu, dan katalog, tidak bisa jualan.. Bantu min, kok bisa begini",3,2025-03-09 02:19:57,0,menu
GrabMerchant,com.grab.merchant,d9040874-94a3-4f01-b04a-71d63c2fb02b,Jajan,"Sulit menemukan chat admin bantuan di apk grab merchant, mau keluar promo bukber pilihan yang potongannya gede banget",3,2025-03-08 03:10:44,0,"merchant, promo"
GrabMerchant,com.grab.merchant,e5ba2c19-a895-4db5-a320-016a8be0b248,Su Yanto,"Jika tranfer uang gagal, tapi belum masuk ke saldo lagi, apa yang harus dilakukan, butuh waktu berapa lama pengembalian dananya?",3,2025-03-01 09:29:02,0,saldo
GrabMerchant,com.grab.merchant,1e2ababf-3b60-4ac3-acb9-228cde270c5f,Warlin,"Orderan masuk dalam keadaan resto tutup sementara, ini yg paling saya benci dari grab. Saya komplain ke customer service katanya pelanggan terlebih dahulu melakukan pesanan sebelum saya tutup sementara, padahal udah jelas2 saya tutup udah lebih dari 15 menit baru orderan masuk. Ribet lagi kalau ada stock yg habis, kita udah tutup stock menunya, tiba2 20 menit kemudian orderan masuk dan yg di order menu yg sudah habis 20 menit yg lalu. 🤨",3,2025-02-28 03:22:59,0,"resto, menu, order, pesanan, orderan, orderan masuk, pelanggan, customer"
GrabMerchant,com.grab.merchant,73c25092-ae04-4e20-a4ce-6af0a490d191,kang Gondes,harusnya ada bantuan untuk melaporkan driver yang sengaja tidak mau ambil orderan karena merugikan resto dan pengguna apk grab. sudah order dan sudah ready tapi driver malah sengaja tidak mau ambil itu merupakan kesalahan Driver dan harus ada sangsi kalau bisa tambah menu buat melaporkan Driver seperti itu,3,2025-02-27 22:41:12,1,"resto, menu, order, orderan, driver"
GrabMerchant,com.grab.merchant,809b2579-49b8-4957-908e-41339c0149c1,M Ken,"Saya mendapatkan juara 4 namun saldo ovo cash saya ga dikirim sampai tanggal 2 nov tidak ad keterangan susah hubungi cs ( pengiriman hadiah sudah diterima 20an , terlambat) Terima kasi",3,2025-02-26 10:29:51,0,saldo
GrabMerchant,com.grab.merchant,a6887a98-bb8e-4680-b84a-9f9e4757f9ba,YUNITA SARI,Ka aplikasi saya kenapa buka GrabFood malah d alihkan ke grab kios.. Sya jd bgung nih soal nya buat dagang.. Sudah sya instal ulang ko malah masuk lg ke grabkios.. Tolong d bantu ka,3,2025-02-19 15:11:03,0,grabfood
GrabMerchant,com.grab.merchant,026e6507-92bb-4b5f-9213-dd35d8e42e56,Nantye OziLoverZ,"Gak tau dah harus gimana lagi ngatasin problem notifikasi pesanan masuk di grab. Uninstall udah, restart udah, cek pengaturan notifikasi udah, chat cs udah, cek masalah notifikasi katanya gak ada kendala tapi nyata nya notifikasi nya masih aja bermasalah. Ntar tiba2 driver udah sampe resto dan baru ada notifikasi setelah aplikasi merchant nya dibuka.",3,2025-02-19 13:25:15,0,"resto, merchant, pesanan, pesanan masuk, driver"
GrabMerchant,com.grab.merchant,4d589954-bc56-4cd3-89b7-db7257efebb3,dian rudiana,Tidak bisa menerima orderan,3,2025-02-15 10:00:53,1,orderan
GrabMerchant,com.grab.merchant,8de5fbe1-97ee-46f5-8521-fe987a2c2d14,joko sutrisno,Tolong bantu saya menghentikan promo yang saya buat atau grabfood buat yang semua berakhir di tahun 2025 ada yang bulan April ada yang sampai bulan Desember Karena untuk menghentikan iklan atau promo dari grab merchant itu tidak ada dan tidak menunjang hingga tidak bisa saya lakukan hingga saya kesulitan tahu-tahu ini hasil saya kepotong promo. ada 3 promo yang ada di grab tetapi tidak ada di aplikasi grab merchant . biasanya promo berstatus aktif. sedang di aplikasi saya promo selesai semua.,3,2025-02-12 09:52:59,1,"grabfood, merchant, promo"
GrabMerchant,com.grab.merchant,15bba984-48ed-4284-8855-77f0cba2a1b6,Alicia Libby Sinsuw,Setelah aplikasi d perbarui pesanan suda jarang masuk😭😭🙏🙏,3,2025-02-12 08:44:25,0,pesanan
GrabMerchant,com.grab.merchant,9e73cef4-4b47-45ad-a95f-f2244c6182a8,ABRORI AULIA,Tolong dong di perbaiki ada pesan tidak dapat notice sama sekali,3,2025-02-10 20:40:50,0,pesan
GrabMerchant,com.grab.merchant,f54df93d-7466-4042-9f3d-c64b9eacec0f,Rendi Setiabudi,Tolong dong buat aplikasi grab lebih di ketatin lagi keamannya sering banget dapet orderan fiktif mana jumlahnya jg lumayan kasian buat drivernya yg dapet harus ribet ngurusnya,3,2025-02-07 21:08:50,0,orderan
GrabMerchant,com.grab.merchant,59e7739c-eb3b-4d51-8eaf-a06a71122b84,Tika Maulida Kurniawati,"Mohon info, sudah daftar mitra grabfood tp di pilihan toko tidak ada pilihan katalog atau menu untuk upload menu jualan hanya ada tulisan pratinjau,,, gimana cara selanjutnya ya?",3,2025-02-02 19:07:01,0,"grabfood, mitra, mitra grabfood, menu"
GrabMerchant,com.grab.merchant,acb192da-c38e-46c0-9991-8528b4d8a08a,Wong Angel,"Harus nya yang dapat notif orderan resto nya dulu, bukan driver nya dulu. Masak driver semenit mau sampe di resto, resto malah baru bunyi ada orderan TOLONG DIPERBAIKI DI NOTIF YANG MASUK UNTUK RESTO DULU BUKAN DRIVER DULU.",3,2025-02-01 19:51:37,3,"resto, orderan, driver, masak"
GrabMerchant,com.grab.merchant,2caa1d86-47c7-4a4e-8788-b25c82d7442c,dessy novayanti,Setiap ngisi menu hidangan kok hilang hilang sendiri,3,2025-01-28 18:26:56,0,menu
GrabMerchant,com.grab.merchant,db65cb21-837c-45a3-b473-0a572a454a29,Faisal Romdon,Kenapa saya tidak bisa log in ke akun grab merchant saya. Tolong bantu,3,2025-01-28 18:23:58,0,merchant
GrabMerchant,com.grab.merchant,feea3a9e-bb65-4f05-b818-1759ad64b14e,Gatull Putra,Kenapa tidak di bikin mudah cara ganti alamat dan nama resto? TOLONG DI PERMUDAH,3,2025-01-27 09:04:49,0,resto
GrabMerchant,com.grab.merchant,4dc388ef-d3a3-407d-9756-70d1a7132e66,Dwi Saja,untuk grabmerchant tolong permudah untuk login kode otp sudah dikirim tapk gagal login ke aplikasi baru kali ini aplikasi tiba tiba logout sendiri dan mau login pakai otp susahnya minta ampun gak bisa login kalau ada pesanan jadi bikin kacau gak bisa kontrol hidangan yang habis mohon bantuannya dan dipermudah,3,2025-01-23 18:07:17,1,pesanan
GrabMerchant,com.grab.merchant,0451e023-ee28-4fe9-ac8f-f094833e9404,Abeng Canel,"Hallo admin knpa setatus toko saya tutup tetus, padahal jam buka sudah di setting",3,2025-01-20 15:12:43,1,jam buka
GrabMerchant,com.grab.merchant,acf76d49-472e-4ab3-b94d-bf5d47dbaec5,Syaiflmr,"Ngak mungkin kan pesanan 10 bungkus dan pesanan berbeda beda , dalam waktu 10 menit .. peak kau .. kau aja masak indomie kuah aja 10 bungkus ngak mungkin siap 10 menit . Untuk apa lah update waktu itu hah.",3,2025-01-19 20:01:37,0,"pesanan, masak"
GrabMerchant,com.grab.merchant,80877b9a-64dd-4a5a-8e6a-365344b68543,karni master,"Saran buat aplikasi grab food ,bila ada pesanan yg kurang tlg dlm ulasan tersebut di cantumkan no.HP pemesan biar resto bisa menindaki dulu apakah mengantarkan kembali yg kurang jgn main tarik² dana saja,krn lebih sering resto sdh mengantarkan pesanan yg kurang namun komplennya tetap masuk diulasan dan dan dikembalikan ke customer pdhl produk sdh diantarkan,kerja sama hrs saling menguntungkan ke 2 belah pihak,manusia tdk ada yg sempurna kesalahan apapun bisa sj terjadi",3,2025-01-19 12:48:49,0,"grab food, resto, pesanan, customer"
GrabMerchant,com.grab.merchant,c1869d11-71a1-4e38-bd5f-54b1f357f4fd,Iskandar Ibrahim,"Kalau boleh pembayarannya langsung ke aplikasi ovo saja seperti aplikasi gojek, yg langsung ke gopay",3,2025-01-18 08:28:17,0,gopay
GrabMerchant,com.grab.merchant,0f194218-37ca-4a4d-9198-6dbc41cba3af,lince,"Penilaian untuk driver diadakan dong! Berani gak?update aplikasi tidak ada fungsi utama,penuh penuhin memori hp aja",3,2025-01-17 02:49:19,0,driver
GrabMerchant,com.grab.merchant,f71d9f6d-1344-489b-a61f-9ec8b18ed2b6,Erly Musticha,Saya transfer sudah lebih dari 24 jam tapi belum berhasil. Saldo sudah terpotong tapi dananya belum masuk rekening. Mohon segera di tindaklanjuti!,3,2025-01-16 06:03:00,0,saldo
GrabMerchant,com.grab.merchant,3a91f445-2e92-4f68-be1b-4046e736bf7b,MLA35 TV,Kenapa sekarang kalo resto sudah nutup di aplikasi ngga langsung ketutup.masa jarak 10 mnit masih buka restonya.,3,2025-01-14 05:48:32,0,resto
GrabMerchant,com.grab.merchant,2c6ef127-285a-48e0-a218-00b32b303ffd,Emir Fauzan,Tolong buat grabfood yg terhormat supaya menurunkan harga iklan buat kalangan menengah kebawah kemahalan ..... terimakasih,3,2025-01-13 17:23:42,0,grabfood
GrabMerchant,com.grab.merchant,4f110d79-cab1-4ec7-a134-98d5183edf4b,Reza Azindani,"Tolong drivernya lebih diseleksi, makanan sudah siap tapi driver tidak mengambil pesanan, pembeli komplain dan resto rugi. tolong lebih peduli dengan Mitra resto",3,2025-01-13 00:04:34,0,"resto, mitra, mitra resto, makanan, pesanan, driver"
GrabMerchant,com.grab.merchant,a0e1bfe4-eedf-4fe6-a7db-03a8830efd56,Supai Supai,"Setiap pelanggan yang biasa orderan dari grabpood banyak yang bilang males karena sangat lama nungguin ga dapat driver, ini kebanyakan driver nya sudah tua2 , mohon di perbanyak lagi driver daerah condong catur Depok Sleman Yogyakarta , khususnya yang masih umur muda bukan yang sudah tua2 , dari dulu yang datang driver itu sudah tua2, sering terjadi orderan ga di ambil lebih dari 1 jam, gimana mau punya langganan kalo gitu, harga sudah di buat murah promo banyak, pelanggan pindah aplikas🙏🙏",3,2025-01-11 14:08:49,0,"orderan, driver, promo, pelanggan"
GrabMerchant,com.grab.merchant,651b5a12-0768-4df9-a625-e5992a026b56,Christianus Christianto,"Mohon resto dapat juga menilai driver, karena ada driver yg songong belagu, ketika kami beritahu bahwa orderan sangat lama dipick up, driver mengancam akan memberi rating rendah terhadap resto. Jawaban grab tidak memuaskan, jawab di sini donk biar publik juga paham. 👎👎👎",3,2025-01-10 12:57:41,3,"resto, orderan, driver"
GrabMerchant,com.grab.merchant,4ecf3c3f-0a8f-4995-8ea0-1b1349b7d49f,Ashifa Zhaa,"bagus sih, tp saat aplikasi sdh ditutup msh ad aj pesanan masuk. kan saya yg jd disalahkan sama org dapur. dikira saya lupa buat tutup aplikasi, pdhl udh sya lakukan dri beberapa menit yg lalu, dan klo ad menu yg sdh dimatikan, kdg msh ad aj masuk orderan menu tersebut (yg sdh dimatikan itu). tolong di perbaiki lagi ya grab...",3,2025-01-09 09:22:48,0,"menu, pesanan, pesanan masuk, orderan, dapur"
GrabMerchant,com.grab.merchant,13baeca4-41c8-437d-9636-523c99e5efc5,hendra saft,"Masa tiap hari harus check-in buat buka toko, jadi fungsi jadwal harian buat apa kalo buka toko aja masih harus manual. applikasi tetangga aja auto aktif semua walau ga di buka",3,2025-01-08 15:40:03,0,buka toko
GrabMerchant,com.grab.merchant,b01a6d15-7976-4c82-8cb8-0dce08e7c0bd,2 putri,"Mengapa saya tidak bisa menambahkan daftar menu,,",3,2025-01-07 11:30:30,0,menu
GrabMerchant,com.grab.merchant,89b543ea-7968-4db6-b560-b9ae2e8090d7,Nano uye,Apk nya servernya mata duitan menu sudah di stok habis lebih dari satu jam masih di loloskan pesananya,3,2025-01-05 12:34:39,0,menu
GrabMerchant,com.grab.merchant,983d1d18-818e-4fb9-9f83-0524b8e4d527,Indah Susanti,"Proses pergantian rekening,terlalu lama,, Gimana merchant bisa berjalan lancar kalau proses pergantian rekening aja lama sekali,kaya karyawan grab gak bisa bekerja saja,ganti rekening aja sampai berhari hari,beda banget sama aplikasi sebelah,, Yang apa apa bisa langsung dari aplikasi merchant",3,2025-01-03 22:29:54,0,merchant
GrabMerchant,com.grab.merchant,6177a7ab-a2b7-45ab-9d07-c32288cb7034,May Saroh,Berharap grab merchant lebih diupgrade lagi sering lemot dan bagian notifikasi qris bisa diubah dengan suara yg lebih tinggi lagi plisssss,3,2025-01-02 14:01:32,0,"merchant, qris"
GrabMerchant,com.grab.merchant,bb4547c3-3c90-4fa1-a5d5-839b266389f2,Dimas Setiawan,Kenapa akun saya tidak bisa saat login .... Ke aplikasi grab Merchant,3,2024-12-31 13:20:59,0,merchant
GrabMerchant,com.grab.merchant,2e3e53e5-f0cb-4104-b94c-4e323d69b13c,Kembar Official,Kenapa Tidak tersedia di hp Samsung A05 ya? Padahal saya sudah biasa isi topup saldo grab driver via ovo. Jadi sulit nich belinya. Soalnya uangku ada di ovo,3,2024-12-29 14:30:27,0,"driver, saldo"
GrabMerchant,com.grab.merchant,91eb6164-c92f-4196-99e7-99ef6b2fe132,Jihan Binar,"Potongannya bukan 20% 🤦🏻‍♂️, pemotongan komisi tidak wajar, ada yang sampai 45%",3,2024-12-29 05:22:28,0,komisi
GrabMerchant,com.grab.merchant,4c01673c-c23b-43ee-9111-b6a1e43a69b0,febby azzahra,"Toko saya kenapa keterangan nya tutup, padahal jam buka 24 jam",3,2024-12-25 14:30:43,0,jam buka
GrabMerchant,com.grab.merchant,17399694-e294-4d5c-9746-b96c3b479178,Indah Hartati,"Masa setiap buka resto otomatis tutup sendiri, kirain sepi orderan ternyata otomatis tutup dr aplikasi, begitu seterusnya...",3,2024-12-24 16:19:05,1,"resto, orderan"
GrabMerchant,com.grab.merchant,02be07a0-894e-46f5-9bcc-5f891586cf90,Risky agusty Ramadan,orderan makanan nya sepi🙃,3,2024-12-23 03:38:19,0,"makanan, orderan"
GrabMerchant,com.grab.merchant,92ea131a-3475-4010-8018-6a109c384bc8,Lus Lusda,"Saldo sy terakhir di aplikasi Grab Rp 15.500. Td siang sy isi saldo via m.banking Mandiri Rp 300.000. Shrsnya saldo sy mjd Rp 315.500. Tp stlh sy cek di aplikasi Grab, saldo sy Rp 300.300. Trus kmn 15.200??? Mohon penjelasannya. Mksh",3,2024-12-22 21:17:52,0,saldo
GrabMerchant,com.grab.merchant,f1e0e006-cf7c-4145-ac8f-b3b1b8aa966e,Asri Jaelani,"tolong di evaluasi untuk kebijakan double ordernya agar lebih efisien.. Dalam sebulan ini saya dapet 3 pembatalan orderan. Kasusnya sama, konsumen melakukan pemesanan dan orderan tidak langsung masuk ke resto dan driver.. sehingga tidak ada kejelasan dari orderan tersebut karena tidak ada konfirmasi dari driver atau resto kpd knsumen. Salah satu contoh kasusnya resto saya dapet orderan jam 03.30 dini hari dan lgsg dapet driver, tp cs lgsg minta cancel karna dia bilang sdah order dari jam 02.00",3,2024-12-20 10:42:13,1,"resto, order, orderan, driver"
GrabMerchant,com.grab.merchant,48b959ec-4ac4-4296-83a9-2f125def5288,M Alhadid Baihaqi R,Saya sudah daftar dan sudah isi pengaturan menu. Tapi kok tetep aja ada tulisan tinggal 1 langkah lagi. Dan ada tulisan pending di pojok kanan atas .,3,2024-12-18 04:21:12,1,menu
GrabMerchant,com.grab.merchant,b81420b6-dc3c-41ca-8d39-391a139eff07,Bellabele,"mohon untuk sistem nya diperbaharui dong, banyak banget cancel order dari driver dengan alasan hujan dan jarak jauh, apalagi kompensasi nya dipotong 40% , banyak banget driver yg double orderan mengakibatkan makanan yg sudah jadi lama di pickup dan jadi rasa makanan beda sampai ke costumer yg kena ya dari restonya kena rating dikit, dan ada beberapa oknum driver yg nyolot dan marah kalau orderan lama, bahkan ada kasus sampai kalau 10 menit gak jadi bakal dia cancel. Mohon lebih tegas lagi",3,2024-12-16 18:21:51,0,"makanan, order, orderan, driver"
GrabMerchant,com.grab.merchant,7ff71eb2-0dd1-4ea1-b0d3-c153449c9159,Yunus,"Udah beberapa hari ini mau top up saldo ke ovo gak bisa bisa, lapor ke bantuannya tidak ada respon huh",3,2024-12-16 15:12:51,0,saldo
GrabMerchant,com.grab.merchant,b183ce3b-c6eb-4aad-8ac8-9309f1bc46d0,Bolokuh Group,"Mental2 terus, ga bisa masuk. Orderan ga bisa dibaca",3,2024-12-16 14:59:17,0,orderan
GrabMerchant,com.grab.merchant,ea99d227-413d-49bc-a25f-63c8da15d8bb,Aik Smart,"Ada pesanan masuk, aplikasi nggak bisa dibuka,,,tulisannya (aplikasi ini menggunakan penyimpanan bug,hapus memori terlebih dulu) Udah dihapus masih aja nggak bisa dibuka...sampai tak update juga.... nggak enak sma drivernya karna nunggu lama.. Mohon diperbaiki",3,2024-12-16 14:57:50,32,"pesanan, pesanan masuk"
GrabMerchant,com.grab.merchant,90596a98-834b-4360-ad9f-bad0ad1465e9,Meli Melinda,Tolong grab ini gak bisa dibuka aplikasinya malah ada pesanan tidak bisa dibuka sudah diperbarui juga ttp gak bisa dibuka,3,2024-12-16 14:32:38,0,pesanan
GrabMerchant,com.grab.merchant,c4e00846-85cb-4c99-af5c-36367bc6d879,Budi Setiawan,"Tolonglah kalo dapet drivernya lama gak ngambil mending ganti drivernya aja, plis udah berapa kali orderan saya dicancel sama customer",3,2024-12-11 20:25:01,0,"orderan, customer"
GrabMerchant,com.grab.merchant,0ac526cc-cd72-4279-a2e7-8338249b641d,Ayu Risma,"Resto ga semua buka pagi. Ada yg malam dan 24 jam. Tolong costumer service grab on time 24 jam. Susah kalau ada kendala harus hub Grab jam 9 pagi. Grab perusahaan besar, seharusnya ada karyawan untuk ganti shift.",3,2024-12-10 00:29:58,3,resto
GrabMerchant,com.grab.merchant,6e556b00-3429-4a12-b626-2f7786f44a4e,EGI Kurniawan,Bisa ga sih Merchant ngasi bintang ke Driver soalnya dirver pada songong2 ke merchant.,3,2024-12-09 14:10:20,0,"merchant, driver"
GrabMerchant,com.grab.merchant,278a5c40-8b33-4ee6-ae45-d8941d32956c,Meli Meliyani,Masya Allah..ni ga ada pesanan yg masuk..udh bbrpa bulan..,3,2024-12-08 19:21:45,0,pesanan
GrabMerchant,com.grab.merchant,c663525f-3813-4572-acf1-0b07a5d6f880,Iwanel Fishing,"Tolong kpd pihak Grabmerchant laporan saya di tindak lanjuti Kode barkode Qris tidak bisa menerima pembayaran sudah sekitar 1 bulan,sudah sering melapor ke pusat bantuan tapi hasilnya nihil,tolong di perhatikan lagi ya laporan saya.terimaksih",3,2024-12-03 11:20:22,0,"pembayaran, qris"
GrabMerchant,com.grab.merchant,edb23ea9-3563-454a-80b8-d93cca08bdd1,Nabila Febrianti,"Tolong dong adain ulasan untuk driver,supaya bisa kasi rating ke driver yg baik atau driver yg gak sopan,soalnya kalo driver ngambil pesanan ke resto suka merokok takut bauk kemakanannya terus driver yg gak sabaran juga tuh,tolong adain dong minn supaya driver lebih tertip🙏🏼",3,2024-12-01 18:31:14,0,"resto, pesanan, driver"
GrabMerchant,com.grab.merchant,44eeac16-69b3-405b-b485-b9283c3eb4d8,sate h rauf,Semakin kesini orderan menurun (modal sampai menipis 🤦🤦 tolong admin lebih memperhatikan lagi mitranya),3,2024-12-01 16:50:13,0,orderan
GrabMerchant,com.grab.merchant,cf46ff8d-c30f-4505-b17f-36ef7f7a09a4,Desy Anwar,"Notifikasi orderan masuk sering gak muncul, tau2 drivernya dah didepan kios",3,2024-11-29 21:17:53,0,"orderan, orderan masuk"
GrabMerchant,com.grab.merchant,7d4ebe75-3a16-4fdc-ab7a-44f761d7e0c1,Rita Sulis,Tolong yaa sistemnya dibenerin biar ga nyusahin resto,3,2024-11-29 19:29:44,0,resto
GrabMerchant,com.grab.merchant,f179f09d-2f5e-4d4d-a171-991903cd0470,Desy Natalia,"Perlu dibenahi notif pesanan masuk. Seharusnya dr customer order langsung infokan ke penjual, jadi ketika driver grab dtg ga nunggu terlalu lama terutama utk resto yg menunya perlu waktu utk memasak. Ini notif masuk ga ada 5 menit driver sudah dtg, posisi resto lumayan rame, jadi kasian nunggu lama dan dpt laporan di merchant kurang bagus. Mohon diperbaiki.",3,2024-11-29 11:34:30,3,"resto, merchant, order, pesanan, pesanan masuk, driver, customer"
GrabMerchant,com.grab.merchant,5c6d7eaf-afa1-4222-95bb-2d017ac9a1a5,jeffry prayogo,ribet parah' mau ganti nama resto aj ribetnya minta ampun' tutup toko juga ribet hrus atur jam lgi klo mau buka resto' aturan berkaca sma aplikasi gobis gojek yg simpel gk bnyk ini itu,3,2024-11-28 20:12:41,0,"resto, tutup toko"
GrabMerchant,com.grab.merchant,56f78818-addc-4d52-b168-748899b784d8,Aku Donk,Akan lebih baik apabila di kolom pemesanan dilengkapa dgn notif sdh dapat driver atau tdk.....krn akhir2 ini sering terjadi pembatalan dan kami dirugikan.....jadi apabila sdh ada driver maka akan kami proses shgga lebih aman. Tlg utk developernya sehingga lebih baik dam sama2 menguntungkan. Terimakash,3,2024-11-28 17:37:55,1,driver
GrabMerchant,com.grab.merchant,a47c9f2d-22fa-4ed3-b412-8c9ba136c9d5,Pubg Mobile,Secara keseluruhan baik namun menurut saya ada hal yang perlu di perbaiki 1. Bug saat outlet di tutup sementara sering ada orderan masuk padahal outlet kondisi tertutup 2. Tolong untuk notifikasi GrabPay ada versi Indonesia agar orang yang tidak bisa bahasa Inggris bisa paham,3,2024-11-27 06:44:28,0,"orderan, orderan masuk, outlet"
GrabMerchant,com.grab.merchant,06af5472-e936-4653-b550-3eed672d411e,Martabak Aolia,"Menu udah di off-kan kurang lebih 20 menitan, kok orderan menu yang off itu masih bisa masuk...?",3,2024-11-24 20:58:51,0,"menu, orderan"
GrabMerchant,com.grab.merchant,6a31a7f9-7ee6-431b-9fd5-a1c72c7a7172,rudi mahera,"Aplikasi pemicu pertikaian antara merchant dan driver, status resto pesanan ditahan tapi orderan tetap masuk..",3,2024-11-18 06:00:33,0,"resto, merchant, pesanan, orderan, driver"
GrabMerchant,com.grab.merchant,71b846b8-dbb5-4890-bec2-58f3a11c2143,Asep wahyudin,aplikasinya agak lemot kalo mau login dan mau transaksi juga lama jadi kurang efesien aja,3,2024-11-16 17:39:02,0,transaksi
GrabMerchant,com.grab.merchant,1976ba87-1976-40eb-8698-10745cc4b2ae,surya,"perbaiki lagi dong buat riwayat pesanan masuk nya terlalu ribet nyari. harus di klik pertanggalnya, beda sama aplikasi sebelah lebih memudahkan untuk mengecek riwayat pesanan masuk nya gak seribet grab",3,2024-11-15 13:07:15,0,"pesanan, pesanan masuk"
GrabMerchant,com.grab.merchant,bc160edd-4793-483c-8307-ab5df00ddf06,Adi Surya Nugraha,"Tolong dong pihak grab ditindak lanjuti tentang orderan fiktif , banyak banget daerah jakarta selatan . Ini saya bisa tiap hari ada fiktif sampe disangka driver saya yg bikin . Udh gitu nomernya luar negri semua . Di perbaiki masalah fiktif ini . Sangat menggangu sekali . Kasihan resto sama driver . Walaupun uang kembali tp bintang resto di driver jelek bgt . Plis tolong di dengar biar kita sebagai customer juga senang jualan dengan tenang tanpa orderan"" fiktif tsb. Terima kasih",3,2024-11-14 13:05:08,0,"resto, orderan, driver, customer"
GrabMerchant,com.grab.merchant,2a644775-2f3b-4a68-93b1-535c77564f5c,Deni Juanda,"tolong untuk pihak Grabmerchant, kenapa di saat aplikasi sudah di tutup tapi orderan masih bisa tetap msuk, alhasil saya di marah-marah oleh driver , ini bukan yang pertama, tapi sudah seringkali terjadi yang seperti ini, mohon di bantu",3,2024-11-10 05:32:32,3,"orderan, driver"
GrabMerchant,com.grab.merchant,01503abd-dbd5-4f4a-acd0-49b4a8e18ea1,Budi Santoso,Yang lain ok. Cuma tap untuk pesanan terlalu gede jarak antara pesanan1 dan pesanan 2 terlalu jauh kalo lagi rame/ kurang teliti bisa g kebaca. Ahirnya pesanan kurang Pengalaman pribadi,3,2024-11-09 08:50:48,1,pesanan
GrabMerchant,com.grab.merchant,343e72c4-a7e7-44b3-9fae-c09d2f181c8b,Ha Kim,"Mohon di perhatikan lagi untuk mode tahan pesanan, saya sudah beberapa kali tahan pesanan tapi pesanan tetap masuk, itu saya waktu sholat, alhasil pesanan dibatalkan,, apa gunanya ada fitur itu kalo tidak berfungsi, ujung-ujungnya kita sebagai pedagang yang dirugikan, tiba2 pesanan ndk bisa masuk,",3,2024-11-07 18:02:14,40,pesanan
GrabMerchant,com.grab.merchant,a0ecb6bc-7f9e-4e8f-87c1-0320e9115dc6,Pukis Kota Baru - Rangkas Bitung,"Ini kenapa susah buka bagian keuangan nya, untuk bisa nge cek dana qris masuk belum nya itu lamaaaaaaa banget",3,2024-11-02 00:17:09,1,qris
GrabMerchant,com.grab.merchant,d9be6626-ccfd-48d1-91f8-daf2514fe8d9,Achmad Junaedi,diaplikasi sy TDK ada edit menu atau rubah harga nya,3,2024-10-29 19:57:04,0,menu
GrabMerchant,com.grab.merchant,fffaca69-15a0-4efc-bd3f-bbd99287d401,Fransiska Harvest,Kenapa kl mau promo sering ad tulisan ups salah dan ga bs join sendiri ya? Marketingnya kl d hubungi WA jg susah bgt.,3,2024-10-26 11:24:55,1,promo
GrabMerchant,com.grab.merchant,1c14c6e5-3227-494b-948f-569f15c1ecef,Halima Sadiah,"Saat ini sepertinya ada bug di app Grab Merchant. Saya pengguna android 11, tampilan total penjualan sudah dua hari belakangan tidak sinkron dengan jumlah transaksi dan pencairan dananya. Harap segera diperbaiki supaya tidak menimbulkan kerancuan data.",3,2024-10-25 17:49:44,0,"merchant, pencairan, transaksi"
GrabMerchant,com.grab.merchant,cc75a2aa-4872-4e68-8404-d1ed9b69a803,Tia Mutiara Rahayu,min klo bisa pengaturannya di perbaharui buat pelanggan biar klo pesanan sudah di terima oleh resto ngga bisa di batalin seenaknya,3,2024-10-24 17:07:30,0,"resto, pesanan, pelanggan"
GrabMerchant,com.grab.merchant,aa61365e-3703-4b48-8a4c-c6f6b4735849,Doyen Sastro broto,Masih bayak kekuranganmu 1. Maps untuk posisi driver kurang akurat dan tidak bergerak 2. Tidak ada fitur chat dengan driver,3,2024-10-24 06:23:23,0,driver
GrabMerchant,com.grab.merchant,ca4dc030-1c3b-43f8-a553-e6144a09dd0e,Siti Maryana,Semakin susah diakses...saat aplikasi dibuka hanya stuck ditempat (loading).bagaimana kalau ada orderan sudah di uninstal beberapa kali masih aja ga bs dibuka aplikasinya....,3,2024-10-24 01:05:17,2,orderan
GrabMerchant,com.grab.merchant,ea86ec78-a830-4cc5-acab-7a7f3f026076,ranisa friedchicken,Kenapa resto di aplikasi tidak bisa dibuka dstts y tutup g bisa di klik buka resto Ditutup satu belah pihak Kendala y apa y permasalahan y,3,2024-10-23 21:34:11,0,resto
GrabMerchant,com.grab.merchant,091c1866-9ecc-4d0d-a96c-ae8bdc72211d,Bang Ari,"Jarang dapat orderan,sangat buruk... Tolong di bantu akun saya agar tidak tigur",3,2024-10-23 06:00:55,0,orderan
GrabMerchant,com.grab.merchant,6b715e6a-e1b7-4238-ba7d-e1aea913b118,Siti Kholisah,Kak knp hampir sebln resto sy tdk ada orderan sama sekali. Padahal resto buka terus. Tadinya gak seperti ini. Tolong di respon dan diperbaiki lg,3,2024-10-20 20:36:00,1,"resto, orderan"
GrabMerchant,com.grab.merchant,95653336-26cf-487d-8557-49bffb6fa1d0,RIZE ONE,"Biaya iklan sangat tidak manusiawi, berbeda dengan hijau sebelah. Pasang iklan per hari 25 RB, baru juga dpt 3 pesanan dari iklan, biaya iklan kepotong 79rb, lah! Kan saya pasang iklan yg 25rb perhari, kok nyampe 79rb yg kepotong??? Yg 54rbnya kepotong buat apa? Depo?",3,2024-10-20 10:47:43,3,pesanan
GrabMerchant,com.grab.merchant,365c9515-6f2e-42d3-8bbb-91aa360cb075,Ali Alfiansyah,Saran saya mohon di perbaiki di bagian buka ttup resto.,3,2024-10-20 00:44:31,0,resto
GrabMerchant,com.grab.merchant,dbd2d33d-792c-428f-afeb-8b88e38d0b39,M A Z,Tolong dong customer diwajibkan kasih rating ke resto,3,2024-10-19 17:24:35,0,"resto, customer"
GrabMerchant,com.grab.merchant,5465c7cd-1cf0-40ca-8cfb-3d16ac8e057e,PRINGADI,Makin kesni makin ga akurat waktu transaksi...ngisi saldo pengemudi 2 kali transaksi 2 kali juga pending baru masuk notif kode nya 15 menit kemudian...parah sih,3,2024-10-19 13:56:14,0,"pengemudi, saldo, transaksi"
GrabMerchant,com.grab.merchant,aad83ecd-1910-45d5-83c6-5eba64de4369,AGUNG TRI WIBOWO,Jam operasional bisa berubah sendiri.jadi banyak cancel orderan gara gara waktunya belum buka tapi di aplikasi sudah buka .,3,2024-10-18 11:10:52,1,"orderan, jam operasional"
GrabMerchant,com.grab.merchant,1c680995-f3f7-4679-b705-584061351f7d,Via V,Menurut saya Grab merchant hanya cocok untuk MERCHANT MENENGAH KEATAS.. Untuk merchant kecil kurang mendukung dan susah dapat order!!,3,2024-10-17 18:27:30,9,"merchant, order"
GrabMerchant,com.grab.merchant,cf1082ea-b165-439b-a183-c6882a1e2922,Jawa Gaming,"Hallo grab untuk kedepan nya,jika driver mau pick up harus masukin pin terlebih dahulu,jangan cuma ambil foto struk saja,karena ini terjadi di resto saya,dan mungkin resto resto lain mengalami nya,kronologi driver pertama pura pura foto struk tetapi tidak di pick up,dan al hasil pesanan saya di bawa kabur oleh oknum yg tidak bertanggung jawab,dan saya harus membuat pesanan nya kembali,..",3,2024-10-16 22:05:12,1,"resto, pesanan, driver"
GrabMerchant,com.grab.merchant,70c0a622-5803-43e5-8c8d-742cd86aa738,Dhiya Aqeela,"Please,,tingktin lagi layanannya Driver udh smpe ordernnya br bunyi+kdang dibuka untuk lhat pesanan lamaaa syekali",3,2024-10-15 05:42:13,0,"pesanan, driver"
GrabMerchant,com.grab.merchant,768e25d0-45e9-4aca-b494-56eb86eccac0,Ramli Asshidik,Yang bener saja posisi resto saya di pondok gede Jaticempaka kenapa dapat orderan posisi driver nya di pulogadung jauh kale mentalnya..,3,2024-10-12 13:41:37,0,"resto, orderan, driver"
GrabMerchant,com.grab.merchant,e26a0604-af19-4407-9fbe-c53d3f522754,Desi Lusyiana,"Ovo saya terpotong sama grab subcticon, pedahal saya tidak tau menau , tolong kembalikan saldo saya",3,2024-10-11 00:34:45,0,saldo
GrabMerchant,com.grab.merchant,98bc00e3-6d6a-472b-acb9-8cbea6a487ea,Fani Sari,"Loadingnya lama, mau pencet menu pesanan susahnya setengah mati mau pencet selesai pesanan apa lagi mau lihat ulasan gak bisa intinya gak bisa di pencet tuh, gak tau kenapa sedangkan tools bagian bawah gampang sekali kalo mau lihat keuangan dllnya mudah",3,2024-10-10 15:59:18,21,"menu, pesanan"
GrabMerchant,com.grab.merchant,de69b846-8978-4381-bf01-5b02c41b74a3,Hambali,"Dah lama bermitra,aturan malah memperdepankan driver dan konsumen,waktu tunggu terlalu lama padahal driver belum sampai pesanan sudah siap di jemput,malah di Cancel,Tolong di benahi kami bermodal bukan dengan dengkul Coba di pertimbangkan terimakasih🙏",3,2024-10-08 15:19:02,0,"pesanan, driver"
GrabMerchant,com.grab.merchant,dfa4e1cb-b5c9-48d1-9fda-ad659c9567e0,ibnu 1234,kenapa akun saya tdk bisa di edit lagi .yg katana nya gara gara saya pasang menu ikan pari .klau di bekukan kenapa jadi permanen begini sehingga saya tdk bisa berjualn karna tdk bisa tambah menu.dan edit harga mohon pihak terkait beri solusi nya .karna kalau dari sistem bantuan permasalahan saya ini tdk ada yg cocok.akun saya udah di non aktifkan sudah hampir 1 tahun.,3,2024-10-07 00:02:08,7,menu
GrabMerchant,com.grab.merchant,cb353608-10f7-498b-9519-c18f84e27ad3,Diaz Chogan,Resto sy udah ga jualan menu yg dari awa skrg udah jualan menu lain tapi mau ganti nama resto susah nya bukan main udah hub grab tetap harus pake format pdf dan pake surat pernyataan ribet susah kenapa ga di permudah aja ya ganti nama resto kaya 2 apk sebelah bahkan bs ganti nama resto 1 bulan 2 x tolong dipermudah di apk grab merchant nya jgn dibikin susah kalo mau ada terus omzetnya,3,2024-10-02 22:42:46,4,"resto, merchant, menu"
GrabMerchant,com.grab.merchant,67e471e2-bf37-4a24-b712-1c526bf58363,Cah Yana,"Mohon konfirmasi dan tindak lanjut nya dari pihak grab food, Saldo grab merchant saya dr pertama buka usaha sampai sekarang belum sepeserpun masuk ke rekening. Bagaimana penyelesaiannya? Setiap hari hubungi pusat bantuan tapi tidak ada kelanjutan",3,2024-10-02 06:06:48,0,"grab food, merchant, saldo"
GrabMerchant,com.grab.merchant,f38eca89-a278-4030-b3d4-4eb32ab484d4,Linda Fauziah,"Sistem crab sellu ngaco. Ga prnh bnr. No rmh sellu berubah. berdampak ant kurir- pemesan srg marah"". Berkali lapor, gada respon cm ok, ok, ok.. harga mknan ckup mahal n, tlng kl mknan dibatalkan sepihak, sgr dibereskan.",3,2024-09-30 20:26:16,0,kurir
GrabMerchant,com.grab.merchant,32592b31-bfca-4a69-a4f0-a292d4a0a0d8,Moh. Irham Mahfuri,"Setelah update saat ada orderan masuk untuk mencari divernya lama banget, bagusan sebelum update. Mohon di perbaiki lagi",3,2024-09-28 20:12:48,3,"orderan, orderan masuk"
GrabMerchant,com.grab.merchant,c9881c27-8298-4e14-be31-39576cf85293,Alfin Rivaldi,Tolong update. Kalah dengan gobiz/shopee partner. Tidak bisa balas ulasan pelanggan untuk pembelaan,3,2024-09-22 15:42:05,0,"pelanggan, ulasan pelanggan"
GrabMerchant,com.grab.merchant,ff6c6475-9701-4aa9-8c83-c3f8c2e6a13d,Soegeng Santoso,"sbg mitra grab merchant,knp tdk ada fitur untuk cetak struk.krn sangat membantu kami terutama untuk order food",3,2024-09-21 18:23:17,0,"merchant, mitra, order"
GrabMerchant,com.grab.merchant,4d9d03c3-8a5c-4e8b-9367-fc55be101c69,Hafidz Mohamad,Status toko saya tutup padahal sudah saya atur jam operasional nya,3,2024-09-19 11:46:31,0,jam operasional
GrabMerchant,com.grab.merchant,6ab3783f-84af-4bc8-a95b-57e7883f9ef6,Buyuang Pondok,Driver bnyk. Tapi pencarian driver lama sekali,3,2024-09-18 11:28:20,0,driver
GrabMerchant,com.grab.merchant,a2724a0a-7773-4922-bc4e-2c095bc8a0f3,Syahadi Dil,Klw bisa menu nya jgn di ubah ubah mulu. Jadi belajar ber xx,3,2024-09-17 14:47:01,0,menu
GrabMerchant,com.grab.merchant,361acd47-34e3-4fd2-a43a-4c57b10f47e9,muhammad dawam Mukti,"Apa sih gunanya fitur pesanan ""Ditahan"" kalau pesanan masih masuk juga. Menu habis, ditutup masih masuk juga. Hari ini terjadi lagi menu yang sudah habis sudah ditutup masih masuk juga. Tolong perbaiki lah!!!",3,2024-09-16 08:24:23,24,"menu, pesanan"
GrabMerchant,com.grab.merchant,5d3c2447-d526-4085-b0b6-c70f720d17d8,Gigih Widy,Banyak order fiktif mohon diperbaiki atau diberi pilihan pembatalan pesanan orderan fiktif,3,2024-09-15 18:07:15,0,"order, pesanan, orderan"
GrabMerchant,com.grab.merchant,00545ddf-3657-427b-b371-1aed68853806,Arief Rahmadani,Sebelumnya mohon maaf Resto sudah ditahan kok bisa Nerima orderan itu gimana ya? Sama mau nahan menu yang habis kok ada yang gak bisa ya kenapa itu? Terimakasih atas perhatiannya semoga kedepannya lebih baik,3,2024-09-15 17:23:38,0,"resto, menu, orderan"
GrabMerchant,com.grab.merchant,7e16fe72-ad2e-47fe-9b49-dd1e594fbfb7,MAmah Baim,Ad driver ambil orderan tapi ga masuk diaplikasi gimana seh,3,2024-09-15 07:32:23,0,"orderan, driver"
GrabMerchant,com.grab.merchant,e8a63fcf-5a61-4171-bd1c-5eefa8d81dee,Yudha Novrianto,"Semakin kesini , semakin sepi orderan nya. Ikutin pake promo ini itu udah ... Gak kayak aplikasi sebelah ... Gak tau kenapa ini ??",3,2024-09-10 16:25:37,37,"orderan, promo"
GrabMerchant,com.grab.merchant,a4cd83a3-c3e8-41ed-accd-3b2979913883,Entah rohayati Rohayati,Ini gimana cara menutup permanen jam atau waktu dine out? Resto saya tidak menyediakan dine out to di akun ko nyala? Grab gimana ini tolong takut ada orang datang dine out ini kita.. kita tidak menyediakan meju untuk dine out,3,2024-09-07 06:18:05,0,resto
GrabMerchant,com.grab.merchant,75e31692-1a26-4906-90ee-f1880ac314a6,Nur Mustakim,Tolong tiap ada pesanan. Notif bunyi.. Biar pas driver datang pesanan udah jadi. Mempercepat pekerjaan Ini sekarang kok gada notif. tiba² ada driver datang.. .,3,2024-09-01 20:06:20,1,"pesanan, driver"
GrabMerchant,com.grab.merchant,fa37612d-5d38-4ed6-a552-d6e5892ebddf,Muhamad Edi,"Tolong untuk grab ada batas waktu orderan di ambil driver, jadi, driver ga bisa seenak nya diamkan orderan ampe berjam jam,, tolong contoh mekanisme gofood, driver tidak ambil pesanan sampe 20 menit, bakal ganti driver baru,, atau paling ga kita bisa minta untuk ganti driver spt di shopeefood,, cuma grab doang klo dapat driver ga tanggung jwb,orderan gantung ampe berjam jam,hrs resto yg cancel, ujung2 nya resto yg kena sanksi, TOLONG DI PERHATIKAN! !!",3,2024-09-01 01:51:19,0,"gofood, shopeefood, resto, pesanan, orderan, driver"
GrabMerchant,com.grab.merchant,fe67d546-89dc-466f-918e-3e8bbd66769c,www dhestina,Mengapa app grabfood ulang kali mati saat di buka..?..di wa juga tidak ada jawaban..bila sdh baca kasi solusinya,3,2024-08-28 15:59:33,0,grabfood
GrabMerchant,com.grab.merchant,cfd4adb7-d375-4e31-bbd6-2b287b41c5cd,Khanifatur Rhmh,"Tolong dong ka kenapa makin kesini driver nya ngambil pesanan jadi lama, memang kadang toko kami telat tapi tidak sampi 10 menit lebih tapi driver malah 20 menitan dan si pembeli malah menyalahkan kami sebagai toko karna pesanan nya terlambat dan memberi bintang 1, tolong dong ka disini saya merasa dirugikan. saya mau menjawab ulasan nya pun tidak bisa gimana ini?apakah tidak ada tindakan nya?",3,2024-08-24 22:57:37,4,"pesanan, driver"
GrabMerchant,com.grab.merchant,a55ee806-764e-498d-8030-6fe8265e077e,Melia Wati,"Driver bisa kasih rating resto, tapi kenapa resto gabisa kasih rating driver , tidak adil ketika driver asal kasih rating !",3,2024-08-22 20:37:49,0,"resto, driver, rating resto"
GrabMerchant,com.grab.merchant,2e20bc68-ceb0-4551-bfa5-4611e6ef6250,Hana Khabib,"Mohon d isi penilaian bisa dprivat karena banyak pesaing yg merusak nilai citra makanan kami, tidak semua pembeli tu konsumen terkadang juga pesaing yg beli cuman mau merusak penilaian",3,2024-08-20 12:58:54,0,makanan
GrabMerchant,com.grab.merchant,403e1692-15dc-48c6-be30-b5863bd2a29f,Martabak Akbar,Sudah promo masih sepi,3,2024-08-19 20:10:53,0,promo
GrabMerchant,com.grab.merchant,17d0f379-1942-40ad-a873-f9a513600e51,Zaenal Abidin,Ini kenapa saldo saya blm cair. Biasanya paling lambat jam 16:15 sudah cair di superbank. Ini udah jam 20:00 lebih belum cair jg. Apa jadi 1X perhari cairnya,3,2024-08-18 20:29:50,2,saldo
GrabMerchant,com.grab.merchant,53440261-29dc-4a13-828a-a773988d2dfc,Hanny Juwono,Promo bny boongnya...,3,2024-08-17 12:22:09,1,promo
GrabMerchant,com.grab.merchant,5ab33d70-e341-4286-b3ed-667f1cb30ac9,M. Jundi,"Terkadang sering terjadi, sayur sudah saya off-kan tetapi masih bisa dipesan oleh pelanggan",3,2024-08-13 12:05:11,1,pelanggan
GrabMerchant,com.grab.merchant,d9336d66-9cd6-4f3a-99f5-c8e2eafc6f71,ST Management,maaf kenapa menu d akun saya hilang smua,3,2024-08-12 10:25:01,0,menu
GrabMerchant,com.grab.merchant,688f7718-f7e6-4333-a524-c1f470995094,arvint basketball,Tolong sediakan layanan customer service chat untuk resto. Sering sekali terjadi jam buka resto telah di tahan atau di tutup tapi orderannya tetap masuk. Sediakan layanan telpon tanpa pulsa provider untuk memudahkan kami berkomunikasi dg CS. Makasih,3,2024-08-11 19:10:02,21,"resto, jam buka, customer"
GrabMerchant,com.grab.merchant,c250386c-6e97-4a74-b5ab-71431332c1ee,Ramdani Cipta Pratama,"Tolong, jika aplikasi sedang tutup sementara pesanan jangan ampe masuk. Percuma ada firur tutup sementara, udah 2 kali begini lg di tutup tetep masuk. Sengke bener",3,2024-08-06 14:19:44,2,pesanan
GrabMerchant,com.grab.merchant,3a83fb3e-f86e-41cc-b077-a80909003310,maya avirtasari,"Sering tidak ada pemberitahuan jika pesanan masuk, ketika driver dtg apk nya baru muncul pemberitahuan pesanan masuk",3,2024-08-06 12:05:08,4,"pesanan, pesanan masuk, driver"
GrabMerchant,com.grab.merchant,e71872de-8c9a-4433-b96f-6cda11563690,haryanto Es Teler Durian & Goyobod Nangka,"Saran untuk penggantian nama outlet tolong agar lebih di permudah seperti merchant lain agar, lebih mudah meng aplikasikan nama outlet sesuai apa yg di jual .terimakasih",3,2024-08-06 05:40:42,10,"merchant, outlet"
GrabMerchant,com.grab.merchant,adffbf8a-95d3-4b3d-b610-f609d5c6c581,Hanafi Hamid,Harusnya adil dong grab merchannya. Kalau kami juga bisa bantai driver yg tdk sabaran disaat resto sedang sibuk/rame . Jangan kami aja yg di komplen😅😅😅,3,2024-08-05 19:49:43,0,"resto, driver"
GrabMerchant,com.grab.merchant,e6c14d65-3b05-4671-bc72-944e3676a388,Retno Kusumawati,"semakin kesini semakin susah, loading nya terlalu lama dan tiap hari harus ketuk aplikasi untuk buka padahal jam buka sudah diatur tapi tetap saja tiap jam buka harus buka aplikasi terus. coba dibuat seperti yang dulu saja yang ga harus buka aplikasi tiap jam buka.",3,2024-08-03 06:51:34,7,jam buka
GrabMerchant,com.grab.merchant,12ba8432-1c0c-4fd5-84af-3ba1f34eec02,Inspector Han (Han),Minta tolong untuk rating resto ke driver di sediakan agar driver tidak semena-mena dalam menjalankan tugas ( tidak mau antri ketika orderan numpuk ) terimakasih,3,2024-08-02 15:37:56,0,"resto, orderan, driver, rating resto"
GrabMerchant,com.grab.merchant,03b69964-a453-449f-bf58-6573f0d8acbf,DIDI SUHAEDI,Merchant yg terhormat saya pengguna ovo ewalet juga penguna super bank dan bamk lain nya pendaptaran di merchant anda sulit bagi saya,3,2024-08-01 10:27:24,0,merchant
GrabMerchant,com.grab.merchant,bf0d19ff-24ee-49f6-8d95-fc4311188995,Kang Eben,Kenapa order greab food sepi sekal ia i sehari cuma 1 kadang 2 kosong 2 sama sekali padahal sebelum nya rame,3,2024-07-27 11:22:58,0,order
GrabMerchant,com.grab.merchant,87bf898a-51df-4285-af0d-e70bac169d24,imam fatihardi,sekarang udah gk bisa balas ulasan customer/pelanggan ya? kadang greget mau balas yang sebenarnya tidak sesuai penilaian. tp gak bisa sama sekali.,3,2024-07-25 08:29:58,0,"pelanggan, customer"
GrabMerchant,com.grab.merchant,85dc04e5-e7c6-42be-9a4e-6bcdc0f3a09c,henri arifiandi,"Saya mengisi dompet kredit sebesar Rp. 100.000 melalui grab merchant grab kios,, tetapi tidak muncul riwayat transaksi dan tidak muncul pula kode vouchee di aplikasi grab driver saya. Mohon solusi nya??",3,2024-07-24 00:11:08,0,"merchant, driver, transaksi"
GrabMerchant,com.grab.merchant,abed6a4a-4b74-4812-bbda-2c559bac15f8,Amar Amar,"Pamit undur diri dari grabmart karna sudah 2 tahun aplikasi dinyalakan tidak mendapatkan order, terimakasih telah hadir diwaktu covid",3,2024-07-23 18:29:57,2,"grabmart, order"
GrabMerchant,com.grab.merchant,deda9ffb-c9a7-4020-9d02-97936b5d5ef3,Fitri Yeni,Bagaimana cara menampilkan toko ketika hp teristal/ pindah hp.... (Tokonya gak kluar tapi di grabfood buka... Bagaimana cara menutup tokonya/menonaktifkan item yg abis),3,2024-07-22 14:24:46,0,grabfood
GrabMerchant,com.grab.merchant,c06936e5-c19a-4308-a7cf-ba0c05e77bce,Kucing Gamers,"Tolong dong dari pihak aplikasi perbaiki notifikasi dari aplikasinya,masa tiba2 driver datang ke kedai.Sedangkan notifikasi pesanannya tidak ada,bukan sekali dua kali notifikasi tidak muncul.Tetapi sering terjadi,kalo drivernya penyabar sih masih aman tapi kalo drivernya emosian pasti yg kena marah itu kedai nya",3,2024-07-21 12:20:41,22,"kedai, driver"
GrabMerchant,com.grab.merchant,d3e842f7-a01d-49e4-bef9-a6f9e4bc8758,Meri Budiyanti,Sekarang sistem pencarian driver terlalu lama,3,2024-07-20 20:00:27,0,driver
GrabMerchant,com.grab.merchant,c50a3b8d-8063-49fb-9f80-9255d7fde5cf,Tomy Arimiarsha,"Saya udah 2tahun pake grab merchant,,keluhan dri apk ini susah upload foto ketika ganti alamat,ganti nama resto,sama bikin cabang baru resto..segala cara udah di coba tapi tetep gk bisa",3,2024-07-17 20:24:18,5,"resto, merchant"
GrabMerchant,com.grab.merchant,c5afcc7a-d2fb-4bbc-99ba-b723579b4bec,Saimin Saimin,"Halo grab mercant kesayangan, setelah update tidak bisa membuat promosi diskon mandiri, hanya muncul fitur-fitur iklan, sudah menghubungi CS belum di respon, saya sudah seminggu belajar bikin promo tapi belum bisa, ada tulisan,ada yang salah. Begitu terus mohon cepat di perbaikinya ya terimakasih",3,2024-07-15 22:38:15,14,"promo, diskon"
GrabMerchant,com.grab.merchant,be961b91-a501-4691-8ce6-7e93e2050128,Susana Tjong,Ngenapa ya skg kl grabfood ga bs otomatis trbuka yaaa???,3,2024-07-12 12:43:10,0,grabfood
GrabMerchant,com.grab.merchant,078be168-c6fc-4626-943d-b1f32ef17291,Wulan Afriani Hartati,"Apk skr untuk pembeli tidak kelihatan nama pembeli nya hanya nomor pesanan dan jg klo ada permasalahan pelaporan insiden pembeli selalu gercep ditanggapi tp untuk merchant nya sndr kadang suka sulit banding/menanggapi karena hrs menyertakan bukti ,sementara pihak merchant tidak ada bukti klo pesanan itu tidak bermasalah akhirnya menyebabkan penurunan rating secara drastis , apalagi skr banyak pembeli nakal jg walaupun pesanan benar jg seringkali dg sengaja buat laporan insiden biar uang kembali",3,2024-07-11 09:31:14,1,"merchant, pesanan"
GrabMerchant,com.grab.merchant,0d247f68-8fe3-4e8f-9592-27b696818b5b,Mardiana Ulmi,"Fitur Qris saya kok belum ada ya? Padahal sudah di update mentok app nya sejauh ini, tolong bantuan nya munculkan Qris saya..",3,2024-07-10 23:55:24,0,qris
GrabMerchant,com.grab.merchant,e3df4bcc-17fa-4bbe-8315-721e976eb779,Nur Khotifah,Grabmerchant aplikasi sering eror kalau ada pesanan sulit utk di buka,3,2024-07-07 22:13:02,0,pesanan
GrabMerchant,com.grab.merchant,034f98bf-f79e-4463-81a1-b259b794ecc7,rymam chang,"Tolong d perbaiki ko gak ada pesanan masuk tapi d driver ada, notipnya juga kadang gak bunyi,",3,2024-07-07 17:51:51,0,"pesanan, pesanan masuk, driver"
GrabMerchant,com.grab.merchant,365c62ca-79ad-4b46-a57c-333516381af2,Anggi Rara,kenapa grabmerchant sekarang pesanan di tahan otomatis???pantesan resto saya gak dapat orderan karena pesanan di tahan.,3,2024-07-02 21:51:45,0,"resto, pesanan, orderan"
GrabMerchant,com.grab.merchant,565137f7-b1db-48d0-83a1-2d2737a7de3f,nrlayatnuz,"Awalnya bagus, pasang iklan berbayar. Tp akhir² ini saldo sering kepotong padahal sudah TDK pasang iklan. Padahal pas pasang iklan kemarin² itu saldo juga kepotong...",3,2024-06-30 08:50:26,6,saldo
GrabMerchant,com.grab.merchant,6896ca49-e5e5-4588-b0e0-10d359379c03,ssk budinah,"Sistem notifikasi sering tidak berfungsi/tidak berdering, sehingga penyiapan pesanan terlambat, padahal merchant sudah berusaha menyiapkan pesanan sebelum driver datang.",3,2024-06-28 15:08:57,0,"merchant, pesanan, driver"
GrabMerchant,com.grab.merchant,9ccb7a63-28c6-46ac-a473-98f2ed47e946,Dwi doni Putra,"Sebagai resto tolong tambahkan fitur ganti driver/cari driver lain untuk aplikasi merchant ini. Krna bnyak Skali momen orderan nggak di ambil karna driver ktiduran, kadang ada jg saya sengaja cancel orderan karena nggak suka sama driver nya, bnyak banget driver arogan skarang yg maunya nyampe makanan udah ready, klo nggak mereka marah2. Ya namanya makanan kan harus d siapkan dulu. Jdi klo dapat orderan driver yg penyabar pasti saya ambil orderannya. Tolong ya nanti pasti saya kasih bintang 5",3,2024-06-26 09:06:14,1,"resto, merchant, makanan, orderan, driver"
GrabMerchant,com.grab.merchant,0f548cd3-9281-4a67-b72a-97022ab6ef26,Donuts Pro,"pesanan saya sudah rapih Tpi s driver g kunjung datang,, harus nya ada fitur cara mengganti kan driver yg lelet g mau ngambil pesanan dong,,udah hampir 1 jam saya nunggu driver dari tadi g kunjung datang,, tolong d perbaiki lg sytem aplikasi nya biar ada fitur cara mengganti driver 😪",3,2024-06-26 02:45:59,6,"pesanan, driver"
GrabMerchant,com.grab.merchant,112e42ae-5130-4563-b4fa-66a999562e58,Samsul Bahri,"Skrang kenapa harus d buka dulu aplikasinya baru toko buka. Kadang suka lewat jam buka karna lupa/sibuk. Harusnya kaya dulu otomatis tanpa kita buka udah buka pas jamnya, kalo bgini apa gunanya bikin jadwal jam buka dan jam tutup",3,2024-06-23 07:42:49,1,jam buka
GrabMerchant,com.grab.merchant,984dc787-8d45-40ae-815e-4b87a7cf35bd,Supardi Ardi,Kok sistem promo mandiri di rubah...jadi ribet..konsumen jadi berkurang 😭😭,3,2024-06-22 22:14:32,0,promo
GrabMerchant,com.grab.merchant,82c38fa5-75a3-40c5-86ce-56af0b4e04c0,Muhammad Albar Al Aziz,"Grab merchant ribet tidak ada status apakah pencairan dana sudah dikirim ke rekening atau belum, saya harus bulak balik cek mutasi. Katanya ke besokannya, ditunggu besok belum ada, disuruh nunggu maksimal dua hari, aneh, itu kan modal usaha! UPDATE: Saya sudah mendapatkan pencairan dana meskipun lebih dari 10X24 Jam dengan diskusi di Pusat Bantuan yang sangat rumit dengan Superbank. Saya kasih bintang tiga dulu jika next pembayaran lancar, saya akan kasih bintang empat atau lima. Sebaliknya bisa",3,2024-06-20 16:14:20,13,"merchant, pencairan, pembayaran"
GrabMerchant,com.grab.merchant,74d1fafe-048c-4646-b6ed-4b44972144f8,saimin saimin,"fitur promosi jadi iklan, kalau boleh usul hilangin fitur-fitur iklan nya, mau promo diskon menu dan coret harga sekarang tidak ada fitur itu, terimakasih🙏",3,2024-06-20 12:38:47,0,"menu, promo, diskon"
GrabMerchant,com.grab.merchant,3a1f7bb6-9efc-4aa3-a944-9a2b3daa20ed,Djajat Sudrajat,"Maksudnya apa setiap buka aplikasi harus klik apakah resto anda buka hari ini, terlalu berlebihan. Untuk apa ada setting jam operasional kalau masih harus manual seperti itu, ketinggalan zaman atau memang kalian ingin menguasai kami",3,2024-06-19 15:49:33,10,"resto, jam operasional"
GrabMerchant,com.grab.merchant,5f53d2e9-9958-4c28-bf13-89e9e741fccc,Aulia Zahra,Berat bgt aplikasinya bro. cuma mau buka tutup warung harus nge load fitur lain yg bejibun. loadingnya naudzubillah nangis bgt lama keburu di cemberutin sm drivernya. Ada rencana mau dipisah ga? biar grab merchant aja gitu bro. di uji ulang coba broo kbnyakan merchant bukan bos besar yg punya hp spek dewa. heran masa testernya ga nemuin ke-lemot-an yang super duper ini siii. thanks smoga ada perbaikan kedepannya ya. semangat kk2 backend,3,2024-06-17 16:54:38,1,"warung, merchant"
GrabMerchant,com.grab.merchant,d908736b-7c67-45ce-ad1a-71533a06a90a,Irma Fujianti,"Giliran merchant yg salah driver langsung nyalahin,belum d bikin lah belum ini itu,gilirin drivernya yg salah GK mau ambil orderan d mrahin blik gk mau",3,2024-06-16 06:06:11,1,"merchant, orderan, driver"
GrabMerchant,com.grab.merchant,ee106324-dbb6-4722-8405-f81d87721ca2,talitha wildan,"Semua proses di grab lama, menyusahkan driver",3,2024-06-10 09:50:10,0,driver
GrabMerchant,com.grab.merchant,7b4c8537-af78-45f5-8ac3-df9c4160b3b7,Andri Yd,"Kalau barang sudah pickup, fitur chat customer langsung ilang, alhasil kalau ada barang yg ketinggalan (lupa/ga sengaja) customer lgsg nuduh resto curang.. Warung kan kondisinya ga selalu sempet ngecek2, apalagi driver jarang banget ada yg mau ngecek orderan.. Udah gitu mau refund dana susah bgt lagih..",3,2024-06-06 07:29:59,7,"resto, warung, orderan, driver, customer"
GrabMerchant,com.grab.merchant,cb2a96f8-8d46-44fc-afd4-1bee7cea904f,Jumlah Areza,"Versi lama lebih bagus, versi baru sangat membagongkan, udah ada jadwal buka toko lah kok tiap hari kita buka lagi, kan lucu saya kurangin bintangnya dari 5 jadi 3 aja cukup, menjengkelkan soalnya lupa buka terus tiap pagi, ga cocok dengan situasi kekinian yg suka simple",3,2024-06-04 11:41:37,6,buka toko
GrabMerchant,com.grab.merchant,c55479b4-c2fa-48f0-b442-b0578f9e15f3,ari ute,ada yg sama gk sih akhir2 ni pendapatan tidak sama saldo yg masuk.. ke rekening,3,2024-06-04 10:03:53,0,"saldo, pendapatan"
GrabMerchant,com.grab.merchant,ab7925c0-2d95-43f4-b407-0add0bbc4a8f,Putri Jihan,"Minta tolong di hapus sistem ""resto anda buka hari ini?"", karena hp orderan kadang tidak anak muda yang pegang. Kalau saya kerja ibu saya tidak paham bagaimana cara pencet nya dimohon ya min grab",3,2024-06-03 21:46:06,0,"resto, orderan"
GrabMerchant,com.grab.merchant,5de20e78-4090-4b14-88e0-b703d10bc4d6,Suparmi Adi Prayitno,"Sudah Lumayan, hanya saja untuk buka cabang masih ribet ga jauh beda dengan buka resto baru harus pakai dokumen ini dan itu masih kalah sama aplikasi GO*** yang lebih simpel dan praktis ditambah orderannya juga belum begitu banyak, kadang ada kadang ga ada, kadang banyak kadang sedikit belum bisa stabil.",3,2024-06-02 16:12:46,0,resto
GrabMerchant,com.grab.merchant,e76faf7b-40f5-4f5a-ab98-a3b5c7f9ea2f,Masuk Pak eko,"Tolong perbaiki bug yang ada Masa mau buat promo makanan tidak bisa """,3,2024-05-30 22:34:27,0,"makanan, promo"
GrabMerchant,com.grab.merchant,d2b9f987-a2cb-45be-84bf-8ca2667faa3b,Eman Suherman,Min tolong ini kenapa pencairan dana ke resto belum masuk2 ya sudah 2 hari,3,2024-05-28 04:59:56,0,"resto, pencairan"
GrabMerchant,com.grab.merchant,dafc9d38-788f-41b1-ba82-55a7de1a54a5,Budi Kurniawan,Di resto saya sering kejadian ketika toko tutup atau toko di tahan orderan tetap masuk. Jadi sering kali dapat komplenan dari pihak driver. Apakah aplikasi di resto saya gak terkoneksi di pusat atau memang sedang ada gangguan ?,3,2024-05-26 11:04:11,5,"resto, orderan, driver"
GrabMerchant,com.grab.merchant,2be10712-4fe9-4e13-a942-497f50f80f02,Pondok Reagan Pamulang,"Grab erorr nih, masa iya orderan belum masuk drivernya udah nongol di resto, mana drivernya rese lagi, orderan belum masuk nanyain udah jadi apa belum sambil ngegas. Nah giliran yang udah masuk drivernya saju jam baru nongol, ngomongnya baru dapet kan aneh, mohon di perbaiki lagi bos",3,2024-05-24 14:54:53,3,"resto, orderan"
GrabMerchant,com.grab.merchant,c496763c-c90b-4518-8f71-4a92d6ed41f8,Rini Christiani,Oh pantesan lagi bermasalah ya grab ini mulai dari pencairan sama kaya saya total yg harus di cairkan 48.000 malah masuk 8.040 yg bener aja dong.tahun kemarin saya pake aplikasi Aling cpt pencairan 1hari .koq jadi g bagus gini sh.kasian dong kan butuh dana ny buat belanja .3 menu terjual 60.000 blm dipotong udah di potong 48.000 cair 8.000 lah menu saya jual 3.500 apa g masuk akal banget nh .tlng jngn diulur2 pencairan dana .Apple to Apple lah.,3,2024-05-19 12:48:10,5,"menu, pencairan"
GrabMerchant,com.grab.merchant,52f3f83f-8459-42c3-8fa6-276b7005d014,Andriansyah Luthfi,"tolong pihak grab supaya resto bisa memberikan penilaian kepada driver karna banyaknya driver yg tulisannya ""sudah sampai resto"" namun tidak ada drivernya. dan juga bisa memberikan penilaian kepada driver yg mengambil pesanan sangat lama, bahkan kalau bisa tolong banget adakan fitur pencarian driver baru untuk resto karna ga semua driver itu bisa ngambil pesanan. trims.",3,2024-05-19 07:33:47,60,"resto, pesanan, driver"
GrabMerchant,com.grab.merchant,3e64f55c-355d-4817-9083-c687c7e1762f,NUR HAYATI,"Grab,,tolong pengertian nya,,,buat mitra driver...tolong ditanggulangi lagi...driver bertambah..penghasilan berkurang...mana ikutan pinjol di julo harian nya 40rb an...pendapatan sehari² 100rbuan..sisa 60rb an belum bbm/makan/rokok.mau dibawa pulang cuma berapA??mana anak sekolah keperluan dapur...manalah akan terisi saldo diatas 30k..sedangkan paginya saldo 0rp lagi...kalau mau buat driver kerja paksa.terpaksa saya gak jalankan akun lagi..bagus saya gak ngojol grab lagi,,hutang kisaran sisa 5jt",3,2024-05-16 23:06:29,1,"mitra, driver, saldo, pendapatan, dapur"
GrabMerchant,com.grab.merchant,894ed227-2e3a-4b6c-b73b-4128091861b1,Dwi wahyuni,kenapa koq transaksi pdam wilayah balikpapan hilang sudah 2 bulan ini ? saya chat via ig gk ada balasan sama sekali,3,2024-05-07 14:33:27,0,transaksi
GrabMerchant,com.grab.merchant,de772830-f3f2-43ac-a790-3ace24a2dbdd,sushihiro galaxymall,Kok sekarang makin lemot ya kadang notif nya engga muncul tiba tiba driver nya udah datang minta tolong di perbaiki ya min,3,2024-05-04 17:57:08,0,driver
GrabMerchant,com.grab.merchant,dc7256c2-fc16-480f-989e-47335ac94f73,LoempiaBom karangklesem,"Dpet drivernya skrg lama bgt,bsa hampir 1jam baru dpt driver.mkanan sudah dingin,nnt komplain resto yg kena.aplikasine makin g mutu,pembaruan hampir 1mngg 1x.tp bukane jdi bagus malah g genah.!!!!",3,2024-05-04 13:58:38,0,"resto, driver"
GrabMerchant,com.grab.merchant,7b44c5a0-e250-4927-ba1a-41454bc1ff16,Ramanda Denbagus,Pencairan akhir2 ini masuknya siang terus pdhl biasanya jam 4/5 pagi dah masuk . Sekarang jam 10-11 an,3,2024-05-04 09:26:04,0,pencairan
GrabMerchant,com.grab.merchant,645766f8-c860-4674-9c89-2959789972fd,Salma Tufaila,"Kok kadang eror , malah sekarang resto ga bisa nge chat pelanggan . Tolong diperbaiki",3,2024-05-03 18:25:55,0,"resto, pelanggan"
GrabMerchant,com.grab.merchant,1cc42978-04fd-47de-8fbd-2df72c329493,Musuh Orangbodoh,tarif grabfood harusnya dihitung juga berdasarkan jarak lokasi resto dan lokasi antar supaya driver mau mengerjakan orderan yang titik jemputnya 4km misalnya.,3,2024-05-02 02:19:17,0,"grabfood, resto, orderan, driver"
GrabMerchant,com.grab.merchant,b312a02d-5e71-47b9-bac4-9212537a93c3,Rina Nurjanah Nurjanah,Resto sudah kami tutup tapi terkadang pesanan masih masuk. Tolong segera di fix,3,2024-05-01 12:12:53,0,"resto, pesanan"
GrabMerchant,com.grab.merchant,001a8017-8410-4ee1-aa86-9940dacdba27,Darman Darman,Maaf kenapa sudah sebulan ini setiap resto buka gak otomatis buka ya. Alias gk bisa sesuai jadwal jam buka. trs harus di klik buka itupun terkadang nutup sendiri smoga aplikasinya segera diperbaiki,3,2024-04-30 07:52:58,1,"resto, jam buka"
GrabMerchant,com.grab.merchant,244d3e7c-e6f9-4540-b3f5-6060ad7bf451,Castle Dragon,3 hari ini ada pemberitahuan pesanan baru di terima padahal tidak ada pesanan ini sangat mengganggu,3,2024-04-28 15:24:51,0,pesanan
GrabMerchant,com.grab.merchant,25881318-2c7d-4f9b-bdf1-a1728d7ca95b,Boedhy,"Maaf kali ini saya kasi bintang 3, krn fitur ganti nama resto dihilangkan, hubungi admin utk solusi malah disuruh daftar akun baru lagi.",3,2024-04-27 19:10:16,0,resto
GrabMerchant,com.grab.merchant,4b11fe84-c064-4400-a199-0fbdefdd24ae,Supriyadi St,"Akhir""ini sulit mendapatkan driver setiap satu pesanan hampir satu jam padahal driver disekitar rumah banyak hadehhh",3,2024-04-26 20:59:00,3,"pesanan, driver"
GrabMerchant,com.grab.merchant,4d79b3ee-d93a-4c63-b1cb-de5c95397f89,Bodyform Autosport,"Ovo lancar..semua pembayaran bisa diterima..tp jangan sampai ada masalah atau trouble...penyelesaian nya lama dan berbelit belit...cs nya ramah tp mbulet..cm krn cust kedoblean mbayar 50 rb..mnt pengembalian nya berbelit..data yg di minta di ""cicil-cicil""..hr ini mnt data a, bsk mnt data b, disuruh nunggu 5 hr kerja, bukan langsung beres, malah dimnt lg data c...udah ampir 2 minggu msh blm terselesaikan..telp unt 4x..ongkos telp nya lbh mahal dr 50 rb 🤣🤣🤣",3,2024-04-26 15:59:59,0,pembayaran
GrabMerchant,com.grab.merchant,62cc01c9-b455-4f79-99aa-bcc28214ea64,Firda Amalia Wahyuni,"APLIKASI MAKIN BERAT,LEMOT BANGET. Update terus setelah update masuk akun merchant error,order sepi. Lebaran hrsX ramai ya.",3,2024-04-22 12:29:13,0,"merchant, order"
GrabMerchant,com.grab.merchant,b0bf8c14-10ed-414f-832a-60c282996a3a,Daniel Fransiskus,"Dulu saya memilih topup saldo driver dari grab merchant, bukan dari grab kios karena melalui grab merchant gratis..sejak grab kios dihilangkan dan masuk ke grab merchant malah jadi kena admin juga...parah....masa topup driver kena biaya lagi...udah topup ovo kena biaya...",3,2024-04-22 10:44:39,0,"merchant, driver, saldo"
GrabMerchant,com.grab.merchant,e4b8144d-3ca6-4e3b-bd66-8b244d74a520,Imam Hanafi,"tolong diperbaiki aplikasinya masak setiap ada orderan aplikasi harus stay diterus ,kalau tidak stay tidak ada notifikasi orderan ,kasihan driver dan ctm nya yg harusnya resto sudah menyiapkan orderan jadi belum menyiapkan karena aplikasi tidak ada notifikasi karena aplikasi grab merchant harus stay ,kalau tidak stay tidak ada notifikasi harusnya orderan cepat jadi lama karena resto tidak tau ada orderan dan driver tidak selalu dekat resto apalagi kala driver dobel order",3,2024-04-19 14:23:38,0,"resto, merchant, order, orderan, driver, masak"
GrabMerchant,com.grab.merchant,6e526ff3-65a5-48d7-bbcc-138ba127b75a,Anjani Putrii,Kenapa y dapat orderan 4 saldonya yang masuk cuman 3 aja🥲😖,3,2024-04-15 22:19:28,0,orderan
GrabMerchant,com.grab.merchant,a7a54f4a-f53f-4667-bfb4-02d43c3e93ab,Merry Zhu,"Aplikasi sering buffering.. sudah ditahan pesanan, masih aja diterima.. promo sekarang jg kurang menarik.. masih lebih gede promo aplikasi sebelah..",3,2024-04-13 20:48:48,2,"pesanan, promo"
GrabMerchant,com.grab.merchant,772d800a-8316-405f-8912-43bc78d481b6,Warung tanpa wadah Banjarbaru,B3 dulu.. saya dari mitra merchant sangat keberatan dengan sistem dobel orderan beda resto yg saat ini diterapkan ke driver.. karena sistem Seperti ini sangat merugikan pelanggan dan jg menunurnkan kualitas makanan dr resto yg pertama. Ini kejadian sering terjadi di resto saya dan kebetulan di sekitar saya ada juga resto lain yg penyajiannya menurut para driver sangat lambat. Tolong pihak grab dikaji ulang sistem ini.,3,2024-04-07 19:47:21,1,"resto, merchant, mitra, makanan, orderan, driver, pelanggan"
GrabMerchant,com.grab.merchant,bd6a49ae-7cae-4716-8124-9366e235f298,BAS UKIO,Tiap dapat orderan grabfood masuk .tp selalu ga bunyi hpnya .tau2 driver DTG .buka apk baru masuk pesenannya .tolonglah di beneri lagi .biar ada orderan masuk langsung bunyi,3,2024-04-04 20:48:37,3,"grabfood, orderan, orderan masuk, driver"
GrabMerchant,com.grab.merchant,8cd3a81f-96ef-4262-b308-4956ee3582d4,Sri Kandi,Halo ka..kenapa grab saya aplikasi ny jam buka malah tutup gk bisa di buka,3,2024-03-28 11:39:00,1,jam buka
GrabMerchant,com.grab.merchant,7f5c1120-65ef-4a39-8163-7b338973018b,ujang YT,buat jualan pulsa/saldo driver udah ngga menguntungkan,3,2024-03-23 12:01:03,0,"driver, saldo"
GrabMerchant,com.grab.merchant,0dcfb039-a74e-4e1d-aaff-ad247e9d4a1f,Max cavalera,"Kalo pesen malam ,driver suka banyak ketiduran ,pesanan jadi menggantung gak dikirim2 tolong diperbaiki lagi adakan pembatalan otomatis ganti driver jika driver gak ngambil orderan",3,2024-03-23 01:12:22,1,"pesanan, orderan, driver"
GrabMerchant,com.grab.merchant,aa06998c-7a5e-401e-b7d9-68d7d70db760,Henrik Sugandi,"Setelah di update tidak bisa ganti nama merchant,soalnya jualanya sudah ganti?mohon kasih tau caranya?",3,2024-03-21 05:19:41,1,merchant
GrabMerchant,com.grab.merchant,5926f84c-2d39-449a-a6ae-2a4d56f35187,Fazza Ok,Ini call center grab nomer gk bisa dtlp. Pdhl.urgent .sistem apalagi ini.menyulitkan merchant ajah.potongan gede doang.ada masalah tidak bisa di hub.,3,2024-03-19 10:03:12,0,merchant
GrabMerchant,com.grab.merchant,4f2f3577-dc5b-41f3-9e1b-69a98bdcfaba,alden makarim,Mohon kpd pihak Grab utk berhati-hati trhadap manipulasi atau kecurangan konsumen yg mengajukan pengembalian dana atas makanan yg kurang / tertinggal. Krna banyak konsumen yg berbohong. Mohon utk dievaluasi kembali dn dpt mnjdi Perhatian. Terima kasih,3,2024-03-16 19:25:51,2,makanan
GrabMerchant,com.grab.merchant,ed57fbf2-787e-4775-b5f1-c1ab44fd3d9e,Let's Play,"Kenapa ya skrg harus dibuka appnya dulu, baru toko buka, kalau telat buka malah dianggap tutup tokonya alhasil sering melewatkan jam buka. Padahal dulu toko bisa buka otomatis di jam yg udah diatur. Skrg malah buka manual, lalu untuk apa ada fitur atur jam buka kalau kita masih harus buka secara manual?! Tolong diperbaiki sistemnya krn sangat merugikan dan gak nyaman.",3,2024-03-16 04:14:32,16,jam buka
GrabMerchant,com.grab.merchant,44849308-c64a-4512-8e01-a7b7513f6d7a,yudi a.z,Ini mau isi saldo grab.. aplikasi nya error mulu dah,3,2024-03-16 00:10:00,1,saldo
GrabMerchant,com.grab.merchant,d9860f11-e225-4cf5-a126-6a537beb4cdd,widariyanie wiradikarta (nie),"Menurut saya aplikasi ini sudah bagus,...dari segi fitur,...namun sayanya selalu terkendala mslh pencairan,.sering kali gangguan,dan tidak ada perubahan,..kalo di banding aplikasi yang lain tidak pernah ada gangguan saat pencairan,...kita ini kerjasama kan ya...jadi tolong di oerbaiki maslh pencairan dana nya 🙏",3,2024-03-14 19:01:31,0,pencairan
GrabMerchant,com.grab.merchant,c857c01e-f8c4-4875-9f58-1a3c2471a2e6,Titik Maryawati,"Setiap ada pesanan selalu gak bunyi.tiba tiba ad Grab datang, perbaiki dulu lah itu bug",3,2024-03-11 15:09:11,1,pesanan
GrabMerchant,com.grab.merchant,df9a42a2-d698-4a2f-9c1b-0ced7f838a85,Telap88,Sebenernya menurut sy sdh bagus..tp saran aja klo bisa ada fitur sembunyikan dan ada fitur menu habis menu biar menu yg sedang kosong bisa disembunyikan agar aplikasi resto saat customer liat menunya enak dan rapi tidak terlihat invisible menunya yg terlihat jd tidak rapi..klo di ijo sebelah dan orange ada fitur itu jadi bagus menu resto bisa tertata rapi... Terima kasih semoga di update terbaru sudah ada fitur ini 🙏🏻,3,2024-03-07 19:19:26,104,"resto, menu, customer"
GrabMerchant,com.grab.merchant,f0af3e92-615f-4f21-b3d8-33d6ae1c9b8d,Hendra Apriliyanto,"Orderan yang masuk suka ga muncul jadi bingung mau nyiapin nya, udah update versi terbaru tetep aja bug nya gitu.orderan Udah masuk dulu tapi pas dibuka gaada harus nunggu driver datang baru muncul lagi",3,2024-03-07 11:07:16,1,"orderan, driver"
GrabMerchant,com.grab.merchant,c7ca0e19-4e62-4799-a7e2-c6bf1ef8c591,armin sitohang,"Biaya saldo pengemudi jangan dinaikin atuh, topup ovo kena biaya, sekarang isi saldo harga naik. Modal cuma 200rb harus bulak-balik topup. Cari cuannya ke kelas pekerja lain aja jgn driver.",3,2024-03-06 10:41:39,0,"driver, pengemudi, saldo"
GrabMerchant,com.grab.merchant,95155872-42cc-4e5a-8978-061784363595,"FERDINAND SAHAT PARULIAN TOBING, S.A.P",Aplikasinya kok saya instal gak ada menu yang ada di toko saya ya..Admin Grab Mart atau Grab Merchant,3,2024-03-04 23:29:59,0,"merchant, menu"
GrabMerchant,com.grab.merchant,69aa3a6c-4618-4619-b7b0-3fcfe0ead931,Budi Yn,"Voucher grab driver naik 500-1000, bikin susah semua. Top up OVO kena admin + buat beli voucher grab driver naik juga. Double potongan dong. Haduh.... Belum lagi buat konter mitra , bingung mau jual gmn. Jadi mahal. Kasian mitra driver nya dong",3,2024-03-03 23:56:25,0,"mitra, driver, voucher"
GrabMerchant,com.grab.merchant,ad1dea77-b671-47dc-b961-9e16ca9310a8,Intan Sari,Kak di aplikasi aq kok gak ada edit menu harganya gimana ini bahan semua pada naik tapi gak bisa edit harga tolong di bantu gmn donk,3,2024-03-02 17:28:15,1,menu
GrabMerchant,com.grab.merchant,5e326d32-50e0-4cdd-97b9-2a2570f4e568,Matcha Coffeelatte17,Saya mau buka outlet grabfood tp knp yg muncul grab kios ya?,3,2024-03-01 22:29:18,0,"grabfood, outlet"
GrabMerchant,com.grab.merchant,d5a271ee-59b2-4fbc-b71c-d24e89c7de91,Kenzo Alcantara,"Ayo kembalikan ke auto buka saat sesuai jadwal buka..ngga harus klik buka toko setiap hari..kalau lupa jadi seakan tutup.... Kerja..biar makin bagus ni aplikasi,bukannya update malah mempersulit Semangat",3,2024-02-29 01:10:47,0,buka toko
GrabMerchant,com.grab.merchant,9394fc94-447e-42c8-bd4f-9c1538e1063b,Niken Indraswari,Saya mitra baru grab merchant kok hrga menu saya pas sya klik jdi tambah mahal ya dri harga yg tertera di menu? Gmn org mau pesen kalau kemahalan.... Pdhal hrga menuny sdh trmsuk pjak,3,2024-02-28 17:49:35,0,"merchant, mitra, menu"
GrabMerchant,com.grab.merchant,3e3d6a77-64df-4f1a-9db0-f3e5b22c62b1,Risk Wahyu,kurang memuaskan sering updat2 tapi ndak ada perubahan sama sekali. untuk rubah nama resto harus datang ke kantor . ndak seperti app sebelah yg langsung bisa ganti nama lewat app,3,2024-02-27 19:13:04,1,resto
GrabMerchant,com.grab.merchant,90c3d67b-ef55-4227-94fd-0851940e196f,Tomos Racing,Tolong ditiadakan saja itu iklan2 yg sifatnya gk jelas lebih bagus seperti dl gk usah pke iklan segala. Nanti orang mau order jg tinggal ketik aja apa yg dia mau makan!!!,3,2024-02-27 17:22:35,0,order
GrabMerchant,com.grab.merchant,4cd1366e-6985-4a48-b90a-b0c20816e77f,Leo custom,Sekarang kalo buka toko kenapa harus buka apk dulu ya???,3,2024-02-27 14:24:03,0,buka toko
GrabMerchant,com.grab.merchant,bb74ec51-67cb-4c91-86de-556993571350,WAHYU HIDAYAT,Pendaftaran sudah selsai dan distujui tpi kok tampilan aplikasinya masih belum bisa digunakan ya kenapa? Tolong untuk dev/admin grab merchant tolong untuk segera di aktifkan akun grab merchant saya karena saya mau jualan,3,2024-02-27 11:45:09,0,merchant
GrabMerchant,com.grab.merchant,c89c5887-11ba-4809-9196-a8cff30b6c84,Liah Rasimo,"ampun dah aplikasi lemot,,,,,,,,,,nya kbngtan smpe driver nya ngmel2 notif psnan ga ke buka2 hrus ny pesenan sdh redy nunggu driver nympe bru ktauan psnan nya apa",3,2024-02-26 21:09:12,0,driver
GrabMerchant,com.grab.merchant,77bf563f-23c8-4f3a-817e-83fb7d786168,Ryand Saputra,Kenapa sih gak bisa ambil orderan jauh2 biasanya cs jauh pun orderan masuk. Sekarang kalau cs nya jauh mau order di toko kita lewat grabmart gak bisa alasannya toko ini tidak bisa mengantar ke alamat barumu. Kok gitu ya.. Heran dehh,3,2024-02-22 18:30:47,2,"grabmart, order, orderan, orderan masuk"
GrabMerchant,com.grab.merchant,735d6516-76ef-4c74-9285-995eabbb7bf7,juan hafiz,Knpa resto sya sudah di tutup msih ad pesanan msuk. Klo gni kan ngerusak resto sya tolong dong perbaiki sistem nya,3,2024-02-22 10:04:51,0,"resto, pesanan"
GrabMerchant,com.grab.merchant,643cc0de-df1a-4ac2-81f2-e55d3598c31c,Nina Sanjaya,"Update yg terbaru jd kacau Driver datang terlebih dahulu ke resto baru orderan masuk ke resto sehingga banyak driver yg numpuk di resto. Di tambah lagi driver yg gak sabaran malah memperlambat resto menyiapkan orderan krn 1 karyawan pasti jd sibuk melayani driver. Harusnya setelah pembeli order, orderan lgs masuk ke resto dahulu. Setelah resto klik siap baru diteruskan ke driver. Dan kejadian pembeli order tp orderan tdk masuk ke resto. Sehingga pembeli telp ke kita krn sdh menunggu ½jam.",3,2024-02-18 04:40:32,0,"resto, order, orderan, orderan masuk, driver"
GrabMerchant,com.grab.merchant,768b907f-9518-451a-8d50-124ee601baed,Achmad Arifin,"Grab gimana yah, resto sudah tutup masih ada orderan masuk...selang setengah jam lagi..",3,2024-02-17 23:19:00,0,"resto, orderan, orderan masuk"
GrabMerchant,com.grab.merchant,1e46642e-28e4-4445-b096-1b471418e3e3,Nasi goreng Kabul,"Tolong grabmerchant diupdate lagi untuk kedua kali y pesanan sy tidak diambil driver dan driver dihubungi tdk ada respon ditambah cara menghubungi cs harus pake pulsa juga ini merugikan resto banget ... Harus y Sistim y seperti yg sebelah berapa menit ga jalan ganti driver .... Mana orderan anyep ditambah dapet orderan yg nggantung ujung"" Resto yg cancel",3,2024-02-13 23:49:43,0,"resto, pesanan, orderan, driver"
GrabMerchant,com.grab.merchant,e7165f81-4000-4505-b0bf-963c27171e6e,Mirasari Carnival,Grab food orderan nya ga stabil,3,2024-02-10 20:40:40,0,"grab food, orderan"
GrabMerchant,com.grab.merchant,eba8689b-7fe9-4987-b6ea-553f035e6bff,febie,sering banget ada kendala di pencairan mohon di perbaiki kalau kita nya gak cek bisa2 uang hasil penjualan kita hilang sia2 dan ini terulang lagi yg ke sekian kali hasil penjualanku dari tgl 3 blm masuk rekening sampe sekarang padahal udh di ajuin tetep aja blm cair2 padahal hasil penjualan di hari berikutnya udh cair tapi yg tgl 3 blm cair sampe saat ini,3,2024-02-08 09:18:34,3,pencairan
GrabMerchant,com.grab.merchant,4938d26a-db8f-446f-bf9a-5b4f1b544efb,Nasi Bebek Cak Faruq Tandur,"Struk terlalu byk kata2 / pesan, jadi nyampah menu pesanan susah di lihat, 🙏 Aplikasi berat kurang lancar pas buka aplikasi, mohon di upgrade selanjutnya di perringan n perlancar",3,2024-02-03 18:58:12,1,"menu, pesan, pesanan"
GrabMerchant,com.grab.merchant,06be06f9-2631-41e2-81ed-cd808c8e2754,Muhamad Ghozali,"Apk lambat sekali untuk membuka orderan udah ada notif tapi di klik lama banget untuk melihat orderan.....dan untuk custumer atau driver tolong jg sesuka hati untuk cancel di sini resto sudah menyiapkan hampir selesai tau"" di cancel sangat"" merugikan di pihak resto tolong di perbaiki lagi sistemnya....dan satu lagi klo ada orderan driver tak kunjung sampai di resto minimal 15 menit tak kunjung datang tolong segera di ganti driver yg lain, pernah sudah sampai satu jam lebih driver ga datang""",3,2024-01-31 17:48:31,2,"resto, orderan, driver"
GrabMerchant,com.grab.merchant,f46ee7e2-0425-4c06-8090-626bc916c27a,Samsul munir,Tolong kasih keterangan secara rinci mengenai potongan dan diskon yg di pakai. Terus ķasih spare waktu jangan pas dapet orderan langsung dapat driver. Kasian sama driver yg langsung dateng sedangkan pesanan belum siap harus nunggu dari masak sampe beres. Mending drivernya sabaran ini mah pada gamau sabar nunggu. Karena resto jg harus menjaga dan memastikan kualitas makanan.,3,2024-01-28 13:07:36,1,"resto, makanan, pesanan, orderan, driver, diskon, masak"
GrabMerchant,com.grab.merchant,6084e1d6-7061-4de7-babc-e63565e597bb,Imam Munawar,Pendapatan bersih saya sering dipotong lagi padahal sudah terpotong .. kadang 20 ribu kadang sampe 50ribu sangat2 merugikan .. parahhhh,3,2024-01-27 11:36:16,0,pendapatan
GrabMerchant,com.grab.merchant,fc799350-2b7f-4226-9d18-921f3d2a9fd8,Apri yanto,"Saya habis beli pulsa di grabmerchat sekitar jam 15 lebih dikit tanggal 26 Januari 2024 , saldo ovo saya sudah terpotong dan transaksi tidak ada sedangkan pulsa jg belom masuk 😭",3,2024-01-26 18:37:27,0,"saldo, transaksi"
GrabMerchant,com.grab.merchant,9809cabd-afbf-4ff4-a0c5-ee6988016f44,Alun Abui,"3 star berhubung utk masalah pindah alamat tdk bisa diatas 800mtr, jadi apk grabfood saya nonaktifkan dulu tdk bisa dipakai. Saran saja sehrsnya bisa pindah alamat diatas 10km seperti apk disebelah mksh",3,2024-01-25 13:16:30,0,grabfood
GrabMerchant,com.grab.merchant,2f544435-4689-4ee3-ad30-4b830b4d199a,I Made Sugita,"Saya mempunyai kendala dalam membuat diskon selalu saja di bilang UPS ada yang sama, apa tidak bisa di hapus... Kalau tidak bagaimana caranya memperbaiki tolong dibantu agar penjualan bisa lancar seperti dulu lagi🙏",3,2024-01-24 21:32:59,1,diskon
GrabMerchant,com.grab.merchant,1873ba1f-27d1-4e62-af2d-c35baf2a36e2,Dewi Kdi,Kenapa yah aplikasi merchant sy gak bisa z chat pemesan untuk konfirmasi itu tuh loding banget..… satu lagi masukan untu greb yah tolong klw MW ngsi hak untuk menilai resto itu tuh jgn hx ke driver Krn itu namax sepihak.. saya baru tau klw driver bisa menilai resto itu si driverx yg cerita.. klw driver dikasi hak menilai yah resto harus juga hak menilai driver juga ada kan hx sedikit driver tuh yg dtng ambil orderan cepat biar SDH di pencet pesann siap kudu di telpon atau di wa itu tuhdKrn mkBru,3,2024-01-20 08:34:17,3,"resto, merchant, orderan, driver"
GrabMerchant,com.grab.merchant,8ec2408b-7875-411d-88df-a9b6b7bdebd1,Yuni,"Gimana sih ini di update bukannya makin bagus malah makin nyusahin... Mau edit jam operasional gak bisa, udah dipilih menu lainnya yg keluar malah menu tambah akun....",3,2024-01-19 09:26:11,0,"menu, jam operasional"
GrabMerchant,com.grab.merchant,7ddbd150-af9b-44a0-89ac-9f8d8d836c69,Agus Munawar,Komplen dari custamer bersifat akal akalan saja yang sangat merugikan pihak merchan tanpa adanya bukti yang kuat dikarenakan tidak disertai video klu hanya foto saja besar kemungkinan hanya akal akalan custamer yang ingin makan gratis ataupun dgn sengaja ingin menjatuhkan nama resto seharusnya di kaji ulang kembali dikrnkan sudah sering terjadi pada resto kami & tentux sangat merugikan skl tlg pihak menegemen grab utk mengevaluasi kembali agar tidak dimanfaatin oleh orang2 yg tdk bertggung jwb,3,2024-01-18 20:19:15,1,resto
GrabMerchant,com.grab.merchant,466cc4f2-6e83-4291-99a6-32aadfe8c327,Amelia Hasanah,"Apk ini skrng makin kesini susah banget dibuka padahal ada yg beli bunyi2 notifikasi terus gk berhenti ,padahal internet bagus penuh lancar2 aja,tolong perbaiki lagi apk ini kedepannya biar gk terlalu error kek gini jadi mau lihat pesanan yg di beli susah buat liat nya, ujung2nya kurir datang tpi aku gk tau klo ada pesenan soalnya kadang suka error gk ada notifikasi kalo ada yg pesen..",3,2024-01-14 13:00:10,0,"pesanan, kurir"
GrabMerchant,com.grab.merchant,f70b1fff-3c78-4201-8511-5e171c5cff05,Pungky Hikmah,"Setelah update Ga tau kenapa banyak driver komplain ga ada notif pesanan sudah siap jemput,, padahal kalo makanan siap selalu langsung kami klik ready,,mohon bantuannya dong min,males banget kalo drivernya emosian",3,2024-01-12 22:57:16,0,"makanan, pesanan, driver"
GrabMerchant,com.grab.merchant,62cd9a14-fb86-40fc-a789-e2688ebd8bc8,Cantika Widianti,Dari OVO mercent TF ke rekeningnya lama .saldo saya udah 2 hari belom di trafnfer,3,2024-01-12 08:46:36,0,saldo
GrabMerchant,com.grab.merchant,56b54c6f-8b42-4817-be2e-8d9204f16378,Agung Saputra,"Mohon dipermudah dalam hal perubahan nama outlet, alamat, dan semacamnya, aplikasi lain sudah bisa langsung melalui fitur di aplikasinya, agak lambat.",3,2024-01-11 11:09:09,0,outlet
GrabMerchant,com.grab.merchant,628a6886-a085-4a07-933f-25fbad66b92e,RADEN KHALIIDMAJIID,"Tolong di permudah lgi untuk membuat outlet baru,untuk pemula agar download aplksi grab merchant nya lebih mudah,jgn minta di update trus trmksih",3,2024-01-08 22:53:19,0,"merchant, outlet"
GrabMerchant,com.grab.merchant,b212167d-06cc-4fa1-982d-bfa7142b04c6,Serabi solo Cokrosuman,"Kenapa sekarang jadi lemot...koneksi internet lambat. Padahal untuk aplikasi lainnya lancar lancar saja.,pesanan jadi terganggu,berpengaruh pada rating resto",3,2024-01-04 16:25:13,0,"resto, pesanan, rating resto"
GrabMerchant,com.grab.merchant,6981a4a0-18fa-43bc-950d-172bd78463d8,Esti Aisima Wu Esti,"Kalau dapat orderan di grab ampun dagh , di apk driver sampai 2 menit lagi terus sampai sebentar lagi, eehh balik lagi 2 menit lagi diulang terus bahkan sampai terbatalkan tanpa konpensasi",3,2024-01-04 15:43:16,0,"orderan, driver"
GrabMerchant,com.grab.merchant,9221b7e0-f3ea-44d2-b38b-5b73f003cadb,Purnama,"Kenapa aplikasi tidak bisa buka tutup toko, tutup terus.padahal saya mau buka toko tapi gak bisa di klik",3,2024-01-03 11:42:51,0,"tutup toko, buka toko"
GrabMerchant,com.grab.merchant,89d4af33-9d9e-4385-a142-31d728011527,Arief Pharsa,Tilong untuk driver jgn kasih doble orderannya. Klo beda resto suka lama ngambilnya. Makanan jdi ga enak,3,2023-12-23 15:43:29,0,"resto, makanan, driver"
GrabMerchant,com.grab.merchant,d474965f-62ef-4700-adc7-c529c0f52c6f,Ely Fiana,Kenapa ya akun Saya setiap ada orderan masuk tp malah toko tutup? Pdhl toko buka dr pagi ? Mohon pencerahannya min?,3,2023-12-22 20:03:27,0,"orderan, orderan masuk"
GrabMerchant,com.grab.merchant,93cdd9d2-5616-414e-a0ae-b0e748ebeb1a,Munir Ogie,Sekarang aplikasinya sering error...tidak bisa kebuka pada saat terima orderan,3,2023-12-22 07:39:44,0,orderan
GrabMerchant,com.grab.merchant,f53a0d39-9208-46bf-b3d9-faaced7ad266,Ummul Faizah,Kenapa skg daftar promo grab lama banget acc. Padahal pelanggan banyak yg memakai promo di restoran Saya. Kalau tidak pake promo resto jd sepi,3,2023-12-22 06:31:15,0,"resto, restoran, promo, pelanggan"
GrabMerchant,com.grab.merchant,06df5227-84c8-45ec-bccc-13da2ac4e258,Imam Khambali,Makin kesini aplikasi nya makin jelek mau buka pesanan pun lelet dan sering error pula,3,2023-12-21 20:27:13,0,pesanan
GrabMerchant,com.grab.merchant,76dbf45b-ff00-45ce-ba76-953b5066ee9d,Ini Dini,"Sering banget update, tapi bknnya makin bagus kinerjanya malah makin beraaaat. Pesanan masuk kdg ga bunyi, driver jd sewot tambah buka app lemot kebangetan. Hadeeeh...",3,2023-12-21 19:02:19,1,"pesanan, pesanan masuk, driver"
GrabMerchant,com.grab.merchant,b0d32262-b087-43b2-ab8a-64ffe38d9762,Widi Toro,Semakin buruk stelah di updet...sinyal manteng tpi lama buka app..orderan jd telat penyajian.y yg d slhin resto ujung2y pdhal app.y yg lelet.. tolong d perbaiki..jngn klah sma sebelah,3,2023-12-21 18:16:17,0,"resto, orderan"
GrabMerchant,com.grab.merchant,36ec7bc0-c293-43e7-91a5-9415f422df7f,Deni Muhammad nur,"Pelanggan bisa dengan mudah dapat pengembalian dana, tinggal bilang makanan tidak sesuai, udah langsung dapat pengembalian dana, kalau di shope ada proses nya, benar atau tidak pesanan tidak sesuai, di tanya dulu kedua pihak, merchant dan pembeli nya, tidak langsung asal potong. Kalau mau pengembalian dana, di shopee harus ada video sebelum segel nya dan isi nya dibuka, sampe kebuka kelihatan, pesanan sesuai, Disini tinggal umpetin sebagian makanan, foto sebagian, udah dapat dana kembali.",3,2023-12-21 14:42:39,2,"merchant, makanan, pesanan, pelanggan"
GrabMerchant,com.grab.merchant,29c41a0c-a960-43b7-944e-c7eb0c8b6408,Izatin Nisa,"Kak tolong Adain report untuk customer, baru saja ada kejadian customer penipu kasian drivernya sudah ke resto tapi customer tidak bisa dihubungi",3,2023-12-08 21:53:56,1,"resto, customer"
GrabMerchant,com.grab.merchant,5802763a-9de1-413d-bd2a-26ad81797966,Regita khana Prilinda,"Kalau bisa ulasan di hapus mending kaya dlu aja, kalau sekarang kasian yang punya warung kalau di kasih bintang dan ulasan yang gak sesuai,bahkan memang ada yg sengaja ingin menjatuhkan, berpengaruh banget",3,2023-12-05 15:48:44,0,warung
GrabMerchant,com.grab.merchant,34a2d7da-ddef-4c4c-9e42-b8cced2eb500,Ruky Faska,"Knp ya grab merchant brp minggu ini asal beli token listrik lama prosesnya ,😔",3,2023-12-04 11:44:09,1,merchant
GrabMerchant,com.grab.merchant,b5dc9424-7272-45eb-b306-b3a22cf37818,gatot budianto,"pencairan dana penjualan sering telat/ g ontime. sering banget dapat email kayak gini: GrabMerchant, Mohon maaf atas ketidaknyamanan yang terjadi. Sehubungan dengan adanya pemeliharaan sistem dari Partner Pembayaran kami pada tanggal 3 Desember 2023, untuk itu telah terjadi keterlambatan proses pembayaran untuk transaksi pada tanggal 2 Desember 2023. Jangan khawatir, karena kami akan menyelesaikan proses pembayaran sesegera mungkin paling lambat 2x24 jam. Segala informasi mengenai keterlamba",3,2023-12-03 06:50:52,1,"pencairan, transaksi, pembayaran"
GrabMerchant,com.grab.merchant,7aa92a94-3a07-4829-b203-ddde5c42155a,Niken Suliswanti,Aplikasi nyah membantu sekali dalam berniaga . Trimkah Sekedar saran .. tolong di kasi opsi lain ketika resto membatal kan pesanan (driver tidak datang ambil orderan ) karna resto buka 24 jam makann jadi tapi driver tidak kunjung datang ga ngambil ordran .. Terpaksa resto harus batalin dgn opsi trsedia .. merugikan resto ya pasti nya .. karna kesalahan driver yg ga mau ambil ordrran . Tolong diperbaiki . Trimksh,3,2023-12-02 20:56:48,0,"resto, pesanan, orderan, driver"
GrabMerchant,com.grab.merchant,b2590d51-57a2-4edb-81d8-cc1a8a98a297,Ballian From ibelin,Ini kenapa pesanan suka ditahan tiba2? Sangat merugikan order jd tidak bisa masuk,3,2023-12-02 14:21:16,0,"order, pesanan"
GrabMerchant,com.grab.merchant,ada334f6-ec79-4abb-a6be-ea0f1a7f3938,Randy Aprilio Gunawan,"Kalau tidak dilayar utama grab merchant ,tidak tau ada orderan masuk ,tiba2 driver sdh datang...padahal dulu ngga seperti itu, agak kewalahan Krn saya pakai hp bukan khusus aplikasi grab merchant,untuk layanan chat dg konsumen sering eror",3,2023-11-30 19:26:53,0,"merchant, orderan, orderan masuk, driver"
GrabMerchant,com.grab.merchant,2d693323-6eab-48a6-97c5-62938b66561d,Meylinda Eka Putri,Toko di tutup tapi orderan masih bisa masuk gimana sih. Udah berapa kali,3,2023-11-30 12:25:21,0,orderan
GrabMerchant,com.grab.merchant,5bb66717-bdfa-463e-ac5f-41276b9f334a,Agus Sumi,"Parah sih setiap pencairan diatas jam12 siang trz, kadang jg kga cair, musti komplen baru deh besok.a cair. Mohon untuk diperbaiki lagi untuk sistem pembayarannya. Krna TDK BS diandalkan untuk belanja kepasar. Terimakasih",3,2023-11-26 13:13:13,1,pencairan
GrabMerchant,com.grab.merchant,cbfa594a-5081-4cb2-ba6e-d829400bf113,Imam Gozali,"Sering muncul pesanan di tahan ,notifnya lelet",3,2023-11-24 14:59:13,0,pesanan
GrabMerchant,com.grab.merchant,a4f944f6-04f2-4751-ad01-7488b60564c3,Syamsul Arifin,"Akhir²ini pencairan dana telat sampai 2 hari biasanya perosesnya gak lama tolong di perbaiki ,kita butuh pencairan dana yang cepat .",3,2023-11-23 14:46:07,0,pencairan
GrabMerchant,com.grab.merchant,950f0ea8-e7af-4914-be31-3027793b1a0e,Maharani Sinta,"Tolong dong min diperbaharui /diperbaiki lg sistem nya, ada order masuk,yg kita berikan ke driver kan sudah sesuai dengan permintaan pelanggan,setelah itu performa turun baru ketahuan 5 hr kemudian ada ulasan dr pelanggan katanya pesenan bakso 4 porsi kok yg dikasih seblak 2 porsi kan sy rugi, akhirnya kita kena reting jelek.pdhl kan bukan salah sy min,driver yg ketuker makanan dengaN orderan yg lain,sy ajukan banding dong krn kesalahan bukan saya,bading diterima tapi performa sy blm dipulikan",3,2023-11-21 16:44:57,1,"makanan, order, orderan, driver, pelanggan"
GrabMerchant,com.grab.merchant,a4eb0b9c-387d-4067-84c8-8a29d439720a,Ainun Mufidah87,Tolong ya pembayaran hasil jualan kl bisa di cairkan pagi hari. Ini menurut saya pembayaran nya lama dan gak mesti,3,2023-11-21 16:04:30,1,pembayaran
GrabMerchant,com.grab.merchant,f7bc18a3-5e1c-4b1b-b956-fe0e024cc188,Rahmat Guspianto,Kenapa di aplikasi grab merchant saya tidak ada Qrisnya? Gmna caranya biar ada Qrisnya?,3,2023-11-21 13:04:53,0,merchant
GrabMerchant,com.grab.merchant,b20c47e1-64a4-4b47-ae2a-7a61803d9597,Aida Aini,"Beberapa hari ini aplikasi lemot sekali pas dibuka.Dan sekarang nyari driver lama pol pdhl dulu sekali bunyi langsung dapet driver sekarang harus nunggu dulu pdhl dapetnya driver juga orang2 yg mangkal deket lokasi resto.Saya sebagai merchant lbh suka sistem yg kemarin2 orderan masuk langsung dapet driver dan resto langsung membuatkan pesanan,jadi driver datang sudah jadi.",3,2023-11-20 13:22:36,0,"resto, merchant, pesanan, orderan, orderan masuk, driver"
GrabMerchant,com.grab.merchant,c54c1382-ba89-4bf4-8713-9fb03cfd2dc9,putri blega,"Hallo GrabMerchant, tolong tingkatkan pelayanannya, saya pedagang merasa di rugikan loh sama aplikasi ini, karna ada orderan masuk semuanya sudah di siapkan, deleverya juga sudah siap nganterin, tapi di batalkan gitu aja sama costumer. Mana grabMerchan gak ada kompensasi gak seperti aplikasi gofood.. Tolong kerja sama dan pengertiannya,pedagang sama deleverya juga sama2 di rugikan",3,2023-11-19 16:28:14,1,"gofood, orderan, orderan masuk"
GrabMerchant,com.grab.merchant,d4ebf600-df58-4ac9-895b-d6c870f64021,Pipit Jaenab,Dari resto dapur mbak yuk Mohon dibantu masa sebulan orderan dapat 4 itupun 4 porsi semoga kedepannya lebih gacor lg,3,2023-11-19 13:11:39,0,"resto, orderan, dapur"
GrabMerchant,com.grab.merchant,57541a6d-1398-4f3b-9e8c-5c2a0c905277,Dilan Agustian,"Woy grab, tolong kalo bikin aplikasi yang bener. Resto udah tahan pesanan (tutup) Kenapa orderan nya tetep bisa masuk ? Ga masuk akal, jangan mengadu domba customer, driver dan merchant (resto) Hapus aja fitur tahan pesanan, ga ada gunanya. SAMPAH",3,2023-11-17 23:09:53,0,"resto, merchant, pesanan, orderan, driver, customer"
GrabMerchant,com.grab.merchant,97625da6-3f17-48bd-b645-69740015f766,merlyn liu,"Knp sih kalau ada yg kasi rating kadang ga bisa terlihat di aplikasi merchant nya? Mau report jg ga ada pilihannya, tolong d perhatikan lagi",3,2023-11-16 22:34:46,0,merchant
GrabMerchant,com.grab.merchant,a32b462d-8421-44b7-bfaa-b4093876ca52,Jackall,"tolong di perbaiki,saya mengalami kendala di mana sebuah menu yang sudah habis,tetapi masih bisa di order oleh cust,padahal saya sudah mengubah menu tsb jadi tidak tersedia/habis.kejadian ini terjadi 3x berturut"" dalam 1 hari",3,2023-11-16 19:39:52,0,"menu, order"
GrabMerchant,com.grab.merchant,f0346a1a-88f5-47a1-bfa9-348a87f8e297,David Chandra,"kalo mau membatalkan orderan tolong jangan kasih pilihan dong..biarkan saja kita yg ketik sendiri..suka banget mau batal tapi tidak sesuai dengan situasi yg terjadi,misal drivernya yg emng kelamaan lah dan customer mang minta batalin biar keganti driver lain yg lebih cepat dll,biar setiap pembatalan tuh gk merujuk krna resto semua yg salah..resto sibuk lah..resto tutup lah..mana pernah saya begitu ditengah jualan..pilihan nya bnr2 gk ada yg sesuai dgn peristiwa yg terjdi,mohon fix it ya🙏",3,2023-11-16 08:39:02,0,"resto, orderan, driver, customer"
GrabMerchant,com.grab.merchant,2234df98-1e8b-4c3a-a973-ff8d2cc0df9a,Masih Yang dulu,"kenapa skrng kok pencairan uang nya siang2 terus yaa, pdhl kan bagi kami para merchant butuh untuk belanja pagi2...repot bagi kami para merchant mau belanja kl pencairan nya siang2, apalagi grab nya yg rame...pdhl dulu pagi2 dah pencairan",3,2023-11-13 07:31:23,0,"merchant, pencairan"
GrabMerchant,com.grab.merchant,a17f0062-2bcc-4ce0-b537-bc68f6a226ca,Tri Yoga Purnawan,"Diomelin driver mulu resto saya, notifikasi ga ada suaranya, bikin jelek toko Dipenilaian driver sekitar,",3,2023-11-11 20:32:53,0,"resto, driver"
GrabMerchant,com.grab.merchant,5f94a828-bc46-4398-8c75-b7d7e13bd601,Siti Maesyaroh,Ini grab merchant knp g bs di buka ya aplikasi nya..?? Ada yg bs bantu...?,3,2023-11-11 08:27:16,0,merchant
GrabMerchant,com.grab.merchant,0f78dfb3-d715-4d99-a263-e391a59ff82a,abdul rohim,"Aneh banget resto tutup tapi orderan bisa masuk .gmna ceritanya resto tutup tapi orderan bisa masuk ,gak masuk d akal",3,2023-11-10 10:51:15,0,"resto, orderan"
GrabMerchant,com.grab.merchant,320a4003-fd60-49ac-bb1b-715ad299fe1c,Pengguna Google,"Saya pernah ribut dan di keroyok sama drivers gara² aplikasi ini....2 orderan masuk ke satu driver, pesanan pertama pas banget driver datang makanannya sudah jadi...lalu pesanan yg kedua baru di proses & memang saat itu antri karena byk jg yg dine-in...si drivernya gak mau nunggu lama karena pesanan yg pertama sudah jdi..padahal pesanan yg kedua baru di proses...disitu kami debat hingga terjadi pemukulan ke saya.. Wahai mitra Ojol : tolong berprilaku baik kepd resto karena kt saling membutuhkan",3,2023-11-09 13:02:29,1,"resto, mitra, pesanan, orderan, orderan masuk, driver"
GrabMerchant,com.grab.merchant,79030790-02d9-4b1b-bd3f-db9faeea686c,Fina Anggi,"Halo admin, akun grab merchant saya tidak bisa dibuka karena lupa password dan akunnya, karena sdh lama sekali tdk buka toko (tutup/bangkrut) Krn lupa sudah pernah bikin grab merchant, saya ingin menonaktifkan akun tsb. Apakah bisa dibantu? Terimakasih",3,2023-11-09 12:30:03,0,"merchant, buka toko"
GrabMerchant,com.grab.merchant,ae753354-be59-40ff-bd19-d04331b82a91,Aang Nuryana,Maaf aplikasi berhenti kenapa ya ? Ga kebuka ada pesanan juga ga ketauan soal nya berhenti.di laporkan juga ga bisa malah keluar.udah di apdet juga sama ga kaya gitu.tolong ya,3,2023-11-07 21:11:32,0,pesanan
GrabMerchant,com.grab.merchant,0f4cd1ab-9377-4eec-87c1-a4550bd82d58,chasanah baim,Kok malah gak bisa dibuka setelah upgrade jd ada order gk bisa lihat orderannya dan driver tau2 sdh dtg.... Sdh hapus cache msh juga gk bisa di buka,3,2023-11-07 20:27:11,38,"order, driver"
GrabMerchant,com.grab.merchant,36603cc4-0af5-48dc-81a1-434fb7dd93fa,Alif Saputra,Selamat malam kak saya mau bertanya kok aplikasi greb merchant saya ga bisa ke buka dan langsung keluar sendiri bagaimana ini kak mohon bantuannya,3,2023-11-07 18:21:02,0,merchant
GrabMerchant,com.grab.merchant,adff4b4c-5c4e-41ac-9c7f-3be13dde877d,Siti fatimah,Kenapa ko Grabfood sekarang suka keluar aplikasi tiba2 .. Truss mau masuk jugaa kluar truss Tolong di perbaiki sistem nya,3,2023-11-07 17:35:51,0,grabfood
GrabMerchant,com.grab.merchant,c8a37f5a-4a1b-4c18-b53e-a32b6adc46f4,Ayu Afizahtunnisa,Akhir akhir ini aplikasi sering lemot Driver SDH datang malah GK bisa dibuka aplikasi nya,3,2023-11-07 17:07:59,0,driver
GrabMerchant,com.grab.merchant,a0ade543-b65b-43b4-8202-b0484cebd5ca,Irfan Riyadi,"Maaf sebelumnya aplikasi jadi berat bngt setlah di update yg terbaru,buka sma pas ada pesanan masuk loading lama bnget",3,2023-11-03 15:07:14,1,"pesanan, pesanan masuk"
GrabMerchant,com.grab.merchant,b636dd30-61d3-4c81-a89e-54e93033a337,Ojolaligroup Sukses,"Ini kenapa sih aplikasinya lemot (loading) lama bnget, jadi gk tau orderan masuk jd prosesnya lama untuk merchant, driver dan customer tidak sabaran.. tolong dong diperbaiki segera",3,2023-11-02 13:21:39,0,"merchant, orderan, orderan masuk, driver, customer"
GrabMerchant,com.grab.merchant,a314dd1c-73b8-4e38-8b0e-cad03c6100f0,Junior Zidan,Apk makin berat dan menu grabmart jadi mencar2 tolong di perbaiki semula lagi biar lebih gampang terimakasih 🙏🙏,3,2023-11-01 20:02:37,0,"grabmart, menu"
GrabMerchant,com.grab.merchant,689a0407-4b9e-40fa-bb64-804c7138683b,Rosa Anjelina,"Untuk pihak aplikasi grabmerchant mohon dibuatkan fitur penilaian untuk resto kepada driver, karna makin lama driver seenaknya ngasih bintang ke resto Disini resto 2X dirugikan Contoh: driver dapat orderan di resto dengan jarak cuman 3mnt tapi 10mnt kemudian baru sampai ke resto, sedangkan pesanan sudah selesai dari tadi sehingga makanan jadi dingin. Pengalaman saya driver lama ngambil ini saya komplain makanannya sudah dingin tapi driver selalu banyak alasan, customer pun komplain makdingin",3,2023-10-31 11:36:06,2,"resto, makanan, pesanan, orderan, driver, customer"
GrabMerchant,com.grab.merchant,7122cda4-3062-4c1a-b7a2-3d65653cd631,Miftakul Rizky,"Kasih tombol tutup buka toko dong min, kayak apk sebelah praktis ada tombol open or close nya",3,2023-10-31 09:28:42,0,buka toko
GrabMerchant,com.grab.merchant,268ed667-86a7-4bb4-a73a-cf53f7ceb95c,Herman Perwira,Ini setelah di update malah lemot jaringannya.. buka aplikasi lama banget kadang2 driver udah datang aplikasi belum bunyi.. Kadang Driver marah2 karena notif tidak bunyi sama lemot Tolong di perbaiki karena sangat membantu aplikasi ini Sementara bintang 3 dulu kalau sudah sempurna saya tambahkan bintang nya,3,2023-10-31 08:48:46,89,driver
GrabMerchant,com.grab.merchant,47fdfd34-0cf8-41b0-bb7b-208e8b4ba7ef,Agustian Qhijtara,"Mohon maaf,,ini kenapa ya kalo ada pesanan masuk,aplikasi susah buat dibuka? Pdahal sudah saya upgrade aplikasi nya.",3,2023-10-30 20:15:13,0,"pesanan, pesanan masuk"
GrabMerchant,com.grab.merchant,c7bf3696-d23a-458a-af2e-ec37f6fac0a4,Jostanity Corporation,Menu kirim uang dimana yaa? Ga nemu susah banget versi yg skrg,3,2023-10-29 14:34:32,0,menu
GrabMerchant,com.grab.merchant,0afd9251-a2ce-4868-9df4-1ee3a0a5a64c,Du Mai,"Ini kok semenjak diperbarui malah lelet susah jaringannya, padahal jaringannya aman nonton video aman, sekali buka grab merchant lambat x koneksi lambat, mau tutup makanan loadingnya lama. Tolong dibagusin lagi untuk kecepatan aplikasi, biasanya ga pernah se lelet ini, sampai udah pakai hospot/ kartu internet juga lelet",3,2023-10-26 16:41:34,32,"merchant, makanan"
GrabMerchant,com.grab.merchant,333f60fb-6930-44fe-a706-4107ccc0a4b0,Suyanto Mgl,Sudah 2 hari notifikasi pesanan ga bunyi.,3,2023-10-24 20:07:03,0,pesanan
GrabMerchant,com.grab.merchant,31d1da5d-72c6-4abf-a1c6-d44e1635fb32,cethuk motovlog,"Susah untuk mendapatkan orderan .,trus kebutuhan dapur membengkak ....",3,2023-10-18 17:53:27,1,"orderan, dapur"
GrabMerchant,com.grab.merchant,1ebcaaf3-9e8f-4412-82e5-c66f2ad5ac81,Orang Asing,Online dr pagi belum dikasih orderan,3,2023-10-11 06:45:57,0,orderan
GrabMerchant,com.grab.merchant,e43dc592-5419-4938-a756-8867c8981207,Abu Nawas,"Pembayaran terlalu siang bahkan sampai 2hr masuknya.kalau offline nya sepi,bisa gak belanja outlet nya apalagi yang baru merintis dengan modal pas pasan. Belum ada perbaikan meskipun sudah sering dikomplain",3,2023-10-10 14:14:21,9,"pembayaran, outlet"
GrabMerchant,com.grab.merchant,c449e49a-0c47-40c2-b97f-b7c5521e8cc6,Hsn Musthofa,"Jangan suka telat dong transfer ny,minimal jam 6 pagi transaksi yg kemarin udah d transfer. Makin kesini makin telat aja transfer ny , sampai tengah hari pendapatan yg kmrin kadang blm d transfer jg.",3,2023-10-10 11:42:53,0,"transaksi, pendapatan"
GrabMerchant,com.grab.merchant,d81569ba-0dec-4972-88ed-8d34ce9fe3a8,Ruslan Yanuar,"Kenapa pada kasi bintang 1. Apa masalah aplikasi apa masalah pelayanan, baru mao buka grab merchant, klo toko oren toko ijo sebelah si gak ada kendala, ya mudah"" Aja gak ada kendala, jaga nama baik grab, ingat sedikit kesalahan akan patal. Terhadap ferporma.. Jangan coba"" Hal yg aneh atau yg susah terhadap costemer",3,2023-10-02 14:47:17,2,merchant
GrabMerchant,com.grab.merchant,cfa7c1ff-2168-4e0f-81ab-15a7edfb3813,Dnafisah,"Ini aplikasinya kenapa ya min, sekarang mau menambah menu atau kategori menu kok gak bisa, padahal dulu masih bisa 🙏🏻",3,2023-10-01 08:01:00,0,menu
GrabMerchant,com.grab.merchant,76069a6f-ea1b-48a5-9506-ec29b7403a1f,Resi,"Sudah 4 x Ada orderan masuk sudah dibuat tp driver GG jalan dr titik awal driver mangkal tapi dicancel dengan alasan resto tutup dan akhirnya dinonaktifkan lah grabfoodny ! Memang bisa dibuka lagi tp selalu dapet email intinya yg salah resto (emang GG BS liat driver ny GG jln2 tgh jam smpe 1 jam tp resto yg kena imbasnya dn akhirny cust GG beli lg, pdhl kn kl GG mau diambil BS dioper kedriver lain .. Knp pilih kasih kn SM SM nyari makan harus ny jgn asal dinonaktifkan liat dulu siapa yg slh",3,2023-10-01 01:02:15,0,"resto, orderan, orderan masuk, driver"
GrabMerchant,com.grab.merchant,85af2434-8da2-4dad-b221-70c85f7c176c,Mas Ismoyo,Aplikasinya ga ada promo mandiri,3,2023-09-21 22:57:51,0,promo
GrabMerchant,com.grab.merchant,7b5fb570-7df6-4203-8706-5dfe433434e5,Aary Zumarni,Makin kesini makin gak jelas pembayaran nya dulu subuh2 pagi sdh masuk sekarang jam 4 sore saja belum masuk saldo blm di transfer ! Saya sdh jd partner 4 tahun knpa ini Grab makin ga bener...tolong segera di bayar donk buat diputar lagi duit nya bosss,3,2023-09-18 15:34:02,4,"saldo, pembayaran"
GrabMerchant,com.grab.merchant,8ece7ee0-c649-4171-b830-35d991c107fa,Famella Andini Putri,"Setelag di update kok jd lelet skrang, udh nggk kyak dlu, pas dibuka teh lama bnget buat keliatan menunya, pas orderan masuk apalagi nggk bisa dibuka, jdnya nungguin drivernya datang baru bisa bikinin orderan",3,2023-09-18 00:00:03,2,"orderan, orderan masuk"
GrabMerchant,com.grab.merchant,bf85b34b-3f70-4a68-9148-45a81b379450,Taruni Taruni,Ini kenapa gak ada menu pemasaran gimana mau buat promo tau2 ilang sih menu nya..,3,2023-09-17 17:28:04,0,"menu, promo"
GrabMerchant,com.grab.merchant,812e881a-75d7-4df6-8287-0d0723653931,Muhammad Rozie,"Tolong pengaturan menu seperti versi yg lama saja, untuk non aktifkan menu hanya dengan ceklis katalog. Untuk versi yg sekarang ribet, harus pilih satu-satu, bikin lama aja.",3,2023-09-16 12:25:49,27,menu
GrabMerchant,com.grab.merchant,08b5ca16-295c-4a98-b378-9a15e65d3e34,Dwi nurcahyo,Knpa punya ku kok nggk keluar menu cuma profil aja,3,2023-08-31 19:58:57,0,menu
GrabMerchant,com.grab.merchant,b16fa1ce-ffda-4cbe-8fd7-679b5269668b,Jocky Disco,"Promo Berjalan & iklan Berjalan, Orderan gak Ada Efeknya masih aja Anyep, padahal Minat jajan di kota saya tinggi Loh",3,2023-08-30 19:48:04,0,"orderan, promo"
GrabMerchant,com.grab.merchant,3fe11abe-9306-4c8f-9bc1-d4a997e297d1,Megantara zhie,Menu bantuan g bisa berfungsu. Pdhl sudah reinstal,3,2023-08-28 14:45:33,0,menu
GrabMerchant,com.grab.merchant,25e91fbf-4feb-4771-98d4-893dfd56057b,chanel drakor,"pesanan orang dua,,,tapi kenapa di notifikasinya cuman satu yah,,,tolong d perbaiki",3,2023-08-22 12:26:35,0,pesanan
GrabMerchant,com.grab.merchant,7399a66b-37a4-4869-8b0e-2e29eba18004,Eva Sari,"Aplikasi sudah di update, promo grab sdh dipasang, tetap aja orderan gak ada yg masuk. Parah",3,2023-08-21 22:17:36,1,"orderan, promo"
GrabMerchant,com.grab.merchant,381cf443-c96f-479e-aa12-7f8436626853,Eva Farida,Coba di aplikasi pusat bantuan ada yg bisa via whatsapp.jadi jika resto maupun driver pgn nlp tidak boncos.nlp operator itu bisa habis 20_50 ribu.kadang kita juga enggan mau nlp2 cs. Krn itu tarifnya yg mahal.pdhl mah kog urgent.tolong pihak aplikasi ini penting.buat kemajuan bersama.saling membantu Terimakasih,3,2023-08-16 11:54:21,1,"resto, driver"
GrabMerchant,com.grab.merchant,f351cfbe-292b-4509-bdc8-a46cbedf4a6d,Dessy Mutiara,"Sebetulnya aplikasi udah bagus, notifikasi selalu bunyi, sales managernya jg aktif wa tiap ada promo baru. Tp semenjak ada waktu persiapan bikin resto bingung, orderan banyak di waktu 10 menit aja, klo makanan gk mateng imbasnya resto di beri rating jelek.",3,2023-08-16 11:00:10,55,"resto, makanan, orderan, promo"
GrabMerchant,com.grab.merchant,64eb8102-df7f-400f-8f86-e791862607e8,Pardi Pardi,Ko sampai sekarang resto sy belum ada pesanan masuk dari grab ya,3,2023-08-05 09:02:06,0,"resto, pesanan, pesanan masuk"
GrabMerchant,com.grab.merchant,793f5a22-76b7-4324-a18d-44a0a6f84724,Sumarno Deka,"Sekarang ini aplikasi makin parah, Setiap kali ikut promo malah potongannya gedean blm lg di kenai pajak pulah,",3,2023-08-03 15:28:45,0,promo
GrabMerchant,com.grab.merchant,706268ad-3a41-4567-86a1-4df6bae91222,Edi Junaedi,"Kenapa skrg"" aplksi ini bukan makan bagus, malah makin ga jelas.. tiap buka aplikasi selalu mnta aktipin lokasi.. dan sekarang malah pencairan jadi lambat, biasa nya jam 4 pagi udah cair.. skrg jam 10 baru cair... Itu kan buat di putar modal belanja lagi.. 👎👎.",3,2023-08-02 13:26:30,10,pencairan
GrabMerchant,com.grab.merchant,ee68489a-00ba-4774-98d8-725bd7047a72,Kasih Mozza,diskon menu suka terjadi bug resto grabfood kami...,3,2023-08-01 12:00:01,0,"grabfood, resto, menu, diskon"
GrabMerchant,com.grab.merchant,6ace4236-922c-45aa-bfbd-b5253e20844f,Ade Nandar,"Aplikasi tolong diperbaiki lgi, masa notif pesenan sering gk muncul, tiba tiba udh ada driver aja ke warung, pesenan blm disipain, suka kadang ada barang yang kosong, jadi kalau notif muncul saya bisa belanja dulu sebentar buat beli yang kosongnya ke grosir sebelum datang driver",3,2023-08-01 11:50:19,3,"warung, driver"
GrabMerchant,com.grab.merchant,9add446f-1de3-44f4-8a4e-bc3c57de8edf,Chairul Anwar,Kadang driver sdah Dateng notip baru bunyi sedangkan persiapan kamu hidangan dadakan jdi lama tolong notip di perbaiki lgi mks,3,2023-07-27 17:37:48,0,driver
GrabMerchant,com.grab.merchant,67c68dfe-f8a1-4634-afcf-691cd6ec54f9,Mohammad Rosul,"sering kali notifikasi tidak bunyi driver datang dan bilang ada order baru tau kalau ada order masuk, tolong d perbaiki...",3,2023-07-26 21:47:26,0,"order, driver"
GrabMerchant,com.grab.merchant,d0bcc6dd-2d5b-4618-8c2f-bca43e7193b7,Nyai Semar,Kenapa tidak ada ringkasan pembayaran di menu pembayaran...update lgi bossss,3,2023-07-26 08:01:28,0,"menu, pembayaran"
GrabMerchant,com.grab.merchant,9d5abd9c-aa2a-441e-8163-17764d16c593,Puji Anggun Pertiwi,Notifikasi order baru sering mati,3,2023-07-24 14:21:18,0,order
GrabMerchant,com.grab.merchant,7efca914-715a-46e0-bff0-eaf88807951a,Wiwin Anisa,"Tgl 22 july penjualan sy ada 2 transaksi. Tp yg msuk d saldo sy cmn 1 trnsaksi, rugi dong saya. Oy tlg pihak grab bnyak se x psanan fktif g jls yg msuk kshn drivernya. Se x tlg d cek akun2 g jls itu",3,2023-07-23 08:08:36,0,"saldo, transaksi"
GrabMerchant,com.grab.merchant,4b27ca24-498b-4b7d-9df9-513701e62277,Dedy Haryanto,"woi,,, maunya apa nih? dah beli saldo pengemudi, pinnya blm dikirim2, giliran mau lapor masalah ga bisa diisi formnya!!!",3,2023-07-21 06:13:05,0,"pengemudi, saldo"
GrabMerchant,com.grab.merchant,df674ba2-fa70-4660-bd3b-1933f1c1649f,Agung Romadhoni,"Mungkin bisa dijadikan masukan, misal ada pesanan salah/kurang, kontak pembeli ada yg bisa dihubungi, jadi masalah cepat terselesaikan, ga harus laporan dulu ke grab merchant nya",3,2023-07-20 09:18:10,2,"merchant, pesanan"
GrabMerchant,com.grab.merchant,6455a02c-7b8e-48a5-b0c6-34d62d077fcf,ari wibowo,"Grab Kios untuk layanan pembayaran PDAM tidak muncul meter pemakaian,mohon ditingkatkan kembali",3,2023-07-17 17:37:08,0,pembayaran
GrabMerchant,com.grab.merchant,faf335f7-99a8-423d-8ea3-d96573250362,Nina Kurnia,"Tolong diperbaiki yaa,masak orderan sudah dibuka notif masih bunyi terus terusan",3,2023-07-06 18:41:32,2,"orderan, masak"
GrabMerchant,com.grab.merchant,725089b8-b14f-47b0-b425-8eba9ab8f8b1,Andi Gunawan,Kenapa jam operasional sy msh tutup trs pdhl dh buka,3,2023-07-06 15:36:21,0,jam operasional
GrabMerchant,com.grab.merchant,5cd8179b-e773-4cc3-93ba-7a948783bcb8,Cikkibox Official,"entah apa masalahnya, orderan sangat menurun drastis, mungkin karena di luar sana SDH byk jualan yg serupa,,, terus entah knp notifikasi GK bunyi meski SDH seringkali di cek GK ada masalah,,, driver kburu datang aplikasi baru di buka,, sedangkan tandain siap hrs sesegera mungkin dgn wkt yg sangat terbatas",3,2023-07-05 16:12:46,3,"orderan, driver"
GrabMerchant,com.grab.merchant,c441663b-030c-4f99-a403-38c7858db7ae,Achmad muklis Wahyudi,Kenapa sering ada orderan masuk tapi notif lambat tidak masuk .Driver malah sering complain ke resto,3,2023-07-03 21:02:02,0,"resto, orderan, orderan masuk, driver"
GrabMerchant,com.grab.merchant,100ee3cf-c81d-4d85-8b59-6ac679c1dfde,Revo Luwandi,Kenapa motifnya sering telat driver sudah datang baru ada motif pdl udah di setel sedemikian rupa suara jga udah maks jadi sering telat menyiapkan pesanan .Apalagi kalo resto lgi ramai oleh tetangga sebelah pesanan grap jadi terabaikan trimakasih.,3,2023-07-03 07:36:21,0,"resto, pesanan, driver"
GrabMerchant,com.grab.merchant,30de52c0-6080-412e-9118-20ba806b8d09,imron rosadi,"Banyak bug , ada orderan masuk sudah di pickup tapi notifikasi gak berenti bunyi , bunyi notif barulang-ulang ,padahal sudah bebrrapa kali isntal ulang hapus data aplikasi ,tapi masih tetap bunyi notif terus menerus .",3,2023-07-02 17:27:37,0,"orderan, orderan masuk"
GrabMerchant,com.grab.merchant,8603ae95-0ddb-4fc6-ba6a-f012088fe66e,Nurudin 778,Bintang 3 dulu karana makin di update kok semakin lola saja dalam membuka aplikasi pada saat ada orderan masuk. Mohon segera di perbaiki seperti dulu,3,2023-06-26 15:32:48,1,"orderan, orderan masuk"
GrabMerchant,com.grab.merchant,385948f2-ad3b-4888-b239-baf0085a5ccd,Iweng Iweng,"Tolong diperbaiki sistem notifikasi pemberitahuan masuk orderan, karena sistem notifikasi pemberitahuan lambat,, driver sudah berada ditoko notifikasi tidak berbunyi sehingga sampai buka aplikasi dahulu baru berbunyi notifikasinya..",3,2023-06-24 21:22:38,2,"orderan, driver"
GrabMerchant,com.grab.merchant,52407666-eb66-42d5-8da9-6306f7095ab2,Gomgom Irsantoro Sihite,"TOLONG UNTUK GRAB MERCHANT NYA DI UPDATE LAGI SUPAYA PESANAN MASUK ADA NOTIFIKASI NYA , SAYA SELAKU DRIVER SELALU MENUNGGU LAMA DI RESTO. TERIMAKASIH",3,2023-06-24 19:43:01,0,"resto, merchant, pesanan, pesanan masuk, driver"
GrabMerchant,com.grab.merchant,d9070234-bea8-48e2-b577-70e43d8e5442,Lintang Octaviani,Apa tokoku aja. Yg g pernah dapet orderan.. pdhal Uda pake iklan Ads berbayar n ikut fitur promosi.. harus gmna lagi y.. Uda d promoin d medsos juga,3,2023-06-24 15:38:51,0,orderan
GrabMerchant,com.grab.merchant,f9083550-e635-4a7a-b3f9-949e32c16ad8,Rudi Gunawan,Fitur di perbarui tapi merchant tidak bisa melihat sado di bulan yang sedang berjalan atau di bulan ini misalnya merchant sangat penting untuk memantau saldo yang masuk di hari dan bulan yang sedang berjalan itu harus bisa dilihat bukan bulan yang lalu itu ga bagus,3,2023-06-24 11:53:05,0,"merchant, saldo"
GrabMerchant,com.grab.merchant,4780469b-e94e-4419-b96c-341f01b57b17,Karissa Anindia Elyasa,"Kenapa skrg 1 driver bisa menerima 2orderan di resto yg sama, takutnya driver salah kirim orderan jdnya plgn salah pesanan. Kalau bisa 1 driver untuk 1 pesanan saja agar terhindar dari kesalahan pengantaran.",3,2023-06-21 08:01:47,1,"resto, pesanan, orderan, driver"
GrabMerchant,com.grab.merchant,cb04b658-0899-4649-bc56-43af24cddd4c,Nasi liwet Dd nisa,"Mau kasih saran,tolong dong untuk insidan pesanan dana jagan di kembalikan full kepembeli kesalahn mungkin ada di resto untuk pesanan yang kurang tp mereka juga udah untung dapat makanan free dan dana di kembalikan di sini yang di rugikan jadinya pihak resto setidaknya kembalikan setengah harga saja jadi kita gak rugi banget,,tolong di pertimbangkan ya oihak grab merchant kasihan kami yang hanya resto kecil,trims🙏",3,2023-06-17 09:11:35,0,"resto, merchant, makanan, pesanan"
GrabMerchant,com.grab.merchant,4dd49e89-c36d-4245-9c0a-78bce4607d24,Dicky Azka1302,"Mohon di update, untuk di tambahin prit nota / cetak struk belanja, seperti di gobiz, sangat membantu dan mempermudah melayani pelanggan,, mohon di adakan,, trimakasih",3,2023-06-16 08:13:59,0,pelanggan
GrabMerchant,com.grab.merchant,c35cea53-2ff7-42c7-9801-67809e4d7666,Mp78 Salatiga,"Maaf, sebaiknya kasih menu balas untuk ulasan dr pelanggan, karena tidak semua komentar dr pelanggan bisa dipertanggung jawabkan.. Kami yg bekerja jd kena imbasny...",3,2023-06-13 21:03:22,0,"menu, pelanggan"
GrabMerchant,com.grab.merchant,3f596a44-ea75-4035-bedb-757bb14d0209,yanto yanto,Beberapa hari gak ada pesanan,3,2023-06-13 15:46:47,0,pesanan
GrabMerchant,com.grab.merchant,c45c69d7-80a3-414f-ba86-ecb42c6221f1,Marcel Oktavianus,"Aplikasi jelek,setiap swipe dan mau ke bawah,info uang masuk hari sebelumnya malah gak muncul,malah muncul notifikasi ""ups ada yang salah"",bikin kesel,udah gitu kena potongan qris lagi",3,2023-06-03 22:35:45,0,qris
GrabMerchant,com.grab.merchant,e8758c4b-3f52-4f09-af3b-2878158db2ae,Yeni Yuliani,"Tolong kpd pihak grab untuk meemperbaharui sistem nya agar driver tdk seenaknya membatalkan pesanan,sering dapat saspen dr grab karna ulah driver yg membatalkan pesanan dngn alasan resto tutup",3,2023-06-03 06:43:28,1,"resto, pesanan, driver"
GrabMerchant,com.grab.merchant,26766276-794f-469f-8af2-ff2d2f56ea71,Indra Samudra,Jangan terlalu memanjakan driver n costumer kadang mereka ngasih penilaian se enak jidat mereka tolong sistemx di perbaikin biar kerjasama kita terjalin dengan baik,3,2023-05-29 16:31:46,0,driver
GrabMerchant,com.grab.merchant,2bfb3aed-e8a5-4551-8371-773170e7c59f,Jesica Eclesya Natasya,Sekarang grab membingungkan buat penambahan menu di aplikasi. Ga kayak dulu lebih mudah,3,2023-05-27 10:56:57,0,menu
GrabMerchant,com.grab.merchant,a49ce9db-7c47-4a75-b37d-7f7146733509,Angga Dwi Cahya,"g ngerti sama pola rating gmna ceritanya rating saya yang tadi nya 4,7 trus tiba"" turun jadi 4,4 merugikan resto banget kalo kaya gitu mah",3,2023-05-26 22:41:09,0,resto
GrabMerchant,com.grab.merchant,4293f01c-b8ef-4ebd-b135-a8af95239658,Vera mariska,Klo ada orderan masuk kadang tidak ada notifikasi nya,3,2023-05-26 10:21:05,0,"orderan, orderan masuk"
GrabMerchant,com.grab.merchant,aa36189a-bd1b-43a6-94d1-d772275d68b8,Aisyah Fatma,Suka nutup sendiri padahal saya lagi buka resto coba di perbaiki lagi aplikasi nya ya solihhhh,3,2023-05-25 22:02:24,1,resto
GrabMerchant,com.grab.merchant,9d23b9ac-e3f1-447e-b7d4-293a55371e4a,Dian Astriyani,"Tolong tambahkan fitur pembatalan karena driver tidak datang, kami berkali-kali harus melakukan pembatalan krn driver tidak datang, tpi pembatalan alasan harus krn kami tutup atau sibuk.",3,2023-05-24 14:29:03,0,driver
GrabMerchant,com.grab.merchant,29fbff3d-5768-4bdc-9b19-5614d149a64b,Lucia Veronica,setelah diperbarui malah nggak bisa masuk ke grab merchant aneh,3,2023-05-23 12:14:48,0,merchant
GrabMerchant,com.grab.merchant,bb3a55e9-1b0c-4546-935d-bf6b44ecbef8,Reni Oktaviani,"Kenapa yaa proses pembayaran penghasilan orderan suka gak jelas,kadang full di tranfer kadang juga gak full ,udah gtu gak ada penjelasaan itu potongan apa,jatohnya rugi si buat penjual kecil. Mana susah banget kalau ada kendala apa2 gk bisa hubungi cs nyaa.",3,2023-05-22 11:55:26,0,"orderan, pembayaran"
GrabMerchant,com.grab.merchant,dcc5e597-612b-456b-b5c9-6181d38a52b9,Briliant's,"Fitur aplikasinya kurang lengkap, sebaiknya ada fitur toko tutup dan buka secara manual seperti aplikasi sebelah, ini toko mau ditutup harus merubah pesanan ditahan, kalau mau tutup agak lama harus bikin jadwal manual. Ribet",3,2023-05-19 18:01:52,0,pesanan
GrabMerchant,com.grab.merchant,a6e16cb3-5e15-46ba-81ac-80d02ae7c0cd,BUDHY BIMZ,Ini gimana kok jadi gaco aplikasinya berubah sendiri jadi gak bisa lihat detail keuangan orang bayar Qris jg skrgga bisa diihat,3,2023-05-17 22:04:50,0,qris
GrabMerchant,com.grab.merchant,8952bf27-9218-4423-8b58-af8d3566ea66,Zamroni Roni,Kak kok gak bisa buka milih menu grab kios,3,2023-05-17 00:36:49,0,menu
GrabMerchant,com.grab.merchant,6fad5da7-2df7-4c5b-a2dd-3dbe2edcca86,Abd Gafur,Kenapa grab merchant saya tidak bisa balas ulasan dan setting printer ya,3,2023-05-16 01:29:59,0,merchant
GrabMerchant,com.grab.merchant,6310382e-3f0f-4533-a206-093c3c736efd,Ayunindya Maharani,Selalu dan selalu ga dapet notif orderan masuk.. sampai kena marah driver karena sudah sampai tempat tapi pesanan belum siap,3,2023-05-14 17:41:17,0,"pesanan, orderan, orderan masuk, driver"
GrabMerchant,com.grab.merchant,3fe5f5d2-0d05-49f9-9e0a-ca61b3cb9f0e,ndy chngo,"tolong dong Buat apk nya diperbaiki lagi suka Idup otomatis sendiri..pdhal resto sudah saya Matikan di awal Tiba"" bisa idup sendiri..Tolong ya pihak grabmerchant diperbaiki lagi Apk nya..",3,2023-05-14 01:04:31,1,resto
GrabMerchant,com.grab.merchant,f4dfb658-e39e-4f13-9ef7-3cfb72ea60dc,Meilina 26,"Setiap kali masuk loading terus lama... Padahal kuota cukup, pakai wifi juga begitu,jadi setiap kali ada pesanan masuk lama lihat pesenan nya apa, harus tunggu loading , 😌 mohon di perbaiki dong Grab",3,2023-05-12 12:08:15,3,"pesanan, pesanan masuk"
GrabMerchant,com.grab.merchant,8ed5f821-d728-4d37-9680-ab3b9eaaa533,andi riski,"Pesanan selalu dibatalin driver dengan alasan resto tutup padahal mah restonya buka dan pesanan sudah diproses,tolong dihilangin dong alasan restonya tutup biar gak mengecewakan ownernya soalnya gak pindah kedriver lain kalau alasannya resto tutup",3,2023-05-09 18:44:02,0,"resto, pesanan, driver"
GrabMerchant,com.grab.merchant,1e85bb9a-9439-4c7d-8901-5b98ad9840c3,Anita Fitriana,"ko tiba-tiba ke log out dari aplikasi dan gabisa log in lagiii, sering bgt begini dan juga kendala di notifikasi jika ada pesanan masuk ya harus tetap log in terus agar aplikasi berbunyi",3,2023-05-08 17:20:20,2,"pesanan, pesanan masuk"
GrabMerchant,com.grab.merchant,54f7ec4a-baa6-4388-84f5-d45d698e554c,Silvi Rahmawati Dewi,Pesanan lagi dibuat tiba-tiba drivernya telfon pesanan dibatalin. Terus dibatalin sm si drivernya. Kok bisa begitu sih? Ngerugiin resto kalau kaya gitu. Makanan udah dibuat eh malah dibatalin. Untuk pihak grab tolong diperhatikan & diperbaiki kembali sistem nyaa,3,2023-05-08 08:20:41,16,"resto, makanan, pesanan"
GrabMerchant,com.grab.merchant,7349106d-8041-4a93-a8c9-4425e5ac3377,Suherman,Cukup membantu untuk restoran saya.,3,2023-05-06 20:16:25,0,restoran
GrabMerchant,com.grab.merchant,dfc178d7-50ff-457c-abaf-2b4911f3c75e,p T,"Email saya kok tiba2 terdaftar di grab merchant ya, pdhl saya gk pernah daftr lo sblmnya, saya coba masuk pake password yg dikirim ke email tp gak bisa kebuka, cs beda ya sama grab biasa? Kira2 aman gk nih? Takut aja saya ada unsur penipuan mengatas namakan email saya, mohon pencerahannya",3,2023-05-05 16:42:57,0,merchant
GrabMerchant,com.grab.merchant,967d8aa9-5267-41a9-a24c-e866776d71bb,prillya cahyani,"Kenapa sekarang Grab jadi suka molor notif orderan nya ya ,, kalo driver gak nelpon dulu , udah deh lewat",3,2023-05-05 02:18:28,0,"orderan, driver"
GrabMerchant,com.grab.merchant,b7f12b25-3570-48c4-a7a4-f4f8b38e3acc,Muhammad Khalid,Udah mau setahun gabung tapi masih susah dapat orderan,3,2023-05-04 17:31:55,0,orderan
GrabMerchant,com.grab.merchant,caf47aa9-6d7f-4a5d-83d6-ae5c9be84115,Alya yulia Ningrum,Fitur cek transaksi/pembayaran tidak ada jadi gabisa tau pendapatan nya berapa dan cairnya kapan😪,3,2023-05-03 22:09:52,0,"transaksi, pendapatan, pembayaran"
GrabMerchant,com.grab.merchant,e9ab32c2-6522-4df4-8128-d922540663f5,Kuswarna Ccp,"Aplikasi skrg makin norak aj, kudu siap lah, namanya jg jual makanan yg ngedadak dimasak koq, kita usaha in masak dg cpt",3,2023-05-02 20:48:53,0,"makanan, masak"
GrabMerchant,com.grab.merchant,be9a08f0-66b0-4466-aec6-f5f5a6a2bedb,Yulia MSI,"Udah beberapa bulan Setiap ada pesanan gapernah ada notifikasi nya, tolong di perbaiki lagi min",3,2023-04-29 17:07:09,0,pesanan
GrabMerchant,com.grab.merchant,6a4c367f-b888-4dc5-8ee9-ec4b082f195b,lona rita,Kadang ada orderan tetapi tidak ada suara atau nada,3,2023-04-29 11:19:22,0,orderan
GrabMerchant,com.grab.merchant,7afc4e06-b28e-49a4-bc9a-d65f4f802c9a,Renaldy Alief,"Ini buat fitur klo orderan nyaa banyak di waktu bersama an tolong untuk pencarian driver nya yg lamaa, sering bgt di cancel sepihak ketika udh di buat pesanan tolong lah..",3,2023-04-27 09:49:56,0,"pesanan, orderan, driver"
GrabMerchant,com.grab.merchant,1c8a701b-fced-43aa-935b-4cf352dc1bee,Wakri Arief Siddiq,Tingkatkan promo dan bonusnya,3,2023-04-25 15:49:31,0,promo
GrabMerchant,com.grab.merchant,aaf7cff1-1c4c-4e6d-8438-b5c2023d9a2f,Seno Jilan,"Dear grab User tdk bisa login, selalu masuknya ke grab kios, dan sekarang sudah tutup permanen, sudah dikonfrimasi callcentet per tanggal 4 april 2023, skrg tgl 22 april 2023, kenapa bisa resto buka? Mohon segera ada solusi, agar tidak merugikan customer dan juga driver",3,2023-04-23 10:18:53,0,"resto, driver, customer"
GrabMerchant,com.grab.merchant,20e4fb2e-b568-4bff-a406-165187bfdb7a,Song Fa Puri,"Aplikasi ketika di running selalu mengalami bug/stuck pada logo pembuka. Tolong di update lagi sistem apps nya. Agar mempermudah mitra kerja saat menggunakan apps ""GrabMerchant""",3,2023-04-20 17:06:24,3,mitra
GrabMerchant,com.grab.merchant,287f12c7-c4fc-45d9-a77c-0057203bab1c,FAUZI,"Saya mau tanya,saya mitra pengemudi grabdriver,saya biasa isi saldo pengudi dari aplikasi ini,,setelah diperbaharui kok gk ada lagi tampilan grabkios nya,,yg ada tampilan karyawan,bagaimana solusinya ya????",3,2023-04-19 09:47:34,0,"mitra, pengemudi, saldo"
GrabMerchant,com.grab.merchant,6528611d-6452-45a4-af8b-e9b65035f422,Meidina family kids Lina,Resto saya tidak di temukan parah,3,2023-04-17 18:52:32,0,resto
GrabMerchant,com.grab.merchant,7fd93152-4260-4be1-8c89-363c75035f49,Jeffry El Fatah,"Ini gak ngerti sama grab, Kata nya pembayaran akan masuk secara otomatis ke rekening, tapi smpai saat ini gak ad masuk, dan saldo tiba tiba berkurang terus, maksudnya gmna sih??? Udah 3x pesenan lama lama rugi klau gini, niat dagang mau cari untuk malah buntung, tolong di bantu",3,2023-04-15 05:58:43,8,"saldo, pembayaran"
GrabMerchant,com.grab.merchant,178dc024-7723-4fce-b027-babf05ad20a1,Putra Galuh,Aplikasi sering susah di buka. Jadi susah mau update menu yg tersedia dan tidaknya.,3,2023-04-14 16:28:12,0,menu
GrabMerchant,com.grab.merchant,923ba03c-e350-407f-a813-5405ea1ca583,Hariyadi,Udah pembaruan lagi Bae..orderan makin sepi yaakk...Uda pasang promo yg masuk akal sehat tetep ga ngaruh...kalah sama yg punya brand gede,3,2023-04-13 18:53:56,0,"orderan, promo"
GrabMerchant,com.grab.merchant,66667eec-6d08-416b-abf2-954ae0405856,Icoy buncir,3dulu klo orderan gw uda banyak gw tambahin,3,2023-04-12 16:09:33,0,orderan
GrabMerchant,com.grab.merchant,ac066b00-9c2e-44f4-a424-bc10383d64d4,yonk fajar,"Versi sudah update. Eror sudah 3 hari pada fitur promo mandiri,, keluar keterangan Not allow. Hoaaammm. Sudah lapor tetap saja masih ,, dicoba di perangkat lain tetap tidak bisa",3,2023-04-09 22:08:40,4,promo
GrabMerchant,com.grab.merchant,50fc9908-9fdf-43bc-8492-de71da13dba3,Ayam Kremes,"Sangat beresiko bagi Resto krn aplikasi otomatis terbuka sendiri walaupun Resto masih tutup, akibatnya pelanggan kecewa krn merasa dipermainkan. Harusnya seperti aplikasi sebelah yg bukanya manual sehingga lebih aman.",3,2023-04-09 14:08:13,2,"resto, pelanggan"
GrabMerchant,com.grab.merchant,b4005596-8b87-4763-a4e5-da85e8e60980,Yanto Asmuni,"Dear grab merchant, tolong di perbaiki untuk waktu persiapannya. Kan gak masuk akal penjual nyiapin makanan dalam waktu 5 menit. Penjual kan ngejual makanan yang harus dimasak dulu, bukan ngejual makanan yang udah mateng, jadi tinggal bungkus kasih ke driver ( kagak kek gitu yaa!!) .",3,2023-04-04 19:44:42,0,"merchant, makanan, driver"
GrabMerchant,com.grab.merchant,5b1dc108-874a-4ebc-aaba-7701cb1a8a8d,Nugroz Hadi,"Tolong tampilan mapnya di perbaiki lagi Harusnya informasi setiap titip maps klauar seperti di google maps,sangat menyulitkan pengguna baru dan ujung2nya kalau salah titik maps driver ojol juga yang susah.",3,2023-04-03 15:26:20,0,driver
GrabMerchant,com.grab.merchant,ca82bc34-4857-4b2b-8e69-36a68c8cfed4,Rachma Wati,Koq aplikasi merchant saya gak bisa edit dan buat menu baru ya...,3,2023-03-28 20:17:25,0,"merchant, menu"
GrabMerchant,com.grab.merchant,fb7816bf-4e2f-461a-8db7-523ac5c84fe2,Abadi Vvip,"Tolong di tingkatkan lagi dong, masa kadang2 ada dana yg GK langsung di cairin. Jadi harus ke pusat bantuan dulu, itupun harus nunggu beberapa hari lagi. Bagaimana coba klo warung kecil, dana nya pas2an buat modal dagang. Jadi nya GK jualan dulu, karena nunggu dana nya di cairin dulu..",3,2023-03-28 04:31:53,0,warung
GrabMerchant,com.grab.merchant,657047d4-edde-4f89-85d3-8a3ae5dc9d21,Maya Maulina,"Saran saya, tambahkan fitur konfirmasi dari resto terlebih dahulu, baru ke driver. Kadang driver tiba2 datang padahal gak ada notifikasi dari aplikasi :')",3,2023-03-27 16:55:07,0,"resto, driver"
GrabMerchant,com.grab.merchant,73ad253c-20e8-4a1b-9862-dbb1333c804c,Yamaha Gorontalo,Coba untuk lebih memperhatikan cara buka tutup aplikasi. Baiknya ada pilihan buka tutup manual. Yg jika kita tutup resto tidak akan terbuka selama belum di buka di aplikasi. Karna beberapa kali kejadian pada resto yg jam bukanya flexibel sperti kami masuk orderan di aplikasi yg sdah otomatis buka saat kami belum buka.. Karna agak ribet kalo tiap hari harus buka tutup pengaturan jam buka..,3,2023-03-27 14:10:14,0,"resto, orderan, jam buka"
GrabMerchant,com.grab.merchant,3b926e39-19d7-47e3-a614-c83147e2fd3c,Ilham Pizza,"Tolong bantuannya, masalah di aplikasi ada pesanan masuk tapi tidak muncul notif dan jika ad pembayaran melalui grab merchant tidak muncul juga notifnya. Kasihan driver yg sudah datang ke toko, mau ambil pesanan tapi saya bilang tidak ada pesanan masuk. sampe saya dan driver berdebat karena di aplikasi tidak muncul notif pesanan, saya sudah mencoba hub pusat bantuan tapi tidak ada solusi yang dapat membantu...harap menjadi perhatian, terima kasih",3,2023-03-26 23:55:04,4,"merchant, pesanan, pesanan masuk, driver, pembayaran"
GrabMerchant,com.grab.merchant,960ff1ce-99d8-43ff-b785-85471a3c1037,Andi Andi,"Halo Grabbike palembang Saya mau bagi pengalaman dapat orderan gado gado kang husein tapi resto tutup lalu cancel bukti foto restoran tutup ada lalu penyelesaian harian turun, setau saya restoran tutup penilaian harian tidak turun Apakah driver yang lain ada pengalaman yang sama penilaiannya turun? Kalo turun untuk apa datang ke restoran jauh jauh lebih baik cancel di tempat Penilaian harian turun Waktu jam 12 siang orderan ramai Resto banyak Satupun orderan tdk msuk selama 2 jam",3,2023-03-26 15:00:22,0,"resto, restoran, orderan, driver"
GrabMerchant,com.grab.merchant,6f5842cf-4ce6-46f9-b5ec-9d48ef7184cd,arif cakwe,setelah updet jam buka tutupnya jdi ngaco ribet hrus di seting berulang ulang..dlu ada tutp 24jam skrang hilang...tolong dong bikin lebih nyamn lagi..mksih,3,2023-03-23 11:34:51,0,jam buka
GrabMerchant,com.grab.merchant,5edc262c-08c5-4e81-be93-6cfac2e022c9,Qurrotul aini,"Kenapa jam tutup yg biasanya 24 jam di ganti hari ini kk ntar kan klo hidup sendiri pas tengah mlm lagi ...klo ada pesanan masuk waktu lgi enak2 istirahat jadi bingung, iyak klo pesanannya lgi ada cma tinggal nyiapin aja, klo lgi kosong kan bingung kitanya pasti kena kensel jga tu orderan kasian drivernya kan klo pas uda ada di depan resto lgi nungguin...soalnya klo jam tutup hari ini hidupnya itu tengah mlm kk kayak tdi pagi2 uda ada pesanannya jadi aku kensel karna orderannya blum ada kk",3,2023-03-19 20:11:54,0,"resto, pesanan, pesanan masuk, orderan"
GrabMerchant,com.grab.merchant,68227884-2f83-4b90-89bf-20f158153019,KkalakbayakK,"saran,..tombol buka tutup resto dibuat TANPA DURASI..resto ditutup sampai Anda buka kembali. ini lbh nyaman..thx🙏",3,2023-03-19 12:15:40,1,resto
GrabMerchant,com.grab.merchant,0eaf43b8-a578-4e8a-92c0-477161c41047,Eva Sadiah,"Lumayan membantu ,tapi tolong lebih di benahin lg aplikasi nya supaya lebih baik ,keluhan saya saat ini tiba tiba liat aplikasi mercent itu ada tanda sedang di tahan ,padahal saya tidak merasa menahan pesanan ,itu klo tidak di cek bisa bisa dr buka sampe tutup ngk ke kontrol bisa tidak dapat orderan sama sekali karna DITAHAN otomatis oleh aplikasi y ,bukan sama yg megang resto atau yg megang aplikasi.",3,2023-03-18 20:48:59,35,"resto, pesanan, orderan"
GrabMerchant,com.grab.merchant,8bee2d6d-3d04-49ad-abfa-f7a239cababe,Putri Wulandari,"Persiapan waktu penyajian kadang tidak masuk akal, misal.. ada beberapa pesanan yang masuk, dan yg dipesan ayam bakar yg perlu waktu lebih lama, akan tetapi waktu penyajian sama saja tidak menyesuaikan dengan kuantiti pesanan.. pernah dapat waktu penyajian 7 menit untuk 5 item pesanan yg harus dimasak dlu.. Fitur edit waktu penyiapan juga belum tersedia untuk resto saya.. Makin kesana apps makin ngadi² , agak kecewa..",3,2023-03-15 17:40:49,225,"resto, pesanan"
GrabMerchant,com.grab.merchant,e423f73c-0778-4fb9-8fe4-76895eeef1e1,Kie Petruk,"Terkadang notif pesanan masuk tidak bunyi jika sedang di latar belakang.. Padahal sudah setting notifikasi, clear cache, uninstall dll tetap klo ada pesanan masuk tidak bunyi...",3,2023-03-13 15:02:23,0,"pesanan, pesanan masuk"
GrabMerchant,com.grab.merchant,5d449a75-0370-4ec5-9cbf-4f539179031e,sri mulyani,"Hampir tiap hari dapat orderan belasan menu, di kasih waktu 15 menit, mana cukup, aplikasi bunyi driver langsung datang, sekedar saran ajah masakan hampir jadi baru driver datang seharusnya, jadi driver tidak menunggu lama dan tidak berkerumun di resto , sedangkan tiap driver minta buru2 terus masakannya dikasih waktu cuma dikit trimakasih",3,2023-03-11 16:39:19,0,"resto, menu, orderan, driver, masakan"
GrabMerchant,com.grab.merchant,a14a96e9-8690-49cb-bf27-807be4779547,Muhamad Mumuh Muharom,"Saya driver grab mau daftar grab merchant buat topup saldo tp gabisa"" daftar nya Gimana ini tolong d bantu",3,2023-03-10 22:13:37,0,"merchant, driver, saldo"
GrabMerchant,com.grab.merchant,1aef0111-5fc3-4494-a14b-0af9034c900f,Eri Kadek,"Maaf bintangnya hanya 3,keluh kesah saya sudah diwakili juga sama pengguna yg lain, kendala sama, aplikasi sekarang lemot, resto jadi sepi orderan ga pernah ada karna aplikasi lama bisa kebuka.",3,2023-03-08 21:57:35,1,"resto, orderan"
GrabMerchant,com.grab.merchant,fdec04be-387b-4c85-aead-0ea66b04fc78,Anik Supiyani,"Semoga aplikasinya bisa lebih baik lgi, krna ga ada notif klo pesanan masuk",3,2023-03-06 09:27:08,0,"pesanan, pesanan masuk"
GrabMerchant,com.grab.merchant,324de5ed-64bf-4d9c-8e82-ea41cf1fd84b,Irvan Sofyana,Sudah beberapa hari ini setelah update aplikasi sulit untuk masuk ke halaman menu utama tolong untuk segera di perbaiki.,3,2023-03-06 00:10:49,0,menu
GrabMerchant,com.grab.merchant,f22d8c80-3c5a-47db-b30a-848584869287,Advan Ae86grup,"Sekarang d kasih waktu,klo orderan pas banyak dan tiap menu membutuhkan menit berbeda.. ini resto yg kecil.jumblh pegawai cm sedikit/minim.",3,2023-03-05 11:00:06,0,"resto, menu, orderan"
GrabMerchant,com.grab.merchant,e8158aa4-fc68-4d22-8310-96f9462a144d,Ayu Tito,"Masih perlu perbaikan sistem order,resto sy seringkali terima pesanan tidak sesuai",3,2023-03-05 06:16:46,0,"resto, order, pesanan"
GrabMerchant,com.grab.merchant,a29132c9-a288-4a7b-9d95-f7f64fd1ba2e,Khaerul Umam,"Kalau orderan cuman dapat tarif 19rb gk langsung di tf pdahal klau dapat di atas 30rb stiap hari langsung cair masa harus di laporkan dlu udah gtu gk langsung respon di tf gtu lambat payah Udh melakukan pembaruan apk tapi pas di buka masih nyuruh pembaruan ngadi"" ni apk nmbah ksni",3,2023-03-05 01:12:07,0,orderan
GrabMerchant,com.grab.merchant,a42f3d8a-52ef-4405-bc57-4af36a97e99f,chef ariefel,"Tiga dulu aja,klo orderan dah banyak,, baru'Tamba bintang",3,2023-03-04 17:20:39,0,orderan
GrabMerchant,com.grab.merchant,2f65439a-6c4e-4338-b84f-cd9a5278267b,Miko Widyanto,"Kalo bikin promo suka ajaib, semua di bebebkan toko, kalo di hitung fee dan alokasi promo di atas 50% Untung ada ShopeeFood dan Gofood Makasih ShopeeFood Gofood",3,2023-03-04 07:25:20,0,"gofood, shopeefood, promo"
GrabMerchant,com.grab.merchant,40fb730c-c76a-4bfc-818b-134545d18f33,jejaka purwokerto,Sering keluar sendir jadi sedikit menghambat pelayanan ke customer. 🙏,3,2023-03-03 22:20:23,0,customer
GrabMerchant,com.grab.merchant,ee4d534b-b687-4ffc-b161-2bd2279fc072,wawan budi,"Setelah update malah aplikasi jarang bunyi walau aplikasi standby jika layar mati. Dan masalah waktu pembuatan harus nya ada pengaturan timer sendiri di resto karena yg tau waktu pembuatan makanan ya resto karena permintaan pembeli kadang beda2 tiap menu, biar tidak merugikan rating resto",3,2023-03-03 20:35:36,0,"resto, makanan, menu, rating resto"
GrabMerchant,com.grab.merchant,845f5622-ef5c-47de-89a7-515cd45ee66a,Wiwik Hidayati,Kenapa notifikasi ga bunyi di hp saya stiap ada pesanan,3,2023-03-03 20:09:44,0,pesanan
GrabMerchant,com.grab.merchant,8ddd2521-0061-42c7-931f-3a1024d803a5,arief H,Sering eror...menu nya nyala sendiri. Sehingga sering orderan menunya belum ada.,3,2023-03-03 19:01:30,0,"menu, orderan"
GrabMerchant,com.grab.merchant,4be3ac45-ae81-40a8-a07f-17a159a9ca48,gisella Sukawati,"Aplikasinya lemooott kalo pas ada orderan masuk ,trus ditambah lagi sekarang dikasih waktu lagi pas kita nyiapin orderan bikin senewen ah ...",3,2023-03-02 20:33:47,0,"orderan, orderan masuk"
GrabMerchant,com.grab.merchant,c558e122-9a81-450d-b12a-154c7e1170cf,Sopian Hadi,"Kalo ada pesanan janrang bunyi,kita harus standby buka aplikasi mulu...kalo gk buka ya gk bunyi,,jadi tiba"" driver dateng kita BLM menyiapkan ..",3,2023-03-02 20:13:04,0,"pesanan, driver"
GrabMerchant,com.grab.merchant,19a8aa27-19b6-4e43-8b8b-f8e254621e7b,Sujianto suji,Tolong dong untuk di merchant Dikasih bintang untuk menilai driver. Biar klo dapet driver yg ribet bisa kasih ulasan juga... INI PENTING...,3,2023-03-01 21:27:30,0,"merchant, driver"
GrabMerchant,com.grab.merchant,b0c134a2-4faf-498b-807a-0d74b32e9d3b,riyu rafka cake keluarga sederhana,"Begini resto sudah memberikan waktu memasak 25menit,dgn adanya waktu persiapan 7menit harus tekan siap mana bisa,jika tekan siap,nanti drivernya marah karena dipikir masakannya sudah siap, padahal masih dimasak,dan skrg sering x aplikasi tidak berbunyi jika ada orderan masuk,dan sering juga drivernya marah2,padahal resto udah masak secepat mungkin dan sesuai waktu,agar masakan nya TDK mengecewakan customer,jadi saling mengerti aja sih😥🙏",3,2023-03-01 20:20:46,0,"resto, orderan, orderan masuk, masak, masakan, customer"
GrabMerchant,com.grab.merchant,9fc0e7fb-80aa-4751-8e0e-c2c1561dd4c0,Antonie Dekins,Udah update tapi untuk pilihan edit menunya hilang jadi gak bisa tambah menu dan ubah harga. Bukan mempermudah malah jadi dipersulit.,3,2023-02-27 01:03:42,8,menu
GrabMerchant,com.grab.merchant,dc413e6c-e5bf-4888-861c-3daae081dccd,Gacordor Oworowor,Kalau bisa pas menerima order di bikin manual aja terimakasih,3,2023-02-25 23:51:23,0,order
GrabMerchant,com.grab.merchant,c8b1b5cf-fc9c-435b-a84d-ae1c0bced385,Incess Anun,"Saya kecewa banget sama aplikasi ini, orderan udah masuk tapi pencairan dana saya tunggu seharian gak cair"" saya sudah buka rekening buka ovo malah tetep ga ada, terus kan di toko saya harganya 40 rb an di potong sama grab 20% nah jadi 32 rb, tapi malah ada bacaan uang bersih jadi 22 rb, ya saya rugi dong grabb kamu gimana sih, saya ga ngerti banget deh pake grab ini, saya jualan untuk dapet untung bukan buntung, trs dana saya mana kok blm ada sihh kecwwa bngettt :/ :(",3,2023-02-25 08:30:38,0,"orderan, pencairan"
GrabMerchant,com.grab.merchant,df3aca27-941c-4613-9406-9934acf9ebdd,Andrizty 01,"Setelah diupdate kita gak bisa lihat total pendapatan bulanan, katanya kita gak punya akses ke laporan tersebut 🤦‍♀️🤦‍♀️ Setelah diinstall ulang baru bisa..",3,2023-02-24 02:28:52,0,pendapatan
GrabMerchant,com.grab.merchant,f792b56d-d7c5-4b7a-8f65-bac5d5ea843c,Harjo Subekti,"Saya sangat sedih sekali tiap dapat orderan selalu dikasih driver yang jauh padahal tadinya Resto saya masuk kategori PASTI CEPAT.. karena selalu dapat posisi driver yang jauh banyak castamer yang kecewa dan dampaknya resto jadi sepi, tapi Alhamdulillah aplikasi sebelah lancar jaya karena selalu dikasih driver yang terdekat dan tepat waktu Saran min jika driver dalam 12 menit belum sampai keresto langsung otomatis ganti driver aja biar drivernya ga malas-malasan",3,2023-02-22 10:48:29,1,"resto, orderan, driver"
GrabMerchant,com.grab.merchant,fab76dde-1bbe-4593-b43f-ac89db2c9a93,Debby Jafril,"1. Tolong untuk update menu di bikin bebas min, jangan di batasi sebulan cuma 3x, karena modal bahan baku makanan di pasar juga naik turun, aplikasi sebelah juga bebas koq, jangan kaku2 banget lah 2. Kenapa waktu persiapan di bikin timernya dan ngaruhin ke rating, emang ini master chef??? Manasin minyak goreng aja ngabisin waktu 2 menit, kalau masak buru2 makanan ngga mateng resto lagi yang di komplen sama custemer, tolonglah pikirin pedagang juga, kita udah kasih fee ke kalian loh",3,2023-02-21 13:56:34,3,"resto, makanan, menu, masak"
GrabMerchant,com.grab.merchant,ce03013f-93e4-4243-85f2-931bebbb3345,Siti Aisyahh (aisyah),"Kenapa tidak bisa lihat riwayat pendapatan bulanan, tulisannya "" anda tidak memiliki akses ke laporan ini"" knp tuh? Beberapa hari sebelum nya bisa ? Tiba2 jd gak bisa",3,2023-02-17 23:04:16,0,pendapatan
GrabMerchant,com.grab.merchant,513495c0-3258-4fcb-ab7a-93ad1a36173e,Mas jhon Pecel lele ayam bakar jembatan besi,"Menitanya bikin para pedagang olahan dadakan streees,apa lagi pecel lele geleng kepala,klu buat makanan yg siap bungkus tuh pantes d menitin,",3,2023-02-17 19:54:25,1,makanan
GrabMerchant,com.grab.merchant,abd04ca1-77de-4408-ad68-e8520d9551b9,Sumanti Tri,"Ribet kalo mau ganti nama resto, ga kaya di sebelah Soalnya harus ada screenshoot surat kontrak yang dikirim di gmail Sedangkan pasti banyak yang hapus karena email penuh Harus ada perubahan yang mudah dan lebih baik",3,2023-02-17 16:16:43,1,resto
GrabMerchant,com.grab.merchant,8cc0cf88-6831-444b-9d1e-c4def63848f9,Muhammad Nasokha,"Estimasi waktu terlalu cepat...tdk semua resto jual makanan cepat saji,mohon estimasi waktu biar resto yg menentukan biar cepat dan tepat buat rrsto& drever mohon di perbarui apk nya...",3,2023-02-13 16:19:04,0,"resto, makanan"
GrabMerchant,com.grab.merchant,d4834451-3821-412d-a297-477592942a21,ar rowiyah,Notifikasi kenapa setelah driver sampe baru terdengar jadi kami para narchat terjesan tergesa2 membuat pesanan juga kasihan driver nunggu lama,3,2023-02-11 21:19:23,0,"pesanan, driver"
GrabMerchant,com.grab.merchant,3f1fa384-0989-4ed6-8157-17e9947f1c61,DSI2 Gojek,"Hallo min..mau tanya untk pembayaran melalui ovo merchant saat ini kan di alihkan ke grab merchant,untuk mengetahui berhasilnya transaksi ovo tersebut untk lihatnya dimna ya..??",3,2023-02-04 16:47:11,0,"merchant, transaksi, pembayaran"
GrabMerchant,com.grab.merchant,026e78d0-257e-4e20-813f-45595b766e69,Ria Agathaa,ini gimana mau masukin menu2 nyaa kok gada pilihan buat masukan menu nyaa?,3,2023-02-04 08:34:51,0,menu
GrabMerchant,com.grab.merchant,f3a2ea19-609b-42a1-88e0-3958d81ce087,Andika Hermino,Susah dapat orderan gimana caranya supaya dapat pesanan ke warung bakso berana mas raihan..,3,2023-02-03 20:35:02,0,"warung, pesanan, orderan"
GrabMerchant,com.grab.merchant,5d526bb7-b130-4157-82f4-0db4ea4f4ca4,Diana Herawati,Miin..gmna caranya memposting menu+harga di grab merchant// outlet baru,3,2023-02-03 14:11:07,0,"merchant, menu, outlet"
GrabMerchant,com.grab.merchant,f6c1c3aa-5f8d-4b83-86fe-561e89fc10fd,Ardi Susanto,"Tolong aplikasi grabmerchant bisa di minimize stanby seperti gobiz, agar orderan tidak delay",3,2023-02-03 13:29:58,0,orderan
GrabMerchant,com.grab.merchant,8237c725-071d-46f2-8b8d-987b1cba8bc8,Moh. Ibnu Mulkan,Saya baru buka toko . Udah disetujui toko saya .saya mau edit menu ubah harga kenapa gk bisa . .soalnya klw tidak di rubah harganya saya rugi . . .tolong di bantu,3,2023-02-02 12:16:32,1,"menu, buka toko"
GrabMerchant,com.grab.merchant,3ac689c5-1d78-4736-8003-d51308267c76,ir singgit,"Kak tolong dibantu pencairan dana cara ngeceknya gimana ya? Saya tunggu kok belum di transfer. Aplikasinya suka lemot ya, dan gabisa di upgrade fiturnya membingungkan mohon infonya 😭🙏🙏",3,2023-02-01 21:36:47,0,pencairan
GrabMerchant,com.grab.merchant,14caf209-bb7e-4128-848a-93c94b4a1597,Ki Agus Zulkarnein,Harga lebih murah dari toko sebelah.. Biar ada Promo tetap masih mahal.. Promonya nanggung bgt,3,2023-02-01 19:13:01,3,promo
GrabMerchant,com.grab.merchant,64621c65-a25c-476c-acaa-32b2b1d24e3d,rara chuen,"Tolonglah aplikasinya dibenerin, sering ngga bunyi...masa harus buka aplikasi dulu baru bunyi..dulu ngga gitu...kan panik driver udah dateng belum dibikin apalagi klo lagi banyak yg ngantri. Klo dapet driver yg nyante sih ngga pa2 lah klo dapet yg ga sabar kan repot resto. Masak jd ngga fokus, keteteran, kesel banget dah.",3,2023-01-31 19:41:33,0,"resto, driver, masak"
GrabMerchant,com.grab.merchant,5c61e283-7a4e-4bb7-beb4-5621ca352598,Pang5 Food,"Untuk aplikasi grab merchant tlong dong, pesanan cust tidak masuk notifikasi, sehingga drivernya datang duluan dn outlet blm menyiapkan pesanan krn tidak ada notif masuk. Akhirnya driver komplen ke outlet, pdahal yg bermasalah dr pihak aplikasinya. Tolong banget di perbaiki!!",3,2023-01-30 12:10:13,1,"merchant, pesanan, driver, outlet"
GrabMerchant,com.grab.merchant,204286a2-091e-4d24-a532-cd8a858b2ec7,Sri Budi Ridana,"Kok tiba2 menu grabkios hilang, jadi ga bisa isi pulsa dsb..",3,2023-01-28 18:52:28,0,menu
GrabMerchant,com.grab.merchant,3209f8be-a120-4a44-8499-0977c1f340c3,ForYou,"Mantabs meningkatkan penjualan, tidak ada lawan, membuat saya makin sejahtera.... Tapi tidak bertahan lama sekarang kebanyakan update aplikasi tapi order lemah, dan promo rekomendasinya juga lemah, resto saya masih buka tiba² tutup, saya buka lagi, dan ditutup lagi, kalau driver ga mau ambil alasan resto tutup, tolong konfirmasi resto dulu, bener ga restonya sudah tutup karna merugikan, kalau pihak resto tidak mengecek, aplikasi.",3,2023-01-28 10:47:43,5,"resto, order, driver, promo"
GrabMerchant,com.grab.merchant,6d9f9fac-4db3-4f72-bdcf-ac8bb4b71026,Saorgianto Nababan,Kurang banyak promo,3,2023-01-27 13:25:32,0,promo
GrabMerchant,com.grab.merchant,239fc2f5-4a5d-4d61-beb0-588e5c16a5fa,Aecha Nazara,Bagaimana cara masukan menu ke grabmerchant kenapa ga bisa ya,3,2023-01-24 14:53:34,0,menu
GrabMerchant,com.grab.merchant,d1e23985-1bd7-4006-a3a8-ed9bba7502ef,Marni Tianaura,Memudahkan usaha para UKM Semoga bisa lebih baik dan tambah fitur lainnya yang membantu merchant,3,2023-01-23 17:55:15,0,merchant
GrabMerchant,com.grab.merchant,fa345396-6bef-42e3-bff9-4f61d4e2c642,Marwan Yuliyanto,"Ups, ada yang salah..... Itulah kondisi apliksai grab merchant hari ini",3,2023-01-23 10:00:29,0,merchant
GrabMerchant,com.grab.merchant,308cd2e5-9e01-4307-b32f-9a97f4caabf6,anwar jaelani,"Sepi bener , padahal harga sudah paling murah diantara yg lain buat promo juga sudah",3,2023-01-22 18:40:36,0,promo
GrabMerchant,com.grab.merchant,02dc7c1d-e92c-4c2e-8904-1a159f728a4d,Yuli Nain,"Kenapa nggak bisa nambah menu, aneh🤔",3,2023-01-21 19:30:38,0,menu
GrabMerchant,com.grab.merchant,a0cdadcc-063e-4cd0-a70b-7077865fa374,Abdul ghofur,"Masih banyak pengaturan aplikasi yang belum lengkap, semisal notifikasi orderan dan menu makanan yang belum bisa di kasih foto.....",3,2023-01-19 17:44:02,0,"makanan, menu, menu makanan, orderan"
GrabMerchant,com.grab.merchant,27c50dff-df13-4d94-9ef0-6242fff3ba35,Andi Ibnu Wibowo,Mohon bantuannya. Menu grab kios pada aplikasi grab merchant tidak muncul atau hilang.,3,2023-01-17 10:32:41,0,"merchant, menu"
GrabMerchant,com.grab.merchant,6f46abab-d31f-4c88-8a8a-979dd8666837,Cak Pluto,Cobah deh di tambahin fitur cetak struk...biar kita klo ada orderan gak catat catat manual.tinggal beli in printer bluetooth...,3,2023-01-16 18:45:20,0,orderan
GrabMerchant,com.grab.merchant,7e4cf639-3968-47ff-9cb1-ac157d0a0a9e,irwansyah putra,Driver-nya tolong lebih sabar menunggu respon dari outlet,3,2023-01-12 15:13:07,0,"driver, outlet"
GrabMerchant,com.grab.merchant,5e2aa249-511b-4408-87a2-db8c1a68e27d,Bintang Saputra,"Opsi penambahan menu tidak muncul, jadi bingung mau masukin menunya gimana.",3,2023-01-10 18:40:38,0,menu
GrabMerchant,com.grab.merchant,4c918d71-8173-481b-bd0f-8b1f545e5828,Husni Fadila Ihsan,Kenapa status pesanan saya di tutup?,3,2023-01-09 20:58:42,1,pesanan
GrabMerchant,com.grab.merchant,49e86938-97a8-4978-aadf-f2716bd4b234,Mudrik Zulfaa,"Maaf mengganggu kami selaku pelaku usaha grab merchant kecewa atas pelayanan untuk pencairan ke rekeningnya yang biasanya cair pagi hari kenapa sekarang sering molor sampai 3hari ,itu sudah saya rasain selama seminggu ini ,mohon untuk perbaikannya kak,",3,2023-01-09 03:25:25,0,"merchant, pencairan"
GrabMerchant,com.grab.merchant,910ad83b-d172-4680-8ab7-0a0ee04282dd,yurike yuraku,"Kenapa ya hari ini jadwal operasional kami berubah dengan sendirinya yg biasanya tutup jam 8 malam, berubah menjadi jam 10 malam di jum'at, sabtu, minggu. Tiba2 pk. 20.30 ad pesanan.. Kami jadi panik, terpaksa dibatalkan dan gak enak sama pelanggan dan drivernya.",3,2023-01-08 23:30:02,0,"pesanan, pelanggan"
GrabMerchant,com.grab.merchant,1fadc5b3-6573-49f9-826b-7d7e1877e96d,Bunz Zz,Ini mau liat yang pembayaran pake ovo nya gimana ya?,3,2023-01-07 17:04:25,0,pembayaran
GrabMerchant,com.grab.merchant,a3eed9ce-9687-4d19-bafa-29131b822e72,Mulyo Fajar restian,Saya mau nanya apakah kalo resto baru gabung di grab merchant orderan ga masuk masuk ya,3,2023-01-06 13:43:40,0,"resto, merchant, orderan"
GrabMerchant,com.grab.merchant,c9973bfd-8a50-48fe-81dd-b440d54d17a6,drakorfever _id,"Tolong di bantu, gimana caranya lepas i-seller Kontak adminnya ilang. Dan saya gak bisa update menu di grabnya karena itu",3,2023-01-03 19:09:14,0,menu
GrabMerchant,com.grab.merchant,435be9d3-0f79-4903-860c-78e76ba63d7a,Riv egin,Ikutan promo NoMinder malah rugi banyak 🤦🏻‍♂️,3,2023-01-03 11:29:46,3,promo
GrabMerchant,com.grab.merchant,61342e80-4a10-41ab-8e4b-752fa5cbeeb9,unge fleur,"Kenapa selalu ga ada notifikasi, tau2 driver udh dtg k rmh,, ternyata ada pesenan,, muncul d layar hp aja nggak, pdhl sudah ad pengaturan ny, jadi kan kita grabak grudukk,,, tolong diperbaiki lagi, terimakasih",3,2022-12-31 15:28:19,1,driver
GrabMerchant,com.grab.merchant,a1ff58cf-3679-4e23-9313-b0c8bb110b43,Budi Ananta,Knpa kok sering sepi gk pernah dapat orderan .. mohon di tingkatkan lagi.,3,2022-12-28 21:53:06,0,orderan
GrabMerchant,com.grab.merchant,bc4ddcee-b804-41d2-a2e9-739292b400f5,Yani Uswah,Pencairan dana lama skrg,3,2022-12-27 22:31:50,0,pencairan
GrabMerchant,com.grab.merchant,5ca2a512-3006-40cf-b726-2d07f4644c7a,Muhamad Remon,Akhir2 ini pembayaran harian sering telat masuk rekening??,3,2022-12-27 16:36:25,0,pembayaran
GrabMerchant,com.grab.merchant,80e5bb3b-2bb8-494c-ae09-714187b77807,Dewi Natalia,"kenapa setiap ada orderan selalu tidak ada notivikasi dari apk grabnya, saat buka apk baru ada notivikasi orderan baru masuk,",3,2022-12-27 15:22:44,0,orderan
GrabMerchant,com.grab.merchant,1b6af05b-e2eb-4474-b6aa-916f9ef1906d,Mimin Mintarsih,"Grab merchant saya ,belum ada fitur printer bluetooth nya... Padahal sudah ada notipikasinya bahwa grab merchant di lengkapi fitur printer nya..",3,2022-12-27 08:59:43,1,merchant
GrabMerchant,com.grab.merchant,1fd0c97d-31ed-42f9-ad3a-0ba4f1ee4021,Mahira Hasna,"Sekarang cair ke saldo jam 8 mlm, buat modal belanja masih di merchant hadehh makin kacau aja..",3,2022-12-26 11:56:55,0,"merchant, saldo"
GrabMerchant,com.grab.merchant,abc6ec96-6708-4154-ac61-b1f003338a93,Wida Widyaningsih,"Aneh kenapa setiap pencairan tidak sepenuhnya,kenapa harus di gantung,harapa beri penjelasan.",3,2022-12-24 05:18:53,0,pencairan
GrabMerchant,com.grab.merchant,29a0da29-d230-4d3f-8d7a-ba5e5c8bade1,Rahmat Sinargarut,Aneh kok saldo penjualan nya. Gk masuk ke rekening.. Tapi di transaksi ada.. Gmn jadi bingung.. Tolong dong perbaiki,3,2022-12-23 15:18:20,2,"saldo, transaksi"
GrabMerchant,com.grab.merchant,7fce9adb-a3c0-47a6-b61c-0afc1191918b,siti rukoyah,Grab tolong notifikasi kirim dong kl ada pesanan spy ga ribet nyiapinya kan kasian driver2 kl nunggu kekamaan,3,2022-12-21 22:19:52,0,pesanan
GrabMerchant,com.grab.merchant,061bad7c-fe0c-4b93-bdd7-a2f907c30de2,Ayam Penyet Yaporti,"Keseringan update, padahal tampilan masih itu itu saja, terlalu menghabiskan ruang memori. Sering update pun tidak mempengaruhi kecepatan mencari driver... Terkadang notif orderan tidak muncul.",3,2022-12-21 17:54:24,46,"orderan, driver"
GrabMerchant,com.grab.merchant,1c21078b-c0c6-4f7d-a4f1-348a3933b34f,Agus Hariyanto,Ini knp ya aplikasinya....og buat ISi saldo pengemudi og GX bisa,3,2022-12-20 07:04:41,0,"pengemudi, saldo"
GrabMerchant,com.grab.merchant,9c2f5552-71c2-4d67-bf93-8923cde2f23e,Yuniati Arkankenan,Tolong di perbaiki ya aplikasi nya..notif tidak masuk tp driver sudah datang..baru buka aplikasi baru masuk notif.,3,2022-12-18 21:50:22,0,driver
GrabMerchant,com.grab.merchant,9329dc84-df4e-483f-8252-4e14df0d5b43,AGK Tang City Mall Tangerang,Lemot ga ada notif juga kalo ada pesanan,3,2022-12-18 12:03:06,0,pesanan
GrabMerchant,com.grab.merchant,9180dbf6-912c-4f67-8cc2-9823ad32b125,Dicky Azka,"Adain struk (cetak print) agar mempermudah pembelian / driver greb bisa mudah minta nota. Tolong Trimakasih,",3,2022-12-17 05:56:37,0,driver
GrabMerchant,com.grab.merchant,6392f7ea-6c3e-4b8e-bcfe-26d93e0187d7,Lukman Hakim,QRIS saya tolong di perbaiki kak Masak udah 5 hari masih belum masuk saldo nya,3,2022-12-15 17:52:20,0,"saldo, qris, masak"
GrabMerchant,com.grab.merchant,18677f0d-5ad6-4125-b167-1f92436073be,Tamsil Tajsam,Grab Sekarang sudah tidak pro UMKM orderan jauh dekat 9 rb klw jam Golden Hours bisa 12 rb dan sekarang ada yg namanya Biaya Pemesanan 3 rb. sejak kebijakan ini berlaku orderan resto saya hampir turun hampir 50%,3,2022-12-10 19:42:56,0,"resto, orderan"
GrabMerchant,com.grab.merchant,a6be97bf-b720-4235-98f2-822890bb64ad,Cicilia Erfina,Kenapa ya setiap pesanan masuk susah dapat driver? Padahal driver yg ada di resto banyak...nunggu dapat driver sampe pesanan batal ndk dapat driver...tolong di perhatikan,3,2022-12-10 12:51:20,1,"resto, pesanan, pesanan masuk, driver"
GrabMerchant,com.grab.merchant,2d12aebb-a110-4516-b5b5-92d295de3a09,Dyan Marfi,kenapa sekarang untuk diskon gak di keluarin di pesanan yaaa ? jadi susah untuk liat diskonnyaa.. dan tolong dong notif ontime,3,2022-12-09 21:44:38,0,"pesanan, diskon"
GrabMerchant,com.grab.merchant,0d2f46ca-a0b6-4691-93e1-c723f8894449,ETTA HR. Muhammad,"Kenapa kalau ada pesanan jarang bunyi, berakibat ke kami. Pesanan jadi lama dibuat karna tidak ada notifikasi tau tau drivernya udah nyampe aja. Udah di update juga masih sama",3,2022-12-09 13:32:02,1,pesanan
GrabMerchant,com.grab.merchant,bcfddfe4-3204-463c-9494-c2b1db8a38c0,Bakmie 99 Seafood,mohon untuk fitur perubahan nama outlet agar di permudah kaya aplikasi sebelah..terimakasihh,3,2022-12-06 21:56:06,1,outlet
GrabMerchant,com.grab.merchant,1c897be3-9dac-4f87-87d1-1468a97ba837,Inu Lege,Di aplikasi saya belum bisa ngedit menu tapi tulisan menunya belum bisa kebuka,3,2022-12-06 18:54:17,0,menu
GrabMerchant,com.grab.merchant,1cc0654a-f698-40b9-80bd-69bbf52f82ff,imp semarang,"Mohon benarin sistem SUSPEND bagi kami TOKO. Karena setiap kali di CANCEL DRIVER secara sepihak, maka STATUS TOKO kami, DITAHAN untuk tidak bertransaksi. Txu",3,2022-12-05 10:51:41,0,driver
GrabMerchant,com.grab.merchant,fef0b7e4-dc90-4884-89b8-41e95f6d347c,Vanvan World,Bintang 3 .masukan dan semoga petinggi GRAB INDONESIA MENINJAU POTONGAN FEE BIAYA PESAN DLL YG DIBEBANKAN PADA PEMESAN DIMURAHIN. DAN BERIKUTNYA.. AGAR BERSAING ADIL GA ADA PROMO BAYAR BAYAR AGAR SELALU MINCUL DI BERANDA PELAKU USAHA YG MODAL PAS PASAN SELALU TENGGELAM.. SEKIAN TERIMA KASIH AYAM OTW RICEBOX BOGOR. yg selalu sepi 😂,3,2022-12-02 18:10:12,0,"pesan, promo"
GrabMerchant,com.grab.merchant,f1b0b27c-c301-403a-a8a6-6cd0a829bf94,Rita Ochtavianie,Klo bisa begitu resto tutup dana yg masuk segera di transfer,3,2022-11-30 08:11:30,0,resto
GrabMerchant,com.grab.merchant,ef49127d-018b-4d2d-b170-c72ba56a3452,Ebes Drew,Tolong di kasih fitur print struk. Masak kalah sama applikasi sebelah.,3,2022-11-28 21:47:03,0,masak
GrabMerchant,com.grab.merchant,573964d1-92c8-49cd-a3d9-1d996bdb2d56,Fahrudin,Top up ke rek driver sampai sekarang blm masuk. Nggak seperti apk sebelah hanya perlu tf dr m banking selesai. Nggak perlu pakai apk pihak ke3...nyusahin mitra,3,2022-11-28 18:59:34,0,"mitra, driver"
GrabMerchant,com.grab.merchant,b9eea5cd-709a-4027-9632-516180cec985,Topan Praharsa,"klo mau komplen susah, kode voc. Grab Yg dapet cuma driver aja.. jadi klo kode ke apus susah nyari komplenannya 🤦",3,2022-11-28 08:16:22,0,driver
GrabMerchant,com.grab.merchant,699f16a1-f678-448b-b5d4-c2ad9fad90c2,Aden Risyanda,"Sumpah kesel bangett ngisi pendaftaran merchant nguplaod foto ktp aja tiba tiba restart terus aplikasinya,udah ganti hp juga ttep aja gitu trus,gmna mau daftarnya kalau gitu data udah diisi balik lagi balik lagii. Kacau lah",3,2022-11-26 16:04:01,0,merchant
GrabMerchant,com.grab.merchant,f0ff0635-302d-4087-9387-07a902998bd2,Ubay Ztwo,Mohon di kasih fitur live chat operator di pusat bantuan. Abis top up saldo driver jadi bingung kalo gk dpt inbox di aplikasi grab driver. Padahal sukses. 100k mayan!,3,2022-11-25 17:17:19,0,"driver, saldo"
GrabMerchant,com.grab.merchant,c6911637-1c7f-42c9-abd0-804cf4709e3c,Misrodin 123,Walaupun ngikutin promo rekomendasi tetep aja anyep,3,2022-11-24 20:56:54,0,promo
GrabMerchant,com.grab.merchant,da402c20-01f6-4111-92f1-061857cf7b23,Lalisa Manoban,Saldo yg kemarin kok belum bisa dicairkan ya hari ini ?Mohon utk menu bantuan juga disediakan by wa dan by mail jangan hanya pake telepon pulsa berbayar karena tidak semua menu bantuan bisa diakses ketika apk bug atau trouble sistem seperti hari ini meski sudah update,3,2022-11-22 11:20:10,0,"menu, saldo"
GrabMerchant,com.grab.merchant,e5372dc6-aa4e-47e9-aa95-95e47ca0bf27,Suci Suryani,"Sering dikomplen mengenai grab merchant tdk bisa cetak struk di aplikasi, sebenarnya, masukan dan komplen kita didengar ngga sih ?? 🤔",3,2022-11-19 19:21:12,0,merchant
GrabMerchant,com.grab.merchant,62bef925-5d31-44fb-ab2e-c912a0812678,Nurjannah S,"Ga ada notif tiba2 driver Dtg depan rumah untung terima otomatis jadi bisa menunggu drivernya, pdhal 2 aplikasi sebelah selalu ada notif klo ada pesanan.. mohon ditingkatkan!",3,2022-11-19 14:45:36,0,"pesanan, driver"
GrabMerchant,com.grab.merchant,daa8348f-b05a-464e-b3d2-6ad401b5f3c2,Rahma 08,"Knapa kalo pesanan sudah siap di batalin driver resto yang kena saspen, tau2 resto di tahan tidak bisa menerima orderan, yang salah siapa yang kena imbasnya siapa, tolong lebih di perbaiki lagi sistemnya supaya tidak merugikan resto",3,2022-11-18 08:28:53,0,"resto, pesanan, orderan, driver"
GrabMerchant,com.grab.merchant,43cc5fed-b18f-4474-9f51-b674ecdbcc96,Titik Sugiarti,"Tolong diperbaiki lagi mengenai notifikasi ketika ada orderan ,, tidak ada notif tiba2 ada driver datang",3,2022-11-16 20:47:36,1,"orderan, driver"
GrabMerchant,com.grab.merchant,98512d50-7190-4424-917b-9794437216cf,Kimstopokki Rangkasbitung,"Tolong tambah fitur print pesanan, karena kl lg banyak orderan jd pusing kalo gabisa di print hrs manual gt",3,2022-11-15 11:12:04,5,"pesanan, orderan"
GrabMerchant,com.grab.merchant,4b6005cb-d8ed-47f0-a852-8521e2d5abf6,Tolha Tolha,Tolong kasih tombol terima pesanan manual,3,2022-11-14 17:52:22,0,pesanan
GrabMerchant,com.grab.merchant,db8736e3-a0da-4284-ad24-5319b5bc8dcb,Lina MarLina,coba dibantu cek akun merchent saya.. kenapa tidak bisa ubah harga dan tambah menu sendiri ya. tidak seperti gobiz yg gampang ubah harga ataupun nambah menu.terlalu repot dan lama menunggu kalau harus email terus jika ad perubahan harga.terima kasih,3,2022-11-11 04:06:01,4,menu
GrabMerchant,com.grab.merchant,9faabf14-410e-491d-8b66-e6b408436cdd,Hery Sulis,"bs ditingkatkan lg penjualan sy,klu bs menu utk tutup resto dan buka dibuat ya?",3,2022-11-10 16:43:01,0,"resto, menu"
GrabMerchant,com.grab.merchant,f3673285-2710-403e-a965-63eb0f010644,nani nie,"Tiap mau ganti menu Susah banget malah gagal terus, tolong perbarui sistem nya",3,2022-11-08 17:22:04,0,menu
GrabMerchant,com.grab.merchant,b49a0b74-0869-4c64-bc4a-ae72ce6ffd47,lapiz lazuli,"Komunikasi dgn pelanggan sulit, saat menerima pesanan😌",3,2022-11-08 11:53:52,0,"pesanan, pelanggan"
GrabMerchant,com.grab.merchant,6b3d5414-1ff7-4077-8978-14be1c8e6495,Moh Arifin,Untuk bulan kemarin kurang semenjak ongkir naik gofood menurun,3,2022-11-06 08:18:31,0,gofood
GrabMerchant,com.grab.merchant,89c0faaa-b686-4b14-84a1-00e58c4169b0,Dini puspita,"Permudah dong buat batalin orderan fiktif ,,,",3,2022-11-03 01:42:36,0,orderan
GrabMerchant,com.grab.merchant,c5579f4c-6b64-4293-93d5-d6699197955b,Suju Ken,Bantu lah supaya merchant bisa tanggapi komen2 customers,3,2022-11-02 05:46:16,0,merchant
GrabMerchant,com.grab.merchant,99120733-06a3-4ab0-8c17-2b3472a8f26c,Ferry Okwanto,"Admin,,,sy kurangi bintang ny, grab ko 2x cancel driver lgsung order d batalkan, makin payah aj, sedangkan driver msh bnyk yg mw bawa, sistem ksni makin aneh, alasan driver cuma bilang macet krna driver malas, tp yg kena imbas cust sm resto, sistem nya bikin custamer berpaling klw menurut sya, semoga lgsung d perbaiki lg sebelum custamer sm resto kesel gara2 order jd batal, trimakasih.....",3,2022-10-31 16:12:15,0,"resto, order, driver"
GrabMerchant,com.grab.merchant,4a9ace14-f3ed-4a07-aeb7-254037863582,Windi Hapsoro,"Kenapa Sangat Mudah kami menerima pembatalan order, padahal makanan sudah disiapkan. Sering sekali resto kami mengalami kondisi ini ,mohon support lebih mengerti kondisi lapangan. Hilangkan saja menu pembatalan di driver/pembeli.",3,2022-10-30 08:04:55,0,"resto, makanan, menu, order, driver"
GrabMerchant,com.grab.merchant,562d5d36-579e-4ea9-a16d-1d0496f746e2,hamim Fitrony,Posisi sudah jam buka tapi kok ada tulisan tutup di aplikasi grab merchant,3,2022-10-29 13:13:11,0,"merchant, jam buka"
GrabMerchant,com.grab.merchant,708b4bfd-fc18-4bcd-a4b9-63834d7763bc,Egi Games,Ada orderan masuk tidak ada suara + notif 🥴 sering bgt kyk gini...padahal hp ram 8/256 volume ON..,3,2022-10-27 21:03:45,0,"orderan, orderan masuk"
GrabMerchant,com.grab.merchant,0c827b26-91db-4c21-b213-1b87e15d6314,Arini Aitham Sari,Untuk konfirmasi pesanan siap diambil kasih notif jg donk ke customer jadi pihak merchant ga selalu disalahkan kalau orderannya lama diambil,3,2022-10-27 21:03:43,0,"merchant, pesanan, customer"
GrabMerchant,com.grab.merchant,3bcde601-34c6-4719-bb7e-ff62841d7c50,Mega Yulia,"Pilihan bank untuk pencairan dana sangat terbatas, padahal ini jaman modern semua serba digital,tapi grab merchant tidak menyediakan pilihan bank digital seperti BLU BCA atau bank jago",3,2022-10-26 14:05:17,0,"merchant, pencairan"
GrabMerchant,com.grab.merchant,efcc4d90-d542-4e26-844c-c1c485e2589c,lutfi rahman,Tolong pihak grab di perbaikilah no customer jangan cepat ilang no customer di aplikasi grab merchant,3,2022-10-25 18:56:25,0,"merchant, customer"
GrabMerchant,com.grab.merchant,593f3d87-5135-4f3a-b2dd-ee0a3e0b7344,Ahmadyadin Ahmadyadin,Penumpang dan pemilik resto aja skrg pada jadi driver gimn kedepan nya,3,2022-10-25 16:39:11,0,"resto, driver"
GrabMerchant,com.grab.merchant,bcb1de57-cf11-4ede-9e3a-dbab7e9f7f5f,Reza Deasel,Sy udh daftar udh tanda tangan di email trus gimana cara buat bikin harga di menu y kok gk ada,3,2022-10-25 13:40:35,0,menu
GrabMerchant,com.grab.merchant,23e79cd1-3980-48ad-ba46-0b1a05cde89a,Ajo Palala,"Akhir akhir ini orderan sangat susah, Persenan harga ke resto terlalu besar hingga harga harus kami naikan 15℅",3,2022-10-24 19:16:42,0,"resto, orderan"
GrabMerchant,com.grab.merchant,9301132b-95b8-488d-af06-0f3a87b42532,Bunda vint,Terkadang ojolnya sdh datang... notif dr grab nya ga bunyi.. tolong diperbaiki...kalo bs notif pesanan bunyi ojolnya dtg 5 menit kemudian jd kita bs menyiapkan pesanannya,3,2022-10-22 22:20:50,0,pesanan
GrabMerchant,com.grab.merchant,72b9fe54-6903-47cc-bfa6-106b692c47bf,Puspita Listiya,Sudah hampir 1 bulan saya sudah terdaftar di grab merchant nyatanya sampai saat ni belum ada saya terima orderan🙏,3,2022-10-22 11:41:48,0,"merchant, orderan"
GrabMerchant,com.grab.merchant,3e5340c1-d97e-43b8-a178-27cb6a6be962,budi bule,Hari ini belum dapet orderan kemarin cuma dapet 1 orderan katanya kalau belanja bahan baku atau bahan seger di greab marchen akan mempengaruhi orderan bisa di bilang gacor lah.. tapi apa mala ngga ada orderan padahal saya tiap minggu belanja bahan baku di greab marchen,3,2022-10-21 18:01:38,0,orderan
GrabMerchant,com.grab.merchant,209fe7c7-00a6-4a70-a1a6-6abe72e133c2,Ari Apologist,"Ketika ada dlm masa promo, list menu & harga kok tdk bisa diedit ya? Pdhl saya mengikuti harga pasar, barang pokok yg naik turun.. Tlg dong bantuannya.",3,2022-10-20 13:53:38,10,"menu, promo"
GrabMerchant,com.grab.merchant,0d832215-1c13-46a1-b679-7337cff839fb,Christian Darmawan,Tolong ditambah lebih mudah untuk merchant merubah dan memindahkan baik nama atau pindah alamat secara realtime meskipun hanya bisa 1 bulan sekali. Aplikasi GoBiz udah bisa RealTime. Makasih,3,2022-10-17 23:41:32,1,merchant
GrabMerchant,com.grab.merchant,ff267c53-555e-4425-8d58-212c36be64de,Yonricar03 Yon,"Setiap pesanan masuk, sering gak ada bunyi nada pesanan,",3,2022-10-15 21:03:10,0,"pesanan, pesanan masuk"
GrabMerchant,com.grab.merchant,0954b48a-c957-474e-96f6-0b8585f1cdb3,Selera Bahari,"Sangat susah upload gambar food di grab, tolong di biin permudah layanan nya utk grab merchant",3,2022-10-15 11:31:53,0,merchant
GrabMerchant,com.grab.merchant,cdf65434-b32f-40fd-b773-8a622f3abb0e,Kelana Otak,"Harusnya mengadopsi Gojek, resto bisa membalas komentar customer. Karena g selamanya customer memberi komentar dengan sopan. Dan seharusnya resto/merchant bisa memberi bintang kepada driver dan customer untuk bahan pertimbangan aplikator memberi penilaian kepada customer n driver , apakah customer n driver tsb bisa di prioritaskan. Karena g selamanya driver n customer itu benar! Kalau ini sekarang ini, driver bs membintang resto/merchant, customer bisa membintang resto/merchant.",3,2022-10-11 16:19:47,0,"resto, merchant, driver, customer"
GrabMerchant,com.grab.merchant,911e1c38-7ed3-406e-864a-1b5cc35f4663,Fatir Al gibran,"Asal buat promo manual sepinya parah gila 2 minggu gk dikasi order,tapi klo ngikutin mereka punya promo dikasi order tapi kerja bakti dong karna keuntungan disikat semua..parah.",3,2022-10-11 11:53:11,0,"order, promo"
GrabMerchant,com.grab.merchant,20277244-3550-4f70-875e-866df317f293,Harnisah Pairing,Ya baik .. Memudahkn .. Ada promo ...,3,2022-10-10 17:28:47,0,promo
GrabMerchant,com.grab.merchant,273e3858-e9aa-456a-91f4-5413dd9fa61a,HazeL 46,"Mohon di benahi sistem untuk pickup makanan ke resto, dikarenakan banyak kasus barang belum di ambil tiba2 order sudah selesai, customer jadi tlpn bertanya dimana makanannya krna blm smpai tapi status selesai. ini jadi celah buat driver tak bertanggung jawab, kalo bisa buat sistem seperti gofood, driver Harus memasukkan PIN terlebih dahulu baru bisa mengantarkan pesanan. Ini fatal bgt soalnya. mohon segera dibenahi. Karna belum lama terjadi di resto kami, alhasil pihak resto yang mengantarkan..",3,2022-10-10 17:27:34,0,"gofood, resto, makanan, order, pesanan, driver, customer"
GrabMerchant,com.grab.merchant,1f5cc4ae-87f2-420d-a6a6-d80e87977538,Lenny Y,"Sudah di atur batas penjualan tapi cust masih bisa order melebihi batas,kata cs ny harus buat laporan excel biar dbantu.tapi produk cukup banyak lbh dr 200,harus lapor satu2 😥",3,2022-10-09 20:12:52,0,order
GrabMerchant,com.grab.merchant,4c0d3ec9-8b9d-4acc-b9f4-ae1f24b4f1c8,Mutia Febriani,Aplikasi menjadi sangat lemot sesudah update . Kalau ada orderan jd ga bisa cek dan siapkan lgsg . Hrs tggu driver datang baru tanya pesanan nya apa . Parah,3,2022-10-09 15:05:37,0,"pesanan, orderan, driver"
GrabMerchant,com.grab.merchant,df013477-8ad7-4222-a060-f933c438003a,iwan setyawan,"Masih bingung cara memasukan menu,klau di sebelah mudah banget",3,2022-10-08 22:36:49,0,menu
GrabMerchant,com.grab.merchant,a0c20b19-b066-45c9-aa65-2a905b9b0ccf,amalia. cristina,Grab tolong dong klu pesenan udah slesai harusnya gk bisa dibatalin kn kasian resto mna byk eh dibatalin kasian jg gojek dahkerumh,3,2022-10-06 14:20:37,0,resto
GrabMerchant,com.grab.merchant,d8b1dada-18ae-46eb-8a8c-ca38d70adde5,Janatun Tun,Untuk aplikasi bagus.tpi setelah di update terbaru.malah resto kita ngga dapat penawaran promo apapun dari grab.beda sama sebelah.kiya update penawaran promo ada terus.trima ksih,3,2022-10-05 17:37:14,0,"resto, promo"
GrabMerchant,com.grab.merchant,a06b3c8f-aeec-4ee4-8d3a-0eba219cff4a,Fuji Setiawan,Kasih 3 bintang dulu Tolong d benerin sistem terima pesanannya Notif Pesanan sering datang pas ketika drivernya dateng ke resto Dan sering juga driver cancel pesanan ketika pesanan sudah jadi tidak d ambil anehnya Malah kita yg kena tahan pesanan di aplikasi harus buka manual tokonya dan itu merepotkan,3,2022-10-05 06:12:43,0,"resto, pesanan, driver"
GrabMerchant,com.grab.merchant,a2bdb24b-dec8-4ae6-b28b-0812fa0295e7,fatkhiyatul mutfah,Skrg kalo ikut GMS L tdk terdaftar di program diskon kilat. Payah kali.. resto yg nangung semua aja.,3,2022-10-04 10:32:36,0,"resto, diskon"
GrabMerchant,com.grab.merchant,b04564df-e1de-43bb-af91-dbc853a742ef,Ika Nurhabibah,Tolong dong belakangan ini kenapa aplikasinya loading bgt driver sudah dtg tapi aplikasi gak bisa buka padahal sinyal sama kuota oke,3,2022-10-01 15:20:20,0,driver
GrabMerchant,com.grab.merchant,24bcdb5e-cecc-4d39-920f-e259222d2e13,Nonik Susan,Grabmerchant kenapa nyambungnya lama sekali. Beberapa hari mau masuk layar putih terus. Sangat mengganggu tidak bisa kontrol orderan jadinya,3,2022-09-30 07:16:37,38,orderan
GrabMerchant,com.grab.merchant,d54de86f-0b09-402b-ac6d-cb562cbe9b8f,Ben Rame,Nggak prnah dapet orderan masuk...sdah 2 blan lbih....tlong dong orderannya kak...,3,2022-09-28 17:11:04,1,"orderan, orderan masuk"
GrabMerchant,com.grab.merchant,1da62496-836f-429d-99dc-ce0438851f90,rizky indra Permana,Kenapa setelah update jdi lambat dibuka ya Jadi pesanan gak pernah masuk lagi selama 1 minggu ini,3,2022-09-28 12:26:32,0,pesanan
GrabMerchant,com.grab.merchant,83d8d580-89d8-42ac-af85-03496d73aa72,CAK RUL,"makin lama makin GILA, merchant diperas, customer diperas... ketawa aja lahh",3,2022-09-25 14:52:46,1,"merchant, customer"
GrabMerchant,com.grab.merchant,a93a79fa-0eff-4304-9a74-02a7b65aa160,M Lukman Hakim,Sangat merugikan mercant.tentang ulasan...sepihak.resto gk ada benernya..,3,2022-09-24 15:02:19,0,resto
GrabMerchant,com.grab.merchant,00b028b8-ab3c-4437-8d8e-4eec3e6479bd,Hairunnisa Lubis,Ribet kalau mau ganti nama Resto ☹️☹️☹️☹️,3,2022-09-23 14:45:57,0,resto
GrabMerchant,com.grab.merchant,69ed0743-b746-4c80-891b-b83e7ae9439d,Evie Yuniarti,Mau ganti nama resto ribet..harus fotoin LG surat perjanjian...klo yg sebelah gampang banget .praktis..mudah dimengerti,3,2022-09-23 09:56:29,0,resto
GrabMerchant,com.grab.merchant,0948c77b-37d6-43ab-bd34-4b773194ee8f,Ham Danah,Banyak komenan tidak relevan dr pelanggan tapi gabisa di jawab. Saya di kasih bintang 2 karena ga ngasih sendok padahal dia gak minta alat makan di catatannya. Mau banget saya balas tp gabisa. Orderan masuk padahal sudah tutup aplikasi. Pernah ad driver pukul 00:00 marah² karena kejadian ini. Orderan masuk apk ga bunyi alhasil driver lama nunggu.,3,2022-09-20 19:37:26,5,"orderan, orderan masuk, driver, pelanggan"
GrabMerchant,com.grab.merchant,9762bce4-fb1d-438f-9d1f-e65decd0aa8d,Eni Daruni,Mohon bantuan untuk di tindak lanjuti. Resto seblak dd ozzy tidak bisa masuk ke aolikasi. Lantaran lupa pasword. Sedangkan poaisi resto dalam keadaan buka. Sy sdh krm email namun tdk ada respon. Utk itu. Bila tdk ada respon juga.kami mohon utk resto kami tutup permanen saja. Krna krna kami tdk menerima notif bila ada pesanan.sekian terima kasih,3,2022-09-19 13:39:22,3,"resto, pesanan"
GrabMerchant,com.grab.merchant,36a60519-d621-44e3-83ef-eddf57b824fe,endang ariansyah,Yaaah...sekarang kamu ini kejauhan Maksudnya apa ya Temen Cek toko kami di grabfood apa App grabmechant toko kami belum aktif ato belum tertampilkan di Grabfood terimakasih,3,2022-09-16 13:23:10,0,grabfood
GrabMerchant,com.grab.merchant,43c55a4b-4565-454f-a880-7f057b33caae,Fitri Widayanti,"Ini bagaimana ya kak, toko saya blm bisa di buka, di fitur beranda msh tanda tangani kontrak saja, sdh sminggu an ini, tapi laporan penjualan harian sudah masuk.",3,2022-09-15 12:53:42,0,laporan penjualan
GrabMerchant,com.grab.merchant,1dbfc0b9-443b-4191-9f0d-3fb910ffc21a,Eko Setiono,Aplikasi sering logout dengan sendirinya. Harus sering2 buka aplikasi biar orderan ga kelewat. Mau bikin promo harus nunggu 1 jam baru bisa aktif.,3,2022-09-15 03:07:25,0,"orderan, promo"
GrabMerchant,com.grab.merchant,f383d8fe-d87a-4f97-997d-d9eebe4587ee,kopijidda kedai,mohon diinfo kenapa setiap ada orderan notifikasi saya gak berdering padahal sdh disetting dering.. dan kami baru tau ada orderan setelah driver tiba di toko.. tolong dibantuu...,3,2022-09-14 21:26:56,0,"orderan, driver"
GrabMerchant,com.grab.merchant,a9449b8e-21e8-4b85-ace6-8c04546bf54b,ilham alfafa,"Toko buka tapi ditutup otomatis sama grab. Selalu ada pemberitahuan toko tidak bisa menerima pesanan karena sedang tutup. Udah komplain tapi ga ditanggapi lagi. 🤦🤦🤦 Gak ngasih solusi. Gimana ini?! Masuk grab biar jualan dipermudah, malah jadi rumit.",3,2022-09-14 18:02:54,0,pesanan
GrabMerchant,com.grab.merchant,768b0944-8603-4c3e-8d66-bf286aaa5894,Gresya 31syasya,Saya Sudah lama daftar kok belum aktif aktif ya.. Tapi setiap hari ada data orderan di Gmail.. Sedangkan akun aja belum aktif.. Masa udah ada data orderan sebelum akun aktif.. Aneh nih grab,3,2022-09-14 13:23:54,0,orderan
GrabMerchant,com.grab.merchant,5cb61b7f-9947-4897-a0a3-2f07ae069961,Inayaazmi Athifa,"Kak sy mau tanya,gmn cra mengubah grab mkios menjdi grabfood ya,soal nya sy kmren ad pesanan cm di aplikasi tdk ad menu nya",3,2022-09-12 09:36:59,0,"grabfood, menu, pesanan"
GrabMerchant,com.grab.merchant,67eddd65-dbc3-4862-8cad-cf0690b6ac8a,Desi Indah,"Aplikasi aneh, kita sudah buatin makanan, driver gak datang sampai berjam jam entah itu dia ketiduran atau apa, habis itu batalkan saja seenaknya, selang berapa jam la kok ya kena suspen merchantnya.. pesenan selanjutnya di tahan.. ini sudah terjadi berulang ulang dan gak adil bagi merchant.. tolong perbaiki!! Beri fitur ganti driver bila driver tak kunjung datang dong!!!",3,2022-09-11 02:05:09,0,"merchant, makanan, driver"
GrabMerchant,com.grab.merchant,3e36ecfc-3ffc-4d55-8519-6563593e990b,Yulia Novika J,Saya baru menyadari bahwa rekap penjualan harian berbeda antara yang tertulis di bagian depan dengan riwayat total pesanan harian. Ini ada apa? Pembukuan merchant bisa berantakan,3,2022-09-10 23:21:09,0,"merchant, pesanan"
GrabMerchant,com.grab.merchant,abed8d3f-39ed-428b-ad41-23c14246821d,Reni Hidayati,Maaf kenapa di resto menunya kaga tersedia yah itu kenapa,3,2022-09-09 02:14:50,0,resto
GrabMerchant,com.grab.merchant,0776604b-7bb4-40ea-be58-0c5411f3adf7,Putri Kamila,Tiba tiba promo prioritas hilang tanpa ada pemberitahuan,3,2022-09-08 22:12:28,0,promo
GrabMerchant,com.grab.merchant,0d144e1d-f90c-45ac-a5a1-07f940093be9,Dyah Mahendra,Kenapa ya notifnya g masuk kalo aplikasinya g di buka? suka g enak sama driver karena driver datang dulu baru tau kalo ada order. Masa' harus ngecek aplikasi tiap detik biar tau ada orderan masuk? Tolong di benahi untuk notifnya 🙏🙏,3,2022-09-08 15:46:02,0,"order, orderan, orderan masuk, driver"
GrabMerchant,com.grab.merchant,8d207816-b590-4725-afa0-eb9a9bcc3d47,Wiwie Poornomo,"Ini bagaimana yaa, total penjualan kemaren 426.000, tapi kok yg masuk hanya 212.824, suka bingung sama keterangan di grab merchant sama yg ditransfer ke rek beda tolong dong penjelasan grab..",3,2022-09-08 11:18:40,0,merchant
GrabMerchant,com.grab.merchant,f753c4f2-0218-40dc-86d3-8000e7d2d7ec,Mie ayam Roso manunggal,Ko di aplikasi ku ga dapat grap campain sedangkan di toko sebelah dapat promo terus.gimana ya,3,2022-09-07 13:36:41,0,promo
GrabMerchant,com.grab.merchant,5bf9828e-d547-4235-84a0-033734d87ba1,ayarra Anindhira,"Aplikasi yg skrang stelah dprbarui notif nadanya gk bisa di ganti2, jd klo ada psanan gk kdngaran tiba2 aj driver nya datang mau ambil psanan.",3,2022-09-06 21:01:40,0,driver
GrabMerchant,com.grab.merchant,d79e6d24-7202-47a4-adff-d447aa6edf27,Cyril Tenkai,Keyboard tidak muncul saat mau input otp dan melengkapi pendaftaran grabfood. Semoga ada solusi.,3,2022-09-06 12:19:48,1,grabfood
GrabMerchant,com.grab.merchant,78c43452-2b76-4fb7-878a-7608c694f1ec,Nasi Gombreng,"KL bisa tenggang waktu off nya bisa lama atau sesuai dgn keinginan merchant nya, KL mau libur panjang JD lebih enak,tidak tiap hari pencet tombol off nya krna max cm bisa 24jam",3,2022-09-05 01:39:49,0,merchant
GrabMerchant,com.grab.merchant,0a404c1a-c519-4009-bcb7-7fa617691c08,Nada Ratno Azwara,"Halo...sudah 4 hari grab gak ada orderan Tumben ya ,kenapa ya?",3,2022-09-03 09:49:07,2,orderan
GrabMerchant,com.grab.merchant,768bf21f-c98b-412b-8364-f8a415cd1155,Nur Rinda,Maaf saya kurangi bintang dulu kenapa saya tidak bisa cairkan uang saya ya udah pusing kepala ku udah liat d YouTube malah ga sama tampilan dalam aflikasi grab merchant nya aku takut penipuan ini,3,2022-09-02 18:25:04,0,merchant
GrabMerchant,com.grab.merchant,4cb0a35d-b57b-44a9-8ea0-5d4e2dda3332,Warteg Mamoka 125,"Setiap ada costumer yang pesan,grab nya sudah sampai tapi pesanannya belum masuk",3,2022-09-02 05:43:28,0,pesan
GrabMerchant,com.grab.merchant,0c1afadc-e71d-4ca6-9297-2c39140747be,Dionisius Arya,Di-update tapi dimenu lainnya tidak ada notifikasi buat atur nada pesan masuknya...,3,2022-09-01 07:21:31,0,pesan
GrabMerchant,com.grab.merchant,49496b99-2453-4e1d-b8b1-f14965ee9f85,Muhammad Ikhsan,"Total penjualan kenapa di kali 2 ya,,,penjualan 50 RB tercantum 100 RB,,saldo di kirim 50 rb",3,2022-08-31 12:54:03,0,saldo
GrabMerchant,com.grab.merchant,7b67ef41-3362-4540-b563-9cd2a474d6d2,Marivany Alwi,Tidak bisa isi verifikasi tidak muncul keyboard untuk grabfood,3,2022-08-31 03:20:52,0,grabfood
GrabMerchant,com.grab.merchant,51702c42-3c5d-4dcd-92d8-e2799585b947,Deden Priyatna,Terkadang order masih masuk padahal sudah di matikan( habis ),3,2022-08-29 18:03:57,0,order
GrabMerchant,com.grab.merchant,3145fe75-e9c2-4107-ad34-9157127e6b88,Ahmad Apandi,"Saya mohon aplikasi grab merchant ini. Di perbaiki. Resto kami sering di rugikan oleh driver yg nakal. Mereka membatalkan orderan sesuka hati mereka, Yg parah nya resto kami di tahan setelah pembatalan mereka. Seperti aplikasi saingan si ijo dan Oren ,driver mereka gak bisa batalin orderan sesukanya. Atas perhatian nya saya ucap kan terima kasih....",3,2022-08-26 17:53:12,0,"resto, merchant, orderan, driver"
GrabMerchant,com.grab.merchant,57f50ef4-fc6d-42c8-ab38-d2ddbb5d43c1,Ryan Biru,Mf bintang nya turun. Soalnya pemberitahuan pesanan masuk gada. Harus buka aplikasi trs.,3,2022-08-25 12:39:28,0,"pesanan, pesanan masuk"
GrabMerchant,com.grab.merchant,eaa29553-1e08-4dc3-a1eb-db378b8f0e12,Zulaihatin Atin,"Min mau tanya kenapa susah buat masuk ke akun grab merchant ya? saya minta kode verifikasi malah gk muncul2. Akhirnya daftar baru dan bikin akun lagi tpi pas daftar baru jugk sama ajah gk dapet kode verifikasi nya, apa harus melalui sales ? Jdinya ko malah ribet yak.",3,2022-08-23 16:30:30,0,merchant
GrabMerchant,com.grab.merchant,03e892b5-51c4-4432-a3ce-35b03319bf64,Rahmi Agatta,Cara penarikan saldo dana penjualan digrabmerchant gimana ya karena fitur dompet saya tidak ada diberanda,3,2022-08-22 14:40:47,0,saldo
GrabMerchant,com.grab.merchant,8a924d98-0302-48ef-8b5f-1c3dd972befe,Nurlia Artika,Selamat siang. Maaf kenapa dana pencarian belum di TF ke Warung Nasi Uduk Mak Indra pada tanggal 20 Agustus 2022,3,2022-08-22 12:50:47,8,warung
GrabMerchant,com.grab.merchant,4c08088e-30b5-4e1c-967a-513ee5e111f3,Fikriyan hadi,"Ada order gak ada notifikasi suara, taunya pas ada driver datang Gak mungkinlah liatin hp terus!!!!",3,2022-08-21 15:10:10,1,"order, driver"
GrabMerchant,com.grab.merchant,8121fc02-09c3-4f3b-b3d0-c292957d4e70,Azka Azka,"Kenapa tidak ada menu PROMOSI yaa... Jd mau buat promosi gak bisa.,??",3,2022-08-18 20:44:23,0,menu
GrabMerchant,com.grab.merchant,afdfdb51-95e1-43db-bd21-e864b12b0a94,dinda rahmah,Mau buat promo sendiri.. Tapi app sering error,3,2022-08-18 16:02:20,0,promo
GrabMerchant,com.grab.merchant,af85cd18-982d-4b5a-9cea-2bdb175c96d6,deta achtiana,"Tolong diperbaiki, ada pesanan tidak ada notif, hanya ad notif jika aplikasi benar2 dibuka, tau2 driver dah dteng, jdi g enak mreka nunggu lama",3,2022-08-18 14:03:49,0,"pesanan, driver"
GrabMerchant,com.grab.merchant,095dac28-2c32-4e84-a6e1-a2ecedd0f6c8,Elizabeth Tyas,"Selalu telat notifikasi ketika order masuk, selalu driver dulu yg telp baru tau ada orderan",3,2022-08-15 10:26:33,0,"order, orderan, driver"
GrabMerchant,com.grab.merchant,39c86d20-866e-49ce-85f1-f29dd67c64d5,helmi zakariya,"halo grab, apakah bisa dibantu untuk informasi contact person PIC atau admin grabfood wilayah kalimantan timur. karena berulang kali coba registrasi via aplikasi selalu gagal. aplikasi sering force closed.",3,2022-08-10 07:33:10,0,grabfood
GrabMerchant,com.grab.merchant,c2f2a07d-6616-42be-ad0f-d98c27d8d1af,Eli. M,Sering bgt notif orderan ga bunyi . titik maps udh bener tp klo lg kumat driver suka dbkin muter2 menuju resto. Nyampe resto driver keburu kesel dluan.jd dikira resto yg lelet dan ga update titik.mkanya pling nahan sabar ngadepin driver grab(ga semua begini). dikira resto ga panik notiif orderan ga ada tp drivernya ud nyampe.,3,2022-08-09 23:06:15,0,"resto, orderan, driver"
GrabMerchant,com.grab.merchant,5a99483e-93d3-4157-b2e9-f9c7ad186ba9,Aditiyanta Karsendra Putra,"Ini aplikasi bikin orang mau baku bunuh. Knp kalian ga buat buka tutup bisa di atur pemilik tidak otomatis buka wlopn toko tutup. Emang sni kerjaannya hanya mau tengok aplikasi ini terus menerus. Trus lagian resto yg tutup knp driver yg d salahin,jatuhnya driver maki2 sm restonya. Padahal dr resto dah matiin. LUCU.LUCU BANGET. Jengkel aq sm Grab. Kog ga kayak aplikasi sebelah buka tutup di atur sndri. Parah",3,2022-08-09 15:23:54,38,"resto, driver"
GrabMerchant,com.grab.merchant,b0fffdcb-8861-4b7e-9b8c-bbe0d94f0f62,Budi Kurniawan,Gak simple aplikasinya. Susah mau nambah n rubah2 menu,3,2022-08-08 17:49:49,0,menu
GrabMerchant,com.grab.merchant,18096a01-60ca-4725-8840-14f820ec646a,nopal pal,"Sistem sekarang gak kaya dulu. Sistem dulu orderan masuk driver baru keresto,sekarang malah sebaliknya, udah gitu Cari pengemudi 10-15menit, ujung "" dapet driver d sekitar resto.,! Tolong kembalikan sistem kaya dulu boss",3,2022-08-07 19:08:09,0,"resto, orderan, orderan masuk, driver, pengemudi"
GrabMerchant,com.grab.merchant,12eb6442-a1c3-48fe-ab4b-0152872758af,Indra Tampo,Untuk merubah dan menambah menu tidak ada tool nya di aplikasi. Caranya bagaimana ya????,3,2022-08-07 13:26:07,9,menu
GrabMerchant,com.grab.merchant,79ed6b15-c7e5-4f85-a862-4877d0a5a56e,Jaweng Galunggung,Kenapa y setiap orderan masuk notivikasi nya lambat bunyi nya klo datang deliveri nya baru bunyi,3,2022-08-03 15:37:18,0,"orderan, orderan masuk"
GrabMerchant,com.grab.merchant,f4786039-780a-4147-a466-c4cfbfb4ebb0,Kangencendol Aderav,Grab merchant saya kenapa grab pay merchant padahal install grab merchant? Cara nya beralih ke grab food merchant bagaimana Krn no hp SDH kedaftar?,3,2022-08-01 17:25:07,0,"grab food, merchant"
GrabMerchant,com.grab.merchant,782c81fe-d234-4a89-9fa8-3536b056137c,YounZi,"Di palangkaraya orderan grab sepi bgt entah knp. Seminggu cmn ada 2 orderan bahkan kadang tidak ada. Di apk sebelah selalu ada, ada apa ya? Tingkatkan lg semangat kompetitifnya, jgn mudah puas dgn apa yg di capai skrg.",3,2022-07-31 21:09:10,2,orderan
GrabMerchant,com.grab.merchant,3184e5cf-9500-4ce2-96d0-846d415633c1,丁卂尺爪ㄩ丨几丁卂尺爪ㄩ丨几,ada pesanan masuk tpi notifikasi nggak bunyi.notifkasinya bunyi kalo drevernya udah datang,3,2022-07-31 17:26:26,0,"pesanan, pesanan masuk"
GrabMerchant,com.grab.merchant,e4d1ce5e-1653-4b40-8a40-bf6bf926af74,Yolin Ngenggu,Kenapa mau ganti alamat aj susah bangt saya cuma pinda tidak sampe satu kilo meter dr warung lama sama saja kyk bikì ulang lg klo disuruh hrus daftar kmbali 🤔 dan warungnya masih tutup sudah diatur semua jam buka jm tutupnya tapi masih tutup warung saya diamplikasi grabnya 🙃 saya mohon scepatnya disesuaikan biar saya bisa jual lg 🙏🙏,3,2022-07-31 15:47:28,0,"warung, jam buka"
GrabMerchant,com.grab.merchant,997520cf-27ad-4e87-8fc1-8c47866fd906,Abdoel Aziz,Tambahin variasi menu donk kyak di apk oren dan ijo sebelah jadi gak ribet nanyain pilihan menu ke customer mau di pisah sama adonan apa di campur Atau mau toping yang mana biar gak ribet,3,2022-07-28 22:33:26,0,"menu, customer"
GrabMerchant,com.grab.merchant,5773acba-fec1-421e-bbaf-86c9bdfe4be6,Faruq Shibyana,Driver tidak kelihatan di aplikasi custamer jadi sering lama nunggu driver yang bisa berdampak pada resto,3,2022-07-27 08:19:27,0,"resto, driver"
GrabMerchant,com.grab.merchant,fbdb6dc6-8568-4245-9b88-a52998660e22,by R channel,"Kadang2 ga tau ada pesanan ,",3,2022-07-26 09:05:30,0,pesanan
GrabMerchant,com.grab.merchant,0333be79-1914-4621-84d3-3ca5f7a37a31,Indri Yani,terus aja updte ga ada perbaikan.. ada orderan ttp ga ada notif..,3,2022-07-23 09:49:50,0,orderan
GrabMerchant,com.grab.merchant,bb8c743e-e21b-4bed-85e5-afa2fc2ab0d5,Warung Juice Fillio,"Makin kesini makin nga jelas, Resto saya Rating 4,3 dari 4,8 semenjak pembaruan. Gimana mau ada Order masuk, 80% customer order lihat Rating",3,2022-07-20 19:16:09,0,"resto, order, customer"
GrabMerchant,com.grab.merchant,96cff97c-e811-4854-a1eb-93478d990e43,Danie Danie,Aplikasi nya sering lambat drever datang orderan nya blom masuk,3,2022-07-20 18:34:05,1,orderan
GrabMerchant,com.grab.merchant,446d7b77-bc59-471b-abe9-f0e3dc16acb6,Wahyu S,FITUR BARU UPGRADE MALAH KELAMAAAN DAPET DRIVER NYA ..... WAKTU NYA TERLALU LAMA SAMPAI 20 MENIT MENCARI DRIVER ....,3,2022-07-19 23:39:45,0,driver
GrabMerchant,com.grab.merchant,d1dd49e0-e21d-4d92-a5da-d65411240f9d,Nyanyangtea tea,Hampir satu bulan saya pake Aplikasi Grabmerchant Cuman di kasih 7 orderan,3,2022-07-19 17:19:17,0,orderan
GrabMerchant,com.grab.merchant,64b3d2f0-2298-465e-856f-0b6416765be7,ellyanti ellyanti,Tidak bisa menambah menu baru karena tidak ada kolom tambah menu nya.,3,2022-07-19 16:19:09,0,menu
GrabMerchant,com.grab.merchant,96e02292-fa78-477d-90f1-9c1aab6c3083,Habibie Noor,Saya daftar sudah berhasil. Dan akun saya ditangguhkan karena nama resto katanya ada unsur agama. Dan zaya sdh minta bantuan pihak grab untuk mengganti nama resto yg baru. Sampai sekarang tdk ditindak lanjuti. Padahal saya sdh ziap kan bahan2 makanan minuman. Kalau tdk d tindak lanjuti Kpan sy bs jualan. Sy sdh cek email setiap hari tapi tidak ada perkembangan. Sy mohon pihak grab bisa bantu secepatnya,3,2022-07-19 15:54:57,0,"resto, makanan, minuman"
GrabMerchant,com.grab.merchant,a0cd4276-18a6-4a64-baa7-9126f94c0ccd,Thooriq Imamul,"Cukup ribet untuk alur perubahan data restoran. Sebenarnya bagus untuk berjaga-jaga dari data palsu dsb., tapi alangkah baiknya tidak seribet ini",3,2022-07-15 15:42:25,0,restoran
GrabMerchant,com.grab.merchant,121b583c-2b41-4fbd-a174-2d5d774d2a62,Diyah Ayu,Pada aplikasi grab merchant saya tidak ada daftar menu sehingga tidak bisa menambah menu,3,2022-07-13 14:13:36,0,"merchant, menu"
GrabMerchant,com.grab.merchant,953f75fa-115a-41db-be43-209e645a6531,Wawan Hermanto,Klo bisa ada tombol buka/tutup resto seperti dulu. Lebih mudah kontrolnya,3,2022-07-13 07:51:12,0,resto
GrabMerchant,com.grab.merchant,ccbf6798-20b3-46d5-b462-481d05276e46,IT IL-HSA,"Untuk buat promo resto ribet, contoh punya shopee dan gojek, mudah dan cepat",3,2022-07-12 21:36:31,0,"resto, promo"
GrabMerchant,com.grab.merchant,d4780d66-fb0f-44ab-9c24-0c400e12421b,Kenzi Sugito,Kebanyakan UPDATE orderan ga ada,3,2022-07-12 17:26:22,16,orderan
GrabMerchant,com.grab.merchant,97f5dc1c-3faa-424e-8e02-c6f803709447,Warung Ibu Eneng,Gak tau bagaimana caranya biar sering dapet orderan.. liat resto lain kyanya banyak bgt orderannya.. resto saya sehari satu orderan juga jarang.. padahal udh buat promo ini itu.. resto juga udh lumayan lama.. tapi rating nya gak pernah muncul di aplikasi customer.. dah lah untung2an kali inimah,3,2022-07-11 09:46:26,0,"resto, orderan, promo, customer"
GrabMerchant,com.grab.merchant,0f7097bf-b58d-4974-9386-2edf7834f441,Dustin Lauw,Masukan ka.. 1.Bikin spy qt bisa balas ulasan pelanggan ka kyk sebelah 2. Supaya toko bisa cetak nota soalny customer sll mnta nota spy qt ga kerja double. 3. Notip kadang ga bunyi kalo pesenan masuk. Di omelin mulu ama driver ny🙈 Itu aja yg kurang si. Tlg di perbaiki lg ya.. Biar kita lbh baik lg,3,2022-07-08 15:15:17,0,"driver, pelanggan, customer, ulasan pelanggan"
GrabMerchant,com.grab.merchant,ddaaf62a-ccda-4d1d-8897-ea40e11e3dba,ninda stikes,"Mohon maaf sebelumnya, padahal resto saya tidak mengikuti promo 50%kenapa diikutsertakan?? Dan itu msih ada potongan lagi diskon kilat 77.. total bersih saya hanya menerima krg lbh 10.600 per porsi dr harga 27.000??????? Pdhl sudah saya hentikan promonya tapi tetap gabisa. Tolong jgn merugikan resto pihak grab 🙏🙏🙏 krna saat ini segala macam bahan pokok sembako naik.. yg ada kita malah rugi..😞😞😞😞",3,2022-07-07 11:56:45,0,"resto, promo, diskon"
GrabMerchant,com.grab.merchant,b3ae07c9-d717-47f5-96c4-d29e5ab39e12,Dikha Paramita,Ada orderan gak ada notifikasi. Dan penilaian resto eror. Mohon dibenahi bug nya . Terimakasih,3,2022-07-05 11:05:26,0,"resto, orderan"
GrabMerchant,com.grab.merchant,0446ad33-a819-45ff-8a0a-b99ebc43c6da,Husen KeyMey,"Driver Bisa SeEnaknya Batalin Pesanan, Dengan Alasan Resto Tutup, Padahal Resto Buka 24 jam, pesanan sudah d siapkan, komfirmasi ke driver juga udah,. Mohon ditingkatkan lagi, Resto sering di Rugikan Driver...",3,2022-07-05 10:17:44,0,"resto, pesanan, driver"
GrabMerchant,com.grab.merchant,ae9856da-19ae-404d-9293-1398fc28e5be,Lekmisno Misno,Kadang ada pesanan ga ada notifikasi ga ada suara,3,2022-07-05 09:06:55,0,pesanan
GrabMerchant,com.grab.merchant,333fe8e1-41c6-4781-9d45-36a6f33c9f93,Yulia Sari,Setiap ada orderan pasti ga bunyi Pas apk di buka baru bunyi Temu temu driver udh di resto Tolong dong grabmerchant notif nya harus slalu bunyi klo ada orderan,3,2022-07-04 23:55:11,0,"resto, orderan, driver"
GrabMerchant,com.grab.merchant,57354616-75f7-4373-82a6-2502fcffa3f3,Miwisa Ayu,Bunyi Pesanan masuk kadang tidak bunyi. Sehingga tidak tahu jika ada orderan.,3,2022-07-04 21:31:13,0,"pesanan, pesanan masuk, orderan"
GrabMerchant,com.grab.merchant,6193b9da-ebeb-4967-bb7d-101bd9c16d7d,Mega Ardika,"Sering bgt dpt orderan gk ada notifikasi.. Tau drivernya dtg kasian kl harus nunggu lama,masa harus pantengin trs aplikasi biar tau ada orderan tolong donk perbaiki lagi kasian drivernya trs qt jg masak nya jd buru2",3,2022-07-04 09:54:32,0,"orderan, masak"
GrabMerchant,com.grab.merchant,6caf8be6-45b9-4df8-90d8-4eb22f8449e6,Netral & Neutral,"Tolong grab tambahin fitur liat makanan yang dibatalin oleh siapa soalnya kalo lupa kepencet back gak bisa liat kembali pesanannya dibatalin oleh siapa, juga tambahin fitur mengecek item terjual apa aja . Saran aja nih contekin fitur di gobiz!!",3,2022-07-03 13:42:11,0,makanan
GrabMerchant,com.grab.merchant,20710ac9-8741-4395-a826-cc6626316df3,Rulli Aryatin,"Kalau ada orderan masuk, sering kali notifikasi tidak bunyi..",3,2022-07-02 17:24:14,0,"orderan, orderan masuk"
GrabMerchant,com.grab.merchant,c02d2b5b-2c66-4bb7-9f4c-a5e9afa52665,Julaikah 90,buat saya grab bagus dn sngat membantu untuk bisnis jualan..tp kkuranganya klu d pakai buka aplikasi lain lau ada pesan gk bisa masuk,3,2022-07-01 17:39:55,0,pesan
GrabMerchant,com.grab.merchant,fa2e5195-c0cb-428b-8e17-8f27f5a5aa1f,dhek putrii,masih susah dpt orderan umkm promonya juga banyak yg gak diacc,3,2022-06-30 00:03:27,0,orderan
GrabMerchant,com.grab.merchant,ff46a4db-bc70-43e9-81c2-0501cbe1281c,LUCKY,kenapa ga bisa menjalankan akun padahal akun saya siap digunakan ..tolong bantuannya grab merchant,3,2022-06-29 00:26:00,0,merchant
GrabMerchant,com.grab.merchant,34484d87-3bba-4cb1-af9e-d666b8b4b90a,Warung Neng,Smoga d tingkatkan lgi .suka ga bunyi kalo order masuk ..driver datang k resto baru tau ada order..,3,2022-06-28 17:36:38,0,"resto, order, driver"
GrabMerchant,com.grab.merchant,823c5681-911f-417a-8fed-1214e9676478,Wy Jr,"Aplikasi sering force closed, Sangat menjengkelkan jika ingin mengubah jam atau menu app secara tiba tiba keluar bgitu saja. Tolong di perbaiki.",3,2022-06-27 11:48:29,0,menu
GrabMerchant,com.grab.merchant,f84a801b-6dd1-4455-865c-4076c53054ab,Dimas Setiawan,Tolong di perbaiki bnyk sekali bug kadang ada orderan tpi g ada notifikasi/ bunyi,3,2022-06-25 21:10:28,1,orderan
GrabMerchant,com.grab.merchant,a94107b1-190b-4cb6-80d9-8e8357463719,Espada Kapten,"Harusnya AdiL pihak Resto juga bisa memberi nilai bintang kepada driver, agar meminimalisir driver yg kurang ajar gak sopan n kasar dalam menjemput makanan..Mohon diperbaiki, agar bintang 5",3,2022-06-23 11:49:24,0,"resto, makanan, driver"
GrabMerchant,com.grab.merchant,bd157392-fec0-4638-ba20-2e1adc10c631,Pak Apen,"Kenapa order masuk kadang ""SUARA"" pemberitahuan ( notifikasi ) tidak ""BUNYI"" Jadi setiap detik harus melihat layar agar tahu jika ada pesanan masuk, jadi bisa langsung di proses Sudah sering kali driver sampai di Resto duluan baru notifikasi ""BERSUARA"" Ini menghambat waktu. Tidak bisa menghemat waktu. Rabu, 22 Juni 2022 Barusan update aplikasi. Bukannya lancar malah mau buka menu saja ada keterangan ""Ups, ada yang salah"". Alhasil menu ga bisa di buka Salahnya dmn lagi?",3,2022-06-22 14:21:58,409,"resto, menu, order, pesanan, pesanan masuk, driver"
GrabMerchant,com.grab.merchant,b99373ec-ebe5-4113-bdca-09681d6c0d4a,Noor hamdah azizah 8i,"Aneh udah selesai transaksi kok gaada catatan uang masuk di beranda, sya cek ternyata apk belum sya update. Sya kasih bintang 3 dulu, nanti klo setelah di update, ada catatannya. Sya kasih 5. Klo gaada catatan lagi, sya kasih 1. Terimakasih.",3,2022-06-21 17:25:58,13,transaksi
GrabMerchant,com.grab.merchant,4e9080bd-a0c4-43e8-8dbe-5d91af8ebbdc,Pakdhe Mangir,"Sehari makai sudah nyantol, namun driver daerah seyegan blm banyak",3,2022-06-20 17:26:10,0,driver
GrabMerchant,com.grab.merchant,273a5363-0aff-4d1a-a9a9-4e2d0b0d1647,Nurlela Sanusi,Di aplikasi belum aktif..tp td ada email masuk pesanan di batalkan dulu karena merchat lagi tutup🙈,3,2022-06-19 22:36:52,0,pesanan
GrabMerchant,com.grab.merchant,2c3b5ae8-ed28-4aa0-a729-3cfa3473aada,Vanilla Blue,"Halo min, untuk mendapatkan papan Grabfood itu persyaratannya apa aja ya?",3,2022-06-17 21:42:37,0,grabfood
GrabMerchant,com.grab.merchant,c329b543-e6fa-4c42-b2ae-dbd72c910611,Zeinal ARiFiN,Tolong dong pihak merchant aku kesulitan bget untuk mendapat kan orderran pdhal sya menyajikan yg ter baik kalau ada orderan msuk. Mkasi,3,2022-06-17 18:18:11,0,"merchant, orderan"
GrabMerchant,com.grab.merchant,46c160e5-def4-4c9b-8aee-6fddc20f39d9,Ayu Kumaeroh,Bagaimana cara membalas ulasan pelanggan.. apakah sekarang tidak bisa balas ulasan pelanggan ?,3,2022-06-17 15:36:50,0,"pelanggan, ulasan pelanggan"
GrabMerchant,com.grab.merchant,899e1bd4-1876-4a64-888c-150d0e9a41c0,Ipung Free,Batal update daripada ngga ada hiburan sprti musik yt dan lain lain. Biarin dah anyep2 orderan masih ada marchan sebelah.,3,2022-06-14 05:55:54,0,orderan
GrabMerchant,com.grab.merchant,c3f36a2b-2ba6-4757-9208-f49095fb9bf7,Edo Aricagro,Kasih fitur chat penjual ke driver,3,2022-06-13 15:24:36,14,driver
GrabMerchant,com.grab.merchant,c81c2f14-03e6-49a9-91bf-79040f342386,Novi Ta,Sayangnya pangkalan nya Jauh jadi Ada order an pas grab lewat aja,3,2022-06-13 15:12:28,0,order
GrabMerchant,com.grab.merchant,43931ae2-cbb5-4d19-a941-650ea5687a2f,syarip pudin,"Grab merchant makin lama makin kesini jadi sering eror terus, pesanan masuk suka telat kasih notif, sering di batalin tiba2 sama pelanggan padahal makanan sudah di siapkan. Tolong di perbaiki lagi ya jangan cuma nyari untung aja, kita juga sebagai penjual buKannya untung malah buntung.",3,2022-06-10 17:45:46,0,"merchant, makanan, pesanan, pesanan masuk, pelanggan"
GrabMerchant,com.grab.merchant,fbf2ea84-aa21-49d3-be8a-998d2d464186,cv azzahra,"Harusnya Pihak Resto diberi wewenang menilai driver yg kurang sopan dan telat lama, Harusnya pihak Resto diberi kompensasi klw pesanan bataL",3,2022-06-08 09:23:23,0,"resto, pesanan, driver"
GrabMerchant,com.grab.merchant,a3efd946-87c0-4c5a-8066-884f8362fdb2,Dev Purna,Tolong donk untuk tombol buka dan tutup tokonya disediakan tanpa harus mengubah jam bukanya. Setiap mau tutup toko sebelum jamnya pasti besoknya harus ngeset ulang jam lagi bukannya. Kan jadi ribet,3,2022-06-07 08:31:34,1,tutup toko
GrabMerchant,com.grab.merchant,5f95dc76-d53f-4b47-a8ad-06fbbb29c5c4,RDP Channel,Fitur pembuatan iklan banner sama iklan pencarian yg di menu koq sudah tidak ada ya,3,2022-06-06 15:50:12,0,menu
GrabMerchant,com.grab.merchant,0deb4359-6c50-47e5-a76b-28db468e0d6e,Ardo,"Kalo aplikasi nya ga dibuka gak tau ada pesanan masuk tau"" ada driver udh datang mau ambil pesanan",3,2022-06-06 14:03:26,0,"pesanan, pesanan masuk, driver"
GrabMerchant,com.grab.merchant,1aea5d16-3c27-42b0-881a-c6ba45b6bdbc,Rohmat Rohmat,Tolong tutup buka nya toko jangan otomatis jadi susah klo tiba tiba habis cepat gimana cara tutup toko nya? Jangan otomatis pliss,3,2022-06-03 15:59:48,0,tutup toko
GrabMerchant,com.grab.merchant,6787a69b-caee-4f89-946e-c988bd6b36c0,Reza Fauzi,Ko beda yg sama gambar saya jadi pusing engga ada pengaturan buat bikin menu dan lain lain,3,2022-06-03 11:31:43,0,menu
GrabMerchant,com.grab.merchant,373c0fd0-873c-4690-890c-3a69b305158d,Novi Andini,Kirain saya aja yang gak bisa buka media player seperti youtube dll. Ternya banyak yg sama. Kukira hp ku yg bermasalah ternyata aplikasi grab merchant yg bermasalah aduh klo gini terus mengganggu tolong diperbaiki soalnya dulu gak gini sih,3,2022-06-02 17:30:55,2,merchant
GrabMerchant,com.grab.merchant,8d023fe2-3b59-4017-bff2-4896d9c5d541,Maya Yuliartha,"Aplikasi Grab Merchant nya kok setelah update atau sebelum update tidak bisa memutar youtube dan musik, dan aplikasi2 lainya. Tolong diperbaiki dan lebih baik lagi untuk tidak menghambat orderan food nya dan aplikasi2 lainya. Trima kasih",3,2022-06-02 10:56:45,2,"merchant, orderan"
GrabMerchant,com.grab.merchant,ccac86f9-a350-4061-ad03-dbdc9cc0dbfe,Martabak 69,"Saya kasih bintang 3 aja ,tolong pihak greb aplikasi nya di perbarui lagi supaya kastames ga bisa batalin rugi saya udah di buatin 3 porsi batal,tolong supaya ga terjadi ke resto lain",3,2022-05-31 21:33:59,1,resto
GrabMerchant,com.grab.merchant,5c174502-bf6d-44fc-baf7-b6da9743c0ab,hamzah nurullah,Ko ngga bisa tambah menu makanan yaa ??,3,2022-05-31 09:16:40,0,"makanan, menu, menu makanan"
GrabMerchant,com.grab.merchant,4fb29bab-b511-4bc7-b015-f28b158fac44,jaman now,"Sedang tidak mendukung Grabmerchant. Karena sangat2 lemot, susahh memperbaiki menu. Dan iklan tidak berfungsi sama sekali. Mohon diperbaiki",3,2022-05-30 01:40:36,0,menu
GrabMerchant,com.grab.merchant,940e894e-1af6-4537-9e8e-9b95c18a3577,Lili,Membantu jualan.. Kasih bintang 5 kalau sudah ada penjual bisa balas ulasan pelanggan :),3,2022-05-29 18:59:42,0,"pelanggan, ulasan pelanggan"
GrabMerchant,com.grab.merchant,123a6cf2-e18f-4b6f-8fdf-55477bd95651,kikiramdhan winata,"Hallo kak untuk pendaftaran grabfood kok lama sekali yaa, bisa dibantu",3,2022-05-29 12:14:34,0,grabfood
GrabMerchant,com.grab.merchant,e10e1769-197d-4da6-a69c-cf88f87dc721,zidan ba'ul,Mohon ditambah fitur foto dulu makanan sebelum diantar driver... Karena sering menemui keluhan makanan kurang setelah sampai customer dan yg disalahkan penjual padahal penjual sudah memastikan pesanan sesuia,3,2022-05-27 19:23:23,0,"makanan, pesanan, driver, customer"
GrabMerchant,com.grab.merchant,30e5e52b-6e3b-42b6-884c-ee6093e683ca,Aris Mushofa,"Ada pesan masuk gak bunyi padahal tidak di silent, ketika mbuka aplikasinya baru bunyi..itu saya saja yg ngalamin atau yg lain juga yahh",3,2022-05-27 16:04:50,0,pesan
GrabMerchant,com.grab.merchant,07f272d5-be0f-4800-8662-9320882d23ea,Haris Aljufrie,"Saya baru daftar grab merchant dan sudah dapat verifikasi akun mitra...tapi sebelum saya instal aplikasi di hp saya tiba2 ada orderan datang..padahal saya baru download aplikasi nya,,,apakah tidak bisa di aktif kan toko nya setelah saya login? Karena sempat terjadi kesalahpahaman antara driver dan pemilik usaha...akibat status toko yang otomatis ""aktif"" terlebih dahulu sebelum login ke aplikasi nya 🙏",3,2022-05-26 11:32:28,1,"merchant, mitra, orderan, driver"
GrabMerchant,com.grab.merchant,088c5e1a-acdb-4c9c-b448-a2f901ea7280,Mr. Elrusk,Kenapa skrg jd ga bs liat detil riwayat pesanan ya? Yg muncul hanya jumlah order terselesaikan dan nominal transaksinya.,3,2022-05-25 18:27:03,0,"order, pesanan"
GrabMerchant,com.grab.merchant,62edf74c-350b-481f-a7fa-b7d40732905c,Rm Lembah Anai,"Orderan grab merchant untuk tengah malam,sering di cancel sepihak oleh driver. Sangat merugikan",3,2022-05-24 02:31:48,0,"merchant, orderan, driver"
GrabMerchant,com.grab.merchant,b1549ab9-d443-4eae-9c4f-c84d452e7737,Abu Qosim,"Pada profil toko ada keterangan Saung bu Dian 92M dr filosofi surabi, itu tidak benar. ""filosofi surabi"" dipastikan tidak ada. Kasihan driver mencari saya di sana ngga ketemu Mohon tdk lagi pakai patokan ""filosofi surabi"" , tapi gunakan BREE coffee and kitchen 50M dari Saung Bu Dian. Sudah lapor 5 kali ngga ditanggapi Terima kasih",3,2022-05-22 13:29:05,0,driver
GrabMerchant,com.grab.merchant,4a24c055-066b-4e0b-a0d9-b52968dbf574,Winarni Iriyanti,"aplikasi sering keluar sendiri,lambat,dan tidak keluar notifikasinya,sering banget ga pernah bunyi pdhl juga udah selalu standby didepan hp, tolonh diperbaiki lagi aplikasinya, kasian driver dan pembeli yg menunggu lama",3,2022-05-22 08:41:19,1,driver
GrabMerchant,com.grab.merchant,f07d1c8b-34e5-4ab4-8ec2-fd3d4f1b4365,MUHAMAD NUR ICHSAN,"Hadehh. Kenapa jadi begini ya aplikasi, setiap saya buka aplikasi grabmerchant. Semua aplikasi yang berjalan di latar belakang berhenti semua, ketika di close baru semua aplikasi berjalan normal. Padahal saya cuma buka aplikasi grabmerchant, saya buka aplikasi yang lebih berat dari aplikasi grabmerchant lebih dari 5 tidak masalah tanpa membuka aplikasi grab. Ketika buka aplikasi grabmerchant semua aplikasi berhenti, tolong untuk diperbaiki ya, agar merchant dan driver tidak saling dirugikan",3,2022-05-21 12:44:19,3,"merchant, driver"
GrabMerchant,com.grab.merchant,5e87eb45-b1aa-4beb-b090-43871f9e3966,Komala Dewi,Trmksh.. Saya newcomer di grab merchant. Semoga bs saling bekerjasama dng baik dan dapat meningkatkan penjualan.. Aamiin,3,2022-05-21 11:44:04,0,merchant
GrabMerchant,com.grab.merchant,1ad9f2b4-3160-4402-abe8-63f2b5090926,FitriZahra,Hallo selamat siang.. Sekarang klw grab merchant buka . Kita gak bisa dengerin musik/ buka youtube tolong di perbaiki Bintang saya turunkan,3,2022-05-21 09:14:13,2,merchant
GrabMerchant,com.grab.merchant,b07a6965-a4d7-47b2-bff0-7a634ad2d076,maria imaculata stasiana,Di email saya bahwa ada orderan masuk grab food tapi kenapa giliran saya bukan grab merchant belum ada orderan masuk ya kak? Mohon dibantu,3,2022-05-20 06:06:18,0,"grab food, merchant, orderan, orderan masuk"
GrabMerchant,com.grab.merchant,e83839db-89ff-4956-9aac-14cb1c5e7ca7,Kartika sari,Ko tampilan saya masih yg lama gak berubah.jd gak bisa lihat saldo penjualan saya. Harus ke riwayat dlu kalau mau lihat.,3,2022-05-18 10:38:53,0,saldo
GrabMerchant,com.grab.merchant,a68b9e44-c905-445b-96ca-f6b2fbd39186,arin arin,"Mohon di tambah menu edit harga di pembelian token, pulsa dan pembayaran lainnya",3,2022-05-16 16:03:43,0,"menu, pembayaran"
GrabMerchant,com.grab.merchant,03b8751b-ee0d-43f6-b6be-5e7eebba4a5b,Ellie Terry,"Kenapa ya driver bisa seenaknya membatalkan pesanan,padahal sama driver pesanan sudah di photo,driver ga sabaran tidak mau menunggu lalu pas saya keluar mau ngasih makanan nya drivernya kabur dan di aplikasi sudah dibatalkan,Rugi saya,udah 2x kejadian kaya gini,mohon diperbaiki agar driver tidak bisa seenaknya membatalkan pesanan,dan bagaimana caranya melaporkan drivernya yg seenaknya membatalkan pesanan karena sangat merugikan pihak resto???",3,2022-05-14 23:24:41,0,"resto, makanan, pesanan, driver"
GrabMerchant,com.grab.merchant,1f3ef91e-80f8-4d84-a80c-202343f121aa,Selviana Dunggio,"Punyaku kenapa gak muncul menu-menunya ya ka pas di beranda, gak bisa liat pendapat bersih juga 😢",3,2022-05-13 22:32:51,0,menu
GrabMerchant,com.grab.merchant,c29845cd-a4f2-482f-bcbd-f1f7d6da0612,Soto Bu Erna,"Sebenernya selama memakai app ini,banyak sekali fitur update yang tidak penting kecuali update bisa chat dengan customer.selain itu hanya update hanya memperberat app saja.dan fitur tutup toko harusnya model on off,bukan hanya toko di tutup cuma bisa max 1 hari.bila mau libur harus setiap hari di matikan",3,2022-05-11 09:28:37,0,"tutup toko, customer"
GrabMerchant,com.grab.merchant,1cca715a-4098-43bb-b771-6fe9de00d070,Berti Anggi Suryani,Sering gak ada bunyi notifikasi nya. Jadi kadang udah siap² tutup driver nya tiba² nongol,3,2022-05-09 22:11:19,0,driver
GrabMerchant,com.grab.merchant,cd47205e-bf87-4abf-b3f7-66d7e630a52c,Nur Ali,"Terkadang pesanan di cancel setelah pesanan sdh siap, karena g mungkin kita siapkan pesanan setelah driver sampai, karena akan lama menunggu",3,2022-05-09 21:31:39,0,"pesanan, driver"
GrabMerchant,com.grab.merchant,dd667c13-a698-433a-b7e5-0caa5438a23c,Syaifudin 11,"Apk tdk bisa di buka,keluar layar terus Ada orderan susah lihatnya",3,2022-05-08 10:42:57,0,orderan
GrabMerchant,com.grab.merchant,3ae9aab7-3f6f-4186-8761-d5fe4d51242a,Aresha raiqa,"Mohon untuk pembuat aplikasi untuk di buat kn peraturan jika sudah pesan mkanan dalam 2 mnit berjalan agar tidak bisa di batalkan oleh pembeli,karena dalam dua mnit pesanan itu pasti sudah di proses atau sudah selesai,sebagai penjual merasa dirugikan jika pesanan yg sudah di buat lalu di batal kn🙏🙏🙏🙏🙏🙏🙏🙏🙏🙏🙏🙏🙏🙏🙏🙏🙏🙏🙏🙏🙏🙏🙏🙏🙏🙏",3,2022-05-08 09:48:25,0,"pesan, pesanan"
GrabMerchant,com.grab.merchant,fd9a9acf-ee26-4bea-a636-c205dac3d138,SIGIT CAHYONO,Bisa login ke aplikasi tapi tidak bisa merubah menu dan jam operasional,3,2022-05-07 08:31:43,0,"menu, jam operasional"
GrabMerchant,com.grab.merchant,d8d667b4-669d-4129-a648-6a6290d99604,Fransiscus Angga,"tingkat orderan masih kurang,,padahal sudah mengikuti berbagai promo baik yg tersedia maupun bikin sendirii,,ditambah sudahengikuti iklan yg ditawarkan oleh pihak merchant..tetapi orderan tetap saja kosong",3,2022-05-05 18:20:44,0,"merchant, orderan, promo"
GrabMerchant,com.grab.merchant,f172d2a0-c936-463b-af0b-e8790f212394,Ardians Family's,"Koq tampilan beranda sy ga diperbarui ya padahal udh tlfn cs habis byk pulsa ,udh ikutin alurnya ttp ga berubah ga bs tarik pendapatan pula,mohon maaf sy pmula, sering keluar sendiri LG ngedit menu makin bikin ganyaman ini",3,2022-05-05 03:50:17,0,"menu, pendapatan"
GrabMerchant,com.grab.merchant,9de89ac9-e388-43bc-ba00-a60746a75374,Nucky Eidelfiani,"Hallo kak , tanggal 26 april kmarin masuk total orderan 5 transaksi, kenapa di ovo tertulis 1 transaksi aja? Dan pencairannya juga cuma 1 transaksi, trus yg 4 uangnya kemana min?",3,2022-05-04 14:07:47,0,"orderan, transaksi"
GrabMerchant,com.grab.merchant,f10b5e3b-1970-45c4-9944-a51b37bc6f6a,Supami Pami,Saya suka aplikasi ini jarang membatalkan pesanan,3,2022-04-29 09:34:14,0,pesanan
GrabMerchant,com.grab.merchant,9c601cd8-bc43-4b3f-b2f1-2cb0800ab70c,Pecel Mbak Rum,"Habis di update malah close terus order masuknya telat , driver pada ngomel krna telat nyiapin",3,2022-04-29 03:54:10,0,"order, driver"
GrabMerchant,com.grab.merchant,aeae730f-8203-4fee-9012-69e65ed7af2d,Cekin24 Cemara,"Potongan nya mahal,buat sya buka usha nya di kampung mah,mna orderan nya jrang lagi😂😂",3,2022-04-28 20:29:08,0,orderan
GrabMerchant,com.grab.merchant,213338a7-b4ca-4f78-b70f-2f04abe5e25c,Muhammad Iqbal,"Min ini kenapa ya pesanan masuk ada 4 tapi ko yang masuk ke pembayaranya cuman ada 1 pesanan, tolong perbaiki lagi kalo kaya gini rugi dong",3,2022-04-28 15:06:50,0,"pesanan, pesanan masuk"
GrabMerchant,com.grab.merchant,4e837768-e7e9-451f-86bf-54fc5aeadedc,mama diva,"Susah bgt buat nambah hidangan /menu kak, ganti harga juga susah nih... Tlong di prbaiki dong kak aplikasinya...🙏🙏",3,2022-04-28 11:25:33,0,menu
GrabMerchant,com.grab.merchant,b3614870-e7f9-4188-be57-4fcd798b5d6f,Seblak Ceker Dumpling Seafood,Knp grabfood Skrg ada Yang Memprioritaskan Resto2..??coba Tolong dijelaskan Apa Perbedaan nya..kalo bisa di Aplikasi Jangan Ada Seperti itu. Yang ke 2. Adanya Sales Grab tlpn Ke resto kecil tujuan nya supaya belanja Bahan2nya..? kalo Seandainya Resto belanja di Grabfood harusnya digacorkan orderan nya juga...,3,2022-04-26 19:36:17,0,"grabfood, resto, orderan"
GrabMerchant,com.grab.merchant,362d1ea6-f377-4d9e-8c1b-794bd55c2007,Muhamad Ridi,Aplikasinya agak lambat dalam menerima notifikasi ada pesanan grabfood..... Aplikasi hrs dibuka terlebih dahulu agar notifikasi bisa berbunyi/pemberitahuan bhw ada pesanan grabfood...,3,2022-04-25 23:29:31,2,"grabfood, pesanan"
GrabMerchant,com.grab.merchant,2166ec27-2d2d-4daa-9641-7479c41cc31b,M. Aris Ardiyanto,"Ada pesanan masuk sudah disiapkan lalu pihak driver cancel dengan alasan resto tutup. Berapa menit kemudian ada pemberitahuan kalau orderan ke resto kita di tahan. Dan sering banget kejadiannya pada saat jam makan,(orderan sibuk). Pihak grab tidak memperhatikan nasib resto. Seharusnya ,kalau ada pembatalan dari driver dengan alasan resto tutup, seharusnya di konfirmasi dulu ke resto apakah benar tutup / Tidak, Dan pihak Grab harusnya memberi suspen bagi driver membatalkan dgn alasan BERBOHONG.",3,2022-04-25 20:05:06,2,"resto, pesanan, pesanan masuk, orderan, driver"
GrabMerchant,com.grab.merchant,58ed4ccd-3f0f-4fa8-a91b-2e42da46b866,Nitta Ahmad,Grab di tingkat kan lagi orderan ny biar tambah gacer orderan masuk ny. 👍...saya kasih bintang 3 dulu ya nanti kalau benar'' gacor baru tambah bintang lg,3,2022-04-24 16:32:25,0,"orderan, orderan masuk"
GrabMerchant,com.grab.merchant,3dd3a248-1aad-4882-8a0f-5778d283b2e6,Ahmad Daerobby,Tolong dong bagi driver yg membatalkan pesanan jgn seenaknya makanan sudah siap mlh dibatalkan oleh driver...mana tidak ada kompensasi ...tolong didindakannya bagi driver yg seenknya membatalkan pesanan...,3,2022-04-23 20:44:09,0,"makanan, pesanan, driver"
GrabMerchant,com.grab.merchant,4c6578d2-96db-4cb6-ba7c-96e322388b52,zein Pru97,Ribet harus ngisi form klo penambhan menu atau lain nya krena Belum jd resto pilihan,3,2022-04-23 18:29:52,0,"resto, menu"
GrabMerchant,com.grab.merchant,9464dda2-2783-4e1b-995c-1fa77355d7e5,Ismat Rohmatullah,Bagai mana nihh pesanan di batalkan tidak bisa Ngajukan kompensasi sedangkan dibatalkan oleh pengemudi,3,2022-04-23 17:42:14,0,"pesanan, pengemudi"
GrabMerchant,com.grab.merchant,ef7b731d-b747-422e-9c3a-26e4c0ec866a,bakpao shaolin,Kenapa setelah di update aplikasinya malah ga bisa ya? Toko saya juga tidak terdeteksi di aplikasi grab customer,3,2022-04-23 07:46:38,0,customer
GrabMerchant,com.grab.merchant,aa567cc5-1bc4-43db-9d82-f1730b3c8ccf,candra miharja,Ko aku gak bisa ke menu ups appdap yg salah terus,3,2022-04-23 07:13:36,0,menu
GrabMerchant,com.grab.merchant,5428547e-d008-45c1-b105-236d95b67302,Riswandi Pratama Official,Gak ada orderan nya masuk.. apakah gak rejeki ku ya,3,2022-04-22 15:09:12,0,orderan
GrabMerchant,com.grab.merchant,2ad15fe2-3ea7-479c-8b4b-fbec9cf82608,Santika Novianti,kenapa akhir² ini apk kalo dibuka suka keluar sendiri ? jadii kalo ada pesanan masuk tidak terpantau soalnya notif nya juga ikut gak muncul gitu😏,3,2022-04-21 21:29:54,0,"pesanan, pesanan masuk"
GrabMerchant,com.grab.merchant,ecced4d6-ede2-4240-b625-ec29cf6df766,Nola Anggraeni,Kenapa yah sya tidak bisa upload menu di apk grab mercent mohon bantuannya. Terimakasih,3,2022-04-21 21:20:19,0,menu
GrabMerchant,com.grab.merchant,7396ef24-3f5b-486c-92be-ff7380ee964f,Djayaselalu,"Ini kenapa skrg tambah/edit menu sendiri tidak bisa, terus harus gimana resto baru ini",3,2022-04-21 15:07:39,0,"resto, menu"
GrabMerchant,com.grab.merchant,4a4efc73-3dd3-40e0-9841-e45ad624ce96,Intan,App kalo gak di perbarui pasti gak bisa di buka..bikin repot kalo ada orderan masuk,3,2022-04-21 09:02:20,0,"orderan, orderan masuk"
GrabMerchant,com.grab.merchant,0dba5f6f-d111-4cdd-9559-0d2fd9b3eaf5,Hadi Suseno,Udah daftar udah aktif tapi kenapa q ris tidak bisa buat transaksi,3,2022-04-20 19:10:56,0,transaksi
GrabMerchant,com.grab.merchant,6972acda-fb33-4412-849c-a866c597a305,Nur Iswanah,"Kenapa sekarang ngak bisa mengubah harga sama ngak bisa menambahkan menu ya , mohon bantuannya",3,2022-04-20 15:31:54,0,menu
GrabMerchant,com.grab.merchant,97acaa10-cf1f-4888-854e-1a0e864dcacb,Bang Sinyo,"Di versi ini setelah aktif tidak dapat mengganti foto, harga menu, akhirnya saya downgrade ke versi 4.7 , akhirnya di versi 4.7 lancar... Knp yach???",3,2022-04-19 10:50:32,0,"menu, harga menu"
GrabMerchant,com.grab.merchant,47d8b806-a457-4c6c-b59c-61031e7aba3b,Siti Khadijah,"Kenapa tidak bisa edit menu, merubah harga??? Sistem nya eror",3,2022-04-19 00:52:26,0,menu
GrabMerchant,com.grab.merchant,2ee19a1f-a1d3-443e-bfe5-9182ce4a288f,Raditya Triutama,Mau tambah menu malah ngeblank udah uninstall install lagi clear chace sama aja parah,3,2022-04-17 17:08:25,0,menu
GrabMerchant,com.grab.merchant,ca85791a-5865-4a1b-bec0-ea1fa693cef1,Nenkk Malisa,"Kaaaa tolong kasih tau gimana caranya supaya bisa buka aplikasi lagi,, lupa akun sama password-nya kasian driver ketika warung ttup ada orderan masuk",3,2022-04-17 15:43:31,0,"warung, orderan, orderan masuk, driver"
GrabMerchant,com.grab.merchant,ae04728e-9741-4b33-bf6e-5712c38762e5,Fajar,"Setelah update tidak bisa merubah jam buka dan tutup ke waktu PM. Setelah milih PM tapi balik lagi ke AM. Masa set ke 02.30 PM jadi buka 02.30 AM, tolong untuk cepat diperbaiki.",3,2022-04-17 14:05:11,0,jam buka
GrabMerchant,com.grab.merchant,4e515ea7-3880-46dc-bdbf-b4dd37c3f103,Ani Ita,Kenapa mau rubah menu susah banget langsung ngeblank,3,2022-04-16 23:00:59,0,menu
GrabMerchant,com.grab.merchant,0e6a0528-401b-4b90-a352-d9dcfd3c7904,Mbak Hayati,"AQ mau edit menu kok g bisa ya,,,gambar/tulisan d layar hilang",3,2022-04-16 15:20:26,0,menu
GrabMerchant,com.grab.merchant,d5d145e9-a67f-403e-9491-d6e829ae7512,Sage Knox,"Knpa ya mau nambah hidangan gk bisa , stelah di klik priksa pesanan kok gk muncul apa2 ,layarnya putih gitu, tlong di bantu kak",3,2022-04-15 23:13:46,0,pesanan
GrabMerchant,com.grab.merchant,deeb79cc-4a59-40f8-a414-90ad55333bf1,Astri Wiliyawati,Versi terbaru belom bisa edit&nambah menu.,3,2022-04-15 21:36:40,0,menu
GrabMerchant,com.grab.merchant,3cdd0ed1-782d-46eb-91e2-c4f01d2b2494,Cah Rantau Official,"Tidak bisa tambah menu makanan,,ga bisa edit lagi makanan... gimana solusinya",3,2022-04-15 05:41:06,0,"makanan, menu, menu makanan"
GrabMerchant,com.grab.merchant,d78d93ac-1e38-4c33-b881-da953e34396e,Sefi Sulistiani,Saya bingung kemana hrs mengadu ttg mslh d aplikasi saya. Saya tidak bisa mengubah harga menu/menambah menu,3,2022-04-14 17:06:31,0,"menu, harga menu"
GrabMerchant,com.grab.merchant,edaf853c-2501-465d-aee4-6b6b78683e9f,Novan Nurcholis,Gak bisa tambah menu sendiri nih udah beberapa hari harus chat pusat bantuan buat tambah menu,3,2022-04-13 19:45:53,0,menu
GrabMerchant,com.grab.merchant,113cbabc-4839-4ccd-89da-05b2f811c332,Bustanil Arifin,"Di benerin dulu doooonnngg, driver mumet sampe resto atau toko. pihak resto atau toko kagak tau kalo ada orderan masuk. hadeh, kan jadi buang waktu !",3,2022-04-13 11:23:17,0,"resto, orderan, orderan masuk, driver"
GrabMerchant,com.grab.merchant,c86b4efb-7457-4ee0-8a6b-20d0c0da5506,Wika Smelly,Halo kaa saya disini tidak bilang jelek atau bagus disini penilainnya sesuai kenyataan aplikasi grab saya mau update makanan bleng terus dan saya binggung harus gmnaaa udh dihub.pun masih sama tolong dibantu ya ka,3,2022-04-12 14:39:10,0,makanan
GrabMerchant,com.grab.merchant,ac894072-a98a-49dd-8984-f2c3bbe2924d,Abu Arqam,Sejak update kenapa kalo edit menu selalu ga muncul. Yang keluar hanya layar putih. Tolong diiperbaiki.,3,2022-04-12 14:38:41,1,menu
GrabMerchant,com.grab.merchant,10439a54-d16c-4572-ac95-ef5a1a0109c1,putri pucha,Min kalo orderan masuk masuk sudah daoat driver trus sudah dibuatin sudah klik siap diambil tapi 1 menit kemudian dcancel entah dr pihak mananya (driver/customer kurang tau saya) trus nasibnya makanan yg udah dbikin ini gimana? Siapa yg ganti? Apa saya cuma bisa ngelus dada doank? Mending kalo 1 masih bisa dmakan sendiri kalo banyak ya bisa nangis donk saya min... Mohon bantuannya min makasih,3,2022-04-10 18:12:38,0,"makanan, orderan, orderan masuk, driver, customer"
GrabMerchant,com.grab.merchant,271b7b0e-5471-437e-992f-35af9ec2b8fa,rempah ijo,Kenapa aplikasinya lama Kebukanya kaya ga ada sinyal .. padahal sinyal dan kuota ok .. klu ada orderan masuk jadi ga ketauan orderannya apa .. akhirnya ngeliat dari hp c Abang grab nya dulu ...pesenan selesai baru aplikasi bisa kebuka .. Hadeuuuh .. ini harus gimana .. kasian pelanggan jadi lama pesenan nya .. dan image grab juga bisa jelek .. soalnya aplikasi sebelah lancar2 aja orderannya ga ada kendala lemot & lelet .. thk ..,3,2022-04-09 14:47:27,1,"orderan, orderan masuk, pelanggan"
GrabMerchant,com.grab.merchant,38217c36-2f0e-4bd0-b7eb-55f3694c2dbe,Baan Nurbanat,Tidak bisa otakatik jam operasianal dan menu padahal sering di updet 😪,3,2022-04-07 20:23:41,0,menu
GrabMerchant,com.grab.merchant,30297530-1c00-45ca-8f93-a3455035e58f,Trijaya Alex,Tolong dibantu supaya lebih laris gimana ya ?? Padahal udah ikut promo lho.,3,2022-04-06 11:45:11,0,promo
GrabMerchant,com.grab.merchant,eab8f1e4-2149-437b-91c0-1db557813f1d,Ismat tulloh,Tolong dong admin beri kebijaksanaan ko Driver main cancel aja seenak nya tanpa ada konfirmasi ke resto . padahal makanan udah saya sajikan,3,2022-04-06 11:11:43,1,"resto, makanan, driver"
GrabMerchant,com.grab.merchant,90841424-6b3a-48d6-834e-0993c9e984be,emak adhe,"Tlg d tindak utk driver yg tdk mau ambil orderan grabfood.. Mkanan sdh siap driver ga dtg²,, dan d cancel pula akhir'a.. Jd makanan yg sdh d bikin bagaimana nasib'a.. Smua bahan butuh modal.. Terima kasih.",3,2022-04-05 20:18:27,0,"grabfood, makanan, orderan, driver"
GrabMerchant,com.grab.merchant,d97cb1fd-266e-4de7-83eb-41305fddde9e,Intan Harlianti,Ada orderan baru diterima 03:52 dini hari dan sedang diproses orderan sambil menunggu driver dateng trus Jam 04:02 dini hari Orderan malah dibatalkan ( Justru dibatalkam sebelum driver dateng menjemput orderan ) dan ( tidak ada konfirmasi dari pihak driver dan customer ) kalo pesanan batal Padahal resto masih buka dan pesanan sudah 96% Clear packing .😭 baru kali ini,3,2022-04-05 04:18:33,0,"resto, pesanan, orderan, driver, customer"
GrabMerchant,com.grab.merchant,812b9478-2cb3-47df-be23-e47a314683ee,Dhimas Rahardjo,"Tolong perbaiki untk notifikasinya,telat utk terima pesanan, driver datang baru bunyi notifikasinya,..dan gimana cara utk kasih tau driver-nya, kalo driver terima pesanan tapi tidak di ambil, sedangkan pesanan udah di bikin,kan rugi buat owner-nya Sekang sy baru mau bikin pesanan kalo drivernya udah sampe di warg,lihat di map masih jalan di tempat,gak mau jalan,di wa dan di tlp gak di angkat,..sekali balas udah 1 jam lebih dengan berdalih ketiduran,(anehnya kok terima pesanan)dan aktif grabnya",3,2022-04-03 08:55:08,5,"pesanan, driver"
GrabMerchant,com.grab.merchant,9db80369-668a-4088-840e-98b094c5529d,Tutorial Orang Santuy,"Sy turunin dr 4 ke 3. Dari dulu komplen masalah jam tutup yg otomatis kebuka setelah 24 jam, malah gk ada respon. Kita manusia, kdang satu saat kita sibuk bngt atau sakit, smpek lupa lihat resto kita kalo buka otomatis. Ada pesanan masuk otomatis kita yg kena marah driver krn kita tutup. CS dikasih tau malah ngeyel sok bener sendri. Kita yg tau lapangan, mereka yg malah sok tau dg teorinya sendri. Go-Jek dr dlu kalo sudah tutp, y tutup, sampai pemilik resto membuka kembali. 👎👎👎",3,2022-04-03 00:36:50,139,"resto, pesanan, pesanan masuk, driver"
GrabMerchant,com.grab.merchant,b69700f1-643f-4046-a1b0-19dffdf75f5b,Laela Sangadiah,Klo biasa kaya gofood dong. Bisa tutup buka aplukasi nya. gak selalu aktif otomatis,3,2022-04-02 20:37:16,0,gofood
GrabMerchant,com.grab.merchant,436b1cd9-0b91-4a22-b37e-445bebcf4bf5,Harry Wolles,"Saat aplikasi resto sedang buka, sering otomatis tutup ...tolong di perhatikan",3,2022-04-02 13:12:07,0,resto
GrabMerchant,com.grab.merchant,2bb02bb8-e8ed-4464-8dbf-0345c5652008,Indra Dwi KOMED,"Diperbaiki lagi, permasalahan cuma 1 saja. Soal notifikasi yang tidak muncul. Aplikasi bakal berhenti jika tidak sering dibuka. Jadi tahu ada orderan pas driver tiba-tiba datang.",3,2022-04-02 09:21:46,1,"orderan, driver"
GrabMerchant,com.grab.merchant,9809fef2-f770-4ba5-a87c-0efe02e57799,Asti Vira,Saya ingin oder terus menerus bukan hanya insidentil dan saya merasa senang kalau ada pesan yg terus menurus.sayaYb sgt berharap Grab Merchan kita sama-sama berkembang mudahan dlm waktu yg singkat terjadi kemajuan.banyak pelangan triks atas perhatian dan kerja samanya.triks.ya trima kasih saya tri ma sarannya dg meningkatkan cara bisnis saya. Tapi kendalanya sampai skg gak ada grap yg dtg apa ada faktornya yg kurang bagi saya. Cukup trima ksih,3,2022-03-29 09:36:25,30,pesan
GrabMerchant,com.grab.merchant,186dbdd8-917b-40f2-ac87-09d3839713fe,Nur Hadi,Driver di tempat saya masih jarang,3,2022-03-29 09:01:48,0,driver
GrabMerchant,com.grab.merchant,094fc240-0614-4642-a3eb-e4a878a7ea83,Ruti Erlina,Notif nya lama driver keburu datang pesanan bru masuk,3,2022-03-28 12:07:24,0,"pesanan, driver"
GrabMerchant,com.grab.merchant,bb993f47-819d-4175-b8a4-2ee71c6fea95,Tiara Chaerunnisa,Keterangan order yg dibatalkan oleh driver tidak jelas tertulis di aplikasi merchant. Tolong spy tertera keterangannya makasih,3,2022-03-28 08:07:53,0,"merchant, order, driver"
GrabMerchant,com.grab.merchant,b783dcd2-3202-4bdf-969a-2128890f110c,carto royatin,Lumayan jarang dapat orderan...,3,2022-03-27 15:48:31,0,orderan
GrabMerchant,com.grab.merchant,102dbdb5-9586-4e65-9285-e68a23ab6153,Yayat Ruhiyat,"Mengapa buka aplikasinya ga bisa , bisa masuk menu sebentar mati lagi",3,2022-03-26 21:30:26,0,menu
GrabMerchant,com.grab.merchant,eb73dc23-eb38-4d0b-ab40-22600eafae35,Zaina Salsabilaputri,"Sudah semaksimal mungkin, bahkan sering ikut promo rekomendasi dari grab masih aj sepi",3,2022-03-25 01:34:20,0,promo
GrabMerchant,com.grab.merchant,f6fd1627-122a-4eb2-aa3c-c3b4d38f39d3,Dendy Setiadi,Kenapa grab saya keluar dan sekarang pesanan yang masuk tidak ada notif,3,2022-03-24 22:12:34,0,pesanan
GrabMerchant,com.grab.merchant,019914fa-07db-4571-b24b-75218e48fb19,FBI,"Grab kalo mau manjain merchent, bikin promosi dibuat oleh grab ya jangan nyusahin lah masa diskon30% iya sih bisa dihapus..kaget gw kok cuma abis segini..belom ketiban promo reguler, cuan dll pembeli sih bahagia ..promo dibuat grab tuh kaya potongan komisi 20% dll ..😓",3,2022-03-23 20:59:47,0,"promo, komisi"
GrabMerchant,com.grab.merchant,4384e7fb-a2b7-4bdd-86cf-e6a67898d86c,Sri Wahyuutami,Penyampaian dan pelayanan ke pelanggan cepat,3,2022-03-23 11:29:02,0,pelanggan
GrabMerchant,com.grab.merchant,80943fa7-7f8d-457d-9a88-2d509720ba93,mohammad nur,"Tolong untuk notifikasi agar responsif, Notif pesanan selalu telat masuk, sehingga para pemasak berkerja tepat waktu. Juga kasian driver, kalau pesanan yg di pesan kustomer habis dan lapak lupa update, Intinya perbaiki sektor notif supaya sama seperti di aplikasi sebelah. Trims",3,2022-03-22 17:49:47,142,"pesan, pesanan, driver"
GrabMerchant,com.grab.merchant,084092d0-e240-45c7-87f1-0a605296ea7c,ranum Juice,"Sekedar masukan saja,merchant pada menu d ksih( stok tinggal brp ),jadi kl stok tinggal sedikit ,custmer g kcewa kl menu tinggl sdkt.trimksih🙏🏻",3,2022-03-21 22:49:57,0,"merchant, menu"
GrabMerchant,com.grab.merchant,35efce1e-94b4-4758-8f94-995fc18acb8d,neng marisa,"Opsi masukan hapus aja gk guna cuma bikin sakit hati aja..kita sebagai seller sdh melayani sebaik mungkin..memang yg beli hanya dari grab..cobalah kasih solusi bgi seller yg sedang ramai biar customer gk ngomel ngomel mulu..terus tolong yg hanya niat memberi rating 1 di blokir aja..masa saya sudah jualan 6 thn secara offline..skrg ikut grab ada yg cuma ngasih rating 1..biar apa??biar resto saya tutup atau apa..dan kita sebagai seller gk bisa menjawab keluhan konsumen,perhatikan juga para seller",3,2022-03-20 22:12:39,21,"resto, customer"
GrabMerchant,com.grab.merchant,2789c302-1906-4d03-8a69-c03e63f4e546,Panji Bagus,"fitur OVO merchant/ grabpay saya tidak berfungsi & tidak bisa d akses, tolong penjelasannya tim GrabIndonesia",3,2022-03-20 18:49:24,0,merchant
GrabMerchant,com.grab.merchant,5657551e-4eea-40e5-955f-c4a54dbafb9f,Andre Pamada,Udah hampir beberapa hari ini grabfood saya tidak ada notifikasi pemesanan sama sekali?? Apakah masalah jaringan atau apa? Kenapa tidak ada masuk2 sama sekali pesanan digrabfood saya??,3,2022-03-18 23:00:32,3,"grabfood, pesanan"
GrabMerchant,com.grab.merchant,3636ca3d-ed95-41d1-8ae2-704ae5dbbf33,Irull Aldiansyah,"Buat grabfood sya cuma minta aplikasi nya tolong lebih ditingkatkan lagi, saya sering banget dapet orderan, makanan sudah jd tapi driver nya gk mau ambil, dan mengcancel . Itu sangat merugikan penjual. Kalau bisa tolong lebih di tingkatkan lagi ada pilihan kompensasi setengah harga dari produknya apabila sewaktu-waktu terjadi seperti ini, makanan sudah jd driver tiba2 mengcancel.",3,2022-03-18 15:16:38,0,"grabfood, makanan, orderan, driver"
GrabMerchant,com.grab.merchant,3e2a1c65-70d9-4d18-8e5d-5375e69b75ee,Rudy Hartono,"Saya dlm dua kali transaksi penjualan..saya merasa drugikan uang yg ddpt cuma 10% sdngkn untuk pihak grab hmpr 90% dgn berbgai alasan klu kyk gni trs bkn dapet untung..malahn rugi kita ni resto kecil bukan besar tlnglah diperjelas pemotingny ap aj pdhl ikut iklan GK ap2 pernah,ikut promo GK prnh tiba2 setelah transaksi penjualan kami cuma trima 10% dr total pembelian dr pelanggan...mohn pihak grab lbh relevan dan transparan jujur lah dlm bekerja...",3,2022-03-18 04:18:07,0,"resto, promo, transaksi, pelanggan"
GrabMerchant,com.grab.merchant,1b6185e9-01c7-4048-8689-9d5114a0715b,Fajar Guniawan,Tidak ada menu ads di aplikasi,3,2022-03-17 14:29:13,0,menu
GrabMerchant,com.grab.merchant,b1a14230-4bf6-46a4-99e4-2b3105a3ef43,Sandra Kombaitan,VARIASI PROMO YANG BISA DIBUAT SANGAT TERBATAS,3,2022-03-17 12:42:14,0,promo
GrabMerchant,com.grab.merchant,a9f78efd-a20a-4795-83b6-da534ab4be19,asri y,"Saya beri bintang 3 dulu ya karna msh byak kekurang. Dan alhamdulillah di awal bulan ada orderan cuma akhir bulan ga sm sekali ya mungkin habis promonya atau gimana dan untuk kekurangnya grab jika di batalkan oleh driver dan ga ada kompensensi untuk ganti yg sudah di buat pesanan, sudah bagus bisa melacak driver walau terkadang eror dan bisa chat dengan konsumen.. lebih di banyakin lagi promonya agar konsumen trus bli ke resto kami...",3,2022-03-16 19:29:28,0,"resto, pesanan, orderan, driver"
GrabMerchant,com.grab.merchant,d6675d1d-dfa8-4c4a-8998-097b36224a67,Ubaidah Khusnul Khotimah,"Hallo team grab.. Kenapa yak ?? aplikasi grab merchent saya, setelah di update tau tau keluar sendiri.. Udh gtu klo pesanan masuk gak muncul notifikasinya/gak bunyi.. Dan ketika buka aplikasinya loading dulu.. Tolong diperbaikin ka sistemnya. Terimakasih",3,2022-03-15 13:42:07,74,"pesanan, pesanan masuk"
GrabMerchant,com.grab.merchant,a40be95e-c176-4ea3-81c3-0152504ca7d3,AYAM BAKAR ATENG BEWOK,Maaf kenapa setelah diperbaharui susah untuk bikin promo ...jadi makin rumit ..enakan kembali kesemula,3,2022-03-14 20:16:18,0,promo
GrabMerchant,com.grab.merchant,ea9ef0e3-9b21-4552-94cb-b6aa5b449a45,Al Fian Krisna (AFK),"Aplikasi rusak apa gimana ? Pake wifi gabisa masuk stuck di tampilan logo, pas udah masuk pake data internet malah menu bagian bawah gabisa disentuh ? Kenapa ya aplikasinya ? Baru juga mau usaha dau ribet duluan",3,2022-03-12 06:51:54,17,menu
GrabMerchant,com.grab.merchant,41a95079-86a4-4f63-a7fc-0a12f278fbeb,Nasi Goreng syam,Kurang ber potensi karna udh setahun baru menerima beberapa pesanan itu jga ngga ada 10 porsi🙏🙏🙏,3,2022-03-11 19:08:50,0,pesanan
GrabMerchant,com.grab.merchant,0d11da60-4ac7-46e8-b553-7f1d1ea8acc0,poppo hotang,"Kalo bisa jangan double orderan lagi, krn saya rugi, orderan pertama 1 makanan, mozzarella harus cepet di antar, gak lama masuk orderan k2 6 makanan, driver juga tidak mau bolak balik karena makanan ke 1 antarnya jauh, kalo gini kan saya rugi, customer komplain nya ke kita kasih rating jelek krn makanan ga dingin apalagi keju mozza kalo dingin dia ga bs molor, mohon di pertimbangkan",3,2022-03-11 12:53:05,3,"makanan, orderan, driver, customer"
GrabMerchant,com.grab.merchant,7ee991f5-1617-473f-a7e6-485a2006e6e3,Lutvi Lutvia,"Saya udah ikut program grab elite agar pesanan tambah gacor, tp masih biasa aja ya syukuri aja deh semoga kesananya bisa gacor",3,2022-03-10 10:05:30,0,pesanan
GrabMerchant,com.grab.merchant,77e99b53-91f8-4832-ab56-7d35a14850a4,soepriyanto Otnays yanto,"Maaf Min,bintang nya saya kurangin 2 biji,karna sekarang² ini masa hasil penjualan resto hanya di transfer sebagian,biasanya dana masuk akun resto semua,jadi nyangkut saldo di OVO,",3,2022-03-10 08:50:44,1,"resto, saldo"
GrabMerchant,com.grab.merchant,65c170b1-a899-44b4-8b9d-8ab4ff5a9fe6,Om Jins,Seharusnya merchant bisa ngasih bintang ke driver... Soalnya banyak driver yang kaya preman,3,2022-03-10 02:02:07,0,"merchant, driver"
GrabMerchant,com.grab.merchant,4b704f88-a691-4165-8e17-9fbd26f7baea,anas nailam,Tolong tambahkan fitur balas ulasan pelanggan.,3,2022-03-09 10:59:51,0,"pelanggan, ulasan pelanggan"
GrabMerchant,com.grab.merchant,51175bb4-2c68-4cf8-bf53-f8b90a7bd187,Zidane Akbar,"Sy punya apk grab merchant tp bagi sy selaku pemilik outlet merasa tdk adil karena pas ada orderan masuk,sy pemilik outlet sdh status SIAP di orderan masuk tp karena sepihak ada pembatalan dr pihak DRIVER karena alasan pengantaran jauh tiba² status outlet sy jd di hentikan smp jam 14.00 otomatis tdk ada orderan masuk dr pagi jam 09.00 smp 14.00.. mohon solusi dan kerjasama nya agar tdk ada kerugian sepihak,semisal mencari driver pengganti atau cara lain agar orderan masuk tdk batal.. terimakasih",3,2022-03-09 10:03:37,5,"merchant, orderan, orderan masuk, driver, outlet"
GrabMerchant,com.grab.merchant,15341fef-8190-448f-9bf2-9e773f53d09a,Suyam To,"Knapa d grab food klau batal makanan g ada kofensasi dari kantor, resto yng d rugikan trmksh,",3,2022-03-09 07:31:12,0,"grab food, resto, makanan"
GrabMerchant,com.grab.merchant,791087f2-9477-416d-8056-1ebe6f4b1b87,Shirly Sulistio,"driver sudah datang,tidak ada notifikasi 😰😰 kasian driver jd nunggu lebih lama.",3,2022-03-08 20:30:28,0,driver
GrabMerchant,com.grab.merchant,6b257417-4fd6-423d-8f39-3bc5384fceb2,the jak mania chanel tv,Hallo grab ini mau nanya ya knp pencairan dana smpe 3 hari blm masuk juga saya udh coba email tapi ga ada balesannya terus gmna uang sya kan buat modal lagi baru skrng loh 3 hari ga TF,3,2022-03-08 19:57:37,0,pencairan
GrabMerchant,com.grab.merchant,2b4b9257-5a13-48b8-b05e-e667e4c29df4,Iskandar Zulkarnain,Abis diupdate kok ga ada untuk buka tutup toko nya ya?? Apakah memang sudah di hilangkan?,3,2022-03-08 14:33:28,0,tutup toko
GrabMerchant,com.grab.merchant,9244b923-eb19-4733-a9e6-7530770fc374,HAPPYLUNA ZIN&SYNC,"Jadi aneh .. saya tdk bisa ubah jdwal open close resto.buat repot org.tulisan ny tidk ada jaringan.pdhal paket penuh. Coba pake wifi rumh.wifi tetangga.trus tlp cs.dsruh hpus merchat dan psang blik ttp sama aja.jelek bget setelah perubahan ini.tolong diperbaiki hinga saat ini saya msi blom bisa login.aneh,cs jg ga bisa bntu",3,2022-03-08 14:09:32,1,resto
GrabMerchant,com.grab.merchant,c853260f-fc4b-4785-949e-b77b1dbb2399,Cahaya Baru Cahaya,"Orderan di grabfood sepi banget,padahal sudah di promo ,kadang 2-3 hari baru masuk order,itupun masuk order hanya 1 atau 2 bungkus saja,mohon bantuannya admin🙏",3,2022-03-08 13:51:55,2,"grabfood, order, orderan, promo"
GrabMerchant,com.grab.merchant,50acf2d9-f2b9-478e-b412-6114491e1d18,Athaya Humaira,Habis naik versi malah anyep masa 1 bulan gak ada orderan sama sekali beda sama tetangga sebelah,3,2022-03-08 13:03:21,0,orderan
GrabMerchant,com.grab.merchant,5709d0bc-9e9e-49d3-8753-8fcbfd8be6e8,Muhamad Amin,Kurang ikut andil mempromosikan dagangan walau sudah ikut beberapa promo yg d adakan pihak grabfood,3,2022-03-08 10:07:20,0,"grabfood, promo"
GrabMerchant,com.grab.merchant,eadbfb6e-b078-4cfe-9d43-39f3eb89fbbc,BIN Lootah,"Bismillah baru nyoba gabung,, Tapi dari pertama buka sampai hari ini udah tiga hari belum pernah ada yang pesan 🥱",3,2022-03-07 12:46:33,0,pesan
GrabMerchant,com.grab.merchant,955dea64-d9c0-4e25-b9d9-728160e71b72,Nurulleli Andani,"Kenapa grab merchant saya sudah beberapa hari hampir satu minggu lebih belum ada orderan masuk, kira kira apa ya kendalanya, apa bisa dibantu?",3,2022-03-05 08:34:53,0,"merchant, orderan, orderan masuk"
GrabMerchant,com.grab.merchant,897093de-d391-47fa-8074-49b90fd75ab6,Sang Sang,Tolong dong jangan kastemer aja yg bisa komen.seharusnya pihak resto juga bisa bales komentar dan bisa tau kastamer yg mana yg berkomentar,3,2022-03-04 18:09:14,0,resto
GrabMerchant,com.grab.merchant,751de676-d2bf-4453-b39d-0499c5cd43f4,Tanaya Adiputra,"Mhn pilihan promo iklanya jangan kebanyakan jadi tidak dobel promo, tapi sy senang ber mitra dengan grebfood terimakasih maju terus grebfood",3,2022-03-03 09:42:30,0,"mitra, promo"
GrabMerchant,com.grab.merchant,1d346019-1cb9-40fb-9603-0c6d24a75ad2,Nastavan Rezvani,"Pesanan sudah siap. Tapi dibatalkan, tdk ada tombol kompensasi.",3,2022-03-03 08:00:48,0,pesanan
GrabMerchant,com.grab.merchant,408238db-aad8-4452-8e00-17117842afec,Boedhi Kartono,Kenapa tampilan grabfood merchant saya kok gak sama dengan tampilan yg di hp teman sesama pemilik resto?,3,2022-03-02 20:42:02,0,"grabfood, resto, merchant"
GrabMerchant,com.grab.merchant,a65950dd-ca38-4e9a-89cd-f39b926065ad,Ifah Ela,"Tiap ada orderan notifnya selalu g muncul, jadi gak tau kalau ada pesanan masuk, dan Aplikasinya sering tutup otomatis..jadi kalau gak ngecek ya alamat gak ada orderan masuk..selalu sepi orderan digrab.",3,2022-03-02 20:32:31,8,"pesanan, pesanan masuk, orderan, orderan masuk"
GrabMerchant,com.grab.merchant,b9411167-847c-4c6f-8c37-8bc13a83db6d,ADMIN 1,Ini kok susah sekali yah daftar grab food padahal data datanya udah sesuai semua,3,2022-03-02 16:44:55,0,grab food
GrabMerchant,com.grab.merchant,953fdea8-173b-4b25-9cde-15226897d06c,Rakiwan 01,"Mendengar dari temen"" yg banyak order online senang..walapun saya belum daoet order",3,2022-03-02 10:57:01,0,order
GrabMerchant,com.grab.merchant,2e134347-1fb1-444b-a56c-8d94b8728dda,Kikie Lesmanaa,Sangat membantu penjualan . Saran saya cuma kalo ada orderan masuk ga ketahuan gara gara notifikasi nya ga jelas,3,2022-02-28 17:56:19,0,"orderan, orderan masuk"
GrabMerchant,com.grab.merchant,f723420a-37f6-40e7-ad0e-a486c8e82d92,Om Didix,maaf sgtu aja.. untuk mengatur buka tutup secara manual terlalu ribet.. mest masuk ke pengaturan jam buka dulu dan harus di lakukan satu2 tiap2 harinya..,3,2022-02-28 16:30:21,0,jam buka
GrabMerchant,com.grab.merchant,9197eb1c-e87b-4c6f-9a7e-a70d09235606,Awan Ary,Saya kasih 3 dulu ya..orderan baru dapat 4 orderan..,3,2022-02-27 15:43:09,0,orderan
GrabMerchant,com.grab.merchant,f467c706-d791-48be-87f3-8e77bec7279a,Mie ayam Edi,Gak seperti dulu orderan susah dapet,3,2022-02-27 05:01:38,0,orderan
GrabMerchant,com.grab.merchant,b3484d84-b63d-4008-8331-ac56962e532c,Dilah,"Tolong dong pihak grab merchnt sy merasa di rugikan kalo pesanan di batalkan,sya tutup jam 10 malam dan mendapatkan pesanan di jam 9.53 sya siapkan pesanan dan membuat pesanna ga lama ada tulisan pesnan dibatalkan GATAU DENGAN ALASAN APA!sya udh buat pesanan nya pas sya klik lihat rincian udh ga bsa lagi dan otomatis pesanan di batalkan dan ada tulisan tutup toko karna sudah jam 10.tolong di perbaiki lagi dengan alasan yg jelas.sangat merugikan sekali!",3,2022-02-26 22:05:55,0,"pesanan, tutup toko"
GrabMerchant,com.grab.merchant,8025810c-1587-4290-a863-2d2c1fecbd94,Tri Wati,Tlg aplikasihnya lebih diperbaiki lg jangan hanya pembeli yg bisa menulis ulasan tlg dibikin agar penjual bisa membalas ulasan pembeli dan juga saya sering sdh bikin makan kastamer atau ojolnya seenaknya membatalkan orderan.,3,2022-02-26 11:00:24,0,orderan
GrabMerchant,com.grab.merchant,7436e2f8-38df-4ac0-bbfd-56cd29165675,Redo Krisbrilianto,"Ini grabmerchant gk bisa ya klo misalnya mau tutup resto?? Nyari di pusat bantuan gk ada petunjuknya, Sama solusi klo surat kontrak udah ke hapus di email gimana cara dapetnya lagi klo mau ganti nama resto",3,2022-02-26 10:22:51,5,resto
GrabMerchant,com.grab.merchant,b3dd7d20-6c1e-41c2-8d7c-9a8a0d3b830b,TPQ ALFADILLAH,"Saya tidak merasa puas dengan grab merchant,sebab menu aplikasi banyak yang tidak lengkap. Saran saya,grab merchant dapat membantu para pedagang TANAMAN HIAS juga,melalui menu aplikasi untuk penjualan dan pengiriman via driver grab instant bike,Dan khusus untuk wilayah jabodetabek saya",3,2022-02-26 00:29:49,0,"merchant, menu, driver"
GrabMerchant,com.grab.merchant,9ac3740e-37a7-4c78-af46-1b2a1fbcde9f,Sarah Mufina Fariza,"Dulu ganti titik koordinat stepnya riweuh, skrg mau ganti nama merchant banyak juga sama, gk memudahkan pemilik merchant. Ngedit menupun pakai pin dulu. Agak riweuh sih ini aplikasinya.",3,2022-02-25 17:41:05,0,merchant
GrabMerchant,com.grab.merchant,ffe9b540-49d6-4815-b0e5-8e2c2811967f,Desi Puspa,"Tolong untuk kerja sama nya dari Driver dan pembeli . Untuk driver jangan males klo udah terima pesenan jangan main cancel ajja setelah makanan sudah siap ambil main cancel seenaknya saja tapi klo driver dateng makanan blm siap cuma tinggal nunggu beberapa detik untuk di masukan ke plastik berasa nunggu setahun , dan untuk pembeli klo ga niat beli jangan juga di cancel setelah makanan siap di ambil karena yang rugi kita bukan driver atau pembeli .TOLONG TINDAK TEGAS UNTK DRIVER2 YANG MAIN CANCEL",3,2022-02-25 14:01:54,5,"makanan, driver"
GrabMerchant,com.grab.merchant,50174117-5b6a-401a-a5b1-ca52dd9eb72d,ADE RATNA SARI,"Sekarang jarang bngt trima orderan mohon di bantu ada kesalahan apa ya sebulan sekrang bisa kehitung GK Kya bulan"" kmrin padet orderan",3,2022-02-25 09:20:09,0,orderan
GrabMerchant,com.grab.merchant,ed85e604-a265-4e64-bd6c-d708cb34097d,Candra Wedi,Tlg d promosikan lgi k pelanggan biar tambah banyak langgananya,3,2022-02-24 08:11:25,0,pelanggan
GrabMerchant,com.grab.merchant,f5462e4e-c925-42d1-a81e-4c2750258203,mei loen (Meimei),"Andai saja di histori kontak pelanggan tetap ada/ bisa dilihat ,,,agar bs memperbaiki kesalahan langsung",3,2022-02-24 02:45:08,0,pelanggan
GrabMerchant,com.grab.merchant,8d92ec8e-6671-4544-8f45-cbc5ffc9a96d,Syifa Asy Syifa,"Sering nggk ada notif tiba"" driver dah sampai rumah,jadi kelabakan smua. 2 hari ini yang parah, nggak ada orderan masuk, tapi ada driver datang ktny ada orderan, pdhl di aplikasi nggak ada pesenan,mau dibikinkan otomatis kita nggk ada pendapatan,nggak dibikinkan kasihan driver dah bensin sampai sini.",3,2022-02-23 17:34:25,13,"orderan, orderan masuk, driver, pendapatan"
GrabMerchant,com.grab.merchant,f7960478-e08b-443c-a8d7-2b16f74b9910,Devi Agustina,Setiap ada orderan masuk tidak bunyi padahal sudah mengikuti settingan tutorial di yt dll. Bagaimana ini ya ?,3,2022-02-23 10:18:04,0,"orderan, orderan masuk"
GrabMerchant,com.grab.merchant,ebc04f3f-0c07-4685-bc69-afad9e238b16,Vinny Safitri,"Kenapa tiap hari selalu ditutup sepihak resto, padahal resto saya gak tutup,, hadeuuuhhhh gimana sih ini, tolong lah diperbaiki jangan menyulitkan resto",3,2022-02-23 09:09:41,22,resto
GrabMerchant,com.grab.merchant,340d9dd9-04c8-41ba-a7f1-64ff37973284,Kusnawati Ny,Kenapa aplikasi ini beda sama aplikasi sebelah... buka peda tampilannya cuman kalo masuk dalam aplikasinya itu lama banget padahal sinyal internet bagus. Terus masalah mau buat menu atau yang lain selalu disuruh masukin password gpp sih.. Cuman loadingnya saat masuk aplikasi atau mau masuk menu d percepat jgn lama2 kayak g ada kuota padahal kuota sama sinyal bagus.. Tolong pihak grabmerchant dperbaiki ya.. Terima kasih,3,2022-02-23 07:57:55,34,menu
GrabMerchant,com.grab.merchant,62a5ffeb-5f28-44e9-b7d6-b129ec24d963,Mas Bi,"Belum ada pesanan yg masuk saya kasih 3 bintang dulu, kalo udah ada pesanan masuk saya kasih 5 bintang,makasih",3,2022-02-22 17:46:06,0,"pesanan, pesanan masuk"
GrabMerchant,com.grab.merchant,06f2de43-a819-49e4-aaef-7ac9f0b54ddc,Dheny Apriyana,tolong di buatkan menu print untuk ngeprint nota secara otomatis apabila ada orderan masuk... biar gak repot dan ribet saat pelanggan minta nota/struk belanja,3,2022-02-21 00:22:05,1,"menu, orderan, orderan masuk, pelanggan"
GrabMerchant,com.grab.merchant,df135256-3fe3-4c16-9c9b-3334a907611f,Ekha Mutya,Tolong dong saya harus laporan kemana udh ada 2 bulan tapi resto saya ga dapet2 orderan .. beda sama gofood dan shoopefood setiap hari nya selalu ada .. tapi di grabfood udh mau 2 bulan ini ga ada orderan masuk .. nama merchant saya AA food raja kentang ..,3,2022-02-20 19:39:03,27,"gofood, grabfood, resto, merchant, orderan, orderan masuk"
GrabMerchant,com.grab.merchant,c33942eb-11bc-4990-8287-9c0d2b8f30f9,gdssablexxrable ARMY,Min .. Kenapa ya mau ganti foto menu tidak bisa?jadi setelah klik galeri untuk milih foto tiba2 terus keluar.,3,2022-02-18 14:50:32,0,menu
GrabMerchant,com.grab.merchant,b3f5ad74-b910-446b-9dec-949c140f8ad5,Suwandy Actionta,"Hallo kenapa nama warung saya tidak terlihat di grab food padahal grab merchant nya sudah aktif, apakah ada kendala, mohon bantuannya",3,2022-02-18 14:11:10,0,"grab food, warung, merchant"
GrabMerchant,com.grab.merchant,37dcda94-5989-4cad-9d72-3e5beec6bc0a,Muhammad Ridho,semoga bisa ada fitur menu grub kayak app sebelah. jadi resto yg punya cabang mudah untuk mengatur/mengedit menu,3,2022-02-17 08:51:42,0,"resto, menu"
GrabMerchant,com.grab.merchant,73329bf2-58a9-4bd8-aca6-5b3b26bc3be3,Den Creatif,Kalo sudah bisa kasih 5 Sukses terus mitra greb,3,2022-02-16 23:16:10,0,mitra
GrabMerchant,com.grab.merchant,7e845e3e-058d-4826-acf6-9df09bbb51d3,Mamat Somantri,"Ah susah untuk kompensasi nya ,, terus potongan nya gede banget,,hampir saru porsi makanan",3,2022-02-16 17:50:40,0,makanan
GrabMerchant,com.grab.merchant,3d6d834a-e923-4a33-92c0-b0902faa5dd0,Peri Yani,"Min, Kenapa App GrabMerchant dapat di install namun notif: Aplikasi ini mungkin tidak dioptimalkan untuk perangkat Anda (Samsung Tab 3 (4.4.2) Kenapa ini terjadi? Dalam masa sulit ini disarankan ganti Hp, ini sungguh merugikan, Apalagi sampai berbulan tidak dapat berjualan dikarenakan Aplikasi terhenti selalu, Mohonlah untuk insinyur App ini pikirkan resto, bolehlah upgared namun masih dapat digunakan pada versi Hp sebelumnya, ini juga Hp digunakan tidak banyak App, hanya GrabMerchant dan WA sj.",3,2022-02-15 20:52:27,18,resto
GrabMerchant,com.grab.merchant,3d8babd8-a75e-427d-a7ea-92fb65aca272,Aku Donk,Drivernya terkenal sering main cancle pesanan.....tdk semua mmg tapi mayoritas....tlg tertibkan lah,3,2022-02-14 16:00:54,0,pesanan
GrabMerchant,com.grab.merchant,81d0db93-34cf-4726-aee2-405726858abb,Hanie Astapradja,"Hallo...saya kasih bintang 3 dulu Yaa...grab merchan saya sudah aktif dan di setujui per tgl 8-2/2022.. setelah cek email ada notif segera unduh aplikasi "" grab merchant"" ..tapi sampai hari ini sy blm bs melakukan penjualan Karna status masih "" tutup"" ..dan tidak bisa mengoperasikannya seperti aplikasi sebelah yg sangat mudah dimengerti..😊🙏🙏,,",3,2022-02-13 13:21:24,10,merchant
GrabMerchant,com.grab.merchant,8aa38948-f3b2-46ad-b12a-5d2e2eb20376,Balirsan “Dayu tia absen 4” Everythink,"Mohon dibantu resto rumahan ,, sepi sekali grabnya ikut promo juga sepi ga ada belanja",3,2022-02-13 12:52:06,4,"resto, promo"
GrabMerchant,com.grab.merchant,b4485072-069c-49b0-994a-9116536f2cfa,Naely Inayah,Tolong lha perbaiki buat login ulang. Ini susah banget selalu kaya ginih tolong banget. Takut ada orderan :(. Tolong buka email saya,3,2022-02-13 10:31:52,0,orderan
GrabMerchant,com.grab.merchant,da4ee973-9596-45e1-9116-735fea64d0be,Ra U Rush,"Untuk pencairan ke bank, kok di pengaturan profil nya gk ada lagi ya ?",3,2022-02-12 14:44:34,0,pencairan
GrabMerchant,com.grab.merchant,69851693-3597-4686-a361-2a7e6f4b3712,Zaidgoden Endut,"Tolong di update selanjutnya agar pihak resto bisa menanggapi komentar customernya seperti aplikator sebelah, agar pihak resto bisa menanggapi komentar customer agar tidak sepihak. Karena komentar dari customer mempengaruhi rating dari resto, padahal belum tentu semua kritikan customer itu real sesuai di lapangan",3,2022-02-11 21:00:21,1,"resto, customer"
GrabMerchant,com.grab.merchant,c55d7121-38b5-4d4a-912a-ee3befa4b090,Ferry Anggriawan,"PERBAIKI/TERAPKAN SISTEM SEPERTI GOJEK, AJUKAN KOMPENSASI, DAN MENU PROMO DENGAN MUDAH.",3,2022-02-11 19:11:03,0,"menu, promo"
GrabMerchant,com.grab.merchant,2b5176b9-db36-4372-abff-856cb607b2ee,Jawiyah Jarwan,"Suka delay waktu ada pesanan masuk,driver sudah datang pesanan belum masuk",3,2022-02-10 18:46:23,0,"pesanan, pesanan masuk, driver"
GrabMerchant,com.grab.merchant,6a7d486b-92e7-4841-b074-df29983668e3,Tri Rasyid,Orderan masuk setelah driver sampai di resto sehingga proses lebih lama,3,2022-02-10 08:27:45,0,"resto, orderan, orderan masuk, driver"
GrabMerchant,com.grab.merchant,9266648f-9615-4921-a034-11a971105b9e,Ridwan Ali,"Gak Fleksibel, 1 akun cuma 1 Hape beda sama sebelah, sama App suka error, Aplikasi lain normal bisa bunyi, dia Gk bunyi tiap ada orderan . . .",3,2022-02-09 16:18:48,0,orderan
GrabMerchant,com.grab.merchant,6748f490-03dd-4999-b07a-f904e30c219e,Restoran 168,Kenapa menu yg sudah di klik siap tidak bisa di klik Ket sambungan terputus coba lagi padahal koneksi terhubung,3,2022-02-08 12:31:45,0,menu
GrabMerchant,com.grab.merchant,d1e400fc-9c72-4bff-ab83-ac14e5143a88,Rusman Pendi,Gimna cara daptar driver grab tolong bantuan nya,3,2022-02-07 19:16:43,0,driver
GrabMerchant,com.grab.merchant,62a2a836-b011-4b12-b3ca-79e98964c516,Aishwa Hana,Mohon maaf untuk pihak grab apa bisa ya kita memblokir driver yg selalu membatalkan kalo ada orderan masuk dengan alasan kepagian lah hujan lah dan sebagainya. Karena kalo ada yg pesan subuh2 selalu saja dapatnya driver yg sama .dan selalu dibatalkan .padahal sudah cape2 saya menyiapkan pesanannya🙏,3,2022-02-07 06:12:07,3,"pesan, orderan, orderan masuk, driver"
GrabMerchant,com.grab.merchant,a2279a62-74db-49bb-8467-62ae61d59289,Cinda Frozen,Baru coba aplikasi. Buat jualan online smga bs bnyk yg order... Nti tmbah bintang lg klo sdh berjalan.,3,2022-02-06 23:11:36,0,order
GrabMerchant,com.grab.merchant,0d2282f8-a93f-4672-84d1-9ab52e646fe7,irvan arifin,Semoga penjualan di grab merchant bisa ditingkatkan lagi,3,2022-02-04 17:07:50,0,merchant
GrabMerchant,com.grab.merchant,b1771412-88a8-4a15-802c-df730f5ce872,Miftachul Jannah,"Tampilan menunya kan baru yaa ,, saya kebingungan menu untuk cari atur buka/tutupnya resto di sblah mana ? Bukan atur jam operasi/liburnya ya . Tapi yg biasanya ada di pojok kanan atas ada tulisan pas di klik TUTUP SEMENTARA 30 MENIT/1JAM/24JAM . bisa bantu kasih tau??",3,2022-02-03 15:45:19,18,"resto, menu"
GrabMerchant,com.grab.merchant,393fbf7a-928e-493f-a6b0-89db51283499,Aan Hendrayudi,Ini cara masukin menu makanan nya gmn sih kok ga ada pilihan menu nya di aplikasi,3,2022-02-03 06:15:15,0,"makanan, menu, menu makanan"
GrabMerchant,com.grab.merchant,9ef83f02-4c00-4e45-b47d-a9e2fd83de1e,Emma Fitriani,Ini kenapa ya susah masuk nya...jadi kesel suka susah masuk klo ada pesanan,3,2022-02-01 19:45:27,0,pesanan
GrabMerchant,com.grab.merchant,f76d74eb-6a4d-4dbd-b553-a623b1b9c0e0,yahya alfian,"Cukup membantu penjualan, tapi sayangnya apk hanya dapat di akses ke android saja. dan terkadang ketika ada orderan masuk tidak ada notifikasi",3,2022-01-28 09:43:52,0,"orderan, orderan masuk"
GrabMerchant,com.grab.merchant,7e3db1b4-4ae3-4602-8fd1-6db6a2425e07,Sahada Noviyanti,hallo ni kan saya udh daftar untuk jadi merchant ya tapi knpa beranda nya beerbeda dari yg di plastore ga bsa dibuka atau di tutup layanan resto kami minta solusinya,3,2022-01-26 10:01:23,0,"resto, merchant"
GrabMerchant,com.grab.merchant,2044861e-c61f-48d1-b2dd-5a22ba9fadc5,NawaSyarif 1920,Kaco bener kagak bisa login. Kalau ad orderan bagaimana ini? Sering bangat bgtu,3,2022-01-25 20:59:31,2,orderan
GrabMerchant,com.grab.merchant,92ca504d-e8f2-41e1-9c2f-f7404997b7cb,Moch. Nur Fauzan Widyanto,"Tolong diperbaiki UI tampilan pesanannya agar tidak harus membuka menu pesanan, okelah kalau cuma 1 atau 2 pesanan kalau udah banyak, susah managenya. Jadi lebih baik detail pesanan sudah ditampilkan didepan halaman pesanan tidak harus buka pesanan terlebih dahulu. Dan juga tolong ditambahkan fitur cetak struk ini sepele tapi sangat membantu.",3,2022-01-25 14:18:17,24,"menu, pesanan"
GrabMerchant,com.grab.merchant,267df0b3-2b9c-4c9a-a990-c91105505436,Rio Milanda,"Kenapa pas orderan masuk,tidak ada notifikasi di hape saya ya(suara deringnya)? Pas hape dibuka baru ada..kan gak setiap saat pegang hape",3,2022-01-24 16:04:56,1,"orderan, orderan masuk"
GrabMerchant,com.grab.merchant,d850c11e-d864-4cd3-a8fd-6d9b65696b61,Bawell Colection,"Entah knp reting resto ku Gk pernah naik padahal ulasan pada bagus sampe ada yg komen Makanannya enk tapi ko reting nya Cumn 4,2 Pelanggan aja aneh apa lagi pihak resto😔apa mungkin ketingkatan reting nya Cumn sampe situ..,? Mohon perbaikan nya🙂🙏",3,2022-01-23 11:53:48,1,"resto, pelanggan"
GrabMerchant,com.grab.merchant,af31e901-109a-4acc-9717-ea8bd5434e7f,Agung “_” susanto,"tolong perbaiki bug!! ketika layar nutup ada orderan masuk harus nya bunyi, jangan nunggu layar di buka dulu baru bunyi. hal ini sangat menyulitkan pihak resto dan mitra driver Grab, sehingga pesanan tertunda karena harus menganalisa pesanan di HP resto yg layarnya menutup.",3,2022-01-22 19:15:26,0,"resto, mitra, pesanan, orderan, orderan masuk, driver"
GrabMerchant,com.grab.merchant,0d9b72a3-5f03-4bd2-9113-d64dd1b288f0,NaysDimsum NaysThaitea,ini bener kalo aplikasinya d buka baru bisa masuk orderannya ? apa memang hp saya yg terlalu kentang ? tiba² notif driver akan sampai dalan 2menit sedangkan hp saya sunyi senyap tidak ada notif orderan masuk perlu ganti hp kah saya ?,3,2022-01-22 16:23:54,0,"orderan, orderan masuk, driver"
GrabMerchant,com.grab.merchant,5ea3fdd7-8f97-4737-aaf4-6fa762706a7a,Muhammad Nur Rizky Pratama,udh 1 bulan ga dikasih2 orderan merchant,3,2022-01-21 16:34:52,0,"merchant, orderan"
GrabMerchant,com.grab.merchant,83ec6350-bdd5-44bc-9955-f9c742e323c3,Rina Wahyuni,Aku beri bintang 3 karna jarang sekali masuk pesanan..ada cuma 1 atau 2..kl bsa lancarkan lg ya abg Grab pesanan tuk Resto saya,3,2022-01-21 10:35:11,0,"resto, pesanan"
GrabMerchant,com.grab.merchant,dc7916fb-f0e6-42fe-8e49-64ad7b7542a5,sony sumady,"Lumayan bagus sih, membantu penjualan. Harusnya konsumen cuma bisa pilih salah satu promo, jgn smuanya bisa diklaim di satu orderan, bisa tekor merchant. Dan kalo bisa besaran persentase komisi dikurangin kaya aplikasi sebelah dong min. Smoga bisa jadi pertimbangan kedepannya. Makasih",3,2022-01-21 10:01:47,14,"merchant, orderan, promo, komisi"
GrabMerchant,com.grab.merchant,acf0a1b1-3e7c-489d-bba8-ec527dee143f,Jumi jihan,"Kok saldo saya lama di transfernya ya,udah 3 hari belum di transfer ke rekening saya,tolong ya di perbaiki lagi aplikasinya biar tidak mengecewakan pemakai",3,2022-01-20 19:00:20,0,saldo
GrabMerchant,com.grab.merchant,c043588e-036a-40d3-bfe8-230465ac2a26,Nofri Yanti,"Awal nya udah dapat driver... Dan kita liat driver nya menuju kesini dan sudah dekat... Jadi kita siap kan pesanan nya. Agar driver tidak menunggu lama, tetapi mengapa saat pesanan sudah siap, malah mencari pengemudi lain nya😌.. sudh sering mengalami ini.. kesel dan sedih jadi nya. Memang harga tak seberapa.. tp kecewa aja si 😌",3,2022-01-19 18:46:10,0,"pesanan, driver, pengemudi"
GrabMerchant,com.grab.merchant,97a0734f-b6e0-4981-b569-e33c98832883,Zhu Ahmed,"Saya sudah 2 minggu daftar, kenapa grab merchant sy belum aktif, mohon di bantu, status akhir pengajuan di email",3,2022-01-18 08:58:57,0,merchant
GrabMerchant,com.grab.merchant,bd0abede-5a4d-4b98-8a50-1bd9e66588db,adhe Ridwan,Saya daftar grabfood melalui grabmerchant sudah 3 hari lalu dan sudah tandatangan elektronik melalui adobe sign yg dikirim grab melalui email. Tapi sampai saat ini blm ada update status sy. Sy gak tau gimana cara untuk hubungi grab call center dan gak tau cara untuk live chatt dengan bantuan untuk mengetahui status pendaftaran sy di grabfood.,3,2022-01-18 08:51:55,0,grabfood
GrabMerchant,com.grab.merchant,77274fb0-76da-43f7-bb74-dcd071306e78,Arini Aitham Sari,"Grab jangan pake ovo lah,, ovo ga profesional bgt,, uang mitra kok ditansfer seenaknya,,harus nya kaya aplikasi sebelah donk,, penjualan saya banyakan dr grab tapi uang nya mandek di ovo ga dikirim""",3,2022-01-17 13:53:28,0,mitra
GrabMerchant,com.grab.merchant,1aa6c130-67a2-49f6-bbc6-cb28ad35295a,Febriani Putri,Kalo sayq mah sedih semenjak buka grab merchant blm pernah dpt order🤣🤣🤣🤣,3,2022-01-16 08:06:14,0,"merchant, order"
GrabMerchant,com.grab.merchant,0cc8620a-03b2-4b7e-9372-6f882c364f75,Shinta wawan channel,Saya cek di akun saya sprti blm aktp tdk ada menu yg bisa saya lihat sprti orderan atau akses untuk input menu . Kalo blm aktp saya cek dì grab temen sdh ada .cuma keterangan nya toko tutup . Saya pkr klo mmng blm sukses verivikasi kenapa sfh ada info laporan report pnjualan stiap hri ny .. saya sdh coba instal ulang di versi trbaru . D apdate dn coba masuk lg ternyata msh sama. Tdk ada akses saya di apl ini untuk merubah menu atau menambah menu ataupun lihat orderan sprti baru mau dftar.ini gmn,3,2022-01-15 15:14:28,1,"menu, orderan"
GrabMerchant,com.grab.merchant,6e38b2b0-9ede-4c21-a0ab-6f4502b4de25,munawwarah jentari,"Tolong pihak grab,sya belum upload menu saya kenapa tiba2 sudah ad pesanan?sungguh aneh,ketika ingin mendaftar kalian gencar menghubungi pihak yg ingin mendaftar grab merchan",3,2022-01-14 22:30:49,0,"menu, pesanan"
GrabMerchant,com.grab.merchant,c4b13151-6fdd-4107-9306-d81f0eb1cec0,Sahiyatun atun,mengapa di apk grabmerchant saya tidak ada menu adsnya udah search sana sinih gak ketemu hasilnya tolong bantuannya 😁,3,2022-01-14 19:56:43,0,menu
GrabMerchant,com.grab.merchant,28e25922-5e9e-4b5a-8125-26c34a99ba31,Mufiroh Nurul hidayah,"Tolong di perbaiki lagi sistem markettingnya, masa orderan sepi, kalah sma aplikasi sebelah, terus untuk ubah nama resto dan lokasi segala macem masih ribet, tolong di persimpel lagi,",3,2022-01-13 10:23:00,0,"resto, orderan"
GrabMerchant,com.grab.merchant,a96fad4d-35e2-45cc-8a9e-410b52bf6422,Wida Wardani,"Mitra resto kesulitan berkomunikasi dg driver bila driver membatalkan sepihak terutama resto yg buka 24 jam, kalau bisa pihak resto bisa berkomunikasi dengan operator via wa . Agar bisa dibantu untuk menghubungi driver, sebab biasanya driver kalau mau membatalkan sulit untuk dihubungi",3,2022-01-12 21:24:22,0,"resto, mitra, mitra resto, driver"
GrabMerchant,com.grab.merchant,a4a09901-309d-4520-a81d-4c4c1ac38559,Gustari Ayu Ningsih,Bagus buat jualan tapi sayangnya tidak bisa langsung cetak nota pesanan lewat aplikasi ini beda sama gobiz pesanan masuk langsung cetak nota pesanan bisa...🥺😴😔☹️ Ribet..,3,2022-01-12 16:51:14,0,"pesanan, pesanan masuk"
GrabMerchant,com.grab.merchant,a8150ebe-b3e7-4056-8b42-3b67532ccdec,Dadang Suparman,"Ini masukan aja, kami merchant belum merasa puas atas kendala insiden tersebut , karena kita tidak tau betul apa letak kesalahan pihak kami ,, contoh ada pengaduan pesenan tidak lengkap, itu belum mutlak juga kesalahan merchant , maaf yg di laporkan cs ke grab cuma hasil Poto aj, biar pihak grab punya data yg pas coba driver di wajibkan Poto struk sama pesenan nya dengan kelihatan jelas, jadi kalo ada cs klem kurang hidangan misalnya tinggal buka data tersebut di singkronkan 🙏 masukan aja",3,2022-01-10 19:51:38,0,"merchant, driver"
GrabMerchant,com.grab.merchant,a1a3c70b-102d-439e-a592-d7b00cbacfd4,Mr Jack,"Mengapa saat ada pesanan masuk tidak ada pemberitauan saat hp posisi keluar aplikasi/posisi hp lagi silent,tiba""driver masuk sering kaget saya dan nunggu kelamaan klu posisi sepi g masalah pas posisi warung lagi rame mau batalin g enak ma driver sudah terlanjur datang mohon dperbaiki dong...!",3,2022-01-10 19:47:49,4,"warung, pesanan, pesanan masuk, driver"
GrabMerchant,com.grab.merchant,d3379b1b-aef2-4a1c-a6ce-872ce86b9a7b,Kia Tayo,"Mohon solusinya, resto saya baru 2mggu si daftar tp masak belum ada orderan satu pun yang masuk, udah buat promo , pasang iklan juga .",3,2022-01-10 10:47:17,0,"resto, orderan, promo, masak"
GrabMerchant,com.grab.merchant,c1b10360-7c66-4b77-bdd4-758c4b927931,Wyfys Muhammad,"Cara daftar grabmartnya bagaimana, kok harus daftar grabfood dulu, apa gg bisa langsung daftar grabmart",3,2022-01-10 07:29:04,0,"grabfood, grabmart"
GrabMerchant,com.grab.merchant,03e39453-a1d3-441b-ac0b-22fdeaf06e1a,k S,"Mohon solusi, toko saya jika dilihat pembeli tampilan depan tdk ada pilihan pesanan dikirim jam..., Sedangkan saya cek di tampilan depan toko lain ada. Apa saya hrs hpus aplikasinya dulu setelah itu instal ulang?",3,2022-01-08 19:16:51,8,pesanan
GrabMerchant,com.grab.merchant,3f8145a3-d026-4977-b79a-b679f2f7da28,Nurlimin,Proses transaksi antara driver dan merchant sebaiknya pakai pin. Sehingga driver tidak bisa membatalkan pesanan,3,2022-01-08 17:54:17,1,"merchant, pesanan, driver, transaksi"
GrabMerchant,com.grab.merchant,d9aadda9-e4f3-4241-ad5c-ec8c8b4fb1e5,Syahroni Arih,"Aplikasinya sudah bagus, hanya 1. Kenapa kalo aplikasinya sedang di non aktifkan selalu orang lain bisa pesan, padahal kan sedang tidak di buka aplikasinya. Jadi ribet.",3,2022-01-08 17:30:48,0,pesan
GrabMerchant,com.grab.merchant,bbdc723c-8da9-459d-ac51-e2431dc3632e,suwarso _81,Bintang tiga dulu orderan yang saya terima sangat minim padahal saya sering kasih promo segala macam,3,2022-01-08 15:40:52,0,"orderan, promo"
GrabMerchant,com.grab.merchant,7530b493-d41e-40c8-b7a9-f3bb06ea2edb,Maulana Hafiz,"Waw market foodnya kalah sama PEMAIN BARU LAHIR, terpancing emosi permainan promo malah terjun bebas kejurang.",3,2022-01-07 20:56:11,0,promo
GrabMerchant,com.grab.merchant,e5f10543-de7c-4db7-bbb9-6d22b520b7db,Fendi Rudanto,"Pesanan yang masuk ke resto masih telat, driver sdh dateng kadang pesanan baru masuk, kadang aplikasi harus standby",3,2022-01-07 15:27:49,0,"resto, pesanan, driver"
GrabMerchant,com.grab.merchant,77dcfdc4-93ef-4824-b770-6b7e369c8aa6,Faizal Pradana,"Halo grab, untuk pemesanan makanan tidak efektik dibatasi jarak, padahal pengguna pasti memakai jasa grbafood krna lokasi resto jauh",3,2022-01-07 11:32:54,0,"resto, makanan"
GrabMerchant,com.grab.merchant,c6fbb032-657c-41f0-a920-e21ff37b7764,Tomi Harlek,"Terima kasih grab merchant,, sahabat dalam bisnis",3,2022-01-06 10:29:09,0,merchant
GrabMerchant,com.grab.merchant,49bbf27e-da11-48d6-b6a4-2b22c0cf34e7,Muhammad Mukhlis,"Sy berikan 3 bintang , karena sy kecewa ad driver grabfood yg sering mmbatalkan orderan tanpa konfirmasi lewat tlp . Lalu yg masuk orderan tiap hari ny sedikit , tdk ad peningkatan orderan bagi warung .",3,2022-01-06 09:47:58,12,"grabfood, warung, orderan, driver"
GrabMerchant,com.grab.merchant,bb5586b2-0f8b-41b7-9e21-11a1426a7a1d,Siti Mutamimah,"Saya sudah update, beberapa kali,tapi ko tampilan menu y masih yg lama di aplikasi sya",3,2022-01-06 00:38:18,0,menu
GrabMerchant,com.grab.merchant,8370a471-6ab3-4d0e-8134-59d65f4b5011,Anggun Pratiwi,"Apknya masih terlalu ribet untuk perubahan data outlet. Contohnya unt merubah alamat, terlalu berbelit². Harus foto ini n itu padahal di apk sebelah tinggal mengatur set lokasinya saja sudah bisa merubah alamat lokasi. Semoga kedepannya lebih gampang lagi dalam merubah data.",3,2022-01-05 14:26:51,32,outlet
GrabMerchant,com.grab.merchant,5199dcbe-0781-4dd3-b4b7-97a6ff4c2634,Nur Elr,Tolong di bantu grab merchant kenapa saya masih belum bisa berjualan . Verfikasi gagal terus .,3,2022-01-04 09:51:11,0,merchant
GrabMerchant,com.grab.merchant,8da45a29-2320-482a-b3e3-634141c6d00a,Kedai soto Soto,Saya mohon pada grb merchant karna gk ada kejelasan aplikasinya tlong non aktifkan dan keluarkan Bakmie jogja soto lamongan mbah mi inen dri grab,3,2022-01-03 14:39:01,0,merchant
GrabMerchant,com.grab.merchant,92cc6531-75c4-42c5-b049-a71df4618ece,yaori nuryar putra,"Hallo, apk sedang error kah? Mau daftar resto di grab kok sesi berakhir terus ya dri kmren. Terimakasih",3,2022-01-03 08:35:39,0,resto
GrabMerchant,com.grab.merchant,d39a1718-557a-4d72-97b6-118552b7eccd,nabila kirani,Saya beberapa kali daftar ke grab mart tp gagal trs.. Knp.. Alasan nya gk jelas. Tolong kasih bantuan nya.. Krn saya ingin banget bergabung grabmart dan mau memajukan usaha saya🙏🙏,3,2022-01-02 19:52:34,1,grabmart
GrabMerchant,com.grab.merchant,3c832405-7efc-446d-96c1-c07552adf90a,James Hendriksz,"Kalo ada orderan, notifikasi nya gak berbunyi, jadi kadang kita gak tau kalo ada orderan",3,2021-12-30 17:07:59,0,orderan
GrabMerchant,com.grab.merchant,7f32b71b-7fb3-4047-8434-d1c2ecbd2b80,Hendro Robot,"Tolong dong sistemnya di Ubah, order hanya bisa 5km, di atas 5km udah gak bisa order....cs sering ngeluh gak bisa order via grabfood karna jarak..",3,2021-12-30 07:39:06,0,"grabfood, order"
GrabMerchant,com.grab.merchant,bdfdfd95-ed51-456d-bbb6-18d285aea1aa,Tutik Huntu metu saetik,"Banyak yang harus di benahi nih buat apk Mechantnya, mulai maps, laporan pendapatan yg lebih detail lagi seperti tetangga sebelah. Dan tolong donk buat CS agar bs dihub lwt chat atau email. Tolong pelanggannya juga di perbanyak diiming imingi promo di daerah sy, karna didaerah sy sedikit sekali pengikut Grab😔. Makasih.",3,2021-12-29 11:00:31,22,"promo, pendapatan"
GrabMerchant,com.grab.merchant,0e4a41cd-6d47-4bc9-87a9-c10852c3ef13,dap bags,Ket transaksi pembayaran pada pesanan gak ada.. Harusnya ada penjelasan pembayaran tunai atau via ovo,3,2021-12-27 12:32:25,0,"pesanan, transaksi, pembayaran"
GrabMerchant,com.grab.merchant,05461d78-fd3b-49f0-8379-044ab68d5d32,Rumah ya'kulan Syarifah,Sudah aktif dan di pemberitahuan sudah bisa terima orderan tp kanapa toko saya nda bisa di search? Dan lokasi terlalu jauh padahal teman saya yang mau order lokasinya dekat. Alamat juga sudah sesuai..,3,2021-12-27 10:05:58,1,"order, orderan"
GrabMerchant,com.grab.merchant,934f44e2-94df-4bbd-9286-1740b332ddee,Wong Desa,Mau aktifin grabfood susah banget ga kayak merchant sebelah 30 menit lgsg aktif,3,2021-12-25 19:01:11,0,"grabfood, merchant"
GrabMerchant,com.grab.merchant,c8846752-58b0-4301-b3fa-5c2b1ce6c614,Ala Yuli Selera Nusantara Official,"Kenapa sulit sekali untuk memakainya, tempat jualan kami pindah sehingga bnyak order yg di batal kan, sudah ikuti petunjuk pindah alamat, ganti hp dan ganti nomer tapi belum kelar juga",3,2021-12-25 16:13:40,1,order
GrabMerchant,com.grab.merchant,0decfe29-7719-49a1-85fa-dca7d3756419,fahmi nuril,"buat pemula tak kasih bintang 3 dulu, oh iya disini saya pendatang baru mohon bantuanya dong kak,aku punya resto baru gimana ya caranya agar bisa menjadi mitra grabmerchant? sukses selalu terimakasih 🙏😊",3,2021-12-25 15:38:32,4,"resto, mitra"
GrabMerchant,com.grab.merchant,be590b73-bd4a-4f5b-92d3-556e0188b15b,Juma Wati,Kenapa ya...selama bergabung di grabmerchant mulai kemarin Saya tidak dapat orderan...mohon bantuannya 🙏,3,2021-12-23 15:23:43,0,orderan
GrabMerchant,com.grab.merchant,a0d128ca-367b-4ed4-ac1d-98ed0173b75c,gilbert gaming,implikasinya aneh.driver yg sering batalin orderan malah restoku yg susah dapat orderan dan dapat seperti peringatan. kenapa resto gak bisa komplin ke grabnya.bhwasanya drivernya yg batalin.,3,2021-12-23 13:13:37,0,"resto, orderan, driver"
GrabMerchant,com.grab.merchant,4e3d9bb0-2f3d-4eef-8abb-8c53af49695e,Keluarga Anum Tomat,"Kepada pengembang tolong berikan fitur print di aplikasi grab merchant ini kaya aplikasi sebelah, memudahkan tanpa harus tulis manual. Penting ini!!!",3,2021-12-23 09:03:38,0,merchant
GrabMerchant,com.grab.merchant,a584880d-1a0f-4390-a624-4f87177a22eb,Rini Martina,"Saat ini saya tidak bisa meng-edit menu di aplikasi grabmerchant saya. Saya sudah berusaha telpon bantuan grab, tapi yg jawab hanya mesin dan tidak ada solusinya. Tolong perbaikannya grab agar merchant saya bisa lancar kembali. Terima kasih",3,2021-12-22 12:02:17,14,"merchant, menu"
GrabMerchant,com.grab.merchant,ae60a035-7dc9-4575-99a3-c351fc30cd91,Burhanudin_ Indonesia,"Kalau buat promo susah , harus beli segini atau sebanyak ini. Contoh : minimal beli seratus ribu baru dapat promo...pantesan yang seperti kita yang pedangan kecil susah promokanya.. seharusnya biar para pedagang juga bisa promo tp TDK terbebani.. maaf baru kasih bintang segitu.. aq udah pakai grabmerchant TDK ada oreder ..",3,2021-12-21 15:17:16,11,promo
GrabMerchant,com.grab.merchant,dc89b975-0b98-439e-b9f6-4b8890386d96,sugi wijaya,"Peroforma Apk mulai menurun tdk d pungkiri..kalah sama sebelah yg brani memberi subsidi kpd pihak outlet,.. lemah ny lagi kita buat pariasi discount,. Semua ny bisa d pake oleh customer,.. ya habis lah.. pikir2 dlu deh klo mau ikutan webner bersama.bbisa bonyok",3,2021-12-21 14:46:45,0,"outlet, customer"
GrabMerchant,com.grab.merchant,97acc60c-435c-4890-9396-7b599f9bc99f,Novi Hariyanti,"Kak maaf, cara daftar grabfood nya gmana ?? Kok ga bisa2 siiii😪😢",3,2021-12-20 14:40:37,0,grabfood
GrabMerchant,com.grab.merchant,d8d2ec76-df49-4f9f-80b7-90874d1988b6,Siti amirah,"Saya sudah daftar grab food,kenapa kok saya tidak mendapatkan kontrak elektroniknya",3,2021-12-17 08:04:22,0,grab food
GrabMerchant,com.grab.merchant,a638921b-154c-4ca2-8498-d4b47c3dd9fb,Mugi Yono,"Kenap y ,nofikasi nada saya g bunyi,kalo ad pesanan padahal udah d atur semu mohon penjelasanya trimakasih",3,2021-12-16 19:34:31,0,pesanan
GrabMerchant,com.grab.merchant,d290c498-8ee7-443d-bf05-79c1011c7723,Hakam Salim,"Yg buat penjualan grabfood sepi,grabfood tdk bs bayar tunai,hanya ba membayar pakai ovo,coba pikirkan,gmn biar konsumen bs beli dgn cash,atau transfr,secara daftar ovo ribet Oleh itu org pada beli gofood karna mudah,cuma pakai gopay dan cash Kenapa grab ga keluarin grab pay atau pembayaran cash?",3,2021-12-16 16:38:17,0,"gofood, grabfood, pembayaran, gopay"
GrabMerchant,com.grab.merchant,02f7110c-7d8f-4001-b81d-a3c8e0f41e2f,Sari Ningsih,Semoga sistem grabfood lebih back lagi,3,2021-12-16 08:45:51,0,grabfood
GrabMerchant,com.grab.merchant,a207f253-597a-4c29-98bf-bb1a8a17b5d5,Indra Wahyu Angkasa,"Sedikit kecewa dengan grab ads / iklan ads, feedback kurang signifikan, serta pembayaran / pengurangan saldo gak transfaran.",3,2021-12-15 09:08:10,0,"saldo, pembayaran"
GrabMerchant,com.grab.merchant,3ce36f52-9a92-4a46-8dcb-67e6619533ee,Kedai puspa Online,"Merasa kesulitan utk merubah profile merchant, terutama informasi2 kecil. Jenis produk yg dijual (yg muncul saat di list / banner utama). Krn baru ganti nama dan produk, namun utk ganti informasi tsb sy merasa kesulitan. Mohon dibantu. Tks",3,2021-12-15 09:00:14,1,merchant
GrabMerchant,com.grab.merchant,741c92c7-7ee0-4212-bbef-58288e402d53,R.Vanti .Suhayanti,Tidak ada penawaran spanduk plang baligo ke outlet merchant,3,2021-12-14 15:59:14,0,"merchant, outlet"
GrabMerchant,com.grab.merchant,3d488fe8-2a89-4e85-a896-1c512a91743c,Rama Harahap,Notif pesanan sering tidak bunyi 😔,3,2021-12-14 09:42:55,0,pesanan
GrabMerchant,com.grab.merchant,c7d1f131-16eb-4c97-bca4-a4e51dc0953b,Naelatul Akromah,Maaf kak aplikasi grabmerchant saya setelah pembaruan tidak berbunyi jika ada pesanan,3,2021-12-14 08:16:12,0,pesanan
GrabMerchant,com.grab.merchant,445f07d0-e745-4044-9eb4-00dc41688a12,Faisal fajar Nurianto,Saya berencana daftar grabfood. Aplikasi sudah terinstal. Sudah daftar akun. Nah mau aktifasi grabfoodnya susah muter muter terus ini gimanaaaaaaa.... masa traficdown lama banget . Mohon di bantu admin,3,2021-12-13 14:34:46,10,grabfood
GrabMerchant,com.grab.merchant,b704adce-148b-4153-af60-2d990051db9a,Wong ngapak,"Tolong dong jangan persulit toko yg pindah lokasi,masa buat mindahin titik lokasi aja susah nya minta ampun sampai segala cara udh di coba tetep aja gagal terus & GK di ACC dan persyaratan udh sesuai apa yg di butuhkan. Padahal kalo di etung"" saling membutuhkan. & Kini aplikasi grab merchant terpaksa saya tutup sampai tak tau kapan alamatnya berubah.🙏",3,2021-12-13 13:30:05,25,merchant
GrabMerchant,com.grab.merchant,2367dc37-8190-45f2-9623-fe3bdda84a5a,Nugroho Nugroho,Hallo kak selamat malam ini gimana ya . Saya udh ikutan promo rekomendasi dari grab tapi di aplikasi customer kenapa gk ada tulisan promonya ya gmn ini pdahal promo udh aktif dri kemarin . Tpi di aplikasi customer knp resto saya gk ada tulisan promonya . Mohon di perbaiki trimakasih,3,2021-12-11 21:04:50,3,"resto, promo, customer"
GrabMerchant,com.grab.merchant,70d83f59-8efe-459d-810e-28e30a849bc8,Sudirin Dirin,Mohon bantuannya saya kesulitan dalam melakukan buka aplikasi grabmerchant karena ada orderan masuk tapi tidak ketahuan dan g bisa buka tutup restonya,3,2021-12-11 12:30:29,0,"orderan, orderan masuk"
GrabMerchant,com.grab.merchant,d4fdd2ae-4adf-4918-9c1f-800103f2d5d4,Abdul Halim,Tolong dong di perbaiki tentang drivernya kita sudah menyiapkan di batalkan oleh driver dan bisa batal semua kan bisa rugi saya sudah menyiapkan beberapa item,3,2021-12-10 17:41:11,0,driver
GrabMerchant,com.grab.merchant,574ef65f-f9f0-4110-9121-9e435ab24823,crisman peterlin dohona,"Makin kesini makin parah orderan anyep banget, kebanyakan nyari komisi udah dari penjualan dapat komisi kita baru bisa tampil di banner harus ikutan promo ADS,yang bayarnya perklik, bayar iyah belum tentu yang klik jadi beli apa ga....ppppppaaaaarrrraaaahhh",3,2021-12-10 14:52:58,0,"orderan, promo, komisi"
GrabMerchant,com.grab.merchant,9a493cb0-558f-4245-a9a4-2240c4059441,yu li,Mohon solusinya...saya sudah download aplikasi grab merchant dan sdh selesai registrasi...tp di aplikasi kok tidak ada tampilan yg bisa saya klik untuk mengisi brg apa saja yg saya jual.caranya gimana ini ya🙏,3,2021-12-10 14:49:14,1,merchant
GrabMerchant,com.grab.merchant,4c963bea-23a7-46d9-acf9-00e2299c29cb,Ainun Mufidah,"Hamdalah grab merchant emank top. Drivernya tak pernah di ragukan kedatangan nya..pasti datang, tapi sayang agak sepi hehe",3,2021-12-09 17:43:33,0,merchant
GrabMerchant,com.grab.merchant,bbb1bfaa-d142-4312-b7e4-991577dc2220,Erlin Widya,Sudah ikutl promo tetapi order BS dibilang mines/kurang,3,2021-12-09 16:36:10,0,"order, promo"
GrabMerchant,com.grab.merchant,8992d196-b01c-4d00-9ed6-9fdb0046fa3c,D'One Chanel,Tolong bintang 5 otomatis jika customer gak isi bintang. Karena customer isi bintang jika dia komplen saja kalo suka mereka lupa.,3,2021-12-08 15:23:43,0,customer
GrabMerchant,com.grab.merchant,c023996d-7c81-4c86-a483-db3d206783b7,Nur Syamsi,Drivernya cepat menanggapi pengulangan resto,3,2021-12-08 09:34:41,0,resto
GrabMerchant,com.grab.merchant,0095a1c6-e4a6-4c6b-a049-42eb28eaff37,Nandang Setiawan,"Kelemahan aplikasi grab khususnya grabfood ketika ada orderan notifikasinya tidak bunyi, jadi baru tahu ada orderan grabfood ketika drivernya datang dan bunyi notifikasinya kecil banget. Tolong segera di perbaiki agar notifikasinya terdengar kencang seperti aplikasi sebelah",3,2021-12-07 22:39:23,1,"grabfood, orderan"
GrabMerchant,com.grab.merchant,285530e3-8122-4fc3-807d-1fb1e1d32db3,Anggitagita Official,"Sepi padahal sudah promo 50%. Dan fitur ads manager di aplikasi saya ga ada, susah buat ikut promo. Sudah laporan 3x jawabannya selalu tunggu dan tunggu. Tolong pihak grab berlaku adil sy juga mau usaha.",3,2021-12-07 21:16:06,3,promo
GrabMerchant,com.grab.merchant,e2f64801-4ee5-4e2e-b813-ec1f5cf15346,Siti Fathimah Azzahro,"Kenapa grab merchant saya blm d acc kak padahal udah 3bulan lebih masih ditinjau terus, mohon kebijakannya",3,2021-12-07 18:06:39,0,merchant
GrabMerchant,com.grab.merchant,16bed6a8-baa4-48bf-90e4-46223aeee319,Sri Suwarni,"Tolong dong dari pihak grab tangani kasus ini SEGERA!! Jika kita tidak buka apk grab, tiba2 muncul ada pesanan di apk grab tanpa bunyi notif apapun!! Awalnya pas ada order pertama kali rujak bunyi, seterusnya gk sama sekali 😣 cuma ada tulisan aja di notif hp saya ""Ada pesanan baru nih, pengemudi akan sampai 1 menit lg"" Hampir saja orderan grab rujak saya batal gara2 gk bunyi notif. Untungnya anak saya selalu pantau hp saya jika ada pesanan langsung lapor ke mamanya",3,2021-12-05 23:08:00,30,"order, pesanan, orderan, pengemudi"
GrabMerchant,com.grab.merchant,276e5541-c85e-4230-9110-315ba5c3d7a1,Bastian Basri,Kenapa tiba tiba hari ini grab merchant saya tidak bisa dibuka ya?,3,2021-12-04 13:56:29,0,merchant
GrabMerchant,com.grab.merchant,11cf4d6b-3765-454f-912a-f4b9bcd11018,Rindu 1234,"Kenapa grabfood nggk ada orderan ,padahal iklan ads jalan terus.",3,2021-12-04 12:31:53,0,"grabfood, orderan"
GrabMerchant,com.grab.merchant,23694d8d-1149-479d-acf7-8031b994082e,Dede Gunawan,Lama daptar grabfood aja konfirmasinya lama udah 1 mingguan,3,2021-12-02 22:21:50,0,grabfood
GrabMerchant,com.grab.merchant,18088f8e-3448-4f25-94f1-8498e35ed032,Rahmatullah A,Kenapa yah saya tidak bisa menyelesaikan pendaftaran merchant ada yang sama gak sih?,3,2021-12-02 20:05:24,0,merchant
GrabMerchant,com.grab.merchant,72b89ffe-132f-42b0-bd0a-c3818b4c2be6,Zeger Malang Wagir,"Benerin alamat masak hampir 2minggu belum bener*,respon pun lama banget,,,kasian sekali driver",3,2021-12-02 09:30:10,0,"driver, masak"
GrabMerchant,com.grab.merchant,692d0c5c-4faa-41a2-9e34-d5120e067ad1,Syam. Sudin38,Padahal di aplikasi lain sering terima orderan Kenapa disini jarang ya... Dan mohon diperbaiki aplikasi nya... Buat persetujuan dulu sama resto apa menerima pesanan atau tidak... Yang sering tiba-tiba nongol di resto Tiba-tiba lagi telponan ojol nya dtg... Kalau kita lagi siap Gak ada masalah... Jadi buat persetujuan dulu Kayak aplikasi lain... Mohon maaf hanya sekedar masukan saja,3,2021-12-02 08:33:14,0,"resto, pesanan, orderan"
GrabMerchant,com.grab.merchant,54c269e9-2f00-4621-829c-fc0ba8d59d4c,agt bonang,"Tolong diperbaiki BUG nya dong, Notif gak masuk, tau2 nya Driver Grab uda di toko... Sama tau2 nya Customer uda batalin orderan... Ini Hanya karena Notif gak masuk di HP, pas. Buka app nya baru Notif pemberitahuan masuk.. Merugikan banyak pihak.",3,2021-11-30 17:19:57,0,"orderan, driver, customer"
GrabMerchant,com.grab.merchant,941ccd7d-c722-49cd-a7fd-1277d8036867,Bakmi Mbaknunik,"Saat akan mengaktifkan grab food kenapa selalu mengalami ""sesi telah berakhir, coba beberapa saat"" padahal sudah saya coba berula ulang, koneksi internet juga lancar tidak ada kendala",3,2021-11-30 15:34:41,4,grab food
GrabMerchant,com.grab.merchant,fb9cfda5-51b7-48ff-af9a-80fd148adffe,Jeremi Ade Ricky,Tolong perbaiki sistem. Kadang aplikasi sulit dibuka. Dan Pesanan online pun belum laris. Kadang rame kadang 0. Padahal sudah buat promo dan penjualan offline toko bagus.,3,2021-11-30 13:21:41,0,"pesanan, promo"
GrabMerchant,com.grab.merchant,33b81368-4a5f-486a-aa3e-3b69d265e677,MaxxoYT,"Saya mau komplain masalah pembayaran , kok di app nya RP 35.101 , Tapi yg saya terima hanya RP 30.108 , kok bisa beda , dan saya sudah cek di rekening saya melalu mutasi tidak ada uang keluar ,",3,2021-11-29 15:43:01,0,pembayaran
GrabMerchant,com.grab.merchant,abd080f3-fa5d-42e9-9996-386909286e70,Murni ah,"Knp ya resto saya sering ga ada notif y bila ada orderan msk???keduluan driver y dtg baru saya tau ada orderan msk pdhl sdh diatur paling tinggi volume notif y lo,,",3,2021-11-29 15:15:38,2,"resto, orderan, driver"
GrabMerchant,com.grab.merchant,32b04d0f-692b-4f1e-ab64-8b3ff2f033f7,holy spicy,"untuk grab merchant apa tidak bisa digunakan di ios ya? soalnya pake android suka error, ga bs kebuka appnya padahal udah update, kayak gini nyusahin kita sebagai seller",3,2021-11-29 10:45:42,0,merchant
GrabMerchant,com.grab.merchant,ac24b795-aac5-439c-a1c0-1849180a211d,bella aisya,Tolong dong kontak untuk komplain driver yg membatalkan pesanan... Agar tidak se enaknya saja pergi lalu membatalkan pesanan,3,2021-11-28 09:19:08,0,"pesanan, driver"
GrabMerchant,com.grab.merchant,3012ed8d-27c0-4510-aaf8-0f65823b9054,Vian Putra733,Makanan udh jadi drivernya batalin seenaknya tanpa konfirmasi gmn caranya pengaduan ? Bukan resto aja yang d nilai driver nya juga resto berhak nilai,3,2021-11-27 21:36:38,0,"resto, makanan, driver"
GrabMerchant,com.grab.merchant,07173f2d-78db-45b6-948a-6f162bf51721,Ervinna M,Notifikasi ga bunyi jdnya ga tau kalo ada orderan dan akhirnya cancel,3,2021-11-27 13:52:02,0,orderan
GrabMerchant,com.grab.merchant,6e06c83f-8184-4f31-9920-4ee4e89e0d67,Devy Chayank,"Mohon ditingkatkan lagi untuk SOP nya driver,agar lebih baik attitude nya,trima kasih",3,2021-11-26 20:07:36,0,driver
GrabMerchant,com.grab.merchant,b65c72e6-df17-4d85-8e69-dcf6e5ff3669,Agus Priyoto,masih sedikit yg nyangkut buat pesen resto saya,3,2021-11-26 07:13:56,0,resto
GrabMerchant,com.grab.merchant,f87b586f-99aa-4dd5-b033-7be1f6b9d131,aditya putri,Kenapa driver grab byk yg ga ramah ya? Suka marah2 dan emosian. Seringkali dapet driver nyolot ke penjual. Mana aplikasi ga pernah bunyi kalau ada orderan.,3,2021-11-25 06:44:00,0,"orderan, driver"
GrabMerchant,com.grab.merchant,a6e1e23b-8d11-47b1-b01a-b357650d5db8,Ahmad Hanapi,"Selamat malam grabindonesia bagaimanakah untuk pmbayaran kami kami hanya pelayanan dan kami percayakan semuanya ke kalian kenapa dana kami blom di transfer dari orderan tanggal 16 November 2021 ,dan bahkan sayapun khawatir bila selalu di buka selalu pending pembayaran kami mohon di bantu untuk proses pencairan ke rekening kami yg sudah kami daftarkan",3,2021-11-23 20:34:15,7,"orderan, pencairan, pembayaran"
GrabMerchant,com.grab.merchant,fbb037e3-9e56-42b2-ac9e-cb1681b2a761,Didik wahyu Hidayat,Masih sepi orderan..,3,2021-11-23 16:22:55,0,orderan
GrabMerchant,com.grab.merchant,90d993eb-b8b0-45e7-a51f-66064b03717e,Jhony 3990,"Grab udah di promosikan tetap aj g laku,, Udh 1bln lebih g ada orderan masuk,, Hanya ngandelin reguler,, Bantu dong,,",3,2021-11-21 18:45:16,0,"orderan, orderan masuk"
GrabMerchant,com.grab.merchant,5dbcf910-459e-45c3-a9df-3c638f63598b,Kampung Halaman,"Diperlengkap fiturnya seperti variasi tambahan menu, sama untuk perubahan nama toko pakai pin aja, jangan pakai surat bermaterai.",3,2021-11-20 17:39:33,1,menu
GrabMerchant,com.grab.merchant,580a9e96-cd4c-4aed-95ab-a13ec4bd21c1,Rahman009 Elhasgol,"kak klo ngubah resto jangan ribet"" dong kayak shopee oatner ama gobiz dong.. biar yang di daftar kan sales biar bisa di ubah..gak usah pakek matrai ama surat"" gitu dong..trima kasih",3,2021-11-19 19:55:54,0,resto
GrabMerchant,com.grab.merchant,b2b6a60d-287d-4999-8e47-bf364cce76f1,Sapri Sapri,aplikasi grabfood bagus,3,2021-11-19 18:20:23,0,grabfood
GrabMerchant,com.grab.merchant,a9c5953f-f426-4160-b1d5-d14acedbcc13,Riantri Tri,grab kdang seminggu gak ada orderan,3,2021-11-18 23:31:37,0,orderan
GrabMerchant,com.grab.merchant,a39b710b-2fda-4d97-ab80-67d47609fa50,Abi Zar,"Sekarang kok pencairan sudah 2 hari lalu gak cair"" ya",3,2021-11-18 11:44:27,0,pencairan
GrabMerchant,com.grab.merchant,4826fa39-4d5b-44c9-8f97-16b7c2e09333,Alden Pangestu,Setoran 16-17 belom cair2 😑😑 pdhl kami resto kecil butuh sekali utk modal belanja. Tlg di segerakan pencairan nya,3,2021-11-18 10:27:48,0,"resto, pencairan"
GrabMerchant,com.grab.merchant,3d43bb31-78d2-4674-8b02-c5124a57692e,Muhamad Zikri,Kasih rating 3 dulu yaa.. Pembayaran hasil penjualan tgl 16 dan 17 kenapa belum di transfer yaa ?? Sedangkan saya pedagang kecil yang butuh modal.. kalau di pending berhari2 gini gimana saya belanja bahan untuk jualan ???,3,2021-11-18 08:19:52,1,pembayaran
GrabMerchant,com.grab.merchant,28d3f865-fa4c-4a56-ae4c-5d4216c08cf9,Fani Fauziah,Susah untu mengajukan barang yang d batalkan driver,3,2021-11-17 23:24:43,0,driver
GrabMerchant,com.grab.merchant,6c26bb90-e7a9-4644-8889-1b4f7d21eb2d,rian ardiatna,"Sangat bagus, mudah untuk menambah menu..",3,2021-11-17 16:09:02,0,menu
GrabMerchant,com.grab.merchant,e5050123-2651-4364-b62d-49f99d76d1b9,H Saerozi,Penjualan makanan di warung kami lumayan terbantu,3,2021-11-16 21:00:06,0,"warung, makanan"
GrabMerchant,com.grab.merchant,c218b05b-437d-4d68-a067-08825f806644,Nur Eni,Parah bgt pesanan sudah dimasak cape2 liat driver lg menuju ke lokasi saya eeg tiba2 beberapa menit malah di cancel dan parah nya ga dpt kompensasi lg rugi besar demi apapun tolong tingkatkan lg donk grabmerchant saya merasa dirugikan,3,2021-11-16 08:45:14,0,"pesanan, driver"
GrabMerchant,com.grab.merchant,da2e1acb-30f2-40d2-ab09-6ac7de1c3ed3,Pawon Ngebul,"Aplikasi grabmerchant saya kenapa tidak bisa di buka ya?? Ada orderan masuk tidak ada notif jdi nya tidak ketahuan.. mau ganti menu dan tambah menu jga ga bsa, mau atur buka tutup jam operasional jga ga bsa, tpi stiap hri di kirim email laporan penjualan.. pdhal aplikasi grab merchant nya blm bsa ke buka. Mohon bantuan nya",3,2021-11-15 11:38:47,1,"merchant, menu, orderan, orderan masuk, laporan penjualan, jam operasional"
GrabMerchant,com.grab.merchant,5b596366-9363-4106-9907-db18c5f91fa8,Royal Kediri,"tolong untuk grabmerchant tambahin fitur print struk,agar pelayanan resto kami semakin cepat.",3,2021-11-14 00:27:10,0,resto
GrabMerchant,com.grab.merchant,5e57f768-67b5-44df-b302-7322c3c41ba4,Celine Vanessa,"Mohon lebih diperhatikan lagi utk memberikan orderan ke Driver 2 orderan karna ini sangat merugikan customer.contohnya hari ini ada orderan masuk,tapi driver blm dtg . alasan dpt 2 orderan .ngimana pembeli ngk kecewa kalau pesen es udh keburu cair atau makanan udh keburu dingin.tolong dong Grab diperhatikan kembali.driver sampai atau kadang 1 jam blm dtg.padahal banyak driver didepan toko.nganggur nunggu orderan.bagusnya diberikan secara adil dan rata.itu baru ok.",3,2021-11-13 20:45:41,0,"makanan, orderan, orderan masuk, driver, customer"
GrabMerchant,com.grab.merchant,ed018ace-b9fb-4b84-9a71-664b87bfe213,Erwinda Susanti,"Tolong diperbaiki aplikasinya , tiba"" driver sudah datang .notifnya tdk ketahuan dan kita terima ..",3,2021-11-13 20:03:56,0,driver
GrabMerchant,com.grab.merchant,f59ec87c-3b03-46b2-87b4-2ae2ea5cb773,arie setiyadi,Penerimaan orderan sering telat... Driver datang tapi notif belum masuk. Jadi sering keteteran untuk menyediakan pesanan. Mohon segera di bantu agar notif terlebih dahulu stelah pesanan siap baru driver bisa ambil. Tq,3,2021-11-13 12:15:52,14,"pesanan, orderan, driver"
GrabMerchant,com.grab.merchant,71822af0-9865-4096-a7d1-726ef5886067,Fahima Kenez,"Utk aplikasi grab merchant milik saya kenapa tidak muncul menu resto & notif buka-tutup resto ya..??? Jadi, pas dapat orderan itu sampai tidak tau, karena tidak ada notif apapun di aplikasi saya. Dan tampilan aplikasi saya kok beda dg tampilan yg saya lihat di tutorial YouTube ya?? Apakah ada yang salah dalam pendaftaran, atau bagaimana??? Mohon bantuannya, untuk mempermudah penjualan saya. Terima kasih",3,2021-11-12 21:32:31,55,"resto, merchant, menu, orderan"
GrabMerchant,com.grab.merchant,126c4566-b720-426e-bdc3-dde4815aecd7,Raghea Z,"Ada program promo disc 60%.. tapi yg nanggung 55% merchant, trs grab sama ovo cuma 45% berdua gtu ?? Mana minimum pembelian nya cuma 40rb. Hadeeuuh.. bukannya untung , buat beli harga bahan baku aja tekor boss. Evaluasi lg tuh team Champaign nya. Baru lulus sekolah apa.",3,2021-11-12 17:12:54,1,"merchant, promo"
GrabMerchant,com.grab.merchant,4c84fac4-1a81-46b2-bf6e-2844060d7eb6,angga sunarya,Ga pasang diskon tpi selalu kena diskon. Dan ga d subsidi,3,2021-11-12 12:10:42,0,diskon
GrabMerchant,com.grab.merchant,2b159112-b872-47e2-816a-e829456dbf4f,Syafri Said,Kalau bisa tiap daftar menu nya juga dikasih jadwal.,3,2021-11-12 09:20:15,0,menu
GrabMerchant,com.grab.merchant,f07f32fe-ad67-4f4c-a038-7c6885dad3df,Eka Prasetya,On udh 3 Minggu tapi gk d kasih2 orderan what...kenapa????,3,2021-11-12 08:29:51,0,orderan
GrabMerchant,com.grab.merchant,823ddbeb-03bf-4af7-a495-d8732a2c2a85,Ayu Sari,"Maaf boosss grab, sy bru masuk di grabmerchat, knp yah ko di Aplkasi merchat yg Bru niich GX ada ADS'nya, gmn sy mau bli promo kalo ga add ADS'nya, lgi gitu sy cek di grabfood nama toko sy GX add",3,2021-11-11 19:28:04,0,"grabfood, promo"
GrabMerchant,com.grab.merchant,ef82dbb8-3606-40b6-9cf1-8b42d598c4e7,Sederhana Sabang,Ko aplikasi grab merchant saya nggak bisa buat merubah harga ya?,3,2021-11-11 16:20:21,1,merchant
GrabMerchant,com.grab.merchant,4ec4b179-274e-4216-87a4-3ca6c9591788,Cakra Btara,"Kepada Pihak Grab, kenapa Resto saya sudah masuk Grab elit orderan tetap sama, katanya klo elit orderan melonjak... Hmmmm....",3,2021-11-11 08:25:04,16,"resto, orderan"
GrabMerchant,com.grab.merchant,3f6f028f-472b-427b-ac56-65d0cd127836,bib 75cell,Kenapa sekarang tidak ada Menu pencairan hasil penjualan.. jadi sekarang seakan tidak transparan dalam total pencairan penjualan..,3,2021-11-10 20:15:41,0,"menu, pencairan"
GrabMerchant,com.grab.merchant,8045d3e8-eace-48f3-9df3-c1381a4ac552,Deny Nova Aldianto,"Fitur sudah cukup membantu, meski banyak kekurangan, grab academy di hapus aja, gak ada guna, tambahin fitur cetak struk pesanan,. Dan mohon mekanisme buka tutup restoran dibuat lebih mudah,",3,2021-11-10 18:02:18,7,"restoran, pesanan"
GrabMerchant,com.grab.merchant,6f3eed0f-77cc-46bc-bd8d-99e17efdc3b5,Hery An,"Kenapa harus di buka dulu aplikasi nya baru masuk NOTIFIKASI pesanan nya. Saya sering kewalahan ketikap kurir ngambil pesanan tapi barang belom redi ,gara"" NOTIFIKASI pesanan nya belom masuk. Tolong di perbaiki lagi untuk NOTIFIKASI pesanan nya TRIMAKASI",3,2021-11-10 10:38:35,16,"pesanan, kurir"
GrabMerchant,com.grab.merchant,a2c4c7b1-a457-4f7a-a3f1-0f0565ff7626,Nofi Subria,"Tolong dong di tambahkan fitur balas ranting dari pelanggan,biar kita juga selaku penjual gak selalu di salahkan. orderannya udah bener tapikon ngasih ranting seenaknya🙏kan berpengaruh juga ke penjualan kita",3,2021-11-08 12:28:55,0,pelanggan
GrabMerchant,com.grab.merchant,fb74ee9c-e239-422f-b04e-3f6d07abd9c1,jenfrin wolf2,Maaf untuk oknum segelintir driver grabfood di bandung sudah agak banyak yang kurang ramah.... Mungkin karena sensitifitas melihat antrian Shopee food dan merasa antrian di telantarkan padahal tidak begitu karena memang ada antrian sampai 8 dan grabfood baru datang sementara driver Shopee yang sudah pickup ada yang ke warung dahulu ada yang beli rokok dulu,3,2021-11-07 22:57:49,0,"grabfood, shopee food, warung, driver"
GrabMerchant,com.grab.merchant,d6a3dff6-f2b1-46b3-9d66-dc22193b8375,IFAN Fadilah,8 hari gk di kasih order sama sekali . Banyakin promo grab. Kompetitor shoppe dan gk jek rame selalu grab sepi banget,3,2021-11-07 21:19:49,0,"order, promo"
GrabMerchant,com.grab.merchant,af289596-074e-4c7f-9890-464fba912cfc,saya irpanripandi,kami tidak bisa menambahkan menu bagaimana caranya tolong,3,2021-11-07 12:08:34,0,menu
GrabMerchant,com.grab.merchant,6330e8e2-b956-48f3-a5bc-18b77a79fa6b,Melia Sari,"Tolong dong grab ,kalau ubah nama resto jangan ribet,harus isi formulir dan tanda tangan d atas materai,karna materai mahal. Sekali pake 2 materai.kalau udah gk ribet lg d tambahin bintang ny",3,2021-11-05 17:43:59,0,resto
GrabMerchant,com.grab.merchant,2a1159f7-8bc4-41a8-8e11-f6d5ec90b9cf,Secangkir Kopi,"Selamat Sore..saya baru saja diterimall untuk menjadi mitra GrabMerchant,,Untuk Login ada Dua: 1.Owner dan 2.Cashier Tapi Saat Login Itu Otomatis Masuk Kedua nya tanpa klik Password lagi,, 1.Untuk Yg Owner Saya Ga Bisa Edit Apapun,Karena apapun Yang saya Klik Itu Otomatis Logout Sendiri.. 2.Untuk Yang Cashier Saya ga bisa Edit Profil,Jadi Saya Bingung untuk jualan saya Pakai Yang Mana? Mohon Informasi nya,, Terima Kasih Sukses Terus Grab",3,2021-11-05 16:47:11,8,mitra
GrabMerchant,com.grab.merchant,cfebbd38-3ef4-4560-bcef-340078c053e5,Tri Isnawati,"Semenjak disetting dan terdaftar dimerchant malah ga ada pembeli,digrabfood malah ada nama resto saya 2,,saya bingung harus diapakan supaya bisa customer sy membeli Lg di resto sy apalagi udah ada pelanggan,skarang malah ngilang",3,2021-11-05 09:44:03,1,"resto, pelanggan, customer"
GrabMerchant,com.grab.merchant,c6c4622f-6bba-4036-9c3a-dfad2e437071,fiona pualim,"Maaf saya mau tanya saya kan sdh instal app grab merchant,kalau saya mau mengaktifkan ovo dan grabfood nya kok engak bisa yah tolong bantu saya admin bagaimana cara mengaktifkan ovo dan grabfood nya terimakasih",3,2021-11-04 08:05:38,0,"grabfood, merchant"
GrabMerchant,com.grab.merchant,1243aed1-a653-4fdd-9f40-b052396b03e7,Samsul Bahri,Mohon maaf sebelumnya saya mau bertanya Apakah sebesar itu untuk up harga dr harga normal Sy pribadi menghitung mencapai 75% dr harga normal yang saya berikan Dan sementara yg memiliki grab merchant yg lain masih di kisaran 20-25% saja Kenapa dengan grab Merchant yg terbaru apakah memang sebesar itu up harga nya atau seperti apa Sampai sakit kepala saya berpikir ko sampai semahal ini dan ini juga akan berimbas ke penjualan yang akan sepi krn sangking mahal harga yg di jual kan,3,2021-11-04 07:46:02,8,merchant
GrabMerchant,com.grab.merchant,f89999c1-6f42-477a-8ec7-ae4ae135fe88,Bingkai Cinta Islam,Baru pertama pakai . Pas log in berhasil tapi pas mau di klik salah satu menu langsung keluar aplikasinya ke menu log in trs masuk lagi trs keluar lagi ... tolong bantuannya,3,2021-11-04 05:34:38,0,menu
GrabMerchant,com.grab.merchant,51fa7fb7-2190-4215-b98c-e4b45efccf0a,Heryanto yanto,U admit trimakasi ini orderan saya pertama dari grab food trerima kasih,3,2021-11-03 22:40:20,0,"grab food, orderan"
GrabMerchant,com.grab.merchant,09530091-8f53-4e07-b40a-803ad0537b3f,Deni Ramsah,"Tidak ada menu daftar grabfood, adanya daftar ovo aja",3,2021-11-03 20:30:48,0,"grabfood, menu"
GrabMerchant,com.grab.merchant,ecb4d26d-d9d5-4d0f-8b32-695faa744009,NieYha_90,Masih sama ky komen q yg prtm. Pas ad orderan notifnya g bunyi. Di buka aplikasinya dulu bru deh tahu ada orderan. Sama minta tlg ksh ruang buat nyampein keluhan ttg driver. Masa driver bs menilai kita tp kita penjual nggak? Sama2 cr rejeki aja kok ya gt amat. Sy sdh kena omel 2x dgn alsn yg gk jls. Pgen tk tnyai kiranya g niat kerja g usah trima orderan. Kndisi hjan cntohnya dijadiin mslh. Situ nyamperin mkanan ke resto sy kan jg dbyr bkn? Sing ikhlas pak...sm2 cr rejeki,3,2021-11-03 15:52:31,4,"resto, orderan, driver"
GrabMerchant,com.grab.merchant,0c352b47-74b5-4a82-a5db-6acc811d11a4,Pecel lele Andien,"Saya kecewa, kenapa punyaku yg di promoin harga 10k, kok lele bakar,ya kita klh dong ama yg menu ayam dengan harga sama 10k,, y cs pada milih ayam lah,, karna harga ayam sama lele sama sama10k,,",3,2021-11-02 23:49:23,0,menu
GrabMerchant,com.grab.merchant,d12af7c6-05d1-49d5-8006-8e3416d0d7b6,Meymey Sweet Tea,"Untuk aplikasi perlu di tambahkan fitur untuk cetak struk, supaya Saat orderan masuk bisa langsung print struk, tidak perlu pakai app tambahan lagi,.🙏",3,2021-11-02 21:32:16,1,"orderan, orderan masuk"
GrabMerchant,com.grab.merchant,cd31e047-6dc7-4a71-bb58-4425e5a1c0a8,azammesir,"Buka tutup toko jangan otomatis, karna resto lagi libur tau tau ada orderan masuk.",3,2021-11-02 16:07:56,0,"resto, orderan, orderan masuk, tutup toko"
GrabMerchant,com.grab.merchant,41164b4a-6bfb-4564-9fa1-68a342bc4b39,fahmi anom,"Resto saya jadi sepi karna ulasan castamer,,,sudah hampir sebulan lebih resto saya ga dapet orderan,,padahal saya sudah menyediakan yang terbaik buat castamer...tapi saya ga menyerah,,,saya akan terus semangat dan terus memberikan yang terbaik buat castamer"" 🙏💪👍",3,2021-11-02 11:08:31,20,"resto, orderan"
GrabMerchant,com.grab.merchant,11a7b3e3-d537-4ed2-be3d-d4bb29f85d5c,Wydio,Kesulitan untuk merubah titik lokasi resto yang mau di pindah..apakah ada cara lain yang lebih simple. Tanpa harus mengisi form macem2?,3,2021-11-01 16:24:33,0,resto
GrabMerchant,com.grab.merchant,dd6c8fab-a9e3-4b0d-a412-ff7635e227e9,Ferry Yadinata,Saya kasih 3 dl y..aplikasi jarang bunyi disaat orderan masuk terimakasih,3,2021-10-31 20:09:27,0,"orderan, orderan masuk"
GrabMerchant,com.grab.merchant,6da06257-677b-4879-9343-eb7353120261,"Arief Nur Khayati, S. Pd","Sebenarnya membantu sekali. Aku ada keluhan yang sama dari komen yang aku baca. Setiap ada orderan HP ndak bisa nyala notifikasinya,padahal dipengaturan juga udah disetting ON. tahu ada orderan malah dari driver yg telfon. Sempat diomelin sama driver juga karena lama. Saya jelasin ke driver tapi dibilang cuma toko saya aja yg gini g ada notifikasi😤, sedih sebenarnya kalau ngecawin pelanggan dan driver karena notifikasi. Sarannya dong!!!!",3,2021-10-31 08:21:47,44,"orderan, driver, pelanggan"
GrabMerchant,com.grab.merchant,3dcdf3a9-95c7-4036-9caa-195ec195d853,Fitri Artikalia,"Saya sangat senang bergabung jadi merchant grab food tapi sering kecewa drever sering cansel pesanan bukan dari pembeli,Di Aplikasi satunya selalu lancar dan tak pernah cansel pesanan mungkin harus di perbaiki dan di kasih info ke grab drever bahwa pesanan orang akan kecewa baik dari pemesan dan merchant.Thank you",3,2021-10-30 22:37:10,0,"grab food, merchant, pesanan"
GrabMerchant,com.grab.merchant,a5e7c86e-a3bd-4fa5-ac24-599111dd7999,Echa Yeshi,Lebih bagus lagi kalo ada menu print struk langsung.. Biar gk pake aplikasi tambahan. Trustiap ada pesanan notif gk bunyi. Bunyinya pas buka aplikasi. Padahl setting sudah sesuai,3,2021-10-30 16:41:57,1,"menu, pesanan"
GrabMerchant,com.grab.merchant,93efec42-7755-4a50-a198-76323aece409,Trian Prasetyo,Mohon maaf admid.saya sudah lama juga bermitra dengan grab.di usahakan ulasan pelanggan di hilangkan.karna gak semua ulasan konsumen sportif.bisa benar2 penilaian bisa juga tidak.bisa juga dari driver masuk ulasan dll.biar lah konsumen yang merasakan dan memilih sendiri resto nya tanpa pengauh ulasan konsumen.jika konsumen cocok dan suka dengan produk resto pasti order lagi.jika tidak y sudah gak order lagj.gitu aja di bikin gampang.dengan tanpa pengaruh ulasan konsumen.suwun,3,2021-10-30 08:18:57,0,"resto, order, driver, pelanggan, ulasan pelanggan"
GrabMerchant,com.grab.merchant,cc173a70-04e6-470d-9e3e-9795b1f755c8,Cemplon Brave,Mempercepat transaksi warung dengan pelanggan,3,2021-10-29 16:56:24,0,"warung, transaksi, pelanggan"
GrabMerchant,com.grab.merchant,44c53e86-ce54-4c18-873b-d685aae2f72e,Fafa Xie,"Kalo bisa masa diskon kilat yang 10.10 atau 11.11 diperpanjang agak lama ,, jangan hanya 3 hari ,, trimakasi",3,2021-10-26 14:51:36,0,diskon
GrabMerchant,com.grab.merchant,bb5273d6-e96e-46e3-896c-85ae5dc4bec0,warsono war,fitur masukan/ulasan pelanggan sangat merugikan merchant/resto krn pihak resto tdk bisa membalas/memberikan penjelasan shg sangat rawan utk menjatuhkan performa resto .,3,2021-10-26 02:15:50,2,"resto, merchant, pelanggan, ulasan pelanggan"
GrabMerchant,com.grab.merchant,3dc710e8-0ede-43ee-8e4f-3163ad512bd4,Teguh Hariadi,"Sinyal kencang padahal, ini aplikasi kadang close sendiri / ga bunyi notif nya. Tau² ada aja driver ngetok, perbaiki sistem saya ganti penilaian",3,2021-10-25 18:17:05,0,driver
GrabMerchant,com.grab.merchant,09957218-44be-4085-afb3-f67f2b359cfc,nurmauliani monro,Setelah di update suara pemberitahuan jadi tidak ada. Kasian drivernya ke resto makanan blm disiapkan.,3,2021-10-25 14:14:00,0,"resto, makanan"
GrabMerchant,com.grab.merchant,7db9d17c-6a92-4f2c-9c93-28cfe082b345,I ADA,"Tolong pihak yang terkait ini bnr2 merugikan sayah,padahal akun sayah blm aktip tiba2 ada abang grab mau ngambil pesanan ke sayah,alamat nyaah bnr ke tempat sayah,ini benar2 merugikan sayah grab,akun belum aktip tapi kok bisa ada pesenan.aneh",3,2021-10-25 14:09:19,1,pesanan
GrabMerchant,com.grab.merchant,a4d49ab0-cf4e-44b6-a4bb-6a7684feda99,papillon kaffe,"Halo min,mohon bantuannya dong update versi terbaru ko malah ga ada notifikasi dan suara nya, orderan jadi terhambat, driver marah2 juga. Mohon diperbaiki, padahal setingan di hp n di appnya udah bener g ada yg berubah tp ttp ga muncul notifikasi orderan masuk dan suara nadanya. 🙏🙏🙏",3,2021-10-23 19:08:21,0,"orderan, orderan masuk, driver"
GrabMerchant,com.grab.merchant,2535eb05-35f1-478c-8b8c-b9e4a3786d1c,ayam kosek Panjiwo,"Sayangnya aplikasi tidak berbunyi saat orderan masuk jika Aplikasi sedang tidak di jalankan, padahal sudah resto pilihan yang di mana harusnya driver sudah bisa tinggal mengambil orderan jadi harus menunggu karena aplikasi tidak tanggap saat orderan masuk!",3,2021-10-23 12:07:07,0,"resto, orderan, orderan masuk, driver"
GrabMerchant,com.grab.merchant,eafe998e-0eb7-4f4c-8f5e-f3d0b64f2ae4,Vivi Aprilia,"Kak knpa notifikasi di aplikasi saya gak bunyi,,tau2 driver Dateng ..dan akhirnya driver ngotot ngoceh2 ngomongin hanya resto saya aja yg GK bunyi yg lain bunyi sampe maki2 mau ngomong ke driver yg lain jngan ambil orderran ke resto saya,,,padahal emng GK bunyi jadi gimana Dimau dikerjain saya aja GK tau....padahal aplikasinya nongol dan aktif dilayar hp saya ,,,mohon bantuannya kk..trimakasih sebelumnya",3,2021-10-23 01:23:52,9,"resto, driver"
GrabMerchant,com.grab.merchant,758eeaa8-9c3c-4698-a399-d3a732e5bc7a,Bm Sirat,"Baru bikin akun, terus mau validasi data, masukin menu,dll eh malah keluar2 mulu aplikasinya. Ini kenapa ya?",3,2021-10-22 18:34:10,0,menu
GrabMerchant,com.grab.merchant,9fb17cf3-30b1-4425-95d0-82a2597a195f,Dimas Jawir,"sudah 4 hari saya tidak menerima pesanan sama sekali, ada masalah apa ya padahal saya cek di ulaasanpun gk ada masalah apapun dari costumer mohon bantuanya🙏",3,2021-10-21 01:34:19,0,pesanan
GrabMerchant,com.grab.merchant,d94a2272-9a2e-4294-ab3f-b38510060bbb,Sari Sairoh,"Notifikasinya suka telat muncul, driver sudah sampai di toko baru ada notifikasi. Mohon diperbaiki, karena driver suka marah-marah ke toko karena pesanan belum selesai dibuat.",3,2021-10-20 20:01:47,3,"pesanan, driver"
GrabMerchant,com.grab.merchant,c082102b-9d20-4ca0-82aa-a91ee90e105f,Ardo Syaputra Hamzah,Notifikasinya gak bunyi jd gak tau klau ada pesanan tau tau driver nya datang jd binggung,3,2021-10-20 12:23:26,0,"pesanan, driver"
GrabMerchant,com.grab.merchant,381bc412-8860-4439-9c37-f0774c0733aa,Texas Angels,"Halo kak, aplikasi grab merchant saya kenapa sih kok ga bisa terima notif orderan masuk?? Tau"" driver sudah sampe di lokasi pick up, pdhl di setting aplikasi sdh sy on kan semua. Dan orderan bisa masuk klo sy stand by di aplikasi baru notif di hp bisa bunyi. Tolong di bantu atas keluhan kendala saya. Thanks",3,2021-10-20 08:44:04,41,"merchant, orderan, orderan masuk, driver"
GrabMerchant,com.grab.merchant,e022fc25-5514-4301-802c-65a46f3953e8,Agus Riski Stiawan,"Coba d tingkatkan lagi untuk notifikasi pesanan datang ,.. Yg lain sudah bagus trima ksh ..",3,2021-10-20 08:29:27,0,pesanan
GrabMerchant,com.grab.merchant,57f0f117-59e7-4f03-90e5-e5093dddba8f,Vanny Lia,Pada versi terbaru tidak bisa liat ulasan pelanggan. Dimenu apa ya untuk melihatnya ?,3,2021-10-19 08:38:31,0,"pelanggan, ulasan pelanggan"
GrabMerchant,com.grab.merchant,963a5072-5da9-479c-ade9-e8e3bcc051c5,afifu kaya,Banyak driver yg gak sabaran antri. Andai bisa ada kolom aduan untuk driver :(,3,2021-10-18 15:39:36,0,driver
GrabMerchant,com.grab.merchant,632af766-e6bf-4b45-b657-014d593ad407,Taufik Hidayat,makin kesini malah makin gk jelass orderan selalu telat gk ada notif tau2 driver dateng aja.... tolong di perbaiki lagi kasihan drivernya jadi nunggu lama dan custamernya,3,2021-10-16 19:17:36,0,"orderan, driver"
GrabMerchant,com.grab.merchant,39d29bc8-9e8b-4f99-8ca9-8c90b41fc9c1,BONNIE TAROT,"parah min, grab merchant eror melulu, malah hp saya hang total, ada orderan nggak ada notification, tahu2 driver datang, mau masuk ulang susah eror terus , dah orderan sepi banget cuma sibuk dengan apps maaf ya ....time is money .please be batter",3,2021-10-16 12:15:34,2,"merchant, orderan, driver"
GrabMerchant,com.grab.merchant,05a58288-76f3-477f-909d-45135fd9010b,Nur Jubaedah,"Kenapa ka skrg nlpon call center grab ga bsa terhubung sama customer service, saya sebagai mitra kesulitan untuk merubah alamat toko, dokumen udah dikirim lewat email masih belum diproses aja. Mohon kerja samanya",3,2021-10-16 10:38:34,0,"mitra, customer"
GrabMerchant,com.grab.merchant,365cebac-a7ea-4899-abe9-f247ad401738,Ayu Wandira,"Saya suka sama aplikasi grabmerchant, tp tolong dong klo ada pesanan notif nya bunyi, masa hrs drivernya telpon dl ke qt br notif pesanan masuk☹",3,2021-10-15 09:05:43,0,"pesanan, pesanan masuk"
GrabMerchant,com.grab.merchant,5e667028-2ea4-4bea-a248-719a8cb6d158,Yuli Raeni,Kenapa ya udh apdate jadi gada notif di atas bahwa kedai saya sedang buka? Tolong di di bales biar saya paham,3,2021-10-15 00:43:39,0,kedai
GrabMerchant,com.grab.merchant,3e2b2bdc-8eff-424c-8eae-2a16ae81ba6e,Mila Syihabulmillah,"Maaf dikasih bintang 3, saya benar-benar dibuat kesulitan ingin merubah data rekening & bank yang terdaftar untuk resto saya, tapi ketika kirim gagal terus bilang terlalu besar dll, sementara giliran dikirim via drive, admin grab merchant bilang ngga bisa dibuka karena berbentuk situs. Tolong dong min kasih kemudahan untuk merubah segala sesuatunya jangan ribet ya. Dan kalau ada orderan masuk itu ngga kedengeran dan ga tau sama sekali kecuali kita di telpon driver, cukup membuat kewalahan. Tks",3,2021-10-14 22:45:13,21,"resto, merchant, orderan, orderan masuk, driver"
GrabMerchant,com.grab.merchant,6cd5c624-abc8-43f4-8544-de2384226de7,Yanna Sufrihatin,saya baru mau gabung sama grab merchant. sebenernya step2nya udah jelas cuma gabisa upload foto toko di point informasi toko. gagal trus. knp ya? mohon bantuannya 🙏. ga ada keterangan knp gagal.,3,2021-10-14 16:17:50,3,merchant
GrabMerchant,com.grab.merchant,362a95c9-c9a1-446c-ba5d-97cd7e72b5b7,Dony Purwocahyono,grab merchant yg terhormat kenapa semakin hari semakin bulan. kondisi notifikasi dan pemberitahuan penjualan. serta pemasaran produk semakin sepi. perbaiki sistemnya semakin lama semakin buruk.,3,2021-10-14 15:14:55,0,merchant
GrabMerchant,com.grab.merchant,760ca77a-8bce-4be1-9300-9a6c6dad4e98,Siti Masturoh,"Bunyi notifikasinya tolong seperti sebelumnya aja, bunyi dulu baru driver dateng...🙏",3,2021-10-14 14:38:53,0,driver
GrabMerchant,com.grab.merchant,4173e391-cf12-4eef-8ab9-845e779d36a1,wie cristie,"Orderan blm diterima, notif gak ada, gak bunyi...driver sdh datang... Hrs nya dibikin orderan ^diterima^ Atau orderan ^ditolak^ Jd gak kalang kabut...apalagi menu tinutuan kan harus fresh...kasian kan kalo driver nunggu lama²...😑",3,2021-10-14 11:32:12,0,"menu, orderan, driver"
GrabMerchant,com.grab.merchant,5c4ac74f-150b-4abb-8286-4d89c4492f31,Parni Sumaini,"Cukup baik,,dan bisa membantu nambah pendapatan",3,2021-10-14 09:19:34,0,pendapatan
GrabMerchant,com.grab.merchant,811e91ad-8548-461d-91af-ca1d508a8dfb,Resto Tempo dulu,Kenapa akun sya tidak bisa masuk...padahal email dan paspor sudah benar... Di akun penguna sudah terbit .. Bagai mana nanti ada order masuk,3,2021-10-14 06:10:27,0,order
GrabMerchant,com.grab.merchant,f03461ed-70ca-41dd-8d68-f316e02eae9a,puput agus,Semoga segera di perbaiki kalau ada pesanan biar ada notifnya,3,2021-10-13 17:33:40,0,pesanan
GrabMerchant,com.grab.merchant,c54d5423-8b6a-4a00-bb8d-d13e164feb5b,Asti Plosokandang,Lama bgt nunggu aktif resto Udah di sms suruh tanda tangan kontrak eh sampe skrg gak ada email masuk.. Di chat suruh cek terus.. Capek dehh,3,2021-10-12 20:11:19,0,resto
GrabMerchant,com.grab.merchant,6f372489-e002-488a-8d3e-8f73c12fa075,Pazli SE,Susah daftarkan outlet saya daftar di gojek aja .udah ini persyaratan banyak sekali,3,2021-10-12 08:43:05,0,outlet
GrabMerchant,com.grab.merchant,7d17074d-9152-49d1-8048-c7f8df37fe5c,Aina Syuhada,"Selamat siang, laporan transaksi perhari kok tidak ada? Biasanya dibulanan ada setiap tanggal kalau ada transaksi. Transaksi saya hari ini ada orderan kok tidak ada muncul? Aduuh gmn ini.",3,2021-10-11 12:43:35,0,"orderan, transaksi"
GrabMerchant,com.grab.merchant,6533a782-913f-4059-bdee-f2fbc27cf5f7,Eryton Januardani,Di email grab merchant saya sudah siap. Tapi di aplikasi belum siap. Masih belum muncul menu. Tapi orderan bisa masuk ke driver. Sedangkan merchant saya tidak ada. Mohon kalo seperti ini kontak siapa?,3,2021-10-11 10:32:06,0,"merchant, menu, orderan, driver"
GrabMerchant,com.grab.merchant,9d6d384c-75f6-46f5-ae78-adde796c177e,Fiko,"Tambahin balasan ulasan dong... Banyak pelanggan memberi ulasan yang tidak pantas, saya sebagai pemilik resto merasa kecewa",3,2021-10-10 22:57:18,0,"resto, pelanggan"
GrabMerchant,com.grab.merchant,f7581b00-4314-4090-aff4-0317bccc02b4,indri suciati,Mohon diperbaiki ya min. Setelah update sering ga muncul notifikasi padahal apl sdh standby. Lambang diatas jg hilang. Notif masuk bunyi setelah apl dibuka dan notif nya berulang2 padahal sdh disetel tdk berulang. Akibatnya akun sy sering kena pembatalan orderan baik dr cust maupun driver. Dan penahanan order sementara dr pihak grab.,3,2021-10-10 21:05:37,6,"order, orderan, driver"
GrabMerchant,com.grab.merchant,11efa353-55a5-4b5d-a16a-e44b8b600dca,ekos21,dengan grab merchant alhamdulillah jualan sya cukup terbantu dg orderan yg cukup setiap hri.nya,3,2021-10-10 17:38:02,0,"merchant, orderan"
GrabMerchant,com.grab.merchant,d96354ae-4a56-4219-8076-82adf108db24,Belanjamurah Salad Buah,"Tolong untuk fitur masukan diberi kolom agar resto bisa memberi respon atas rating pembeli. Jangan sampai pembeli sewenang-wenang memberi rating bintang 1 krn kurang dingin atau karena wadah makannya tidak sesuai keinginan nya, resto jadi kena dampak buruk turun rating nya",3,2021-10-10 16:55:44,2,resto
GrabMerchant,com.grab.merchant,b7b35889-5693-4077-907d-8da1a9ed63b8,yusran barata,Kalau ada orderan suara notifikasinya tidak bunyi .. mohon petunjuk makasih 🙏,3,2021-10-10 15:16:15,0,orderan
GrabMerchant,com.grab.merchant,220e015a-1ab4-4f48-8aec-1e0fb2bc06f4,Miaw Boba,Mantapp app nya pesanan ga ada yang masuk sekali nya masuk pot nya besarr 🤣🤣semoga bisa lihat dan bisa adil,3,2021-10-08 19:47:35,0,pesanan
GrabMerchant,com.grab.merchant,41aff2c4-fa25-4cc0-b06e-e0a290a96e7b,cak ipol,"Aplikasi nya gak bunyi kalo ada orderan, trus aplikasinya tiba-tiba di matikan dari kantor sedangkan ada orderan masuk, dan akhirnya nya ada pemberitahuan bahwasanya cancel dan posisi aplikasi, dalam keadaan terima lagi Saya jadi rugi",3,2021-10-08 13:41:25,0,"orderan, orderan masuk"
GrabMerchant,com.grab.merchant,d0962395-6355-404a-beb4-855ac3740ae2,Sdr Property,"Updatean baru ko malah sering error' ,ga ada notifikasi n suarany kecuali appnya dibuka baru muncul notifikasi nya. Padahal setingan dah bener di hp, hmmm orderan jadi telat terus,g bisa naikin bintang",3,2021-10-08 12:34:16,0,orderan
GrabMerchant,com.grab.merchant,232857a3-8182-4f40-a987-dbfe13a52658,gilang permatas4ri,"saya sudah daftar grab food,sudah di tlpn pihak grab 1 bulan yg lalu..juga udah tanda tangan kontrak. tiap hari dapat email penjualan 0.. tapi aplikasi grab merchant saya, tidak bisa di gunakan.padahal saya login email yg sama saat daftar dan yg di hub grab.keteranya di aplikasi pendaftaran belum komplit, lengkapi sekarang.sedang warung saya udah muncul di aplikasi grab.jadi saya diamkan lah. orang gk bisa di apa2in keterangan pendaftaran belum lengkap gk muncul menu apapun di aplikasi.",3,2021-10-08 08:27:09,7,"grab food, warung, merchant, menu"
GrabMerchant,com.grab.merchant,d619d981-bd33-48a7-81b9-9d166591fb00,Putri shop,"Kadang error aplikasi driver dateng br bunyi pas dilihat notifikasinya, kl driver ga sabar ywdh suruh cancel aja,tp kita sudah pegang no tlp customer dr aplikasi..kita hub kembali buat order lagi bhwa mkanan sudah siap ,sy sdh sering bgtu ""jd ga usah pusing mikirin driver yg ga Sabar nunggu""",3,2021-10-07 21:55:05,0,"order, driver, customer"
GrabMerchant,com.grab.merchant,e2925ddb-ea3e-4974-a7dc-2dd26d1f4a0e,Cynthia fayola Channel,mhn di perbaharui grabmerchant nya. soalnya kl ada pesanan msk gk ada bunyi/pemberitauan. kan jd lama kl da dtg drivernya ...mau tunggu lg.,3,2021-10-07 18:58:06,0,pesanan
GrabMerchant,com.grab.merchant,9e946568-dc48-4be0-ab0a-ce56c13c55e0,ISKA WIDAYANI,"Keluhan sama dengan yang lain terkait aplikasi jika tidak dibuka tidak mengetahui kalau ada pesanan, mohon ditingkatkan kembali",3,2021-10-07 15:09:50,0,pesanan
GrabMerchant,com.grab.merchant,0dd98d3a-4701-4f2a-ae17-5cdcc0a7b76f,saifuddin zakaria,"Kenapa notifikasi pesanan sering banget tidak muncul ,tiba2 driver udah muncul dikedai dan marah2 karna nunggu pesanan terlalu lama. Tolong diperbaiki dong",3,2021-10-07 09:37:28,0,"pesanan, driver"
GrabMerchant,com.grab.merchant,b73ceb10-5c03-4a3f-8ac7-5f3126bfc767,Sutrimo Trimo,"Logo overview grab hilang , ada pesanan tidak bunyi(tiba"" driver datang) bukannya gimana ini pakai tiga aplikasi grab gojek sopy, jadi gak bisa terus on di apk grab",3,2021-10-06 16:40:18,0,"pesanan, driver"
GrabMerchant,com.grab.merchant,86af237b-da48-4506-8543-686ee3824847,nurul qoyimah,Pesanan selalu telat masuknya dan sy mau msuk aplikasi selalu susah gak bisa2,3,2021-10-06 05:07:56,0,pesanan
GrabMerchant,com.grab.merchant,58e2fc70-52b6-4ecf-878d-8ecee95e8466,alim effendi,"Melanjutkan update menu yang kemarin saja,jangan tiap hari nyala semua",3,2021-10-05 09:57:28,0,menu
GrabMerchant,com.grab.merchant,1490c187-8b0e-4b99-9511-afa4acd45a5e,Ilyas Team,"Setelah di update notifikasi nya kok telat pesanan udah nyampe,notifikasi pesanan baru muncul",3,2021-10-04 12:52:15,0,pesanan
GrabMerchant,com.grab.merchant,c3253415-7fe6-4c42-a5b4-c8cfbe128e7e,ASAL pidio,"Gila dah ini..udah 2 bulan ini aplikasi gua pake tapi gak satupun ada orderan..tiap hari cuma dikirimin ringkasan penjualan doang yg jelas nominalnya NOL,!!!!! Emang mendingan yg ijo satu lagi sama si oren... Parraah parrahh.....sabar aja lahh..",3,2021-10-04 11:27:20,20,orderan
GrabMerchant,com.grab.merchant,a1109bbb-9c44-479c-9c98-20fd54fdafaa,Toni Chandra,"Kok resto saya gak dapet2 orderan ya dah seminggu di grebMerchant,tolong di bantu min",3,2021-10-04 04:41:36,0,"resto, orderan"
GrabMerchant,com.grab.merchant,b4786f01-fc40-4e6a-9c88-a683c935ac38,Inggrid Wang,Aplikasi sy sdh trupdate namun tampilan msh yg lama. Dan tidak ad kolom pencairan dana. Tlg di update thanks,3,2021-10-03 11:43:04,0,pencairan
GrabMerchant,com.grab.merchant,f39e80dc-ee8f-42b9-97a9-8910e8d1e118,Aerospace Keychain,"Alhamdulillah sudah sesuai ekspetasi, banyak yang sudah bisa di edit tapi masih disayangkan karena tidak bisa mengatur (switch on/off) ketika warung kita tutup tiba-tiba",3,2021-10-02 20:11:24,0,warung
GrabMerchant,com.grab.merchant,fdb6862c-0901-4708-8c1a-b369584c4371,Mirza Barker,"Oalah min ini mau jualan susah amat aplikasinya error mulu, gak bisa standby kyk gofood gtu bantu perbaiki lagi aplikasi nya min",3,2021-10-02 10:40:42,0,gofood
GrabMerchant,com.grab.merchant,2bb10681-3ed3-4a39-b81d-d730bddcd35e,Arkha Pratama Anugrah,"Tolong munculin notif nya dong pdhal udh abis di buka, kadang orderan masuk harus buka apk dlu ksian drivernya harus nya udh di buatin tau nya apk baru bunyi",3,2021-10-02 10:33:48,0,"orderan, orderan masuk"
GrabMerchant,com.grab.merchant,9d09a92f-c94a-482f-85c7-466ef8fe2003,Mutia Anggiani,"Koq setelah di update ga ada notif grab merchant yg selalu standby kaya gobiz ,apa hrus trus di buka app nya ya?",3,2021-10-02 09:29:31,0,merchant
GrabMerchant,com.grab.merchant,fb172ab1-0cf8-40de-8e8e-78b2d465318f,Naila Andieni,"Gimana ya,kecewa tapi sabar,kenapa admin grab food ini apa ngk lihat kami buka 24 jam,masih juga ngk ada order yg masuk ke resto kami,..bantu kami dong,apa map lokasi kurang akurat ya,kok ada yg cancel,tidak menemukan resto mana order sepi..",3,2021-10-01 23:56:35,0,"grab food, resto, order"
GrabMerchant,com.grab.merchant,018b3c6c-bd06-4cca-95ed-da1c58f04a7d,Lulu Djohan,Ada orderan batal yg nyangkut di driver nya gak pick up sampai baru besok dibatalkan sedangkan food sudah disiapkan tetapi tdk ada kompensasi dari grab tidak otomatis di tangani tdk seperti aplikasi yg satu lagi kalau ada orderan batal dari driver langsung di tindak lanjuti Mohon solusinya agar diberikan kompensasi pembatalan Krn sdh beberapa terjadi,3,2021-10-01 11:34:32,1,"orderan, driver"
GrabMerchant,com.grab.merchant,abf74e64-6eb2-4246-9e15-ef747f4afcce,Bebek Indra,"tolong diperbaiki aplikasinya ya, karena setiap ada orderan harus dibuka dulu aplikasinya baru ketahuan ada orderan, notifikasinya gk pernah muncul 🙏",3,2021-09-30 19:08:35,0,orderan
GrabMerchant,com.grab.merchant,274a5441-aeab-4998-b263-e89bec4e3b73,Haltab Frozen,Awalnya bagus gg ada masalah. Sekarang notif pesanan tidak bisa masuk kalo aplikasinya tidak di buka. Nnti kalo ada driver datang baru kita cek dan baru masuk list orderannya . Kadang tidak enak sana driver karena harus menunggu. Tolong dong di perbaiki lagi sistemnya. Kami sangat apresiasi untuk aplikasi ini. Makasih.,3,2021-09-30 08:19:55,43,"pesanan, driver"
GrabMerchant,com.grab.merchant,3a71974f-2a4c-49b2-a666-152ee189aeb3,Peci Kusam,"Alhamdulillah aplikasi'a membantu... cuma sdikit masukan... agar di kasih sistem pop up... biar klo ada orderan atau notif lgsung msuk... ini keseringan ktika hp mati, gk ada bunyi'a sama skali, TOLONG DI RESPON",3,2021-09-29 18:39:27,0,orderan
GrabMerchant,com.grab.merchant,eea7c719-5e31-408b-b07a-23cd76fe42de,Dimaz Aw,Gan saya mau nanya donk saya kan mau ganti nama resto saya tapi pakai halaman depan perjanjian ... Nah perjanjian itu hilang dari email trus saya harus gimana ia makasih...,3,2021-09-29 11:06:05,12,resto
GrabMerchant,com.grab.merchant,f88e1360-54d8-4f81-81e8-0914ab78d2bb,LEGIT Manisan,Gak tau gmn cara kerjanya grab kok seenaknya bgitu. Tiba² pelanggan dpat memakai promo. Tanpa kita ikut promo. Benar² merugikan merchant,3,2021-09-29 07:46:34,0,"merchant, promo, pelanggan"
GrabMerchant,com.grab.merchant,208785aa-ac91-4156-873f-685a2e8603ac,Eko Adji Soebijantoro,Sudah dipotong 20 % untuk komisi kok masih ada lagi biaya pemesanan 3000 setiap kali order..sangat memberatkan buat UMKM,3,2021-09-28 12:36:10,0,"order, komisi"
GrabMerchant,com.grab.merchant,954afe39-08f9-4402-a36e-f3e835483ca1,Melani Puspita,kalau mau login gak bisa saya harus donwoload grabmerchant versi 3.1.1 baru bisa Loginn.Kenapa grabfood merchant saya kalau mau buat promosi gak bisa dan gak muncul tulisannya sama kalau ada pesanan gak masuk tapi nanti kalau pesanan dianter ada tulisannya,3,2021-09-28 11:20:24,0,"grabfood, merchant, pesanan"
GrabMerchant,com.grab.merchant,cdebdb80-be5f-485b-8292-9ef1c415b890,Christin natalia,Sudah 2 bln gak ada orderan masuk.. knapa ya.. apa resto aku gak terlihat orang atau ada masalah sm aplikasi grabmerchant aku ya.. mohon penjelasannya dong,3,2021-09-27 17:00:43,0,"resto, orderan, orderan masuk"
GrabMerchant,com.grab.merchant,49eba65a-3240-4da1-b667-5d3750f34ec7,Shatria Dana,"Ketika sudah pembaruan app GrabMerchant Kenapa GrabMerchant sekarang tdk bisa login dgn akun google ? Saya sudah coba untuk login email & no hp akan tetapi .. tampilan berbeda , bisa masuk tapi tampilan berbeda saya tdk bisa mengatur jam operasional, mengubah menu ,dlln mohon untuk di berbaiki lagi",3,2021-09-27 15:27:12,10,"menu, jam operasional"
GrabMerchant,com.grab.merchant,fbfd086d-13e5-48b1-9769-805484ea24ac,Iswandi Pratama,"Mitra Driver perlu di training lagi bagaimana etika cara yg lebih sopan dan ramah saat memesan makanan, karena pernah saat karyawan saya sedang membuat pesanan dan sedang ramai oknum driver marah marah tidak mau antri sedangkan prosedur di outlet kami pesanan di proses sesuai antrian masuk!!!",3,2021-09-27 15:26:25,0,"mitra, makanan, pesanan, driver, outlet"
GrabMerchant,com.grab.merchant,3249c603-484c-4dab-aa3c-4472bea10c8a,Keong Racun,"Grab merchant saya knpa ya.? Ada orderan masuk k kurir, tpi k akun sya tidak ada pemberitahuan... Kira2 knpa ya.?",3,2021-09-26 21:00:37,0,"merchant, orderan, orderan masuk, kurir"
GrabMerchant,com.grab.merchant,fef0b257-70b3-4753-b678-0bfe37cf065e,Rizal haris,"Ka kenapa engga ada notif pas ada orderan , tau tau driver depan rumah ngasih tau orderan :(",3,2021-09-26 17:32:40,1,"orderan, driver"
GrabMerchant,com.grab.merchant,086d10b9-33f9-434c-87d3-466dd05c56aa,riena harda,"Saya GrabFood merchant, orderan yg sudah saya siap kan dibatalkan sepihak oleh driver, padahal driver sdh sampai depan outlet.. Dan seperti nya komplain ke grab dipersulit karena disuruh ke pusat bantuan di aplikasi tp gk terbuka opsi apapun",3,2021-09-26 02:13:23,4,"grabfood, merchant, orderan, driver, outlet"
GrabMerchant,com.grab.merchant,b1e68bd0-bace-4044-8aeb-b27ffe25ead4,Harso Bsd,Kenapa warung saya selalu di bawah padahal yg terdekat tadinya rame sekarang jadi sepi,3,2021-09-26 00:31:55,0,warung
GrabMerchant,com.grab.merchant,364d3e69-5646-4b64-aa49-57138ca1057a,Gado-gado chanel,"Versi awal lebih baik. Bahkan hampir 99% tidak ada bug, tapi sekarang kadang di aplikasi sudah di tutup tiba-tiba buka sendiri dan akhirnya membuat customer kecewa karena kami cancel. Tolong di benahi lagi, dan saran saya untuk pihak merchant bisa membalas setiap ulasan dari customer karena belakangan ini pihak resto kami sering mendapatkan rating 1 dari customer.",3,2021-09-25 18:13:45,1,"resto, merchant, customer"
GrabMerchant,com.grab.merchant,e9000cde-2680-4996-be8a-975d79e6cde4,Babarafi Bintaro,Pesanan tidak bisa di lihat😭alhasil bang ojolnya marah marah karena blm kebikin....nunggu pinjem hp nya Abang ojol...tp ga ngerti juga😭😭😭😭,3,2021-09-25 15:52:16,0,pesanan
GrabMerchant,com.grab.merchant,1cdbe70c-05d5-40ae-af4e-ff82181a1d69,rilo guntur raharja,Halo aplikasi tidak bisa di buka kenapa ya stak hanya di logo saja. Ingin buka toko jd tidak bisa gimana ini,3,2021-09-25 14:23:42,0,buka toko
GrabMerchant,com.grab.merchant,889ed0fe-67db-4d8b-8fb9-51ef5df35075,yandi. agung,Update versi 4.35 terbaru kok tambah error tidak muncul indikator aplikasi grab merchant di atas layar hp.,3,2021-09-25 11:58:59,0,merchant
GrabMerchant,com.grab.merchant,7e1a95d2-5c21-44bd-bcf7-2aca543e18ab,Aditia Rahman,"Aplikasi nya gak muncul diatas bagaimana saya bisa tau pesanan masuk, gimana sih tolong perbaiki sistem nya...grab oh grab",3,2021-09-25 10:37:16,0,"pesanan, pesanan masuk"
GrabMerchant,com.grab.merchant,36b3cb56-f3a7-4642-9794-349fa1404dea,Ayu Anggita,"Ko grab merchant saya gabisa liat informasi toko saya ya?di bar utama cuma ada pilihan akun,pesan,sama beranda udh gitu doang polosssss ga kaya dicontoh app saat download, kenapa ya?",3,2021-09-25 06:17:30,1,"merchant, pesan"
GrabMerchant,com.grab.merchant,621d2215-2d95-4cbd-9432-772241ad49cc,Azam Alfaridzi,Sy SDH dapat email pesanan dibatalkan karna toko tutup tapi di aplikasi tidak ada grabfood sy dan tulisannya masih dalam proses.tp sy bingung kok dapat email pesanan y?,3,2021-09-24 18:35:27,0,"grabfood, pesanan"
GrabMerchant,com.grab.merchant,060bde73-5caf-470f-a0b7-51f3fb09e6bb,Phidth Chupidth,"Di aplikasi grabfood Merchant saya masih baru,dan kenapa di pesanan ada tulisan Merah tulisan.nya tutup,terus bagaiman tidak bisa di klik tombol.nya agar terbuka",3,2021-09-23 19:53:58,0,"grabfood, merchant, pesanan"
GrabMerchant,com.grab.merchant,cb4d16de-fb06-4b1e-b142-6000e831bf6d,Sop Dengkil Si Ba'a,"Kenapa semenjak di update ke versi 4.35.0 notifikasi pesanan masuk tidak ada, tahu2 driver udh dtg. Kita jadi kelabakan krn gk ada persiapan krn tdk ada notifikasi pesanan masuk.",3,2021-09-23 17:24:05,0,"pesanan, pesanan masuk, driver"
GrabMerchant,com.grab.merchant,179ecb0f-3a73-4542-8517-ecb75c09c26a,Lukman MH,"Kenapa resto di aplikasi Grab Food saya kok sama sekali tidak ada orderan yg nyantol sekali pun semenjak resto sy daftarkan kurleb hampir 6 bulanan? Mohon untuk dicekkan kembali. Nama outlet: ""Warung Nasi Goreng Gubrakk!!"". Lokasi surabaya. Terima kasih.",3,2021-09-23 17:19:46,0,"grab food, resto, warung, orderan, outlet"
GrabMerchant,com.grab.merchant,15ce8c6e-a4f9-4a2a-afa7-1e9c9d4d5f94,Maz L,"Apa bisa, nambah outlet dalam 1 aplikasi?",3,2021-09-23 10:17:38,0,outlet
GrabMerchant,com.grab.merchant,d09a1a8b-1fc5-412b-b8c4-b7261b788272,Putri Adibatur Rohmah,Pertama kali jualan .. warung masih 1-3 pembeli ... Tapi uang yg masuk gak ditransfer saama grab sudah beberapa hari garagara ikut grab Ads uangnya ketahan dan selalu kepotong tiap harinya .. misalnya dalam sehari dapat 50k nanti si grab ngambil 26k ... Sisanya diendapkan di ovo merchant ... Jadi modal kurang .. kejem banget ngak sih cara manajemennya...apalagi jaman pendemi 20k dah berharga banget buat mutar modal,3,2021-09-22 07:37:22,0,"warung, merchant"
GrabMerchant,com.grab.merchant,d1107c41-2862-4da7-825f-34b57c53d695,Dizky Novita Sari Dewi,"Hi grab n team. Tolong di perhatikan untuk mitra driver khusus untuk pick up orderan makanan Terkadang para mitra driver di keterangan aplikasi pengemudi sudah sampai.. pdhal kenyataannnya belum datang kadang sering driver ituh dateng ke restonya lama bisa sampe set jam lebih. Sehingga customer merasa orderan mereka di prosess nya lama di resto, padahal kenyataannya memang mitra driver yang lama datengnya akan tetapi mereka di aplikasi sudah geser orderan, dan bilang pengemudi sudah sampai..",3,2021-09-21 16:01:33,0,"resto, mitra, makanan, orderan, driver, pengemudi, customer"
GrabMerchant,com.grab.merchant,7a2139b4-f150-4ca8-8268-33fbc1b5a9ca,Cindy,Ka...kami kan resto baru..baru banget bergabung ka...sebelum ada rating rame lancar...setelah ada rating sertai detail nya...3 hari ini ga ada pemasukan sama sekali dari grab ka...tolong lah untuk detail nya jgn dikasih liat ka...kami ini butuh perputaran uang ka..sedih akutu,3,2021-09-21 10:23:08,11,resto
GrabMerchant,com.grab.merchant,f721f90e-b3e1-4ca4-8696-b8274df1939a,Isniii,Grab merchant gk bs diaktifin grabfood nya krna sudah lama vacuum...please kinda need some helps thx,3,2021-09-21 06:15:56,0,"grabfood, merchant"
GrabMerchant,com.grab.merchant,0576429c-2d48-49c8-aab9-9ba6871cf7da,Hanifah Jihan,Kenapa saya udah daftar grab ga ada untuk tambah menu dan pesanan ya,3,2021-09-19 21:10:10,0,"menu, pesanan"
GrabMerchant,com.grab.merchant,65bbb198-fa36-4359-8dd1-a6f5bd9250e4,Uci Ramadhani,Payah dapat orderan padahal semua promo sudah diikutin.,3,2021-09-18 16:02:58,0,"orderan, promo"
GrabMerchant,com.grab.merchant,e9417b65-18db-43a5-8ff5-f821d5e1a7ae,Rindu Aitin,Klo bisa pencairan d pagi hari jangan sore atau malem..biar modal bisa d puterin lagi,3,2021-09-18 10:38:49,0,pencairan
GrabMerchant,com.grab.merchant,48e0ecbc-cb9e-49d1-9593-90aeef086d7b,Alan Abdurahman,Kak kenapa akhir akhir ini pencairan Dana ke rek resto suka terlambat...ada jam 18.00 pernah sampe jam 23.00 apa karena petugas grab wfh atau sy resto kecil jadi tranfernya resto besar duluan yaa...,3,2021-09-17 21:48:44,0,"resto, pencairan"
GrabMerchant,com.grab.merchant,76c2f80d-9438-4dae-9d12-f5ae281ea33e,Tya Septya,"Ahir2 ni ntah kenapa bermula dr ada cancel orderan tiba2 orderan turun drastis bahkan ada bbrp x ga ada orderan sama sekali saya bingung apa yg salah, dan pembayaran sekarang sering banget telat bahkan sampe dua hari an baru msk itu pun harus d email berkali2",3,2021-09-17 21:01:54,0,"orderan, pembayaran"
GrabMerchant,com.grab.merchant,530eb7f3-e728-4260-a3ae-8166082fb449,agus sardiman,"maaf saya kasih bintang 3, hari ini saya kecewa sangat dengan grab. sudah 3 orderan dalam 2 tahun ini yg tiba2 di cancel sepihak dari customer/driver. sedangkan kami sudah menunggu lebih dari 1 jam lama nya, sadar2 ternyata orderan di cancel. lalu gimana nasip makanan kami? walaupun ada fitur refund, menurut saya tidak adil. seharusnya, bila pihak resto sudah pickup, tidak bisa lagi customer/driver membatalkan orderan. seperti aplikasi tetangga sebelah. jangan customer saja yg di manjakan! thx",3,2021-09-17 19:09:39,27,"resto, makanan, orderan, driver, customer"
GrabMerchant,com.grab.merchant,871ac48f-f176-44d0-9b9e-22b7ee769570,Dwi Lestari,"Halo saya cek di grab merchant kenapa tdk lengkap ya??, Hanya ada 3 tombol d bawah,padahal sdh buka di grabfood???",3,2021-09-17 07:36:57,0,"grabfood, merchant"
GrabMerchant,com.grab.merchant,5b378013-787b-4195-b76c-b7f52b04f828,Happy Ceriati,"Tolong solusi untuk orderan yg dibatalkan sepihak dari konsumen ataupun pengemudi, karna orderan masuk kami pasti langsung buat kan terus kalo tiba tiba di batalkan bukan nya untung malah kami rugi. apakah tidak ada kompensasi buat merchant utk orderan yg dibatalkan. Mohon solusi nya agar kami tidak dirugikan ... Terimakasih",3,2021-09-16 22:19:48,0,"merchant, orderan, orderan masuk, pengemudi"
GrabMerchant,com.grab.merchant,3eccea75-c7b8-4b90-8f68-03ae38b96217,Qiyas Althair,"ini gimana aplikasi belum aktiv, tapi udah dapat pesanan, mohon bantuan nya",3,2021-09-16 17:58:12,0,pesanan
GrabMerchant,com.grab.merchant,c8fca007-856c-4f1b-8f75-6efeca9c62ef,Kiyay Koko,Teruntuk team grabmechant tolong aplikasi nya di benerin.... Buka profil restoran GX bisa.....layarnya putih loading terus di tunggu lama GX berubah..... Sinyal bagus paketan ada tapi GX tau apanya yg kudu di benerin.... Masih aja loading GX selesai selesai.... Tolong team grabmechant,3,2021-09-15 14:48:49,0,restoran
GrabMerchant,com.grab.merchant,0489ddd0-1466-4b81-b714-e1bdd6aa197d,Nono Nono,Resto sya jarang dapat order min hehe,3,2021-09-14 17:31:54,0,"resto, order"
GrabMerchant,com.grab.merchant,45d7eb9c-1193-4628-b3f3-d4c34ca75f15,yana laluna,Mohon solusi..klo ada pesanan masuk GK ketahuan/gak bunyi klo hp LG GK dipegang..aplikasi harus selalu dibuka baru ada bunyi orderan masuk..,3,2021-09-14 17:01:58,0,"pesanan, pesanan masuk, orderan, orderan masuk"
GrabMerchant,com.grab.merchant,5db7bc87-573e-4c64-bc06-405d58940e1e,Cipta Mahardhika,CARA BIKIN RESTO MERCHANT JADI PORTAL GIMANA?! SAYA SUDAH BERKALI-KALI MENCOBA SELALU GAGAL!,3,2021-09-13 21:17:49,0,"resto, merchant"
GrabMerchant,com.grab.merchant,92a5353d-90ef-4682-ab8d-e24073e03e9e,Novrian Puspita,"Tolong bagi driver yang sering membatalkan pesanan sudah selesai dibuat, langsung membatalkan tanpa konfirmasi apapun ke toko, langsung di suspen seperti aturan grab yg dulu.agar tidak merugikan toko di grabfood",3,2021-09-13 20:18:43,1,"grabfood, pesanan, driver"
GrabMerchant,com.grab.merchant,de67e229-b9fb-45f4-a3de-b3fcfdf3fec5,X-MULYA CHANNEL,"Tolong di perbaiki,,saya udah 2 kali minta perbaikan lokasi toko saya di aplikasi gk sssuai titik,,padahal saya liat di maps pada aplikasi grabbmerchant udah benar titiknya,,tapi kenapa driver nyasar ke titik yg itu itu lagi,mental hampir 1 kilokilokilo",3,2021-09-12 17:51:31,1,driver
GrabMerchant,com.grab.merchant,1c946166-e9d9-445a-aecf-b9b9d0c19873,Sri Dilan,Saya beri bintang 3 dulu lah... belum dapat orderan soalnya,3,2021-09-12 10:38:27,0,orderan
GrabMerchant,com.grab.merchant,fb352b0f-7511-4c65-bb8c-f91a7140a674,Acil Brehoyy,Sangat membantu.. untuk makanan yng udh d buat terus d batalkan sama driver itu ada ganti rugi nya apa gimana ??,3,2021-09-11 14:29:41,0,"makanan, driver"
GrabMerchant,com.grab.merchant,b6d2b95d-3127-4ea0-bedf-705ab68b6ede,Rofi Pareno,"Akun Grab Merchant saya blm bisa digunakan? Apa harus nelfon Grab Centre ke nomer lokal? Saya gak punya pulsa nelfon, berkali2 email ya blm bisa gunakan utk masuk akun Grab Merchant saya, gmn?",3,2021-09-11 10:11:59,1,merchant
GrabMerchant,com.grab.merchant,0afc9607-26b1-4702-bc3d-e8a1f2e672a2,2DNA3 EVENT,Pencairan nya lama sekarang,3,2021-09-10 23:29:55,0,pencairan
GrabMerchant,com.grab.merchant,cd9c11fa-8e27-4481-8347-7de05d16fff6,sushinaru blogspot,"Harusnya dibuat multiple login untuk memudahkan staff resto take order, apalagi kalo lagi numpuk orderan jadi tidak tergantung dengan 1 hp untuk akses orderan. Cuma app ini aja yg single login. Yg tetangga pada bisa.",3,2021-09-10 20:17:26,1,"resto, order, orderan"
GrabMerchant,com.grab.merchant,ac01605f-6290-4aae-8ceb-926459723bc6,Iwan Hoffmann,Kadang saya jengkel bangeett.... Nada notifikasi Grab lambat... Kadang yg duluan datang Driver.... Driver nyampe nanyain makanan dah jadi belum.... Gedeg jd'y .... Kenapa ya harus driver dan bunyi notifikasi sllu berbarengan sama driver'y ..? Harus'y gini bunyi trs makanan di buat baru pencarian driver.... Dari pihak aplikasi tolong notifikasi lebih sensitif kaya Gojek....,3,2021-09-10 19:37:49,0,"makanan, driver"
GrabMerchant,com.grab.merchant,09a184da-010f-4d9f-98ed-cfabe1afb292,Es Teh,"Saya mau bertanya, kenapa saya tidak bisa buka akun grabmerchant di grabmerchant portal. Selalu diarahkan ke aplikasi. Penjelasannya fitur kasir hanya ada di app grabmerchant. Usaha yang sudah didaftarkan adalah GrabMart. Produknya banyak. Kalo bisa untuk mempermudah pengerjaan/pembuatan katalog baiknya menggunakan laptop/pc komputer. Karena kalau hanya bisa di hp, pengerjaan pembuatan katalog produknya bisa lama. Saya minta tolong bantuannya atau saran. Terimakasih.",3,2021-09-10 14:37:53,6,grabmart
GrabMerchant,com.grab.merchant,109f09c9-11fa-43d4-b82f-7d6012c349c2,Siska Rafika,Aplikasi Grab merchant tidak bisa update,3,2021-09-09 17:02:02,0,merchant
GrabMerchant,com.grab.merchant,af404352-5f99-4fd4-b5a7-db1bfcb15822,Kedai Mbak Win Mbah sis,"Sejak forum close kemaren sy bisa login tp g busa ke menu, HD g bisa liat orderan masuk 😞",3,2021-09-09 09:54:53,0,"menu, orderan, orderan masuk"
GrabMerchant,com.grab.merchant,6f8f6ed9-d504-4480-9225-1dd0cf54e272,novan april,"Mohon diperbaiki untuk notif di apps, saya sudah aktifkan untuk pesan kalo ada orderan masuk, tetapi setiap ada order yg masuk gak ada notif sama sekali, jadi keliatan restoran saya yg gk siap, mohon ini system di tingkatkan",3,2021-09-08 22:13:48,0,"restoran, order, pesan, orderan, orderan masuk"
GrabMerchant,com.grab.merchant,dfe08456-4637-4859-bda2-7d3c1457c1c8,Raziva Nur fitriani,"Pemberitahuan pesanan masuk tidak ada seringnya driver sudah di resto baru tau kalo ada pesanan,kasian driver terlalu lama nunggu,udah di update tetap saja tidak masuk,mohon diperbaiki",3,2021-09-08 21:41:12,1,"resto, pesanan, pesanan masuk, driver"
GrabMerchant,com.grab.merchant,bea321d9-6d23-4f55-a2ce-b0ffd624251a,Wilda Syifaul,"25 Juni 2021 ada org yg sengaja mau menjatuhkan resto saya. Org tersebut memberi ulasa ""PESEN NYA DI LINE PANDAN KEJU SUSU YG DATANG BIASA PUTIH KEJU SUSU"" Setelah saya cek orderan masuk di tanggal tersebut, ternyata tdk ada orderan masuk di tanggal tersebut. Ngasih rating ⭐ satu pula.",3,2021-09-08 21:34:20,0,"resto, orderan, orderan masuk"
GrabMerchant,com.grab.merchant,65a78715-3d6b-469a-93d0-bd12c52aa04a,Meld Saragih Saragih Sumbayak,"Komisi besar bnget , klo hrg mknan mahal g ada yg pesan, mesti di evaluasi min ,gmn resto2 yg kecil .memang aplikasi ini sangat membantu tpi klo komisi ny trlalu besar jga ksihan pdagang2 lain,ap lg klo ikut diskon yg d adakn d grab d biayai oleh pdang smua , ludes deh g ad sisa cm cpek doank , mohon d evaluasi min , thankssss",3,2021-09-08 14:07:40,0,"pesan, diskon, komisi"
GrabMerchant,com.grab.merchant,e08c8eed-a2f7-4148-bf40-3061f1add84c,salman Fariz,Halo saya ingin mencari bantuan ttng perjanjian mitra grabfood tapi tidak ada...mohon bantuannya agar saya dapat melihat perjanjian saya kembali dengan grab food..,3,2021-09-08 01:50:18,0,"grabfood, grab food, mitra, mitra grabfood"
GrabMerchant,com.grab.merchant,42d65439-cd86-4d51-ac31-4a527f6cc156,kevin andrean,Dulu grabfood membantu penjualan saya tapi sekarang harus terapkan iklan sedangkan klo kita aktip kan sebagaian besar pemasukkan untuk bayar iklan .. klo sih orderannya rame ini orderan nya sepi dalam 2 buln ini resto saya cm 2kli pemasukkan itu pun krna ikut iklan tpi penghasilan yg saya dpet bersihnya cm seribu rupiah setlah saya nonaktipkan iklan udah ga dptan orderan lagi .. hadeuhh ..,3,2021-09-07 23:25:06,0,"grabfood, resto, orderan"
GrabMerchant,com.grab.merchant,f315e0cf-3f4d-4343-b5fe-804e6235613b,Iyan Putra Galuh,"Saya sebagai pengguna grab merchant sekaligus driver grabbike Tolong dong masalah orderan jangan di bikin lambat masuknya,driver udah nyampe tapi orderan ke resto belom masuk....kasian buat drivernya jadi nunggu lebih lama Saran saya sih knapa gak di bikin kayak Gobiz,orderan masuk ke resto dulu baru ke driver",3,2021-09-06 19:58:14,0,"resto, merchant, orderan, orderan masuk, driver"
GrabMerchant,com.grab.merchant,9d79c164-4f28-40a6-8b1b-dbd4bf46b8f6,Lina Sumarlina,"saya pengguna merchant saya mau ganti nomer lama sama yg baru gimn carany ?? nomer yg lama ilang soalnya sama hp nya,terus saya mau dowlaod ulang aplikasi ga bisa ,teruus mau liat oderan sama tutup buka saya ga bisa tolong dibantu secepet nya soalnya kan otomatis buka ama tutupnya tolong dibantu Resto RUJAK ALIF antapani bdg",3,2021-09-06 16:37:06,0,"resto, merchant"
GrabMerchant,com.grab.merchant,57486b4b-1368-46f9-a82a-47237509b8bb,Rizta Yesi,Sdah sy coba Mash blm bisa k buka pdhal sdah 1bln lebih sy tunggu grabfood,3,2021-09-06 14:29:00,0,grabfood
GrabMerchant,com.grab.merchant,3179a593-d72a-43d6-ac35-2a6a9b4bb62c,Ersan Sofyan,Sy udh seminggu lebih daftar tapi kok blm terferivikasi..masih proses terus..bisa minta tolong di bantu proses nya biar bisa cepat buka toko di grab merchan..,3,2021-09-06 12:04:04,0,buka toko
GrabMerchant,com.grab.merchant,b3070110-206a-4ebd-9e6d-527aa1b81057,Amir makruf,tolong diperbaikin sistemnya biar driver gak seenaknya saja untuk membatalkan pesanan sepihak ini merugikan pihak penjual.. saya sudah sering kali di cancel dari driver . padahal apk ini sangat membantu kami penjual umkm kecil seperti ini.,3,2021-09-06 09:43:42,0,"pesanan, driver"
GrabMerchant,com.grab.merchant,3e4161b8-54ff-49f4-9825-9ad848c8fee6,eri noerjaman,"Untuk pihak grab suapaya adil untuk ngasih ulasan di resto, kalo driver bisa ngasih bintang atau ulasan ke resto, resto harusnya juga bisa ngasih ulasan buat driver , kadang beberapa driver ada yg sabaran pengen nya langsung jadi gak mau nunggu, ada driver yg kurang ramah, kalo resto lagi sibuk driver gak mau nunggu pengen nya dia dahulukan, padahal resto lagi sibuk, .. tolong di tambahin aplikasi yg bisa membantu untuk resto, ..",3,2021-09-05 18:24:08,1,"resto, driver"
GrabMerchant,com.grab.merchant,e8c9fc2b-febe-46c8-87af-f51b8c86cb4e,Sumarlina Lina,Untuk pihak grab..saya gak bisa veripikadi akun untuk aplikasi grabfood merchant saya padahal tinggal masuk doang..tolong bantuan nya,3,2021-09-04 17:11:27,0,"grabfood, merchant"
GrabMerchant,com.grab.merchant,74527a3b-3840-453e-a48b-a0f9e8eb9e5a,Datu Pamungkas,"Transferan lama banget sekarang. Biasannya maksimal jam 9 pagi sudah di transfer ke rekening, klo sekarang sering telat malah pernah jam setengah 12 malam baru di transfer. Apa2an sih duh bikin repot aja, kita resto kecil butuh dana buat belanja barang tiap hari. Tolong dong jangan telat2 mulu transfernya!!",3,2021-09-04 15:10:56,21,resto
GrabMerchant,com.grab.merchant,dd344839-7868-4dc8-9907-7367b90cd3e8,PUMKIN,Kok ga bisa ganti menu ya kak? Gimana caranya? Harga dan menu mau diganti gak bisa,3,2021-09-03 21:14:25,0,menu
GrabMerchant,com.grab.merchant,ca27f284-216e-44b2-8ffd-af9a14ffc64a,Sarah Faradina,Gmn ini ..grab saya sdh mendaftar grabmerchat dan udah dapat notip buat kode Qris ovo tapi apl masih menunggu 1.3hari kerja padahal sudah lebih dr 3hari kok masih g bisa juga ..jadi aprove apa gak ini mohon penjelasannya,3,2021-09-03 09:57:32,0,qris
GrabMerchant,com.grab.merchant,4d01ddd6-7ec6-42f3-a2de-41bc8fd779f0,Ibnu Adam,Pembayaran nya makin siang aja nih.. Dulu awal2 pagi udah di tf paling lambat jam 8. Sekarang siang atau sore baru di tf.. Udah jarang ada promo lagi ga kaya awal2.. Hhmm,3,2021-09-03 07:35:46,1,"promo, pembayaran"
GrabMerchant,com.grab.merchant,f3fd014c-f83a-4284-b50b-2472d895994c,Nur Anisa,"Saya mau mnta bantuan nya, aplikasi grab merchant saya tdk dpt menerima kode OTP. Bagaimana Ya.? Saya jdi tdk bsa buka aplikasi nya.. Pdhl nomor yang tertera sdh bnar... Mohon bantuannya?? Saya hubungi pihak grabmerchant nya jg tdk bsa.",3,2021-09-02 12:39:22,7,merchant
GrabMerchant,com.grab.merchant,0c143cf0-5abb-4d8d-a0ed-971dd02a72b9,リズカ,"tolong dong kita untuk berikutnya kita juga bisa memberi penilaian terhadap driver....makin kesini makin nggak ada etikanya...pesanan banyak, mintanya cepet....pake suka ngancem kasi rating 1....memangnya pesanan tidak di masak dulu...ini bukan restoran cepat saji... Sungguh driver2 sekarang banyak yang mengecewakan.",3,2021-09-01 17:02:15,0,"restoran, pesanan, driver, masak"
GrabMerchant,com.grab.merchant,791cce67-77a6-4a1e-8df5-46a6cc9b9bb1,Dendy Pradana,sudah 2 hari gk ada orderan masuk sama sekali.. ini kenapa akun saya apakah di Ban ?tolong dong benerin,3,2021-09-01 16:48:24,0,"orderan, orderan masuk"
GrabMerchant,com.grab.merchant,b9be749f-030f-4495-819a-c9cdef0102fb,Firman Ady Bagaskara,"sudah dapat email kalo akun grabmerchant sudah aktif, tp diaplikasi kok statusnya masih aktivasi ya gak ada opsi untuk pengaturan toko dan tambah menu. padahal di aplikasi grab konsumen sudah ada. mohon bantuannya",3,2021-09-01 14:17:26,0,menu
GrabMerchant,com.grab.merchant,5664cbd7-e4b6-4ba0-83d0-df4105ea6acf,Sesil Prizky,Diskon makanannya cuma bisa 1 ...,3,2021-09-01 09:48:45,1,diskon
GrabMerchant,com.grab.merchant,89be164f-b46c-4006-b42b-8f50aa7f610e,Selin Natalia,"Klu ada pesanan aplikasi nya tidak bunyi, nanti drivernya datang terus di buka aplikasinya baru bunyi",3,2021-08-31 16:05:30,1,pesanan
GrabMerchant,com.grab.merchant,721fc2f5-8c0c-424f-9e5e-24c128714d37,berni vanted,"Min tolong dong aplikasi grabnya di perbaiki lagi masalah nya, di saat orderan masuk tidak muncul beda sama aplikasi tetangga tanpa di stanby kan tetap bisa otomatis kebuka, satu lagi penonatifkan waktu tutup resto jgn pakai waktu, lihat tetangga sebelah kapan mau aktifkan aplikasi bisa kapan mati bisa kenapa cuma ada pilihan cuma satu hari, buat lapor ke aplikasi grabnya aja sulit, kita ini patner jgn di buat sulit, aplikasi jgn di buat sulit gak semua org paham, Terima kasih",3,2021-08-30 11:26:07,0,"resto, orderan, orderan masuk"
GrabMerchant,com.grab.merchant,90692a82-35aa-4aea-9e5a-20e29199b685,Yulia Salsabila,Tolong dong pencairan pagi dibawah jam 8 maximal Krn perlu bngt buat muter belanja dagangan lagi apalagi untuk pedagang modal pas Pasan terpaksa bukanya nunggu transferan . Seminggu ini dana ditransfer sore dan malam trs. Tolong bngt..tq,3,2021-08-29 14:21:29,2,pencairan
GrabMerchant,com.grab.merchant,0b6f1201-552e-43b9-85a9-f75a21079834,diki hamdani,"Sudah 5 hari tifak ada pesanan masuk, ada yang salah kan dengan grab merchant?",3,2021-08-29 07:11:59,0,"merchant, pesanan, pesanan masuk"
GrabMerchant,com.grab.merchant,e926110d-f121-4c10-832d-0b295e8600cd,Mohamad Faizal,"Untuk pihak grabmerchant tombol tutup nya tidak bisa dibuka mohon bantuan nya,jadi belum ada pesanan masuk",3,2021-08-28 15:10:35,0,"pesanan, pesanan masuk"
GrabMerchant,com.grab.merchant,a2be009b-89ef-4fd4-8dd2-0b487e81d01a,mas adi,Jika ada orderan tidak bunyi notifikaisinya,3,2021-08-28 14:31:41,0,orderan
GrabMerchant,com.grab.merchant,b011160d-e687-4049-bb00-397db1d3a0d8,Ronald Ramadhan,Driver nya sedikit lebih ramah dari gojek,3,2021-08-28 10:29:44,0,driver
GrabMerchant,com.grab.merchant,16754cd9-de73-43d7-96ad-88e8b9e7234f,Ratna Gepret,Mohon maaf untuk pembayaranya sekarang semakin lama. Beberapa hari ini .mohon di perbaiki lagi.karena uang yang masuk ke grab merchant juga buat belanja lagi.kalau saran saya .bisa ditarik pihak yg mempunyai merchant nya .jadi bisa ditarik ke rek pribadi langsung,3,2021-08-28 10:24:33,24,merchant
GrabMerchant,com.grab.merchant,88ca82f0-17c9-48e7-a5b3-334cce524306,rainnrien _,"Sedikit masukan aja. Grab merchant saat ini kalah sama aplikasi pesaingnya,karena file download aplikasi grab app terlalu besar ,tidak seperti aplikasi ojek online lainnya,cuma file downloadnya jangan terlalu besar minimal sama dengan si Go ,Masyarakat sekarang lebih memilih file download yg kecil dibanding file yg besar karena batas kapasitas penyimpanan hp pengguna ga semua pake hp flagship . Lebih rendah file downloadnya pasti bakal gacor lagi pesanan untuk grab meechantnya",3,2021-08-26 19:15:39,3,"merchant, pesanan"
GrabMerchant,com.grab.merchant,92427da3-2d20-4940-b8e2-ccdff2337f57,TV pratama project,Admin saya sudah daftar kenapa masih gak bisa aktiv.. padahal dari email grab nya sudah aktiv..... saya download di suruh verifikasi data lagi...saya sudah kirim data. Kenapa di tolak terus..padahal di email suka ada pesan bahwa pesanan di tahan sampai waktu segini..di karna kan tutup padahal k saya belum ada orderan...di lihat aplikasi nya masih di suruh verifikasi data lagi..ini gimana sihh..,3,2021-08-25 22:40:52,8,"pesan, pesanan, orderan"
GrabMerchant,com.grab.merchant,3aa61ce4-4204-4ea5-b9bf-d555ec250eca,Adiputra Sadewa,"Awal aktif aja taip hari bunyi walaupun atu dua, ksni2 mlh tmnh jarang, smua promo sllu di ikutin 💆‍♂️💆‍♂️💆‍♂️🤦‍♂️🤦‍♂️🤦‍♂️",3,2021-08-25 18:36:58,0,promo
GrabMerchant,com.grab.merchant,bd9502f9-0db6-4116-b052-ac16d45f6aab,BODEK GAMING,"Knpa titik warung saya geser admin , pdahal waktu daftar sudah sesuai titik di warung ... 😒😒😒",3,2021-08-25 11:07:00,0,warung
GrabMerchant,com.grab.merchant,94bce99c-5e03-4060-ab0c-7ad4b22097dc,Istigh Tanjung,Susah mau merubah daftar menu resto,3,2021-08-24 19:29:54,0,"resto, menu"
GrabMerchant,com.grab.merchant,ab210648-7f9b-40aa-ab5e-429c8265f5d7,Addy Coc 2,Email terima laporan terus login GK bisa. Mau curhat kemana ini min? Adakah web/email untuk keluhan saya langsung ke operator nya seperti Gofood di Mitrausaha.,3,2021-08-24 10:44:46,0,gofood
GrabMerchant,com.grab.merchant,42189c56-c136-4bc1-a86f-03851ec48ec7,Abdul Makmur,"Dear admin : Saya tambahkan bintangnya. Mohon maaf sebelumnya, tolong sampaikan sekedar masukan yang mungkin kritis. ""pelajari cara toko sebelah memasarkan produknya"" Tanpa merugikan mitra. Hampir 1 th kami bekerja sama dengan kalian. Kesanya masih ""hidup segan matipun tak mau"". Thanks🙏🙏🙏",3,2021-08-24 02:59:44,17,mitra
GrabMerchant,com.grab.merchant,f94e02cf-07c5-4585-b875-b35b401b1131,jajak susanto,"Tolong dong di update aplikasinya,masak ada orderan masuk hp gak bunyi, tau tau ada driver ke resto",3,2021-08-23 12:54:12,0,"resto, orderan, orderan masuk, driver, masak"
GrabMerchant,com.grab.merchant,5b7fbf9e-6e3d-4eaf-8282-c5a4fea47b99,dede muharam,Terbantukan sekali...tapi maap mengapa waktu buka toko kami berbeda dengan pengaturan di akun...stelan akun 6.30...tapi di grabfood jam 8.30...padahal toko kami identik dengan sarapan pagi...,3,2021-08-23 05:18:06,1,"grabfood, buka toko"
GrabMerchant,com.grab.merchant,65848310-90c3-4f6f-b2ec-c2a8b5a68a56,Ahmad Fathony Kurniawan,"Potongannya harganya lumayan tinggi, otomatis ngaruh keharga jual jadi mahal. Program juga gak ada yg menarik buat nambah penghasilan mitra",3,2021-08-22 16:29:59,1,mitra
GrabMerchant,com.grab.merchant,515aab6a-5a8e-4229-b8b2-244fcc8cce18,Maia Syam,"Grabmerchant gimana nih.. Ada driver yg ga mau ambil pesanan dn tdk dicansel juga,, kasian costumernya nungguin dan kami sbg pihak resto merasa dirugikan karna pesanannya sudah kami buat. Mohon tanggapan dn solusinya 🙏",3,2021-08-22 04:19:28,1,"resto, pesanan, driver"
GrabMerchant,com.grab.merchant,ef476776-2b4b-44f3-856a-d001991f4654,Juriah Faiz,Sya kasih 3 bintang dlu aja yh krna semenjak grap merchan aktip baru ada 2 orderan,3,2021-08-21 20:50:24,0,orderan
GrabMerchant,com.grab.merchant,0acd1d64-1b33-460d-826f-8202d07e12d1,Muhamad Mustofa,saya gabisa ganti titik lokasi penjemputan toko saya. hingga akhirnya driver cacel orderan terus,3,2021-08-21 16:39:58,0,"orderan, driver"
GrabMerchant,com.grab.merchant,5dbcd285-7255-494c-ace8-cb5efaa58e31,Muhammad Yusufa,Kenapa grab merchant saya tidak dapat di akses ?,3,2021-08-20 17:53:26,0,merchant
GrabMerchant,com.grab.merchant,ff6e8b9e-9e8d-476d-a5f8-287523db0172,Fazar Sidik,"Mohin untuk kedepannnya masalh notifikasi yg masuk hrus segera tmpilkan,ini orderan ada tpi nggk ada notifikasi",3,2021-08-20 11:47:35,0,orderan
GrabMerchant,com.grab.merchant,45c3240b-e829-4b6b-9c0f-66d60ed321f5,Jendly Mangundap,Trima kasih aplikasi grab sudah membantu usaha saya tapi saya kecewa kepada driver yang membatalkan orderan dengan alasan restoran tutup padahal restoran buka. Klo bisa sistem perbarui grab driver bikin tidak bisa batalkan orderan trima kasih selamat sore,3,2021-08-19 17:09:35,3,"restoran, orderan, driver"
GrabMerchant,com.grab.merchant,e9e6f4ad-da39-4f6f-b54f-096363b630aa,Setiawan SenSet,"Saran aja untuk Ganti tenpat dan nama resto dibuat mudah saja pak/bu, langsung bisa edit jadi enggak usah ribet pakai foto"" segala..",3,2021-08-18 12:12:09,1,resto
GrabMerchant,com.grab.merchant,a4cfe8c5-c895-44a0-84b2-e411e152ea8b,Retno Winarti78,Kenapa tampilan merchant di kami belom seperti yang di foto contoh ini ya ?,3,2021-08-18 09:58:55,0,merchant
GrabMerchant,com.grab.merchant,8b795759-3467-49f6-b0cc-4fdf08618f7e,Malla Ajjah,Hallo.. Saya pengguna baru Grab Merchant saya sudah dapat email dari pihak Grab katanya toko saya sudah aktif. Tapi koq diaplikasi masih belum muncul menu dll.. Saya jadi gak bisa kelola apapun .. Tolong dibantu🙏🏻🙏🏻sementara saya kasih bintang 3 dulu ya.. Jika sudah muncul baru saya tambahin bintang nya😉,3,2021-08-17 18:13:32,11,"merchant, menu"
GrabMerchant,com.grab.merchant,0440cafc-bf19-467d-89d9-2de13d8fac41,ayam panggang tgk Umar,"Tidak adanya ringkasan / riwayat transaksi atau jumlah penjualan mingguan dan bulanan, dan tidak adanya request payout dan/atau kejelasan kapan uang akan di transfer ke rekening, dan applikasi sering kali tertutup dan tidak ada suara ataupun notifikasi, semua pengaturan udah di set, tapi masih saja error atau force close, mohon diperbaiki segera, tks",3,2021-08-17 15:12:46,10,transaksi
GrabMerchant,com.grab.merchant,28d7ebff-d4bc-4ecf-8b53-016317ab5173,Ade Erha Dihan,"Maaf saya kasi bintang 3 sebelumnya, saya sudah daftar GrabMerchant dan bisa login . Tetapi setelah login cuma ada tulisan ""We're reviewing your aplication for GrabFood. we'll get back to you within 3"". Saya sudah menandatangani perjanjian dari Grab yang masuk ke email. Saya menunggu berhari-hari tetapi tetap setelah login cuma ada tulisan itu, jadi sampai sekarang saya tidak bisa berjualan di Grabfood . Mohon bantuannya .. Salam sukses 🙏🙏",3,2021-08-17 11:20:41,3,grabfood
GrabMerchant,com.grab.merchant,da35df95-2131-4a73-aa32-26b4681390c7,Dody Arif,"Orderan nya sepi,driver bnyak kurang sopan,dan bnyak tidak pandai pkai map",3,2021-08-16 10:50:28,0,"orderan, driver"
GrabMerchant,com.grab.merchant,3148b6e1-5b1e-4d17-8426-03a9824b01a9,made bolt,Tidak bisa tambah menu produk,3,2021-08-13 09:34:22,0,menu
GrabMerchant,com.grab.merchant,2afe6979-501c-4a14-a12e-169f1ca21566,Bintang Prahatmojo,"Payah, terkadang akunnya suka log out sendiri , pas masuk biasanya disuruh pakai google, sekarang (12-aug-2021) nggak bisa pakai google karean nggak ada tombolnya. dicoba memasukkan username dan password, katanya akunya terkunci, saya minta untuk buka kunci. dan dengan jelas ada tulisan""1.Gunakan akun gmail dan klik tombol Google ketika Login ke aplikasi"" tapi seperti yang saya bilang diatas, nggak ada tombol log in Google-nya, itu gimana ya? pas lagi ada orderan lagi. nggak bisa ya kalau kode dan pesanannya masuk ke e-mail gitu? biar kalo masalah seperti ini terjadi lagi masih bisa diatasi dengan check e-mail? itu saja masukannya saya. Terima kasih.",3,2021-08-12 20:27:45,9,orderan
GrabMerchant,com.grab.merchant,e2031f90-6904-4cfa-92b8-84effe19e61e,Rahel Wati,Banyak orang yang nembak langsung. Gak salah apa2 banyak komen yg menjatuhkan resto dan kasih bintang 1,3,2021-08-11 21:47:00,1,resto
GrabMerchant,com.grab.merchant,7e24adc1-98fb-4c73-8837-b2b995deb810,San Fona,Sdh dpt info untuk instal grab merchant tp cuman bs d tampilan grab merchant gak bs msk aplikasi,3,2021-08-11 18:34:34,0,merchant
GrabMerchant,com.grab.merchant,997f5ad3-3fea-41d1-8ef8-5d6c7f35a034,Debi Indra,"Halo, kok grab mechan saya g gak ad menu pesanan yah..jd sy g bs jualan, g tau ad pesanan at tidak.. hanya ad menu beranda, pesan dan akun..mohon bantuanya",3,2021-08-10 10:17:42,0,"menu, pesan, pesanan"
GrabMerchant,com.grab.merchant,1a6cf4e7-8ed7-4045-8097-6b22723c7e0c,Nurfadliyah Nurfadliyah,"Saya baru aja download aplikasi.nya tapi kok ngk ada menu pilihan karyawan ya, karena saya ingin menambahkan akses buat karyawan.. terima kasih",3,2021-08-09 18:31:16,0,menu
GrabMerchant,com.grab.merchant,0ca17808-18de-4e32-8864-d96916a58886,Andrew Erwanto,"Mohon maaf kenapa notifikasi selalu telat bunyi padahal sudah saya setting dan HP saya juga gak jadul jadul amat seharusnya bukan dri HP, imbasnya adalah driver pas datang, makanan belum jadi, kasian nunggunya lama, tolong diperbaiki ya Grab, kalau sudah ok saya kasih bintang 5 lagi, trims",3,2021-08-09 13:15:33,6,"makanan, driver"
GrabMerchant,com.grab.merchant,58cae078-9676-44a1-a378-6346d0caabd0,Cipta Rasa,"Tolong untuk driver yang males atau pilih2 ambil pesanan untuk di suspend aja selamanya, bikin rugi ke resto sama konsumen. Saran, kalo driver gk datang ambil pesanan 15 menit dari pesanan masuk untuk ganti driver langsung.",3,2021-08-08 19:04:39,0,"resto, pesanan, pesanan masuk, driver"
GrabMerchant,com.grab.merchant,0ac215ff-8fed-456c-ad57-44ce485c8109,Geasha Putri,"Sy dri resto mie yamin bcc... knp trf dana nya skrg malam yah,apa bisa pagi",3,2021-08-08 07:57:41,0,resto
GrabMerchant,com.grab.merchant,8ef24868-fb60-4f39-b34c-49c99d2948cf,maulana maulana,tampilan resto grabmerchant saya kok hilang semua ya setelah login? ribet bgt skrg..tolong dong,3,2021-08-07 14:55:38,0,resto
GrabMerchant,com.grab.merchant,fa2355ba-6ce0-4388-bee4-7dfa073a304a,Sultoniyah Spd,"Resto saya mapsX melenceng jauh. Titik lokasi digeser tidak bisa.Tolonglah grab agar resto diberikan hak membenarkan titik lokasi yg salah,bebas ganti gambar outletX. bisa manghandle sendiri dgn baik akunnya. Bebas Spt gofood.",3,2021-08-07 10:24:02,0,"gofood, resto"
GrabMerchant,com.grab.merchant,157d8fd5-cd18-4040-8390-87b96eb3ffae,Lutfir Rahman,"Driver nya ngga sabaran, kadang driver nya ngomong castamer nya lah yg ngga sabaran pas saya kontek castamer nya ehh si driver yg ngga sabaran,pengen nya buru buru udah itu ngomel ngomel, marah, ngga sopan dan ngga ramah",3,2021-08-07 10:23:00,0,driver
GrabMerchant,com.grab.merchant,385270f3-eb6c-425c-a5e3-015f3c5a7384,Elia Paramita,Hallo ka.. saya baru bergabung di grabmerchant. Pemberitahuan dr email. 1 langkah terakhir saya harus download aplikasi nya. Tp kenapa resto saya blm muncul juga di aplikasi grabfood? Tolong dibantu ka. Saya kasih bintang segitu dulu yaa,3,2021-08-06 20:12:43,0,"grabfood, resto"
GrabMerchant,com.grab.merchant,97c181c5-cdff-480c-8f2c-0eec1bf6ba8e,Arka Fahreza,"Maaf ya min tf dri grab sekrang telat terus, Terus ini aplikasi ribet banget sih buat mindahin ti2k kordinat harus pke materai ini itu sgala aku udah nyoba 4x mindahin ti2k susah banget tolong di permudah lah jangan di persulit masa resto sya pindah tpi nya ti2k nya masih resto lama. Terimakasih",3,2021-08-06 04:34:12,0,resto
GrabMerchant,com.grab.merchant,54e7ad0f-cb8b-44c6-b939-3ac191f08251,Dito Aryatama,"Selalu aja masalah pencairan dana..sampai jam segini g cair2 ke rekening..udh disampaikan ke pusat bantuan,tetep aja gak ada hasilnya..udh situasi sulit,jadi semakin sulit kalo gini caranya..Thx.",3,2021-08-05 16:39:12,1,pencairan
GrabMerchant,com.grab.merchant,cd26c73b-87dd-4729-971a-49144fed2b8c,Jecky Maulana,Promo yang diberikan cukup bagus namun tidak ada efeknya untuk resto saya,3,2021-08-05 15:24:52,0,"resto, promo"
GrabMerchant,com.grab.merchant,17c3b242-a13f-448d-b2dd-7b570f5b1e25,Septi Hadiyono,Kok saya sering sekali tidak mendapatkan orderan??,3,2021-08-03 11:57:20,0,orderan
GrabMerchant,com.grab.merchant,a19b4983-05bc-426a-9dc3-8e117903bc1c,imam ahmad,"Diaplikasi CS udah ada tp d grab merchant ya masih menubggu proses, rungkad boss",3,2021-08-03 08:55:06,0,merchant
GrabMerchant,com.grab.merchant,f52e2477-6f55-477f-a33c-8825995a2d4a,marvel jr,"Min..mengapa orderan ku anyep banget ya,gak kaya dulu..padahal komisi 25%",3,2021-08-02 20:19:33,2,"orderan, komisi"
GrabMerchant,com.grab.merchant,e915f3d9-1e70-44d7-8ead-945cbceee93b,Sinta Mahardika,Hallo kak kenapa saya tdk bisa login acc saya tdk bisa pakai kode otp dan reset pasword saya sudah tutup lumayannlama tiba2 dpt orderan kasian driver yg dpt orderan tolong direspon,3,2021-08-02 08:53:50,0,"orderan, driver"
GrabMerchant,com.grab.merchant,7b388cbd-21f3-447b-b5ab-69405cc68c94,aryo fabian,orderan masuk keseringan gak bunyi dan gak ada notifikasi. tolong lah kepada pengembang agar apk bisa lebih stabil. kadang gak enak sama driver yg udah cepet sampe tau2 orderan nya belum saya siapin. begitu apk dibuka baru bunyi dan ada notifikasi.,3,2021-08-02 06:44:38,0,"orderan, orderan masuk, driver"
GrabMerchant,com.grab.merchant,b38251e5-2b96-402f-88f3-51887ae90abf,maskik alambara,Ap bener grap ad promo promo berbayar lewat email dn siapa yg ikutan reting ny di bagusin kl emang ada promo yg di aplikasi brarti gk ngaruh kl msih ad oknum yg nakal dn persaingan jd tidak sehat kl kyak gini,3,2021-08-01 19:03:02,0,promo
GrabMerchant,com.grab.merchant,ad5c8e36-b2ec-4685-bb5c-05e8a66deaf6,Nata Craft,Kak knpa ya ga bisa dibuka buat grab merchant...,3,2021-08-01 16:09:18,0,merchant
GrabMerchant,com.grab.merchant,d04f238a-9b65-475d-9f29-a1caaa0f432c,Hidayatullah,"Hallo Grab Merchant, saya sudah daftar grab food tapi ko tidak ada tombol untuk tambah menu ya, mohon segera di perbaiki trimakasih",3,2021-07-31 16:42:31,0,"grab food, merchant, menu"
GrabMerchant,com.grab.merchant,b041d7a3-767d-4882-a7d6-5f3d9dba510e,Muhammad Fattaah,Banyak promo yang tiba2 muncul dan lsg memotong pendapatan resto padahal di lihat di riwayat promo aktif tidak ada,3,2021-07-31 08:46:54,0,"resto, promo, pendapatan"
GrabMerchant,com.grab.merchant,a1965f1a-e795-4532-a04e-0aa9237fc757,Indryana Rahmawati,"Sering logout sendiri, terus jadi eror. Orderan masuk tidak bisa terbaca",3,2021-07-30 15:27:11,0,"orderan, orderan masuk"
GrabMerchant,com.grab.merchant,44a3d8eb-132f-49ea-a5f5-a8f31a7535ec,Afina Latifah,"Notif orderan selalu lambat, harus buka aplikasi terus baru msuk notifnya padah uda di setting tetep jga masih sama😢",3,2021-07-30 15:00:49,0,orderan
GrabMerchant,com.grab.merchant,2dfd4b65-4f05-4d8c-89d0-183e06419f7a,Agus Mulyana,"Titik map resto tidak sesuai /dari titik alamat yg sebenarnya tolong map nya di perbaharui "" nasi goreng kambing dan sate kambingJagakarsa bang marwan "" kasihan drivernya muter muter cari restonya...mohon bantuan nya sementara resto kami off line dulu sampai di tindak lanjuti pihak grabmerchant..terima kasih",3,2021-07-30 07:39:23,5,resto
GrabMerchant,com.grab.merchant,98e3c0d7-3d61-43fd-927b-08409e98314a,Ana Fassolle,Mohon bantuannya Mau ber alih dari grabfood ke grabmarchant bagaimana caranya....?? Sekali lagi MOHON BANTUANNYA,3,2021-07-27 09:20:25,0,grabfood
GrabMerchant,com.grab.merchant,f1f73af6-e8fa-4d8c-9a8a-ffef15c83276,Rizqi Dwi Yunian,Kok ngga ada grabfood ads ya.. Gimana cara update nya,3,2021-07-26 19:36:26,0,grabfood
GrabMerchant,com.grab.merchant,4c65a2b0-9aa9-4dc6-b2c1-b2f9ff6ba2b9,ali maskhur,"Memohon bantuan atas penjadwalan buka tutup nya apps grab merchant, jangan dibuat buka tutup nya hanya 24jam yang paling lama. Dikarenakan jika masa toko tutup lebih dari 24jam auto buka dengan sendiri nya, al hasil jika orderan masuk kita tidak tahu dan membuat driver serta pelanggan kecewa, terus untuk notifikasi , kenapa jika ada orderan aplikasi harus di buka terlebih dahulu baru kita bisa tahu orderan masuk tidaknya, mohon bantuannya , trima",3,2021-07-25 07:52:05,15,"merchant, orderan, orderan masuk, driver, pelanggan"
GrabMerchant,com.grab.merchant,e4ed8041-785e-4f96-a607-a9d6a61f8575,Muhammad Yusuf,Toko saya sudah aktif tapi di aplikasi masih blm pdahl udh ada pesanan masuk gmna ini,3,2021-07-24 19:03:13,0,"pesanan, pesanan masuk"
GrabMerchant,com.grab.merchant,279453d8-93a5-45eb-bdef-2fc304d6e673,Windy Isnaini,Akun saya tidak bisa masuk ke aplikasi grab merchant padahal saya sdh menjadi mitra dr grab food,3,2021-07-24 15:37:31,0,"grab food, merchant, mitra"
GrabMerchant,com.grab.merchant,c90a2b82-d7c3-4837-bab5-3a1ffccfc251,Alfian Rivaldi Chendra,"Tolong notif pesanan masuk diperbaiki, saya sudah setel notif paling tinggi supaya kedengeran, tapi kalau ada pesanan masuk saat hp sedang ke lock, tidak ada bunyi notif sama sekali, sehingga tidak tau ada notif masuk, kemudian orderan di cancel oleh pengemudi",3,2021-07-24 00:36:51,14,"pesanan, pesanan masuk, orderan, pengemudi"
GrabMerchant,com.grab.merchant,88dcbf54-f2b9-4edf-b9ae-0d51c2dc7b88,Dannz,"Notifikasi sering g kedengeran, jd ada bbrp pesanan yg batal",3,2021-07-20 15:31:04,0,pesanan
GrabMerchant,com.grab.merchant,3792b208-217c-429d-afb7-3ca693e507ed,Sutiani Kamidi,"Halo , mohon bantuannya . Kenapa menu saya tidak aktif di aplikasi Pembeli . Padahal di aplikasi merchant sudah saya aktifkan .",3,2021-07-19 20:20:33,0,"merchant, menu"
GrabMerchant,com.grab.merchant,17845e29-c5cc-4e53-94dd-853fa851689c,Apip Wage,"Tolong untuk pihak grab. Buat aplikasi merchant dimudahkan/simple saja, jdi stiap kita mau merubah kategori menu, foto outlet atau banner di grabmerchant dan merubah yg lain2 tidak seribet ini. Tolong di bikin enak simple aplikasinya, jdi kita ga perlu repot2 apa2 mesti konfirmasi telpon cs buat merubahnya itu gak perlu. Yg kita butuhkan hanya simple dan mudah buat merubah sendiri ke aplikasinya. Tolong diperbaiki lgi aplikasinya dan peraturannya gaush ribet2 toh jaman skrg itu canggih. Makasih",3,2021-07-19 17:07:48,33,"merchant, menu, outlet"
GrabMerchant,com.grab.merchant,7f93df13-bad3-4c26-96db-043b67f9bfb4,Nyapii AYani,Pagi ini kenapa gabisa di log in yaaa tolong dong diperbaiki lagi . Mana bisa tau ada orderan masuk . Mohon bantuannya yaaa,3,2021-07-19 10:00:58,0,"orderan, orderan masuk"
GrabMerchant,com.grab.merchant,48904b2b-a905-4e76-8bf6-c81316df2079,Kanthy Bhewani,"Untuk merchant yg ingin mengadukan permasalahan msh sulit. Jam operasional CS khusus Merchant terbatas, n fitur terbaru spt live chat jg gak bs digunakan",3,2021-07-19 04:15:21,0,"merchant, jam operasional"
GrabMerchant,com.grab.merchant,93615a3e-b7c2-4555-af36-b3a3307070f1,M. Mahrus,Mohon ditambah kan cetak struk orderan yg masuk untuk Printer Bluetooth. Kami kesusahan untuk mencetak bukti pembelian kepada driver.,3,2021-07-18 19:21:14,0,"orderan, driver"
GrabMerchant,com.grab.merchant,90ba6d7c-0901-43fd-bcdf-5729fbdb002c,Eza Goplem,"Mohon maaf saya mau tanya kenapa aplikasi yg baru tidak bisa dibuka,,,padahal resto sudah dapat notifikasi aktif sekitar seminggu an,,,tp masih blm bisa dibuka,,,padahal di grab konsumen data resto sudah ada,,,mohon diperbaiki lagi 🙏🙏🙏",3,2021-07-18 14:44:34,19,resto
GrabMerchant,com.grab.merchant,c5ee9480-fd9f-4af6-99e0-0c66302db6f9,Jay kopi pahit,Sebelum di upgrade.. alamat nya sdh pas di depan warung saya.. Ini kok skrg titik map nya bisa pindah sendiri dan jauh.. kasian driver nya yg mau ambil pesanan jd kesasar.. Mau di betulin titik maps nya kok susah dan ribet ya... Tolong dong miin.. knapa bisa pindah alamat sendiri.. hadoooh.. Gimana cara pindahin titik koordinat toko..yg pindah sendiri,3,2021-07-18 09:03:59,0,"warung, pesanan, driver"
GrabMerchant,com.grab.merchant,0d33c835-8d41-418c-b06b-c43494336c5d,Kanisya Rizqita Putri,"Kenapa sekarang gabisa login lewat google? Sedangkan saat mendaftar sebagai mitra grab yg membuat username dan kata sandi orang grab, kesusahan untuk login, mohon di bantu",3,2021-07-17 19:21:21,0,mitra
GrabMerchant,com.grab.merchant,e0ff4c66-4cf5-4f44-8772-2446222af38d,Tirta Yudis,"mohon bantuannya kenapa aplikasi grab merchant saya hari ini di tutup sepihak oleh sistem,saya merasa dirugikan karena masa pandemi skrg saya sangat mengandalkan penjualan online ini.",3,2021-07-16 11:43:24,0,merchant
GrabMerchant,com.grab.merchant,1afed089-dd25-4e0e-a37f-390b9bb9ae42,Jaka Sulaks,"Mohon diperbaiki aplikasinya dan tolong adakan sistem printer karena memperlambat proses pesanan , saran saya sebagai mitra bisa memberi bintang/ penilaian kepada driver karena banyak drive grab yang nggak sopan (seenaknya saja) bon gak pernah dibawa, buang sampah sembarang!!! Tolong dilatih kesopanannya diresto.",3,2021-07-15 20:24:55,10,"mitra, pesanan, driver"
GrabMerchant,com.grab.merchant,c33c2e79-e2cd-4f31-b45e-7b6402652dc1,Iva Dian,"Admin, kenapa saya gak bisa masuk ke akun saya??? Sedangan sudah dri beberapa hari yg lalu dapat email kalo resto saya Sudah aktif dan sudah siap terima orderan..",3,2021-07-15 14:42:19,6,"resto, orderan"
GrabMerchant,com.grab.merchant,ed6aed20-cbcb-4d8d-bc18-e880fb53227e,giovanni dave,Saya sebagai member grabmerchant sebetulnya suka aplikasi ini hanya saja untuk pencairan nya itu tergolong lama sekali dan tidak pasty! Kadang siang kdng sore kadang jg pagi! Jd klo mau untuk belanja lagi ribet nunggu pencairan lama! Gag konsisten jam pencairan nya! Tolong diperbaiki lagi! Krna uang nya kan jg dibuat modal lagi! Sdngkn aplikasi sebelah konsisten sekali tiap hari pencairan selalu pagi jd bisa dibuat modal lagi,3,2021-07-15 11:52:57,3,pencairan
GrabMerchant,com.grab.merchant,c260c232-bed5-4e26-b02b-255ca8e9a69f,Manapsaputra 666,Apa yg terpampang harus resto besar kaya yg sudah ternama sedangkan resto kecil harus d search baru bisa ketahuan.....,3,2021-07-14 17:18:41,0,resto
GrabMerchant,com.grab.merchant,01849028-f583-4e94-b9de-0444f635e10e,wahyu ramadhan,Sebenrnya bagus. Tp kalau ada orderan aplikasinya ketutup jd gk tau. Selebihnya ok kalau kitanya gali informasi dan gak gaptek,3,2021-07-14 14:16:46,0,orderan
GrabMerchant,com.grab.merchant,f4531d2d-de5f-4252-a8f9-6f94b8e9a9db,Puput Ernawati,"Sudah dari hari jumat tidak bisa masuk ,loading grab merchant terus ..sudah uninstal dan instal ulang tetep gak bisa, gimana jualan saya.. Kalo begini cara nya, padahal sebelum nya gak pernah",3,2021-07-13 16:43:55,4,merchant
GrabMerchant,com.grab.merchant,f78f6b4b-15e8-4473-ac27-27560feaabcb,Asep Rahmat kurnia,"Maaf saya kasih bintang segini karena, transferan GRABFOOD ga menentu untuk jam nya. mohon ditingkatkan lagi. karena saya butuh buat perputaran modal. namanya pedagang uang harus muter",3,2021-07-13 07:59:22,2,grabfood
GrabMerchant,com.grab.merchant,1539dc23-32dd-4582-ab8a-77cb1b61ecbc,aries surifno,ini masukkan menu di mana ga ada petunjuk nya.,3,2021-07-11 08:41:57,0,menu
GrabMerchant,com.grab.merchant,a693ec21-5455-43da-b5fa-26e97b532825,Ghayda Aulian,"Saya sudah instal sudah update sudah daftar sudah aktif tapi di halaman depan tidak keluar menu untuk mengisi status dagangan saya,,untuk memasukan memposting dagangan ..mohon bantuannya,,kalo jadi saya kasih bintang 5",3,2021-07-10 12:02:28,15,menu
GrabMerchant,com.grab.merchant,25d37513-4b75-4651-a2f6-b8d5038dc5c7,Ajeng dwi Setiyorini,Knp sudah 5 hari ini tidak ada orderan yg masuk ya... Pdhl promo jln terus,3,2021-07-08 20:48:26,0,"orderan, promo"
GrabMerchant,com.grab.merchant,78aebec4-952f-443b-828f-6daf0e14f099,Umar Wibowo,Suara notifikasi pesanan masuk kurang keras,3,2021-07-08 13:36:25,0,"pesanan, pesanan masuk"
GrabMerchant,com.grab.merchant,29a9c490-5a8e-420b-86b7-dcfc30c3c357,Rokus Milenial,Saya kaaih 3dl yaa..krna saya blum bisa membuka grab food saya.,3,2021-07-07 18:45:12,0,grab food
GrabMerchant,com.grab.merchant,9bb286b0-fa13-4264-9ce2-99235d72682a,rossy maidaastuti,"Saya kasih bintang 3 dulu, karna saya mitra baru, tapi kata nya ke email dan wa sudah terdaftar tapi di app masih brlum di proses masih riview gtu.. Sementara di email udah dpat teguran karna toko tutup terus, itu gimana cara nya.. Bagi yg tau mohon info nya dong.. Kurang ngerti cara dftar nya..",3,2021-07-07 06:12:37,16,mitra
GrabMerchant,com.grab.merchant,89eb4e5e-73ba-46b8-b163-85031422f624,Amalia Soetardhi,Aplikasi sudah cukup bagus. Lebih baik lagi kalo menu pesanan bisa langsung tersambung dengan mesin kasir. Jd gak perlu aplikasi lain lagi utk cetak struk. Makasih grab.,3,2021-07-04 22:20:54,0,"menu, pesanan"
GrabMerchant,com.grab.merchant,846b5582-8bb1-43f3-8d9f-4d3723a1c27a,Tutiana Sanusi,"Hallo...warung sy baru gabung di sini,sy blm masukan menu kok warung sdh siap jualan,apa yg mau sy jual???? No bantuan gak bisa di hubungi,harus gimana ini😟😟😟😟",3,2021-07-02 17:33:14,0,"warung, menu"
GrabMerchant,com.grab.merchant,5cd53382-9b8c-46cc-9e63-a41b23f0c563,Nings Nurohmah,"saya sudah daftar, tapi masih tak bisa dipakai, nunggu 3hari katanya. tapi dapat sms sudah bisa digunakan sudah dapat email ada pesanan masuk juga.. gimana sih grab aplikasi belum bisa dipakai tapi dapat email pesanan di close",3,2021-07-01 13:31:29,14,"pesanan, pesanan masuk"
GrabMerchant,com.grab.merchant,c5c72325-93a0-4ab2-8756-7013527247f9,ikhsan khamil,Ganti titik dan alamat resto susah,3,2021-07-01 12:08:52,0,resto
GrabMerchant,com.grab.merchant,c3230146-6c79-4348-af8e-96a73eb2a0cc,robi sabara,Saya tidak bisa membuka aplikasi dengan Gmail. Selalu keluar username exist. Saya ingin tutup toko saya. Saya sudah tidak lagi jualan.,3,2021-07-01 06:10:47,0,tutup toko
GrabMerchant,com.grab.merchant,fbc8631d-e060-4026-bc9f-d45b2d9ac3db,Reka Zain,"Sdh 1 bln krg lbh sy resmi jualan di grabfood, sdh sign kontrak ,tp smpe skrg klo ada orderan masuk ga bs liat, aplikasi gt aja ga bs sy kelola pnjualan apapun ,terima notifikasi aja ga bs , setelan notif aja ga bs jg , aneh khan ? Gimana ini , min ?? Solusi nya gmn nih ???? Aplikasi aneh, trnyata bkn gw aja yg ngalamin bgini, buat apa nih aplikasi di buat klo ky gini doank ???",3,2021-06-30 15:56:21,24,"grabfood, orderan, orderan masuk"
GrabMerchant,com.grab.merchant,8b583797-0ce2-40a6-9e9a-3270aaddfd04,RIFAI BAYU,Pembayarannya Kenapa Dah Beberapa Hari Ini Telat² Terus... bikin Jualan Kacau ... Kalau Lagi Ada Modal berlipat Lumayan.. tapi Kalau modal Lg Pas PasAn Bisa Tambah pusing Pemilik² resto,3,2021-06-30 15:35:16,0,resto
GrabMerchant,com.grab.merchant,11d82884-cc51-42c6-8701-50e9686384e2,arni mega,"Kecewa banget,,, aplikasi belum aktif tiba² dapat email klo ada pesanan tapi ditunda jadi bisa aktif tgl 2 juli 2021 ... tolong penjelasan min....",3,2021-06-29 15:44:25,0,pesanan
GrabMerchant,com.grab.merchant,f499780e-0671-4d4b-b1fa-e1e618b92b0e,Almira Anjani,Lodinge terlalu lama...kalo ada pesan masok...masokya telat duluan dreferya datang,3,2021-06-29 11:35:29,0,pesan
GrabMerchant,com.grab.merchant,a50ce60e-14f0-43d0-9407-bd96b14f7af9,Anto Pratama22,Saya sdah dfttar dan sdh di setujui tp kenapa aplikasinya hanya muncul data sedang di verifikasi padahal sdh 6hr. Gimana pelayanannya untuk mitra baru. Mending gak usah buka sekalian grabfoodnya,3,2021-06-29 11:25:41,0,mitra
GrabMerchant,com.grab.merchant,55864be7-1539-4ae4-a870-ccdfb617b20f,Flatshoes Girl,Saya kok daftar grab food merchant selalu terhambat di salah alamat toko sih. Padahal alamat sudah saya masukan dengan benar,3,2021-06-28 19:27:36,0,"grab food, merchant"
GrabMerchant,com.grab.merchant,aea00a7f-68ed-4745-a9d6-3d46bec898b4,Tahu Walik,Tidak ada menu live chat di pusat bantuan. Padahal sudah update terbaru.,3,2021-06-28 11:10:45,0,menu
GrabMerchant,com.grab.merchant,10864b83-1c4c-4ef8-b2b5-b8640de3f87e,Ny_wie “Ny_”,"woooiiiiiii knp grab merchant ini ,semakin ga jelas ,ribet ,,ga bisa masuk aplikasi ,udah di un install terus instal lagi,tetep ga bisa buka aplikasi,,suruh buat sandi,sandi udah di buat katanya eror ,haduuuhhhh,,,payaaaahhh....kalo gini kan ribet .....tolong dong segera di perbaiki sistemnya",3,2021-06-28 06:08:16,51,merchant
GrabMerchant,com.grab.merchant,74aad6d7-2e4b-4ff2-afb5-d289331b6061,Broo ikhsan,Tolong untuk foto profil sebisa mungkin untuk bisa menggantikan seperti menu menu yg lain.. soalnya kita bisa mengatur nya sendiri seperti aplikasi sebelah,3,2021-06-26 11:08:54,0,menu
GrabMerchant,com.grab.merchant,5a074b93-7172-4bfc-968a-fc78d7e2617a,IMPRESI FILM,"Ayoo kk, grab merchant saya, di setujui biar saya bisa jualan cemilan",3,2021-06-24 21:01:25,0,merchant
GrabMerchant,com.grab.merchant,dcdb075e-b4f0-4ae0-b4ff-c27281629036,Rustam Aji,"Kenapa AMnya di resto saya berhenti tanpa pemberitahuan dulu ya,,sekarang saya mau ikutan promo2 di resto pilihan dah gak bisa... dan parahnya lagi resto saya yg dulu di atas sekarang di bawah resto2 baru yg di pegang sama AM...",3,2021-06-24 15:58:38,4,resto
GrabMerchant,com.grab.merchant,d612ab52-c2cb-4ce3-bf10-c47d55324a0c,thg gi,Tdk BISA MEMBUKA MENU,3,2021-06-22 12:27:18,0,menu
GrabMerchant,com.grab.merchant,2f43c236-65bb-411d-9f18-17fbd35e7e2a,Umi Barokah,Warung kami gak bisa dibuka min. Mohon bantuanya biar kami bisa jualan lg,3,2021-06-22 09:55:11,0,warung
GrabMerchant,com.grab.merchant,a9925dd0-dab9-4971-9ddf-cc478f1bd146,Shefi Azhia,aplikasinya sering error. Orderan sering g bunyi notifnya. Sulit mengakses. Tolong d perbaiki bugnya. Masa kmren berhari2 error.,3,2021-06-21 04:54:50,0,orderan
GrabMerchant,com.grab.merchant,dfa68c74-a6b0-48f2-915c-c7f233e250fc,إفل البار,Sering tdk ada notif pesanan masuk... Nnti sudah datang drivier baru ada notif pesan masuk,3,2021-06-20 16:40:46,0,"pesan, pesanan, pesanan masuk"
GrabMerchant,com.grab.merchant,c5114443-a67c-4cba-bce6-0737a3443e35,Warung Colombo,Kenapa malah sekarang susah utk masuk... Mau login malah akun terkunci. Sdh ganti paswot yg diberikan juga g mau masuk... Kalo gini bikin merchant sama driver yg runyam. Tolong diperbaiki. Sering update kok malah sering eroornya,3,2021-06-19 19:50:46,0,"merchant, driver"
GrabMerchant,com.grab.merchant,cd01d644-add0-4f8b-9487-cd05d82cba6e,Najib Agasa,Di Jepara masih minim driver .andai pihak warung bisa antar sendiri mungkin ngak di cancel trus..,3,2021-06-19 18:41:12,0,"warung, driver"
GrabMerchant,com.grab.merchant,ba5995af-a02f-4603-886d-e42276db38e9,ANAME 1420,Mereka (kompetitor) lebih paham dalam memberikan kemudahan dan kenyamanan dalam perubahan yang ingin dilakukan mitra mengenai informasi resto karena memang pada dasarnya mitra usaha adalah pemilik resto.,3,2021-06-19 16:20:21,21,"resto, mitra"
GrabMerchant,com.grab.merchant,76e4e530-9ff8-4deb-8a7a-24a03c6bb745,emi astuti Tv,Mohon untuk saldo ovo segera ditrf ke nmr rekening yg sudah didaftarkan dari kemarin gangguan trus knp ya,3,2021-06-19 11:29:26,0,saldo
GrabMerchant,com.grab.merchant,61a6e7f2-7793-429d-94ba-0f24b3301bf6,Dedy Pramono,"Kenapa saya tidak bisa masuk ke akun grab merchant saya . Gara"" kemaren eror saya keluarin. Tapi setelah saya masukan kembali tidak bisa. Tapi orderan tetap masuk. Tolong di bantu, saya bingung harus menghubungi kemana.. Tolong secepatnya di bantu..",3,2021-06-19 08:41:54,0,"merchant, orderan"
GrabMerchant,com.grab.merchant,b19968e3-64a7-4633-8e76-f62ceb26de91,Allzara Ns,Aplikasi blm aktif.tp resto d apl cstmr udh aktf.hadehhhhh😇😇😇,3,2021-06-19 02:54:30,0,resto
GrabMerchant,com.grab.merchant,0c3776f3-3b35-4635-8cc7-27de5c67cdb2,Mauludin Jr,"Aplikasi dah kama di pake jlan 4 bulan...kox tiba"" eror...gak bisa di buka kya gak ad jaringan...padhal jaring sngat stabil... Pas ad orderan masuk mlah kebinguangan... Nota ny gimna...",3,2021-06-18 20:02:25,1,"orderan, orderan masuk"
GrabMerchant,com.grab.merchant,2196584d-708e-4260-bb52-59046efd3bdd,Dull Kampling channel,"Habis di update malah gak bisa buka riwayat pemesanan, gak bisa matikan menu yang sudah habis, gak bisa buka promo, tlg dong harusnya sesudah di update makin bagus kok mlh makin kacau.Kita yang jadi bingung kena komplain pelanggan,,🙏🙏",3,2021-06-18 19:56:32,1,"menu, promo, pelanggan"
GrabMerchant,com.grab.merchant,8359f320-0e8b-41a7-99fa-b02d9596f7ff,Su Trisno,Mohon maaf tolong pihak GRAB aplikasinya di perbaiki lagi di karenakan EROR parah.. aplikasi tidak dapat di buka sedangkan orderan sudah menunggu.,3,2021-06-18 19:40:12,0,orderan
GrabMerchant,com.grab.merchant,48e70ce9-d83a-400f-bd55-e97039f80ad2,Yully Darsita,Aplikasi baru berat baget..d buka nya mohon d perbaiki dong.drever nya nyampe jga boong katanya masuk udh 15 menit padahal d sini ada estimasi pengemudi samapai.se olah olah resto yg salah.nyari duit buat makan keluarga pake boong lagi.tolong d dong d perbaiki aplikasi nya..agar tdk ada yg d rugikan buat pengemudi mau pn resto.terimakasi,3,2021-06-18 19:16:01,0,"resto, pengemudi"
GrabMerchant,com.grab.merchant,b2167144-22c6-4ffd-96dd-5bf218a095e6,Daryanti Daryanti,"Maaf mau tanya di aplikasi sya ko tidak ada pengaturan toko ya ... terus mau ngedit menu juga ga bisa trus, selalu ada tulisan uups ada yg salah kaya gtu terus",3,2021-06-18 18:40:20,0,menu
GrabMerchant,com.grab.merchant,632ab072-e163-4540-8b83-083087e39f7b,Kebuli Ahbab,Eror susah dibuka ... Kekurangan nya klo gl stanbay diaplikasi notif gk masuk ... Gk dibuka gk masuk pemberitahuan order,3,2021-06-18 18:19:07,0,order
GrabMerchant,com.grab.merchant,c6505259-dd62-485d-aa3f-5e490631a5c2,Ibrahim Bkl,Tingkatkan lagi Masih sering gangguan ni hari ni GK bisa buka pdahal ada orderan Gimana itu.???,3,2021-06-18 18:06:10,0,orderan
GrabMerchant,com.grab.merchant,eb742831-8707-4dc0-a5c4-9dd982edf2ec,irene dwipuspitasari,"ini setelah diperbarui knp jadi serinh error' . menu tiba2 hilang , klik menu apa error' suruh close. padahal sebelumnya lancar.",3,2021-06-18 18:05:31,0,menu
GrabMerchant,com.grab.merchant,e729f2d5-3e50-48c8-919b-c2d3c1f4ab2a,Tea Break Jakarta,"Kenapa Grab merchant sy tdk bisa login, sdh berapa jam sy coba kembali tetap tdk bisa, mohon bantuannya agar grab merchant sy dapat berjalan baik lagi",3,2021-06-18 18:03:34,0,merchant
GrabMerchant,com.grab.merchant,0944d33b-96b9-4ba9-a7de-4edf971ee2fb,wandri yanto,Saya minta tolong ka kenapa setelah saya upgrade alikasi grab merchant ini ko malah tidak bisa kebuka yaa tolong bantuannya.,3,2021-06-18 17:57:35,1,merchant
GrabMerchant,com.grab.merchant,30f536f2-6a0a-4b3e-95e3-25d5d4749987,Very ana,Setelah diperbaharui kok malah g bisa dibuka ... Ini gimana ya? Kalau ada pesanan bisa masuk apa g?,3,2021-06-18 17:47:54,0,pesanan
GrabMerchant,com.grab.merchant,933012d5-e3e8-4559-906a-0d4deb7f822b,Dadang NAH,"Lumayan juga untuk yang awalan buka resto, ada aja yg pesan walaupun Satu atau dua pemesanan online",3,2021-06-18 17:45:11,0,"resto, pesan"
GrabMerchant,com.grab.merchant,b3c84dbd-1d88-4fcf-9ef7-49fe7ea8ef2c,Tomy Rangga,Hari ini saya buka aplikasi grab merchant kenapa gk bisa ???,3,2021-06-18 17:06:16,0,merchant
GrabMerchant,com.grab.merchant,39e20f18-df7d-45b1-a372-775fb28fa806,Elly biee,"Tiba tiba pesanan gak bisa masuk padahal driver sudah di resto akhirnya saya log out kemudian log in kembali tapi malah gak bisa log in, sudah komplain tapi proses lama. Tolong diperbaiki lagi aplikasinya karna disini resto statusnya masih buka kalau nunggu tanggapan komplain 24jam keburu banyak driver yang komplain ke resto nanti🙈",3,2021-06-18 16:44:12,2,"resto, pesanan, driver"
GrabMerchant,com.grab.merchant,c977a331-667e-4d06-8ffa-c0c710bb4d00,Andri Firmansyah,Tolong dong jgn error pas lg ada orderan masuk jdi gx bisa terima,3,2021-06-18 16:41:40,0,"orderan, orderan masuk"
GrabMerchant,com.grab.merchant,3e8c69aa-891b-48be-bbdd-492c9cf264e4,Sumiyati Sumiyati,"Kok pelayanannya makin menurun ya,saat saya tulis ulasan ini aplikasi tdk bs dibuka. Yg tampak hanya kalimat...upps ada yang salah.. Hp di restart aplikasi tdk bekerja. Aplikasi di update,tetap tdk bs bekerja. Lalu kalo ada order masuk bagaimana?? Pasti pemilik resto yg disalahkan,krn aplikasi tdk bs menampilkan opsi apapun. Lalu bagaimana tindak lanjut grab merchant mengenai hal ini??? Tolong segera diperbaiki,dan perhatikan keluhan dr seluruh pengguna aplikasi ini. Terimakasih.",3,2021-06-18 16:21:38,57,"resto, merchant, order"
GrabMerchant,com.grab.merchant,06dea1d6-9e84-4706-851a-a375c586fa90,tini Andry,resto punya hak buat ksh bintang ke CS and driver dunk !!,3,2021-06-18 16:18:24,0,"resto, driver"
GrabMerchant,com.grab.merchant,3be054ab-a216-4685-ab93-51297e8fbbe6,arif rakhmadi,"Barusan uodate versi baru koq malah blank ya Sepertinya berat banget...tolong donk diperbaiki,kita mau update jam operasional aja ga bisa",3,2021-06-18 15:55:15,0,jam operasional
GrabMerchant,com.grab.merchant,03dc03d6-27b6-4d19-b602-86340a0b81f9,Din Da,Habis di perbarui applikasi error dan tidak bisa melihat pesanan yg masuk. Setiap ada pembaruan applikasi selalu error. Tolong di perbaiki segera,3,2021-06-18 15:46:11,0,pesanan
GrabMerchant,com.grab.merchant,a9c4b3ad-cc6e-45e6-8641-4ca3acf5d62e,Riski Khoirunisa,kak knp ga bisa msuk ke grab merchant nya mau login ga bisa²,3,2021-06-18 15:41:36,1,merchant
GrabMerchant,com.grab.merchant,86781b2c-020d-4e48-a490-fb38301da12b,Laila Mega,"Haloo, untuk saat ini kenapa aplikasi grab merchant tidak bisa menerima pesanan masuk. Apakah sedang diperbarui??",3,2021-06-18 15:38:34,0,"merchant, pesanan, pesanan masuk"
GrabMerchant,com.grab.merchant,9219f89f-6ac3-47f8-bc58-2e6519dd30db,Seblak nampol pasundan 2,Mengenai aplikasi grab merchant saya yg gak bisa d buka sudah terjadi beberapa hari ini terimakasih ..... sekarang terulang lag .... knp ????????,3,2021-06-18 15:36:46,0,merchant
GrabMerchant,com.grab.merchant,178f7634-c057-4fb6-b63c-60f8dd6335f1,huma ira,halo grab. aplikasi saya tiba2 tdk bisaa masuk menu. tapi orderan masuk. sya smpe uninstal trus instal lagi. takutnyaa ribut sma driver krrn sy gabisa masuk ke aplikasi sedangkan resto statusnya buka,3,2021-06-18 15:33:39,0,"resto, menu, orderan, orderan masuk, driver"
GrabMerchant,com.grab.merchant,dcbd1cc0-b48a-4fcb-8032-75297ba49cb5,Keluarga Zakky channel,Aplikasi tidak bisa dibuka sama sekali. Sedangkan posisi warung di aplikasi grab buka. Kalau ada orderan bagaimana bisa tau kita ada orderan apa dan berapa. Seperti td pagi tdk ada notif masuk padahal posisi aplikasi grab merchant terbuka. Tiba2 ada driver datang mau ambil makanan sedangkan saya tdk dapar notif apa2. Jadi saya lihat dr hp driver makanan yg dipesan apa saja. Setelah mau siap semua baru notifikasi muncul ada pemesanan makanan apa saja.,3,2021-06-18 15:21:02,23,"warung, merchant, makanan, orderan, driver"
GrabMerchant,com.grab.merchant,fa52acec-1c91-4b0d-aa3d-639706d34b2b,Rio Takahiro,Toko masih belum buka tapi bisa menerima pesanan heh🙄,3,2021-06-18 15:15:47,0,pesanan
GrabMerchant,com.grab.merchant,7329cc11-4252-4b1a-92b5-53c538f3f302,Hypermart Paragon City,"Tolong dan mohon dibantu untuk mode sibuknya..kenapa saya buat sibuk 1 jam....driver yang datang tidak sesuai jam dan menit yang diatur...sehingga penyiapan barang pun jadi kuwalahan,dan akhirnya cek cok dengan driver..akibat driver menunggi terlalu lama...tolong sekali lagi diperbaiki.... Makasih",3,2021-06-18 12:20:51,6,driver
GrabMerchant,com.grab.merchant,67e3d5f8-5a2d-4d0e-a366-0678292f8b5b,nanik susilowati,"saya sudah ttd kontrak grab tp prosesnya lama ya? Saat mau log in krn no dan alamat email pernah di daftarkan sblmya jd untuk ativasinya ga bisa. Tau2 barusan dari drivernya ada yg mau ambil pesanan grabfood padahal tampilan menu, pembayaran dsb di aplikasi grabmercant tdk muncul krn sulit aktivasi. Mohon bantuanny untuk kendal tsb. Terimakasih",3,2021-06-17 15:23:21,0,"grabfood, menu, pesanan, pembayaran"
GrabMerchant,com.grab.merchant,eaf92701-db2e-4d57-b8d2-20b9dae179d0,Wike Widia Channel,Saya udah terdaftar di grab food tapi pas masuk di aplikasi grab merchant nya ko ga bisa masuk ya sekalinya bisa masuk tapi ga bisa aktifkan fitur grab food nya mohon bantuan nya,3,2021-06-16 21:08:53,0,"grab food, merchant"
GrabMerchant,com.grab.merchant,d660f113-bb95-455f-b7e3-cb1ccbce6e09,ANGGRE SILAEN,"Aplikasi suka ga bisa di buka, notifikasi tidak pernah muncul ,tau ada orderan hanya jika driver sudah di toko. Padahal jaringannya bagus. Tolong di benerin ya appsnya",3,2021-06-16 13:02:47,0,"orderan, driver"
GrabMerchant,com.grab.merchant,c973c574-9a59-45b6-a2dd-ed11ed9a836e,Rulin Nugraheni,"Halo kenapa yaa ini, resto sdh muncul di app grabfood tp di app grab merchant blm berubah statusnya msh diproses trus, gmn solusinya yaaa, haloo tolong dijawab yaaa, terimakasih",3,2021-06-16 11:43:54,0,"grabfood, resto, merchant"
GrabMerchant,com.grab.merchant,97a2cc94-87e8-445f-aa74-7cb9e1bac65f,Rangga Prayoga,"Kenapa seringkali ketika ada orderan masuk ke resto, nada notifikasi tidak bunyi? Terkadang harus saya ganti dulu jenis nadanya baru bisa bunyi. Tolong diperbaiki kembali. Kasihan driver harus menunggu lebih lama karena pihak resto baru tahu ada orderan masuk saat driver datang. Terimakasih banyak",3,2021-06-12 11:47:01,165,"resto, orderan, orderan masuk, driver"
GrabMerchant,com.grab.merchant,84a1c726-c543-4380-b14c-b03a401fb58c,"Hj st Rabiah,H","Kok aplikasi grab merchant saya tdk seperti yg lainnya. Mohon bantuannya, saya mau melihat tranksaksi penjualan tapi tdk bisa",3,2021-06-09 13:39:21,0,merchant
GrabMerchant,com.grab.merchant,360faa17-f477-419f-9722-d533578d68a6,Endang Trisnani,"Beberapa hari error, minta sandi baru, diinput tidak bisa2, pdhal ada orderan terpaksa batal, krn ditinggal pergi tapi toko ga bs ditutup krn app ga bs dibuka. Ternyata saya coba uninstall app grab merchant, install lagi, baru bisa masuk... duh repot bgt kan...",3,2021-06-08 18:59:24,26,"merchant, orderan"
GrabMerchant,com.grab.merchant,77a08501-93a2-4042-b529-90605f4b7a07,Janso Wonogiri,"saya Tidak bisa masuk akun saya, ada keterangan buat kata sandi, pas dibuat user Already exist terus balik lagi, sampai lebaran haji, kayak gitu aja terus, driver pada protes semua",3,2021-06-07 21:11:08,0,driver
GrabMerchant,com.grab.merchant,e43e9c44-9b21-4861-87ca-4fe4b5796806,AGUS PURNOMO,Setiap ada pesanan selalu tidak bunyi atau tidak ada notifikasi nya padahal volume udh maximal,3,2021-06-07 20:40:25,0,pesanan
GrabMerchant,com.grab.merchant,e4c6e5dd-2708-4af7-b131-fdaaa7a90f34,Bagus Alfian,tolong kasih tombol buka tutupnya dong kak biar cepet kalo warung mau buka tutup,3,2021-06-07 20:08:33,0,warung
GrabMerchant,com.grab.merchant,5a43da18-db48-4e6e-9cca-4be2e0b9d593,yanti pratiwi,knpa grab merchant pnya sya ga bisa di buka malah diem dilogo aja pdhal kouta bnyak,3,2021-06-07 19:08:47,0,merchant
GrabMerchant,com.grab.merchant,0db7be56-9f07-4f56-abed-b0be12b9f64d,nur hadi,kenapa ketika temen saya mau pesen dari jarak 6km sata di cari nama resto saya tidak di temukan?? heran sama grab gmn systemnya... ampesekarng belum bisa.. tolong i di perbaiki lagi,3,2021-06-06 21:18:58,0,resto
GrabMerchant,com.grab.merchant,f4e87f54-f4e2-415e-b359-3616b045233f,Kinkitsuya express,"Setiap bikin password utk akses aplikasi selalu muncul tulisan ""username exist"" tolong pihak grab segera diperbaiki.. krn sy gk bs akses ke pesanan selalu stuck di bikin password",3,2021-06-06 17:19:55,1,pesanan
GrabMerchant,com.grab.merchant,1ea48241-c5ee-40a1-a3b5-fcdf797b3b18,Indah Hayati,Aplikasi yg aneh sering kali tak bisa dibuka walau sdh di copot dan diinstal lagi mohon perhatinya grab merchant,3,2021-06-04 21:32:57,0,merchant
GrabMerchant,com.grab.merchant,9a962655-cb38-4bb1-bf79-1efec59f1ee9,Supraptono,Saya minta di buatkan link untuk melaporkan driver yg cancel orderan tanpa konfirmasi dgn resto krn itu adalah kode etik driver dan ada sanksinya.sering driver cancel orderan dan akun driver aman2 aja sehingga mereka tdk jera cancel orderan seenaknya aj. Tolong buatkan link untuk melaporkan driver yg cancel orderan,3,2021-06-04 19:12:17,0,"resto, orderan, driver"
GrabMerchant,com.grab.merchant,bd22b2a6-0d57-4a22-b473-0619b53c1757,Surya Smb,"tolong kasih tombol untuk tutup toko, kaya aplikasi sebelah. ribet kalo cuman tahan pesanan. kalo ada tombol tutup toko kan enak. kalo pas libur, suka lupa matiin aplikasi karena tahan pesanan ada jeda waktunya , nnti otomatis nyala lagi masuk orderan. TOMBOL TUTUP TOKO JANGAN LUPA DITAMBAHIN .",3,2021-06-03 00:47:31,30,"pesanan, orderan, tutup toko"
GrabMerchant,com.grab.merchant,5b1dcb03-a4c3-46f1-9057-18e70bf0d44b,Fitriyatul Hasanah,ini kenapa yaa lebih dulu drivernya yg datang daripada bunyi notifikasi orderan masuk?,3,2021-06-02 00:13:19,0,"orderan, orderan masuk"
GrabMerchant,com.grab.merchant,2728f11c-7625-45fb-b444-523fc06b90df,Meily Ratna,duluan driver yg dtg baru bunyi pesanan...pesanan sering dibatalkan katanya toko tutup padahal resto.saya buka...supirnya yg serimg membatalkan..padahal pesanan sudah dibuat rugiii,3,2021-06-01 21:04:10,0,"resto, pesanan, driver"
GrabMerchant,com.grab.merchant,869d89e3-e8ed-4fb8-aa56-1592ec2d49cb,Bakso Solo,Buat developer tolong dong di buat seperti aplikasi lain supaya layar HP tidak selalu on terus tetapi orderan tetep masuk.. Seperti aplikasi tetangga tuh bisa di contoh 🙏,3,2021-05-31 15:25:51,0,orderan
GrabMerchant,com.grab.merchant,574cd796-9e28-4e69-90b0-64adf544713a,Ahmad Afendi,Kenpa ya sekarng pencairan dana siang terus.. sekarng aja no kntor grabfood g bisa d tlp.. gimna kita mau jualan sedangkan d tfnya siang .. tolong dong d respon.,3,2021-05-31 14:04:24,0,"grabfood, pencairan"
GrabMerchant,com.grab.merchant,226ca4d3-8e7b-4e0b-95cb-0f71f624d2f3,Wawan Yulyyus,"Mbok yo sekali"" denger keluhan merchant jangan denger keluhan customer doang ,",3,2021-05-30 18:49:42,0,"merchant, customer"
GrabMerchant,com.grab.merchant,c6f8bcfe-a704-4398-b989-842325682cb9,dito corleone,"tidak ada notifikasi pesanan masuk kalau aplikasi lain berjalan..tiba"" driver datang. lumayan ribet aplikasinya..krg bagussss utk pemakaian",3,2021-05-29 19:37:55,0,"pesanan, pesanan masuk, driver"
GrabMerchant,com.grab.merchant,37dadd5f-6d9c-49ba-9855-3fea067630bc,hexee store,Sya kok tidak bisa menambahkan pegawai saya ke grab merchant padhal aplikasi sudah saya update . Mohon bantuannya developer 🙏🙏,3,2021-05-29 13:56:32,0,merchant
GrabMerchant,com.grab.merchant,13d2ebb7-b347-42fe-a84f-93345b976d13,Verry Bae,Kenapa di app saya gda tombol buka tutup. Jadi susah klo misal saya ga jualan. Prnah ada orderan masuk. Heran gda tombol buka tutupnya😑,3,2021-05-28 02:09:45,0,"orderan, orderan masuk"
GrabMerchant,com.grab.merchant,cf616224-5a37-4914-a777-bd0ee29cc30c,Fajar Rinjana,Kenapa tiap kali mndpat ordran suara notfkasi tidak brbunyi....pasdibuka aplkasi baru berbunyi...jadi ada beberapa orderan yang terlewatkan..itu pun kalu drivrnya nlpon kalau hnya dtang saja tidak nlpon k cnsel oerdran.khusus nya kalau ordran pada pagi dini hari..saya buka 24jm.,3,2021-05-27 02:37:58,0,orderan
GrabMerchant,com.grab.merchant,3f11a579-b3ab-41a0-8450-6d662743f5c7,Kiemy Manizz,"perbaiki dong kak sperti aplikasi sebelah yg kalo ada orderan driver gk bisa censel seenaknya sya bayak makanan yg terbuang sia"" karna driver gk mau ngambil pesanan degn alasan yg gak jelas pesenan di buatin setelah driver datang masi ini itu katanya lama dibuatin langsung stelah aplikas bunyi malah di censel pleaseee dec ahh🙏",3,2021-05-24 21:08:52,0,"makanan, pesanan, orderan, driver"
GrabMerchant,com.grab.merchant,0673b6be-e0e8-413e-b174-d7f1edbe4b60,Nicholas Montoya,"Next time baiknya pelanggan yang sudah pesan , tdk bisa tercancel walaupun belum di pick up, mungkin bisa tambahkan fitur, pesanan sedang di buat, jadi customer juga tidak bisa sesuka hati cancel. Pesanan sudah disiapkan malah dicancel, kan jadi rugi. Mohon di fixkan masalah ini Grab 👍🙏",3,2021-05-22 11:08:05,96,"pesan, pesanan, pelanggan, customer"
GrabMerchant,com.grab.merchant,23ff26e1-6979-4393-8a60-d9b1724882b6,Ipay caricature,"Kenapa saya gk bisa masuk akun seller saya, ? Mo komplain di live chat gk ada..... Klo di block kenapa gk ada notif di email.... Padahal pesanan saya masih berjalan",3,2021-05-21 09:09:40,0,pesanan
GrabMerchant,com.grab.merchant,f57e5111-b5e9-488c-b3bd-f9c8c236769e,Warung Kuningan,"Sama seperti orang lain komentar nya,, tombol buka tutup gada, iya bener gak kya di gobiz ,, dan ngaco banget maps restoran nya , alamat bnr tapi titik nya diluar lokasi luar kecamatan,, kan kacau ada pesanan masuk ya dicansel terus karna siapa yg mau ambil driver pun gamau karna gak sesuai titik nya. Restoran tutup otomatis , gada tombol nya buat buka restoran,, masih perlu pembenahan biar sama sama enak gampang juga ,, bukan untuk membandingkan emang betul ko gak sperti digobiz fitur nya",3,2021-05-15 23:58:10,16,"restoran, pesanan, pesanan masuk, driver"
GrabMerchant,com.grab.merchant,d2fcbf51-9855-4b08-8b56-71233acb09e4,Keenan.syarief,Tolong di revisi kembali sya menemukan byk merchant yg delay order nya tapi di mitra tidak. Setelah sampai resto baru di pihak merchantnya masuk ordernya. Sering sekali mhn tim Dev rebulid kembali.,3,2021-05-15 15:08:06,0,"resto, merchant, mitra, order"
GrabMerchant,com.grab.merchant,1dbd97d2-0ca3-480b-af49-a4ce58619487,Lya Novero,"Aplikasinya agak sulit saat ada orderan masuk notifikasi ga masuk, setelah driver datang untuk ambil orderan notif orderan baru bunyi notifnya lalu saat aplikasi di hp saya penuh tiba2 aplikasi ini hilang dan saya harus download kembali dan susah",3,2021-05-10 17:39:06,0,"orderan, orderan masuk, driver"
GrabMerchant,com.grab.merchant,9a6dea98-57f2-4762-9a8a-485155d4dc3f,Aulia Abubakar,"Tolong perbaiki alamat mitra merchantnya dong. Kasihan drivernya, pemilik toko dan yang alamat yang punya titik (didatangi sama driver). Padahal alamat toko jalannya sudah benar, tapi titiknya yang salah. Untung drivernya baik masih ramah ngasih taunya.",3,2021-05-10 14:53:12,0,"mitra, driver"
GrabMerchant,com.grab.merchant,bf183238-308a-459c-aeeb-1fabb14e3ac8,Anita,"Kasih 3 dulu, karna suka gamau kebuka jd pas ada orderan gatau. Tau tau ada abang grab dateng aja",3,2021-05-10 03:17:30,0,orderan
GrabMerchant,com.grab.merchant,6144b137-7753-450c-866d-7437dc8fe0d2,Hengky Nugroho,"Buka tutup tokonya terlalu ribet & kalau aplikasinya tdk dipantengin trus tiba2 ada orderan masuk tanpa bunyi notifnya,kasihan drivernya udh ambil orderannya ternyata toko tutup..mohon segera diperbaiki & dirubah..semoga kedepannya lebih baik lagi..salam satu aspal",3,2021-05-09 15:28:23,0,"orderan, orderan masuk"
GrabMerchant,com.grab.merchant,692ceddf-9e5d-4e95-823e-34b641475fd5,riyadh setiawan,Tolong perbarui lagi buka tutup toko nya agar bisa simple dan gampang ketika toko lagi rame terus stok abis..makasih,3,2021-05-09 08:09:55,0,tutup toko
GrabMerchant,com.grab.merchant,aab14d49-9c6c-42da-a581-6953d6c9a61a,Boim Cuplis,orderan lumayan selama bulan ramadhan ini saya juga gk ikut promo karna aplikasi memotong persenan nya juga lumayan klw ikut promo atau nurutin aplikasi bisa bisa kita bangkrut krna hanya pihak aplikasi yg gk pernah rugi dan saya harap grabmerchant ini bisa sedikit di tambahkan buka tutup secara manual jangan di otomatiskan karna kebanyakan orng yang menggunakan aplikasi ini keberatan dgn hal tsb jadi tolong buat pihak depelover untuk segera menerapkan buka tutup manual,3,2021-05-09 02:13:52,0,"orderan, promo"
GrabMerchant,com.grab.merchant,5c3e341a-8745-4e0f-8145-302115755a6c,Andry Rachmadani,"kalo bisa di buatkan pencarian dana mandiri kaya aplikasi sebelah, jadi untuk pencairan dana bisa lebih flexibel ga harus nunggu siang, jadi bisa buat muter modal lagi.",3,2021-05-08 20:36:16,0,pencairan
GrabMerchant,com.grab.merchant,1fa0e5be-5f1a-49aa-a7c2-5ebd6b101856,Eflin Triana,Saya mau tanya... ini kan sudah dowonload GrabMerchant nya. Nah mau masukin daftar menu sama harga lewat mana ya? Terimakasih,3,2021-05-07 19:14:54,0,menu
GrabMerchant,com.grab.merchant,188edc68-9e41-4b10-a867-861376cbef6c,Joko Purwanto,Sudah semakin baik peningkatan nya. Saran dari saya terus selalu dikembangkan fitur2 layanan nya. Terutama untuk mempermudah penggunaan aplikasi buka tutup toko. Tolong buat pengembang bisa menambahkan fitur tombol buka tutup toko. Karena sampe sekarang proses pengaturan buka tutup toko masih terkesan ribet.,3,2021-05-07 12:27:44,9,tutup toko
GrabMerchant,com.grab.merchant,b5e61c14-dd67-4194-863d-0f5a4521edca,Cicih Cahlia,Kenapa kalo grab mudah banget untuk membatalkan pesanan.coba deh perbaiki seperti gopood barang yang sudah di pesan tidak bisa di batalkan.sangat merugikan banget resto sudah repot repot bikin pesanan nya tiba tiba di batalkan.😞,3,2021-05-05 23:33:21,0,"resto, pesan, pesanan"
GrabMerchant,com.grab.merchant,a121aa9d-de77-468d-a9c9-7564f5c6c77c,Chairo Ardianto,Selamat siang. saya mau bertanya. saya daftar grab merchant namun status saya didaftarkan sebagai kasir oleh pihak grab. Apakah itu sudah sesuai? Saya tidak bisa mengendalikan penuh outlet saya sedangkan saya sebagai pemilik outletnya. lalu bagaimana saya mendaftarkan pegawai saya di hp satunya sedangkan status saya hanya sebatas kasir?,3,2021-05-05 13:54:13,0,"merchant, outlet"
GrabMerchant,com.grab.merchant,5516d12a-c81f-4121-9643-7621e2aa73cb,Etin Rosliatin,"aplikasi nya seringkali tidak bisa dibuka dan log out sendiri, dan saya agak terganggu dengan limit perubahan dalam menu grabmerchant yang hanya 3 kali dalam sebulan",3,2021-05-05 12:21:42,0,menu
GrabMerchant,com.grab.merchant,14aad3d4-a713-4571-bab0-3ea8a1025a9d,Mama Amy,"Kenapa yaa kok rating resto saya turun, apa sebab nya yaa ..Padahal saya ngk pernah nolak orderan...mohon jawaban nya...tlng untuk buka tutup resto nya diperbaiki lg, jika libur lama kita pihak resto ngk ribet, soal nya kemaren ada driver yg email pihak grab, dan pihak grab email balik saya, saya disuruh perbaiki jam buka, sedangkan saya libur lama karena sakit, dan saya pihak resto yg disalahkan",3,2021-05-04 20:34:39,10,"resto, orderan, driver, jam buka, rating resto"
GrabMerchant,com.grab.merchant,ed8e5538-5aae-41d0-a60e-8aee67b7ad8e,Bismi Bee,"Terimakasih grab sudah memberikan kemudahan untuk berjualan dan untuk beli makanan, tp kenapa ya dr dulu aplikasinya harus di refresh dulu baru mau bunyi notifikasi nya.. Tolong diperbaiki yg ini, dan juga akhir2 ini aku sepi orderan gatau kenapa eh ternyata baru mergokin kalau tiba2 pesanan ditahan sendiri dan waktunya lama sampe 2 jam..",3,2021-05-04 17:40:04,10,"makanan, pesanan, orderan"
GrabMerchant,com.grab.merchant,528f5321-739e-4c4f-a0a4-07e15b2b09a1,lili hendra,"-Tidak ada fitur search pd aplikasi, harus cari manual untuk on off in barang. Repot -Mau buka tutup toko harus masuk ke pengaturan toko, atur lg jam nya, ga bs lsg otomatis. -fitur opsi hrsnya lsg aja gabung sama katalog barang, jd ga kerja 2x bkin opsi lg.",3,2021-05-03 11:24:31,12,tutup toko
GrabMerchant,com.grab.merchant,5ef85bf9-7d75-4def-9cc4-5f21e5364e3d,ivan rahayu,makin kesini makin gak jelas.... pembayaran juga 2 hari ..... mending kyk dlu,3,2021-04-30 13:19:15,0,pembayaran
GrabMerchant,com.grab.merchant,50eb0c7d-f6bc-48b2-a647-5ca757f3094d,Sabdo Widodo,"Kenapa resto saya, NASI GORENG KAMBING JALAN GAJAH MADA belum bisa update ke tipe terbaru? Padahal sudah berulang2 saya update, tapi tampilan masih yg lama. Terima kasih",3,2021-04-30 01:53:19,0,resto
GrabMerchant,com.grab.merchant,4d41a92e-cbe9-4f7e-9640-b792dde58036,Serly Wijaya,ribet mau mendaftar kan grab merchant food tidak seperti go biz gampang langsung selesai,3,2021-04-30 01:21:44,0,merchant
GrabMerchant,com.grab.merchant,c4eb0cc9-ebbe-4bc3-8cb9-ac13211a90d3,Yayuk Riwani,saya bingung dengan tampilan depan resto grabmerchan..susah ngatur nya,3,2021-04-26 11:05:25,0,resto
GrabMerchant,com.grab.merchant,25a404ce-d2b5-4627-ac0a-0d1a604115ba,Agusmaulana Maulana,KO GAMBAR MENU SAYA BLM ADA,3,2021-04-25 12:52:37,0,menu
GrabMerchant,com.grab.merchant,b6ff3244-9970-432f-acf2-032861a55f59,Ica Ica,"Bagus sih,cuman kurang banget orderan yg masuk grabfoodnya....",3,2021-04-24 10:26:23,0,orderan
GrabMerchant,com.grab.merchant,afc6f7a2-3925-4b04-bf01-b22cf686fb18,Nurjanah Mom,Sayang tpi ordeannya hmpir tdk dpt dlm tiap blnnya.apakah kmi hya resto rumahan kah?tdk sllu ikutin promo yg di rekomendasikan dr grab merchant 🙏🙏,3,2021-04-23 10:44:21,0,"resto, merchant, promo"
GrabMerchant,com.grab.merchant,9c5320d2-7922-4b3e-a48e-853e49472037,Gino G sebastian Gino G sabstian,gimna nih baru aja sepeken sudah balik lagi ke awal aplikasi ya jdi gak bisa lihat hasil bersih pendapatan,3,2021-04-22 11:34:19,0,pendapatan
GrabMerchant,com.grab.merchant,089474e7-3b68-4da5-9316-625aad4a3ab4,Mei Sha,Notifikasi pesan sering terlambat. Begitu driver datang baru bunyi. Mohon untuk diperhatikan,3,2021-04-22 08:11:54,0,"pesan, driver"
GrabMerchant,com.grab.merchant,3bae04a2-eaa3-4e4b-8cf5-9a8425d332ed,Arya Agunk,Di benerin lagi dong biar fto restoran bisa di ganti2 sendiri.... Kaya punya tetangga,3,2021-04-21 16:04:27,0,restoran
GrabMerchant,com.grab.merchant,a605af10-bdf6-43bc-b0d4-4c8a421be04d,efishces06,"Why??? Grosir di grab Merchant ku tak bisa buka ""gangguan, coba lagi nanti"" pasti itu terus keterangannya! Padahal quota paket oke, wifi juga ON.",3,2021-04-21 15:24:55,0,merchant
GrabMerchant,com.grab.merchant,123cb1ae-9a72-4b71-abd0-e987d7e3f603,Pakkumis Kumis,Saya kasi tiga klobagus bisa tambah bintang Mohon bantuannya.. mau daftar grab food,3,2021-04-20 22:24:43,0,grab food
GrabMerchant,com.grab.merchant,eb414343-18a3-4bbc-ba25-d5302896cd2d,RDC Jumri Saputra,Gimna cara nambah menu nih gak bisa,3,2021-04-19 19:20:46,0,menu
GrabMerchant,com.grab.merchant,92a64b8b-9ebe-47df-a9eb-d6101c8a0bde,Siti Aisah,Karena Skrang orderan jarang masuk,3,2021-04-18 20:11:16,0,orderan
GrabMerchant,com.grab.merchant,262eacb4-5b46-451d-9a08-905abce309b3,Ari Mardani,"Ada respon,bintang naik, tp masih tetep, klik daftar dari aplikasi grab merchant, mengarahnya ke web, tetep gak bisa daftar lewat aplikasi langsung, smg kedepan lebih baik,",3,2021-04-18 04:48:26,0,merchant
GrabMerchant,com.grab.merchant,dbaed442-5630-4bc6-9ba9-f96b15ff48bb,Azzam Rambu,"Gimana ini paman,setiap ada orderan tidak ada notif tau2 driver nongol saja.... Dan saya tidak bs mengakses ganti menu,harga dan foto hmmm tolongg pamannn saya sangat sedih",3,2021-04-18 01:30:01,0,"menu, orderan, driver"
GrabMerchant,com.grab.merchant,fd41a74e-c7e1-4769-a3f2-6a2887f15311,Ma'ruf 123,"Di aplikasi trtera saldo akan di tf ke bank h+1 atau nggak di tngah malam tapi kok selama sy memakai apk uang d tf setelah 2-4 hari baru masuk rekening, dan yg trakhir saldo dri tgl 13 sampai sekrng pun blm masuk rekening",3,2021-04-17 12:54:38,0,saldo
GrabMerchant,com.grab.merchant,277a787f-50be-460c-89de-a583b363f731,Oriza Production,Harusnya grabfood ada fitur cetak struk seperti gobiz.. kelamaan jika kita input ulang nota penjualan kita.. ayo lah diperbaiki lagi.. karena semua driver pasti minta struk.. tolong di benahi biar memudahkan para penjual.. trimakasih,3,2021-04-17 08:23:43,11,"grabfood, driver"
GrabMerchant,com.grab.merchant,695a5811-f246-4aad-be29-2b83d56dd2cb,Jia Jia Chinese Food,Kak kenapa yah jarang bgt ada notifikasi saat adanya orderan? Kadang bunyi kadang ngga. Oiya apa bner grabmerchant ini ada top up sandi baru? Karna saya ada telpon dan WhatsApp dari orang grab katanya suruh top up sandi baru? Mohon jawabannya,3,2021-04-16 13:16:42,0,orderan
GrabMerchant,com.grab.merchant,cef75c0d-a003-4dd1-8b40-72e172085a07,Dedi Supriadi,"Maaf saya kasih bintang 3 dulu Kenapa ya grabMerchant saya kadang bisa login kadang tidak bisa login aplikasinya,tapi banyak tidak bisa aplikasi loginnya, takutnya ada orderan masuk saya tidak bisa lihat pesanannya gimana mohon penjelasnnya,,🙏",3,2021-04-13 07:50:13,0,"orderan, orderan masuk"
GrabMerchant,com.grab.merchant,60c5ad78-e499-4aa6-b597-5179b6ea5247,Pengguna Google,"Sudah disetting jam buka, tp di aplikasi tidak bisa brubah buka. Tutup terus",3,2021-04-11 13:40:21,0,jam buka
GrabMerchant,com.grab.merchant,b036a612-aeab-4e42-9478-e1cfe04211f9,BOIM AR,Payah gak bisa edit untuk tambah menu. Hanya bisa hapus menu pesanan,3,2021-04-11 11:56:38,1,"menu, pesanan"
GrabMerchant,com.grab.merchant,351f8701-dba0-46b1-bfe6-6ec08545d7f7,Satrio Legowo,Titik gps resto saya kenapa pindah sendiri ya? Bedanya 1km. Gmn ini knp bisa pindah. Pdhl alamat yg di app sama. Tapi titik gps nya berubah. Haduhh,3,2021-04-11 01:19:31,0,resto
GrabMerchant,com.grab.merchant,a5ce569e-2e0f-458d-bd58-0588b91c194d,Berita Viral id,Karena update sistem sekarang gabisa daftar pakai grab merchant lagi katanya tgl 13 apakah benar???,3,2021-04-08 22:52:25,0,merchant
GrabMerchant,com.grab.merchant,eeabc922-456c-4bd9-93e2-b549c0df9ba4,Doni Aan,"Notifikasi nya donkk, tolong.. kadang suka di omelin Ama driver gara gara gak lihat hp,, pdhl kalo waktu ngelayani nggk sempet megang hp tau tau Driver dateng. Kalo notifikasi nya nggk bisa bunyi ya udah Ku debat driver yg suka ngomel😂🙏",3,2021-04-08 05:40:10,0,driver
GrabMerchant,com.grab.merchant,61ce02c8-3486-4662-8bc7-f6d4df3645a1,ubay_wiro,"""Roti Bakar Wiro"" pengging,,,2 kali transaksi tidak masuk ke rekening,,,entah kenapa,,,hri ini ada orderan lagi semoga lancar tidak ilang lagi uangnya😭😭😭",3,2021-04-07 19:17:21,0,"orderan, transaksi"
GrabMerchant,com.grab.merchant,3f9d2dc6-43ee-4733-8628-f228c45431e3,Gide Ok,"Aplikasi terbaru sptnya sangat kurang bagus. 1. Driver datang, baru ada notif di kami, kasihan para driver nunggunya. 2. Skrg sdh tidak bisa screenshoot lagi, kenapa ? Sdgkan itu sangat berguna utk buat struk & sbg bukti jika terjadi sesuatu spt adanya order fiktif. Mohon kiranya dr pihak Grab, dpt memperbaharui aplikasi ini agar sama2 menguntungkan baik dr pihak Grab sbg pengelola aplikasi, pihak Driver & kami pihak Merchant. Terima kasih banyak. Kami tunggu yah utk pembaharuan aplikasinya.",3,2021-04-07 17:45:15,35,"merchant, order, driver"
GrabMerchant,com.grab.merchant,fef88dd6-2736-46f1-9870-ab12b7197b76,wLs Prbwo,Di update kok titik resto berubah yah???,3,2021-04-07 12:49:12,0,resto
GrabMerchant,com.grab.merchant,529c02ed-93f0-4148-97f2-2c55d1915b43,Suranto Zloer,pengalaman saya pakai aplikasi yg baru nggk bisa di screen shot. jadi waktu hp orderan saya bawa. saya nggak bisa kirim orderan ke karyawan saya. auto nggk bisa cetak struk. dan saya harus pakai 2 hp. biar bisa kirim gambar. nggak seperti aplikasi sebelumnya..tolong di bantu ya. biar nggak nyusahin. mks,3,2021-04-06 22:12:39,2,orderan
GrabMerchant,com.grab.merchant,97652bcd-e8ac-4624-9665-c62f3833e97e,Eka Oktafiana,"Yth. Grab food Ind. Saya Wirausaha Penggunaan Grab Menchat. Maaf, Saya ingin memberi masukan utk aplikasi Grab Food, Fitur GrabFood bisa dibuat manual dalam menerima pesanan (maksudnya tidak otomatis Terima orderan krn utk menyesuaikan stok yg ada), dan yg lebih penting notifikasi ketika pesanan masuk tlong dibuat ada suara notifikasi saat masuk. Bukan saat kita baru buka aplikasi. Sering terjadi driver grab food sdh datang ke resto tapi tidak ada notifikasi orderan masuk sbelumnya. Trmksh",3,2021-04-06 09:54:19,9,"grabfood, grab food, resto, pesanan, pesanan masuk, orderan, orderan masuk, driver"
GrabMerchant,com.grab.merchant,2bc4483a-f1e0-4691-a985-bfafdf729e23,rohman nuryadi,"Knpaa sekarang gk bisa diss padhalmah kan sangat berguna saat saya sedang tidak berada dioutlet dan yg jaga outlet bukan saya,,jika ada orderan bisa saya ss dan kirim ke yg jaga outlet untuk dipoto drivernya",3,2021-04-05 11:30:37,0,"orderan, outlet"
GrabMerchant,com.grab.merchant,1fbf4c0d-e247-4d7d-87c4-1150e7d99de9,Ading Ding,"Setelah di update ga bisa screen shot Jadi repot transaksi harus bikin nota, Bikin susah mitra nih,kalau tdk bisa screen shot harus ada menu cetak struk,biar transaksi jadi mudah,dan sekarang notip baru masuk ketika driver udah sampai di merchant,jd ketika app tdk di buka tdk ada notip,tolong perbaiki terima kasih",3,2021-04-04 16:07:58,0,"merchant, mitra, menu, driver, transaksi"
GrabMerchant,com.grab.merchant,34869938-f35b-4035-9f18-0da0724eaeb1,asep mulyadi,"Ko persi terbarunya tidak bisa Screenshot ya kan jadi lama kalu harus di tulis di note mah apa lagi kalu restoran y, lagi rame bikin pusing.....",3,2021-04-03 22:32:16,0,restoran
GrabMerchant,com.grab.merchant,369c5958-fb16-429e-8481-be02c8437b00,zaenal abidin,Lumayan lah walaupun cuma 3 orderan setiap harinya yang di dapat . Syukur2 d kasih bnyak order setelah ini . Nanti saya kasih *5,3,2021-04-01 09:03:19,0,"order, orderan"
GrabMerchant,com.grab.merchant,4c8ac56c-5043-4fc7-9455-5d09c457247e,Jeff saputra,"Update yang paling penting dan sangat Vital... Update fitur bunyi kalau ada pesanan masuk, kalau orderan banyak Repot sekali karena belum siap, Driver dan Customer sering mengeluh karena keterlambatan.",3,2021-04-01 06:39:14,0,"pesanan, pesanan masuk, orderan, driver, customer"
GrabMerchant,com.grab.merchant,a21fca98-8a96-4aa4-8602-98e1bf49eae6,Tak Uk Uk Uk,Ini kenapa ya? 1.setelah d update g bisa screen shoot untuk print nota? 2.tiba titik koordinat toko saya jadi berubah ke tempat toko yang lama? Setelah update kq jadi tambah kayak kini? Tolong dong d perbaiki...kasian para driver jga udh keliru ke titik koordinat yg lama,3,2021-03-30 19:19:32,26,driver
GrabMerchant,com.grab.merchant,876f3179-e711-4ad8-a867-cce499024a7f,bone heru,"Mohon info, setelah aplikasi di update. kenapa orderan tidak bisa di screnshoot. Mohon penjelasanya..",3,2021-03-30 18:05:30,0,orderan
GrabMerchant,com.grab.merchant,f5f3141d-8e19-48e8-9b27-1f4e488ff530,Yudha Rahayu,Tolong tambahkan menu ganti map mandiri,3,2021-03-29 16:44:16,0,menu
GrabMerchant,com.grab.merchant,e108032e-065a-4c29-8b9f-6505f7c282d9,Fillio Averros,"Selamat sore min,ini saya sudah berhasil login tapi tidak ada daftar menu nya ya di app saya?email penanda tangganan kontrak jg blm masuk2 sampai sekarang?",3,2021-03-29 14:55:22,0,menu
GrabMerchant,com.grab.merchant,50c10baf-96ec-4d2a-b0a3-d1cd29a9ebaa,Yuti Alita sari,"Dear,Grab Merchant.Setelah di-update sama sekali ga bisa screen capture padahal pelanggan paling banyak di Grabfood.",3,2021-03-29 14:11:01,0,"grabfood, merchant, pelanggan"
GrabMerchant,com.grab.merchant,e10b975d-86e0-4db5-b421-d09b0ced4ee2,Endang Susanti,Ada orderan aplikasi tdk bisa di buka ...bgm ya,3,2021-03-28 19:21:25,0,orderan
GrabMerchant,com.grab.merchant,bca41d64-ce95-40c9-877c-b013db756dfa,Bektim Talen Pluit,"Toko saya belum Resto Pilihan, mau upgrade atau tutup akun. Saya kesulitan menghubungi Cust Service. Tolong bantu saya.",3,2021-03-28 18:46:42,0,resto
GrabMerchant,com.grab.merchant,ea9c9f01-c200-4417-bdb2-c77dabbcd9d5,Andy arfianto,"Saya mau daftar sebagai grabfood tapi saya mau verifikasi email kok malah invalid URL terus sih , tolong bantuannya",3,2021-03-28 13:15:27,0,grabfood
GrabMerchant,com.grab.merchant,4c60df0e-1965-4f17-8835-64aa4411f7d5,Ike Kesumawati,"Dear grab merchant, setelah di update ternyata ordeeraan masuk ga bisa di screen shot, otomatis saya tidak bisa print nota. Harusnya dari grab bisa pertimbangkan sebelum meng update grab merchant, kami resto kecil jadi semampu kami beli print nota yg terjangkau. Kalo sudah begini kami harus mencatat nota lagi secara manual. Sedangkan driver saja harus di waktu setiap terima orderan food masuk. Bagaimana kami harus cepat bekerja sedangkan harus mencatat nota. Tolong di perhatikan utk kami yg keci",3,2021-03-27 22:17:55,32,"resto, merchant, orderan, driver"
GrabMerchant,com.grab.merchant,ca113632-032b-46cb-ae2c-67c8d5e4d9fc,Grend Tailor,Notifikasi pesanan kok gak bunyi ya,3,2021-03-27 17:19:10,0,pesanan
GrabMerchant,com.grab.merchant,2b65c531-21e0-4edc-88d4-fea3443bc737,Lily Hayati,"sangat di sayangkan bagi kami sebagai mitra grab,grab merchant nya suka tiba-tiba log out dengan sendrinya,dan biasa pas kami coba log in kembali tidak bisa2 loh,seperti yg terjadi sekarang ini pada akun grab merchant kami tolong di perhatikan untuk masalah ini mohon di perbaiki karna sangat2 merugikan atas masalah ini,dan terjadi berulang2,ini sudah terjadi kesekian kali nya di akun saya 🙏🏻🙏🏻🙏🏻mohon perhatiannya !!!",3,2021-03-27 04:41:12,11,"merchant, mitra"
GrabMerchant,com.grab.merchant,4ff06fe4-be04-4872-8bb2-0d16f36ec5cf,Asti Handayani,"Maaf min mau nanya, sy kan sudh daftar grab merchant namun ketika sy mau masuk/log in di aplikasi nya ko tdk bisa ya. Terimakasih",3,2021-03-26 12:19:49,0,merchant
GrabMerchant,com.grab.merchant,25063758-38c6-4b43-997b-a4997fe13f20,Nanda Channel,"Saya udah daftar sukses aktif ,tadinya bisa login,dan kenapa skrng gk bisa buka aplikasi nya,diam aja gambar hijau grab merchant ,mohon bantuanya..jadi kalau ada yg beli makanan ke resto gimana,gk bisa buka..",3,2021-03-24 14:31:45,2,"resto, merchant, makanan"
GrabMerchant,com.grab.merchant,dc9f88d2-5b86-499e-a8c8-3cfdc7336a55,Siti Casmui,kenapa tidak ada pilihan edit menu dll ya k? jadi blm bisa di gunakan grabfoodnya...,3,2021-03-23 22:41:44,0,menu
GrabMerchant,com.grab.merchant,e767f445-609c-4ff1-8b3c-c0f63be6dfdf,Agus Setiowan ok,"Apliaksi grabmerchant fouclose terus jadinorderan masuk gak tau merchant bubur ayam.khas Cirebon neng Nita tolong di tanggani,,terjadi sejak siang tadi",3,2021-03-23 20:01:04,0,merchant
GrabMerchant,com.grab.merchant,66a02469-66d0-4de3-8155-920d1b9fc5e8,Asan Hakim,"Tolong untuk applikasi ny diperbaiki, sekrang banyak driver yang menyuruh batalkan tanpa alasan yg jelas, sedangkan disana pilihan nya hanya mengapa restoran menolak",3,2021-03-23 19:34:31,0,"restoran, driver"
GrabMerchant,com.grab.merchant,526f6d0b-1255-4049-ab82-f3da67f7434e,Armando Gani,"Mohon bantuannya, saya ingin melalukan aktifasi aplikasi ini, langkah pertamanya saya diminta melakukan aktifasi ovo demgan memasukan nomor telepon dan email dan setelah saya masukan dan mendapatkan kodenya saya masukan kodenya ada notifikasi bahwa nomor hp saya sudah digunakan padahal saya baru mau melakukan aktifasi dan memasukan menu harga dan lain2.",3,2021-03-22 20:10:28,0,menu
GrabMerchant,com.grab.merchant,ef3947e2-e3db-419c-8674-04d091b0ccd6,Jojo Adnandho,"Siang grab merchant.. Maaf q kshbntang 3 dlu.. sy dftar grab sdh ttd prjjian.. Tp kok verifikasi data sy gagal .. Mohon bntuany trimaksih..sy sdh brkli"" mmprbaiki foto dpn toko usaha rmhan ktanya sruh prlihat kan banner dn si pmilik.. Sy sdh krim foto yg lbh terng tp ttp blm brhasil aktivasi .. Tlg di bntu ..",3,2021-03-22 13:49:23,0,merchant
GrabMerchant,com.grab.merchant,3ea86fa8-0308-4a7e-8dfa-fa52ce07b313,Chocology Drink,"Sebelum nya terimakasih untuk pihak grab yang telah mengijinkan resto saya bergabung di grabfood,saya sudah bergabung di grabfood 1 bulan tapi tak kunjung order datang 1 pun,karena resto saya di apk grab tidak terlihat. Coba pertimbangkan kepada tim terkait,seharus nya resto yg baru bergabung terlihat ketika pelanggan membuka menu di aplikasi grab . Tujuan nya agar mendapat pelanggan .",3,2021-03-21 22:15:59,0,"grabfood, resto, menu, order, pelanggan"
GrabMerchant,com.grab.merchant,48750369-3f58-4f6e-bd6e-f9b6fa3d7484,Ecco sepriyan,"Saya sudah daftar d grab merchant,sudh di blz juga email sy dan sy sudh ttd kontrak yg dikrimkan o/ pihak grab dengan format pdf, tpi smpai sekrg ttp blum bza aksess grabmerchant sy.mohon bntuannya",3,2021-03-21 18:19:38,0,merchant
GrabMerchant,com.grab.merchant,be6c90af-f9cc-4837-b440-91d1b11ba3a8,Saeful Iman,Tolong fitur kontak cs pemesan di tiap orderan di hilangkan saja.. seperti gobiz!,3,2021-03-20 13:46:40,0,orderan
GrabMerchant,com.grab.merchant,3a8afa07-de5b-4e15-beea-c46d83e5d633,Siva Mahesa,Ini mengapa ko resto saya berada di bawah tanpa kesalahan kami... Mau laku gimana kalo resto buka tp tidak bisa tampil di beranda... Payah ini... Jatah tetangga sebelah lebih bagus dan transparan,3,2021-03-17 20:37:24,0,resto
GrabMerchant,com.grab.merchant,a8e9bdf1-fcec-4aea-b457-c76f980c140f,Djoko Herdit,aplikasi bagus cm klo ada orderan masuk ga kedengeran walaupun notif kencang tp harus buka aplikasi dlu ga seperti tetangga sebelah,3,2021-03-17 19:42:26,0,"orderan, orderan masuk"
GrabMerchant,com.grab.merchant,a51f2353-a2aa-4647-b48c-9bce329a0f05,Marini,Aduh gimana ini saya update malah parah.notif pesanan masuk setelah driver sampai yg ada kita keteter liat stok dan kena oceh gara2 pesanan blom di buatkan posisi rame kan custumer ga cuma 1 bukannya makin baik malah makin parah.nyesel update,3,2021-03-16 21:36:01,0,"pesanan, pesanan masuk, driver"
GrabMerchant,com.grab.merchant,3e5460f3-ac5c-401f-b4e7-f369e538f059,Yogi Setiawan,"Saya mau login lewat otp enggak bisa bisa , saya lupa pass tapi lewat email dan otp enggak bisa bisa . ini toko blm says tutup karna stok habis . kasian driver nya kalau masuk orderan tapi ke cancel",3,2021-03-16 09:12:09,0,"orderan, driver"
GrabMerchant,com.grab.merchant,1c428a5c-4193-46c5-8408-1335ae876783,Setia Cafe,"Toko saya sudah terdaftar dan aktif ,tapi kenapa tiba-tiba harus mengaktifkan ulang,semakin membingungkan saja ,bagaimana kalau ada pesanan masuk ?",3,2021-03-16 02:28:58,0,"pesanan, pesanan masuk"
GrabMerchant,com.grab.merchant,00b7f647-c86f-488f-a399-4f30b4e14f88,Andrie Prastya,Kenapa ga bunyi suara sama sekali saat ada orderan jadi saya belum siapin makanannya!,3,2021-03-14 20:24:56,0,orderan
GrabMerchant,com.grab.merchant,7343cf93-c4d8-4e87-a233-b59acbe7ee6a,Arwan Sutrisno,"Secara penggunaan sdh bagus. Tapi ketika Resto libur sehari, seterusnya Resto akan sepi order. Dan aplikasi tiba2 sering error. Mohon atensinya.",3,2021-03-13 23:39:08,0,"resto, order"
GrabMerchant,com.grab.merchant,bc3a7474-41b0-4059-ae9f-bf66a63ab385,Muhammad Syarwani Abdan,"Kepana aplikasi Grab merchant untuk grabfood saya tidak bisa d buka. Saya tunggu selama 5 menit tidak juga kunjung terbuka. Teralhir saya buka waktu pendaftaran Karna sering seperti itu. Saya jadi malas buka. Nah tadi waktu orderan grabfood saya masuk. Driver tidak bosa memfoto kode nya. Saya buka playstore mungkin blm di update Setelah saya update ternyata masih juga seperti sebelumnya tidak kunjung terbuka aplikasinya. Seburuk""nya sinyal saya lah Mungkin itu laporan saya",3,2021-03-13 19:28:12,16,"grabfood, merchant, orderan, driver"
GrabMerchant,com.grab.merchant,93f52681-b654-4df9-9277-e46b69df90c9,olive Rondonuwu,"Pesanan tidak ada bunyi notif masuk, akan berbunyi jika aplikasi dibuka😞 apalagi saat sibuk tiba2 driver datang dan blm disiapkan karena tdk ada notif☹️😩",3,2021-03-13 12:10:25,0,"pesanan, driver"
GrabMerchant,com.grab.merchant,6dd59fce-3dab-43d8-b149-c1d370da832b,Ofa Project,abis pembaharuan kok gk bisa tutup toko?,3,2021-03-13 01:51:03,0,tutup toko
GrabMerchant,com.grab.merchant,529f0d51-31d4-45ea-a9e0-1fa25592ef96,Dicky Noerzaman,kenapa sih nie grabfood ini gak jelas udah daftar terus ada system kontrak kan saya udah tanda tangan kontra masa tanda tangan lagi sih ribet banget di banding aplikasi sebelah gk ribet gini tolong donk klo udah tanda tangan udah muncul lagi gimana coba tadinya gua berharap dagang di grabfood ini.malah gini gak jelas kalau gak hapus dokumen gua buang buang waktu aja dan mengharapkan aja,3,2021-03-12 19:24:33,0,grabfood
GrabMerchant,com.grab.merchant,1aeb022a-b142-49c3-beee-9ffa965ef1e4,Bucut Srulloh,menurut saya praturan tentang kode etik yg d brlkukan ke resto.. kurang tepat.. yg saya tkutkn yg melapor ke pihak grab .orang yg ngga suka / kompetitor kita..mohon d kji ulang,3,2021-03-12 15:54:38,0,resto
GrabMerchant,com.grab.merchant,da866d15-316f-4847-accf-1734193e075b,dira ratna,"Hallo admin tolong dong kalau diaplikasi Grab (Grabfood) jangan yang muncul diawal yang ratingnya tinggi tapi yg terdekat dulu karena sulit buat usaha untuk maju karena berada dibawah karena Resto yang baru dan belum ada rating sulit mendapat orderan. Kalau mau cari rating biar customer yang atur sendiri. Contoh dong seperti aplikasi tetangga. Notif jg tidak berbunyi kalau hp tidak standby, mohon ditindak lanjuti. Terimakasih.",3,2021-03-11 07:27:29,0,"grabfood, resto, orderan, customer"
GrabMerchant,com.grab.merchant,06534384-cb4b-44dc-85b7-5b329643ce9b,nur khalifa,Belom ada orderan masuk sama sekali dari bulan oktober 2020 smpe saat ini,3,2021-03-11 01:01:00,0,"orderan, orderan masuk"
GrabMerchant,com.grab.merchant,f33658bb-e50f-428c-8617-e7f7204681b5,Sania Nia,Aplikasi saya kok bagian menu tidak ada,3,2021-03-10 22:27:01,0,menu
GrabMerchant,com.grab.merchant,795b579e-58fd-43fb-bc41-ac9147ab9e3b,Muqtadirul Aziz,"Dari segi aplikasi sdah lumayan, walaupun agak ribet saat update harga atau yang lainnya. Kalau dari segi bisnis kurang membantu kalau ada promo, karena promonya tanpa pemberitahuan kepada merchant padahal merchant tdak mengajukan promo tersebut, sehingga merchant mengalami kerugian yang signifikan.",3,2021-03-07 12:18:31,13,"merchant, promo"
GrabMerchant,com.grab.merchant,93043dff-f5a0-4ea2-82e4-88f1e43bb068,Ekopry Wahyudi,Mohon bantuannya.. aplikasi saya belum aktif.. tetapi kok bisa masuk orderan nya ke driver.. sudah 3 x orderan di batalkan driver .. karena aplikasi saya blm aktif.. driver nya marah sama outlet..,3,2021-03-06 10:04:55,0,"orderan, driver, outlet"
GrabMerchant,com.grab.merchant,6d86fb60-735c-4dd1-a830-964eff2d6349,UUL21 official,"Minta bantuannya dong, kok grab merchant aku gak ada pilihan menu yah Cuma beranda, pesan sama akun Minta bantuannya aku pemula jualan di grabfood 🙏☹",3,2021-03-04 20:42:04,0,"grabfood, merchant, menu, pesan"
GrabMerchant,com.grab.merchant,7e70117a-6617-4e8f-8ee7-7389f89fb377,kawi jaya,Tampilan menu di grab merchant saya kenapa beda dengan tampilan teman saya.. Di Tampilan saya bagian promosi Jelajah ..isi nya sama dengan promo sendiri. Harus lalukan apa agar tampilan promosi nya berbeda ?,3,2021-03-04 15:50:02,1,"merchant, menu, promo"
GrabMerchant,com.grab.merchant,3b2984ee-73ab-4a0d-a60f-a25fc1ef80c1,aprilia citra andini,"Saya kasih bintang dulu , krna saya daftar ga bisa terus .. Mau masukin foto ktp eehh malah kluar aplik grab merchant nyaa .. 😕😕😕😕",3,2021-03-03 21:26:39,0,merchant
GrabMerchant,com.grab.merchant,710486f4-6394-4da3-9e7e-bc4a4dc2533c,Tom Febri91,"Terimakasih atas kerjasamanya selama ini, cukup membantu utk kemajuan usaha UMKM saya. hanya sedikit kritik dan saran aja tentang NOTIFIKASI PESANAN MASUK yg sering TIDAK ADA BUNYI sama sekali meskipun aplikasi keadaan standby di pantengin di hape. Tolong diperbaiki. *3 dulu, kalau udah beres, baru dikasih *5. Terimakasih.",3,2021-03-03 01:44:06,13,"pesanan, pesanan masuk"
GrabMerchant,com.grab.merchant,5a9f8465-29eb-4824-a964-d89c5f78cd69,Nene Saribubur,ini ko ga ada rincian saldo kita ya di versi yang terbaru,3,2021-03-01 06:16:37,0,saldo
GrabMerchant,com.grab.merchant,6791f0b2-bbfe-4ea3-b740-097518c2a1d0,Titik nur,"Maaf yaa kasih bintang 3 dulu, kalo boleh saran, di tambahkan untuk fitur pesanan sudah siap/matang (lalu difoto oleh penjual), agar kalau drivernya blm dateng/ lama, rating/ penilaian pembeli ke toko ga jelek:) Terimakasih, selebih grabmerchant sudah sangat bagus :)",3,2021-02-28 21:48:27,29,pesanan
GrabMerchant,com.grab.merchant,b673ddff-5fe0-4754-8327-609c6c554048,Tongkol Presto Bu Nur,TOLONG DIPERBARUI AGAR DATA KARYAWAN DI GRAB MERCHANT BISA HAPUS. TERIMA KASIH 🙏,3,2021-02-26 10:15:07,0,merchant
GrabMerchant,com.grab.merchant,c2702c28-755c-47c8-8dec-9d61f720ae32,Faisha Marsyani,"grab merchant,, boro2 bs jualan, utk naro foto produk sm harga aja ga bisa,, suruh konfirmasi email sm no telp doang berulang x. sampe uninstall trs install ulang lg tp ttep gitu aja. capek deh....",3,2021-02-25 19:28:34,0,merchant
GrabMerchant,com.grab.merchant,3c8596e0-9b29-4a6e-b7e8-7a9d861be4a0,Salamah Salma,Hai grab... kenapa di aplikasi grab merchant saya tdk muncul promosi dri pihak grab ya ? Utk hal ini saya harus lapor kemana ?,3,2021-02-24 23:33:21,0,merchant
GrabMerchant,com.grab.merchant,c24b9005-8490-466b-8bbd-12360136c51b,Ma'ruf fahmi Muntarin,"Notifications order jarang bunyi Mohon di perbaharui supaya kalau Ada order kita tau, kebanyakan driver sudah sampai baru kita tau Ada order dgn membuka aplikasi",3,2021-02-24 16:06:58,0,"order, driver"
GrabMerchant,com.grab.merchant,fa211952-f21b-4c14-8fa7-3b787ca53d33,Dewi Tria Apriyanti,Ko engga ada fitur menunya? Terus cara nambahin menu makanan minumannya gimana?,3,2021-02-23 11:55:19,0,"makanan, menu, menu makanan"
GrabMerchant,com.grab.merchant,dce1c526-1de7-4de1-820a-267fc0a3719a,Rizky Minang,"Saya dah sebulan lebih pasang tapi order gak masuk2,mohon di bantu donk,",3,2021-02-22 13:38:19,0,order
GrabMerchant,com.grab.merchant,0018716e-e749-4273-98a9-02a9543e810c,Ririen Azeda,"Parah nih skrg aplikasi ga bisa di buka, gimana mau jualan, driver tiba² datang tapi pemberitahuan orderan ga masuk.. tolong donk di perbaiki biar lancar..",3,2021-02-22 07:10:16,0,"orderan, driver"
GrabMerchant,com.grab.merchant,b779baf7-2f27-46b7-b7d7-d475fa6c962a,Apsah Wulandari,"Pesanan sudah saya siapkan tapi dibatalkan, gmna ini min 😪😭",3,2021-02-21 18:05:01,0,pesanan
GrabMerchant,com.grab.merchant,e6791553-461e-4c28-a09f-f2936d939fe1,nabila rahmah,Kenapa app ini tdak selalu on sering tutup sendiri. Gk ada notifikasi saat ada orderan. Harus masuk ke app lg,3,2021-02-21 08:04:21,0,orderan
GrabMerchant,com.grab.merchant,81aeefef-f8f6-4004-90ed-c854a1447538,Fio Ramadhani,Bagaimana cara menambahkan menu gofood nya kok ngak ad tampilan menu,3,2021-02-17 21:15:06,0,"gofood, menu"
GrabMerchant,com.grab.merchant,53558cbd-bdf9-4365-b92e-3b2f7e3309ad,sego goreng monggo pinarak,MASAK KALAH AMA GOFOOD...... AYO DONG...MANA NIH TIM MARKETING NYA...KALAU NGAK BISA CETUSKAN IDE YANG BIKIN RESTO RAME...PECAT AJA TIM MARKETING NYA..DR PADA BAYAR GAJI BUTA....PESEN SAYA CUMAN SATU....MASAK KALAH AMA GOFOOD...??!,3,2021-02-17 00:20:13,0,"gofood, resto, masak"
GrabMerchant,com.grab.merchant,c768b5c3-9f16-4f5d-a62d-f98cd56863a9,sofiyudin ahmad,"Saldo belum masuk rekening nih min, sudah lebih dari 2x transaksi",3,2021-02-16 20:11:50,0,"saldo, transaksi"
GrabMerchant,com.grab.merchant,02cba347-03cd-45e4-9236-fd72000fae67,Neni Maryani,"Ko grab merchant q ga bisa di buka, padahal kemaren udah sukses pas daftar",3,2021-02-15 17:43:11,0,merchant
GrabMerchant,com.grab.merchant,cd93a638-5efd-4ecb-98b7-8bba3282beae,Putu Laksana Wijaya,Tidak ad fitur untuk print struk pesanan.,3,2021-02-13 14:57:03,0,pesanan
GrabMerchant,com.grab.merchant,b475fa6c-012d-472a-b4da-145d3d0da483,Dani Setiawan,Kenapa. Susah sekali daftarnya. Harus ulang fota foto terus. Kita gk akan ngasih identitas palsu bos. TOLONG DI PERMUDAH DAFTAR NYA. BIAR MAKIN BAYAK MITRA.,3,2021-02-10 17:57:31,0,mitra
GrabMerchant,com.grab.merchant,bb7e39b2-9ff7-4f22-918e-7c78b6040e07,Sarmalin Papaazwa,"Notifikasi orderan baru ga bunyi... ujug2 driver datang belum sempet bikin kwitansi apalagi makanan, tlg diperbaiki lagi systemnya, tq",3,2021-02-08 17:14:06,0,"makanan, orderan, driver"
GrabMerchant,com.grab.merchant,9b745ad1-3fae-49d1-af28-ded641bd7bf6,Rahma Firsa,Maaf kak knpa sya tidak bisa mendowload aplikasi grabfood pas udh 100 % selalu mental dan notifnya terjadi kesalahan dan tidak berfungsi sementra paket sya selalu di sedot tpi tidak berhasil mendownload,3,2021-02-07 20:54:38,0,grabfood
GrabMerchant,com.grab.merchant,5e16bb8f-e05d-4a25-9d95-732c0eb692c1,khiroen 13,"Wahhh keren sekali setelah di update, Tapi bo ong!! driver sudah nyampai aplikasi tdk ada notif, aplikasi di buka baru muncul notifnya.. ini gimana??!! Dipikir yg jualan sulapan?!!!",3,2021-02-07 18:02:58,7,driver
GrabMerchant,com.grab.merchant,59c04b54-5cca-4bbc-ab85-2556b0b0feb7,Yudi Prastyo,"Banyak yg perlu ditingkatkan lagi aplikasinya, sering tidak muncul notifikasi dan adanya kemungkinan customer cancel orderan, gak kaya G*biz yg notifikasi nya heboh dan ada tombol terima pesanan, stelah pesanan diterima kemungkinan dicancel customer tidak ada, jadi tenang bagi kita pihak restoran utk menyiapkan orderan (yakali pempek udh digoreng mw dicancel kan)",3,2021-02-07 15:40:28,5,"restoran, pesanan, orderan, customer"
GrabMerchant,com.grab.merchant,4e0d4b90-3eee-45bc-8721-61e6a14dd9f9,Siti Haryani,"Keluhan umum tidak bunyi ketika ada orderan masuk, enak kalo dapet yg drivernya sabaran, sering jg drivernya cemberut agak nyindir apalagi kalo orderannya banyak harus dibuat dulu 1 per 1 beda2 pilihannya, kalo ada notif kan bisa langsung dibuat sebelum abangnya Dateng jd ga dadakan",3,2021-02-07 07:14:38,0,"orderan, orderan masuk"
GrabMerchant,com.grab.merchant,52b738a7-71f4-4d03-b152-7047e39af626,Feri Wahyudi,Saya ngk bisa download aplikasu grab merchant. Itu kenapa yah... Padahal saya grabmerchantny sudah terdaftar,3,2021-02-06 18:42:08,0,merchant
GrabMerchant,com.grab.merchant,99f43957-75a1-4944-a3ae-2170fe86efdf,kebab turki Abah alii,"Sudah 2 hari aplikasinya gk bisa login, padahal udah diperbarui, mau tutup resto Ndak bisa.",3,2021-02-06 14:59:31,0,resto
GrabMerchant,com.grab.merchant,8fcc2434-14f3-402a-9128-59a06074e70c,Ayamuleg Bendsutami,"hp sya tidak bisa login ke akun resto, sdh di coba berkali-kali ttap tidak bisa login. pdhl email sdh benar",3,2021-02-06 06:09:51,1,resto
GrabMerchant,com.grab.merchant,6e587497-7c18-4fbd-980e-b625a61c8b78,Nurfianti Indah,"Kenapa kok hari ini tidak bisa login grab merchant ya? Awalnya cuma punya saya, tp saya tanya temen saya yg pakai grab merchant juga, bisa masuk apk ngga? Awalnya bisa Trus pas dilogout Palah jadi pada ga bisa login lagi. Apakah ada solusi?",3,2021-02-06 01:31:07,0,merchant
GrabMerchant,com.grab.merchant,84a3e0b4-ad71-4cb6-add6-84cdcbdee82e,nasi ulam bangmuhi03,"Mohon solusi ya kenapah sekarang2 ,ini aplikasi ini susah buat masuk atu log in,ada kendala apah saya masuk menggunakan akun google tapi sekarang tidak bisa masuk minta bantuannya karna bisa membuat sulit atu repot ,resto,ada orderan resto tidak bisa melihat pesnan,terus ada makanan yg sudah habis tidak bisa di tutup..bagai mana nanti kalau resto sedang libur ..mohon solusinya pak/bu",3,2021-02-05 21:15:31,0,"resto, makanan, orderan"
GrabMerchant,com.grab.merchant,4f8d28ab-7079-466a-98d6-22a1db8531d2,Rizal Arofat5758,Harus di perbaiki lagi saya update kok ngk bisa padahal saya mau buka resto gitu mana ni untuk kerja samanya mohon di bantu dong memori saya besar dan internal juga gede memorinya knpa kok ngk bisa login!,3,2021-02-05 07:48:19,0,resto
GrabMerchant,com.grab.merchant,65f2c169-3448-40e3-bc5b-0dee30fad9ce,Ade Yuliet,"Tolong dong, bbrp kali notif di grab merchant g bunyi, sehingga sy telat persiapan orderan konsumen. Padahal nada notif uda sy maksimalkan. Kok bs gitu ya??",3,2021-02-04 21:39:10,1,"merchant, orderan"
GrabMerchant,com.grab.merchant,3708d5ae-3745-4dcc-822c-6f604c8decea,Engkus,Aplikasi sering tidak bunyi ketika order masuk,3,2021-02-04 21:02:04,0,order
GrabMerchant,com.grab.merchant,cb5241b4-d23b-4752-b44c-607276d94acc,Lion Yin,Kok gak ada daftar menu nya sih gimana mau upload fto menu.... Apa gak ada cara lain lagi,3,2021-02-04 20:21:31,0,menu
GrabMerchant,com.grab.merchant,094b7bbc-59df-459a-bdf8-ad135505b10f,Hitam putih salam,"kenapa yg dapat driver yg jauh bgt, warung saya di bsd kenapa dapat driver Bintaro sektor 9? kasihan drivernya,dan makanan nanti udah dingin, padahal disekitar ada banyak sekali drivernya...dan kadang tidak bunyi notifnya tau tau driver datang",3,2021-02-04 11:28:19,2,"warung, makanan, driver"
GrabMerchant,com.grab.merchant,40334385-8fa7-4d52-a3ba-8016cb4b62da,ira calantha,Ini grab merchant saya kok kembali dr awal lagi ya...jd klo ada orderan masuk gak tau,3,2021-02-03 20:28:05,0,"merchant, orderan, orderan masuk"
GrabMerchant,com.grab.merchant,ea82b960-e0c3-4a84-8574-a554d5c78219,Madina Putri Ardian,"Pencairan dana di grab lama bgt, ga kaya gojek yg subuh jg udah cair uang nya, kasian pedagang kecil kaya saya, mau belanja tp nungguin uang masuk nya lama bgt, tolong di perbaiki lg manajemen keuangan nya donk 😠😠",3,2021-02-03 11:44:39,0,pencairan
GrabMerchant,com.grab.merchant,d4197152-4494-422d-8acc-cb40274a84e5,Ammar Khan,Saya download grab merchant kq slalu gagal ya...,3,2021-02-03 09:54:08,0,merchant
GrabMerchant,com.grab.merchant,6f83bc12-6f39-4e2b-bffb-2683f8f4beff,Rahman CHICK,Mohon maaf sebenarnya kurang setuju atas potongan 20% dari tiap item yg kita jual Utuk mitra perusahaan seharusnya Bisa melihat atas para pengusaha dengan potongan itu...saran saya agar di ringankan untuk potongan harga 20%nya menjadi 10% aja agar kami tidak pusing untuk menghitung harga kembali Dan untuk .. PT grab merchant agar tidak memberatkan kami para pengusaha,3,2021-02-03 08:59:31,6,"merchant, mitra"
GrabMerchant,com.grab.merchant,ebfb7087-3c5c-43b8-9f5a-a4cff85d4111,Saiful Rizal,aplikasi grab merchant tidak bisa didownload😭,3,2021-02-03 04:05:28,0,merchant
GrabMerchant,com.grab.merchant,7eb35314-3e7b-439e-98e8-5106b68f4eba,Dias Catering,Grab Merchant kenapa tidak dpat di uodate ya ?,3,2021-02-01 17:33:17,0,merchant
GrabMerchant,com.grab.merchant,bc1cf623-0a30-4bde-b806-a1e869a1dd97,Ikun Coro,"Naik fersi yg baru nga ada kolom promo yah,jadi kita mau buat promo sendiri nga ada,,nga sekomplit fersi lama,,lebih bagus fersi yg lama,tolong di bantu",3,2021-02-01 15:17:03,0,promo
GrabMerchant,com.grab.merchant,2e66f463-79f7-4c66-973b-fface13ba16c,Herfiana Dia,Ini apa emang udah gk bisa tutup toko manual dan bikin promo manual kah? Knapa aplikasi saya gk bisa semua,3,2021-02-01 13:36:05,0,"promo, tutup toko"
GrabMerchant,com.grab.merchant,960d4dee-8339-44fb-8f4b-5a5934cbec5f,Devi Anggraini,"aplikasinya baguss, tapi 1 hal saja yg bermasalah, tidak ada bunyi notifikasi ketika pesanan masuk, terkadang ada itupun saat kita udah buka isi pesanannya, jadi saat ga pegang hp tau2 driver sudah datang aja karna gaada bunyi apa apa di hp :( :( :( tolong perbaiki ya sepertinya tdk perlu komplain via twiter/fb karna sudah banyak yg komplain seperti ini ga cuma 1 atau 2 merchant, makasih.",3,2021-02-01 12:41:41,0,"merchant, pesanan, pesanan masuk, driver"
GrabMerchant,com.grab.merchant,72b9084a-027f-4b8e-a8c5-e5fe1eeed738,Han SooHwa 96,Bru pertama kali.. ada orderan.. udah selesai.. sudah diantar tapi dibilang sedang diantar.. sudah 4 hari bgitu.. mau telpon CS malah sama Bot.. gmana ya ini?,3,2021-02-01 10:39:32,2,orderan
GrabMerchant,com.grab.merchant,67abe44a-0fb7-4c7c-98f9-76da36c4274c,handri saputra (fo),Gmn ini ga bisa di update ... Semingguan dh gda order yg masuk ..pas mau di-update gagal trs ..??,3,2021-01-29 11:54:03,0,order
GrabMerchant,com.grab.merchant,3eb076b4-7204-4107-9520-2437fdd58138,Gilang Alfarez,Tadi saya dpat orderan tdk ada nada bunyi. Akhirnya di batalkan pesanan nya. Tlg dong di buat seperti biasa supaya tdk ada yg di rugikan 😭,3,2021-01-28 22:41:54,0,"pesanan, orderan"
GrabMerchant,com.grab.merchant,7fe606e3-6ba4-4291-9356-c747da34224b,Salad buah Mak'ayy,"Dah males sebenarnya komplen,dari November aplikasi grab merchant saya blank,kosong melompong seperti waktu daftar awal, toko GK bisa tutup nyala terus,di omelin babang grabnya,orderan GK tau,mo edit"" menu apanya yg mo diedit, aplikasi kosong melompong 😩",3,2021-01-28 21:41:07,1,"merchant, menu, orderan"
GrabMerchant,com.grab.merchant,7e9e404c-cea7-4b03-b267-3c77eca76318,Apunk Mcbaliey,"Ada orderan masuk ga ketahuan dan masuk nya lama,driver udah nyampe baru di kasih tau driver kl dia dapet orderan dr resto",3,2021-01-28 21:03:37,0,"resto, orderan, orderan masuk, driver"
GrabMerchant,com.grab.merchant,349b3f3d-f432-4f8c-9e6b-8228ac958b27,Santi Melani,"Saya udah Update 2X tapi Buat bisnis resto saya belum ada peningkatan, mohon di perbaiki lagi dgn baik",3,2021-01-26 01:13:33,0,resto
GrabMerchant,com.grab.merchant,15e3d7de-7d57-43df-9d67-ac435f4de544,Vhey 1994,Kenapa punya saya tampilan di aplikasi menu ovo nya menghilang ya?,3,2021-01-24 21:20:20,0,menu
GrabMerchant,com.grab.merchant,da41e6d1-fbcc-4e4e-a894-e7b03fb6d0ce,Sagitarius Hamdani,"Kenapa ini saya habis update aplikasi jdi 4.170,jika ada orderan masuk gak muncul dan jika mau nutup aplikasi gak ada pilihanya.. hnya ada pemasukan dari uangnya saja yg muncul... Dr kemaren ada orderan jd gak bisa gercep buat orderannya..",3,2021-01-24 03:07:38,1,"orderan, orderan masuk"
GrabMerchant,com.grab.merchant,5e731342-e8eb-461c-814d-0395ec1e614d,Ade Handoyo,"Admin ini aplikasi grab merchant saya kenapa gak ada pilihan buka tutup, gak ada cek menu makanannya? Saya baru aktifin lagi soalnya",3,2021-01-23 18:14:47,0,"merchant, menu"
GrabMerchant,com.grab.merchant,dd0c69a1-9041-4043-9e47-1d15d6762911,Yanto Jangkung15,Kenapa versi terbaru g nongol jam buka tutup nya...tlong dong,3,2021-01-23 17:39:05,0,jam buka
GrabMerchant,com.grab.merchant,5b2f706f-98e8-4e67-9201-9b924a5b0b57,Amn St,Di inbox ada pesan perbarui versi terbaru. Udah coba log out reinstall sama aja tampilan di aplikasi nggak sesuai sama yg di atas. Nggak ada ovo dll. Itu gimana ya kak.,3,2021-01-22 14:24:42,0,pesan
GrabMerchant,com.grab.merchant,e8b84ed4-62d5-4dd3-af07-3bc7b4bb3a86,vicky hutama,Sebenarnya potongan biaya resto yg harus dibayarkan ke grab itu sebesar 20% atau 25% yah Bapak/Ibu Yth?,3,2021-01-22 13:19:17,0,resto
GrabMerchant,com.grab.merchant,779a14ee-af08-452c-abc6-3a6578d1967b,suratna laila,Halo grabmerchan kenapa aplikasi saya ini sdh 3 hari tidak dapat di buka setelah sy meng update grabmerchan yg baru..mohon bantuan nya..warung pecak betawi bu lela,3,2021-01-22 09:50:09,0,warung
GrabMerchant,com.grab.merchant,ff8fde47-6b02-48cd-8821-01711b5a71de,Putri Safti,"Setiap mau upload foto menu, aplikasi selalu te restart!!! Tolong bantuannya",3,2021-01-21 08:01:56,0,menu
GrabMerchant,com.grab.merchant,5131f1b2-95cf-4bfc-b8af-63dc76cf4992,Aisyah nur karifah,Aplikasi grab merchant kenapa tidak bisa dibuka ya yg muncul cmn bacaan logonya saja?,3,2021-01-19 20:32:02,0,merchant
GrabMerchant,com.grab.merchant,6de1899b-402c-4bfc-b403-1257fd427b60,RESTO MINI INDONESIA AND KOREA FOOD,"ini aplikasi diperbarui malah bikin kacau, bikin orang darting aja , masa ada order masuk tapi di aplikasi gk nimbul pesanan, malah sekarang udah gk ada tampilan menunya ,jadi udh gk bisa ngatur menu lg klo stok makanan habis gk drubah ,aplikasi yg lama nimbul tp gk bunyi klo gk dibuka aplikasinya . kita taunya klo abang grab datang baru buka aplikasi bunyi, tdk seperti aplikasi gobiz keren dong bisa ngalain semua aplikasi ,walau tdk dibuka ,klo ada order tetep langsung nimbul ,pokonya keren",3,2021-01-18 19:43:18,5,"makanan, menu, order, pesanan"
GrabMerchant,com.grab.merchant,02b1a63c-4c59-4459-beb0-66bac9b1c94b,rizqi arizal,maaf ini harga sdh termasuk pembagian 20% tp coba sy cek di aplikasi customer knp masih nambah 10% dr harga keseluruan jd kesan nya kok terlalu mahal buat customer tp untuk resto temen sy kok tdk ada penambahan 10% seperti di resto sy emg ada perbedaan kah resto yg baru buka sama yg sdh lama mendaftar,3,2021-01-18 12:54:04,0,"resto, customer"
GrabMerchant,com.grab.merchant,f608ebe8-13a5-4c70-a7ec-90bcfa91a7c1,Rayyan Papay,Sudah di upgrade..malah icon utk pengaturan jam buka hilang...bgm bisa restonya kebuka/tdk bisa nerima orderan... Jawaban admin masuk ke help center...sedangkan help center gak bisa dibuka...gimana nih,3,2021-01-18 12:22:55,0,"orderan, jam buka"
GrabMerchant,com.grab.merchant,7c4a6677-168d-407f-b3b8-c0c170718dbb,Gungun Gunawan,Saya ga bisa login nya gagal terus..saya belum masukin menu dan harga ko ada masuk orderan..bagaimana ini..harus ke mana minta bantusnnya,3,2021-01-18 11:53:25,0,"menu, orderan"
GrabMerchant,com.grab.merchant,0728e93c-ae01-46e3-8c39-407fbb11ce4e,Piye Penakto,"kalau bisa grabfood pakai nomor PIN kayak sebalah mosok sih driver datang malah ditanya orderanya apa,GF berapa kebanyakan resto grabgood tidak membawa HP",3,2021-01-18 05:17:34,0,"grabfood, resto, driver"
GrabMerchant,com.grab.merchant,5e4cfb0e-58e2-4945-885c-eb20e509277b,Ari Budi Trapsilo,"Stlh update,menu tambah barang di bagian scan barcode tidak bisa digunakan.muncul peringatan Ups,ada yang salah",3,2021-01-16 10:17:12,0,menu
GrabMerchant,com.grab.merchant,7c64ce16-3182-4ec7-af69-ad4561d74c9a,Kilau Shiraz Cafe Resto,3 dlu.. Mau dadtar grabfood lewat aplikasi ko susah banget ya... Tlp CS ga ada yang jawab hanya mesin penjawab aja.,3,2021-01-16 08:15:55,0,grabfood
GrabMerchant,com.grab.merchant,84429aba-464a-48ea-b749-4f2b638fa1c8,Lestari Grup,Tombol buka tutup tahan pesanan kok ga ada yah?,3,2021-01-14 17:18:10,0,pesanan
GrabMerchant,com.grab.merchant,b640713c-ba96-4b5e-a018-74537763ddab,tan Yudi Ari Wibowo,Halo GrabMerchant mohon bantuanya tolong diperbaiki dong apk nya sejak update 3x terakhir kemarin koq tambah payah..masak ada orderan masuk tp koq notifikasi nya gak ada pdhl sdh sy pasang sy seting di utamakan..tau2 ada driver datang nanyain orderan nya.mohon bantuanya pihak grabbtolong dong responya.terima kasih,3,2021-01-14 00:24:07,0,"orderan, orderan masuk, driver, masak"
GrabMerchant,com.grab.merchant,8fbe45ad-42cf-4056-9743-109157aa5e13,Kopi Soe Taman Siswa,"Notifikasi pesanan masuk sering terlambat, driver sudah sampai di merchant tapi notifikasi nya belum ada. Mohon perbaikannya.",3,2021-01-13 14:07:18,0,"merchant, pesanan, pesanan masuk, driver"
GrabMerchant,com.grab.merchant,2c34b96e-fa0c-436d-83d8-5994c059e679,aditya adiaksa,Heran saya mau daftar resto elite tapi sudah hampir 1bln tapi tdk ada kjlasan.tdk di respon,3,2021-01-11 14:59:09,0,resto
GrabMerchant,com.grab.merchant,657c5077-b454-4625-bf2e-82d06ab4dbd7,Annisa PS,"Maap ini kenapa yah saya gabisa daftar grab food, gagal dalam verifikasi terus, padahal saya denger-denger dan liat-liat di youtube gampang daftar ke grab food tapi malah gabisa, tolong dibantu ka. Terima kasih.",3,2021-01-11 14:39:11,13,grab food
GrabMerchant,com.grab.merchant,61eb394e-ff50-4b12-aee5-cd51e23060a1,Rusman Jaelani,"Saya mitra GrabMerchant baru,mulai dari tgl 2 januari sampai detik ini blm jg mendapatkan orderan.bagai mana ini?",3,2021-01-09 23:00:51,0,"mitra, orderan"
GrabMerchant,com.grab.merchant,ab3f9406-07d1-46eb-bfc3-699915ce596b,Astuti Wulandari,Aplikasi sedang eror saat ini tolong segera di perbaiki pihak grabmerchant karna sy sudah uninstal&instal kembali tetep saja tampilan menu tdk muncul di layar,3,2021-01-09 09:10:59,0,menu
GrabMerchant,com.grab.merchant,e27a7071-abf1-463f-827e-5084ce6cbcfd,Adiybilal Bilal,Tolong di perbaiki notifikasinya Saat ad pesanan gak ad notifikasi. Notifikasinya telatttttt,3,2021-01-07 05:38:27,0,pesanan
GrabMerchant,com.grab.merchant,698add34-2f18-460f-81f8-4d8d20806c9d,Guntoro Guntoro,ribet...mau ganti harga aja harus foto menu dulu. Saya mau menutup grab meRchant saya selamanya tapi gak bisa. ADA YANG TAHU BAGAIMANA CARANYA MENUTUP AKUN GRAB MERCHANT SECARA PERMANEN GAK.? TOLONG KOMEN.,3,2021-01-06 13:53:35,26,"merchant, menu"
GrabMerchant,com.grab.merchant,173cd88f-13c9-4b20-b136-16a79498531e,Dian Krist,Kok di aplikasi Grabfood...merchan saya tau tau Hilang Min udah 2 hari...customer pd tlp terus mau order tp ga ada aplikasi nya...Ayam goreng pak endut bandung,3,2021-01-05 20:19:44,0,"grabfood, order, customer"
GrabMerchant,com.grab.merchant,a360d4f4-924d-428a-a42f-c42d906168f9,Priambada Sastradikrama,"Min, tambahin opsi print transaksi dong, yg bisa dihubungkan dg printer bluetooth/thermal.",3,2021-01-05 14:54:37,2,transaksi
GrabMerchant,com.grab.merchant,93d66c65-9767-4436-80ea-784e65469782,Niko Santoso,"Mantap tapi sayang, udh semingguan masa baru dapet orderan 3",3,2021-01-05 08:50:55,0,orderan
GrabMerchant,com.grab.merchant,1a4a6841-ff2b-4fbe-a8b3-7faae7e72ac1,Mar Tini,"Kenapa aplikasi saya tidak bisa buka yaa, tampilannya hanya logo grab merchant nya aja, lalu gimana saya bisa tau pesanan online grabfoodnya pada saat resto saya aktif? Sedangkan tidak bisa dibuka",3,2021-01-04 16:41:38,0,"resto, merchant, pesanan"
GrabMerchant,com.grab.merchant,02e6528a-3b68-423b-880c-017ca38d1946,Kurniawan Wawan,Logout sendiri aplikasiny orderan masuk gak kebaca untung di daerah abg driver grab nya bnyak yg baik komunikasi dua arah,3,2021-01-03 07:44:19,0,"orderan, orderan masuk, driver"
GrabMerchant,com.grab.merchant,e5e56454-3783-4f4d-ae96-8a7bf430ea4f,Luna Manyun,Akun driver wilayah juwana pati jateng Yg namanya mohamad abduh Sering banget main kensel orderan grabfood Kita sbagai penjual mrasa kecewa Apalagi kalo belum dapat orderan sekali dapat e malah di kensel,3,2021-01-03 00:27:06,0,"grabfood, orderan, driver"
GrabMerchant,com.grab.merchant,be1bfecf-5637-4a51-9c1c-8d6ac60b9727,Nadia Putryalmahyra,Kenapa sy tidak bisa menemukan menu di beranda,3,2021-01-02 10:52:22,0,menu
GrabMerchant,com.grab.merchant,f496f612-b7f6-45c5-9840-d790650818d3,Nelly Lim,"Perlu di update lg untuk aplikasi grab merchant, karena tidak bisa di gunakan di os 10 oreo, aplikasi tidak bisa memasukan gambar product",3,2021-01-02 10:14:44,0,merchant
GrabMerchant,com.grab.merchant,0076c496-defc-4a9f-bb51-de89822d3b19,Daryati Daryati,Setelah update kenapa tidak bisa edit foto di menu . tolong info nya admin .saya ingin ganti foto menu,3,2021-01-01 18:49:46,0,menu
GrabMerchant,com.grab.merchant,1f590daf-9393-4ff9-83d9-605239db31df,Dimas Putra pratama,"Mohon untuk memeprbaiki aplikas,soalnya sering tidak ada notif ,tiba-tiba driver datang pada saat resto tidak menyiapkan makanan. Tadi juga aplikasi saya tidak bisa dibuka ketika ada driver datang",3,2021-01-01 14:23:25,0,"resto, makanan, driver"
GrabMerchant,com.grab.merchant,fb2d74c8-dc45-475b-b2e5-462601a32b94,Ari Muhammad,Kenapa ga bisa cek pembayaran nya tolong perbaiki lagi terimakasih,3,2021-01-01 14:22:06,0,pembayaran
GrabMerchant,com.grab.merchant,5ac2b0a6-12bf-40eb-a429-17f3d787b71f,Bakso b2 Tjap35,"Setelah update, notivikasi tidak bunyi. Pesanan terlambat tampil di aplikasi. Driver sudah tiba, pesanan belum muncul.",3,2021-01-01 14:18:06,0,"pesanan, driver"
GrabMerchant,com.grab.merchant,af88370c-b684-4680-93c5-5cc27868bd8e,Eryanti Doang,Stelah update bnyak yg mrugikan resto yg dlu bsa tutup smentra skrng g bisa trus jarang ada notif sama susah login... Ini mrugikan pihak resto..,3,2021-01-01 14:11:53,0,resto
GrabMerchant,com.grab.merchant,7c178bc7-29da-4738-bc70-90e97893fa08,Diyanti Prasuli,"Ini tanggal 1 Januari 2021 Grab merchant sedang ada gangguan? Karena ada orderan tidak bunyi notifikasi. Tau-tau driver sdh sampai resto. Sudah di clear data, tidak bisa log in.",3,2021-01-01 14:10:16,0,"resto, merchant, orderan, driver"
GrabMerchant,com.grab.merchant,1e7cf451-d597-4f7a-ac0d-2e71a79f4992,Rayyan Hazieq (BocahLucu),Sayangnya fitur cetak struk transaksi belum ada.!!,3,2020-12-31 22:16:57,0,transaksi
GrabMerchant,com.grab.merchant,946ea4fe-05d3-4738-ba46-ce151edfb8b1,Mancing Maning,tidak bisa pasang foto menu,3,2020-12-31 19:01:18,0,menu
GrabMerchant,com.grab.merchant,845fd951-90de-4df4-a6dd-f84c739c7e0e,Ilman Dirga,Udah hampir sebulan belum ada pesanan 1pun yg masuk... Bagaimana solusinya???,3,2020-12-29 12:16:19,0,pesanan
GrabMerchant,com.grab.merchant,e2abdc91-cada-42d1-94b1-0a5fad21d476,Rahmat Hidayat,Kak masukin foto ke menu tidak bisa.. Mohon segera di atasi y..,3,2020-12-29 06:20:27,0,menu
GrabMerchant,com.grab.merchant,2dc940da-3114-494f-9f67-c55593f36811,erika putri,"Harus d selalu stand by kalo g, orderan masuk g ada suaranya bikin boros batere",3,2020-12-26 21:46:58,0,"orderan, orderan masuk"
GrabMerchant,com.grab.merchant,96e92840-04cc-4c5c-9940-d65e463071a0,Bambang Sucianto,aplikasinya tidak otomatis langsung bisa terima order nyangkut dulu ke halaman lain.terlalu berbelit harus email dlu ke CS setiap buka akun di handphone lain tidak seperti aplikasi pesaingnya.,3,2020-12-26 10:46:41,0,order
GrabMerchant,com.grab.merchant,aaf06be9-c163-48a8-b077-6c51268ffa65,Munawaroh,"Saya sudah 4 hari daftar grabfood belum ada kabar padahal di estimasinya 1_2 hari kerja,ngubungi ke no cs grab hanya robot yg berbicara😔😔😔",3,2020-12-25 09:26:14,0,grabfood
GrabMerchant,com.grab.merchant,1a786032-7648-4f81-8f75-3d2fa9ee41ae,De Pe,"Saya sudah membuat akun dan login ke app, tetapi ketersediaan resto saya tidak bisa diubah. Pada jam buka sudah saya rubah. Tapi status tetap tutup. Mohon bantuannya",3,2020-12-23 18:14:54,0,"resto, jam buka"
GrabMerchant,com.grab.merchant,779562ee-f5cc-4c46-948d-a7802fdb4b07,BELIKOPI MERR,Admin inilah semenjak di update kenapa kami tidak bisa menambahkan foto baru pada menu kami,3,2020-12-23 12:57:57,0,menu
GrabMerchant,com.grab.merchant,040bf651-b586-42e1-987c-3836ba7927c6,TRAVELING ALONE,Agak susah di bagian stock yaaa bagi yg jualan minuman stock susah banget soalnya edit menu pun dibatasi Takutnya costumer pesan yg tidak sesuai dengan stock nanti abang drivernya marah marah Selain itu memasukkan foto ngk bisa bisa pantes aja kagak ada yg beli jpg harus 2mb udah jungkir balik bikin foto yg 2mb tetap aja ngk bisa bisa Semoga kedepannya ada pilihan untuk memasukkan jumlah stock makanan atau minuman jd ngk salah pesan deh costumernya nanti dan sampai sekarang masih kosong tu menu,3,2020-12-23 05:45:24,0,"jualan minuman, makanan, minuman, menu, pesan"
GrabMerchant,com.grab.merchant,2a4e9869-47e3-4fe2-bde3-251e3838c0c5,MAS CEKING,Aplikasi buka....tp knapa ada email pesanan di tunda dulu...katanya lg tutup...,3,2020-12-20 19:21:07,0,pesanan
GrabMerchant,com.grab.merchant,6f5e67c0-c930-476d-902d-ced1a15ef810,Nunuk Retno,"pembaharuan ini sangat tidak bagus, karna resto sering tertunda sendiri, dan haris sering di perhatikan dalam posisi normal",3,2020-12-19 14:51:15,0,resto
GrabMerchant,com.grab.merchant,00f93996-2899-4d69-b594-b7c8a6c45591,sopingi andri wiyanto,"Hallo grab Saya pengguna baru grab merchant Saya sudah menerima e mail yang menginfokan bahwa registrasi sudah berhasil, dan sudah mendapatkan e mail penghasilan harian Namun pada aplkasi Grab merchant belum bisa dibuka Mohon informasikan mengenai kendala nya",3,2020-12-19 01:52:56,0,merchant
GrabMerchant,com.grab.merchant,1e0d7771-c9af-43d4-9f22-253b976a349d,Mangan Turu Jalan-Jalan,Tolong dibuat agar driver tidak bisa cancel. Sudah masuk orderan. Driver sudah nunggu. Malah dicancel karena driver ngejar target jam 8 yg lebih milih dpt bonus di aplikasi sebelah. Makanan sudah jadi sebagian.,3,2020-12-18 20:08:05,0,"makanan, orderan, driver"
GrabMerchant,com.grab.merchant,f4beee8e-115d-48f4-95c8-f07586cbbdb7,almira neysaazzar,Ga jadi daftar grabfood...baca ulasan para pemilik usaha yg sering d rugikan...klo sy sndri...sudah brjalan dg baik pake aplikasi g*f**d slma 3 bln ini alhamdulillah ga ad kendala...kmrn sempat daftarin usaha ke grabfood tpi sllu gagal..akhirnya malas sndri mo daftar lgi....,3,2020-12-17 18:12:58,0,grabfood
GrabMerchant,com.grab.merchant,be90a8e8-6aec-4855-a093-57dbd2a01708,Lianurul Adzanni,tolong ongkirnya d turunin lg... masa resto harus ngasih diskon ongkir terus...,3,2020-12-17 15:24:55,0,"resto, diskon"
GrabMerchant,com.grab.merchant,004b96fe-5271-4fd5-b759-514e77dc0c2c,Kang Muslih,"Notifikasinya tolong diperbaiki, banyak pesanan jadi terlambat",3,2020-12-15 17:47:50,0,pesanan
GrabMerchant,com.grab.merchant,f145be3e-78eb-44e1-9129-1a23473e7c7a,Sego kotak,tidak bisa mengganti foto menu secara manual,3,2020-12-15 16:09:39,0,menu
GrabMerchant,com.grab.merchant,948c3815-11a6-4d1f-9723-8e1bb2303702,Jony Tristanto,Heii.. kenapa saya gak bisa masuk ke grab merchant ya.. padahal tiap hari ada laporan ke email tentang hasil jualan. Padahal juga saya belum bisa jualan,3,2020-12-15 10:58:53,0,merchant
GrabMerchant,com.grab.merchant,1c48548e-dd0a-4d4f-b8fa-fd7d079baeb4,Andri Prayoga Wijaya,Bagaimana carq merubah Nomer Resto digrabmerchant,3,2020-12-14 21:43:05,0,resto
GrabMerchant,com.grab.merchant,dd9d62bb-f683-4b11-9b12-4af28b11a9f5,Hdk Official Channel,Mohon untuk di kaji ulang... regulasi mengenai januari 2021 Selera makan cs itu beda2 jangan dipukul rata... resto pengen jualan untung dan barokah Aaaamiiin...,3,2020-12-14 16:48:47,0,resto
GrabMerchant,com.grab.merchant,072031b7-fb04-463d-a788-3c2e73d86c21,Abu Yazid,Email grabfood sy gak bisa dibuka...gimna caranya buka email,3,2020-12-14 15:26:40,0,grabfood
GrabMerchant,com.grab.merchant,16fca482-6ceb-426b-b5eb-fadb93f55160,sendok dapur,"Saya pake grab merchant, tapi setelah di update kok gak ada tombol untuk menghentikan pesanan untuk sementara, ini kenapa?? Udah saya force stop, terus apus data, tetep aja di tampilannya gak ada tombol untuk menghentikan pesanan sementara.. mohon bantuannya admin",3,2020-12-14 15:02:55,20,"merchant, pesanan"
GrabMerchant,com.grab.merchant,69ab56f4-bca2-4d91-a25f-dc61df7f1377,Hanny Maharany,"Haiii.... trimakasih saya sudah bisa bergabung di grab merchant... kenapa di aplikasi saya tombol buka tutup nya hilang, setelah itu di buka di tempat lain ada yg buka dan ada yg tutup. Mohon penjelasan nya... karena susah saya g tau aplikasi saya itu buka apa tidak, seperti hari ini saya keluar rumah supir grab nya uda du rumah nunggu pesanan. Dan kenapa saya tidak bisa memasukkan gambar makanan.Saya dri kedai umi bobo cibogo subang.",3,2020-12-14 12:58:42,8,"kedai, merchant, makanan, pesanan"
GrabMerchant,com.grab.merchant,e424a71a-1c55-4d67-bb84-7aeccbda3e37,Sohirin Wastari,"Versi terbaru tambah ribet, notifikasi gak ada nd gak bisa tahan pesanan di saat sudah ttup resto,",3,2020-12-13 19:00:37,0,"resto, pesanan"
GrabMerchant,com.grab.merchant,14a4eabf-1e4d-469e-99a7-e211791c9232,Mahar Danu,"Harusnya perubahan bisa mempermudah tapi ini menyulitkan... Tidak semua mitra usaha paham IT, paling tidak bisa dipahami bersama..",3,2020-12-13 11:23:18,0,mitra
GrabMerchant,com.grab.merchant,0c309e97-dc61-4483-b9dd-81866927b762,Sri Wahyuni,"Tolong di kaji ulang kebijakan pengembalian dana jika pesanan tidak sesuai, untuk menghindari kwalitas hidangan yang g sesuai, dalam proses pendaftaran ada orang yang survai resto sesuai standar atau tidak, jangan asal Terima tanpa mengetahui kwalitas resto. Terimakasih",3,2020-12-13 06:29:31,1,"resto, pesanan"
GrabMerchant,com.grab.merchant,a50602f4-56ca-4bb6-96cb-e2bd6b839300,mr goz,Permasalahan order yg masuk sering gk bunyi dan bunyi pada saat driver udah sampek resto baru bunyi....,3,2020-12-11 22:40:39,0,"resto, order, driver"
GrabMerchant,com.grab.merchant,d7010967-06f1-4b56-8e25-4e165cac712b,Batagor Hideaki,"Maksud dari ""angsungan pembayaran kembali"" itu apa ya? Kok saldo saya di potong lagi setelah kebijakan komisi 20%?",3,2020-12-11 04:20:25,0,"komisi, saldo, pembayaran"
GrabMerchant,com.grab.merchant,4f3f0acd-fdb6-4d2c-b67e-abc9d856195f,Khaerul Akza,Kok login belum terdaftar padahal sudah di kirim pendapatan harian di gmail ngga jelas,3,2020-12-11 01:01:51,0,pendapatan
GrabMerchant,com.grab.merchant,c9cb4371-8a36-4a7a-8786-c61017d93fcb,jamie wu,Update terbaru opsi tutup toko nya dmn?? Hadehhh.. Bukan makin bagus tp makin jempol kebawah,3,2020-12-10 20:58:42,0,tutup toko
GrabMerchant,com.grab.merchant,b3369f0f-09cc-4e16-b3e2-b3639a0ad386,Agnes Vebetha,Mau tanya dong ini knpa ngk bisa masukin foto di menu yaa? Udh coba berulang2 tpi ngk bisa terus.Aneh bgt nih Apk nya,3,2020-12-09 09:27:49,0,menu
GrabMerchant,com.grab.merchant,54935b88-8293-4b61-9bcc-d36c2b57fe3a,Anto Wirawan,"Kenapa Apk nya berubah ubah, dr yg lama ke yg baru,skrang brubah yg ke lama lg.. pdhal slalu updet. Klu yg baru lngsung bs mlihat riwayat.. tp yg lama g bs,, dan satu lg.. knp hrs slalu dpt email tiap hr,tntang laporan pendapatan. Laporan pndapatan klu pas ad orderan az, klu g ad g usah.. it saran saya.trimaksih.",3,2020-12-08 15:06:51,0,"orderan, pendapatan"
GrabMerchant,com.grab.merchant,7e532cd1-691f-486c-a499-634c66876c6d,kenzo ken,"Aplikasi sering tidak bisa dibuka. Hanya berhenti di logo grab merchant. Udah uninstal dan instal lagi, tetep ga bisa dibuka.",3,2020-12-08 10:56:57,0,merchant
GrabMerchant,com.grab.merchant,a378e70c-8236-4684-a599-3521ca8674f2,Suci Muslimah,Koh akun saya tidak ada menu nya ya...cuma ada karyawanya,3,2020-12-07 23:59:21,0,menu
GrabMerchant,com.grab.merchant,e6bd8655-32da-4725-b48f-6b2cae83aafa,vhick fourteen 0 nine,Kok dana dari grabfood merchant udah 3 hari lom d transfer. Ke bank..biasa nya kan 1 hari langsung d transfer..knp ya??? Knp update an terbaru pengaturan tutup buka jadi gak ada,3,2020-12-07 19:14:42,0,"grabfood, merchant"
GrabMerchant,com.grab.merchant,83872b3d-f170-4ff3-b91f-44958008a35e,vira syavilla tanalo,Kok tombol pesanan ditahannya jadi ilang?,3,2020-12-07 18:11:50,0,pesanan
GrabMerchant,com.grab.merchant,f22f25c7-6665-4287-8c53-76eaaa37b966,Muhamad Takhrudin,"Kalau bisa seperti apl sebelah, kurang lebih 10 menit driver ga ambil pesanan..langsung otomatis ganti driver Baru..jadi pedagang ga rugi.. Coba bayangkan..orderan dari jam 01.47 sampai Resto udah nutup dan jam 03,12 akhirnya pesanan dibatalkan. Sungguh terlalu... Dan baru up date lagi, tombol on/off nya ga ada..untuk teman"" ternyata disamping kata PESANAN ada kata NORMAL jadi itulah sebagai pengganti tombol on off, selamat berjuang mencari rejeki..semoga laris manis semua..Amin.",3,2020-12-07 16:12:31,0,"resto, pesanan, orderan, driver"
GrabMerchant,com.grab.merchant,ec7af5d6-0dc5-4e87-9a6a-861b14112f3a,buchori muslim,Setelah di update kenapa jdi tidak bisa untuk tahan pesanan ya? Misal jeda sholat,3,2020-12-07 09:52:36,0,pesanan
GrabMerchant,com.grab.merchant,bf6bfda1-517a-45fa-a1f7-e044e2ffe2ba,Sitho Putra,hallo..kenapa tombol buka tutup/penahanan pesanan tidak tersedia lagi di grabmerchanku??hd susah ngaturnya,3,2020-12-07 09:24:54,0,pesanan
GrabMerchant,com.grab.merchant,b9f0045a-16d2-45f0-958a-4b5c691f0a85,Sholeh Ceisar,"Setelah update aplikasi saya tidak bisa update foto di menu makanan terbaru, tolong di tindaklanjuti thanks..",3,2020-12-06 22:25:02,0,"makanan, menu, menu makanan"
GrabMerchant,com.grab.merchant,ef855d15-ecc6-41fd-a328-ba02961b755d,Kadek Apriliani,Tolong status toko dibuka lagi minnnn.. bila perlu kyk aplikasi sebelah kalo ada pesanan masuk notifikasinya slalu bunyi terus kita bisa tekan tombol terima dlm 3menit. Trims,3,2020-12-06 12:31:59,0,"pesanan, pesanan masuk"
GrabMerchant,com.grab.merchant,5ed5f385-64b5-4d3b-9838-cb7ea0307d46,Vanesa Putri,"Mohon info , di versi terbaru ini tombol untuk tahan pesanan di sebelah mana ya? Aq cari2 kok tdk ketemu...",3,2020-12-05 07:37:28,0,pesanan
GrabMerchant,com.grab.merchant,f7fc9e80-ba2c-4049-9e25-36473c47d3cb,ashifa oedhiens,"Min mohon di bantu untuk update aplikasi grab merchant terbaru ada bug, tidak bisa upload foto menu baru dan kenapa tidak ada opsi buka tutup toko ya. Kalau memang ngga bisa kita handle atau stock tengah hari habis. Mohon bantu ya min. Terima kasih",3,2020-12-05 05:49:07,8,"merchant, menu, tutup toko"
GrabMerchant,com.grab.merchant,db36e9e8-cdcd-4e69-b09c-dbc712f741c6,Isaf Lorenzo,"Di aplikasi saya tdk bisa menambahkan menu, dan tidak ada fitur lainnya di bagian pojok kanan bawah, saya tdk bisa membuka dan menutup toko, mohon solusinya",3,2020-12-04 23:05:19,0,menu
GrabMerchant,com.grab.merchant,26e46f8c-4a1a-4afa-aca7-7e82c0af9dc3,Ofa Mufli2604,Kenapa sekarang gabisa buka tutup kek biasanya?? Gabisa nahan pesanan juga.,3,2020-12-04 21:22:46,0,pesanan
GrabMerchant,com.grab.merchant,a5148014-28e2-4562-a3a1-1c8b2f75989a,Puput Raizza,Pengaturan jam buka tutup hilang biasanya bisa tutup 1jam ini hilang,3,2020-12-04 11:35:23,0,jam buka
GrabMerchant,com.grab.merchant,ca16dae0-0f85-455d-b01f-47ac49f7ec49,Roni Hamdani,"Tolong ini untuk jam buka tutupnya jangan di waktu.. kita kalo gk jualan 1minggu kadang suka kelupaan harus tutup apk tiap hari.. sampe ada orderan yg nyangkut posisi kita sdg di luar, kasihan drivernya.. tolong tingkatkan untuk jam operasional nya",3,2020-12-02 07:33:44,0,"orderan, jam buka, jam operasional"
GrabMerchant,com.grab.merchant,e6e37871-c0a5-43fa-920f-f0c653cd77ac,Inezz,"Mohon informasinya, apakah ada yg salah dgn outlet saya ..Sejak tgl 20 Nov 20 saya bergabung di grab, saya buka outlet di jl Dago Pojok Bandung kawasan ramai ..hanya baru 1 Orderan yg masuk tgl 29 Nov 20 .. Padahal outlet saya yang 1 Lagi setiap harinya ada orderan,, bahkan banyak .. Mohon solusi dan kerja sama nya .. Tks",3,2020-12-01 14:48:00,1,"orderan, outlet"
GrabMerchant,com.grab.merchant,910d904b-433d-4de7-b9a7-4a30f523f1da,Mey vitaris Diana,Saya ingin ganti foto banner/tampilan depan resto saya kok susah ya.pdhl ukuran sesuai.bantu dongg,3,2020-12-01 09:55:03,0,resto
GrabMerchant,com.grab.merchant,8a9de7fb-dd46-4fdb-8dd9-4f119a1cc1dc,Juwita Ratnasari,"Bintang 3 dulu, soal nya tiap ada orderan tidak ada pemberitahuan nya, padahal hp lagi di mainin, tiba"" ada driver dtang ke resto aja",3,2020-11-30 18:51:58,0,"resto, orderan, driver"
GrabMerchant,com.grab.merchant,e59ff096-dc61-43d5-a085-208e4f58c8b8,Della Sagita,"Tiba2 driver datang dan bilang ada orderan, dihp saya tidak ada notifnya, pas dibuka aplikasinya baru bunyi dong.. Tolong perbaiki. Kalo sudah baru tambah bintangnya hehhe.. Semangat",3,2020-11-30 06:39:17,0,"orderan, driver"
GrabMerchant,com.grab.merchant,501b15b8-0c9b-48db-ba03-ad34dc234eb0,Riia Bella,"Kenapa sih skrg buat nambah menu atau update foto makanan gak bisa? Error apa gmn? Sblmnya bs edit2 makanan lagsung skrg fiturnya diilangin? La harusnya update tuh lebih bagus dan lebih memudahkan bukannya yg udh bagus malah dibkin kembali merepotkan. Apps sblh bakan update bs kasih fitur pos gratis. dsni? Banner promosi aja berbayar, meski udah promo sendiri kalau blm pake promo berbayar ya blm tentu keliatan pelanggan sekitar :(",3,2020-11-29 02:24:44,3,"makanan, menu, promo, pelanggan"
GrabMerchant,com.grab.merchant,455664a1-d7b1-470c-8f8d-a89c99919c77,Ridwan Purnama Irawan,"Kenapa ya resto saya tdk bisa di buka ko,masuk ke apk mentok di logo grab marchant Tolong penjelasannya.",3,2020-11-28 21:23:21,0,resto
GrabMerchant,com.grab.merchant,7fc7327f-8c30-49de-a801-7c2c15e2a54f,Eka Yustika,"Mau ngerubah nama resto ribet sekali , jadi resto susah di temukan dalam pencarian",3,2020-11-28 20:25:45,0,resto
GrabMerchant,com.grab.merchant,2a0ed341-038e-4cd1-9406-59ab81ff86e3,yusuf tegar,"Kenapa saya tidak bisa memasang foto menu pada resto saya? Sehingga semua daftar menu sama sekali tidak ada foto nya, itu sangat mempengaruhi penjualan resto saya.... Mohon dengan sangat untuk memberikan solusi",3,2020-11-27 23:05:01,0,"resto, menu"
GrabMerchant,com.grab.merchant,f8106a91-7c5a-46ad-9944-2a964706d863,Herli Gun,"Hampir tiga bulan daptar hanya 7 transaksi padahal promo banyak terus lebih dari 3 macam,tidak seperti aplikasi yg lain kalau resto yg paling banyak promo di tempat kan di paling atas pencarian.",3,2020-11-27 22:08:48,0,"resto, promo, transaksi"
GrabMerchant,com.grab.merchant,046eb7cb-05e5-4b8e-9ab5-a926ce221755,nila dianti,"Pesanan masuk di driver namun tidak masuk di merchant, lalu besoknya tidak ada laporan uang masu dan di aplikasi pun masih 0 pendapatan kemarinnya. Padahal pesanan lumayan banyak",3,2020-11-27 11:57:04,0,"merchant, pesanan, pesanan masuk, driver, pendapatan"
GrabMerchant,com.grab.merchant,cf21eac4-fdee-4e1e-a888-10dc46d543da,Nana Doay,Kenapa setiap ada pesanan tidak berbunyi otomatis. Bunyinya setelah driver datang dan hp di hidupkan. Tidak seperti aplikasi tetangga sebelah. Mohon perbaikannya. Supaya pas driver datang makanan sudah siap.,3,2020-11-26 10:08:57,3,"makanan, pesanan, driver"
GrabMerchant,com.grab.merchant,a14a4d51-f09a-4f9c-bbbd-91dda82016d5,Rina Anindya,"Saya mau upload foto di menu,udah pilih gambar di Galery ataupun Foto langsung,tapi tidak bisa ke upload.gambar tidak muncul di grab merchant",3,2020-11-25 15:36:12,0,"merchant, menu"
GrabMerchant,com.grab.merchant,f119c84d-61be-4635-b444-e41d7dfe3a8e,Wannable uut,Gmn yaa ini udah di aggreb trus maint a di anggreb lagi jadi warung tutp terus,3,2020-11-24 21:08:12,0,warung
GrabMerchant,com.grab.merchant,27406401-64f1-4f98-8499-8477b5b1404d,linda borpas,"Saya tidak bisa login padahal email benar ,saya lupa nama pengguna verifikasi melalui sms tapi tidak menerima kode otp sama sekali .mohon di bantu karna saya baru mau gabung jadi mitra",3,2020-11-24 12:30:31,0,mitra
GrabMerchant,com.grab.merchant,8d928fa1-9d78-4169-9d92-999bb825864b,Monica Shung,Kenapa di saat di buka gak bisa di buka hanya di tulisan grab merchant trus,3,2020-11-23 20:23:17,0,merchant
GrabMerchant,com.grab.merchant,b04fbda7-c220-420f-858b-2b713e447491,Nealy Elysa,"Toko saya food order kedai naomi pindah alamat, sudah lakukan perubahan alamat tapi belum berubah. Mohon dibantu ya",3,2020-11-22 20:23:09,0,"kedai, order"
GrabMerchant,com.grab.merchant,75512e81-e5b2-469b-82c2-4cbe78ecd4a2,Gendut Gendut,Kok saya ga bisa menampilkan foto menu,3,2020-11-21 23:20:32,0,menu
GrabMerchant,com.grab.merchant,aa86484b-57b0-4042-948e-b8fcad28a80b,Muhammad rohman,"Maaf ka, ini di aplikasinya kenapa berubah yah jadi hanya beranda pesan, dan tidak bisa di mainkan, ada pesanan masuk tapi gak bisa di lihat",3,2020-11-21 15:09:46,0,"pesan, pesanan, pesanan masuk"
GrabMerchant,com.grab.merchant,8e81deff-7076-4fbc-a8a1-b8f545cea714,Iral Koto,Siang admin.. Sy baru daftar dan udah aktif. Tapi sy buka kok gk bisa2.. Gmna cara aktifin aplikasi merchant nya ya...mksh,3,2020-11-21 14:38:39,0,merchant
GrabMerchant,com.grab.merchant,18c29046-27de-4965-9740-4f77f62a4c30,Lupi Hakim,"3 dulu, sy merchant baru, udah 2 hari upload foto makanan gak bisa terus, sudah pilih foto klik, tp gak muncul, sinyal wifi kuat, size poto udah sesuai, gak ada 2 mb, tolong solusinya,?",3,2020-11-20 17:34:16,0,"merchant, makanan"
GrabMerchant,com.grab.merchant,c283af4d-507e-459e-a6e6-90f69e738dbf,Mugi astuty anggun Almira Putri,"Lagi anyep..padahal promo sudah di buat, gantian dong,trus Ganti photo profil banner nya gak bisa langsung..edit photo.",3,2020-11-19 11:29:45,19,promo
GrabMerchant,com.grab.merchant,551928e3-1758-48f7-9e46-161baebf8326,Andre Hermanto,Mohon bantuannya versi terbaru tdk bosa memasukkan foto makanan pada menu,3,2020-11-19 10:59:05,0,"makanan, menu"
GrabMerchant,com.grab.merchant,97100c5f-0227-4603-ba02-45681124f378,mery ana eka fifiyanti,"sudah berulang kali data dirubah dan maps digeser pas tetap saja suruh rubah data trus, kok sekarang semakin susah daftar Grab Merchant yaa",3,2020-11-18 20:29:28,0,merchant
GrabMerchant,com.grab.merchant,6674a019-7140-413f-9030-d5ea56c3d9ad,Ananda Mita Azria,Saya mau ganti nama outlet dan saat mau download surat pernyataan ganti nama kenapa tdk bisa di klik sudah dari kemarin sya coba gabisa,3,2020-11-17 08:45:13,0,outlet
GrabMerchant,com.grab.merchant,f1d45042-d1fc-4d01-bfba-9a630b6041fe,"bakmi ayam oimie, Sunter",ini grab merchant saya gabisa ada suaranya kalo ada pesanan masuk. Padahal Notifnya sudah di aktifkan dan volume sudah full. Jadi para driver suka ngeluh kalo dateng2 belum disiapin.,3,2020-11-17 07:46:30,0,"merchant, pesanan, pesanan masuk, driver"
GrabMerchant,com.grab.merchant,772f2e4a-c73b-4e7a-b6ce-67aa87abe7d8,Su Byah,Mending aplikasi sebelah potongan lebih sedikit dan lebih fair...kalau resto baru mesti muncul diatas tapi lama-lama bakalan gak kelihatan diaplikasi kalau tidak ikut iklan banner walau rating tinggi dan terdekat,3,2020-11-16 21:16:22,0,resto
GrabMerchant,com.grab.merchant,b6b5956f-eaa0-4fe8-9f18-2703219413cd,Mahadewi,"Log ini di 2 hp,, tapi hanya satu yg ada notif ketika pesanan masuk. Mohon ntk bisa diperbaiki. Biar sama ky App sbelah",3,2020-11-15 23:20:01,0,"pesanan, pesanan masuk"
GrabMerchant,com.grab.merchant,8d9fcf7e-0149-4f57-9e94-fad0be712c37,Santi Elmaghvira,Selalu ada notifikasi pesanan ditunda ditahan sampai jam tertentu padahal ga nutup outlet sama sekali. Sejak pembaruan makin menghambat.,3,2020-11-15 22:40:48,0,"pesanan, outlet"
GrabMerchant,com.grab.merchant,6939292a-7a3d-437f-bb15-eac911abe384,Wanto Al Ikhlas,"Tolong pihak grab merchant aplikasi saya sdh beberpa minggu ini tdk bsa login, sdh saya update Tetep Saja gk bsa dbuka, tlong pihak grab merchant untuk Segera membenahinya",3,2020-11-14 23:04:00,1,merchant
GrabMerchant,com.grab.merchant,1cd32a2f-c1f7-4046-8af2-7eac2fa722a2,tira b,Haishhh...orderan masuk ngga pernah ada bunyi notifikasi sekalipuuunn boooo.. kasian jd driver memerlukan waktu lbh lama utk menunggu. Mulai nyiapin order karena driver datang.,3,2020-11-14 20:38:40,0,"order, orderan, orderan masuk, driver"
GrabMerchant,com.grab.merchant,2c5168c5-0841-472f-80e6-29fb12e0db12,Agung Suryaputra,Kenapa aplikasi grab merchant ku tiba2 tdk bisa digunakan untuk mengubah menu harga dll tiba2 aplikasi berubah kembali seperti Sebelum jd anggota padahal kemarin2 sdh aktif,3,2020-11-14 19:44:55,0,"merchant, menu"
GrabMerchant,com.grab.merchant,b72542ed-cc2c-4f28-acad-09e068ee11a0,dio Channel,Tolong di perbaiki lagi donk. Sering tidak ada notifikasi kalau ada pesanan masuk. nunggu di buka aplikasinya baru bunyi/masuk pesanan. Jadi otimatis driver datang kita gak tau kalau ada pesanan.,3,2020-11-13 17:17:23,0,"pesanan, pesanan masuk, driver"
GrabMerchant,com.grab.merchant,a9d142d6-a690-49fa-86d9-e2d978899372,Asni Yuningsih,Close & open menu selalu diminta. Notifikasi seringnya bisu...😢😢 mohon pencerahannya.... thank's,3,2020-11-13 15:55:19,0,menu
GrabMerchant,com.grab.merchant,076bd316-9fa1-4329-a924-15aa08d379b0,saepul rohman,Sebenarnya dari aplikasi ini ada plus minus ya. Pertama saya sebagai Mitra usaha UMKM merasa terbantu juga karna di situasi seperti ini masih bisa berjualan dan masih mendapatkan pemasukan. Mungkin klau kekurangan ya yang saya alami gk ada pemberitahuan bahwa ada pesanan masuk gk ada bunyi. Kedepan smoga aplikasi ini lebih baik lagi aja. Karna bagi UMKM rumahan seperti saya aplikasi ini sangat dibutuhkan. Trimakasih,3,2020-11-12 22:17:06,15,"mitra, pesanan, pesanan masuk"
GrabMerchant,com.grab.merchant,a632feec-0e60-4f04-b6c1-f2a591742cc0,Anna Nur stefany,Kurang bersahabat..... sering bikin rugi resto.... kerja tim ny kurang respon...kasihannresto yg modal.... driverny yg bikin batal... harus pake kode konfirmasi.....seperti gojek.... biar gak ada pmbatalan dr drivernya.. ini serius...sangat serius,3,2020-11-12 21:09:04,0,resto
GrabMerchant,com.grab.merchant,970626d1-c93e-49b2-bf98-a6058e01d886,Boim “Boiman boim”,Sudah hampir sebulan Orderan kosong,3,2020-11-12 14:12:23,0,orderan
GrabMerchant,com.grab.merchant,89bfc645-acdb-4738-91d8-5446785d72b8,Muhammad Yahya,"Ameka Cilok dan Seblak Ranasafi belum mendorong pendapatanku untuk keluarga, ayo dong bantu dari grabfood manajemennya gimana caranya biar laku..",3,2020-11-12 00:36:51,0,grabfood
GrabMerchant,com.grab.merchant,69b59544-12a6-4cfd-88f1-db68b4b3cb05,Bali Dewata,Weyy kk Mimin ..saya sudah 2 hari nih daftar grab merchant ny. Tapi knpa gk aktif aktif,3,2020-11-11 15:54:13,0,merchant
GrabMerchant,com.grab.merchant,46ff7d4e-7bcf-4a54-921e-fcad46a7701f,indri hastuti,Di aplikasi saya kok ga ada untuk buka dan tutup warung yg bisa saya setting ya?,3,2020-11-10 22:23:06,0,warung
GrabMerchant,com.grab.merchant,685bfa82-895e-4e6d-ad05-7435f922b04c,Indri Yani,Kenapa tidak bisa buat jadwal tutup khusus...ini saya sedang renovasi outlet,3,2020-11-10 20:35:04,0,outlet
GrabMerchant,com.grab.merchant,096ebfe1-3f50-4016-930e-b2d240bbee13,truffle belly tjg duren,Banyak grab rese cacel order saya minta pendapat supaya prabayar grab lngsng kepotong saldo si grab supaya ketika di cancel saldo grab nya di kasih ke resto,3,2020-11-10 17:18:26,0,"resto, order, saldo"
GrabMerchant,com.grab.merchant,491793e1-6075-4a1b-9676-79ff92d64b8d,Sugita Sinaga,"Heran, udh terverifikasi dan aktif. Bahkan dapat mail notifikasi kalau tokonya sudah bisa beroperasional tapi pas cek di Grabfood Pengguna hasilnya toko malah tutup. Tolong dong penanganannya, saya sudah hubungi pihak Grab support juga padahal.",3,2020-11-09 12:32:55,7,grabfood
GrabMerchant,com.grab.merchant,e6707a73-8c84-46cd-a1c0-01c1a0232e74,Sandra Triana,ngak bisa login gimana ini sepertinya aplikasi nya ngak sama lagi sehingga ngak bisa buka dan tutup warung udah menghubung grab tapi di suruh ke help merchant,3,2020-11-09 11:24:54,0,"warung, merchant"
GrabMerchant,com.grab.merchant,e9d4846d-2e98-4e4b-bb85-4538304bb36f,Sam Bady,"Buatlah tutorial utk tutup n buka resto displikasi. karena selama ini banyak resto yg tutup secara offline, tp di aplikasi masih On, Pihak resto jg pilih kasih thdp grabfood, banyak yg tidak ada HP yg bisa buat online di restonya. Orderan harus pinjam dulu hp driver, beda sama Gofood yg hpnya selalu tersedia",3,2020-11-09 10:08:54,0,"gofood, grabfood, resto, orderan, driver"
GrabMerchant,com.grab.merchant,3693acfa-beb6-43fb-ad96-3a46454e97e3,Griya Arloji,Gambar menu cuma menampilkan 1 gambar utk prodak yang sama. Baru update aplikasi menu jualan hilang gimana nih?,3,2020-11-08 22:39:25,0,menu
GrabMerchant,com.grab.merchant,8b75ecff-54d7-464b-9a78-f7c114d1e355,kiky fernando,Streeeeessssss aplikasi ga bisa di buka hapir 3 minggu. Udh tlp beberpa kali. Ke menu bantuan beberapa kali. Ga mgerti lagi mesti gmn. Pengem banting hp rasanya. Jawaban nya sama aja begitu.,3,2020-11-08 13:36:06,0,menu
GrabMerchant,com.grab.merchant,af5f245b-bd31-4697-9a49-01a9dee1c32e,Agus Prasetyo (Prast),"Belum bisa muncul di layar utama apabila ada order masuk,, padahal sudah di setting,,",3,2020-11-06 20:35:18,0,order
GrabMerchant,com.grab.merchant,19c9227b-9f55-48d0-a785-9d062575e5ed,Abhoetzz,"Pesanan masuk selalu telaat, harus masuk apk baru adaa notification. Menjengkelkan. kasian driver jadi nunggu lamaaaaaaaaaaaaaaa",3,2020-11-05 16:13:59,0,"pesanan, pesanan masuk, driver"
GrabMerchant,com.grab.merchant,7c621c99-46e0-400a-a90f-848b80c6ee6a,Yusriel Marsala,Ko di aplikasi merchant saya tidak ada fitur grab Ads Manager nya padahal udah update,3,2020-11-05 15:55:43,0,merchant
GrabMerchant,com.grab.merchant,9032977a-8d05-46a3-a696-b61960cacc6e,wisma santoso,Saya mau bikin grab food kenapa setiap isi data aplikasi selalu keluar aplikasi?,3,2020-11-05 15:22:43,0,grab food
GrabMerchant,com.grab.merchant,bf910da8-0e99-4078-a3a1-dd2bda163af7,Erry Sudarno,Saya tidak bisa masuk/login ke grab merchant,3,2020-11-03 10:40:56,16,merchant
GrabMerchant,com.grab.merchant,ec8b9e09-bed1-49ce-a32e-cd0163b329c8,Rahmat Susilo,Saya tidak bisa masuk/login grab merchant,3,2020-11-03 10:39:08,0,merchant
GrabMerchant,com.grab.merchant,f760d8a4-560e-4032-ab3f-4eda0d5d3b3b,nizam & fakhira,"Saya terpaksa pake aplikasi versi lama demi pelanggan.. soal kl yg terbaru blm bisa login.. G lucu kl stiap ad pesenan tau driver nya ud ad ja, sedang kita posisi g tau kl ad pesanan.. Dtambah lgi kl stok brang ud hbs.. gmn kl ad yg pesen barang itu.. G lucu kl kita bilang udah hbis kan.. Jd terpaksa dech pake versi lama.. asal msh bs meng edit toko kita.. G pa2 kl msalnya omset turun gara2 itu.. Di ikhlasin ja..",3,2020-11-03 10:23:09,3,"pesanan, driver, pelanggan"
GrabMerchant,com.grab.merchant,6ff585c4-64d4-40ca-8dcd-4c1996c61809,Alifah Asror,Terkadang saya senang dg adanya aplikasi ini akhir2 ini tp knpa bnyak kendala ya. Aplikasi ini membantu saya berjualan dg adanya aplksi ini alhamdulillah bisa mningkatkan keuangan tp knpa ga sinkron bgini yaa menu yg tersedia trnyata d aplikasi grab customer ga tersedia semua kacau kacau. Orderan jd sepi. Tolong perbaiki lg jgn kecewakan kami para resto kecil yg mengandalkan penghasilan dr aplikasi ini,3,2020-11-03 05:41:23,0,"resto, menu, orderan, customer"
GrabMerchant,com.grab.merchant,2a59485b-5786-45bd-9d99-69b985b6220c,Nurul Ayu,"saya kasih bintang 3 orderan nya kurang,ga kaya pertama kali , nanti kalau banyak orderan lg sya kasih bintang full",3,2020-11-02 17:23:58,0,orderan
GrabMerchant,com.grab.merchant,9ffdfa49-3f2e-4cef-83bf-0bd92bc000b0,Suha2 Suhar,"Saya sudah selesai verifikasi dan sudah ttd perjanjian di surat yang dikirim lewat email. Tapi waktu mau memasukkan menu makanan. App grab nya gak bisa dibuka kayak error. Ada tulisan ""Ups ada yang salah"" itu kenapa ya ??",3,2020-11-02 11:38:05,3,"makanan, menu, menu makanan"
GrabMerchant,com.grab.merchant,f33c9678-2fd7-4410-acdf-f8ef02edc34c,Andi chandra,"Ada apa dengan apk GM,.Apk keluar sendiri,tp orderan tetap masuk.Trus bgmn cara sy cek riwayat orderan.Sedangkan apk tidak bisa nyambung,padahal email dan password yg terdaftar sdh benar.Sy tlp CS,katanya tunggu 1x24 jam,sy tunggu tetap bgt,sy tlp lg,katanya msk pusat bantuan,ok sy masuk,,,ehhh tetap bgt,nex sy tlp lg dan katanya hps data trs masuk lg,hasilnya nihil.Sy tlp lg,katanya tunggu 2x24,nah skr sdh 2 minggu tetap bgt.Aneh nih GM. Gimn klu kami punya pesta,trs mau sy tutup sementara.",3,2020-11-02 10:05:08,1,orderan
GrabMerchant,com.grab.merchant,e870d0d0-b2cf-449a-8659-2de756da7e27,Fuji Sudrajat,"Aplikasi grabmart saya bermasalah tidak ada fitur menu dan edit/ubah padahal saya sudah terdaftar/terverifikasi oleh ovo dan sudah melalui tahap/step 10 dalam pembuatan akun grabmart di aplikasi grab merchant, mohon direspon cepat terima kasih",3,2020-11-01 14:25:35,3,"grabmart, merchant, menu"
GrabMerchant,com.grab.merchant,ac1f7abf-1ff3-4aee-b2c5-cb683dee93f9,syakia awar,"Selamat siang grab food..setelah plg kmpung sy smpt libur,1 minggu lbh,,,dan sdh kembali lagi buka sdh 5 hari ini grab food sy sepi,sekli tdk seperti biasanya,promo sdh diberikan ke pelanggan....bisa kah dibntu utk pemasaranya grab food,,kan kita sama"" bagi hasil...ya wlwpun sedikit ,gpp..yg pnting jgn ksong bgt,sedih jadinya klw zonk sama sekali,,;((semoga ada bntuan dr grab food.terima ksih",3,2020-10-31 13:08:02,0,"grab food, promo, pelanggan"
GrabMerchant,com.grab.merchant,a8803200-1c67-4498-aac8-816ed166df0f,Yandi Gungun,Saya kasih saran grab aplikasi merchant memakai kode OTP kaya gojek di karnakan banyak driver yang nakal pesan di resto A dia pergi ke resto B custemer pasti ngasih ulasan ke resto Makana tidak sesuai padahal itu kesalahan driver...dan saya sarankan perbanyak promo ...dan tolong perbaiki saya kemarin dapat notip dari driver resto pindah alamat padahal alamat sesuai dan driver pergi ke resto lain .....,3,2020-10-29 22:19:51,1,"resto, merchant, pesan, driver, promo"
GrabMerchant,com.grab.merchant,9d7c22ba-5be0-417d-9783-ce02c3f5cc01,Robin Zheng,"Halo Grab Merchant. Sampai saat ini merchant saya blm berhasil di aktivasi, apakah bisa dibantu. Nama Merchant : Mister Mukbang Terima Kasih",3,2020-10-29 07:10:31,0,merchant
GrabMerchant,com.grab.merchant,bba7e43e-d374-446c-87cc-f0fdf52bddc3,bonus irawan,"Sejak aplikasi aktif sampai sekarang kenapa sangat sulit mendapatkan orderan, padahal sudah buat promo juga, tapi tidak ada orderan masuk 1 pun???",3,2020-10-28 22:33:05,0,"orderan, orderan masuk, promo"
GrabMerchant,com.grab.merchant,7d9c1a29-79d1-48b9-af16-7a384105bf48,Jidin Mujahidin,Karna sandi imail lupa ganti sandi knapa msuk gagal terus Mohon bantuanya supaya bsa cepet jadi mitra grabfood,3,2020-10-28 21:06:17,0,"grabfood, mitra, mitra grabfood"
GrabMerchant,com.grab.merchant,888fb623-f50c-4ad2-bf9c-da70eacdfe82,ADHI KRISTIAWAN,Bagaimana update grab merchant yg versi terbaru. SDH versi terbarubjg tidak bisa AD MANAGER. Apakah hny bisa untuk merchant yg penjualannya bnyk atau bisa untuk semua merchant ?,3,2020-10-26 15:59:38,0,merchant
GrabMerchant,com.grab.merchant,c74fdbba-f2ff-4262-be82-c477816f32c8,Semox Rewel Maunjun,Maaf mohon bantuan.. . Tidak bisa login lagi ke grab merchant Karna sudah pernah buka di dua hp 😁,3,2020-10-26 06:06:12,0,merchant
GrabMerchant,com.grab.merchant,16982c00-46b7-473e-9b92-cda5910745dd,beda 507,"Komplain saya 1. Tidak bisa download lampiran perubahan yang ada di aplikasi. 2. Saya kira Sudah ada tolls(menu) print di aplikasi baru ternyata belum. 3. Edit harga menu ribet 4. Notifikasi belum maksimal kadang ada notif kadang ga ada. Tolong lah tingkatkan lagi, saya mau merubah nama dan titik kordinat susah banget dah dan jangan apa-apa hubungi Twitter, karna ga semua orang punya Twitter dan yang punya Twitter ga selalu buka Twitter yang saya minta perbaikan bukan ke Twitter",3,2020-10-26 02:20:26,0,"menu, harga menu"
GrabMerchant,com.grab.merchant,186ecba8-ed7f-4402-a8ab-7b0a845a4181,Jibril Anaki,Hali kak Saya Mohon Bantuan Akun Saya Tertimpa dengan Akun resto lain jadi akun saya nggak bisa login padahal saya sudah resto pilihan mohon bantuannya kak🙏,3,2020-10-24 17:18:15,0,resto
GrabMerchant,com.grab.merchant,2781c205-378d-454f-a3a6-e0d059118caa,Oriza Shavira,"Agak kecewa nih sama grabmerchant tbtb gak bisa masuk tulisannya disuruh masuk dengan cara lain, udah aku coba masuk pake hp lain ttp gabisa jadinya toko belum ditutup eh tbtb ada pesanan masuk padahal aku lg ga di toko katanya lg memang ada kendala gatau sampe kapan",3,2020-10-24 16:56:01,0,"pesanan, pesanan masuk"
GrabMerchant,com.grab.merchant,b2b62a77-42e3-4212-b80f-e5cb3d1dd1bc,AnnA AnnO,Tak ksih bintang 3 dulu ya udah lebih dri 3x dowload unistal tlpon cs ampe kirim email ndak bisa login dan anehnya resto udah aktif tp ndak bisa login.tlon di bantu susah ndak tau ada orderan msuk tau tau driver nongol dan ngomel resto pilihan ko blm siap makanannya.,3,2020-10-23 18:53:45,0,"resto, orderan, driver"
GrabMerchant,com.grab.merchant,8381a172-946c-4ef8-ad6e-ba2067b9fbdc,Krukul SFKR 87,Saya mau daftar grab food ko gak bisa pencet aktivitas..,3,2020-10-23 17:09:54,0,grab food
GrabMerchant,com.grab.merchant,47611a0d-f4e0-4cb3-a2b9-61b9a3049c90,Jefri Kinggo,"Kenapa Aplikasinya tdk bisa di buka trs ya,orderan masuk tp sy tdk bisa melihat di grab merchant ,mohon penjelasannya ....terima kasih",3,2020-10-23 10:49:14,0,"merchant, orderan, orderan masuk"
GrabMerchant,com.grab.merchant,b81e1703-cfe1-4d94-a6bb-b7a14344d795,Amsin Sahlani,Sehari paling 1 pesenan. Sudah 6hari tidak ada orderan pesanan yg masuk😭😭😭😭,3,2020-10-23 10:27:32,0,"pesanan, orderan"
GrabMerchant,com.grab.merchant,91a87284-f2b0-490e-b6c7-8991ad33a346,Alby Al-Zahran,"Kalau ada order masuk ga ada suara nya, pdhl udh d setting dll, jd suka kaget klo driver tbtb dateng, harus buka app nya dlu baru deh bunyi notifikasi nya kedengeran. Heran",3,2020-10-23 00:41:21,0,"order, driver"
GrabMerchant,com.grab.merchant,e150341f-01dc-473e-a15c-efec210b27d7,arif hariyono,Udh jln 1 Minggu bergabung di grab marcant ..blm juga ada yg order di resto saya..payah ni..udh gitu Sy liat di MAP nama resto sy tidak muncul tidak ada..sedang kan di resto org lain di gang gangan rmh malah muncul klo liat di MAP,3,2020-10-23 00:22:48,0,"resto, order"
GrabMerchant,com.grab.merchant,5f6b7bc6-c8e5-46df-b002-525a8740732e,Su Tanti,"Dari kmrn mau masuk error mulu sampai skrg,klu ada orderan masuk gmana ga bisa buka...tolong di perbaiki aplikasinya",3,2020-10-22 09:39:07,0,"orderan, orderan masuk"
GrabMerchant,com.grab.merchant,e2560ad0-5dd9-4fff-abf9-86ba8a840822,Tasprila Santoso,Dari tgl 17 sampe tgl skrg kok ga ada orderan masuk ya. Sblm tgl 17 orderan suka ada aja yg masuk. Ini sistemnya atau apanya ya?,3,2020-10-21 16:47:39,0,"orderan, orderan masuk"
GrabMerchant,com.grab.merchant,e17f2fdf-1167-40b3-ba89-8371da6845c9,Mbah Setro,"Tolong diperbaiki, notifikasi sering tidak muncul, ketika driver datang baru muncul ada pesanan masuk... Tambah lagi 1 bulan terakhir jarang ada order, bintangnya kurangin 1",3,2020-10-21 09:44:42,0,"order, pesanan, pesanan masuk, driver"
GrabMerchant,com.grab.merchant,14099e3e-3645-4a85-bc48-5a67041aa3bc,Candra Lutvananda,Ngebug trua trus d masukin kmbli akun sya ngk bsa msuk lagi padahal udah dah gabung di mitra grabfood astaga gimana klo ad yg beli nih,3,2020-10-21 09:43:17,0,"grabfood, mitra, mitra grabfood"
GrabMerchant,com.grab.merchant,4d5fa002-9bf0-4f42-a732-1a75486beb54,Saida Hamawati,Sy mengajukan perubahan nama outlet sdh 3 hari tapi hingga sekarang blm ad informasi.prosesnya kok lama ya mohon informasinya trima kasih.,3,2020-10-21 07:14:19,0,outlet
GrabMerchant,com.grab.merchant,e4411f76-0ff1-4d0f-84fb-232c8a4dc7b7,Fadli firmansyah,Gatau knp nih aplikasi sering banget tdk bunyi notifikasi orderan masuk.,3,2020-10-19 18:36:01,0,"orderan, orderan masuk"
GrabMerchant,com.grab.merchant,ad515edc-fe71-4e9c-807b-abfee8bd62a9,Zurdan Saputra,Saya daftar grabfood dibalikin terus padahal datany sdh benar tp noteny data salah,3,2020-10-19 14:55:42,0,grabfood
GrabMerchant,com.grab.merchant,13558c48-1cd8-46c1-8711-1c7effbcee53,Sutik Juharmidah,"kok aplikasi grab merchant blm bisa d buka,padahal d aplikasi customer resto udah muncul,mihon bantuannya",3,2020-10-19 05:48:51,0,"resto, merchant, customer"
GrabMerchant,com.grab.merchant,82963155-0555-4803-bb95-4ec3cf1a86a8,PONDOK KACANG EBM,"Gimana ya ini tuh .seharusnya klo ada orderan masuk tu aada bunyi notif gitu ..masak driver grab abang""nya baru dtg dibuka apklnya baru bunyii....kn kita bisa siapin orderannya ..ini tuhhhh ,😠😠 ngeselinnnn",3,2020-10-18 22:15:24,0,"orderan, orderan masuk, driver, masak"
GrabMerchant,com.grab.merchant,22618ae0-4cb0-4195-a39b-6ed2bcd786c1,Zey Zey,Kouta internet 24jam on terus orderan gak ada yang masuk promo terus di buat masih aja tidak ada orderan masuk payah nih aplikasi,3,2020-10-17 16:04:57,1,"orderan, orderan masuk, promo"
GrabMerchant,com.grab.merchant,b570b91e-be71-45de-aa0b-6f2eac269b3b,Muktabar Fadil,Kenapa ya suara notifikasi klau ada orderan masuk gx muncul ya??,3,2020-10-16 15:08:42,0,"orderan, orderan masuk"
GrabMerchant,com.grab.merchant,31cfecd0-03d5-478c-822e-85ea332f56b8,Kim Seok Jin,"Saya bener2 bingung deh, udah tlp bbrp kali call center, semua d utak atik, tp setiap pesanan masuk masih blm ada notifikasi atau bunyinya. Jd abangnya pasti dateng duluan, aneh bgt saya harus buka aplikasinya dulu baru bunyi. Ada yg sama ga? Mohon pencerahannya",3,2020-10-16 09:53:10,46,"pesanan, pesanan masuk"
GrabMerchant,com.grab.merchant,16d78215-34bd-4610-bd71-cbba61686afd,Ronald Tanjung,saya Menyarankan grabfood harus sperti Aplikasi gobis yang ada Cetak struknya....,3,2020-10-16 04:36:52,0,grabfood
GrabMerchant,com.grab.merchant,82303f14-d779-4c30-b118-168acda80fed,Danial Pratama,"Sayang sekali sudah sebulan lebih saya kesulitan masuk ke aplikasi,, gegara mau masuk ga tau kata sandinya,, Krn dr dulu terbiasa login scr otomatis menggunankan akun gmail.. to sekarang tdk bisa,, coba login terkendala kode OTP yg dikirim ke email dan no hp tdk ada masuk.. jadi pasrah aja,, misal ada orderan masuk sedangkan toko sedang tutup Krn tdk bisa mengatur aplikasi.. mohon bantuannya knp saya kesulitan masuk aplikasi.. hampir putus asa Krn semakin kesini bukannya semakin bersahabat.",3,2020-10-15 22:50:17,27,"orderan, orderan masuk"
GrabMerchant,com.grab.merchant,d6f04843-74c4-411d-9565-67a97fb0d188,Bozzers Channel,Ga bunyi notifnya... tiba2 udh dtg driver grabnya. Notif ny bunyi jika aplikasi dibuka. Gimanalah kita bisa cepat buat orderannya klo gtu.. apa ada solusi?????,3,2020-10-15 17:05:01,0,driver
GrabMerchant,com.grab.merchant,b62ff7b8-2b20-44b1-a9f1-47d68ce64e4c,Jueng Ajjah,"barusan saya perbarui aplikasi grab merchant nya trus pusat bantuan nya gk bisa di klik, sdngkan sebelum di perbarui itu masih bisa, Klo gk bisa di klik trus saya mau nayri bantuan kmna.",3,2020-10-15 13:01:49,0,merchant
GrabMerchant,com.grab.merchant,db3b9c06-41a2-4bc5-ae87-efab7ad5c082,Dewi Cell,"Baru 2 hari, trus Update lagi, abis kuota, prubahan ngk ada, malah sekarang jdi tambah sepi di aplikasi baru ini, Promo sdh se anjok² nya, malah ngk jalan, beda dgn aplikasi sebelah, ngk tau apanya yg saLah, Prosedur Distribusi di Lapangan x,Apa Ongkir Nambah²in Lebih MahaL jd bikin yg beLi jd Ragu,padahaL dr kami juga sdh nambahin gratis Ongkir, tambah pesenan masuk Notifikasi Ngk BUNYI ,Terus Grab knp Pembeli Yg Di Jangkau Sgt Jauh rt rt dr resto sampe 8 km lebih, bukan area kami, gimana?? ,",3,2020-10-15 01:58:40,0,"resto, promo"
GrabMerchant,com.grab.merchant,bed7a86f-e13b-4778-bbb0-9a14f471aad3,Resta Lendi,"Di kompetitor kenapa lebih mudah ya, buat promo langsung tampil dan langsung dilihat pembeli jadi bisa langsung jualan, dan promo bisa dibatalkan jika kurang efektif dan di ganti promo yang lain yang lebih bisa mendorong penjualan. Intinya kita bisa improvisasi untuk mendorong penjualan.",3,2020-10-14 23:14:45,16,promo
GrabMerchant,com.grab.merchant,639eae9d-e2fa-4da2-9ef7-10b6d7d4362d,Moh Alimuddin,"Knp sdh 1 Minggu masih belum bisa aktif grab food ,mohon cek & pastikan supaya merchant baru tidak kecewa terima kasih!!!",3,2020-10-14 14:42:50,0,"grab food, merchant"
GrabMerchant,com.grab.merchant,54b137dd-e165-4dcd-900c-cb01c809abed,Yanti Ismayanti,"Tolong atmin Grab food sy punya kedai namanya wedang jahe ""roso"" lokai di jl. Tuparev depan BRI cabang karawang . Sudah di tutup, tapi menu di aplikasi grab food masih ada dan akti, saya mohon pihak grob food untuk segera memblokir dan menutupnya, di aplikasi sy sudah gak bisa tutup .",3,2020-10-14 00:51:34,0,"grab food, kedai, menu"
GrabMerchant,com.grab.merchant,2bd4a3f3-adb3-444d-90d8-71778cbaa277,GITA SURYANINGSIH,"Pesanan sudah siap tapi dibatalkan, kok bisa?????????????????????????",3,2020-10-13 20:17:44,0,pesanan
GrabMerchant,com.grab.merchant,c2f90fd0-6b62-463f-8412-bd2453c86d12,muhammad Arfan,Kenapa di grab merchant saya tidak ada daftar menu nya,3,2020-10-13 09:56:52,0,"merchant, menu"
GrabMerchant,com.grab.merchant,c0c6f9bc-ce07-4081-bda0-26c2586d24ad,Laila Nujumun Niswah,"admin tolong dong alamat yang sudah saya perbarui segera di ferifikasi. sudah ada bebrpa driver yang asal membatalkan pesanan secra langsung, tnpa harus mnelfon terlebih dahulu. pdhal pesanan sudah terlanjur di buat😭😭",3,2020-10-12 13:50:17,0,"pesanan, driver"
GrabMerchant,com.grab.merchant,83cacd66-3b92-400a-a926-80a5709b570c,Sawunggaling Hero,"Akan lebih baik kalau pemilik restoran bisa melihat rincian rating yang telah dinilai oleh konsumen secara jelas dan gamblang, baik itu komentar dan jumlah bintang yg diberikan konsumen seperti di google maps.. Sehingga pemilik restoran bisa meningkatkan kinerja .. Tolong utk grabmerchant supaya dipertimbangkan dan diwujudkan permintaan saya selaku partner awal grab merchant sebelum ada di play store .. Terimakasih semoga semakin maju untuk grab food indonesia",3,2020-10-12 13:19:53,0,"grab food, restoran, merchant"
GrabMerchant,com.grab.merchant,3b4e3149-4faf-4256-86cd-5e8200e73e08,Ima Sulaimah,"cara buat menu gmn ya,kok gak bs tampil,ada ket cb lg",3,2020-10-10 13:10:26,0,menu
GrabMerchant,com.grab.merchant,c05b2399-eeb0-4a92-9e2f-6cda94964ed7,Ikmah Ikmah,Kenapa grab merchant sya gak bisa ke buka dihp samsung j3 2016 yah?,3,2020-10-10 03:19:31,0,merchant
GrabMerchant,com.grab.merchant,328b82ec-6fd0-4529-869e-3b3de3f36964,Hidayah Ummah,Kenapa tampilan di aplikasi masih yang lama? Tidak ada tombol edit menu. Padahal sudah diupdate. Terimakasih,3,2020-10-08 20:11:04,0,menu
GrabMerchant,com.grab.merchant,715eb0f6-0fc9-4959-92d8-832bde472d45,kaji leo,Driver sudah ambil makanan ...di aplikasi tertera di batalkan ..resto rugi makanan sudah di bawa gak dapat uang orde ran d aplikasi tertulis di batalkan ...masuk pusat bantuan sulit..tolong di mudah kan apl bantuan buat driver nakal...,3,2020-10-08 13:29:05,0,"resto, makanan, driver"
GrabMerchant,com.grab.merchant,43b22d02-918e-45b5-a2ed-c18598de615f,Katsu Bowl,Kenapa aplikasi grab merchant saya tidak bisa di buka yah? Saya uda coba uninstall dan install ulang tetep gabisa. Versi Android saya 5.1,3,2020-10-08 12:30:11,0,merchant
GrabMerchant,com.grab.merchant,114e47b2-af8d-44e0-96a3-93748b859dcf,BRO HANS,"Cara merubah harga menu bagaimana ya, soalnya harga yg tertera blom ditambah 20%.",3,2020-10-07 11:37:00,0,"menu, harga menu"
GrabMerchant,com.grab.merchant,94ff2b9b-8b99-4b46-b19b-de26b5d4253a,Zul Basyaiban,Klo hape pas merem ada orderan gak bunyi.,3,2020-10-06 17:48:35,0,orderan
GrabMerchant,com.grab.merchant,f605b4ac-e0d1-4535-a7c8-4b81358cd871,Hendra Wan,"Sudah berapa bulan ini gabung digrabmerchat orderannya y ampun kadang sedih klo diceritain mah, nyesek saya kadang orderan cuma diksh 1 doang itupun 3minggu skli, pdahal promo mah promo.... Coba dong admin minta solusi gmn min",3,2020-10-05 02:20:52,1,"orderan, promo"
GrabMerchant,com.grab.merchant,433aec5d-3b07-4c61-b4d9-b83d1d846893,Badayalif Alawiyah,Saya kasih bintang 3. Kenapa saya masuk ke menu selalu ada baca an coba lg udah gitu saya klik ngga bisa apa yg salah terus saya dapet sms kata nya suruh perbaiki data tetapi kenpa ngga bisa di klik menu nya tolong gimana ini,3,2020-10-04 21:29:30,0,menu
GrabMerchant,com.grab.merchant,eab7fdba-58da-4fa6-b45f-84e62a2a6f53,gayuh mukti aji,Saya sudah dapat email+sms dari grab bahwa sudah di terima+tanda tangan tapi mengapa di apk masih dalam proses aktivasi sudah semiinggu belum berubah . Dan saya sudah mendapatkan laporan penjualan 0 rupiah hari kemarin . Lalu bagaimana saaya bisa berjualan kalo di apk saya itu masih dalam proses aktivasi . Mohon bantuannya,3,2020-10-04 15:40:34,18,laporan penjualan
GrabMerchant,com.grab.merchant,5a3fe0f4-74f0-49f4-834e-c6c1a30c7e85,dillaarmina,ini gimana ya aplikasi sudah di upgrade kok malah tiap ada orderan notifikasi nya gak masuk.. tiba-tiba driver grab sudah datang menunggu.. kan kasian driver jadi harus menunggu lebih lama.. mohon pihak grab segera perbaiki .,3,2020-10-04 11:59:49,10,"orderan, driver"
GrabMerchant,com.grab.merchant,94cf366e-e6bd-4e1b-bb88-8926e50b3902,Devano Rina,Selalu minta update .sedangkan memori hp ku gak cukup..maklum hp jadul. Klo gak di update malah gak ada orderan masuk.,3,2020-10-03 08:15:05,0,"orderan, orderan masuk"
GrabMerchant,com.grab.merchant,253ab5a3-9353-433e-ab68-1f3b07284217,Arry Kurniawan,Sy baru buka tp belum ad orderan sama sekali. Mohon utk bimbingannya apa saya harus masukan top up atau bagaimana ya,3,2020-10-02 20:20:22,0,orderan
GrabMerchant,com.grab.merchant,9431a55b-7e86-4fa1-82cb-eaeacdc61b8b,Dodi Sunjaya,"Hallo kak , kok saya tidak bisa install grab merchant ini ya. Sudah beberapa kali gagal instal",3,2020-10-02 14:00:41,0,merchant
GrabMerchant,com.grab.merchant,5fa5a308-ceba-48ef-b5b1-688643961c76,PAJAR RISYANTO,Tolong di update supaya kalo ada pesanan masuk ada notifikasi tanpa harus stand by buka aplikasi grabmerchant terus agar dapat notifikasi pesanan masuk,3,2020-10-02 10:04:59,0,"pesanan, pesanan masuk"
GrabMerchant,com.grab.merchant,34db50e7-bc7f-4a42-9e68-55941242fc9c,Riyan Wahyuda,"Selamat Siang Min, Saya Sudah Daftar Grab Food, Namun Saat Pendaftaran ada sedikit kesalahan foto toko. Lalu saya di suruh untuk revisi ulang. Saat sudah di revisi dan di kirim ulang kembali. Namum sampai saat ini belum ada respon jawaban.",3,2020-10-02 09:16:05,5,grab food
GrabMerchant,com.grab.merchant,daca8897-a738-4897-af6f-37ad4f6f7908,Nansy,Sudah didaftarin tapi mau aktifkan di grab merchant slalu minta verifikasi...padahal sdh ada laporan di email😩,3,2020-10-01 13:19:47,0,merchant
GrabMerchant,com.grab.merchant,cc821ffb-3521-4f06-8e53-afb4486a0fda,Mas Khafid,Sy berharap grab berpihak dg resto trutama dg promo yg tdk terlalu membebani resto sering kali resto terbebani dg bagi hasil promo yg memberatkn blm lagi pajak yg tak braturan molai 20%-25% di tiap2 resto,3,2020-10-01 12:45:47,0,"resto, promo"
GrabMerchant,com.grab.merchant,6314f772-b241-488d-b318-d4478bc5f7b1,Ari Yusril,"Kenapa sya belum bisa nambah menu padahan grapfood sya sudah aktif , tidak ada menu untuk penambahan menu mohon di bantu🙏",3,2020-09-30 22:10:46,0,menu
GrabMerchant,com.grab.merchant,cd8a1566-20fc-48a5-81f0-289be0757d83,Deden Jaenudin,3 aja dulu soalnya saya udah ada notip udah bisa juwalan tapi pas di buka aplikasi g nongol2 menu untuk ubah menu aja sama jam buka susah masuk,3,2020-09-30 17:38:28,0,"menu, jam buka"
GrabMerchant,com.grab.merchant,2772e926-784d-4e2b-a6cc-590a2f8185d5,dshe_mega_lelepory,"Tidak ada konfirmasi sdh terdaftar di grab, tau2 tukang grabfood datang dan pesanan ada yg tdk ready, alhasil hrs dicancel. Aplikasi perubahan menu juga tdk bisa dirubah",3,2020-09-30 17:05:09,0,"grabfood, menu, pesanan"
GrabMerchant,com.grab.merchant,989ae4b7-5f45-41c6-b50f-d22c303f3307,Setiarini,"Makin menurun 2 minggu belakangan ini,. Smp berhri""paling order msuk 1 aj, paling bnyk 2 itupun cm st /dua mknan sj yg di order.. Gmn ini ya resto nya.. Makanan jd pd basi kg kjual dn hrus gnti br lg ms tara pemasukn gk ada",3,2020-09-30 15:34:39,0,"resto, makanan, order"
GrabMerchant,com.grab.merchant,e89b3d72-823a-4576-8a1a-6658fa47a65b,Ajeng Lestari,"kenapa ya appnya tiba tiba tdk bisa dibuka, sudah 2 hari ini, padahal sebelumnya normal2 saja.. tetapi orderan tetap bisa masuk seperti biasa.. mohon bantuannya",3,2020-09-30 11:41:14,0,orderan
GrabMerchant,com.grab.merchant,5d6f4f07-b460-42a4-99ae-a6ec3e83a630,Andre Dwi Ramadhan,"min bagai mana cara ganti alamat di grab merchant, kkarena harus pindah rumah jadi harus pindah toko juga.?",3,2020-09-30 11:10:09,0,merchant
GrabMerchant,com.grab.merchant,f8faaf02-3aee-41be-a7c6-f16077d64efd,Ambrosius Ade Christantyo,Sejak bergabung dgn grabfood saya sama sekali blm dpt orderan. Jd saya ksh bintang 3 ya. Nanti kl udh rame br di ksh bintang lg.,3,2020-09-29 23:45:37,0,"grabfood, orderan"
GrabMerchant,com.grab.merchant,128a406c-c1c8-41f1-b87c-7761bc2fb3a0,Warungsroto Duarasa,No Hp yg di Grab ovo kenapa masih pake nomor hp yg lama? Padahal nomor hp yg akun grab merchant SDH pake nomor hp yg baru. Tolong diperbaharui nomor hp yg baru,3,2020-09-29 12:42:08,0,merchant
GrabMerchant,com.grab.merchant,958c4184-39ae-4b90-bcd7-18b0b58267e4,Alvinho _8,"Mohon kpd grabMerchant, knp aplikasi tsb susah dibuka,, ud sering kali sy dpt kan masalah ini, dan sy sdh sy laporkan,,, kemarin sy tutup 1 hari, sy matikan aplikasinya sj gak bs, orderan masuk dan bag grabfood marah2,, jd tolong kerja samanya,, jgn kami yg disalahkan, terima kasih tolong segera direspon sampai saat ini juga tdk bs dibuka,",3,2020-09-29 12:14:55,28,"grabfood, orderan, orderan masuk"
GrabMerchant,com.grab.merchant,0260e6d0-7f05-4517-87e3-b5270d215831,chef chubby,Sering tidak ada notifikasi masuk dr orderan jadi tidak tahu ada orderan masuk. lebih di tingkatkan kualitas terbaik aja buat merchant yg bergabung,3,2020-09-29 04:37:48,0,"merchant, orderan, orderan masuk"
GrabMerchant,com.grab.merchant,7dc8d686-b2fc-496d-bf40-fefcb286c5c3,Dapoer Momi's,"Saya dari pertama buka DAPOER MOMI'S pinang ranti TMII baru dapat 2 orderan nih😭dari grabMerchant,.apa sebabnya yah bisa kah beritahu saya sebabnya pihak GrabFood?",3,2020-09-28 20:20:49,0,"grabfood, orderan"
GrabMerchant,com.grab.merchant,1a5d470e-c285-4acb-91ea-6dbd8d64421b,capt philip,Kalau bisa ada setingan untuk merubah tampilan banner atau tampilan utama pada RM/Resto..supaya Tiap resto bisa ganti ganti tampilan agar menarik pelanggan.. Terima kasih.,3,2020-09-28 20:18:01,0,"resto, pelanggan"
GrabMerchant,com.grab.merchant,c5f17a21-dd20-4265-8222-338e9f5f01d1,onny maya meisari,"sementara tiga dulu..sbnernya terbantu bgt waktu daftar nya,,tapi pas sdh jalan hampir satu bulan baru dpt orderan,,yaa anggap saja permulaan,,alhamdulillah skrg sdh mulai rutin tiga hari ini baik satu sampai tiga orderan,,tapii yg bikin gemesss kenapa notif nya br bunyi ketika kita buka aplikasinya,,kan hp nya kita pake buat kerja yg lain juga..jd ldg kasian drivernya dan kasian saya nya kaget krn tau tau driver dtg trus menu semua kan hrs di masak .. semoga bs mjd lbh baik lagi",3,2020-09-28 19:25:36,18,"menu, orderan, driver, masak"
GrabMerchant,com.grab.merchant,0faa8f39-e9fd-4abb-a27e-f5ccd901bde4,Puspita Lia,Knapa di saya tidak ada menu untuk edit menu dsb nya yah so bad and sad :(,3,2020-09-27 11:39:02,0,menu
GrabMerchant,com.grab.merchant,6d488837-beb8-422c-8a68-1ace9dcdacdd,Marsudi Anto,Aplikasi ini sangat membantu untuk pengambilan dan pengantaran pesanan dengan biaya relatif murah,3,2020-09-26 09:01:12,0,pesanan
GrabMerchant,com.grab.merchant,5772d3ad-1cf8-454e-9fd9-fb85deb42bd8,Nindy Alivia,"Hallo min, saya sedang daftar grab food tapi email saya salah, lalu gimana caranya saya ganti emailnya? Kok aneh gak bisa diganti??",3,2020-09-26 05:56:30,0,grab food
GrabMerchant,com.grab.merchant,cb07ae5a-ca52-4da7-9921-440e10433d4e,Inggar Dwing,"Ini kenapa ya saya mau nambah menu tidak bisa , tertulis coba lagi",3,2020-09-25 17:57:42,0,menu
GrabMerchant,com.grab.merchant,4b732955-a1c8-44c2-a96b-c413da1437da,Christian CHCY,"Mau komlan knapa kok kalow ada pesanan dan notif nya terlambat ya, jadi telat buat bikin pesanan",3,2020-09-25 07:47:26,0,pesanan
GrabMerchant,com.grab.merchant,ff02c523-cd44-4238-a6cd-5da2bcb00afa,Cahya Randi Rasyid,"Ko susah dapet orderanya,dari pertama daptar sampei sekarang cuma 1 orderan ajah,padahal udah lama udah 2 bulan apa 3 bulanan lebih lah",3,2020-09-24 20:15:05,1,orderan
GrabMerchant,com.grab.merchant,a1ac3d58-0666-49ea-a165-71f4d21d74b0,Jaming Atun,Kasih bintang 3 dulu deh. Saya mau tanya saya sudah mendaftar resto saya ke grab marchant.sudah aktif akun restonya.pas saya mau mulai berjualan.tapi dari tadi pagi sampai sekarang belum masuk juga orderan food yg masuk ke akun resto saya.ini gimana solusinya. Siomay mie ayam bungkoes Cipayung.. Bagi pemula seperti saya.atau yg lain.di berikan orderan masuk.atau di prioritaskan.,3,2020-09-23 15:48:48,0,"resto, orderan, orderan masuk"
GrabMerchant,com.grab.merchant,abfba8b0-d3cc-449a-9a11-083da411f436,Yuda Effendi,Terkadang grab merchant bus gkbbisa fibula..... Loadingnya lama.... Terus Hari ini toko gk bisa dibuka... banyak masalahnya,3,2020-09-23 10:34:33,0,merchant
GrabMerchant,com.grab.merchant,c33d3023-d1c5-4069-9801-5081af7dad23,Mom Ri,Daftar menu g bs di buka knp ini,3,2020-09-21 21:49:43,0,menu
GrabMerchant,com.grab.merchant,f4395f1c-acdb-469c-906c-868e8b28d02c,Lany Den,"Biarpun belum bisa login tapi sy oktimis suatu saat pasti sy bisa bergabung dan kerjasama bersama grabfood, karna ovo ku udah aktif, tapi aplikasi belum bisa login, karna sewaktu pendaftaran salah email, no tlp udah sesuai,dan saya haraf grabfood bisa nyelesain masalah sy ini, sy tunggu, sampai sekarang email saya masih tidak sesuai padahal sy udah berkali2 melalui pusat bantuan tapi belum juga ada tanggapan gimana ini saya tidak bisa menerima pemberitahuan dari pihak grabfood melalui email.",3,2020-09-21 09:49:44,0,grabfood
GrabMerchant,com.grab.merchant,7f12b0c5-fa79-430c-89ae-d8620fad7d03,Adi Kurniawan,Aplikasi sering erorr tidak bisa dibuka sama sekali saya bingung malah ada pesanan masuk. Mau ngcek jadi tidak bisa krna app tidak bisa loading sama skli.,3,2020-09-21 09:26:04,2,"pesanan, pesanan masuk"
GrabMerchant,com.grab.merchant,33999654-52b8-4bd3-ad2f-35dc3ffcd06a,Perwira Okta,"Saya tidak bisa Login d grabmerchant. Coba saya googLing, ternyata ada keterangan kLo tidak bisa login secara bersamaan.. 1 prgkat d outLet. Apa sbg owner sy tidak bisa cek Lsg kondisi outLet ? TLog d perbaiki itu app nya. Supaya gak nyusahin owner",3,2020-09-18 18:10:36,0,outlet
GrabMerchant,com.grab.merchant,7ec8f2a4-0b91-4806-8dd7-63f4745955a0,Muhammad Ridwan Safei,"Udah daftar, udah sign kontrak dan juga udah ditelp org grab kalo Warung sy sdh bisa aktif di GrabMerchant, padahal daftarnya baru seminggui lalu tapi dah bisa Aktif OVO dan GrabMerchant nya... Saya coba masuk ke Apk ternyata keterangannya ""masih dalam proses"". terus ayeuna teh aing kudu kumaha ???",3,2020-09-17 20:01:22,14,warung
GrabMerchant,com.grab.merchant,dd9bad6b-e839-4583-a5d7-aecc8802e1f7,Jefri Perazi,Pada menu kok tampilannya ups ada yang salah? Jadi ga bisa nambahin daftar menu. Tolong dibantu min,3,2020-09-17 08:01:00,0,menu
GrabMerchant,com.grab.merchant,38e96f83-0837-4467-b2de-90803c67b7cf,Maryati Sulaiman,kenapa logo warung makan saya beda ya saya kirim gambar apa yg ada di logo apa . kalau mau ganti gambar logo bagaimana ya . dan alamat ya saya kirim ya griya asri jl.jambu blok B3 no 8 kenapa yg di aplikasi no 6,3,2020-09-16 13:07:00,3,warung
GrabMerchant,com.grab.merchant,2f289103-9f5f-4f5b-83df-33f19b3d5ccf,Idan Ramdani,Status toko tutup.. padahal d setingan jam buka resto buka... Ga bisa d geserr... Ada solusi Udah saya otak atik Masih aja nihil Sampe sekarang saya ga bisa buka toko ka.. ini gimna tutup terus d setingan nya..,3,2020-09-16 10:38:17,2,"resto, jam buka, buka toko"
GrabMerchant,com.grab.merchant,f7e1c391-465d-4ab4-953a-dd035a685df4,veby veby,"Saya sudah download dan sudah diterima hanya saja saat mau upload menu malah tidak bisa, keterangannya ups ada yang salah mksdnya gimana ya",3,2020-09-15 16:13:50,1,menu
GrabMerchant,com.grab.merchant,634b45af-d04b-4398-a5dc-5f7bdfbd0dc2,indra pratama,Skrng grab lebih komersil ya.udh ada Ads berbayar nya.resto saya makin kebawah jadi susah di liat cust.orderan drastis menurun bahkan udh 1mgg ini saya nga dpt orderan.saran saya di bayakin lagi promo2 menarik nya.jagan di bebankan promo ke marchant nya.udh promo masih di potong 20%.,3,2020-09-15 09:08:19,0,"resto, orderan, promo"
GrabMerchant,com.grab.merchant,b76c5122-a35c-4d0c-9e4a-7a21e196f96a,Rani,"Suara notifikasinya mohon diperbaiki.. Sebab ketika ada orderan masuk gak bunyi..tau2 driver udah sampe lapak. begitu buka aplikasi,baru deh bunyi.",3,2020-09-14 22:03:53,2,"orderan, orderan masuk, driver"
GrabMerchant,com.grab.merchant,f2f0be14-0944-4bad-8368-1e8a4ba15aa7,Bakso Mami Marcal,"Daftar bln januari, baru aktif bln agustus. Walaupun order santuuuyy, alhamdulillah pendapatan meningkat. Sayangnya msh ada order fiktif, resto tidak dirugikan tapiiii kacian driver :(",3,2020-09-13 15:50:43,0,"resto, order, driver, pendapatan"
GrabMerchant,com.grab.merchant,0f6c2e51-b527-4caa-a036-7365f91c7787,Jeni Sapirman Sari,Mohon di tambahkan fitus POS. Agar gampang untuk ngeprint faktur dari orderan yang masuk.. Seperti Apk yang di sebelah. Orderan masuk tinggal klik print. Faktur keluar. Mudah dan jadi Gampang. Bisnis berjalan lancar dan cepat. Terimakasih.,3,2020-09-12 20:48:00,0,"orderan, orderan masuk"
GrabMerchant,com.grab.merchant,03a4d378-9116-4285-ae8f-8247494ee6f6,Kenzhie,Udah aktif mau cari buat tambah menu gk tau klik mana,3,2020-09-12 18:33:26,0,menu
GrabMerchant,com.grab.merchant,48098602-8757-450e-9ea3-635a3156d29b,Olip Septiady,Cara ngedit menu gimana ?? Kok punya saya gak bisa ??,3,2020-09-12 14:05:56,0,menu
GrabMerchant,com.grab.merchant,fa06ca2a-2962-4316-a382-de7e93321672,Arie Yusuf Muttaqin,udah aktif grabfood merchant. tapi kenapa ya selalu nge-logout sendiri.. jadi kalo ada order tidak ketahuan haduh,3,2020-09-10 22:43:34,0,"grabfood, merchant, order"
GrabMerchant,com.grab.merchant,1be32927-e6c1-4acc-898e-4fbeffe388fa,Sut Irah,Min ko aplikadi ngga bisa di buka yah? Ngga mau masuk ke menu utama,3,2020-09-09 18:25:58,0,menu
GrabMerchant,com.grab.merchant,012ecb2d-2847-41db-9b66-5d2bc47d2700,Lie mei Lin,Saya udh masuk ke grap merchant tapi sayang bgt ga ada promo tuk resto saya malah saya hrs bikin promo sndr tlong donk support ny klo ingin sama2 maju Terima kasih,3,2020-09-08 18:39:21,0,"resto, merchant, promo"
GrabMerchant,com.grab.merchant,a606464a-9803-4783-a616-b383cc18f1d1,Murni Yati,Udh aktif di greb mercen tapi sudah 2 minggu orderan kaga ada satu pun yg masuk di promoiin sudah tetap aja zonk stock barang dagangan ampe busuk dan basi jd kebuang sia2,3,2020-09-08 18:31:03,0,orderan
GrabMerchant,com.grab.merchant,0e83bbac-6089-4bd2-b192-0fb3e8defef8,Bella Siska,knp ongkos resto saya beda dgn resto yg laen di resto saya 6000 di resto orang 5000,3,2020-09-07 19:21:07,0,resto
GrabMerchant,com.grab.merchant,c436677a-3cfc-4c0e-a230-b2103b4ca307,Ahmad Husein,"Potongan Komisi dari penjualan toko terlalu besar, bukannya untung malah rugi. Mohon diberikan solusi supaya toko tetap buka di grab merchant dan bermitra yang saling menguntungkan, jangan menguntungkan salah satu pihak",3,2020-09-06 17:13:28,0,"merchant, komisi"
GrabMerchant,com.grab.merchant,9c69d1de-af63-455e-94f8-fccb956f1c5f,Raditya Wahyu Jovita,Untuk daftar jadi mitra grabfood aja kok susah banget yaa,3,2020-09-05 20:10:46,0,"grabfood, mitra, mitra grabfood"
GrabMerchant,com.grab.merchant,dad196a4-ddfa-4edc-947c-177f21996bdc,Zie Fauzie,Setelah download aplikasi. Akun tdk bisa dibuka. Anehnya lagi ada email masuk klo ada pesanan yg batal. Padahl merchant belum. Sy harus hub kemana ya,3,2020-09-05 19:30:49,0,"merchant, pesanan"
GrabMerchant,com.grab.merchant,8392ad01-1dee-4912-a2c3-94e061013c83,Wita Herlina,Udh ada orderan ke saya tapi ko gk ada notif ya?,3,2020-09-05 16:19:47,0,orderan
GrabMerchant,com.grab.merchant,022b0e25-55a2-4d33-91d7-abb683c6e3b1,Heri satriaji,Daftar nya aga ribet si..cepet juga tapi sampe sekarang blm ada orderan yang masuk.kenapa ya.mohon pencerahannta,3,2020-09-05 10:31:08,0,orderan
GrabMerchant,com.grab.merchant,434e15c4-a732-40c2-bb84-18838caccf1f,joko setiono,"akun grab merchant sudah aktif seminggu,order satupun gak ada yg masuk,saat pindah kefitur aplikasi,otomatis ke log out sendiri,saat masuk akunnya lg refresh ulang mulu,...ayo mana orderannya...monggo diorder",3,2020-09-04 22:53:49,0,"merchant, order"
GrabMerchant,com.grab.merchant,6a3da4b2-1dec-416a-9b48-ef6d2a0f8fc1,Dian Pratiwi,"Kok tampilan aplikasi saya berubah, TDK bisa melihat penghasilan bersih dan transfer nya. Gr2 ganti hp. Tapi masuk ke menu itu gk bs",3,2020-09-04 12:04:33,0,menu
GrabMerchant,com.grab.merchant,a57d4901-935e-485e-99ce-a1e1bb03e476,Andres San,Tolong aplikasi nya yang ramah sama hp ram kecil.. notifikasi pesanan susah masuk,3,2020-09-03 15:47:47,0,pesanan
GrabMerchant,com.grab.merchant,1e803dcc-8925-4ca1-a5ab-cc6da62f2c1a,Arul Prastio,"Semenjak update menjadi aplikasi grabmerchant ,orderan mandek..aplikasi grabmercahnt saya gak pernah dapat orderan..",3,2020-09-03 09:42:37,0,orderan
GrabMerchant,com.grab.merchant,235cc32e-faa9-4a4e-8de5-9d9edae054a6,Nyoman Sri murti,mohon bantuannya untuk nonaktifkan fitur Ad manager di aplikasi grabfood saya.,3,2020-09-03 07:21:18,0,grabfood
GrabMerchant,com.grab.merchant,ab3eb979-e6db-4aa0-b531-d694b604ce99,HEYJUND,"Hapus menu, menu yg dihapus masih ada ditampilan. Edit menu, menu yg diedit tidak berubah. Tambah kategori, kategori + tambah menunya gak muncul. Ini maunya apa ya kok semakin kesini semakin kacau. Ruwet. Menciderai merchant. Mohin tindak lanjutnya.",3,2020-09-02 16:28:33,2,"merchant, menu"
GrabMerchant,com.grab.merchant,ed74a8c8-269e-4c4e-85da-bdeab4494ca5,daningsih ning,"Gimana ya:"" kok app grab merchant nya sering gabisa dibuka di hp saya. Padal udah instal uninstall berkali2. Di hp yg lain bisa. Trs buka app sebelah pake hp ini juga bisa. Kok grab merchant doang ya yg gabisa:(",3,2020-08-31 19:04:12,0,merchant
GrabMerchant,com.grab.merchant,1c231ce9-a1bd-476e-88c4-3853ecfe0911,Diny Muharani,"Sering susah di buka aplikasinya, menghambat proses jual beli, mau tutup srmentara susah edit, mau tambah menu ga bisa.., kumaha ieu eror wae",3,2020-08-31 10:50:12,0,menu
GrabMerchant,com.grab.merchant,6b2d44fe-471d-488b-a88e-8ca482979548,Felita Nathan TV,"Selamat pagi, knp sy tdk bisa mengaktifkan grab merchan untuk bergabung menjadi partner grabfood?",3,2020-08-31 08:05:28,0,grabfood
GrabMerchant,com.grab.merchant,0a93ccf1-093e-4ded-86f1-2907f006f79b,Bagas Yushila,Kenapa yaa.. di aplikasi grab merchant toko saya kok ga ada tombol home di pojok kiri bawah?,3,2020-08-30 16:08:24,0,merchant
GrabMerchant,com.grab.merchant,b868c482-852c-4eb7-809b-c0a0b9f2c944,Kayla Family Iseng Aja,"Saya mau buka cabang warung/resto, ud email ke cs 2 kali ga ada respon sampai hari ini",3,2020-08-30 15:20:57,0,"resto, warung"
GrabMerchant,com.grab.merchant,df352ba9-5e54-4e32-a519-3598d4b8ab29,Rudi Andrian,Ayo dong tambahkan fiturnya ganti foto logo dan banner dan kategori resto merchant biar bs update mandiri tnp melalui email/telp cs lg,3,2020-08-27 10:55:52,0,"resto, merchant"
GrabMerchant,com.grab.merchant,1dbb683a-d0de-452f-b9d1-d37912c8bb58,Kantong's Cafe,"Saya mau pindah aplikasi ke hp lain, tp kenapa ya kalau saya logout terus mau login lagi malah munculnya nama pribadi bukan nama resto? Apakah harus nunggu beberapa waktu dulu?",3,2020-08-27 07:31:42,0,resto
GrabMerchant,com.grab.merchant,fbaa4877-d703-40c9-bb75-68935ca1368d,IMAM SUBHI,"Maaf saya mau nanya, saya sudah daftar dan sudah aktif di GrabFood, stelah saya unduh apk grab merchant kok tampilannya berbeda tidak ada halaman beranda dan tambahan karyawan. Mohon dibantu🙏",3,2020-08-26 12:04:32,0,"grabfood, merchant"
GrabMerchant,com.grab.merchant,dd259b99-e66f-4a9a-beec-1409e2558d7a,Rafa kid7,Gk prnh dpt notif saat ada pesanan...bgtu driver nya dtng baru tau...pas buka aplikasi nya baru bunyi notifnya...udh dibwt prioritas jg di pengaturan tp tetep gk bisa...jd agak lama nyiapin pesanan costumer...mhon solusi nya...,3,2020-08-25 08:47:15,0,"pesanan, driver"
GrabMerchant,com.grab.merchant,1be56809-5de8-4b2d-b536-785a6657bb39,Ly Hamid,"Ko akhir"" ini ferivikasi grabfood susah amat,,,udh jelas di ketik nik, tgl lahir sesuai ktp, malah di bilamg salah...aadddeeehhh. Perlu pembenahan lg di grabfood",3,2020-08-24 22:12:17,0,grabfood
GrabMerchant,com.grab.merchant,4010c7b5-11aa-449f-8d7e-f147f9ca0faf,Erna Erviana,"Klo bisa di kembalikan ke versi sebelumnya, versi yg sekarang klo ada pesanan notifikasinya g bunyi klo g di buka aplikasinya,jd para drivernya pada manyun ngajak ribut krn blm di siapkan,klo yg versi sebelumnya notifikasinya bunyi terus klo blm di buka aplikasinya jd resto tau klo ada pesanan dan bisa menyiapkan pesanannya, mohon di perhatikan demi kelancaran bersama",3,2020-08-23 19:40:55,0,"resto, pesanan"
GrabMerchant,com.grab.merchant,95f16268-09c6-472d-a7d0-94db8147d9f0,Eka Ade,Kok saya gak bisa masuk ke resto saya y?gmana ini tolong dong,3,2020-08-23 00:34:45,0,resto
GrabMerchant,com.grab.merchant,5c174bf0-d7f0-458e-82a8-4e7ca0583bb8,Sutar Dji,"Harus nya klu pas tutup otomatis,,pas buka jangan otomatis dunk...biar pihak resto yg buka dan tutup...kelalaian pas buka otomatis resto blm buka dengan siap...mohon di tanggapin ya",3,2020-08-22 17:17:49,0,resto
GrabMerchant,com.grab.merchant,1e393174-7635-4244-91e5-149a72f32882,Poppy Palupi,"Sudah 4 hari ini saya ngga bisa buka aplikasi grab merchant saya karena harus di perbarui, sementara kapasitas hp sy ngga muat lg memorynya . Hari ini saya mo tutup warung. Apa yg bisa saya lakukan ..karena grab merchant sy online terus ...",3,2020-08-22 07:13:58,0,"warung, merchant"
GrabMerchant,com.grab.merchant,b3c2cc42-3b6f-4863-a5fc-32176dd0c76c,Okky Kurniawan,"Dibantu penjelasannya dong , knp aplikasi grabfood nda bisa dibuka diandroid tablet ya .",3,2020-08-21 19:54:11,0,grabfood
GrabMerchant,com.grab.merchant,a6fd18d5-4961-4c78-bed7-98ea97bb57ed,Wahyu Indian,"Mau tanya,, saya kan sudah daftarkan resto saya menjadi mitra grab,,,rencana saya mau buka cabang ke 2,,, langkah nya bagaimana yah? Trima kasih",3,2020-08-21 11:12:21,0,"resto, mitra"
GrabMerchant,com.grab.merchant,ad3f93bd-7b94-410c-8502-c0166ffeb8ee,hendra hendra,saya mau mengganti no telp pic restoran tdk bisa login ke pusat bantuan. sampai beberapa kali sy coba tetap tidak bisa.mohon bantuan dan petunjuknya. kalau bisa berikan alamat email untuk merubah data restoran pilihan.tq,3,2020-08-21 00:43:23,0,restoran
GrabMerchant,com.grab.merchant,5166d24b-4b43-4837-b4ee-44a4d6087eb5,Reza Almutaqin,Kalo ada pesanan masuk hrs d buka dulu aplikasinya baru ada suaranya,3,2020-08-19 23:17:47,0,"pesanan, pesanan masuk"
GrabMerchant,com.grab.merchant,83436b93-e2dd-44a6-a3eb-880cb6cc5ec5,Lenny Erida,ribet banget yah. baru daftar.udah ada pesanan di aplikasi saya ngga ada informasi. di aplikasi driver nya ada. itu jadi nya gimana? udah tlp cs nya kata instal ulang . saya instal ulang kendala nya sama. tolong di mudahkan,3,2020-08-19 19:08:30,0,"pesanan, driver"
GrabMerchant,com.grab.merchant,f7d257dd-a4c9-4207-9b89-a1170f412c80,Setiawan Aja,Kenapa setelah diupdate keterangannya 'sayangnya grab merchant telah berhenti',3,2020-08-19 13:17:36,0,merchant
GrabMerchant,com.grab.merchant,88113229-3199-44d2-ad7d-3947bffd9c34,Nur Hasan,Komisi partner daerah Jateng dan DIY apakah naik jadi 25% ya? Mohon infonya,3,2020-08-19 12:04:29,0,komisi
GrabMerchant,com.grab.merchant,3d17230c-b3a8-4d74-9fa3-0427f0be05fd,kolak kolak tv,Semoga untuk pendaftaran mitra grabfood di bikin gampang ga ribet kaya sekarang. Kaya tangga sebelah gampang cara daftarnya,3,2020-08-18 23:17:03,0,"grabfood, mitra, mitra grabfood"
GrabMerchant,com.grab.merchant,427d9a72-37ad-43e9-aa59-364425c3a6bc,Nina Rustina,Assalamualaikum wr wb mohon solusinya utk daftar grab merchant sy sebenarnya sdh yerdftar dgn nama Resto Makasar bekal mema yg ber lokasi di muncul tp saya mau ganti nama dgn Kedai Jelita Putri bagaimana cara nya? terima kasih utk bantuan nya,3,2020-08-18 19:03:08,0,"resto, kedai, merchant"
GrabMerchant,com.grab.merchant,b8b7da22-9589-4559-aee4-17c91cfbbcdf,Pertama X,Seharusnya kami bisa menerima laporan koment dr pelanggan secara langsung untuk memperbaiki mutu dan kualitas pelayanan serta sajian kami,3,2020-08-18 11:53:09,0,pelanggan
GrabMerchant,com.grab.merchant,083c5a5d-abd7-45fb-8c86-6752e99ed162,itut tito,"grab merchat ... saat masuk order, notifikasi nya gak bunyi saat posisi hp stanby",3,2020-08-18 03:03:43,0,order
GrabMerchant,com.grab.merchant,b6f94db7-0f78-4d51-8817-4e6094c93c30,Suti Beri,Tolong pihak grab di hapus yg 2 orderan 1 driver karena bisa merusak kualitas makanan resto dan juga customer harus menunggu lama . Tolong perbaiki lebih baik 1 driver 1 orderan jangan sampai lebih karena memakan waktu yg lama makanan jadi gak panas dan impact nya customer kasih rating jelek ke resto karena menunggu lama dan makanan sudah dingin .,3,2020-08-17 23:26:44,0,"resto, makanan, orderan, driver, customer"
GrabMerchant,com.grab.merchant,19a2bd38-eb5c-47c0-8137-f2d6e79991bf,Hassenda Andre,Tolong untuk bagian profil restoran bisa di ubah sendiri oleh pihak resto... Agar bisa di ganti ganti dan semakin menarik di lihat costumer.... seperti foto profil restoran... Foto wall restoran... Nanti saya naikkan bintangnya jadi bintang 5... Sukses selalu buat kitaa semua,3,2020-08-17 07:54:05,0,"resto, restoran"
GrabMerchant,com.grab.merchant,15367050-e516-4407-81be-f034852009ec,YOGYA tresno,"Notifikasi q ga bunyi klo ada orderan masuk. Toling solusi nya,, kasian customer pernah nunggu sampe 1jam 😥 gara2 notif ga bunyi..",3,2020-08-15 17:53:47,0,"orderan, orderan masuk, customer"
GrabMerchant,com.grab.merchant,7c23b901-2341-4320-bac0-ef073675e7d0,Oki,"Saran tolong dikasih stok dong kyk di e commerce, srg banget lo customer pesan terlalu banyak dan stok resto kurang.... Dan kenapa ya order grabfood turun drastis, sdgkan order dr app sebelah naik terus...",3,2020-08-15 07:20:23,0,"grabfood, resto, order, pesan, customer"
GrabMerchant,com.grab.merchant,cc858f90-b606-49ba-b2d1-61e3cd1e5fc8,Ndahh 1998,Aplikasi tidak bunyi tau2 driver udah pada dateng karna tidak bunyi alhasil jadi keteter,3,2020-08-15 00:38:30,4,driver
GrabMerchant,com.grab.merchant,f7181fa6-5b72-4e52-b916-b217ebd034a5,mbah paijo,"Mana orderanya ya, dah dua Minggu blm ada orderan sama sekali,harus bagaimana kah atau ada dengan grab merchand saya.. dah sebulan blm adda orderan sama sekali, yg di provider sebelah SDH berkali kali hayo ada apa dengan merchant grab saya, SDH telpon cs katanya juga nggak ada masalah..harga, promo juga SDH harga juga sama yg di sebelah. Harus gimana ya.....",3,2020-08-14 14:20:26,0,"merchant, orderan, promo"
GrabMerchant,com.grab.merchant,9f05ad5e-e5a3-45ee-a39e-dc0a1bb61055,Rizky Ramadhan,"Udah pasa selama 7hari belum dapet transaksi satupun tetap sabar,tolong dong bantu push penjualan biar bisa saling menguntungkan",3,2020-08-13 21:36:50,0,transaksi
GrabMerchant,com.grab.merchant,73503a9b-71c9-493d-b25b-4ccf75e224a4,Aan raqumi,Klau dri aplikasi oke udah mantaf lah tapi saya ga setuju sama yang nma nya olderan dobel merugikan resto mending klau dliper nya jujur inih bilang ke kastamer nya resto nya ngantri padahal ga lan merugikan resto ituh tolong tanggapan nya sedangkan tukvsaat inih masih banyak delifer yang bilang sepi older tolong lah bersikap adil,3,2020-08-12 18:44:38,0,resto
GrabMerchant,com.grab.merchant,224b96b2-a65a-4239-ba08-1b5a76b076e7,Rani Herliani,"Menu suka scroll sendiri ke bawah , jadi susah buat ngatur menu, pengaturan buka toko tolong di permudah , agar tidak usah rubah jadwal.",3,2020-08-11 20:49:35,0,"menu, buka toko"
GrabMerchant,com.grab.merchant,e18a8b4c-eb0a-40a0-af36-47b56c0c78d8,Mas Grayot,Tolong di perbaiki fiturnya karena saya setiap centang menu yang habis pas sampai bawah malah ke atas lagi.. apalagi di jam sibuk,3,2020-08-11 13:49:59,0,menu
GrabMerchant,com.grab.merchant,d696f35d-8e55-4030-8a57-cc380175b49c,Chycy Jumiaty,Klo mnurut sya personal tdk trllu pnting ada ny diskon2 yg trpenting ongkir ny ajj d murahin udh ckup kok bgi kami para pembeli..Smnjk ongkir jdi mhal sya jg udh gk prnh pesan lewt grab lg,3,2020-08-10 18:45:13,0,pesan
GrabMerchant,com.grab.merchant,995bc94f-c010-41b2-85bf-e45d4d2f3247,Edi Sun,Tolong aplikasi grabfood mercantnya bisa buat pemilik usaha kasih review ke driver! Jgn driver aja suka2 mereka review di google usaha org! Driver skrg sepertinya kurang pendidikan suka2 mereka marah2in karyawan hanya karna menunggu agak lama sedikit usaha kita bukan online aja tp offline jg n jg bukan makanan cepat saji! Supaya kami pelaku usaha jg bs memilih driver yg masuk di toko kami!tq,3,2020-08-09 21:53:39,0,"grabfood, makanan, driver"
GrabMerchant,com.grab.merchant,d2dfa70c-c400-4ae5-b82a-0ad8ff710bf9,Bambang K,"Update terbaru sangat merepotkan, karna operasional untuk mengaktifkan menu, harus secroll berulang2",3,2020-08-08 09:56:03,0,menu
GrabMerchant,com.grab.merchant,e0830452-ec51-4e2b-82b4-b0b7ca18e913,Callysta Inka,Qo jadi susah ya mau ganti nama restoran semenjak grab ganti web Sy suruh ngisi formulir dibawah Tapi form nya ga ada,3,2020-08-07 22:45:40,0,restoran
GrabMerchant,com.grab.merchant,2039df27-55a3-4577-bbd8-b3147618f08c,Super lucky,"Buat Pengembang Tolong Pusat bantuan jangan dari Telepon aja kalau bisa email juga,jadi kalau CS lagi sibuk kita bisa hbngi lewat email,Tolong sales nya di didik lebih sopan,kami mau mengikuti diskon biar kami yg lakukan jangan seenak jidat main masukin diskon,mentang2 punya akses ke akun kami,seenak nya membatalkan dan membuat diskon sendiri.",3,2020-08-07 05:41:03,0,diskon
GrabMerchant,com.grab.merchant,9dc46560-4bc4-4da2-bd25-9a90c5cd1897,DEDE KHOLIL FAHRUDIN,Seharus bisa di login di 2 hp agar bisa owner ikut pantau kondisi resto dan harus ada perbaikan di notifikasi harusnya kalo ada order apliakasi langsung muncul ke layar utama,3,2020-08-07 00:08:27,0,"resto, order"
GrabMerchant,com.grab.merchant,b6ea4f6f-6280-4852-aa03-12b7b26a894d,Baharudin Baharudin,Saya akan kasih bintang 5 kalau grabfood saya aktif..karna saya daftar dari bulan desember..sampai skr blm aktif..maaf saya kasih bintang 3 dulu..nanti kalau grabfood saya aktif..saya akan ksh bintang 5.,3,2020-08-06 02:12:08,0,grabfood
GrabMerchant,com.grab.merchant,ca683b89-df7f-490b-acfe-938c472537da,icha anak pintar,Lemott..masih bagusan yg grabfood dulu,3,2020-08-05 20:44:04,0,grabfood
GrabMerchant,com.grab.merchant,da18e9e3-a650-4a66-b218-e0b9e87f0768,Kaka Slank,Agak rumit untuk ganti foto profil resto mngkin karna belum terbiasa dn blum faham di aplikasi grab food,3,2020-08-05 00:41:28,0,"grab food, resto"
GrabMerchant,com.grab.merchant,b0f2c738-2689-433f-890f-ac37a1c8ed45,Dony Andrian,"Min ,mohon di perbaiki aplikasinya,sekarang aplikasi sering eror, enggak bisa di buka,sedangkan pesanan bnyak yg masuk,dan pengaturan jam buka tutupnya gak bisa di atur..Mahon segera di perbaiki terimah kasih...",3,2020-08-04 20:10:13,6,"pesanan, jam buka"
GrabMerchant,com.grab.merchant,268458bf-f0cf-4220-bb7d-2d63d463c971,minan ahmad,"Maaf kk knp aplikasi grabfood saya ini msh dpt orderan 🤦pada hal sdh saya matiin n saya keluarkan kok masih bsa dpt orderan, tlong d perbaiki lg 🙏🙏",3,2020-08-03 16:57:20,0,"grabfood, orderan"
GrabMerchant,com.grab.merchant,9d0282c0-940b-4f14-b36c-6e9be2db4eb2,ketoprak Jakarta numani,Warung sudah di tutup .terbuka sendiri tolong di perbaiki biar tidak ribet trims,3,2020-08-03 11:43:52,0,warung
GrabMerchant,com.grab.merchant,6f853bc1-de24-489b-8eb3-4d679d21e0f9,ummi nafisa,kok setelah di install.. ga bs dbuka ya. cm tampilan hijau grab merchant aja.,3,2020-08-01 23:20:55,0,merchant
GrabMerchant,com.grab.merchant,28160b8e-a1e8-4e7c-aea5-d235e4d052e7,Muamar Yusuf,Kok jarang masung setiap hari saya promo mulu ya pak,3,2020-07-30 09:36:32,0,promo
GrabMerchant,com.grab.merchant,6cb44b23-d3a6-45d2-800e-df29b02a539c,Asih Setianingsih,"Min, coba evaluasi dan gak perlu gengsi lah coba tiru aplikasi food sebelah yg lebih mudah pendaftaran dan pengisian data, menu dll nya. Saya daftar hampir setahun tapi selalu mentok di menu menu dan menu. Coba kek aplikasi sebelah enak min. Plis evaluasi team grab nya",3,2020-07-27 03:46:27,0,menu
GrabMerchant,com.grab.merchant,20da2d71-6729-413b-b045-b246b8440409,Yanto Zagi,"Kenapa y skrg orderan berasa sepi, ga ky dlu lg. Atau mungkin dr grab food perlu ngadain disc atau promo lagi y biar semua RESTO ramai LG. Tks",3,2020-07-24 13:23:48,0,"grab food, resto, orderan, promo"
GrabMerchant,com.grab.merchant,232e7498-b121-480f-8390-69387ce14cc8,Kasmari 94,Selamat malam.. saya mau tanya kenapa outlet saya tidak bisa dibuka ya ?? Padahal saya sudah atur jam buka dan jam tutup.. tetapi outlet saya malah tutup terus.. Tolong dibantu Outlet : Geovanis Kebab Burger Alamat : jl. Raya wadungasri no.60,3,2020-07-23 19:41:16,0,"jam buka, outlet"
GrabMerchant,com.grab.merchant,070e0f16-856a-4ac2-bd37-d4cc1ab8876d,Dekasuki Oriental Food,Susah agak ribet saya daftar grab food berbulan² tapi alhamdulilah ada yg cekatan dan cerdas jadi juga langsung ngak lama,3,2020-07-23 19:26:15,0,grab food
GrabMerchant,com.grab.merchant,9ac28033-b6d1-4d68-bea4-35827de02d4b,Pisang nugget Kece,Ini aplikasinya kenapa ko tau2 keluar sendiri...mana masik ga bisa2 lagi.mau lihat orderan jadi gagu,3,2020-07-18 02:25:40,0,orderan
GrabMerchant,com.grab.merchant,a8741e9d-7a14-43da-86bf-7b0fa0be1343,REDY SAVALAS,"Aplikasi sudah bagus, hanya saja masih ada pihak yg dirugikan. Saran saya 1. jika order masuk ke salah satu driver yg autobid, apabila driver tidak bergerak menuju resto lebih dari 10menit, baiknya orderan trsebut dialihkan ke driver lain. (D buat timer) untuk meminimalisir cancel order 2. Untuk pembatalan order, jangan dibebankan semua ke driver, libatkan juga pihak resto 3. Kasih ruang chat antara pembeli dgn resto, agar tidak trjadi salah order",3,2020-07-17 15:32:07,17,"resto, order, orderan, driver"
GrabMerchant,com.grab.merchant,7cb24ed9-f69b-4a51-94a7-742e8d9a58a4,Andi Purnama,"Parah bgt notifnya gak bunyi kalo lagi gak buka aplikasi endingnya dibatalin dah, repot kalo lagi sibuk orderan di cancel",3,2020-07-14 07:33:59,0,orderan
GrabMerchant,com.grab.merchant,7d87df00-2baf-420d-b000-22eb2e032ae4,Agus Setiawan,"Buat apliaksi semudah gobiz untuk pergantian logo dan wallpaper toko dan pergantian nama toko,,masak prosedurnya muter muter foto selfi ktp foto surat peryataann foto surat kontrak,,,kalau mau bersaing di permudah pemilik resto,,untuk mengedit foto sampul logo dan ganti nama karena mau nambah jualan dan lain lain,,,,",3,2020-07-13 14:58:21,0,"resto, masak"
GrabMerchant,com.grab.merchant,37e5e47d-21d6-444f-ae89-11855561f6d7,Susylawati Chaniago,"Kasih 3 dulu ya starnya Grabmerchant nya ga bs diaktifkan tp baru diaktifkan lgsg ada orderan tp di aplikasi saya ga ada masuk, driver tau2 sudah didepan aja. Kasian kan drivernya untung cust nya ga komplen. Trus saya hub cust Grab juga susah.",3,2020-07-11 20:00:27,0,"orderan, driver"
GrabMerchant,com.grab.merchant,f776561b-3c2a-44f6-9c60-8b58f77c1b33,Thomas Armando,"Eh malah sekarang anyep nya nambah 4 hari (5,6,7,8 Juli). 👉👉👉 (postingan terdahulu) Nanya min : 1. Orderan kok anyep yak udah 2 hari neeh... 2. Bisa sediain command ubah harga gak (kalo pas orderan masuk, tapi gak taunya ada item yang gak komplit). Ntar ditambahin deh star nya...",3,2020-07-09 07:12:28,106,"orderan, orderan masuk"
GrabMerchant,com.grab.merchant,18d57da3-c66a-49e9-85ec-f6969dfda301,rodrian spi,"Berdampak besar bagi setiap transaksinya spt iklannya di TV, tp kita daftar outlet cabang aja ribet nya minta ampun, padahal berkas sdh lengkap tp proses nya ga jelas, di email balasan katanya ada doc yg blm lengkap, tp ga dijelasin kurang apanya, sehingga daftar aja bs makan waktu berbulan-bulan, padahal resto baru menciptakan lapangan kerja baru untuk para driver, jg para penjual agar kelangsungan usaha masing² tetap berjalan... Sesuaikan dengan visi di iklan dong, jgn cuma pencitraan 😁",3,2020-07-07 16:56:05,7,"resto, driver, outlet"
GrabMerchant,com.grab.merchant,25704a89-d9c4-4db9-9603-edb4d1f83d04,Fitri anah,Kata nya sudah aktif dari jumat tgl 03 Juli 2020 tapi pas ada orderan masuk dan driver datang di aplikasi tidak ada orderan yg masuk. Mesti bagaimana ya ini kalau begini,3,2020-07-06 13:49:26,1,"orderan, orderan masuk, driver"
GrabMerchant,com.grab.merchant,0b96d1f9-1ee7-4e12-bd93-473f4b477aee,rafa fabian,"Kerja keras untuk mengganti banner logo resto, terlalu ribet ga kaya aplikasi sebelah sesuka kita mengganti logo resto",3,2020-07-04 19:34:51,1,resto
GrabMerchant,com.grab.merchant,fc7f54b3-df8e-403d-9313-09a89d4972e9,Pisang Nugget Ramfin,Kenapa saya ingin cek pembayaran atau riwayat pembayaran tidak bisa ya?,3,2020-07-01 18:21:06,0,pembayaran
GrabMerchant,com.grab.merchant,840df6a5-36f1-4485-a1f5-abe37ec42335,Yusup Supriatna,"Notifikasinya gak bunyi kalo ada orderan masuk,saya tau kalo ada orderan pas drivernya datang ke resto saya, kasian drivernya jadi harus nunggu makanannya di siapkan,🙏 mohon di perbaiki lagi",3,2020-06-28 10:35:59,0,"resto, orderan, orderan masuk"
GrabMerchant,com.grab.merchant,628e8a5e-7dda-4a7d-b188-4bb5975a99e7,Ginda Bregin,"Mohon di respon , saya sudah kirim email , tapi tidak di respon , apk baru saya upgrade , tapi pas di buka cuma mentok di logo grab merchant . Mohon solusi nya",3,2020-06-24 14:54:18,0,merchant
GrabMerchant,com.grab.merchant,23997dce-9537-420f-8e81-660768978956,Asep Purnama,Atasa nama: baso cuanki pengen pindah titik kordinat resto gimana cara nya?,3,2020-06-23 18:51:55,0,resto
GrabMerchant,com.grab.merchant,209a05de-3c9d-4019-928a-403c859fc9d7,pur baya,sy kcewa ..gx bisa edit menu dll dgn mudah....gx bisa ganti harga dn gambar menu secara pribadi seperti aplikasi tetangga. Tolong diperbaiki.biar kami dgn mudah menaik turunkn harga gx perlu lapor lewat email atau kekantor grab.,3,2020-06-20 09:26:39,1,menu
GrabMerchant,com.grab.merchant,0c62e660-228d-40da-a05d-04a3ad6e34c2,Seblak Ngaroeyy 99,"Notifikasi di layar atasnya gk asik,warnanya gk mencolok,apalagi klo gk bunyi,orderan bisa kelewat",3,2020-06-19 14:28:20,1,orderan
GrabMerchant,com.grab.merchant,1790a1cf-8371-4c67-9102-b4a8108d53c4,terbul lumer,Mohon aplikasinya di perbarui Supaya bisa pengaturan menu Biar bisa d kelompok an Atau bisa d pindah ke atas atau ke bawahnya,3,2020-06-16 15:44:41,0,menu
GrabMerchant,com.grab.merchant,e89a538c-a33d-4073-956f-ba2889f9349a,mang widyani,"minta tolong dri pihak grabmerchant,knp aplikasi sy gk bisa"" dibuka??klo dibuka cm logony sj yg muncul,klo gini terus,bgaimna sy bisa ngatur waktu tutup,dan menu habis,,tlong kasi penjelasan..knp bisa begini?apa perlu sy ganti hp??",3,2020-06-14 18:17:10,7,menu
GrabMerchant,com.grab.merchant,12a259f6-4b48-4322-90be-16be5af6c8b1,Baquland Baquland,"Pendaftaranya agak sedikit rumit,, Karena harus menunggu dihubungi langsung oleh Pihak Grab utk melanjutkan langkah2 selanjutnya. Kalau bisa utk Register Mitra Grabfoodnya agak dipermudah gitu seperti Gofood (Maap). Terimakasih ..!!!..",3,2020-06-13 09:03:30,25,"gofood, mitra"
GrabMerchant,com.grab.merchant,9ebf1578-53dd-4009-900b-0249e0e9d6d6,Handoko Tri Prakoso,TOLONG DI PERMUDAH Ganti menu tidak usah konfirmasi UPLOAD DAFTAR MENU. selalu dan SELALU gagal Dan harus MENGULANG berkali kali. Terima kasih sdh bisa menerima orderan via GrabMerchant.,3,2020-06-12 08:36:45,56,"menu, orderan"
GrabMerchant,com.grab.merchant,af05cae3-d145-425b-9aeb-66cb3a7de2e5,burhan Founder Basecamp K-Pro,Kenapa ya aplikasi grabfood merchant tidak bisa di buka di hp oppo f1 s padahal di hp samsung galaxi a50 bisa terbuka? Tolong dong apk nya jangan terlalu tinggi versinya jadi bisa di buka di hp merek apapun dan tipe apapun,3,2020-06-08 11:04:33,2,"grabfood, merchant"
GrabMerchant,com.grab.merchant,8a28ae1b-8e80-4ec1-80fc-d8d0d64a8092,farah dian,Akun nya gak bisa dibuka jadi gak bisa ganti2 menu dan juga on/off,3,2020-06-06 02:59:54,0,menu
GrabMerchant,com.grab.merchant,8ec5c7a3-6bef-41c6-9712-fb5317ac945b,FA Channel,"saya kasih bintang 3 dulu ya.. tolong diperbaiki aplikasinya, tidak bisa berbunyi notifikasinya sampai aplikasinya diklik. trims Grabfood.. saya tunggu updatenya.",3,2020-06-05 09:39:46,0,grabfood
GrabMerchant,com.grab.merchant,a7dff417-3614-4aa2-830c-16279dfa76ca,yohan arya,"Notif penerimaan order aplikasi ditutup tapi tetap bisa dapat order, kasihan driver dan customer jadi kecele.. Mau tutup toko ga ada pilihan on/off cuma ada pilihan 30mnit,1 jam, 1 hari jdi harus sering2 cek aplikasi tiap jam buat nutup toko..tolong dikasih kbebasan bwt owner untuk mengatur jadwal buka/tutup",3,2020-06-04 16:06:36,24,"order, driver, tutup toko, customer"
GrabMerchant,com.grab.merchant,fc91c27e-9b54-42a2-b7ce-b66de27181fe,Ayam Bakar Pelakor,"Selamat siang, mohon solusinya... Lebaran lalu hp saya rusak, jadi saya flashkan. Dan saat saya install ulang aplikasi grabfood mercant kenapa tidak bisa masuk ya, Kak? Hanya stag di logo grabfood. Sudah saya uninstal trs instal ualng berkali-kali tetap tidak bisa. Sementara di sistem, resto saya tetep buka, & hari ini tiba2 ada driver datang tanpa saya tahu sebelumnya. Terima kasih",3,2020-06-03 13:20:33,0,"grabfood, resto, driver"
GrabMerchant,com.grab.merchant,d0fc3abc-c95d-492e-b114-266a75012c60,asih pratiwi,"Sudah ttd perjanjian kerjasama dr januari 2020, tp sampai skg account nya belum jadi, tiap telp call center jawaban sama di suruh nunggu n nunggu lg sampai account nya jd, lama banget nunggu proses account nya udah berbulan2 blum jadi jg, smoga team grabfood menanggapi keluhan sya, trima kasih n tambah sukses grabfood",3,2020-06-01 15:06:02,0,grabfood
GrabMerchant,com.grab.merchant,2a8f60e0-d920-4109-ae65-f62d8299c4ae,Christine Liana,"Notifikasinya sering tidak muncul suaranya. Jadi kasihan driver dan costumernya kalau menunggu lama. Kalau notifikasinya bunyi, kan sambil tunggu driver sampai, bisa dimasak dulu, jadi ketik sampai sudah siap. Apalagi sekarang driver bisa dpt dobel orderan beda resto, tambah lama lagi kalau resto kedua belum siapkan makanannya, pdhl driver sudah nunggu di resto pertama. Tolong diperbaiki ya.",3,2020-05-31 13:52:41,42,"resto, orderan, driver"
GrabMerchant,com.grab.merchant,ef80a919-872e-49e2-85fc-cf6f010fcd95,Yana Kobe,"Ovonya jd gk ada ya? Untuk masalah keuangan kurang terinci dan klo mau ganti harga klo ada kenaikan,ganti nama menu harus ada poto dulu sedangkan potonya kadang sudah ke hapus,jdnya ribet.. Semoga d permudah lagi ..",3,2020-05-30 09:34:17,0,menu
GrabMerchant,com.grab.merchant,ae8f68fc-499e-4262-9d2b-28f30f7e187d,muhamad Taufan aliy,Ga ada detail potongan berapa persen nya . Beda sama di akun gojek lengkap ada rician hasil pendapatan kita setelah di potong berapa persen,3,2020-05-29 17:57:57,0,pendapatan
GrabMerchant,com.grab.merchant,d36e5a22-459f-4bc1-97df-a26118597204,Asep Anindita,Saya kasih bintang dulu karna semenjak saya daftar blum ada pesenan 1 pun blum dapet udah hampir 3 bulan ga ada orderan.. Udah bayar 700 ribu qo aplikasinya kaya gini..,3,2020-05-29 01:04:51,0,orderan
GrabMerchant,com.grab.merchant,f63aaad0-d1a2-4631-9554-899a3c721303,Meilina,"Gara"" app g bs di buka. G bs close toko. Jd ny ad yg pesan dan trpaksa di cancel. Kena marah"" sm driver ny pdhl bkn sy yg gmw ttup toko. Tp app ny aj yg henk. Dan paling parah kasian drivernya performa turun jdi ny. Pdhl semua salah ny di app. Bkn penjual , pembeli ato driver",3,2020-05-25 10:42:50,0,"pesan, driver"
GrabMerchant,com.grab.merchant,b28e6609-c180-4d2f-986f-fd7714ca4191,Suci Yustami,Sejak ramadhan smpai hari ini sudah ga bisa atur manual jam buka tutup resto. Ribet harus kirim email dulu..😔,3,2020-05-25 08:20:23,0,"resto, jam buka"
GrabMerchant,com.grab.merchant,4976155c-7aa0-4711-b710-7d5674cb9981,One Man,Menu laporan ovo nya ko mendadak ilang. Udh lebih enak digabung jadi harus download ovo merchant lg,3,2020-05-20 14:23:00,0,"merchant, menu"
GrabMerchant,com.grab.merchant,6f14428e-9106-4344-8414-1df3ae6cbfd3,Lu Parah,"Untuk rubah alamat lebih baik pemilik merchant saja seperti gofood, ini birokrasinya terlalu rumit, sudah berkali2 pindah alamat hanya fungsi 3 hari balik lagi pindah ke alamat lama, hadeuh kasian driver nya muter2, telp, muter lagi.",3,2020-05-20 12:11:26,0,"gofood, merchant, driver"
GrabMerchant,com.grab.merchant,64579341-83e1-4928-9c09-bd24ac40a4fd,sri joko,"Merchat grab kenapa sering eror ya , muncul layar hijau dan logo tidak mau akses ke halaman utama . Merugikan karena tidak bisa menutup resto saat tutup . Sudahb2x spt ini .mohon diperbaiki",3,2020-05-20 04:25:57,0,resto
GrabMerchant,com.grab.merchant,a76488bf-47ff-44c1-9a51-4ba5a73ff901,Sony Hartanto,Apakah proses pndaftaran grabfood it lama ya.....sya sdah mndftar sampai sdah ke ttd lwat email dan sdah ke ovo merchant....tp knp blom dproses2 ya untuk msuk ke akun grabfood merchant.....dan resto sya blom ada di aplikasi grab cust...thx,3,2020-05-19 23:19:53,0,"grabfood, resto, merchant"
GrabMerchant,com.grab.merchant,02296ba5-df53-4c0a-b324-aca87f955ab0,Jeje Yant,Sayang... aplikasi ini hanya bisa pake 1 nomor hp.....repot kalo pemilik mau pergi...ngk bisa kontrol pesanan......mohon di perbarui seperti gojek....makasih.,3,2020-05-18 22:09:03,0,pesanan
GrabMerchant,com.grab.merchant,f31a6a66-779e-4426-b86e-74c5596d254d,Ahmad Soleh,resto baru gabung walo promo sendiri ga di tampilkan di halaman utama. Jd sulit juga buat star naiking rating.,3,2020-05-18 19:35:37,0,"resto, promo"
GrabMerchant,com.grab.merchant,faddfdb6-e0bf-4e96-aa2d-ae33164aa972,SBKI Training & Konsultasi Indonesia,"Mau ganti Foto menu prosedurnya harus buka email, sudah buka email nya, tapi karena lupa password akhirnya tidak bisa ganti foto",3,2020-05-18 16:34:53,0,menu
GrabMerchant,com.grab.merchant,4646ded1-ae94-4f4f-862d-4de6d502da9a,Della christy,"Aplikasi srg keluar sendiri, jadi kalau ad pesanan tdk ternotif",3,2020-05-18 15:08:13,0,pesanan
GrabMerchant,com.grab.merchant,27e8bdf2-eb65-42ac-b8a1-57ade9fd31d8,Dhani Faleza,"Tidak bisa duplikat didevice lain, saran saya agar memudahkan harus bisa duplikat agar owner dari tempat usaha tersebut bisa monitoring pesanan dari mana saja, tidak terpaku di lokasi usaha saja.",3,2020-05-18 14:53:19,1,pesanan
GrabMerchant,com.grab.merchant,537d2428-7340-4e15-8180-e0ba8aaa4e3e,Rizky Amanda Putra,Kenapa menu OVO diilangin ya ?,3,2020-05-07 04:25:40,0,menu
GrabMerchant,com.grab.merchant,e81621e1-96c1-4e39-956f-e56a634f44fa,Malik Rfd,"Coba ganti hp, kira in error mulu krn hp, gak tau nya emang error di aplikasinya, tiap ada order masuk gakbisa kebuka, cape deh",3,2020-05-07 01:16:58,0,order
GrabMerchant,com.grab.merchant,4d7b0911-7678-49ec-b777-eacb1f877c44,Rizky Gaming,Kok sekrang aplikasi grabfood suka putih mendadak.? Msak tiap mau bukak aps hrus dowload and masuk lgi... Mimin tolong donk baikin lagi,3,2020-05-04 09:21:56,0,grabfood
GrabMerchant,com.grab.merchant,3d4b022e-41c7-4ebf-859b-6af9c0819680,Adie Anto,"Hari ini sering eror,masak suruh copot aplikasi trus di instal lagi baru bisa di buka.",3,2020-05-02 23:18:11,0,masak
GrabMerchant,com.grab.merchant,f6689403-bb7c-43f6-ae7a-0b72b8bc8499,alfiandra teguh,Kenapa kok aplikasi ini jadi sering log out sendiri.. Trs tdk bisa log in.. Mohon diperbaiki karena penjualan grab food di toko saya lumayan banyak.. Hal ini sangat mengganggu..,3,2020-05-02 14:35:25,1,grab food
GrabMerchant,com.grab.merchant,16ad8e5e-eef4-4da1-8726-d82adbbe9bd1,Kikil arjuno 154,setelah d perbarui aplikasi error gk bisa muncul menu,3,2020-05-02 12:00:09,0,menu
GrabMerchant,com.grab.merchant,69976d3c-9b2e-4bd7-91f5-7cd00608bc7d,Meiliza Wulandari,eror setiap buka applikasi gambar hanya warna putih dan dibawah hanya tulisan home menu dan more tolong diperbaiki masa saya hrus copot pasang applikasi habis kouta saya tolong pelajari,3,2020-05-01 23:47:58,1,menu
GrabMerchant,com.grab.merchant,4b4fe2b6-8a21-45db-96c0-2e97f17b0db0,kedai cah onyon,Kenapa ya grabfood merchant eror hari ini,3,2020-05-01 11:56:31,0,"grabfood, merchant"
GrabMerchant,com.grab.merchant,8fa345bf-f6d7-439a-9c57-de4101b5f17b,anita sulistyowati,Knp hari ni grapfood marchant saya ga bsa dibuka ya padahal ada pesanan trus,3,2020-04-30 22:21:47,0,pesanan
GrabMerchant,com.grab.merchant,ca203a14-e60b-4494-8278-29c7ef215044,Pengguna Google,"Coba menu dan pengaturan apk nya lebih di buat mudah, settings waktu bukannya ribet.",3,2020-04-28 12:02:11,0,menu
GrabMerchant,com.grab.merchant,f38d07da-e536-4ed5-bb2e-8d93c5b1f0b9,Pengguna Google,"Mohon kendala untuk jam operasionalnya di perbaiki, banyak yg mengeluh masalah jam buka tutu resto , Trimaksih",3,2020-04-26 14:02:56,0,"resto, jam buka"
GrabMerchant,com.grab.merchant,5cc82975-2795-4a35-84cd-2243e8f662f5,Pengguna Google,"Hampir 1 bulan Resto Kami sudah Tanda tangan Kontrak, namun belum ada blasan mengenai tindak lanjut proses pendaftaran...",3,2020-04-25 18:20:55,0,resto
GrabMerchant,com.grab.merchant,4af7e09c-13dd-4dae-abc7-4ed661882cb4,Pengguna Google,Tolong aplikasinya di permudah seperti aplikasi gobiz...semuanya rumit grabfood merchant,3,2020-04-18 19:45:56,0,"grabfood, merchant"
GrabMerchant,com.grab.merchant,1345773b-091b-4a80-b2ac-30a5490e9ac4,Pengguna Google,"Tolong untuk tambahkan untuk menu chat (driver ke resto, konsumen ke resto)",3,2020-04-18 16:10:28,0,"resto, menu, driver"
GrabMerchant,com.grab.merchant,a19566ad-0753-4c32-9451-07cd1a107d2e,Pengguna Google,Parah ni status merchant tutup terus ga bisa dirubah y...eror atau gmn?,3,2020-04-18 15:22:34,0,merchant
GrabMerchant,com.grab.merchant,a9585fdb-9e70-4225-aa31-d69739c8274d,Pengguna Google,Parah Grab Food ga kebuka bukaa,3,2020-04-17 23:13:16,0,grab food
GrabMerchant,com.grab.merchant,58e4cfde-3229-44b2-aa58-0f54079cea41,Pengguna Google,"Saya sudah download grab merchant dan sudah isi, namun blum ada feedback baliknya ya? Sudah hampir 1 tahun mohon solusinya, ganti2 sales udah TTD kontrak udah untuk wilayah Majalengka, jawa barat.",3,2020-04-15 21:46:33,5,merchant
GrabMerchant,com.grab.merchant,c3ee8fff-f933-476f-9ee2-02f321465c9d,Pengguna Google,Saran untuk perbaikan kedepan merchant seharurnya bisa mengganti foto profil dan foto produk agar terlihat menarik kepada konsumen yang melihat iklannya.,3,2020-04-12 15:26:06,0,merchant
GrabMerchant,com.grab.merchant,4f380b9f-ae49-4275-86c1-7233fda49479,Pengguna Google,Kenapa proses daftar mitra grabfood lambat? Kami tunggu.,3,2020-04-12 12:54:09,0,"grabfood, mitra, mitra grabfood"
GrabMerchant,com.grab.merchant,47f891a2-6875-41b4-ae34-c85d3e0b76f6,Pengguna Google,Kenapa restoran saya boss cheese tea tutup padahal jadwal jam nya buka mohon penjelasan . Mkasih,3,2020-04-08 21:50:36,0,restoran
GrabMerchant,com.grab.merchant,46d36682-2286-495c-a7ce-d05a306bc7b8,Pengguna Google,"Bantu sy nambah menu,susah bgt gak bisa2 gak kyk tetangga sebelah gampang mau updatenya.",3,2020-04-06 19:13:42,0,menu
GrabMerchant,com.grab.merchant,e855b979-e341-4b1b-a0d6-7228e4a57fdf,Pengguna Google,"Sering logout sendiri, setiap ada orderan gk ada notif tiba"" driver sdh dpn resto...Tolong perbaiki lg",3,2020-04-05 22:21:52,0,"resto, orderan, driver"
GrabMerchant,com.grab.merchant,af37631f-1f43-4b45-9b02-5bbfd73bb6f3,Pengguna Google,"Saya sgt senang bekerjasama dg grabfood, semua bisa dipelajari/diikuti dg baik. Satu saja kendala sy, kenapa sy dikenakan komisi 30% dr setiap order yg sy terima. Kenapa tinggi sekali😔 pernah sy coba uruskan, dan sy mendapatkan jwban yg tdk memuaskan 'TIDAK BISA'. Sedangkan merchant yg lain komisinya 20%, mohon bantuannya🙏🙏🙏 Hal ini menyebabkan harga di merchant sy terlalu 'mahal',sehingga kadang2 sy harus menurunkan harga, yg mengakibatkan kerugian merchant sy smoga sgr ditanggapi trims😘",3,2020-04-05 00:31:00,0,"grabfood, merchant, order, komisi"
GrabMerchant,com.grab.merchant,a955d617-5451-48cc-bbc8-ea95ec868495,Pengguna Google,"Stlh pembaruan edit menu gk bisa,pasti tulisan ups salah,tolong benerin",3,2020-03-31 09:35:21,1,menu
GrabMerchant,com.grab.merchant,521c3861-8773-40ba-a085-c9fad4359c4f,Pengguna Google,Saran kasih saran aja c.. tolong aplikasi grabfood klo update .. di mohon agar aplikasi nya bisa di gunakan di android 4.. karna saya update di hp galaxy V .. gak bisa di buka.. dan saran saya suka. Klo bisa ada log in utk karyawan seperti kasir atau lain nya.. dengan menggunakan nomer HP .. tidak email.. biar bisa di buka 2 hp.. antara karyawan dan pemilik.. Semoga di ambil saran saya.. mohon di pikirkan agar utk kebaikan bersama..,3,2020-03-27 23:18:24,7,grabfood
GrabMerchant,com.grab.merchant,804f934e-44ec-45e5-a08c-68295e9271fc,Pengguna Google,"hanya bisa login di 1 hp/mesin nya saja, tidak bisa login 2 hp atau lebih untuk memantau, sedangkan yg kerja di resto karyawan. jd atasan tidak bisa memantau dr luar. tolong di perbaiki. dan kalau bisa pakai password untuk buka aplikasi nya seperti Hp, agar karyawan tidak otak atik mesin sesuka hati setelah resto tutup.",3,2020-03-24 22:46:54,42,resto
GrabMerchant,com.grab.merchant,92c31938-7307-4173-a61d-bb690b09f4a4,Pengguna Google,"Aplikasi nya masih ribet , kaya misal ganti profil resto sama nambah menu harus ini itu dulu, klo bisa di lebih simpel kan lagi, tapi sisi baik nya omset penjualan nambah,",3,2020-03-24 06:45:41,0,"resto, menu"
GrabMerchant,com.grab.merchant,88a5f56b-50e8-4806-a937-f95fc008d3eb,Pengguna Google,"Maaf ini baru keren aplikasinya sdh sempurna,mohon bila akan da perbaikan Sistem utk mitra agar da pemberitahuan,biar para mitra tidak bertanya"",sippppp slalu d'perbaiki agar lbh baik lgi k'depannya,jngan ini Orderan anyeb budeg meler mpe berhari"" ga jualan,hadehhhh....",3,2020-03-22 20:51:16,2,"mitra, orderan"
GrabMerchant,com.grab.merchant,e6b1c23b-7c25-4948-9e1e-da2095e16738,Pengguna Google,"Kasih 3 dulu, orderan di resto saya semakin parah, dan saya mau ganti penampilan banner makanan saya juga tidak bisa.",3,2020-03-22 05:23:24,0,"resto, makanan, orderan"
GrabMerchant,com.grab.merchant,32587420-a6dd-4c85-825b-49839b0df106,Pengguna Google,"Ganti nama restonya susah banget prosesnya. Padahal kesalahan d sales GRABnya serndiri. Sdh tlp customer service katanya suruh kirim e-mail data² dll,hingga sebulan ini nama resto belum berubah. banyak order tercancel gara² nama resto gk sesuai dgn d aplikasi. GRAB indonesia adakah solusi yg nggak terlalu ribet bagi merchant???",3,2020-03-18 20:54:46,0,"resto, merchant, order, customer"
GrabMerchant,com.grab.merchant,ac804524-89a8-47fb-bf42-92aff494b9ad,Pengguna Google,Resto sy ditutup sdh hampir 2 bulan sdh di konfirmasi lewat email u mengaktifkan kembali malah g ada tanggapan selalu dpt email pesanan di pending karena resto tutup gmn ini bos tolong ditanggapi,3,2020-03-18 20:34:03,0,"resto, pesanan"
GrabMerchant,com.grab.merchant,34dfe688-1ba4-4652-88ec-077b3104d8f5,Pengguna Google,"Kenapa resto saya tidak bisa dibuka aplikasinya,dan saya lihat di grab pemesanan,resto saya kok tidak ada?mohon pencerahannya",3,2020-03-16 13:09:07,0,resto
GrabMerchant,com.grab.merchant,27f3fecb-bf4f-41b9-8bdc-8935b66d66b3,Pengguna Google,"Driver dah dateng tapi gak bunyi aplikasinya, bikin driver ya marah sama kami",3,2020-03-12 06:22:57,0,driver
GrabMerchant,com.grab.merchant,b2661243-1b8d-4aa4-a819-c79d230e587f,Pengguna Google,Saya kasih bintang 3 dulu karna driver nya gak pada pake jaket thanks,3,2020-03-08 19:22:30,0,driver
GrabMerchant,com.grab.merchant,372a1300-d497-4108-bfb7-7e90c8efa2e1,Pengguna Google,Saya kasih bintang tiga aja dulu nanti kalau sudah di terima jadi mitra grabfood akan saya kasih lebih,3,2020-03-07 10:58:59,0,"grabfood, mitra, mitra grabfood"
GrabMerchant,com.grab.merchant,8beb8ec4-3e2b-41f8-9c16-d250500f34dd,Pengguna Google,Min tolong dong jawab .resto saya knpa di tutup gak bisa Nerima orderan . Apanya yg salah,3,2020-03-07 02:01:35,0,"resto, orderan"
GrabMerchant,com.grab.merchant,390310e3-1c4d-40e3-a1d8-76fe4645dd2d,Pengguna Google,"sy sudah terdaftar di grabfood merchant,tapi kenapa sy ga bisa log in di aplikasi grabfood merchant,sedangkan laporan penjualan sudah masuk ke email saya,mohon bantuan. ya,,,maaf baru bisa kasih bintang 3,maaf yah",3,2020-03-06 18:17:46,5,"grabfood, merchant, laporan penjualan"
GrabMerchant,com.grab.merchant,db8d2edd-8054-4bf8-9084-92e500022ea4,Pengguna Google,Kalo bisa jangan ada sistem dobel order ke draiver kalo misalkan dapet orderan bubur ayam misalksn pasti itu bubur ayam udah cair pasti yg rugi pihak resto sama castamer yg rugi,3,2020-03-05 13:23:21,0,"resto, order, orderan"
GrabMerchant,com.grab.merchant,7ee23270-ecfe-467c-8a6d-7268ec2e563f,Pengguna Google,Mau tanya cara nutup akun grab merchant ini gimana ya ? Soalnya sementara saya tutup dulu.. Mohon bantuannya,3,2020-03-05 13:15:28,0,merchant
GrabMerchant,com.grab.merchant,fd1bbea2-f594-4903-a830-850d03562fee,Pengguna Google,Saya daftar grab food blom ada kelanjutannya nya itu gmna ya,3,2020-03-05 07:35:05,0,grab food
GrabMerchant,com.grab.merchant,721ec4e4-deaa-46ae-bf9c-65ca3a59b46d,Pengguna Google,Jarang yg order,3,2020-03-04 13:41:00,0,order
GrabMerchant,com.grab.merchant,3f556c0d-9415-473a-9194-298a722e6018,Pengguna Google,"Klo bisa kaya aplikasi tetangga sebelah dong...walaupun jam buka tutup sudah diatur tapi tetap kita yg open close aplikasi nya jangan otomatis. Giliran toko lg tutup tiba"" aplikasi toko sedang terbuka, kan bukan reputasi driver aja yg jelek tapi resto juga jelek... kan gara"" lupa cek aplikasi jam operasional yg terbuka otomatis jadi ribut sama driver.tolong dong di update cara jam bukanya jgn otomatis gitu,namanya manusia gk lepas dari lupa dan kesalahan..",3,2020-03-02 23:43:46,37,"resto, driver, jam buka, jam operasional"
GrabMerchant,com.grab.merchant,cfd9221b-d5b0-4cd3-ba1d-29715fa7563e,Pengguna Google,Grabfood memudah kan saya untuk membeli makanan,3,2020-03-02 18:21:10,0,"grabfood, makanan"
GrabMerchant,com.grab.merchant,574561ed-e5bf-48b6-af89-b86cc99e99dc,Pengguna Google,"Saya pengguna baru grab merchant,kepada admin tolong di tingkatkan lg tentang tombol buka tutup resto yg di app karena saya merasa kesulitan ketika stok menu sudah habis lalu saya mau tutup resto di app tapi di situ ada pilihan.kalau bisa pilihannya di hilangkan sprti di app sblah ( gobiz ) sekali tekan tombol bka ttp resto yg di app langsung tutup. Sedangkan di grab merchant itu ada pilihan antara 30 menit, 1 jam dan 1 hari, ketika wkt sdh hbs resto dgn otomatis buka sendiri pdhl resto blm buka",3,2020-03-02 11:32:43,9,"resto, merchant, menu, stok menu"
GrabMerchant,com.grab.merchant,3c8b1ffc-8fca-42a6-83bd-8ad5ab927a17,Pengguna Google,Semenjak update kemarin kenapa ga bisa masuk grab merchant nya ya min? Tolong di cek,3,2020-03-01 19:02:23,0,merchant
GrabMerchant,com.grab.merchant,99b0ef6f-84f2-42cd-a80a-4e81fb09b063,Pengguna Google,"Maaf , saya mau tanya.. jika ada orderan masuk di aplikasi tertulis 1porsi dan ketika driver datang beli lagi nambah 1porsi , nah ini tambahannya di bayar tunai atau tidak ya ? Karena sudah kejadian 2x , driver nambah orderan di luar aplikasi , tdk byr tunasi tp esoknya pembayaran dari grab kurang.. tolong pencerahannya 🙏",3,2020-02-28 18:00:36,17,"orderan, orderan masuk, driver, pembayaran"
GrabMerchant,com.grab.merchant,121c8819-f098-42f4-9ccd-0ccaf01b0538,Pengguna Google,Untuk daerah Gunung kidul masih blm maksimal pemakai grab food,3,2020-02-28 10:32:22,0,grab food
GrabMerchant,com.grab.merchant,086ac38e-be8b-4ec7-a53b-b9ce5d6d8de0,Pengguna Google,Alhamdulillah semenjak Makai grab food lumayan jualan nya,3,2020-02-28 07:04:32,0,grab food
GrabMerchant,com.grab.merchant,9ded4dd7-568c-4459-9fb5-dc52492ae22a,Pengguna Google,"Masih perlu ditingkatkan lagi, alangkah baiknya memperhatikan keluhan"" dari para pengguna apl grabfood merchant dan menambah kekurangan yang ada sehingga menjadi lebih baik lagi. Dan untuk ganti logo dan bener masih repot masih harus hubungi kantor",3,2020-02-28 01:02:44,0,"grabfood, merchant"
GrabMerchant,com.grab.merchant,48c4a21d-bb2c-44f7-a237-39379b4747f3,Pengguna Google,Tolong buat biar bisa edit harga di aplikasi nya. Kadang harga tidak sama dengan di resto jadi susah rubah nya,3,2020-02-27 01:11:13,0,resto
GrabMerchant,com.grab.merchant,458f585d-5337-4bb7-94a3-34697f84e737,Pengguna Google,"Apik, iso jajan ga usah ketempatnya,bisa pesen sak senenge,ditunggu barange teko dewe.. Tp sayang aq daftar mitra grab food rung iso.",3,2020-02-26 13:21:47,0,"grab food, mitra"
GrabMerchant,com.grab.merchant,4216b3b7-5af2-4641-9530-78da8c65abc9,Pengguna Google,Harap memberikan kolom/tombol STOK sehingga jika ada pembeli membeli makanan/minuman lebih dari sisa STOK yang tersedia. Penjual tidak perlu repot lagi mencari uang kembalian yang nominalnya sesuai. Tidak kurang atau tidak lebih kepada pembeli.,3,2020-02-24 10:11:14,11,"makanan, minuman"
GrabMerchant,com.grab.merchant,fade2111-ab9e-433a-bda3-b8991cfec585,Pengguna Google,Sangat baik dgn adanya grabfood ini memudahkan qta untuk pesan makanan,3,2020-02-23 13:29:53,0,"grabfood, makanan, pesan"
GrabMerchant,com.grab.merchant,6413c83b-b204-4a5c-9de2-077c8af9951b,Pengguna Google,"Utk pengelola aplikasi grabfood.. mohon diaplikasi grabfood di menu terdekat.. bnrn yg Deket dong yg keliatan.. ini malah yg popular dl.. klo yg popular kan bisa di menu terlaris.. ini terdekatnya aja yg popular.. akhirny resto kita yg baru"" jd kurang kliatan.. mohon ditingkatkan lg yah.. kaya g*fo*d dia klo terdekat bnrn resto yg terdekat.. jd org sering liat resto kita.. terima kasih",3,2020-02-20 16:49:06,25,"grabfood, resto, menu"
GrabMerchant,com.grab.merchant,c3fa3650-0500-4d9f-8860-62cf5d3226a4,Pengguna Google,Nama resto Lotek Nasi goreng sigaco .ko lama di acc nya,3,2020-02-18 11:49:56,0,resto
GrabMerchant,com.grab.merchant,b78e8646-d85d-49ea-840e-a7cd745f855d,Pengguna Google,Pendaftaran mitra grabfood sangat lama dan rumit prosesnya.kita tidak diperlakukan sebagai mitra tapi sebagai minta minta.saya sudah selesai tahap tanda tangan kerja sama.udah menunggu lagi 3 hari belum ada kabar atau tanda tanda selanjutnya,3,2020-02-17 13:14:56,0,"grabfood, mitra, mitra grabfood"
GrabMerchant,com.grab.merchant,6bf09a13-11f3-41d2-ab6b-404b5f9706b2,Pengguna Google,Pendaftaran mitra grabFood lama dan rumit..saya telah sampai tahap tanda tangan kontrak kerjasama.sudah 3 hari lagi menunggu belum ada tanda-tanda,3,2020-02-17 13:11:20,0,"grabfood, mitra, mitra grabfood"
GrabMerchant,com.grab.merchant,eb749b29-5662-4c15-a055-5405b25dccb4,Pengguna Google,Makanan yang enak cf an halal,3,2020-02-16 19:38:39,0,makanan
GrabMerchant,com.grab.merchant,cd1ea6c3-fcbc-40ad-9628-c9cda59a7395,Pengguna Google,saya minta no cs grab merchant,3,2020-02-12 16:25:39,0,merchant
GrabMerchant,com.grab.merchant,8703a45e-558b-453e-b01c-8d47c210def0,Pengguna Google,"aplikasinya rewel suka keluar"" sendiri, tolong tambah fitur komplain/masukan dari pihak warung ke pihak driver biar bisa jadi masukan dan menghindari driver yg kurang sopan",3,2020-02-10 21:59:07,0,"warung, driver"
GrabMerchant,com.grab.merchant,1186efa0-495f-4124-ba56-585cad1f80b1,Pengguna Google,"Masih banyak kurangnya 1. posting fhoto menu susah, edit menu, harga, fhoto seharusnya bikin kayak gojek simple 2. tutup buka toko, edit jam ada maximalnya sehingga merugikan merchant 3. menu promo yg bisa dilihat hanya 10 menu sdgkan yg dipromokan banyak lebih dr 10 menu 3. driver dibuat order gabungan sehingga merugikan merchant untuk penilaian / rating toko krn alamat pembeli atau toko bisa jadi beda arah, dan sering terjadinya cancel.. 4. bagi kami merchant kecil sangat merugikan",3,2020-02-10 09:59:12,1,"merchant, menu, order, driver, promo, buka toko"
GrabMerchant,com.grab.merchant,f9068e39-7c93-47f0-ace7-cd506b4e0077,Pengguna Google,Gimana ya abis di update ambil sendiri pesanan jadi sepi .,3,2020-02-07 10:59:47,0,pesanan
GrabMerchant,com.grab.merchant,2ea1af45-d9bf-48c5-a35e-996c814cc236,Pengguna Google,sayajualan martabak ..tagihan saya sangat banyak dalam satu bulan 2 juta.. sedangkan orderan ga sampe segitu... tolong pihak grab.. di perbaiki lagi systimnya..,3,2020-02-06 00:50:36,1,orderan
GrabMerchant,com.grab.merchant,d3f5d210-b2a6-4be6-83f3-5d79755b3ed1,Pengguna Google,Pesanan jarang ada,3,2020-02-05 17:35:56,0,pesanan
GrabMerchant,com.grab.merchant,f5af3d0f-f538-46c8-b918-43fd6dd7b185,Pengguna Google,"Ngisi menu nya ribet mesti foto2 terus, tutup resto jugaa malah ribet kalo sistemnya otomatis. Sering terjadi di cancel tp makanan tetep diangkut sma driver😐",3,2020-01-31 09:33:36,0,"resto, makanan, menu, driver"
GrabMerchant,com.grab.merchant,97d13b4e-ddc1-4ac6-b35f-c11fb776aeb6,Pengguna Google,ini kenapa yah... ga bisa login sama sekali... ga bisa ngatur menu... tolong lah dipermudah... telepon ke Call center ga bisa2....,3,2020-01-30 12:18:34,0,menu
GrabMerchant,com.grab.merchant,ac8739c3-b049-4954-a613-3ef4ee4062a8,Pengguna Google,"Tolong untuk yg ngurusin food agar lebih diperhatikan lagi kemudahan dalam pengelolaan aplikasinya, tidak user friendly, tiap kali rubah harga selalu input photo, kenapa photo ikut diupload ulang? tiap ada update malah bikin repot resto, mau tutup dadakan harus nunggu 30 menit. Sebenernya ane ngantuk, malah keburu ada yang dapet. Huhh..",3,2020-01-29 23:26:40,5,resto
GrabMerchant,com.grab.merchant,a157c2b1-c90a-42f4-a828-a580e99e48b3,Pengguna Google,"Tolong dong dihapus fitur order gabungan... Fitur itu bisa ngerusak kwalitas makanan saya... Saya sangat tidak setuju dgn fitur tsb. Apalagi skrg gabungan dgn resto lain. Kebayang deh, klo di resto ke-2 ngantri sampe 1 jam. Belum lagi tujuannya beda arah... Masakan saya jd ga enak dimakan... Tolong pikirkan lg. Jangan egois...",3,2020-01-22 19:37:05,75,"resto, makanan, order, masakan"
GrabMerchant,com.grab.merchant,be208183-be8c-410e-aa4f-1a8130c5ed16,Pengguna Google,"Permudahlah dlm hal pergantian menu makanan/minuman, sebenarnya g ada niatan membandingkan tetapi pada kenyataannya lbh mudah, simple, praktis apikasi Gobiz drpd Grab Merchant dlm hal mengganti hal2 yg sederhana semisal menu makanan. Semoga menjadi perhatian, terima kasih",3,2020-01-20 19:26:43,19,"merchant, makanan, minuman, menu, menu makanan"
GrabMerchant,com.grab.merchant,4c6ff8b9-3113-427b-91ea-f04f154161f3,Pengguna Google,"Sangat membantu untuk penjualan resto, tapi untuk respon keluhan ga ada kejelasan. udah 3 bulan lebih saya telp ke CS untuk perubahan banner dan no telp, sudah ada reply email juga, Tetapi ga da realisasi perubahan banner dan no telp. Tolong dr grab nyadi respon dong keluhan dr mitra..",3,2020-01-19 16:32:17,3,"resto, mitra"
GrabMerchant,com.grab.merchant,8a27e432-b044-48ff-a299-13f7f6ccb3a5,Pengguna Google,Bagi pengusaha pemula grap food mempuyai sarat yang terlalu berat banyak toko besar yang nama nya udah terkenal akan sangat mudah memenui sarat grap food tapi jujur saja dengan begitu banyak driver grab yang berkupul di dekat restoran yang sudah ada nama nya mohon batuan utuk pengusaha pemula,3,2020-01-18 10:35:11,1,"restoran, driver"
GrabMerchant,com.grab.merchant,ca27d35f-2367-4129-b5f5-d33d93dce7ae,Pengguna Google,Payah nih di upgrade malah gak.bs promo dgn byk menu. Kalo maual 1 per 1 bs kriting edit promo nya.tau gt gak di update.....ayo dunk....kyk yg lama bs milih menu byk di pilihan menu promo nya....,3,2020-01-17 21:35:12,1,"menu, promo"
GrabMerchant,com.grab.merchant,37c75bfb-9813-44b6-85b3-1841f45e4c82,Pengguna Google,Udh seminggu blum dapet orderan knapa ini...gambar profil resto juga tidak mendukung sih...gmna jualan ny dilirik org klo ke gini,3,2020-01-16 12:37:25,0,"resto, orderan"
GrabMerchant,com.grab.merchant,010f4073-a74a-4223-922e-aac86e73de0f,Pengguna Google,Tiga bintang aja dulu karna klo mau ganti nama resto sama nmr tlp susah ribet,3,2020-01-11 10:38:34,1,resto
GrabMerchant,com.grab.merchant,cb4aab0a-b61c-4a8e-805f-19e31ded8595,Pengguna Google,Pengennya gampang pake resto pilihan... Tahunya lebih ribet... Update harga ... Tambah menu ribet... Skrg malah gak bs semua... Tetangga sebelah gampang banget... Solusinya...,3,2020-01-04 19:29:46,1,"resto, menu"
GrabMerchant,com.grab.merchant,748ea05c-a0ae-4883-b375-3b4dc221984b,Pengguna Google,Kok sekarang resolusi fotonya jd pecah ya kalau kita upload foto menu gak kaya dulu. :(( Sayang bgt padahal aslinya bagus jadi keliatan buram pecah dan ga asli kalau pas di app grabfoodnya. Huhu,3,2019-12-28 12:10:00,0,menu
GrabMerchant,com.grab.merchant,a9bf02f0-68d2-4c78-843d-d0be2fcae04d,Pengguna Google,"Lambat, susah mengatur resto buka tutup",3,2019-12-25 12:12:25,0,resto
GrabMerchant,com.grab.merchant,6e9d1d92-652b-454b-837c-631941038485,Pengguna Google,"Saya agak kecewa dg Grabfood, karena sdh lbh dari 2 bulan kami mendaftar itu pun harus datang sendiri ke kantor GRAB dan sudah memenuhi semua persyaratan tp sampai skrng jg blm ada kabar sama sekali... Beda dengan tetangga sebelah, tdk repot² harus datang kirim data by email 15 hari langsung ON.... Mohon segera di benahi biar tdk mengecewakan kami sbg calon partner, terimakasih atas perhatiannya.",3,2019-12-22 12:15:00,27,grabfood
GrabMerchant,com.grab.merchant,93efb048-2ef9-4b43-9ffa-0dfe2d8885c1,Pengguna Google,Ini saya udh daftar mitra sudah dapet email verifikasi pas masuk knpa gbsa ya,3,2019-12-20 23:49:59,0,mitra
GrabMerchant,com.grab.merchant,05a33d97-420c-4a72-bb25-b5aa2e19eac2,Pengguna Google,Sekarang grab merchant di Banjarmasin gak bisa kah,3,2019-12-12 15:24:06,0,merchant
GrabMerchant,com.grab.merchant,6efbf483-0474-43d5-adc6-338ad1215131,Pengguna Google,"Lumayan lah, tapi orderan belum gacor",3,2019-12-10 23:29:09,0,orderan
GrabMerchant,com.grab.merchant,33f46b1d-ad19-4c53-a66f-3d309636c77d,Pengguna Google,Duh setelah di update mlah ribet mau bikin promo masak harus 1 menu 1 manu min,3,2019-12-10 20:32:39,0,"menu, promo, masak"
GrabMerchant,com.grab.merchant,1af3dba4-e38f-491e-a8e1-6167c93b1060,Pengguna Google,"Tolong sistem untuk stok makanan diperbaiki. Dibuat praktis saja. Cukup tombol buka tutup, tidak usah dengan pilihan hari ini atau sampai ada lagi.",3,2019-12-10 07:42:57,0,makanan
GrabMerchant,com.grab.merchant,f913cbf0-9a7e-47af-b3cf-c637fd05c917,Pengguna Google,Tolong perbaiki soal notifikasi pesanan saat di luar aplikasi soal ny pesanan cmn bakal masuk klo harus stay di dalem aplikasi..klo di luar aplikasi gk bakal dapet notif pesanan baru terimakasih ..,3,2019-12-08 11:05:18,1,pesanan
GrabMerchant,com.grab.merchant,a18774b2-e400-4e99-a79e-953f0d68a624,Pengguna Google,Saya daftarin grabfood belum juga dikomfirmasi dri tanggal 6 desember sampai saat ini,3,2019-12-07 16:53:30,0,grabfood
GrabMerchant,com.grab.merchant,4409b794-b68b-4720-b4c2-b7014ea5319e,Pengguna Google,"Sudah satu minggu tidak bisa masuk di aplikasi grabfood merchant tab saya, mohon segera di respon keluhan saya dan segera di perbaiki kendalanya.",3,2019-12-07 11:43:22,0,"grabfood, merchant"
GrabMerchant,com.grab.merchant,dd62adda-75ba-4f56-a310-ecc801a30d30,Pengguna Google,Kenapa aplikasi GRABFOOD merchant saya sudah dua hari ini tidak bisa di buka aplikasinya..??,3,2019-12-07 11:06:41,0,"grabfood, merchant"
GrabMerchant,com.grab.merchant,bb7f0649-b08d-418c-92cb-5281d3374143,Pengguna Google,Tolong diperbaiki. aplikasi resto saya ga bisa diganti jam Operasional nya ini gimana. Mohon tanggapan,3,2019-12-07 07:08:28,0,"resto, jam operasional"
GrabMerchant,com.grab.merchant,96d70fab-1806-4434-bafd-9d5f7465a9d8,Pengguna Google,"Tidak ada fitur print Struk.. Kalau bisa ada fitur print struk supaya engga cape salin ulang ke mesin kasir lagi.. dan kalau bisa ditambahkan nama driver, nama cs + no orderan..",3,2019-12-07 04:56:10,0,"orderan, driver"
GrabMerchant,com.grab.merchant,d7c027a7-fc6f-4e42-b9a4-6f788eee051a,Pengguna Google,Kaya tai kucing. Kaga daptar tiba 2 jd warung digrab. Jangan macam2 ya .pencurian data brengsek lu grabfood,3,2019-12-01 11:49:46,0,"grabfood, warung"
GrabMerchant,com.grab.merchant,207ed5b6-b0fe-4003-be71-8c0af475e5f9,Pengguna Google,Mau ganti grabfood tunai ke pilihan prosesnya kok lama?? Terimakasih.,3,2019-11-30 21:40:22,0,grabfood
GrabMerchant,com.grab.merchant,9e5c1027-e190-46f0-b2fa-4a392ac7dbc9,Pengguna Google,"Saya sudah terdaftar di grabfood, tp di grab marchant blm bisa diaktifkan. Gmn ya cara aktifinnya?",3,2019-11-27 22:34:45,0,grabfood
GrabMerchant,com.grab.merchant,736cc479-a33e-4b2c-a81f-dbae0a8c7689,Pengguna Google,"Ini kenapa saya barusan update, kok malah ga masuk masuk keaplikasinya.. Hanya stuck ditulisan GRABFOOD.. Kenapa ya?",3,2019-11-26 22:05:53,0,grabfood
GrabMerchant,com.grab.merchant,55f7ba5b-14fc-4605-b4fd-6130266e4bd2,Pengguna Google,"Setiap pembaruan selalu ada bug, sekarang bug dimana aplikasi balik ke atas dgan sendirinya setelah digeser kebawah. Nyalakan atau matikan menu jadi repot",3,2019-11-26 21:55:31,1,menu
GrabMerchant,com.grab.merchant,12bfece7-b7ff-4f9a-b2b1-8c7dc02c3f66,Pengguna Google,Saya beri bintang 3 dulu selama belum ada perbaikan soal susah sekali buat mematikan status restoran.... Harus berulang dan belum pasti juga berhasil.... Tolong diperhatikan soal ini.....,3,2019-11-26 07:35:30,1,restoran
GrabMerchant,com.grab.merchant,514999a0-b5e3-47c2-8eb5-d3d53a4925a2,Pengguna Google,Kenapa setelah update ada bug kalo kemenu tiba tiba balik keatas lagi. Tutup menu balik keatas lagi. Pencet menu balik keatas lagi. Tolong segera diperbaiki lah,3,2019-11-23 18:18:40,1,menu
GrabMerchant,com.grab.merchant,9dbf4004-0ffd-4aa0-8489-4af2ed220343,Pengguna Google,"Cara ganti foto profil gimana ? Masukin foto dimenu gimanacaranya ? Cara on/off resto gimana ? Apa dari setingan jam buka tutup ? Beda dengan aplikasi sebelah jadi rada binggung. Mudah""an ada pengarahan, Terima kasih",3,2019-11-19 00:12:58,0,"resto, jam buka"
GrabMerchant,com.grab.merchant,5ce78df7-a074-490d-bac6-78c75d1da961,Pengguna Google,Saya hanya kasih masukan. Lebih baik jangan restoran pilihan alias resto yg udh punya nama yg diutamakan. tujuannya kan bantu UKM. Jadi tolong yg UKM juga dibantu supaya restonya dikenal dan gampang dicari. Ini kan malah kelelep sama resto raksasa. Update aplikasinya seperti go food lebih bnyk bantu si resto.,3,2019-11-18 18:38:29,14,"go food, resto, restoran"
GrabMerchant,com.grab.merchant,484ea3e3-b519-4d85-a2df-6855391a85a5,Pengguna Google,"App ini buka tutup g kaya app sebelah Itu bebas buka tutup kalau ini g di batasi,, Kemarin tidak sengaja tutup satu hari ternyata sudah g bisa di buka lagi nunggu besoknya lagi, terus saya sudah terlanjur masak banyak .. Saya minta bantuan cs.. katanya g bisa Di buka lagi nunggu tanghal berikutnya baru bisa buka.... Tolong di perbaiki buka tutupnya. Kayak app seblah itu bebas ...",3,2019-11-12 20:36:32,3,masak
GrabMerchant,com.grab.merchant,eeacecbd-838e-4ac9-b06a-9720914d07e8,Pengguna Google,"Aplikasi ini sangat perlu perbaikan, bener apa kata temen"" di bawah, perbedaan harga sering membuat kita cek cok sama driver, pakai promo malah bikin kita puyeng, karna harus ngejelasin dulu ke drivernya, seharusnya harga di resto itu bisa mengikuti dg aplikasi si driver, biar gak jadi masalah, masa kalah ama aplikasi sebelah?",3,2019-11-12 19:25:18,10,"resto, driver, promo"
GrabMerchant,com.grab.merchant,4e5dd754-03b0-4cc6-878d-5362b57f34c5,Pengguna Google,Ini kenapa ya belakangan ini pembayaran selalu masuk ke rek siang... Awal2 bagus bgt pagi2 sudah msk rek... Pengusaha kecil spt saya kan membutuhkan modal kembali utk belanja stok yg habis.. Jgn mau kalah sama sebelah dong jam 5 pagi pembayaran sudah masuk ke rek.,3,2019-11-10 07:40:26,0,pembayaran
GrabMerchant,com.grab.merchant,7617b1c6-0adc-4831-bde9-fe1521204e5d,Pengguna Google,"pliss, kasih cantumin no telp pelanggan yg beli di kita, jd kalau ad menu abis kita bisa telp pelanggan bila drivernya lg sibuk. kyk aplikasi sebelah, no pelanggan di cantumin",3,2019-11-07 23:37:38,0,"menu, pelanggan"
GrabMerchant,com.grab.merchant,ad87d8ee-ab4f-488b-b5f4-1f67fa236a3c,Pengguna Google,Tlong daftarkan resto saya nasi bakar hujau daun,3,2019-10-30 07:23:57,0,resto
GrabMerchant,com.grab.merchant,0eb94950-e5b8-46b7-a101-76c436f0439a,Pengguna Google,"Selamat siang, apakah merchant jika memerlukan bantuan bisa bertemu langsung ke kantor,karena merasa tidak puas dengan jawaban2 melalui email, Mohon jawabannya, terimakasih",3,2019-10-29 11:30:59,2,merchant
GrabMerchant,com.grab.merchant,1aeb7ba3-0785-47c8-b115-771a2d5eca6c,Pengguna Google,Hampir 3 minggu saya mendaftar tp belum pernah menerima email sekalipun.. Namun saat ada promo banner kok saya terima emailnya ya.. Mohon segera diproses pendaftaran saya yaa..,3,2019-10-28 11:15:06,1,promo
GrabMerchant,com.grab.merchant,339ca3cf-2095-49d2-8049-ae0bd0e95d04,Pengguna Google,"Tiga dulu deh saya gak bisa2 nih,susah sekali mau jadi partner grabfood, tolong🙏 dimudahkan dong",3,2019-10-26 15:08:45,0,grabfood
GrabMerchant,com.grab.merchant,033cbe2c-7696-4dd2-ba1d-5b78b7e6fb2d,Pengguna Google,Ini kenapa dah gak bisa ganti foto outlet nya,3,2019-10-24 19:58:43,0,outlet
GrabMerchant,com.grab.merchant,8bac8396-62b6-4634-a31c-8091941ac666,Pengguna Google,Habis update kog malah ga bisa buka tutup merchant ya. Stuck di pilihan tutup terus. Ini coba install ulang. Tolong diperbaiki secepatnya,3,2019-10-21 14:34:32,0,merchant
GrabMerchant,com.grab.merchant,6bf085f9-a8d5-4314-aca7-d439dfc8a94f,Pengguna Google,"Sering error dan untuk pengaktifan penerimaan pesanan harus selalu di kontrol. Matikan penerimaan juga otomatis terbuka, saran saya jangan di otomatis kan terbuka sampai pemilik membuka nya sendiri.",3,2019-10-20 14:39:17,5,pesanan
GrabMerchant,com.grab.merchant,7d0fcffb-2b96-4dd6-97c3-a8d75e5dcdb5,Pengguna Google,Seharusnya di kasih rincian sebelum komisi dan sesudah komisi jadi saya nggak ngitung manual,3,2019-10-20 00:29:42,0,komisi
GrabMerchant,com.grab.merchant,eabfdc41-30f3-45b1-af90-b4852e6ce1bb,Pengguna Google,"Nama Restorant: Ayam Penyet Mak Tating. Alamat: Kp. Gardu, Cirarab, Legok, Tangerang, Banten. Sy sudah daftar Grabfood Merchant, sudah isi upload menu, lintang bujur,sudah terima tlp informasi bhw Resi KTP sudah tidak bisa di gunakan dan harus menggunakan KTP yg akan dikirim email untuk menggantinya. Tp sdh 1 bln email itu blm jg dikirim ke saya. Status pendaftaran sy jd ""Ngambang"". Mohon kpd pihak terkait untk segera menyelesaikan status pendaftaran sy.. Trimakasih.",3,2019-10-19 10:28:58,19,"grabfood, merchant, menu"
GrabMerchant,com.grab.merchant,a565503d-88dc-4e45-a584-050df4d3dde5,Pengguna Google,"Saya baru daptar grab merchant tgl 16 oktober 2019 Setelah daptar, di aplikasi grab merchant nya ada instruksi suruh cek email utk verifikasi email, dan nanti ada instruksi selanjutnya via email. Saya cek email saya, dapet email dari grab nya, suruh klik link utk verifikasi email dalam 72 jam, tapi link nya gak ada dan gak ada yg bisa di klik.. Saya jadi bingung.. Ada yg bisa bantu menjawab / menjelaskan?",3,2019-10-18 11:39:57,57,merchant
GrabMerchant,com.grab.merchant,ab570a95-9524-44c3-8abb-7bca0c20d781,Pengguna Google,"Kelemahannya dikit-dikir logout apl otomatis, ganti foto profil Resto susah banget harus email ke pusat dan jawabannya ga nemuin hasil mungkin sayanya yang belum bisa.",3,2019-10-17 07:32:45,0,resto
GrabMerchant,com.grab.merchant,0f07c6e1-9a9a-47aa-a801-34522eb2e3c5,Pengguna Google,Sukak susah mo tutup warung langsung...jadinya harus sllu atur jam tutup di peraturan Jam...,3,2019-10-17 04:54:45,0,warung
GrabMerchant,com.grab.merchant,0456ac52-0f43-4592-8378-748cb0367def,Pengguna Google,"Seharusnya dari pihak resto juga bisa cancel, masa skrng gak bisa dicancel sama sekali, sedangkan kita kadang kwalahan ngatur stok menu karena banyaknya jenis, ketika kehabisan blm sempet atur stok ada pembeli bingung ketika habis dan g bisa cancel, pihak driver pun g mau cancel, tolong di kaji ulang ini terpaksa resto saya tutup dri grabfood kasian driver kadang kalo kehabisan. trimakasih",3,2019-10-11 17:10:15,9,"grabfood, resto, menu, stok menu, driver"
GrabMerchant,com.grab.merchant,e0fa4805-ae25-44a3-80f7-ac99920b1f4e,Pengguna Google,Kenapa saya daftar jadi mitra grabfood kota malang gaada?,3,2019-10-08 19:19:46,0,"grabfood, mitra, mitra grabfood"
GrabMerchant,com.grab.merchant,0d43ece8-864b-4514-8a6d-814e90ab27ff,Pengguna Google,Saya berharap pendaftarannya gratis seperti Go Food/Gojek ya?,3,2019-10-06 23:04:47,0,go food
GrabMerchant,com.grab.merchant,3c0173d8-b258-4223-8e5a-3df1b7662961,Pengguna Google,Tolong sediain tombol buka atau tutup nya. Jangan berdasarkan jam buka.. Ribet kalau kesiangan buka nya.. Tiba tiba driver datang.. Jualan belum siap,3,2019-10-06 07:05:50,1,"driver, jam buka"
GrabMerchant,com.grab.merchant,61cfb000-08f9-4abe-b94c-bcf21e74bcfc,Pengguna Google,Aplikasi yg baru di tingkatkan tgl 17 sept 2019 kenapa menghilangkan titik lokasi driver?? padahal itu sangat bermanfaat untuk saya. Nyesel saya update aplikasi,3,2019-10-06 00:22:34,2,driver
GrabMerchant,com.grab.merchant,a58f7f02-9060-4bed-8b50-5e82bffd7c37,Pengguna Google,"Min, tolong Respon keluhan yg saya kirim via email atau keluhan yg saya kirim ini.. Saya sudah terdaftar di Grabfood Merchant tetapi saya tidak bisa membuat Daftar menu maupun kategori Menu karena aplikasi yang Error... Jadi apa yg mau saya jual jika tidak ada Menu yg terdaftar di aplikasi Grab Konsumen min??? Mohon maaf sebelumnya jika saya memberikan bintang segitu dlu karena saya belum bisa menggunakan aplikasi Grab Merchant nya. #trimakasih",3,2019-10-04 00:30:58,8,"grabfood, merchant, menu"
GrabMerchant,com.grab.merchant,88df2150-5d81-4f40-86b7-f9cb865f354c,Pengguna Google,"Admin mau tanya, kalo daftar grabfood wajib punya ovo merchant atau tidak?",3,2019-10-01 20:28:32,0,"grabfood, merchant"
GrabMerchant,com.grab.merchant,54eafbe0-9e62-484a-a7d6-00d75aa5bc57,Pengguna Google,Saya grabfood merchant alamat resto saya salah jauh dr titik..bagaimana cara merubah nya,3,2019-10-01 11:47:36,0,"grabfood, resto, merchant"
GrabMerchant,com.grab.merchant,72c70e73-cce7-4a5f-9c2a-9a05a0cbe30e,Pengguna Google,Kok gak bisa login ya. Udh dpt email konfirmasi restoran sudah berhasil didaftarkan tpi msh gbs login,3,2019-09-30 17:51:38,0,restoran
GrabMerchant,com.grab.merchant,a5d68d63-2191-4095-9473-d9645ed9bd44,Pengguna Google,"salam hormat, singkatnya saya usul untuk diberi input jumlah harga makanan yg harus dibayar. seperti kompetitor ""GoFood"" yg memberi input total yg harus dibayar. jadi saat makanan yg dipesan sisa 1 Porsi, dan yg dipesan 3 porsi. maka bisa menyesuaikan, jadi tidak merugikan Driver manakala harus dicancel. dan tidak merugikan merchant manakala harus memberi kembalian sesuai harga aplikasi, tapi tetap dikenakan shareprofit & pajak, yang berarti beban ganda. mohon diperhitungkan lagi hal seperti ini",3,2019-09-30 17:10:22,12,"gofood, merchant, makanan, driver"
GrabMerchant,com.grab.merchant,46fce3a1-1f16-4bdc-ae9e-98a548e20ef7,Pengguna Google,"mana ini kok udah 3 hari tdk ada orderan masuk. usaha saya tdk nongol di aplikasi costumer padahal sdh buat promo. tdk seperti di gobiz gojek, customer lihat yg terdekat resto saya nongol dan di promo pun terlihat di aplikasi customer gojek. gmn mau ada order ini warung saya ga kelihatan aplikasi customer grab!",3,2019-09-30 14:31:30,6,"resto, warung, order, orderan, orderan masuk, promo, customer"
GrabMerchant,com.grab.merchant,63f9c9d5-a800-4b6e-98a2-65962f1e3c11,Pengguna Google,"Knapa pembayaran grab food, yg nominal di bawah 25rb tidak segera di bayarkan pd hari berikutnya? Saya 2 x tagihan blom di bayarkan, dan tidak di sertakan bukti tranfer ke resto ketika sudah di tranfer ( seperti aplikasi sebelah) mohon utk lebih di pikirkan kembali, krn masalah duit sangat riskan",3,2019-09-28 19:24:41,7,"grab food, resto, pembayaran"
GrabMerchant,com.grab.merchant,ef7cc9d9-ae92-42ca-a045-ca4df9057d82,Pengguna Google,"Mohn dibantu min , saya mau daftar grab food tpi kota tmpt saya jualan tidk tertera dikolom pilihan, pdahl dtmpt saya tinggl ada grab yang beroperasi, mohn dibantu min ,",3,2019-09-28 17:17:58,0,grab food
GrabMerchant,com.grab.merchant,2b63b456-3a69-4816-8d41-9c3b83f0a2e7,Pengguna Google,"Untuk restoran pilihan gambar profile harus nya bisa diubah dari aplikasi, edit2 info merchant juga harus nya itu merchant bisa lakukan klo gak bisa buat apa aplikasi ad foto merchant di restoran pilihan tapi gak bisa di edit sesuai keinginan harus pengajuan lewat email dan belum tentu dirubah berkali2 malah dpt email balasan informasi tidak lengkap.... Padahal cuma buat ganti foto logo atau banner merchant doank, masih banyak yang harus diperbaiki tidak seperti aplikasi tetangga sebelah. 😥😥",3,2019-09-25 00:15:25,10,"restoran, merchant"
GrabMerchant,com.grab.merchant,f3c4ba1c-5677-4853-b81a-7b0cb7d8544a,Pengguna Google,Saya mau driver Yg sering nerima pembatalan sampe 3x berturut2 suspend atau tindak keras Karna disini Kliatan banyak Yg order .. Gra2 driver byk cancel jd tdk Ada pemasukan Yg merugikan merchant atopun si pemesan,3,2019-09-24 20:40:01,0,"merchant, order, driver"
GrabMerchant,com.grab.merchant,ce4e7b56-f383-4e84-8d22-72d4a7ca9c8e,Pengguna Google,adoh aku mendaftar grab food tpi mau loging kok gk bsa carnya bantu dong sobat imail udh di acc cma cara mau log ke grabfood kok susah ya😎,3,2019-09-24 18:10:30,0,"grabfood, grab food"
GrabMerchant,com.grab.merchant,39c4797f-aaef-405d-86a6-76c5fda3ffc7,Pengguna Google,Kapan grab food saya bisa aktif,3,2019-09-22 00:28:37,0,grab food
GrabMerchant,com.grab.merchant,bcef7ead-5d3a-4145-bdab-2e167acfdd4f,Pengguna Google,Sya coba daftar grabfood mitra kok gada pilihan kota batam ya...,3,2019-09-18 06:49:08,0,"grabfood, mitra"
GrabMerchant,com.grab.merchant,1cc07a7c-afca-4349-937e-ff15bd247038,Pengguna Google,"Bagus sih, cuma harusnya bisa login dengan beberapa device menggunakan nomor HP seperti aplikasi sebelah. Agar selain dapat digunakan oleh pegawai di resto, juga dapat digunakan oleh owner untuk melihat hasil penjualan.",3,2019-09-13 09:32:29,1,resto
GrabMerchant,com.grab.merchant,e350dfb6-f93c-4c1d-91a3-9a00c889d27c,Pengguna Google,"Potongan harganya tolong jangan kebanyakan,saya pasang harga murah di app tapi nominal yg masuk ke ovo setiap pesanan bisa 1500 kepotong ,gimana saya ambil untung,saya pasang harga 5000 yg sampe 4000,saya taikin jadi 5500 ,yg kepotong 1500 ,gimana saya bisa untungnya ? Kalo semua harga di grabfood mahal gimana konsumen tertarik,makanya saya pasang harga murah eh pihak grabfood / ovo motongnya kebanyakan ,semenjak gabung blm ada keuntungannya ,tolong dong di tindak lanjuti ulasan saya ini.",3,2019-09-10 15:43:09,2,"grabfood, pesanan"
GrabMerchant,com.grab.merchant,32d179d7-d93a-4440-af1d-dec523673e66,Pengguna Google,Kenapa daftar Grabfood susahnya minta ampun,3,2019-09-06 10:32:20,0,grabfood
GrabMerchant,com.grab.merchant,6243d6c6-8d67-4bfc-8542-5a229adb09bc,Pengguna Google,"Saya sudah daftar , sampai skrg tidak ada tanggapan apa2 ,atau kami tidak layak jadi mitra anda?",3,2019-09-06 06:16:01,0,mitra
GrabMerchant,com.grab.merchant,fb34d872-6daa-4121-b6a3-254b57ea8ac0,Pengguna Google,Apa bisa daftar grab food disini?,3,2019-09-02 10:26:26,0,grab food
GrabMerchant,com.grab.merchant,f972c92e-1da4-46c5-aa50-d869233b9754,Pengguna Google,menu cetak struk masih blm ada seperti diskrpsi disini. padahal saya udh update,3,2019-09-02 09:08:30,0,menu
GrabMerchant,com.grab.merchant,533c6490-7e5a-4c85-b988-2873c4a5687f,Pengguna Google,Mohon di tambah setingan perubahan harga di grabfood merchant soal nya kalau ngerubah harga lewat driver tidak ada yng tahu sebagai selisi harga nya,3,2019-09-01 20:33:41,0,"grabfood, merchant, driver"
GrabMerchant,com.grab.merchant,f540981e-32e6-4654-88c3-5ae541f7b7b3,Pengguna Google,Seharusnya tidak ada pembatasan jumlah untuk mengganti harga menu ... Sangat lambat sekali jika hanya 30 item per minggu !,3,2019-08-31 22:23:44,0,"menu, harga menu"
GrabMerchant,com.grab.merchant,112cbd30-09bd-412f-b077-12b3bda02937,Pengguna Google,Gk bisa lg liat posisi driver,3,2019-08-26 19:22:48,0,driver
GrabMerchant,com.grab.merchant,7c493d80-f6d4-4f52-8844-aa9df678be21,Pengguna Google,Ganti alamat resto ma no rekening nya ribet,3,2019-08-25 12:07:08,0,resto
GrabMerchant,com.grab.merchant,4b3d0858-5f84-45a7-95f5-62ec46308775,Pengguna Google,Hampir semua keluhan udah mewakili... Outlet saya kebetulan sudah seminggu jadi resto pilihan. Meskipun sudah punya outlet yg aktif dan omsetnya juga lumayan... tapi untuk pendaftaran cabang cabang lain koq tidak bisa lebih d permudah. Padahal outlet saya yg sudah terdaftar awalnya saya juga tidak mendaftarkan diri...tahu tahu udah ada d grabfood. Saya berharap untuk outlet cabang lain bisa d permudah lebih cepat aktif. Kalo d sebelah noh...respone cepet...g ada 2 minggu udah aktif,3,2019-08-24 12:14:29,18,"grabfood, resto, outlet"
GrabMerchant,com.grab.merchant,c0d0dd01-a0a5-4c55-bc77-ac17bf9f32ea,Pengguna Google,"Tolong lebih transparan pemotongan nya dan brp persen rincian nya ,kalau gojek gofood transparan bangat di aplikasi,tolong di perbaiki lagi sistem nya,tks",3,2019-08-23 22:56:52,1,gofood
GrabMerchant,com.grab.merchant,75b16af3-6f7f-43ab-babe-451f0ef1b177,Pengguna Google,Cukup bagus untuk order makan kesukaan,3,2019-08-23 20:02:02,0,order
GrabMerchant,com.grab.merchant,c2f8cef5-0218-4e6b-ab4a-2a9fe0717a59,Pengguna Google,"Susah dapet custamer ... soalnya kalo buka grab food bukannya resto yg terdekat yg keliatan,malah yg jauh .... bukan kayak tetangga sebelah ... biarpun rerto baru tetap terlihat...",3,2019-08-23 19:20:50,2,"grab food, resto"
GrabMerchant,com.grab.merchant,e17317a3-db23-4773-81df-594153e37596,Pengguna Google,Gambar bander resto saya tidak sesui dengan data yang saya kirik ke grab,3,2019-08-16 18:33:20,0,resto
GrabMerchant,com.grab.merchant,a6c3540c-e306-4ee8-aeb7-c89670a3f5a0,Pengguna Google,tolong di tingkat kan untuk aplikasi kloning. karna sudah terlanjur pakai email saya jadi tidak bisa di gunakan di hp lain. otomatis apabila ada pesanan masuk harus screenshot ke pegawai saya dan Mau ganti rekening aja ko susah padahal validasi sudah sesuai semua. tolong jangan di persulit,3,2019-08-15 00:29:47,3,"pesanan, pesanan masuk"
GrabMerchant,com.grab.merchant,b30fe2c2-5f9b-49c4-8fd1-e759bb1d04a9,Pengguna Google,knpa akun email sya yg merchant pertma tdak bisa nambah menu baru. sdangkan akun email merchant cab sya bisa ya. wlaupun ganti hp ttap tdak ad tambah menu sendri. tlong di perbaiki apa yg slah ama akun sya.,3,2019-08-14 22:20:43,0,"merchant, menu"
GrabMerchant,com.grab.merchant,e4de4a68-fb1d-4370-acc0-23dbc252e180,Pengguna Google,"Kalau bisa buka tutup resto jangan dibatasin jam nya soalnya saya lihat dibatasih kalau kita mau tutup lama tidak bisa,saya lihat paling lama tutupnya cuma satu hari pahal kita kalau bepergian jauh sampek satu minggu resto harus tutup, caranya bagai mana...???",3,2019-08-08 19:30:06,22,resto
GrabMerchant,com.grab.merchant,56e79127-3b2b-4e17-ab7e-02da69a7e9d1,Pengguna Google,"sudah daftar,udh dipanggil dan datang ke kantor grab solo. ni udh 1 minggu ga ada konfirmasi sama sekali.sudah say WA jg bagian grab food nya, sudah saya email jg tidak ada balasan. mw nunggu sampai kapan ya",3,2019-08-08 15:01:22,18,grab food
