app_name,app_id,review_id,user_name,review_text,rating,review_date,thumbs_up_count,matched_keywords
Pizza Hut Indonesia,com.pizzahut.phd,fb7d7f0e-4513-4690-897f-ae6df6057fd2,AttackerX gs,"bro cara liat harga nya di mana,pas gue buka kok gak ada harga nya ?",3,2025-11-04 01:43:19,1,
Pizza Hut Indonesia,com.pizzahut.phd,51a34c28-379f-44a2-ad09-871ec09aeb43,Lemuel,"aplikasinya ada bug dalam menampilkan waktu pemrosesan, perubahan pembayaran tidak bisa dikonfirmasi karena tertutup tombol navigasi android.",3,2025-10-29 11:48:25,6,
Pizza Hut Indonesia,com.pizzahut.phd,4b0d433f-645d-417a-ad79-5732a5862fe2,hendra gunawan,"gak bisa tag alamat dengan tepat, lain yg di klik di map lain yg muncul di aplikasi",3,2025-08-21 06:02:15,1,
Pizza Hut Indonesia,com.pizzahut.phd,eb55ede4-b7f5-4eb8-8f53-be98c5d505e3,Panji Gustiana16,"Di app cantumin harganya jadi kostumer bisa milih, bagus kyk yang sebelah si biru . Harga tertera jelas di app stiap pizza (sesuai jenis dan ukurannya) .",3,2025-08-17 10:58:22,3,
Pizza Hut Indonesia,com.pizzahut.phd,2b3e0d01-8f6e-4a71-a6c9-9fc8314d8eda,Putu Cintami12,apl nya error terus. gak bisa ngorder🤔,3,2025-07-19 10:35:14,1,
Pizza Hut Indonesia,com.pizzahut.phd,65a8fc72-3502-49d4-a42c-61c4c35b74b7,Sirih Rinengkuh,"untuk aplikasi kurang smooth transisi, beberapa fitur perlu ditambahkan seperti daftar promo dan menu di awal",3,2025-05-24 21:56:22,2,
Pizza Hut Indonesia,com.pizzahut.phd,7017741c-48e1-41e3-aab2-2aeede61a860,Riecka Carolline,"enak kalau mesen tinggal by aplikasi aja, bayar juga ga perlu ke kasir, langsung lewat aplikasi. tapi aplikasi ini cuman enak buat Dine in aja, kalau mau delivery susah banget. titik maps tidak sesuai mau di edit maps aplikasi gak terbaca, loading terus, dan tombol tombolnya gak bisa dipencet? coba takeaway pun sulit karena tombolnya juga gak bisa dipencet? bingung banget kok tombol confirm nya gak bisa dipencet padahal udah milih store dan waktu ambilnya kapan, harus diperbaiki lagi aplikasinya",3,2025-04-10 13:08:25,4,
Pizza Hut Indonesia,com.pizzahut.phd,25b9da4d-c08a-4fef-9da9-b2b220f5e163,hanna dian,"maps nya ga mau kebuka :( padahal koneksi internet lancar aja, lokasi juga udah aktif dan udah dikasih ijin untuk aplikasi akses lokasi, jadi bingung mau mantau delivery tapi ga bisa :(",3,2025-04-01 20:33:47,4,
Pizza Hut Indonesia,com.pizzahut.phd,6a5dadf6-8187-4086-a6ac-9121beaffea6,RIOS ENGINE,Aplikasi nya bagus saja. Cuma sekarang kok gk ada dikasih saus mayonaise nya ya.. dulu ada dikasih saus mayonaise. Apakah harus request baru dikasih sausnya?,3,2025-03-10 04:05:30,1,
Pizza Hut Indonesia,com.pizzahut.phd,d6b09e86-5129-4d65-ab94-a35072d3d896,Teguh Shafariman,Apikasinya bikin pusing buat pengguna baru,3,2025-03-03 17:00:44,0,
Pizza Hut Indonesia,com.pizzahut.phd,f17baa91-2752-48cc-87b3-7b3412d9ff33,Gianna Emerson,Fitur delivery kenapa tidak bisa?,3,2025-02-02 10:58:24,0,
Pizza Hut Indonesia,com.pizzahut.phd,6485ebbd-f39e-41f9-866a-2c810a78c0d0,Tri Lestari,Masa pas di halaman data diri dan alamat nya oas di pencet pilih outket kaga bisa terus ngybisa pencet konfir juga bisa nya cancel sama kembali doang,3,2024-11-29 17:21:35,3,
Pizza Hut Indonesia,com.pizzahut.phd,2f16c93e-a0bc-4a4b-b537-f385b8e8587e,Ujang Gunawan,"Masa tiba"" aplikasi udh gk bs trs gmn sma poin yg udh trkumpul",3,2024-11-03 16:17:37,1,
Pizza Hut Indonesia,com.pizzahut.phd,09dc59f8-56a8-4b9f-a5de-ce18f1e88455,Yunita Ratna Azizah Bauw,"Aplikasinya bagus, pelayanannya terbaik👍",3,2024-10-30 20:37:13,0,
Pizza Hut Indonesia,com.pizzahut.phd,a4f426aa-0bf0-41a2-8ece-276e397e8d84,Budi Seno,"App Pizza Hut ini susah sekali buat register, setelah register kemudian Log in dan disuruh nulis OTP tetapi di email tidak ada konfirmasinya.. Tolong kasih tahu cara dapet OTP gimana ya...",3,2024-10-04 19:55:29,3,
Pizza Hut Indonesia,com.pizzahut.phd,482831a3-8020-499a-9045-d3cd2f692285,julius frans,Aplikasinya sering error mohon harap di perbarui aplikasi... Terutama pas melihat history nya dan paymentnya... Terima kasih...,3,2024-09-22 20:57:54,1,
Pizza Hut Indonesia,com.pizzahut.phd,86f2dc02-3571-46cf-96c0-b47a13a2f66c,Novi Lestari,"Ngirimin OTP untuk verifikasi aja sulit banget, email dn nomor telepon padahal sudah betul.",3,2024-09-18 09:22:33,0,
Pizza Hut Indonesia,com.pizzahut.phd,b3a2c2c6-d403-4457-a132-d92b1196abbc,Sandro Capri Famili,"Tolong dimaintain aplikasinya, suka error contohnya tidak bisa memesan melalui aplikasi dan error pada saat pembayaran dan nyangkut orderannya... Tolong segera diperbaiki... Saya order harusnya 5 menit bisa makan waktu 10-15 menit karena banyak error...",3,2024-09-06 20:07:05,9,
Pizza Hut Indonesia,com.pizzahut.phd,9c736633-9620-4b53-80b3-79478d912c54,M. Hajar A.K,Tolong tim IT nya perbaiki sistem loginnya yang bermasalah dan terlalu ribet menggunakan metode lama.,3,2024-08-22 15:14:34,2,
Pizza Hut Indonesia,com.pizzahut.phd,47fddb43-00d6-4c81-ba40-48cacec45e35,ainii qomariah,"ini parah banget sih, mau login aja susahnya minta ampun.",3,2024-07-07 13:28:18,0,
Pizza Hut Indonesia,com.pizzahut.phd,5f746711-b346-41cd-b517-c66a08ed09ac,erik ferdiansyah,Harusnya cek menu dahulu baru order,3,2024-06-09 04:59:23,0,
Pizza Hut Indonesia,com.pizzahut.phd,4c1e297f-99ec-4012-a97a-66caaac65a26,Indah Wulandari,Saya sdh login lalu dpt pesan kode OTP akan dikirim ke WA. Tapi kode OTP nya ga masuk walaupun no HP sd benar. Saya klik kirim ulang OTP pun tetap saja ga ada yg masuk ke WA. Gimana nih?? Saya jadi ga bisa2 login.,3,2024-04-26 16:02:41,4,
Pizza Hut Indonesia,com.pizzahut.phd,686cfde1-516e-4288-8318-d61fd7bd76f2,Mukhammad Khoirurrijal,"Kak, kalo misal memang ada kendala payment via Gopay mohon ditiadakan saja kak. Ini orderan saya status masih ""pending credit card payment"" karena pilih GoPay buat bayar",3,2024-04-17 19:24:01,1,
Pizza Hut Indonesia,com.pizzahut.phd,1b4c610e-8711-4617-b7de-4ee5986b75f2,eko wahyud,Good aplication tolong perbaikinn lemot bgt aplikasinya,3,2024-03-17 17:26:01,0,
Pizza Hut Indonesia,com.pizzahut.phd,28eab8f7-9070-4a01-bf6e-cdefb8995c89,Edi Suhendrawan,Jangkauan pengiriman sangat pendek. 2 km saja tidak dilayani.,3,2024-03-14 15:22:29,0,
Pizza Hut Indonesia,com.pizzahut.phd,8c2c1096-e6e4-4e29-bfd8-87bd253a121e,Reyhan Eldwin,"Pembayaran gopay sering tercancel. Apps yang terlalu lamban, UI mungkin bisa sedikit diperbaiki",3,2024-03-10 16:09:39,0,
Pizza Hut Indonesia,com.pizzahut.phd,272282bd-0c41-4797-b646-1345837c65fc,Ayu bagus,harga lumayan mehong,3,2024-02-24 13:37:36,0,
Pizza Hut Indonesia,com.pizzahut.phd,aa985118-c26c-4d63-855c-ea869da31af9,Novianto Setiawan,Bisa di tambahkan untuk penambah alamat yang lebih spesifik,3,2024-02-13 11:24:51,0,
Pizza Hut Indonesia,com.pizzahut.phd,2f064b64-63fc-4618-a181-58a5033166c2,Kacamata Zenith,UNTUK LOKASI PENGIRIMAN TIDAK BISA DIISI MANUAL. SEDANGKAN MAP NYA TIDAK AKURAT/ TIDAK ADA PILIHAN ALAMAT NOMER RUMAHNYA PADAHAL PIN POINT NYA SUDAH SESUAI.,3,2024-01-01 15:38:14,0,
Pizza Hut Indonesia,com.pizzahut.phd,6f3af73a-cc86-45d8-9c50-cf0845bc1206,Totok Setiawan,"Ini aplikasi terburuk untuk sekedar memesan sepotong pizza!!! Pembeli malah diputar-putar. Mungkin terlalu elit dari segi bahasa istilah nama makanan, samasekali tidak mencerminkan Indonesia, padahal mencari konsumennya di Indonesia. Pencarian menu sangat merepotkan. Kenapa tidak dibuat yg lebih sederhana (satuan dulu). Misalnya Pizza kecil harga A, Medium harga B, Pizza besar hrga C. Demikian juga jenis2 makanan lain, dibikin menu satuannya dulu. Lalu barulah tawarkan dlm paket-paket.",3,2023-12-27 19:54:39,102,
Pizza Hut Indonesia,com.pizzahut.phd,5197e446-0446-4330-8bc2-37dec6d5ace7,Aditya Indra Pramana,Ketika melakukan pembayaran lewat kartu kredit setelah berhasil malah muncul order not complete (your order has not been placed successfully). Padahal berhasil melakukan order. Tolong diperbaiki bugnya,3,2023-12-05 18:50:51,2,
Pizza Hut Indonesia,com.pizzahut.phd,294df48b-a0a5-4378-992d-bdac04ffdd3b,Arya Pravda Saragih,"Aplikasi agak lemot, susah untuk pin point' di map",3,2023-12-03 19:10:27,0,
Pizza Hut Indonesia,com.pizzahut.phd,165bca2c-e264-480e-8c88-5e4d716e962d,Salman Dilla Nugraha,Tolong di perbaiki apknya masih banyak bugnya Terkadang kalo buka promo suka not found trs,3,2023-11-20 15:52:53,1,
Pizza Hut Indonesia,com.pizzahut.phd,64730090-6cd8-44ae-85a2-67ce56810cdd,O Yen,Apps gk bisa di buka,3,2023-11-08 13:55:58,0,
Pizza Hut Indonesia,com.pizzahut.phd,89779a43-5afd-40b6-986c-f94c10ba618c,Dinda Destiana,"Sekarang sudah bisa log in tapi belom saya coba, nanti kalo saya sudah coba dan benar akan saya kasih rating 5 yaa",3,2023-10-20 20:55:25,0,
Pizza Hut Indonesia,com.pizzahut.phd,74247769-905d-48ac-9e23-e034523af6c4,Sekar Poppy,"Mau pesen makanan agak susah ya lama bgt tampilan menu nya ga muncul""",3,2023-10-20 18:54:05,0,
Pizza Hut Indonesia,com.pizzahut.phd,89abffa6-cfa9-41bf-bb0e-64c42bd0430a,Yessi Januarita Samosir,ka dulu saya udh punya aplikasi ini. trus pas mau di buka . forgot pasword tp gak ada email masuk. trus ganti email tp nomor yg di daftarkan sama gak bisa ka. Gimana yah caranya ?,3,2023-10-20 17:52:23,0,
Pizza Hut Indonesia,com.pizzahut.phd,765e8c54-bc16-480a-8814-59b128d75106,Vivi Maharani,"Ko login ajaa susah banget yaaa kirim OTP ke wa atau sms gaadaa sama sekali yg krim otp, udah dari seminggu yg lalu jugaaa masih tetep gaada otp yg dikirimmmm",3,2023-10-18 16:58:35,0,
Pizza Hut Indonesia,com.pizzahut.phd,a25563cd-6eca-4be9-a4e3-9c1c8b7245b1,Arum Edun,"Pertama coba dan mudah penggunaan aplikasinya. Trus dapet bonus juga (edit) Karena ganti HP jadi install ulang aplikasi ini, tapi login nya susyyah sekali.. Apalagi kalo udah lupa password, hemm makin syuliiit.",3,2023-10-17 18:33:18,3,
Pizza Hut Indonesia,com.pizzahut.phd,dc477292-5bb0-45f2-8e5b-45f300253030,Kimi Chan,"Sebenere pizza nya enak, tapi aku pesen yg take away smpek di PHD nya masih antri nunggunya sampek 2jam. Asli kering bgt nunggu segitu lama, ada yg dtg sebelum aku dah dapat duluan. Asli kecewa sih, tolong di tingkatkan lagi ya",3,2023-10-17 16:16:32,0,
Pizza Hut Indonesia,com.pizzahut.phd,006102e7-f81b-4c4a-ae28-c3d3c1ba0463,dwi Arini,"PHD cabang tole iskandar Depok tlg dibenahi LG karyawannya untuk masak jgn pelit bumbu.beli rice beef,mac n cheese,SM cheese spagetti warna doang cakep tp rasanya hambar smua",3,2023-10-17 14:04:27,0,
Pizza Hut Indonesia,com.pizzahut.phd,99f7acd8-c5b4-466b-8e13-e14bb33076b3,Wanda Afrillia,"kenapa ya kode otp lama bgt dikirimnya, udah berapa kali dicoba maish ttp gada notif kode masuk, padahal jaringan ok, no nya juga aktif",3,2023-10-16 20:51:51,0,
Pizza Hut Indonesia,com.pizzahut.phd,22445511-f589-448d-85bd-b6d3c58ff6fd,Melyana Widjaja,Payaaah app ini..tunggu OTP aja lama betul..sklinya mnta kirim ulang tggu ratusan detik lagi🙈mnta kode aja susah min..gmna minta duit😵,3,2023-10-16 19:35:33,0,
Pizza Hut Indonesia,com.pizzahut.phd,e0d879ef-342c-467c-9651-b9a589cad403,Windy,Cape2 instal di 2hp berdeba ga bisa dipake ni aplikasi...payah lah,3,2023-10-16 16:33:52,0,
Pizza Hut Indonesia,com.pizzahut.phd,c9ddb2f6-ba52-482a-8a14-2c791ec22454,Aisyah sita d,"Ga bisa delivery service nya, muter"" mulu",3,2023-10-16 16:07:37,0,
Pizza Hut Indonesia,com.pizzahut.phd,9065e9b3-cf41-4f8f-9296-45c971bd496a,pelangi pelangi,"Lemooot bgt, sering eror.. Mau pesen muter terus, gak nyambung2",3,2023-10-16 15:27:12,0,
Pizza Hut Indonesia,com.pizzahut.phd,3da9df1f-d57e-46f2-a341-af8e1903d0f7,Ika J. Dafiij,"Aplikasi nya kok lola banget ya, kirain saya yang gaada sambungan internet, ternyata emang lamaaaaaaaa",3,2023-10-16 14:49:41,0,
Pizza Hut Indonesia,com.pizzahut.phd,252dbf81-0f2a-420c-b811-155aebfaf93c,Ian Nugroho,"Menu Hot Promo entah kenapa munculnya paling lama,mungkin servernya perlu di optimalkan kembali",3,2023-10-16 12:14:26,0,
Pizza Hut Indonesia,com.pizzahut.phd,c37e35c8-fd24-4684-bcd8-337fcb9e9111,Putri Uwuu,sinyal apik kok ngeleg2,3,2023-10-16 11:20:15,0,
Pizza Hut Indonesia,com.pizzahut.phd,38d56717-4fc6-4ca5-af2e-d207b6408f78,dede syahputra,Apk lemot TIDAK REKOMEN!!!!,3,2023-10-16 11:00:06,0,
Pizza Hut Indonesia,com.pizzahut.phd,cc71045b-eeaa-42a5-8eca-237916a95608,Raafa Faqih,"Sangat lemot, segala di buat ribet mau payment malah gak bisa, mau checkout malah di bloked, gak jelas",3,2023-10-15 19:55:04,0,
Pizza Hut Indonesia,com.pizzahut.phd,ddc5da6a-2249-44b0-b8a3-0721a7b56ac2,putra darmawan,Aplikasi Lola amat njir udah pake wifi data seluler sama aja,3,2023-10-15 19:21:11,0,
Pizza Hut Indonesia,com.pizzahut.phd,d9fda7c7-9df7-454f-afad-6f8604a6b905,Ade Redi,"Aplikasi payah, belum siap untuk di publis malah sudah di publihs. Mau pesen eror terus. Mulai pukulu 09.05 sampai skrng sayaenulis ini (pukul 18.00) eror terus. Tidak bisa order dan tidak bisa cek pesanan sudah masuk atau belum. Takutnya miskomunikasi antara konsumen dengan penjual. Nanti di pikir konsumen pesanan tidak masuk dan orderan tidak di pickup orderannya padahal dari pihak outlate sudah menyajikan, pun sebaliknya.",3,2023-10-15 18:07:30,6,
Pizza Hut Indonesia,com.pizzahut.phd,215a3d5c-8ab1-4b36-92ef-f453582c8859,ade irvan,Jelek masih banyak bug nyaa... mau chekout pilih pembayaran gk bisa2,3,2023-10-15 17:29:10,0,
Pizza Hut Indonesia,com.pizzahut.phd,fa6bfabb-a891-445f-ad4a-4cfb535c50f9,Elsya Susanti,Niat gak sih bikin APK tuh udh daftar tapi gak bisa masuk kalau kaya gth mah gak ush bikin peromo yg harus lwt aplikasi,3,2023-10-15 15:01:40,0,
Pizza Hut Indonesia,com.pizzahut.phd,9837c4d9-73b6-48bd-b098-e82d9f729ade,Meixie Rimba,"Mau sign up susah banget, kalo boleh bisa info password nya di depan biar gak bolak balik, trus loadingnya lama bgt mau pesen makanan aja 1 jam nunggu loading mulu, waktu tinggal add to cart tulisannya malah blocked. Keburu laper",3,2023-10-15 14:06:53,2,
Pizza Hut Indonesia,com.pizzahut.phd,647ba804-6590-4078-9e98-91ac64bd7858,Byra Hamzah,"gimna si, ada promo tapi pas diklik gabisa mulu",3,2023-10-15 11:46:54,0,
Pizza Hut Indonesia,com.pizzahut.phd,f8a3c7e5-48bd-46d9-995d-8972a893c4d0,Aris Munandar,Aplikasi aneh Muter2 Mulu ga jelasss,3,2023-10-15 10:18:37,0,
Pizza Hut Indonesia,com.pizzahut.phd,12e31023-2fd5-4bf7-b9bc-4609d55d9a02,Abid Alpudli,"saran, kasih arahan otomatis untuk yg bru download, karna saya sendiri bingung pas bru buka apl ini",3,2023-10-14 09:32:30,0,
Pizza Hut Indonesia,com.pizzahut.phd,0ea533c8-d7ab-4506-85e4-d9151a91a1c9,Taufik Rivaldi,mau daftar masukiin kode otp salah terus padahal sudah benar kode otp masih dianggap salah. aneh,3,2023-10-13 16:37:51,0,
Pizza Hut Indonesia,com.pizzahut.phd,19a0b025-99a2-43b8-b00f-e3e255863df2,Entertainment News,Loadingnya lama banget,3,2023-10-13 11:07:46,0,
Pizza Hut Indonesia,com.pizzahut.phd,0fb1e332-f0cf-419f-8c68-3f28f6a29cc0,Harper Houston,Tolong perbaiki lgi Supaya pesanan bisa di lacak dan estimasi waktu nya tidak terlalu lama,3,2023-10-12 21:15:43,0,
Pizza Hut Indonesia,com.pizzahut.phd,8ea9594c-04d4-46a6-b8cd-66ba9e39b064,Ade Irma kurniasih,"Apk nya bagus, cuman skrg gratis pizza nya polos bangettt, dan waktu itu saya pesan pizza di jl.sudirman pekanbaru ada telur lalat nya, tolong dong di perhatikan lagi kebersihan nya .",3,2023-10-11 03:42:23,0,
Pizza Hut Indonesia,com.pizzahut.phd,fd04a360-9a71-435e-9079-515160789e73,Mustika Anwar,Gak ada gunanya?!! Lemmoootttt keburu lapar!!,3,2023-10-05 11:55:27,0,
Pizza Hut Indonesia,com.pizzahut.phd,4d2928d4-1bd0-470e-a3ca-d8115648f37f,PakDhe Dzul,Saat pembayaran error dan menjadi pending tdak bisa melanjutkan pemesanan dan stuck. Seharusnya pesanan yang sedang pending bisa dilanjutkan dengan mengganti metode pembayaran.,3,2023-09-28 14:25:45,1,
Pizza Hut Indonesia,com.pizzahut.phd,7b8750bc-29c4-4001-8e66-bf239ecd6401,Mia Amelia,"Tolong bgt ini sistem aplikasinya tolong diperbaiki lagi, sekedar untuk login dan sign in aja susah bgt, padahal dari segi menu rasa dll sangat amat worth it",3,2023-09-25 19:08:32,9,
Pizza Hut Indonesia,com.pizzahut.phd,60807fe6-19c7-458e-bd41-6fa296890b8e,dhiya fakhri Yusuf,"Tolong lah, ini kenapa otpnya lama banget",3,2023-08-20 11:38:37,0,
Pizza Hut Indonesia,com.pizzahut.phd,ca9d2703-84e4-43e5-a90f-12ee23e2bc28,sendy octaviana,"Apa ada solusi atau bantuan..? Aplikasinya setelah di update malah jadi gak bisa order delivery ini, masukan alamat pun hanya loading2 saja. Mau saya coba unistall lalu install kembali tapi poin saya apakah nanti jadi hilang?",3,2023-08-18 08:40:05,33,
Pizza Hut Indonesia,com.pizzahut.phd,ece2e885-7cd8-4f67-b907-5edd1245099f,TULANG BAWANG,Untuk via smrtpn Realme perlu perbaikan App karena buat mesan tidak bisa,3,2023-08-17 14:34:35,1,
Pizza Hut Indonesia,com.pizzahut.phd,4d51244e-81a2-4174-9d1a-2d30307cb943,Yu Shi,"Kok ga bisa milih store sih mau phd atau pizza hut, kan isian menu nya beda.. 😐",3,2023-08-16 16:45:07,0,
Pizza Hut Indonesia,com.pizzahut.phd,b894154b-753f-430c-aaac-7c987502ea06,Indah Riduwan,setelah d update kenapa malah gbs dibuka yah,3,2023-08-16 08:12:40,0,
Pizza Hut Indonesia,com.pizzahut.phd,522e7192-c9f3-4029-bef7-55b20606e5c2,tari lestari,"Bingung, baru download lg karna hp lama ilang, da semua ms dibilang pasw lemah, dibenerin awal hrf besar dan ada simbol trus disuru update app 🤦‍♀️",3,2023-08-08 13:54:41,0,
Pizza Hut Indonesia,com.pizzahut.phd,20067339-e1a6-4c37-bd9b-96b699469298,Muhamad Fahrizal Rilahi,Ga bisa nyimpen alamat pengiriman,3,2023-08-04 21:28:26,0,
Pizza Hut Indonesia,com.pizzahut.phd,ef030b21-7865-429b-b90e-e9afe6b90743,Fatqur S,"Masih ada yg harus diperbaiki lagi, pesan takeaway dan pesanan dicancel. Pembayaran pake ovo. duitnya ga balik ke ovo atau akun PHI-nya. Untungnya pas samperin ke tempatnya, langsung sigap dibuatin lagi.",3,2023-08-01 22:30:54,0,
Pizza Hut Indonesia,com.pizzahut.phd,cef6b821-3d0d-48a1-a933-1d420270adf7,August Morzando,"Pesan ambil jam 4, nyampe outlet masih harus nunggu 35menit.. Payah... Mending gk usah pake aplikasi gini.. Ribet..",3,2023-07-20 22:40:50,0,
Pizza Hut Indonesia,com.pizzahut.phd,d507a5b8-a1f6-46ec-8c3a-27b9f52340e2,Mia Olobersyker,pernah gak bisa d pake di dine in. klo bisa buat dapet poin biarpun gk bs pake aplikasi minimal pake nmr hp pas pembayaran biar dpt poinnya. semoga nnti klo mo dine in udh bs dipake,3,2023-07-17 17:41:23,7,
Pizza Hut Indonesia,com.pizzahut.phd,73e9c05f-dd9b-4e52-80ba-4b4a848b8c75,Zelfi Hidayat,Tidak bisa menu lupa password nya. Padahal sayang point nya,3,2023-07-11 20:57:31,0,
Pizza Hut Indonesia,com.pizzahut.phd,907bf520-e47c-458d-8aaa-afef19baca96,Ethierwen bruh,"Alamat saya tidak terdaftar, padahal sebelum update alamat nya masih terdaftar.",3,2023-07-07 15:18:50,1,
Pizza Hut Indonesia,com.pizzahut.phd,63f78a19-9d61-43aa-a879-7f322f3da216,Angger Gilang,"Aplikasinya perlu diperbaiki.. Tidak bisa tekan tombol back dari hp, dan waktu pembayaran elektronik terlalu cepat",3,2023-06-24 11:48:40,19,
Pizza Hut Indonesia,com.pizzahut.phd,1735cfea-63a6-4415-8607-d49c99df0bcd,Zenokrda OFFICIAL,Kenapa ya pengen pizza tapi ga bisa aku ga bisa daftar gimana ni😔😔😔😔,3,2023-06-17 14:51:00,0,
Pizza Hut Indonesia,com.pizzahut.phd,100a6f3b-73ea-44cb-8fe3-49193379eb42,Yushinta Prastiyo,Kenapa tidak bisa login padahal email sudah benar? Tolong di perbaiki dong.,3,2023-06-17 11:05:32,0,
Pizza Hut Indonesia,com.pizzahut.phd,ee09dc3b-9d5a-4965-a3db-e680f040d607,Riza Aftoni,Lokasi saya belum terjangkau delivery🥲🥲,3,2023-06-07 10:44:54,0,
Pizza Hut Indonesia,com.pizzahut.phd,d2eb2872-0f72-4b67-9a07-99748c0bf61c,Riezkha Rahayu,Gimana mau order verifikasi nomor HP z OTP nya gak dikirim kirim heran sesusah itu ya,3,2023-05-21 14:31:28,0,
Pizza Hut Indonesia,com.pizzahut.phd,ec5c9ebe-b774-448c-a91d-c9aabf182ff2,Aisyah Putri Nastiti,"Aplikasi banyak errornya, ribet enak pke cara lama",3,2023-05-18 15:08:56,0,
Pizza Hut Indonesia,com.pizzahut.phd,5072360e-006a-4ba4-8d35-e66aac4ac34f,Neni Nuraeni,"Malah makin ribet... harus nya bisa lsg order, malah harus isi isi dulu. Padahal udah lapar banget",3,2023-05-15 14:49:17,0,
Pizza Hut Indonesia,com.pizzahut.phd,88fadd23-39db-4a63-a269-7b7d58067f04,Alison Swift,Baru Update Jadi lemoote,3,2023-05-08 19:55:20,0,
Pizza Hut Indonesia,com.pizzahut.phd,d8a01a8b-b586-4fda-b92c-b31a4c4e1435,Hafiz Putra,Masa yang dipesan tidak ada padahal masih ada dimenu,3,2023-05-06 06:52:03,0,
Pizza Hut Indonesia,com.pizzahut.phd,046049d4-b0fc-4551-9ef7-bfdd7d1e8cf9,Lalas Sulastri,ini aplikasinya bingung..gimana cara cek harga2 nya ya? soalnya baru mau nyoba aplikasinya.dlu pernah coba pesan tadi ga bisa2..,3,2023-05-04 19:30:14,0,
Pizza Hut Indonesia,com.pizzahut.phd,c3e563d2-d86b-443b-80c4-248f96225d1c,Fifi Nara,"Enakan pake cara lama. Bisa lgsg pesan, jadi lebih cepet dan nyaman. kalo pake aplikasi malah ribet. Kalo mau dine in ngga bisa pesan pas lagi di jalan. Harus scan qr lah, baru bisa buka menu, terus pesen, hadehh rempong. Delivery juga engga nyanpe. Mana daftar app nya juga ribet, gagal2 melulu. Saya yg sering ke ph jadi males. Mending balik ke cara konvensional aja kalo mau bikin pelanggan tetep stay.",3,2023-05-04 16:29:52,31,
Pizza Hut Indonesia,com.pizzahut.phd,e8b35ecc-18cc-4c06-b493-0dfcdfe5998c,Rosa Edhi,"Setelah update jadi PHI, aplikasi jadi tak berguna, selalu saja blank saat memilih menu... Mohon diperbaiki lagi ini aplikasi... Ini sudah kesekian kali update aplikasi...tapi masih blm memberikan hasil yang baik. Masuk ke delivery order hanya muter2 aja pizza nya...",3,2023-04-30 09:54:05,77,
Pizza Hut Indonesia,com.pizzahut.phd,256ba2fa-460b-4c31-bf26-286ac6d43945,Yanti Hendrawati,Untuk display pemesanan terakhir yang sudah selesai sebaiknya jangan masih ditaruh di pesanan on going. Udah aja masukin ke history trs yang di tab ongoingnya dihapus.,3,2023-04-29 11:49:32,1,
Pizza Hut Indonesia,com.pizzahut.phd,f39b6547-462c-4ffd-971f-d236daaf6e4e,Yuri Gans,"Aplikasi Bug, setelah scan kode qr promo langsung stuck/ freeze..",3,2023-04-28 16:40:27,2,
Pizza Hut Indonesia,com.pizzahut.phd,1065905f-9984-4419-b4e5-69b4b6710040,kanessa jasmine,"knp ga bisa login, otp gaada yang dikirim",3,2023-03-29 09:45:49,0,
Pizza Hut Indonesia,com.pizzahut.phd,74cc50ed-0a7c-4e81-bf19-c6f9cbd1944c,Lil. Echa,Kenapa eror terus sih pas login,3,2023-03-26 14:25:36,0,
Pizza Hut Indonesia,com.pizzahut.phd,96569386-6898-434e-a0a5-7b9e21045e27,Ria,Kadang vocer ga bisa di pakai,3,2023-03-11 20:21:26,0,
Pizza Hut Indonesia,com.pizzahut.phd,95976472-0160-4185-95f8-9271788d8ccb,Rizki EL SASIL,Harus ada paket 35 kalo lewat aplikasi yaakkk!!!,3,2023-03-10 17:33:00,0,
Pizza Hut Indonesia,com.pizzahut.phd,790ac740-e9f3-45d7-bd92-7e5810417f7a,N Tri Suryadi,Kenapa poin di aplikasi tidak bisa di gunakan? Padahal saya ada poin dan pada saat ingin menambahkan appetaizer menggunakan poin tapi tidak bisa. Bisa di jelaskan?????,3,2023-03-02 12:54:32,0,
Pizza Hut Indonesia,com.pizzahut.phd,f5a2835c-bc6e-4d3f-aa2d-48b481eb1e5b,Aisyah Nur Aini,"Saya daftar aplikasi ini, katanya bisa dapat gratisan salah satu menu asal isi survey. Oke saya ambil tuh. Awal pesan bisa nih aplikasinya. Lah pas pulang mau login buat isi survey kok gabisa2. Udah ganti pasword pun masih gabisa login. Maapkan aku YaAlloh udah ambil gratisannya tapi belom isi surveynya 😭",3,2023-02-15 06:25:13,0,
Pizza Hut Indonesia,com.pizzahut.phd,1353a800-9068-47a1-9623-31c13ba1d238,Azaka Khaliqa,Qe www eeeww www dr see et dan juga tidak xeew a`,3,2023-02-10 17:32:37,0,
Pizza Hut Indonesia,com.pizzahut.phd,cb7ee967-97d0-4549-871d-4dae8cd82986,Zahratul Janah,"Loadingnya lama banget buset, tolong diperbaiki",3,2023-01-29 23:25:43,2,
Pizza Hut Indonesia,com.pizzahut.phd,41cc5e8c-274c-405e-8e37-fa228148c277,Eva Nofalia,Saya juga jadi bingung ko berubah...cari cari g da...aplikasinya enak pas phd....bisa liat dlu menunya....ga harus lsg pesan...,3,2023-01-28 23:49:22,0,
Pizza Hut Indonesia,com.pizzahut.phd,741a4ecb-9b0f-4f45-9043-952ff0963cec,Idk :v,Sering kendala di apk ini,3,2023-01-15 21:02:40,0,
Pizza Hut Indonesia,com.pizzahut.phd,18d90495-2810-4f33-bff0-b38346c8d464,Rangga Wijaya,kok ga bisa registrasi ya? padahal pasword sudah benar,3,2023-01-12 02:27:14,0,
Pizza Hut Indonesia,com.pizzahut.phd,d936d25a-4acd-4007-8173-e7050fafb478,Welvi Latumaerissa,Perlu banyak penyesuaian,3,2023-01-09 14:54:46,0,
Pizza Hut Indonesia,com.pizzahut.phd,80cf2051-6584-4516-bfc2-7f7889de8cac,Heri Wijaya,Banyak Bug dibagian order. Sudah pesan ternyata sampai outlet pesanan belum masuk. Lalu ketika cek orderan malah menghilang detail orderan nya. Suka keluar akun sendiri pula. Tolong diperbaiki di sistem Shared nya.,3,2022-12-31 19:46:27,32,
Pizza Hut Indonesia,com.pizzahut.phd,f85b2b56-b5dd-405b-94b5-76a75ec8fcef,Sahar Harun,tidak sesuai dengan jadwal pengantaran.y untuk delivery (lambat),3,2022-12-29 18:24:32,0,
Pizza Hut Indonesia,com.pizzahut.phd,a2ae4749-fd12-4e02-9a0b-6a1c8b1e692d,Diana Okfy,Masih banyak kendala dan tools yg membingungkan,3,2022-12-22 12:16:12,0,
Pizza Hut Indonesia,com.pizzahut.phd,8a889578-1e23-4a4e-90fb-5f09261ce818,Romeo Ferdian Syah,"kalau va nya lupa gak ke screenshot, gabisa di generate lagi?????????",3,2022-12-01 18:23:15,0,
Pizza Hut Indonesia,com.pizzahut.phd,87da84ba-9b09-4011-8b19-bb1e9ecb0f58,eko septiawan,"Mau login aja susah, padahal username dan password sdh benar. Tinggal kirim otp aja ndk bisa2 Mau Order online aja kok susah..",3,2022-11-28 17:29:57,3,
Pizza Hut Indonesia,com.pizzahut.phd,0176b215-7175-444d-a169-228d95d6c1c1,resu ners,"Tolong kalau pesanan belum selesai, status order di aplikasi jangan selesai otomatis. Karena jadi tidak bisa di tracking.",3,2022-11-26 14:38:21,9,
Pizza Hut Indonesia,com.pizzahut.phd,a1c49f35-fc9d-462a-90b5-50d0a2804e5f,DDK Reinatsu.Shinigami,"Kalo yang hp nya ga bawa hp ga bisa makan dong :) Duh laper, pindah lokasi.",3,2022-11-13 16:48:33,1,
Pizza Hut Indonesia,com.pizzahut.phd,bd20e593-19f6-4edf-a5b2-f8db1a7c667c,Nur Rokman,Susah bener buat register nya gagal trus klo susah buat register mnding lewat ojol persen nya,3,2022-11-09 18:29:08,0,
Pizza Hut Indonesia,com.pizzahut.phd,c12ce9e1-75b5-4b66-929c-993428d4d280,chandra madan,"Alamat tidak bisa dimasukkan, titik lokasi pemasanan tepat tapi nama jalan salah",3,2022-11-07 16:48:00,0,
Pizza Hut Indonesia,com.pizzahut.phd,25474401-8c25-4f3c-ac39-cbaebe5bd92e,Bahrian Hamonangan,Lagi mencoba mendapatkan pizza gratis seperti di iklan,3,2022-11-02 00:18:55,0,
Pizza Hut Indonesia,com.pizzahut.phd,c8afb050-2121-45c6-ae4e-16c01d0ad093,Rizki Amelia,"Hari ini pesan dengan sistem take away tersetting akan diambil suami yang pulang kerja pukul 17.30, pas sampai katanya belum dibakar padahal di aplikasi sudah ada keterangan diterima. Minta tolong lebih profesional lagi, tingkatkan pelayanan agar tidak mengecewakan pelanggan.",3,2022-09-30 17:48:17,0,
Pizza Hut Indonesia,com.pizzahut.phd,9d9c2644-4b40-4b74-9f0f-259d886350ed,Muzdalifah SE,Tidak bisa menggunakan voucher,3,2022-09-18 19:49:40,1,
Pizza Hut Indonesia,com.pizzahut.phd,17d30e8b-cfdc-4150-9de2-36d9fda54358,awasyab page,Susah banget login nya. Gagal terus untuk proses loginnya. Padahal sudah pernah join.,3,2022-09-02 12:47:57,0,
Pizza Hut Indonesia,com.pizzahut.phd,88830e0e-bce4-4f16-93c4-cb3300a4b739,Ke Ren,"Promo itu² aja ga ada promo lain. Free delivery doang, apaan.",3,2022-08-21 17:51:45,0,
Pizza Hut Indonesia,com.pizzahut.phd,d782a976-eff0-48f6-973d-38020be93359,titan roskusumah,Di aplikasi pesanan diantar pukul 13.04 tapi nyatanya sampai 14.00 belum diantar aja. Mending beli via grab nyesel via aplikasi. Payah,3,2022-08-17 13:41:29,0,
Pizza Hut Indonesia,com.pizzahut.phd,0c4e6ff6-6853-4982-b110-839ad3672478,The Syawie,Untuk jarak delivery bisa dinaikkan dikit 2.6km masa gabisa 🤔,3,2022-08-17 12:41:17,0,
Pizza Hut Indonesia,com.pizzahut.phd,f1f06fb7-eabc-430f-956e-20383c97e3ab,Rdimas arif,Pizza hut yg niat lah bikin apliksi ... Klu g niat g ush ... Masak aplikasi sendiri lebih mahal dr Gojek ... Mending g ush bikin aplikasi ... Koplak -_-😅,3,2022-08-17 11:46:45,0,
Pizza Hut Indonesia,com.pizzahut.phd,076107db-f849-40f5-ac13-f9cd257aeb82,ismail tanjung,Aplikasinya banyak bug Poin saya hilang 20 poin untuk free delivery Tapi orderan tidak bisa dibayarkan tidak ada muncul pembayaran Hanya tulisan pending payment Saya merasa sangat di rugikan,3,2022-08-11 10:20:28,3,
Pizza Hut Indonesia,com.pizzahut.phd,308fa003-2b49-43fa-86de-d11a1f4c0353,Tri Dewi,Ga bisa dibuka,3,2022-08-04 16:26:22,0,
Pizza Hut Indonesia,com.pizzahut.phd,7b24b0e8-bde2-41e6-9616-8a326bde9a97,disya ramadani,aku pesan dari jam 1 datang jam 03:23 1jam penggirim nya,3,2022-08-03 20:35:24,0,
Pizza Hut Indonesia,com.pizzahut.phd,357a2d56-a820-4032-8aaf-c39c632a1656,endra sakti,"Sudah tdk ada promo voucher lagi, dah jarang pakai pesen aplikasi lg semoga kedepanya ada lagi voucher voucher promo. Terimakasih salam Hormat dari pelanggan setia PH",3,2022-08-03 14:35:46,0,
Pizza Hut Indonesia,com.pizzahut.phd,6b6a0cf4-c3f6-482a-81eb-a149ee506e9b,Bagus SE,Setelah di update kok malah sering nutup sendiri aplikasi nya...mau order jadi susah..harus diulangi sampai 4-5 kali baru aplikasi bisa digunakan,3,2022-08-01 10:54:55,0,
Pizza Hut Indonesia,com.pizzahut.phd,49ee5b68-0bd8-4dc0-80cf-a72b5be0a81a,Miranda Liara,Kn k hrs order du,3,2022-07-31 07:47:29,0,
Pizza Hut Indonesia,com.pizzahut.phd,60cf91b5-3b77-48c4-895c-9910d87854d5,wido s,sayang banget yaaah.. lasagna ga tersedia di point..,3,2022-07-23 18:19:38,0,
Pizza Hut Indonesia,com.pizzahut.phd,f9edebf7-5164-4084-a656-961b7d4e71a8,Rada Mustika Sari,Karyawan kurang mahir memberikan pelayanan jelas tentang aplikasi,3,2022-07-05 20:12:27,0,
Pizza Hut Indonesia,com.pizzahut.phd,9821b1ad-98da-4c6e-8119-25698090014f,Mikayla McCall,Back tifldak be dgn tombol dr hp .. hanya bisa menggunakan tombol back di kiri layar,3,2022-07-03 16:28:00,0,
Pizza Hut Indonesia,com.pizzahut.phd,e7749d2c-ca27-4ba4-b75a-c139a3349147,Nugraha Adimarta,Belum pernah pake,3,2022-07-02 07:24:30,0,
Pizza Hut Indonesia,com.pizzahut.phd,13ed2bf5-3aba-4acf-ba95-24bd2dcacf36,ELTHON BONIE TAMPUBOLON,bagus banget 😊😊,3,2022-06-30 15:43:34,0,
Pizza Hut Indonesia,com.pizzahut.phd,8151f7e0-c045-4c6d-b2e5-5ba241a4ae60,mzksd Jgpzg,"Bikin password aja susah amat. Udh 8 karakter 1 simbol, huruf besar & huruf kecil, masih aja ditolak, sampah.",3,2022-06-29 07:08:23,1,
Pizza Hut Indonesia,com.pizzahut.phd,fa4f3c9d-f503-4633-8c79-d81081fd38f1,Rossy Pratiwi,"Harusnya ada fitur maps kurirnya, jadi bisa tau kurirnya sampe mana.",3,2022-06-15 15:25:20,0,
Pizza Hut Indonesia,com.pizzahut.phd,d5822f5d-1a77-4d26-8695-7ff481e96b24,muhamad ridwan,Ga bisa update aplikasi,3,2022-06-09 18:18:43,0,
Pizza Hut Indonesia,com.pizzahut.phd,df86ecac-a3b9-4c70-b0c5-fb5ffaf5e8bf,Paypinn _,Sudah di update tapi selalu mendapat pemberitahuan untuk update sehingga aplikasi tidak bisa di gunakan,3,2022-06-09 15:12:17,0,
Pizza Hut Indonesia,com.pizzahut.phd,f567973b-41fe-4354-8bef-3af0c4ebfbdd,Satriya Krisna,Tidak bisa daftar pakai email dr google,3,2022-06-09 14:18:38,0,
Pizza Hut Indonesia,com.pizzahut.phd,1e7ec4e9-0458-479a-bcca-80961bd98002,Authophile Buton,"Aplikasinya rada ribet, pas mo pesen buat delivery malah diribetin sama pilihan lainnya trus ga ada next optionnya. Mending lgsg call aja sih lebih simpel",3,2022-06-05 12:17:26,15,
Pizza Hut Indonesia,com.pizzahut.phd,05ad5de4-04b9-4886-810e-c36417063b69,Khan Naruto,Susah bgt buat daftar duank kenapa yak,3,2022-05-19 13:33:40,0,
Pizza Hut Indonesia,com.pizzahut.phd,15587652-e936-4e3d-a866-3f5249f22f47,"S,A,S Love Keluarga kecilku",Kok gk bisa join,3,2022-05-14 14:20:46,0,
Pizza Hut Indonesia,com.pizzahut.phd,10df7e41-1098-4566-a033-f2cf454180b7,Dian Novianti,Tolong ini kenapa otp mau login ga masuk² kodenya 😌 ga boleh order apa gimana ini min,3,2022-05-09 16:42:43,0,
Pizza Hut Indonesia,com.pizzahut.phd,514296f2-486f-4cf8-b035-c0393d0f1aa2,Katemie Cirbon,masah allah sangat bagus aplikasi nya dan cara nya mudah banyak promomo nya banyak orang pesan pizza,3,2022-05-04 18:33:09,1,
Pizza Hut Indonesia,com.pizzahut.phd,2476aef4-b55f-4078-9f53-875ea93faec7,Mia Abdul,Mau registrasi aja susah banget. Disuruh ganti password melulu katanya 8karakter udah diganti berkali kali tetap aja gak bisa..,3,2022-04-24 21:06:31,3,
Pizza Hut Indonesia,com.pizzahut.phd,1a2c3e60-c74c-4b81-920b-cb8a190a5c7a,siska herawati,Sebener'a pemesanan lwt apl msh efektif g sih?? ... berdasarkan pengalaman 1. Mo join susah bgt dpasswordnya 2.nyoba buat takeaway dtempat yg paling dkt sama rumah..pas kesana nyamperin bag.pickup cek layar kaga nemu...akhirnya bag.kasir yg nyari ketemu...*pertanyaan saya ko pesanan saya g langsung ketemu gitu 3.waktu pengambilan 17: 15 bayangan saya sdh bs dperkirakan orderan saya g kan jauh dr itu selesainya...tp ternyata molor 15 menit,3,2022-04-24 19:08:55,0,
Pizza Hut Indonesia,com.pizzahut.phd,350840a0-e3a3-4a8d-a01b-e80b8e976847,Radithya Danang Pamungkas,"Order via aplikasi dan di konfirm sudah jadi dengan request diantar ke mobil,, namun aktual ny nunghu lebih dari 15 menit tidak ada konfirmasi sampai harus mendatangi dan ternyata blm selesai..",3,2022-04-15 18:36:26,4,
Pizza Hut Indonesia,com.pizzahut.phd,0d03fba1-3acc-4355-aad6-9522e971b741,Raynaldi,Aplikasi ga jelas. Mau kirim otp lewat whatsapp tapi ga terkirim sampai skr. Alhasil ga bisa login. Yg tadinya mau beli pizza jadi males. Mending yang lain aja,3,2022-04-09 07:40:01,4,
Pizza Hut Indonesia,com.pizzahut.phd,98ddbde4-6224-48af-a4dd-37bc6f3c3808,isnaini sukadis,Seharusnya klo masih wilayah metro bisa diantar,3,2022-04-01 18:08:24,0,
Pizza Hut Indonesia,com.pizzahut.phd,22e3d5cd-c89d-4f92-b00f-c455991fc6c5,Ucu Komalasari,zuppa soupnya isiannya gak ada encer dan rasa spagethynya kurang manteb ya.. tolong di review biar kedepannya pelanggan puas soalnya anak anak saya suka pizza dan kawan kawannya... trimakasih,3,2022-03-26 20:23:09,0,
Pizza Hut Indonesia,com.pizzahut.phd,6df3cfc8-3302-4a3c-99c7-175c23dd92cb,put put,"tiba tiba logout, terus ga bisa login, email sama pass udah bener. klik lupa pass tapi ga ada notif yg masuk, ini gimana si aplikasinya? tolong diperbaiki jangan kureng gini",3,2022-03-25 12:57:25,4,
Pizza Hut Indonesia,com.pizzahut.phd,c9d3be47-a2ea-4df9-908d-8fd2fc05c467,Rekay Broken,Mohon maaf cara daftar akunnya gmn ya padahal email sudah benar... mohon dibantu ya,3,2022-03-22 00:28:14,0,
Pizza Hut Indonesia,com.pizzahut.phd,e18b7bd2-275f-4fc7-a050-42b2c83b57d7,Feri Indriyani,"Aplikasinya sudah login, tolong di perbaiki. Lagi",3,2022-03-09 08:20:10,0,
Pizza Hut Indonesia,com.pizzahut.phd,08b54773-4f41-49be-85e7-80c48fda45e7,Niken Husada,Kenapa susah login ya,3,2022-03-07 12:25:06,0,
Pizza Hut Indonesia,com.pizzahut.phd,42ac60e5-9772-4b50-a305-7bdda590b63f,alifah nab,"aplikasinya bagus, tapi sayang banget loginnya susah. udah klik login google tapi kode otp nya ga masuk sama sekali ke whatsapp/sms, padahal nomor ga berubah",3,2022-03-03 09:20:12,27,
Pizza Hut Indonesia,com.pizzahut.phd,151e1d47-a5ca-4658-92bd-aba61536fe85,Sumini Alifarka,Kenapa mau join susah sekali masuk...,3,2022-03-01 19:10:20,0,
Pizza Hut Indonesia,com.pizzahut.phd,adfdb56c-c5f1-4462-86b7-0b733d9169e7,christie montero,Order piza lewat aplikasi..rasa yg dimau kosong..harus ganti tidak boleh batal...padahal sy tidak suka rasa yg lain,3,2022-02-22 17:48:13,0,
Pizza Hut Indonesia,com.pizzahut.phd,5d5d1c36-da27-4481-a2bb-fa22bac5e0fc,e. hardiyanto,"Aplikasi malam ini tidak bekerja pas pembayaran online untuk pemesanan take away, sampai d pizza hut minta solusi termasuk payment at store, malah pesanan direset ulang, pas pembayaran ternyata pesanan lama muncul lagi . Baru sekali ini gangguan terjadi",3,2022-02-16 19:29:32,9,
Pizza Hut Indonesia,com.pizzahut.phd,12cfdf25-9703-4518-a891-53cc6ae07b03,Fandi Akhmat,Ga bisa ambil Screenshot & belum ada delivery Service nya,3,2022-02-15 12:24:51,0,
Pizza Hut Indonesia,com.pizzahut.phd,15e61ce2-cb43-4a9d-a886-e9ef96d2ec8e,Heatcliff Tomy,"Itu holder minuman tolong di ganti dong, karena terbuat dr kertas jd tidak kuat karena basah dr es alhasil putus & minuman jatuh pecah.. Tolong di pertimbangkan lagi itu,",3,2022-02-13 17:59:23,4,
Pizza Hut Indonesia,com.pizzahut.phd,6d68608e-6df9-4913-a86a-8360d5b2d640,alvi maknuna,"Aplikasi susah digunakan, sering nge lag. Ga bisa pilih topping atau pinggiran. Susah pilih menu. Tidak ada menu personal pizza.",3,2022-02-06 19:05:46,3,
Pizza Hut Indonesia,com.pizzahut.phd,0fc9e512-dbec-4501-8e29-3001fca9f030,Wieke,"Baru download,langsung mau join. Sudah isi data dll. Tapi waktu konfirm kode otp yg dikirim via whatsapp kok ga ada chat masuk. 3 x udah aku ulang tetap ga ada. Kucoba kirim ulang kode via Sms setelah menunggu beberapa menit. Tetep juga ga ada sms masuk. Sinyal aman. Wifi pun aman. :( Harus bagaimana ?",3,2022-02-06 18:23:02,1,
Pizza Hut Indonesia,com.pizzahut.phd,ab5e720a-397d-4fd8-954f-ec8af598cd27,Jani Blink,"Tukeran voucher kadang bisa kadang ga bisa, padahal sudah memenuhi SKB & jaringan internet jg stabil",3,2022-01-29 12:59:26,0,
Pizza Hut Indonesia,com.pizzahut.phd,c0ab6de7-d7a9-4540-b436-1e254a059d56,Dadan Sanjaya,"Saya lupa pasword, mau link udh dikirim ke email dan udh saya buk, cuma udh ikutin petunjuk membuat pasword baru minimal 8 karakter & menggunakan simbol, huruf, angka masih ga bisa juga ya",3,2022-01-16 18:00:53,17,
Pizza Hut Indonesia,com.pizzahut.phd,f1203fa6-7ccc-4517-a3a0-80bb58de7ec5,Talenta Argya Surendra,"Sudah register terus berhasil eh pas keluar terus mau buka aplikasinya malah sudah dalam posisi logout sendiri, mau masuk lagi malah katanya password/email salah padahal dah sesuai dengan yang didaftarkan tadi. Maunya gimana?",3,2022-01-11 21:33:21,36,
Pizza Hut Indonesia,com.pizzahut.phd,bf21b3a1-3fb8-4750-b75a-3356b2c918ce,Nasir Bahanan,"Klu mau pakai aplikasi,atau mau pesan lebih baik langsung aja,di tempatnya",3,2022-01-08 10:55:44,0,
Pizza Hut Indonesia,com.pizzahut.phd,9db2944b-fa9a-4560-93c7-32780ed52dde,nur fadillah ali,"Setiap pesan selalu datang telat, diaplikasi pengirimannya sdh sampai, realnya belum, cs nya tlfn bilang kesalahan jaringan/aplikasi, berarti aplikasinya jelek dong",3,2022-01-02 13:39:20,3,
Pizza Hut Indonesia,com.pizzahut.phd,254b6bf4-2ff6-4b77-8cfb-16d5f0a3f7c1,Muhamad Amin Ridwan,"Pesanan agak lama juga ya, meski saya pesan yg simpel tapi harus ikut antrian yg pembelian banyak",3,2021-12-31 18:15:26,1,
Pizza Hut Indonesia,com.pizzahut.phd,afd7ee74-72d3-481e-89b0-6fc3eed1e0e5,Binardi Ilik,Rejec pesanan tidak ada konfirmasi..sudah ditunggu pas jam diantar baru tau klo di rejec oleh phd..bagaimana sih.,3,2021-12-31 14:17:06,1,
Pizza Hut Indonesia,com.pizzahut.phd,c4352215-1876-4797-8917-fb7c452fc103,asep mulyadi,Saya pengguna baru tapi pas mau daftar ga bisa malah pasword minimal 8 digit dan 1 karakter udah ngikutin malah terus kaya gitu jadi males daftarnya.,3,2021-12-27 15:48:14,3,
Pizza Hut Indonesia,com.pizzahut.phd,14912ffc-5da9-4cda-a6ab-db24bdbfed88,Nurhasanah Colextion,Gak ada bahasa Indonesia,3,2021-12-25 15:15:37,1,
Pizza Hut Indonesia,com.pizzahut.phd,87e93dbd-959f-4bf3-99cd-683528fdc21c,Ika Armiyanti,Ak kok kesulitan liat orderan ku ya di aplikasi ini.. .. ??,3,2021-12-22 16:55:45,3,
Pizza Hut Indonesia,com.pizzahut.phd,efdab33b-69ff-4587-a6d8-ffa2217cc853,chalista Zalfa,Ga bisaa join gaes.. Pwsd ditolak terus🤦🤦,3,2021-12-22 13:19:10,0,
Pizza Hut Indonesia,com.pizzahut.phd,1aedb91e-62e6-4c2c-b14a-eba726333e3a,Muhammad Aulia Fajar Purwanto,Lama banget ngirim pw ke email nya,3,2021-12-17 16:35:29,0,
Pizza Hut Indonesia,com.pizzahut.phd,4150beee-a396-497f-9198-48aff7cc1d58,Mini aisyah,Katanya untuk download pertama dpet pizza gratis😌 kok gk ada tuh,3,2021-12-10 18:57:20,0,
Pizza Hut Indonesia,com.pizzahut.phd,2307bb36-0142-4ede-aa5b-0b1468a7ed17,Rini Pn,Gak jadi aja ah downloadnya..udah aja pake gofood,3,2021-12-01 23:03:39,0,
Pizza Hut Indonesia,com.pizzahut.phd,cb672dda-870f-4340-a72b-b56aef295419,Reginald,"Makanan enak, service mantap, tapi aplikasi lemot banget....",3,2021-11-27 13:52:58,0,
Pizza Hut Indonesia,com.pizzahut.phd,b7780578-fb71-4d69-aa22-d61ee66ce752,Shanty Susanti,Kira2 d daerah pandeglang banten bisa g aplikasinya d pake.... Soalnya dulu blom ada,3,2021-11-24 17:14:34,0,
Pizza Hut Indonesia,com.pizzahut.phd,21232f85-e9a0-4db6-8780-d00882a66dc2,Nurul Susilowati,Kadang eror sampai harus komplain tapi lumayan mudah dimengerti tampilannya. Tuk voucher terlambat kadang dikomplain dulu baru dapat.,3,2021-11-24 11:24:15,0,
Pizza Hut Indonesia,com.pizzahut.phd,b8f028cd-fee9-4e76-9667-05bb4e72e6d9,Rahma Yulia,Susah banget buat masuknya,3,2021-11-20 21:05:33,0,
Pizza Hut Indonesia,com.pizzahut.phd,89f4c42d-2a01-4de9-930c-651266103ad3,sahabat barcelona,Untuk takeaway harus diperbaiki pelayanannya...,3,2021-11-14 14:18:32,0,
Pizza Hut Indonesia,com.pizzahut.phd,6a386d83-511a-4337-bd63-a9cd61dce48e,Bayu Firdaus,"Aplikasi jika homescreen balik lagi, susah untuk re order pesanan yg belum dibayar online",3,2021-11-14 12:26:49,0,
Pizza Hut Indonesia,com.pizzahut.phd,20295a0a-8f24-424e-858d-2ac00865470e,Agus sriyanto,"Saya mau tukar poin im3 untuk dapat pizza regular kok ngga bisa ya? Tulisannya ""total must larger than 100000"" Gimana ya?",3,2021-11-12 14:17:27,2,
Pizza Hut Indonesia,com.pizzahut.phd,64af8208-48cc-48dc-b80b-dea1e587dd77,Salasa s miharja,"REGISTER aplikasi aja kok ga bisa selalu password yg salah, coba deh ini kenapa aplikasinya ya audah coba register ga bisa2",3,2021-11-07 18:36:18,1,
Pizza Hut Indonesia,com.pizzahut.phd,e142b754-d24f-4e34-bdff-18a2c482b721,Nurhasanah Nurhasanah,Aku sudah download tapi sulit untuk login kenapa ya?? Tolong admin diperbaiki jangan terlalu susah untuk login,3,2021-11-05 18:05:12,0,
Pizza Hut Indonesia,com.pizzahut.phd,bebbe962-1515-4fef-8323-d418692147cf,M Gilang Arya Putra Rachman,Gk bisa kasih keterangan di setiap menu yg di pilih padahal itu penting buat kepuasan konsumen,3,2021-10-27 15:14:00,0,
Pizza Hut Indonesia,com.pizzahut.phd,3a461415-049f-4aae-84f9-bbc4889cbaf1,Eha lukman,Saya beri 3 bintang deh. Saya akan beri bintang 5 kalo delivery nya bisa ke alamata saya ke daerah saya gk bisa,3,2021-10-26 18:35:29,3,
Pizza Hut Indonesia,com.pizzahut.phd,28c522e0-a297-4b60-92b3-8826227262c9,Fazlih Gyandi,Ga bisa log in lagi yah kenapa? Di forgot password juga lama ga ada email konfirmasil,3,2021-10-24 18:09:48,0,
Pizza Hut Indonesia,com.pizzahut.phd,8f66278f-3658-4500-ad92-9db39f827243,septia nola,"Seharus nya ada pembatalan pesanan dengan syarat tertentu.. Kemarin saya pesan di ambil di tempat karna salah pencet.. Seharus nya di antar.. Disuruh menghubungi call center sudah di bantu tapi tetap pesanan tidak bisa di batal kan.. Karna kondisi tidak ada kendaraan dan tidak tau tmpat nya jadi mlm"" harus ribet bgt nyari kendaraan dan cari tau tempat nya.. Mana kondisi anak sedang tidur dan tidak ada yg jaga.. Akhir nya seya tinggal. Selain itu semuanya memuaskan.. Pelayanan dan sebagainya",3,2021-10-24 06:51:23,63,
Pizza Hut Indonesia,com.pizzahut.phd,483d7c0d-5901-42c7-952a-32a9176e8374,"adoy341334, lovie","Mau login ga bisa"" Kode otp ga masuk"" Gmn se.aplikasinya",3,2021-10-20 09:53:13,1,
Pizza Hut Indonesia,com.pizzahut.phd,a385c413-1be5-4513-8476-02eca30f99d8,Fitri Suryani,kirain langsung dapet free nya :^) tau nya harus belanja dulu zonk dah ah (TT),3,2021-10-13 11:23:28,0,
Pizza Hut Indonesia,com.pizzahut.phd,ef23103d-53c8-4326-b45c-6d1a33f1fdda,vio phio,Di iklan bilangnya kalau download langsung dapat gratis pizza Ternyata minimal belanja 100rb baru gratis pizza 😅 Terus nggak bisa delivery untuk ke daerahku Auto uninstall deh,3,2021-10-11 22:05:43,0,
Pizza Hut Indonesia,com.pizzahut.phd,defa235b-07d3-4387-bd73-70980bf5c686,Thariq Aziz al Ahwadzy,"Coba diperbaiki bug yang ada,, coba jika ada pesanan yang belum Terbayar dengan online payment, bisa dilakukan permintaan pembayaran kembali tanpa perlu mengulangi pesanan",3,2021-10-05 12:36:18,1,
Pizza Hut Indonesia,com.pizzahut.phd,c5449e95-9a36-416b-90ee-887fab95a067,Kith Raum,Mana udah donlod nga gratis harus beli dulu baru bisa grati minim 100,3,2021-10-03 19:01:59,0,
Pizza Hut Indonesia,com.pizzahut.phd,e0896cea-2b34-4ac6-959a-2110cffe5dc8,J Kristiadi,Mau coba dulu,3,2021-10-03 07:37:41,0,
Pizza Hut Indonesia,com.pizzahut.phd,0e76a7fb-570a-40b9-a8e5-b15ff9b810e4,Imamal Muttaqin,Pembayaran via virtual kadang gangguan,3,2021-09-27 17:34:30,0,
Pizza Hut Indonesia,com.pizzahut.phd,700b5161-13f9-4fcd-8b79-a7c6474fffd1,Michimoi,Ok jadi saya download aplikasi ini lg niatny sih mau login buat pesen pizza karna tertarik sm iklan eh pas mau masukin password kok susah amat ?!?! Dah berkali kali nyoba tetep gk bisa aneh padahal saya download buat order pizza loh eh malah dipersulit bikin jd males pesen,3,2021-09-21 14:25:00,0,
Pizza Hut Indonesia,com.pizzahut.phd,6e7df56d-1f44-4c35-a6fe-3c7683b9173e,Indra,Link untuk isi survey selalu error pdhl sudah beberapa kali order jadi tidak bisa dapat free MyBox..,3,2021-09-12 08:46:50,3,
Pizza Hut Indonesia,com.pizzahut.phd,5730b24f-c46b-44ba-8d7e-51e72c2e5516,Popok Wewe,Kena prank 1 kali -_- dari delivery dialihlan ke takeaway otomatis -_-,3,2021-09-11 19:04:08,0,
Pizza Hut Indonesia,com.pizzahut.phd,703baa1a-9d38-4775-89a5-eb3da402a0c0,Eko Bernando,Dk bisa dipakek,3,2021-09-11 18:49:53,0,
Pizza Hut Indonesia,com.pizzahut.phd,ceffb53f-35db-4ebb-a900-a76025a1fee3,Aprian Suhendro,"aplikasi msh ada bugsnya, sy cb pesan takeway pakai aplikasi, begitu mau ambil sesuai jam pengambilan tiba² pesanan sy td hilang di aplikasi, pdhl di email sy sdh ada pesan msk termsk kode pesanan dan lain², untung petugas mau bantu walau sy hrs menunggu lg, tolong segera dibenahi terimakasih",3,2021-09-10 17:47:15,2,
Pizza Hut Indonesia,com.pizzahut.phd,5f848225-ecd2-4172-9456-2213dcda6393,Gema Fajar Gunawan,Lucky 9.9 September ceria ZONK. Di pilihan Delivery maupun Takeaway di menu aplikasi ga ada alias ngilang... Ga niat kasih harga 99 rebu nett,3,2021-09-09 15:44:34,0,
Pizza Hut Indonesia,com.pizzahut.phd,eca889b5-3367-4749-b694-9578e020c57d,Fani Ardiansyah,"Kecewa, harap diperbaiki fitur pembtalan untuk koreksi pesanan nya tks",3,2021-08-28 20:09:45,0,
Pizza Hut Indonesia,com.pizzahut.phd,da6ce4a0-8a75-4310-aa5c-1b8d1342fa9a,lia osha,Kenapa alamat saya tidak terdaftar. Solusinya bagaimana,3,2021-08-28 03:28:26,0,
Pizza Hut Indonesia,com.pizzahut.phd,2047970f-5069-4c27-a7ec-e99e53c9fdc0,M. Zeimar Putrakian,Sy baru instal dan mau daftar danlogin tp susah masuk slh sandi trs itu knp yah?? Pdhl email sm sandi nya sudh lama dan biasa sy pke dlm aplikasi apapun.. Mohon bantuan nya,3,2021-08-25 07:50:46,6,
Pizza Hut Indonesia,com.pizzahut.phd,311fd606-e38a-4b4d-ad4b-f2cf9b1d5150,Muhammad Al Fatih,Bikin akunnya aja susah bgt sih min.. 🤕 berbagai macam password dah dicoba tp tetep ga bisa 😵,3,2021-08-23 08:20:46,1,
Pizza Hut Indonesia,com.pizzahut.phd,aacd9f08-20bc-4b06-ae96-0b72647fdea1,Lentera pagi,Ada bahasa indonesia ga ya 😂😂😂,3,2021-08-18 12:55:03,0,
Pizza Hut Indonesia,com.pizzahut.phd,de7da03a-2484-4fdd-a8fa-79328499bd44,Emyr H.M,"Ini kenapa ya tiap tinggal pembayaran ada tulisan ""create order fail"" padahal dari awal phd sampai 3 bulan lalu sebelum di update masih bisa pesan.. kenapa?? Di tanya.. hanya di suruh uninstal kemudian download lagi.. atau update.. sudah dilakukan.. ahh ga asik kalau belum bisa lagi.. pilihan pesanan tidak ada yg salah lho",3,2021-08-17 12:51:02,12,
Pizza Hut Indonesia,com.pizzahut.phd,d65c2171-d39b-4eaf-914b-ac55ec9b664e,Garry Robert Mondale,Harga promo tidak sesuai... Contoh: pizza 1 meter,3,2021-08-16 21:58:22,0,
Pizza Hut Indonesia,com.pizzahut.phd,0156023a-ef9c-4a9f-aeba-cbcb7631a7b5,Fatimah Dulhamid,Saya sdh instal gk susah di update nya,3,2021-08-16 08:57:34,0,
Pizza Hut Indonesia,com.pizzahut.phd,6af05c88-bec4-4e79-90fc-0d1e2069e70b,Alazam Azam.,Insya Allah aplikasi nya membantu anda,3,2021-08-13 19:18:44,0,
Pizza Hut Indonesia,com.pizzahut.phd,e8011523-9496-4e72-9453-41406569e24f,Harritz Rizaldy,"Tidak bisa register, sudah masukkan kriteria pasword dengan benar, tetap saja salah",3,2021-08-11 17:50:21,1,
Pizza Hut Indonesia,com.pizzahut.phd,f0b5605e-0bdd-42d2-a3c8-7e5d83391ab3,Asnawia Hi Alwi,"Mau pesan tapi tertutup iklan dan nggak bisa pesan, yang baca ulasan ini, mirik dua kali aja untuk install buang2 kuota, tenaga dan emosi tau",3,2021-08-11 10:54:21,42,
Pizza Hut Indonesia,com.pizzahut.phd,7c06578a-4e45-43de-819f-5a126174507d,Bagus Sofan,"Error min , order fail terus",3,2021-08-08 13:27:39,0,
Pizza Hut Indonesia,com.pizzahut.phd,87db796a-a34a-4dd3-be72-c9cc92cc2301,Gauraf Kristianto,Buka aplikasi Pizza Hut tapi tertutup iklan Pizza Merah Putih dan di-klik apapun nggak bisa diapa2kan.. Sangat mengganggu dan akhirnya Aplikasi tidak bisa digunakan... 😈😈😈😈,3,2021-08-07 11:56:09,27,
Pizza Hut Indonesia,com.pizzahut.phd,9414bdb6-7d9c-41ed-9156-a76445abc9bb,Nuriz Rakha,"sebenarnya mudah utk aplikasi ini, tp kenapa setiap mau order selalu keluar dan mulai masuk lg k menu utama.",3,2021-08-03 14:09:03,0,
Pizza Hut Indonesia,com.pizzahut.phd,0f4e58d9-b4d7-4e08-bae1-910de3fba3ae,johanes iwan saputra,Tingkatkan lagi apk nya,3,2021-07-30 12:35:39,0,
Pizza Hut Indonesia,com.pizzahut.phd,7c3de33c-03d1-4d73-a2e4-8a628d304d29,Etika Fauziyah,Lumayan. Msti msih tetep nunggu 15mnit lg dr jm ambil.,3,2021-07-30 07:21:56,0,
Pizza Hut Indonesia,com.pizzahut.phd,896c79db-7335-43b5-99f7-8debbcd6f9cb,Eri Syawaludin,Ga ada peta nya..jadi g tau driver nya kemana..,3,2021-07-29 16:38:52,1,
Pizza Hut Indonesia,com.pizzahut.phd,a023959d-8694-4d34-b1ef-7dbee4a08914,Alvian,"Tolong dong di extend lagi maksimal jarak delivery nya, masa iya pizza hut enggano gabisa nyediain pengiriman via app ke wilayah koja",3,2021-07-25 12:00:44,0,
Pizza Hut Indonesia,com.pizzahut.phd,d4538823-5bb5-4dda-bd29-5e7ee70578f2,Andro Ruland,"Masih development mungkin , tampilannya masi kurang ok, saat mau pilih take away masih harus search bdg lg, padahal udah aktifin lokasi",3,2021-07-22 20:00:33,0,
Pizza Hut Indonesia,com.pizzahut.phd,fc9561ea-6f75-4fa2-9c49-5cc64421451e,Kurnia Wati,Apakah bisa saya pesan pizza hut tapi pembayaran pakai cash on delivery nya Soalnya saya belum pernah pesan di aplikasi pizza hut mohon dijelaskan.......Terimakasih,3,2021-07-22 19:01:31,0,
Pizza Hut Indonesia,com.pizzahut.phd,e49a0600-345b-455d-b329-2d6c68bfba4d,Lie Lieshin,Mau registrasi koq tidak bisa2 ya Bingung,3,2021-07-21 13:05:58,1,
Pizza Hut Indonesia,com.pizzahut.phd,0ac2a3b2-f015-4fa4-8c8a-e32b9017566f,Stefanus Okky,Kok ga bisa login ya selalu ada pemberitahuan incorrect pasword padahal sesuai ketentuan,3,2021-07-20 11:43:17,1,
Pizza Hut Indonesia,com.pizzahut.phd,ef1f4816-7f26-4c82-9edc-e958c4172c1e,Amanda,"Aplikasi nya bagus, cuma mungkin terlalu berat aplikasinya sehingga tampilannya suka buffering walau sebentar itu cukup mengganggu. Semoga akan semakin baik",3,2021-07-20 10:05:50,3,
Pizza Hut Indonesia,com.pizzahut.phd,f1a8aae6-d8a4-483e-84c1-9baadc001af9,indra bayu,Aplikasinya lambat kadang gak jelas dan loading lama,3,2021-07-17 18:08:54,0,
Pizza Hut Indonesia,com.pizzahut.phd,99c92081-9847-4d07-8bca-a07ee85ad618,F. A. Brilyanti,"Mohon informasi, saya sudah sering pesan delivery mell App Pizza Hut. Namun, pada hari ini (Jumat, 16 Juli 2021) saya tidak bisa klik ""Mulai Pesanan"" setelah menu pilih alamat untuk Delivery. Apakah bisa dibantu??",3,2021-07-16 04:19:54,5,
Pizza Hut Indonesia,com.pizzahut.phd,d2305f25-0aa8-4143-b845-92f0a1cf740e,Nella MR,Sulit sekali utk register ke aplikasi. Salah terus. Mohon solusinya,3,2021-07-15 15:58:07,0,
Pizza Hut Indonesia,com.pizzahut.phd,f5deea2e-22cd-49d9-b5e5-abaeaabbc248,Prawiro Digdoyo,"Sorry gua kurangi bintangnya Banyak bug ini aplikasi. promo ga tampil, delivery status ga update,",3,2021-07-13 17:33:33,0,
Pizza Hut Indonesia,com.pizzahut.phd,31f080ec-4f79-4099-84c9-d8be0c0616d1,Yoga Pratama,"Buat ganti nomor hp OTP gak masuk-masuk mau lewat SMS atau Whatsapp, apakah OTPnya dikirim ke nomor lama atau bagaimana? Soalnya nomor lama tersebut sudah tidak aktif",3,2021-07-06 19:19:31,0,
Pizza Hut Indonesia,com.pizzahut.phd,2257784c-c88f-4ad0-9975-861806fcc182,Naysilla Della Putri,"kenapa bintang 3..masih tidak sesuai sama waktu. .misal yang tertera waktu selesai dan pengantaran.10.30..nyampe nya pesenan nya bisa hampir satu jam,saya menunggu..",3,2021-07-06 10:28:47,2,
Pizza Hut Indonesia,com.pizzahut.phd,1a2fbf6a-7248-4b2d-aa7d-abb788d30b25,Akhmad Mukthi,Baru mau coba pakai aplikasi,3,2021-06-29 14:26:11,0,
Pizza Hut Indonesia,com.pizzahut.phd,50645dcd-96ff-4c8f-89ca-fb8cbbe6984e,Irham Faza,Untuk pembayaran via online nya pilihannya tidak banyak dan sering terkendala,3,2021-06-27 18:31:36,0,
Pizza Hut Indonesia,com.pizzahut.phd,7b867be0-a116-403e-beef-664ddd319396,Intannisa Nazwa,Cepet pengirimannya ramah juga cuma kok saya gak bisa pake poin saya kecuali buat free ongkir ya?,3,2021-06-24 18:02:24,0,
Pizza Hut Indonesia,com.pizzahut.phd,f93bf040-cf6f-4693-8fa8-8403285d24ec,ron ron,Lumayan.. Tp belum easy use dan masih lambat,3,2021-06-21 17:33:32,0,
Pizza Hut Indonesia,com.pizzahut.phd,cc249099-6390-4504-9eb9-1fd170c28797,Rasti Aji Maulana S.,Minta tolong segera diperbaiki bug sama errornya ganggu soalnya,3,2021-06-18 16:08:21,0,
Pizza Hut Indonesia,com.pizzahut.phd,56a2d610-ec6d-45d3-b880-a8bd40466840,chokiee gibrani,Lebih ditingkatkan lagi prlayanannya,3,2021-06-09 17:05:58,0,
Pizza Hut Indonesia,com.pizzahut.phd,adcb2668-9292-4f44-8348-0c07791ff9e0,Iis Lestari,Kenapa susah bgt login sih?,3,2021-05-29 13:51:24,0,
Pizza Hut Indonesia,com.pizzahut.phd,208db829-788b-4040-88f6-c4ea41e2e490,Meri Tandang,Apk ini jelek bangettttttttttttt tpi boongggggg,3,2021-05-28 18:28:06,0,
Pizza Hut Indonesia,com.pizzahut.phd,6ae2707a-90f6-4cc4-8baf-3f4658d1396c,Fransiska Yuanita,kurang suka karena tidak ada maps untuk melihat pesanan telah sampai dimana,3,2021-05-26 15:34:37,0,
Pizza Hut Indonesia,com.pizzahut.phd,b261df28-e7e4-4552-981f-a975d9733ff0,gratefull Ripper,pelayanan di outlet plaza kalibata mall jakarta paling buruk..!!! saya dtg mau makan d tmpat biasa selalu di antar sampai tmpt duduk ini d suruh cr bangku sendiri.. dan lagi buku menu di letakan bgitu saja d dpn saya tnp ada basa basi.. bru x ini kecewa makan d restaurant langsung.. banyak kryawan lalu lalang tp tidak ada yg menanyakan apakah saya sdh mau memesan??.. pdhl buku menu sudah saya tutup.. mending klo lg ramai ini restaurant sangat sepi.. kecewa bgt sih.. berasa ga dihargai..,3,2021-05-25 15:38:36,15,
Pizza Hut Indonesia,com.pizzahut.phd,71315610-045d-4ca0-a6c4-2387932d1d96,dewi ma'rifah,coba di kota ku ada domino aku langsung pakai apk nya dia gak.ribet. pizzahut habis update mau pesen.delivery 5x gagal . jadi ambil deh ke store nya. diperhatikan lah update malah bikin jengkel. coba ada saingan kalah elu,3,2021-05-22 21:30:31,1,
Pizza Hut Indonesia,com.pizzahut.phd,3feb695b-cd10-48f1-8923-8a620f137df3,Adhy Genic,"Jarak jauh tetap tdk bisa. Padahal walau pakai ongkir jg gpp, tp kalau ada promo gratis jg lbh oke.",3,2021-05-21 18:27:51,0,
Pizza Hut Indonesia,com.pizzahut.phd,3a3095aa-746f-445a-b639-02228dcee75a,Ahmad Indra,Kok saya gabisa bikin akun ya? Tolong di perbaiki dong saya udh ngulang berkali-kali ttp gbisa,3,2021-05-18 11:35:28,0,
Pizza Hut Indonesia,com.pizzahut.phd,2ab35821-bb65-4f87-a6fc-5039a75cac93,REZA NUR CAHYO KUMOLO,"Tingkatkan lagi aplikasi nya, agar customer makin nyaman order",3,2021-05-16 15:25:04,1,
Pizza Hut Indonesia,com.pizzahut.phd,3e40f698-ad62-4306-a468-504a004660ee,Taufik Nurrahman,Promonya kurang banyak hahaha,3,2021-05-14 19:24:38,0,
Pizza Hut Indonesia,com.pizzahut.phd,719431a5-94e8-451c-85ca-a77f3786dc65,SAFIANATUL HIJRAH,Promo nya banyakin,3,2021-05-14 17:26:25,0,
Pizza Hut Indonesia,com.pizzahut.phd,6a54d384-4001-469d-8e81-9b2caf16e4d9,Tiara Mustika,"Meski pemberitahuan sama datangnya pizza gk cocok,alhamdulillah pizzanya dateng Cuma kan aku ngambil voucher gratis spageti, tapi spagetinya ga ada...cuma pizza aja... Gk terlalu ambil pusing, tapi lain kali mohon diperhatikan lagi ya...",3,2021-05-14 16:38:44,41,
Pizza Hut Indonesia,com.pizzahut.phd,1ed50f2b-02f8-4d88-9550-0c6d31de0fcb,Tristan Maulana,Ini aplikasinya kok ga bisa ke install di hp saya ya? Harus android berapa emang ya?,3,2021-05-14 13:03:20,0,
Pizza Hut Indonesia,com.pizzahut.phd,52b59312-c9a0-427b-8e27-05ec2df7f4d6,Ari Yanto,Waktu penyelesain order meleset g sesuai app,3,2021-05-12 19:41:12,0,
Pizza Hut Indonesia,com.pizzahut.phd,695e2710-f47e-479f-ad71-3bbad865c231,Aditya Oktaviawan,Untuk pilih alamat mapsnya kurang akurat,3,2021-05-12 14:33:39,0,
Pizza Hut Indonesia,com.pizzahut.phd,e5a2e41e-5dff-415c-a9c9-02799085a70a,Dudik Cfs,"Order mudah, voucher banyak. Tapi pelayanan sangat lama, order trackernya jg tdk sesuai, di order tracker sudah sampai, tetapi sampai rumah 1 jam kemudian.",3,2021-05-09 19:27:50,9,
Pizza Hut Indonesia,com.pizzahut.phd,fb63eaaf-ae92-4d9f-8e6c-7338520f79f7,Ronpin33 Boru simangunsong,"Kasih Bintang segitu dulu aja kalo uda ada perubahan aku ganti lagi. Terkendala di masalah pengiriman, aku uda 4 kali keluar masuk app pizzah hut masa ga bisa pesan pake yang delivery ,,, gak bisa di proses, masalah nya tolong di perbaiki yah biar konsumen kaya saya ini ga betee nunggu prosesnya, apa karna saya pake promo makannya di persulit? Jangan gitu lah, semangat",3,2021-05-09 10:56:01,9,
Pizza Hut Indonesia,com.pizzahut.phd,fdf6a927-6e05-4768-b6e4-ac500365825e,Irma Biel,Kenapa ya saya selallu tidak bisa masuk. Padahla udah beberapa kali coba masuk lewat akun yang berbeda email dan pasword saya bener tapi selallu gagal untuk masuk akunn,3,2021-05-08 15:01:14,0,
Pizza Hut Indonesia,com.pizzahut.phd,2fa5b585-2767-4a1b-a99b-c3a855807a5b,Uki patra Dia rayani1412,"Kak ini gimana sih kalok loginnya🤔saya berkali"" coba login tetep aj ngg bisa",3,2021-05-08 09:11:45,0,
Pizza Hut Indonesia,com.pizzahut.phd,f05ee978-62ac-4046-ab39-247bc773e3e0,pandu dwi cahya perkasa,"Baeu pertama pakai, mudah2an tidak mengecewakan",3,2021-05-02 20:13:05,0,
Pizza Hut Indonesia,com.pizzahut.phd,1e8c1e35-5476-4939-b54d-83edf4e0d6a8,Serigala Kembar,"Klo takeway nunggunya lebih dr 30 menit gk dpt kompensasi apa2, beda saat pesan delivery",3,2021-04-24 17:38:26,0,
Pizza Hut Indonesia,com.pizzahut.phd,e2cbbfa2-c682-46aa-8fc5-1d7ef0c2bcf2,Fitria Agustina,Kalau udah login dg google kenapa harus ngisi form utk bikin akun dg menulis ulang semua data identitas lagi? Trus berkali2 password does not meet complexity requirement,3,2021-04-24 16:33:04,1,
Pizza Hut Indonesia,com.pizzahut.phd,cd1ec662-9081-4868-94cc-98d936d7e3ee,Jhopeguntumcial Lopers,"Okee sudah bisa. Makasih ya sudah dibantu👍👍 Saran ke yang lain kalau ada apa"" langsung emaill aja, Alhamdulillah fast respon",3,2021-04-24 16:31:27,4,
Pizza Hut Indonesia,com.pizzahut.phd,a3629957-a489-471e-b5ed-aafb75b18c7c,argi leksono,"Sampe di tempat belum dibuat, masih menunggu lebih dr 17 menit hadeh..",3,2021-04-24 16:25:52,0,
Pizza Hut Indonesia,com.pizzahut.phd,3f257e5c-febf-4d52-ac21-ca5a7ad2dcd7,Dadang Sudrajat,Menunya agak ribet. Perlu disederhanakan agar lebih user friendly lagi,3,2021-04-22 07:23:55,1,
Pizza Hut Indonesia,com.pizzahut.phd,ce8aa5f5-2a8a-4c54-9772-520ba797c201,Rury Putra Pertama_33,"Rumah saya dekat dengan outletnya, tapi nga bisa delivery",3,2021-04-22 05:18:05,0,
Pizza Hut Indonesia,com.pizzahut.phd,ff62c045-7d54-471f-982a-09cb29b9720e,Luthfi Gumilar,Masih susah buat di pake... pdahal q suka bgt pizza punya apk.. tlong di permudah lagi buat setting lokasi sma bsa luat review barang yg di pesan... Bakal q kasih bintang 5 klo bsa lebih mudah di pake🙏,3,2021-04-21 19:06:53,23,
Pizza Hut Indonesia,com.pizzahut.phd,b92074ae-8d2f-4227-841c-3d76463be191,Akbar Farhan,Kok menu di aplikasi berbeda ya dengan dine in/take away pas di tempat baik itu PHD atau Pizza Hut terutama untuk varian pasta ya malah ga lengkap kalau di lokasi alias menunya banyak yang engga ada pas di pesan kata mas-masnya malah udah discontinued,3,2021-04-19 12:09:14,26,
Pizza Hut Indonesia,com.pizzahut.phd,29eed668-d661-4ba1-a39e-e8c4796d3fa3,eka juarsa,Sementara bintang 3 dulu. Kalo aplikasi ini memuaskan baru kasih bintang 5,3,2021-04-16 16:05:41,1,
Pizza Hut Indonesia,com.pizzahut.phd,2dcbda68-1222-4b99-b93b-4d1e4dd6d58f,setyo handayani,Titik alamatnya ga pas,3,2021-04-16 14:32:06,0,
Pizza Hut Indonesia,com.pizzahut.phd,ad6783a4-14f2-4bb1-b4b3-9a774a7fadfd,Johan Wang,"Ga bisa di screenshot ! Susah kalau mau konfirmasi beli dengan teman atau keluarga, mau nunjukkin ga bisa kasih gambar..",3,2021-04-05 20:04:40,2,
Pizza Hut Indonesia,com.pizzahut.phd,e4fc9722-79c6-4570-b9de-667b2c48c60f,vic tor,"Aplikasi kurang lengkap, ga ada fitur pembayaran yg terhubung dengan shopeepay, ovo, gopay, dana. Gaada fitur confim ulang utk memastikan betulan order apa ga. Jadi was was klo mau coba coba aplikasinya klo klik order nti gaenak",3,2021-04-01 19:59:41,12,
Pizza Hut Indonesia,com.pizzahut.phd,e76948dd-8270-4731-8fdb-41338272ac23,Aulia Uya Fortuna,"Susah banget login, nomor OTP gak terkirim2",3,2021-04-01 13:28:08,0,
Pizza Hut Indonesia,com.pizzahut.phd,5fa7e235-b288-4610-960e-1d082f54a0f6,Rozzaira asrul,masih agak telat respon,3,2021-03-31 20:16:00,0,
Pizza Hut Indonesia,com.pizzahut.phd,faca3d05-4825-486e-9665-62650da54d1b,Wafi fara faira,harganya terlalu mahal tolong dipotog saya engak suka harga di atas 50 titik engak pakek komah,3,2021-03-30 12:24:37,0,
Pizza Hut Indonesia,com.pizzahut.phd,c97dd78a-55d8-4cba-9540-74fa8881ad83,dinda isnaini kurnia,Apa bener ini pizza di antar sampai rumah,3,2021-03-30 12:23:18,0,
Pizza Hut Indonesia,com.pizzahut.phd,500f56ce-c47d-46e9-a4cc-cbe68964705c,Atika ind,Knapa abis update malah gak ada gambar? Pdhl sinyal bgus,3,2021-03-16 17:59:27,0,
Pizza Hut Indonesia,com.pizzahut.phd,5ced8931-9a60-47cc-9d4c-e0dbbaa3d489,Aditya Nugraha,Akurasi alamat dan titik lokasi kurang tepat.. Tidak muncul harga ketika memilih menu..,3,2021-03-15 01:09:57,3,
Pizza Hut Indonesia,com.pizzahut.phd,1e0284a4-0c7f-439c-8db0-a1047bb3b313,Light Firstly,Harga agak mahallan dari toko sebelah serta agak lebih tipis juga. Tapi rasa sama-sama enak,3,2021-03-04 08:04:16,0,
Pizza Hut Indonesia,com.pizzahut.phd,c4ec4aa4-f5e8-4157-94d4-4cec90f48653,Fitri Syarifuddin,"Tidak bisa log in. Udah berkali2 coba. Udah uninstall, terus download lagi masih tidak bisa. Bialng nya internal server error klo mau masukin kode otp",3,2021-02-23 15:09:30,5,
Pizza Hut Indonesia,com.pizzahut.phd,658269da-f224-4f1f-b5d2-a045060e1523,Ahmad Siliwangi,"Dimana letak QRcode pelanggan di aplikasi ini, yg digunakan untuk mengumpulkan koin setelah makan di resto.",3,2021-02-18 10:05:51,1,
Pizza Hut Indonesia,com.pizzahut.phd,bd6f8777-6c53-4664-b881-9682d95f0205,Yayan Ade,"Pizza promonya di perbaiki, potongan Pizza gk beraturan, nambah keju tp ky gk d tambahin, delivery telat hampir 2 menit, tolong d perbaiki walaupun promo pelayanan harus maksimal",3,2021-02-14 08:09:18,1,
Pizza Hut Indonesia,com.pizzahut.phd,2f042ea7-c97f-4a53-a46b-3e8549fcdc20,Keluarga HZK,"Saya kasih 3 dlu, karena tanpa memilih option delivery atau takeaway kita tak bisa lihat menu dan melihat harganya",3,2021-02-08 11:48:19,1,
Pizza Hut Indonesia,com.pizzahut.phd,ccb420ac-3ce4-43b7-9d15-4f0581a3d144,Gatut Wijaya,"Terlalu lama menunggu, estimasi waktu tidak akurat",3,2021-01-31 20:09:24,0,
Pizza Hut Indonesia,com.pizzahut.phd,79856fe3-b944-4bae-b5bb-8f15a427d638,detti liem,Terima kasih sudah langsung di respon,3,2021-01-15 15:54:41,0,
Pizza Hut Indonesia,com.pizzahut.phd,60bffa93-e741-42fe-868c-2286aa2aaf37,yonarizki andyka,Semoga tidak ngelag lagi kalo tiap ada promo.,3,2021-01-03 13:43:27,0,
Pizza Hut Indonesia,com.pizzahut.phd,3feaec6d-965c-42cb-835d-b2157d3f58e6,Rossy Bunda K .,Min kenapa akun saya kalo mau pesan tidak bs saat pilih alamat ? . Punya voucher jd tdk bs digunain dong,3,2021-01-02 23:49:15,0,
Pizza Hut Indonesia,com.pizzahut.phd,dd352223-15b0-4fe6-9b82-3847341a88e5,Karolina,"PHD Setiabudhi pelayanannya galak bgt sumpah. Gw mau nanya"" aja takut. Semoga mba nya lebih aware ya. Ga semua org udh tau menunya. Ga semua org udh tau mau beli apa. Tolong di evaluasi. Mksh",3,2020-12-31 19:40:03,0,
Pizza Hut Indonesia,com.pizzahut.phd,abb0a8f4-70e1-43ff-b716-b30dd5698b4a,ina fitriani,Males aplikasi suruh update mulu prasaan,3,2020-12-29 21:04:56,0,
Pizza Hut Indonesia,com.pizzahut.phd,53738dcb-31ac-4bbc-8d71-948e4f180c80,Dewi Suryanti,Tadi daftar sukses.dan pesanan sudah jadi. Sekarang buka lagi ehhh malah daftar lagi ga bisa masuk. Buat aplikasi tapi kok kurang sip ya. Masa kalah sama yang lain. Mohon perbaikannya YA,3,2020-12-22 22:35:40,0,
Pizza Hut Indonesia,com.pizzahut.phd,883a8793-ac1d-4a47-b08e-0ca6f70a6851,Rosita Hasugian,Pelayanan yg phd umumnya buruk dan kualitas pizzanya tidak bagus dan kurang enak,3,2020-12-20 15:43:54,0,
Pizza Hut Indonesia,com.pizzahut.phd,f9d94f84-0add-4fba-8590-85048ef353e9,Calysta Hellena,Voucher gratis ongkir sama paket kurang hemat.. perbanyak promo...,3,2020-12-18 09:17:54,0,
Pizza Hut Indonesia,com.pizzahut.phd,4df5fa0c-b251-4c76-9ee3-181cb3ec98a9,Rizki Amrulloh,harga tidak tercantum di menu pesanan,3,2020-12-16 18:10:03,0,
Pizza Hut Indonesia,com.pizzahut.phd,b57e1f30-19db-4c01-ab94-16b3acfa60f7,Agiel Surya Agam,Sering error ga bisa order pesanan,3,2020-12-12 21:02:02,0,
Pizza Hut Indonesia,com.pizzahut.phd,f23619cc-f259-4103-96f2-9fb66dd03166,Dangyu Wahyudi,Penggunaan aplikasi ribet dan agak susah...menu2 susah dicari,3,2020-12-10 19:20:33,0,
Pizza Hut Indonesia,com.pizzahut.phd,a1c07fd1-950b-4255-885c-bf4ac5f32aaa,Oshop Arkan,Gimana sih udh download tp gak ada harganya,3,2020-12-09 10:57:41,0,
Pizza Hut Indonesia,com.pizzahut.phd,9f456e4a-ef5c-4f12-b6e2-58edda304444,Nanda Hazaria,"Haii admin maaf ia saya ksh bintang 3, krna saya selalu mengalami kendala setiap mau order takeaway, selalu aplikasi lgsg keluar, udh di update bahkan smpe saya uninstal trs di instal lg ttp aja seperti itu, nd waktu bulan september itu saya order takeaway sudah selesai pembayaran ny nd pesanan sudah di ambil, tp kok di aplikasi ny point blm bertambah, nd penyelesaian pesanan jg blm otomatis selesai",3,2020-12-05 18:36:02,5,
Pizza Hut Indonesia,com.pizzahut.phd,ba2a27ae-73ce-47d7-aeb5-a9e7cd4650b7,Rahmi Reina Ichi,"Kenapa ya jd ga bisa order setelah menentukan lokasi trus mulai pesanan ga loading trus. Udah coba hapus cache, udah uninstall trus install lg. Masih sama saja",3,2020-11-26 20:00:48,1,
Pizza Hut Indonesia,com.pizzahut.phd,38db7463-4fd2-4064-8c3d-0b1e52cbe52c,Maria Michelle,Mohon bantuan aplikasi saya tidak bosa dibuka sedangkan no hp saya sdh terdaftar di pizza hut. Bagaimana saya bisa menghubungi cs dan memohon bantuan untuk membuka aplikasi saya,3,2020-11-25 13:25:25,1,
Pizza Hut Indonesia,com.pizzahut.phd,97d4652e-8472-4e28-9ea3-da167da08b51,Ardila Aprilia,"Gmn kok saya mau bikin account g bisa? Terkendala oleh no hp,gmn sih yg bener?",3,2020-11-24 16:10:51,0,
Pizza Hut Indonesia,com.pizzahut.phd,291d7cf0-708e-4cd8-ace5-516cb4e14dd8,Rachmat Hutomo Setiawan,Harga nya turunin dong 50 K,3,2020-11-18 12:07:26,0,
Pizza Hut Indonesia,com.pizzahut.phd,9e3f9cf9-3762-4f9a-b17a-fe00ed781a43,Silo Prayitno,"App yang sekarang ribet buanget.... Ga bisa SS pula. Biar nanti gampang saat take away, ga usah buka app. Tinggal tunjukin SS 🤦‍♂️🤦‍♂️🤦‍♂️ Lebih baik kembali ke aplikasi yang sebelumnya",3,2020-11-10 15:10:00,1,
Pizza Hut Indonesia,com.pizzahut.phd,09af6e55-d26e-44b5-bb42-647801bcbf75,Agape Solo Patriatona Yosafat,Ini saya mau pesan delivery udah milih alamat kok gabisa bisa yaaa tetep di map doang,3,2020-11-06 13:38:49,0,
Pizza Hut Indonesia,com.pizzahut.phd,e68d2132-f4fc-4ec5-bda6-73e011e24ee8,sinlik hardi,Ini aplikasinya pizza hut atau phd?,3,2020-10-30 15:53:36,0,
Pizza Hut Indonesia,com.pizzahut.phd,98e2741c-8c46-47de-bf50-fb85aba5464d,Indra Dirgarahayu,"sya ox tiba"" logud sendri,trus masuk in lg gak bisa..pdhal td pin emai sma.ox jd gak bisa masuk lg",3,2020-10-28 01:00:15,0,
Pizza Hut Indonesia,com.pizzahut.phd,19694eb1-fce0-4b0e-a3e3-0bec80927781,R I,"Kalo take awaynya ke restaurant pizza hut kota serang(yg diramayana) lelet dikerjain, padahal udah waktu pengambilan tapi ngakunya baru masuk pesanannya, jadi waktu saya banyak terbuang, padahal pake aplikasi spy menghemat waktu, mengecewakan",3,2020-10-25 15:06:10,12,
Pizza Hut Indonesia,com.pizzahut.phd,37dcb019-290c-445a-afbc-821f79601ed1,Asep Saepudin,"Transfer hanya pakai bank tertentu aja, tdk spt dulu bisa berbagai bank.",3,2020-10-25 13:18:59,0,
Pizza Hut Indonesia,com.pizzahut.phd,56d21d8c-badf-4fd3-85c0-254bb3b3b06e,M Nurjen Zaelani,"Versi lama lebih nyaman, ketika alamat delivery d luar jangkauan lebih jelas messagena. Yg skrng ketika delivery d luar jangkaun message d luar jangkaun kurang 'BOLD' .",3,2020-10-16 19:41:43,0,
Pizza Hut Indonesia,com.pizzahut.phd,f4a36f44-0696-483e-9250-0478176cc371,Jogi Oktavianus,Login ga bisa2,3,2020-10-10 12:18:12,0,
Pizza Hut Indonesia,com.pizzahut.phd,29156ee0-a289-4629-a486-554111aa44eb,Adi Yadi,Sering loding aplikasi nya,3,2020-10-10 04:00:20,0,
Pizza Hut Indonesia,com.pizzahut.phd,0af4ec36-c5da-4f6c-9afe-8ef872e8f5fc,Dini Cintiani,"PHD, s.d hari ini delivery service OK, setelah update malah appnya hang ga bisa login",3,2020-10-09 14:52:03,0,
Pizza Hut Indonesia,com.pizzahut.phd,4816fa48-e59f-4dea-87f0-91d8bc7767b2,AP Thea,"Oya di ultahnya yg ke 13 katanya ada promo yg reguler minimal beli 4 harganya jadi 13.000 tapi nyatanya bohong padahal udah pesen lewat app dan take away, ini terjadi bukan sma saya saja karena pas ambil pesenan ada konsumen lain jga mengalami hal sama waktu sdi tanyain ke karyawannya dia bilang ga ada promo pdhal jelas"" terpampang besar ada banner promo menyambut hut hpd yg ke 13. Sebenernya saya selaku konsumen ga rugi, cuma ada baiknya jika hpd jualannya ga pke jebak konsumen.....🤦🏼‍♂️",3,2020-10-08 22:16:48,15,
Pizza Hut Indonesia,com.pizzahut.phd,ec439da4-2fd8-4a57-b82c-18f9e99ad0fb,Dwi wulandari Rumayar,Up trus tapi makin sulit mw pilih menu atw pesan,3,2020-10-06 13:38:35,0,
Pizza Hut Indonesia,com.pizzahut.phd,10957249-9eff-472b-911d-cf89c53579ed,armenia zahra,mo login gabisa mo pesen gabisa heran aku,3,2020-10-05 22:08:02,0,
Pizza Hut Indonesia,com.pizzahut.phd,bed4f1bb-90f9-4e2e-9ccb-cd4994ce432a,Dwi Sofian,Ini sebenarnya app Pizza Hut sama Pizza Hut Delivery sama gak sih? Beberapa bulan yg lalu beda srkng saya lihat kok sepertinya sama ya? Mohon informasinya,3,2020-10-05 15:34:31,0,
Pizza Hut Indonesia,com.pizzahut.phd,f740ccc8-338f-4b83-b25e-c883e5b376d6,Muhammad Zira,"Pesen take away udh 1 jam sebelum diambil, eh begitu sampe sini malah masih aja belum jadi.. lamaa emang kalo belom di konfirm di toko langsung",3,2020-10-04 20:38:37,0,
Pizza Hut Indonesia,com.pizzahut.phd,71f6036e-062d-4ea9-8a76-e30d0777fad3,toyota lampung,"Admin, saya ada point 68 tapi gak bisa ditukar dengan point 50. Katanya poiint tdk mencukupi, kenapa yah min ?",3,2020-09-29 19:16:28,0,
Pizza Hut Indonesia,com.pizzahut.phd,7c656d96-2a8d-41f7-b3d9-4f8d75ce7d75,widio utomo,Asli parah banget. Pesen pizza di store phd di kasi pizza anyeb.. (uda dingin plus alot kaya karet sendal jepit) buat apa dateng ke store kalo dapet nya kaya gitu. Masih enak odading mang oleh.. ikan hiu makan tomat pizza hut rasa nya.( isi sendiri....),3,2020-09-27 14:16:24,0,
Pizza Hut Indonesia,com.pizzahut.phd,afb720d2-9d4e-4044-9b0c-3a6064ffbf60,Afrizal Adek,Untuk sementara kasi tiga bintang. Kenapa pada saat registrasi saat menulis alamat selalu wrong. Kenapa ya? Terimakasih,3,2020-09-26 20:33:16,4,
Pizza Hut Indonesia,com.pizzahut.phd,9bbf7b1d-427d-40d9-bf02-d594d4c38ffb,Indah Fatma,"Ini gimana cara gunainnya. Mau liat rincian menu/harga/voucher kaya udah langsung diorder. Udah harus milih deliv/take away dan langsung ditentuin alamat pengantarannya.. Padahal belum mau order, masih mau liat keterangannya dulu. Bikin bingung.",3,2020-09-24 11:45:23,5,
Pizza Hut Indonesia,com.pizzahut.phd,76ba669f-cded-4854-aac8-0949707ea5f3,Anggit Febiant,Gak bisa masuk. Tetap di layar utama aplikasi. Yang dulu lebih gampang.,3,2020-09-21 19:20:43,0,
Pizza Hut Indonesia,com.pizzahut.phd,03ab0ac6-3b8a-4d3b-b670-00e006f34fd2,Keyong Classic,Kenapa nggk bisa masukin nomor hanpond,3,2020-09-20 13:43:12,0,
Pizza Hut Indonesia,com.pizzahut.phd,2db1fe75-8884-4084-a5f5-72f6a3481668,puguh panambang putro,"Ganti aplikasi point lenyap, yg saya inginkan pizza phd, apakah memang hanya berganti nama ke pizza hut, mohon maaf tapi phd tempat saya lebih baik dari outlet pizza nya sendiri",3,2020-09-19 21:00:12,0,
Pizza Hut Indonesia,com.pizzahut.phd,3ce5ad61-e0a8-445c-b4cb-b4ee09f95592,Santi's story,Udah download tpi ga bisa sign up🤪🤪,3,2020-09-16 09:11:44,0,
Pizza Hut Indonesia,com.pizzahut.phd,6e260dbc-ebe4-458a-b52b-ced7623b998e,Lenny Sanjaya,"Register nya susaaaahhhhh bangett lola gituu...udah bolak balik uninstall masih aja sama, ga tau gimana lagi cara nya itu",3,2020-09-16 00:22:11,0,
Pizza Hut Indonesia,com.pizzahut.phd,5d4472db-fccd-42e6-ad74-b201e232871d,Vivienne Tan,"Kenapa sy ga bisa register ya?udah isi data,dan mau klik agree buat ketentuannya,ga bisa2 😭😭",3,2020-09-15 10:37:12,0,
Pizza Hut Indonesia,com.pizzahut.phd,8275c8ea-fbc3-4052-8422-ff1f9c6c22f5,sarwono tjia,Cari tau harga saja susah,3,2020-09-11 08:35:27,0,
Pizza Hut Indonesia,com.pizzahut.phd,121c8af6-7627-4084-bdf7-f970f2c06df7,Ardiansah,Ini kenapa gk bisa daftar ya? Susah sekali berkali2 daftar gagal terus,3,2020-09-08 14:11:58,0,
Pizza Hut Indonesia,com.pizzahut.phd,cd5c9e6a-6570-467c-ab91-f74169df2918,Kiky Andriyani,Dari kemaren ga bisa login,3,2020-09-07 14:21:05,0,
Pizza Hut Indonesia,com.pizzahut.phd,d841f191-cf6f-4992-a4f5-8d9509b59947,Rahmat Prasojo,Saya engk bisa login... Padahal saya sudah punya akun Pizza hut sebelumnya... Coba register juga engk bisa permasalahan OTP tidak dikirim2,3,2020-09-06 11:45:09,0,
Pizza Hut Indonesia,com.pizzahut.phd,f6c2b832-b5fd-4789-99a8-7c2392feac71,bogi herfiawan prabowo,Diupdate kok malah error semua.. Gak bs login dsb,3,2020-09-04 13:40:43,0,
Pizza Hut Indonesia,com.pizzahut.phd,40f13175-8308-4e7e-b2c6-4415f966f4c2,ha fadhil,Promo tidak sesuai & tidak bisa dipakai,3,2020-09-03 11:11:58,0,
Pizza Hut Indonesia,com.pizzahut.phd,cb40d930-2b3e-47de-bb90-cb533ceac95c,Leonardo Santoso,Tolong.... kok saya gk bisa log in pkai facebook ya,3,2020-08-30 23:24:57,0,
Pizza Hut Indonesia,com.pizzahut.phd,ec15ab68-d74e-4769-95ab-99ca26655c87,Christoper Chandra,"Aneh,di aplikasi dpt voucher big box 99k valid sampai bulan Oktober,lah giliran mau pakai kok vouchernya hilang..Yg ada cma voucher double box..",3,2020-08-25 22:19:21,0,
Pizza Hut Indonesia,com.pizzahut.phd,0c544418-f5b5-4663-b3aa-89bb6b660387,femminam tweepz,Udh beberapa kali instal cuma kenapa ya pas register d tahap akhir yg setuju persyaratan ga bisa mulu,3,2020-08-24 17:19:30,0,
Pizza Hut Indonesia,com.pizzahut.phd,25e5cffc-119c-4471-90a2-2fc87114943d,Annisa Fitri,Sekarang malah gak bisa lihat delivery nya lewat maps... Sebel,3,2020-08-23 19:26:27,0,
Pizza Hut Indonesia,com.pizzahut.phd,bdbfce36-21fb-4270-8145-c0d7f9a44628,Ummu FaKar,Kenapa ga bs login,3,2020-08-23 10:53:00,0,
Pizza Hut Indonesia,com.pizzahut.phd,363f4a21-7ac1-4ed4-9f96-2c752dd41ba7,Neko Chan,"Saya kasih saran buat Pizza hut delivery. Dimohon untuk metode pembayaran tidak hanya dari card ATM atau debit. Lebih ditambah opsi pembayarannya seperti, lewat Indomaret/Alfamart, atau COD. Terimakasih.",3,2020-08-20 14:35:59,0,
Pizza Hut Indonesia,com.pizzahut.phd,fc14c24e-ce7f-44c3-a806-5523ca61d069,Jojo,Update terbaru pizzahut indonesia malah gak bisa log in..,3,2020-08-20 12:41:30,0,
Pizza Hut Indonesia,com.pizzahut.phd,ec76e6f9-de17-406a-a11f-cd0579cee59d,Alin Citra Suryana,"K mohon di bantu dong, setelah di update saya gk bisa login terus, gk ada kode verifikasi yang masuk ke email saya. Pas bikin akun baru jg sama gt, pas daftar kode nya gk ada terus...",3,2020-08-19 19:27:08,0,
Pizza Hut Indonesia,com.pizzahut.phd,b3ca9bca-23ce-4e4c-afa1-bdf31ac1ab37,Annisa Rakhmania Putri,"Login gabisa bisa padahal email dan pass sudah benar,mohon bantuannya pizza hut indonesia🙏",3,2020-08-19 18:30:43,0,
Pizza Hut Indonesia,com.pizzahut.phd,8425515f-3597-4064-b273-c9e01defbbae,Asdhar Lr,Knapa cabang Palopo tdk bisa pesan via aplikasi ini yah??,3,2020-08-19 12:34:15,0,
Pizza Hut Indonesia,com.pizzahut.phd,49a59c32-17b0-4eae-80cd-e3d808385ec2,Paramita Tri Ratna,Aplikasi tidak bisa dibuka setelah di update. Disuruh minta update terus,3,2020-08-19 10:12:08,0,
Pizza Hut Indonesia,com.pizzahut.phd,a17ee1b5-667f-4b2b-bde4-bb5d76770564,zidan wibowo,"Tolong untuk admin aplikasi ini sepertinya eror , aplikasinya meminta update tetapi saat mau saya update di playstore blm ada pilihan untuk update aplikasinya , padahal saya sedang menunggu proses order",3,2020-08-19 09:33:54,0,
Pizza Hut Indonesia,com.pizzahut.phd,0e056ad6-011a-4d3c-820c-6691e3ee40f1,Rana Fira,Kok gak bisa registrasi si. Padahal dulu udah pesan dari aplikasi.,3,2020-08-18 11:05:32,0,
Pizza Hut Indonesia,com.pizzahut.phd,f41ad755-f935-4eef-a4ef-830519a83367,Ayu Zahera Adnan,"Semenjak phd gabung dengan ph aplikasinya saya tdk bisa login, dan tidak bisa buat akun, dan tidak bisa tidak pakai akun jg.",3,2020-08-18 09:18:07,0,
Pizza Hut Indonesia,com.pizzahut.phd,90e7598b-6ffb-4018-a922-86a94faf3ce0,pew pew,voucher saya kenapa gabisa di redeem??,3,2020-08-17 13:43:06,0,
Pizza Hut Indonesia,com.pizzahut.phd,364975eb-1b0d-4efd-92df-82dfa1af71e9,nofita fajariyanti,"Tidak sepraktir dulu, sekarang tampilannya lebih membingungkan",3,2020-08-16 14:05:28,0,
Pizza Hut Indonesia,com.pizzahut.phd,172309f4-8718-46b8-b9cd-3c294cd83ac8,Project D Dynamic Software Solution,Tidak bisa login dengan user lama dan tidak bisa register,3,2020-08-16 11:38:15,0,
Pizza Hut Indonesia,com.pizzahut.phd,a789b381-7e54-4b08-852a-85d894d82eea,Diana -,"aplikasi pembayarannya error, swtelah saya pencet go to payment layarnya nggak berpindah,, tetap disitu aja, jadi saya nggak bisa pesan,,",3,2020-08-14 14:40:12,0,
Pizza Hut Indonesia,com.pizzahut.phd,99d124f3-2b4f-413f-9a22-13ffcb588eae,Dista Amalia,Kenapa menu creamy chicken baked rice ga ada ya di aplikasi..... Aplikasiy y lebih mudah yg dulu dibanding yg versi baru,3,2020-08-14 12:06:02,0,
Pizza Hut Indonesia,com.pizzahut.phd,43055fee-4984-400e-b470-127363e4fcd9,Eva Astari Putri,Capek bolak balek login ktanya dikrmin kode otp..tp cm gantung informasinya... kode otp dikrm melalui. Silahkan msukn kode otp...gajelas malas.. klo psen dr ojol gk dpt promo,3,2020-08-13 23:09:19,1,
Pizza Hut Indonesia,com.pizzahut.phd,935870a4-7ab3-493c-986a-4c20dda2f367,Suci San,Kenapa setelah melakukan update malah tidak bisa login ? Bahkan daftar baru melalui akun google saya yang lain juga tidak bisa karena kode verifikasi yang katanya sudah dikirimkan tak juga muncul di email saya? Udah kali sepuluh kali saya ulang untuk kirim kode verifikasinya sampai bosan 😔,3,2020-08-12 18:51:33,9,
Pizza Hut Indonesia,com.pizzahut.phd,c6ba71ae-1cb9-4981-99b3-ef3f412ac159,DOPE DROP,"Ayolah tambahkan fitur chat dengan penerima pesan (outlet driver), saya sebagai buyer bingung mau konfirmasi ke siapa ketika pesanan saya sedang di kirim, karena saya tidak tau lokasi si pengemudi. Keterlambatan pengiriman bisa di tolerir ketika ada komunikasi yang baik. Masak sekelas pizza hut aplikasinya separah ini, kayak aplikasi gatisan di edit dikit doang ini.",3,2020-08-11 18:34:02,10,
Pizza Hut Indonesia,com.pizzahut.phd,84d6d151-0d1d-432e-a1f5-889a931a4c05,Bustanti Karyami,Hadeh.. td nya mau pesen Tp setelah ke upgrade aplikasinya malah ga bisa log in.. Daftar baru no hp sudah terdaftar Susah. Jd ribet 😑😑,3,2020-08-11 13:46:47,1,
Pizza Hut Indonesia,com.pizzahut.phd,19b0ff0e-3a4f-470a-83cc-7b16271cc314,sekar hamdalah,Jelek ih suka icon app yg dlu gk contras warna nya phd yg dlu asik menu nya lebih murah dr ph resto,3,2020-08-09 12:15:23,0,
Pizza Hut Indonesia,com.pizzahut.phd,36ceee71-d544-445f-a548-68189e3cabd3,Sakina Hanani,"Ko setelah saya update pas login kan masukin email saya tungguin kode verifikasi tapi gak ada trus, itu kenapa yaa ? Coba tolong dibantu",3,2020-08-07 13:54:59,0,
Pizza Hut Indonesia,com.pizzahut.phd,43feeddb-3cb3-41f7-932d-b65031aa19dd,Kazuya Taro,Lebih baik phd yg sebelumnya..,3,2020-08-05 15:23:55,0,
Pizza Hut Indonesia,com.pizzahut.phd,93b57f56-fb0d-4663-b6c4-0e5c4ed034c2,Ariza Permatasari,Di app yg baru poin saya malah hilang pdhl login pakai akun yg sama,3,2020-08-04 16:01:00,0,
Pizza Hut Indonesia,com.pizzahut.phd,3c6cd91e-005a-48fe-a38c-eb351d8986c1,Opik ahmad taufikurrohman,Harus login lagi? Tidak bisa login pake account yang lama 😭😭,3,2020-08-02 10:59:18,0,
Pizza Hut Indonesia,com.pizzahut.phd,4d629b86-442e-4c36-a810-dc47eba40ce0,uni wahyuni,"Aplikasi yg baru masih banyak bug, alamat yg sudah dipilih di maps tidak terbaca app sisi kurir, sehingga pengantaran bermasalah. Modul untuk order tracking di tab ongoing masih menampilkan order yg sudah selesai, bukan order yg sementara berlangsung.",3,2020-08-01 18:14:11,7,
Pizza Hut Indonesia,com.pizzahut.phd,3fe3f6e4-b48a-4522-88e1-8b6fd12caccc,Dwi Haryadi,Kok ku mau daftar no regestrasinya nggak dikirim kirim,3,2020-08-01 15:59:26,0,
Pizza Hut Indonesia,com.pizzahut.phd,fd02a041-af09-4746-922c-15e7facbac37,Dewi Pitriana,Aplikasi yang cukup baik dalam hal pemesanan makanan secara Online.,3,2020-08-01 15:23:55,0,
Pizza Hut Indonesia,com.pizzahut.phd,cae2f940-d3ac-4f10-9cf2-038f2831dabf,Hani Hasanah,Ini OTP kirimnya k email atau kmna saya kok tdk dpt kiriman otp nya.?,3,2020-07-31 07:58:11,0,
Pizza Hut Indonesia,com.pizzahut.phd,fa13d9b0-0c76-4ca4-893e-eaee2f472ebb,Ilham Mario,Sekarang jadi ribet mau lihat diskon ataupun voucher harus milih delivery ataupun takeaway dlu. Kalau ambil voucher harus keluar masuk halaman,3,2020-07-30 13:02:14,0,
Pizza Hut Indonesia,com.pizzahut.phd,a2ab589f-4814-45bb-8a47-4c5b5d890f6e,Poetra Pangandaran,"Aplikasi phd kenapa sekarang berubah jadi pizza hut dan kenapa saya tidak bisa memilih pesanan yg saya ingin kan,, di aplikasi cuman ada promo double box gak ada pilihan lain sedangkan di ig promo nya ada big box 99rbu. Agak kecewa sama aplikasi nya yg sekarang",3,2020-07-30 06:20:00,11,
Pizza Hut Indonesia,com.pizzahut.phd,3c2c9bf4-5f62-4c1b-80aa-54509d52287a,TpT,Trnyata gk bisa delivery k alamat sya padahal jaraknya cuma 3km-an T_T,3,2020-07-28 20:21:53,0,
Pizza Hut Indonesia,com.pizzahut.phd,b053fc23-9c64-42f3-8a8b-f43753046ad6,Puji Hastuti,Sdh isi survey tp ga dpt tuna meltnya,3,2020-07-28 16:26:08,0,
Pizza Hut Indonesia,com.pizzahut.phd,1262862b-227f-4fbd-87d3-d0b996942f11,erina yuniansyah,"Berubah ya? Aku kaget kok warnanya gini karena perasaan instalnya app phd,, sekarang jadi agak pusing pakenya :( pointku juga jadi hilang",3,2020-07-28 03:28:46,0,
Pizza Hut Indonesia,com.pizzahut.phd,0f6001d4-9ec9-4aec-9f5d-be8cdc51fc15,Aji Negoro,"Update malah login ulang, udah pake emal dan password bener, minta otp. Nyusahin. Klo no yg terdaftar ilang berrti gak bisa login, padahal niatnya mo update nomer tlp di aplikasi. Balikin aja lah kaya yg kemarin yg phd.",3,2020-07-27 20:03:32,1,
Pizza Hut Indonesia,com.pizzahut.phd,5c4ca993-af6d-4f7c-b535-ba5733bfa4e9,Putu Wita,"Sy pikir pas datang pizza dah matang,harus nunggu lagi,kurleb 15 menit lagi",3,2020-07-26 17:47:43,0,
Pizza Hut Indonesia,com.pizzahut.phd,3c9addb2-b0ad-48c5-abab-232ec9a093bd,Nafisha Nayla,"Pas buka aplikasi phd disuruh perbarui, setelah diperbarui malah jadi pizza hut indonesia? Kenapa jadi berubah yah? Dan ga bisa login lagi?",3,2020-07-26 16:23:06,0,
Pizza Hut Indonesia,com.pizzahut.phd,e26a1e49-01bd-4f75-85fc-4bfa7dab65dc,Andi Aprilangga,Mohon maaf ini Setelah upgrade kenapa akun saya malah tidak bisa masuk lagi yah?,3,2020-07-26 15:29:23,0,
Pizza Hut Indonesia,com.pizzahut.phd,55d17ba4-1913-4dbe-8b97-b441c031db09,Iswandy Jakub,Pesanan saya tidak tampil di counter tujuan. Masih banyak error di app ini. Tolong di perbaiki. Akibatnya saya jadi terpaksa menunggu lagi proses.,3,2020-07-26 13:29:47,0,
Pizza Hut Indonesia,com.pizzahut.phd,ee54945a-7ea4-49ec-940f-b2f816c7767d,Imadini Setyaningrum,"Setelah d update knp jadi pizza hut indonesia ya bukan PHD? Minta tolomg d bantu min.. Dan ketika saya coba untuk menyelesaikan orderan, tidak bisa.. Tulisannya masalah internal",3,2020-07-26 10:51:27,0,
Pizza Hut Indonesia,com.pizzahut.phd,5e4a8a27-793a-4cfa-ab0f-59797eb30608,Muhammad Rivaldy,Aplikasi kadang eror masih bagus waktu msih nama aplikasinya PHD smenjak jdi Pizza Hut Indonesia promo kadang eror tolong d perbaikin trima kasih,3,2020-07-26 10:28:51,0,
Pizza Hut Indonesia,com.pizzahut.phd,4105c644-8924-4066-b9fe-fb487b5bd074,J3Digital - Erly Channel (Erly),"Saya mau tanya... Kenapa tidak bisa login? Selalu di tanya no telp sudah terdaftar, tapi tdk bisa masuk..",3,2020-07-25 22:39:36,1,
Pizza Hut Indonesia,com.pizzahut.phd,c8c67a68-4444-482e-8ce6-7ead19dd354f,Nisya,Habis update kok gabisa login,3,2020-07-25 19:42:11,0,
Pizza Hut Indonesia,com.pizzahut.phd,1c687f43-2a5c-4df6-9f35-fb752e287ebc,livi angelina makarawung,"Knp sdh di ganti tampilannya? Trus kenapa sudah tidak bisa lihat harga2 per pizza nya?? Yg PHD lalu, walau di luar jangkauan ttp bisa lihat harga dan pesan lewat aplikasi. Ini kok lebih ribet",3,2020-07-25 18:25:43,4,
Pizza Hut Indonesia,com.pizzahut.phd,c9f0dc94-f715-489a-80d7-4eeca495a44a,rahayu syam,Mohon maaf beberapa hari yg lalu update aplikasi phd. Tp koq berubah ya aplikanya jd pizza hut. Poin yg sbmlnya berarti sdh tdk ada lg ya. Mohon penjelasannya,3,2020-07-25 17:42:43,1,
Pizza Hut Indonesia,com.pizzahut.phd,3ea196ab-ea32-4028-b9f0-42fb16c7ffd6,Mat Riyadi,Ini kensp setelah di update berubah bukan PHD lagi dan saya tidak bisa login dengan akun yg biasanya?,3,2020-07-25 15:04:49,0,
Pizza Hut Indonesia,com.pizzahut.phd,0eec3f64-1f2c-43d8-91f9-b3e310bc8e3c,Agoes jabrix83,Sering bgt minta update.. Setelah di update malah loading lama bgt bahkan susah dan berulang2.. Padahal saya sering pesan tapi server kok malah kacau gini..,3,2020-07-24 19:30:45,0,
Pizza Hut Indonesia,com.pizzahut.phd,a4bf95e7-806a-4768-9ed6-325bc59df054,Ilham Harma Putra,"Untuk coverage area nya tolong di perluas lagi, karena sudah ada di area dekat rumah, tapi tetap juga tidak bisa delivery ke rumah saya",3,2020-07-23 13:09:38,0,
Pizza Hut Indonesia,com.pizzahut.phd,cb677ea3-b6f8-4c9b-bfd8-b7533fd5f53a,Boy Mona,Ini dulu t Ya,3,2020-07-23 09:21:09,0,
Pizza Hut Indonesia,com.pizzahut.phd,82e970f7-9849-4afe-9998-d6282ef04325,wahyudi karisma,"Bintang 3 dulu ya, kl bagus sy tambahin. Test dl aja",3,2020-07-21 07:18:10,0,
Pizza Hut Indonesia,com.pizzahut.phd,58228211-d146-4e0c-b247-5be00aaa2e79,Muhammad Farid Al Kautsar,Saya pesen pizza di aplikasi keterangan di aplikasi sudah diterima tapi saya tidak merasa nerimanya. Untung pake cod (:,3,2020-07-17 12:35:21,1,
Pizza Hut Indonesia,com.pizzahut.phd,dab1a3a7-b85c-4e61-9039-8b6b67c05603,SYHILHM,Masih perlu pengembangan,3,2020-07-15 19:01:50,0,
Pizza Hut Indonesia,com.pizzahut.phd,09a184dd-8b01-4644-9061-7b918880e4ef,Riani Tivani,Register gak bisa2 malah disuruh tlp nomer phd...gmna sih,3,2020-07-12 14:10:34,0,
Pizza Hut Indonesia,com.pizzahut.phd,fd2fba90-881c-4970-96b6-b3dfdc689408,Heru Setiawan Kusnadi,"Gak bisa pilih ukuran pizzanya ya, hanya bisa pilih reguler size",3,2020-07-10 10:07:11,0,
Pizza Hut Indonesia,com.pizzahut.phd,4cc08f02-4ee2-495d-be0e-5e5d0a6c8411,Puji Wulandari,"Pesen udah dari 1 jam,katanya pesanan sudah siap eh pas diambil ke outlet malah pesanan masih belum ready.alhasil masih nunggu sekitar 1 jam 🙄 gitu ngapain pesen pake aplikasi",3,2020-07-08 20:25:31,5,
Pizza Hut Indonesia,com.pizzahut.phd,0247673f-cac5-44c8-99bc-a2f908abf5d3,sigid prasetyo,Saya coba dulu,3,2020-06-28 17:31:19,0,
Pizza Hut Indonesia,com.pizzahut.phd,55047f62-b1b2-415a-b485-9c4089fbf466,Erik Hardiana,Lebih ditingkat lagi area PhD deliverynya Sy mo pesen lagi g bisa...☹️,3,2020-06-27 15:10:23,0,
Pizza Hut Indonesia,com.pizzahut.phd,54363685-0e09-4f6c-b63a-8383b8cc8135,Ahmad Yusri,"Tingkatkan user friendly, tambahkan fungsi tombol back atau untuk memudahkan pindah menu",3,2020-06-14 22:23:11,2,
Pizza Hut Indonesia,com.pizzahut.phd,ae4310f1-ff17-4d35-b51f-3498caa68bd4,Muh Imran,Kok ga ada bahasa indonesia nya,3,2020-06-02 02:25:50,0,
Pizza Hut Indonesia,com.pizzahut.phd,909b0063-4720-489f-9a82-e2c56a71d77a,Mega Saptyawati,Pernah pesen delivery oder eh ternyata di suruh ngambil sendiri dan di aplikasinya tidak ada pilihan deliveri,3,2020-05-25 07:36:51,0,
Pizza Hut Indonesia,com.pizzahut.phd,20d6d9e9-2c34-4434-881a-8c53f3ec8aa3,Eddi Putra Brahma Densa,Kalau bisa di menunya di kasih keterangan isinya apa aja,3,2020-05-24 10:15:22,0,
Pizza Hut Indonesia,com.pizzahut.phd,ed65c32b-7377-4a4d-9c01-48cf86e39f5f,Andrian Widyatmoko,Saya pernah pesan yg promo responnya sangat lambat..,3,2020-05-22 17:00:04,0,
Pizza Hut Indonesia,com.pizzahut.phd,f23d85ac-5b7b-474d-8160-c494f9387211,Levina Aqiela,"Halo mohon maaf ya saya ingin dijawab secara langsung bukan dari otomatis. Kenapa kok tiba tiba pas buat sign in atau register ga bisa ada tulisannya 'terdapat masalah, maaf untuk ketidak nyamanannya' lalu ada pilihan laporkan dan restart, saya coba pilih restart tapi gak bisa, lalu saya pilih laporkan saya pilih whatsapp tapi juga gak bisa mohon bantuannya ya tolong dapat dibalas dengan langsung bukan OTOMATIS okeyy please",3,2020-05-18 20:45:04,1,
Pizza Hut Indonesia,com.pizzahut.phd,72dfe07d-a047-4e18-9405-923f6b300282,Christina Gurusinga,jarak pengantaran terlalu pendek. gak luas,3,2020-05-14 22:53:07,0,
Pizza Hut Indonesia,com.pizzahut.phd,07146035-391d-4a90-afcf-1336da302e69,Grace Andyra,"Spertinya aplikasinya harus di perbaiki mas.. Saya pesan via aplikasi, pembayaran via virtual accout.. Sudah 2 jam pizza tidak sampai.. Lalu telepon ke CS untuk di follow up.. Alhasil, Pizzanya nyampe keesokan harinya jam 1 siang.. Hehe",3,2020-05-11 12:55:26,14,
Pizza Hut Indonesia,com.pizzahut.phd,3363b302-2201-4e1d-a5da-bd7a45c90cf0,agung Ghuruba,"Hmm. . ..hari ini 09/05/2020 agak kecewa dengan aplikasi PHD ini, Jadi saya mesen PHD ini dr jam 8 malam dan akan saya take away jam 8:45 malam,tapi kok pesanan atas nama saya gak ada. Alhasil di akali oleh crew store PHD nya,jd diinput manual,sayang bgt padahal poin nya karena beli lumayan cukup banyak tipe big box, Dan juga karena diakali jd manual,survey kepuasan pelanggan tidak diterima padahal lumayan loh itu bisa dapet gratisan baik roti,pizza ataupun pasta dan bisa diklaim next order",3,2020-05-09 21:56:40,0,
Pizza Hut Indonesia,com.pizzahut.phd,9d2b9ee1-b9c0-4cb7-832e-60dc60c3d0c1,heriaty ompusunggu,Biasa pesen online lwt aplikasi no problem...la kok today no respon ya...call centre jg iklan mulu yg jawab 😅😅,3,2020-05-09 20:54:02,0,
Pizza Hut Indonesia,com.pizzahut.phd,d8ca64a7-a510-4693-89f5-3fe16cb70b01,Isnan Hariawan,Pelayanan bagus tapi tolong perbaiki aplikasinya karena orderan saya ga masuk di toko padahal udah pesan 2 jam yg lalu terpaksa saya nyamperin ke toko hujan pula padahal itu pesanan mau buat buka puasa,3,2020-05-09 19:42:48,0,
Pizza Hut Indonesia,com.pizzahut.phd,3fa3c0fe-88b4-444c-b990-5a7ba07f0d55,Rizki Kumalasari,Sudah berulang kali klik update tapi aplikasinya tdk bisa terupdate 😭,3,2020-05-07 11:24:47,0,
Pizza Hut Indonesia,com.pizzahut.phd,61f1518e-5382-41c6-a02a-6eb368b405fd,Sustiana Astriin,Entah kenapa aku susah register..,3,2020-05-03 11:42:25,0,
Pizza Hut Indonesia,com.pizzahut.phd,5f1d97e8-7bc6-4103-abc7-3df5eace17f9,Muhammad Donny Agusta,Abis update kok malkah ga bs liat promo dan ga bs pesen yak?,3,2020-04-28 16:21:58,0,
Pizza Hut Indonesia,com.pizzahut.phd,e95f036a-a302-4852-8fdb-a6c73311adc2,"Erwan Usmawan, SST.,Gr",Tambahkan jarak pesan antarnya donk,3,2020-04-28 14:19:32,1,
Pizza Hut Indonesia,com.pizzahut.phd,786bc47d-3aa6-44db-b308-0c8261aeca3c,Pengguna Google,"Tolong tambahkan menu di akun saya untuk penambahan alamat secara manual. Jadi biar lebih jelas klo untuk pengirimannya jangan berdasarkan GPS, kurang akurat terima kasih",3,2020-04-26 14:14:17,24,
Pizza Hut Indonesia,com.pizzahut.phd,d2e55a5b-8f46-452f-8c65-97d9aa2d7304,Pengguna Google,Tolong dong buka gerai juga di wilayah indramayu,3,2020-04-15 20:30:42,0,
Pizza Hut Indonesia,com.pizzahut.phd,345bcd5b-a936-4c1d-aa25-a8c92bb182ba,Pengguna Google,"Aplikasinya gabisa diunduh dari semalam, padahal signal bagus tapi apk.nya gabisa diunduh payah.",3,2020-04-12 07:53:51,0,
Pizza Hut Indonesia,com.pizzahut.phd,6fe6fd50-860a-4e51-9cb4-23fcf63015ee,Pengguna Google,Assalamualaikum Bru coba yh,3,2020-04-04 18:36:03,0,
Pizza Hut Indonesia,com.pizzahut.phd,f6855bcf-6ff2-49fe-940f-daffc43260a2,Pengguna Google,"Gak bisa login, gak ad cara recovery no lama yg uda non aktif...? Klo masuk mesti minta otp...",3,2020-03-31 21:03:32,0,
Pizza Hut Indonesia,com.pizzahut.phd,7cfddb55-e499-4181-9a51-858784e3dfc4,Pengguna Google,Kok gak bisa di downloud yaa aplikasinya PHD delivery??,3,2020-03-14 19:21:50,0,
Pizza Hut Indonesia,com.pizzahut.phd,b39de2c9-c1c3-4d2e-8a68-0a680711f634,Pengguna Google,Tiap mau beli harus di perbarui trs app nya. Hmmm blm ada sebulan udh harus upgrade,3,2020-03-14 12:42:11,0,
Pizza Hut Indonesia,com.pizzahut.phd,9b27fd72-0b04-4d94-9d1c-f84639ba8d66,Pengguna Google,"Tak bisa cancel order, kalau serius order gpp, susah register dan login",3,2020-03-13 16:24:06,0,
Pizza Hut Indonesia,com.pizzahut.phd,966edad3-c936-4208-8638-2a7ddbf6345a,Pengguna Google,Kok gk ada cheese boom pizza sihhh!!!!!!,3,2020-03-08 17:43:00,0,
Pizza Hut Indonesia,com.pizzahut.phd,029fda72-4475-4a8a-994e-d259575a8626,Pengguna Google,Option instal update tidak menyediakan tunda,3,2020-03-08 14:22:16,0,
Pizza Hut Indonesia,com.pizzahut.phd,534414eb-c09e-4036-8422-155876d2a484,Pengguna Google,"Cs nya lambat menangani masalah, gak ngasih solusi dan kepastian",3,2020-03-07 20:35:13,1,
Pizza Hut Indonesia,com.pizzahut.phd,d6efc556-0131-498d-8c60-25525579cd48,Pengguna Google,"Update mulu, Lemoottt lagi...",3,2020-03-07 20:18:04,1,
Pizza Hut Indonesia,com.pizzahut.phd,164adc2c-cfca-4790-8d4c-ec048933f0ee,Pengguna Google,Sudah instal.. tapi kalau di buka suruh perbaharui terus.. udh di klik perbaharui tetep ga bisa2. Harus uninstal dulu kah?,3,2020-03-06 16:18:56,0,
Pizza Hut Indonesia,com.pizzahut.phd,19fccda1-5580-4657-94cf-6ad5256f8631,Pengguna Google,min kenapa voucher gratis nya belum masuk ya,3,2020-03-06 13:17:27,0,
Pizza Hut Indonesia,com.pizzahut.phd,6ea89f56-4861-44bd-8ea9-6834ad1a0f94,Pengguna Google,"Ak suka pizzanya, sayang klu online susah untuk pesannya butuh perjuangan",3,2020-03-05 04:23:26,0,
Pizza Hut Indonesia,com.pizzahut.phd,c8e0bafd-02fd-43b2-b826-72cfc7b67dea,Pengguna Google,udah di update berkali kali tapi kok gabisa dibuka -.-,3,2020-03-01 19:59:21,0,
Pizza Hut Indonesia,com.pizzahut.phd,cec365fd-56f3-4862-a79e-ec6bca8a5dd9,Pengguna Google,"masih butuh perbaikan bugs. Kalo lagi promo suka susah ngorder, 'value error' terus",3,2020-03-01 19:04:34,0,
Pizza Hut Indonesia,com.pizzahut.phd,685b876a-172e-4d4d-9245-1c6e217a6ac7,Pengguna Google,Kecewa mau pesan email g terima blasann Ditelepon g diangkat mendingan g usah pake email n pake aplikasi buang aja,3,2020-02-29 21:40:53,0,
Pizza Hut Indonesia,com.pizzahut.phd,6ddfee39-d177-4ad3-a774-d0553b1d257b,Pengguna Google,ngasih promo untung2an,3,2020-02-29 07:55:28,0,
Pizza Hut Indonesia,com.pizzahut.phd,76a84d64-66da-4e60-84cf-1d07efb14996,Pengguna Google,Phd bagus tapi Gojek nya gak mau nganter,3,2020-02-28 18:22:26,0,
Pizza Hut Indonesia,com.pizzahut.phd,4dc7a99e-b5ec-4718-9c70-54f5da251e0d,Pengguna Google,"Saya ini kurang mengenal menu di PHD, saran aja coba lihat menu punya domin*s pizza, itu ketika di buka menu nya dan nge klik salasatu menu pizza nya maka keluar komposisi pizza ny, ini kalo saya buka menu PHD saya klik salasatunya keluar pesan jd ga tau isi nya ni pizza apa aja isi nya...",3,2020-02-28 16:42:15,4,
Pizza Hut Indonesia,com.pizzahut.phd,e698b37a-ac2a-4430-b627-42bf0feec9c9,Pengguna Google,Kasih 3 aja dlu ya baru coba soalnya,3,2020-02-28 15:30:09,0,
Pizza Hut Indonesia,com.pizzahut.phd,8ce4a853-1312-46cc-bbbc-3f2dbbf8fa46,Pengguna Google,"Pesan jam 1 buat jam 3 jam stngah 5 bru nyampe :(, tolong tambahi kontak phd yg memroses pesanan karena kita sebagai customer merasa tidak ada kejelasan pesanan. Jadi mungkin kita bisa konfirmasi pesanan tersebut. Trims, ga jadi bintang 1.",3,2020-02-16 16:40:04,9,
Pizza Hut Indonesia,com.pizzahut.phd,fb9b3f8b-5bde-4529-a1a5-ffb231f6f781,Pengguna Google,Sudah menjalankan misi dan sudah beli Pizza hot delivery tapi poinnya ko tidak dapat diterima dalam permainan cashtree,3,2020-02-03 08:35:58,0,
Pizza Hut Indonesia,com.pizzahut.phd,4a465b53-f2c0-4c3e-af58-fba0532579ea,Pengguna Google,Koq ga bisa diupdate siih?,3,2020-01-24 21:01:01,0,
Pizza Hut Indonesia,com.pizzahut.phd,2006a925-0df6-41c8-8e6f-7821754fb96b,Pengguna Google,"Updatenya lama loading, mudah ordernya",3,2020-01-24 12:51:39,1,
Pizza Hut Indonesia,com.pizzahut.phd,70457894-3dfe-484a-89e6-08e593456412,Pengguna Google,"Aplikasiny lemot bgt,, muter terus. Mau order jd susah",3,2020-01-22 14:10:55,0,
Pizza Hut Indonesia,com.pizzahut.phd,fb91aa2a-57c5-483c-87dc-4e2427fbb519,Pengguna Google,Mau order susah alsekali. Loading terus. Pdhl jaringan internet lancar,3,2020-01-20 16:53:24,0,
Pizza Hut Indonesia,com.pizzahut.phd,72ba0a5b-fc38-4eae-a995-c8953a7085d1,Pengguna Google,Ini kok status track nya udah sampai padahal belum saya terima pizza nya,3,2020-01-04 12:35:04,0,
Pizza Hut Indonesia,com.pizzahut.phd,e610d5bd-158f-4cba-a3ab-f2e6ac44d545,Pengguna Google,Nama saya rio bukan ria,3,2019-12-27 01:28:39,1,
Pizza Hut Indonesia,com.pizzahut.phd,1c9d0e79-7ecb-4424-8586-1d90d9c3bbf0,Pengguna Google,"Kupon keterlambatan tidak bisa digunakan di aplikasi ini, kupon keterlambatan hanya bisa take away dan delivery by call center, delivery by aplikasi tidak bisa. Sampe drivernya balik lagi kerumah padahal kupon dan bill pemesanan sudah dibawa driver, kasian kan 2x balik drivernya",3,2019-12-01 22:38:09,29,
Pizza Hut Indonesia,com.pizzahut.phd,82c1c2c1-7ba2-4b6d-9e98-f5d2e2fc605c,Pengguna Google,Mantap aplikasinya bisa pesan online,3,2019-12-01 21:48:44,0,
Pizza Hut Indonesia,com.pizzahut.phd,a5e2cd1e-22da-455d-a15b-78019548b70b,Pengguna Google,"tolong ya untuk jarak pengiriman jangan di batasi. saya tau untuk menjaga pizza agar tidak dingin, tapi tolong mengerti untuk orang yang jauh dr toko/kota tidak bisa menikmati pizza yang diinginkan.",3,2019-11-24 17:35:15,0,
Pizza Hut Indonesia,com.pizzahut.phd,e7274fcd-2491-4785-9445-0c1fdae2cfed,Pengguna Google,Bandar lampung gak bisa ya?,3,2019-11-14 15:20:34,0,
Pizza Hut Indonesia,com.pizzahut.phd,a7ed5dbb-d3e2-416b-942e-c6cb5a2a50e4,Pengguna Google,"Kenapa tidak bisa registrasi di PhDnya iya? Sudah beberapa kali saya coba tapi tetap saja,selalu kendala di daftar nomor telpnya,tolong di bantu",3,2019-11-08 12:17:34,5,
Pizza Hut Indonesia,com.pizzahut.phd,63b8acff-ac67-47e1-ad8e-44c221f99c2f,Pengguna Google,Tidak bisa verivikasi nomor. Eror trus. Pdhl nomor yang ditulis sudah benar 😩,3,2019-11-05 18:35:36,2,
Pizza Hut Indonesia,com.pizzahut.phd,9b58833e-cb18-463c-9ee4-46cdaf28771d,Pengguna Google,"Saya kasih bintang tiga dulu yahh, soalnya saya baru tahu.?",3,2019-10-24 09:50:32,0,
Pizza Hut Indonesia,com.pizzahut.phd,8f1cb705-3069-4bd5-8496-eb93678730c6,Pengguna Google,"Jarak deliverynya kurang jauh bosssss...10-15km gitu lhooo. Akhirnya pesan di ojol, nyampe jg dg kondisi bagus, msh hangat dan fresh, Tidak mengurangi kwalitasnya. Mohon di pertimbangkan utk menambah jarak pengiriman. Trims",3,2019-10-13 21:13:31,1,
Pizza Hut Indonesia,com.pizzahut.phd,28dfdda8-139d-419e-9c2d-671dacb48bff,Pengguna Google,Kesukaan anak saya,3,2019-10-13 19:02:57,0,
Pizza Hut Indonesia,com.pizzahut.phd,51b15ea2-1ca9-4bc3-b161-c34dbbbe997f,Pengguna Google,Loading aplikasi masi belum memuaskan,3,2019-10-11 19:15:28,0,
Pizza Hut Indonesia,com.pizzahut.phd,210ae9e0-d2a2-4389-aef3-2375a2d7a3dd,Pengguna Google,lebih mudah dan cepat memesan lewat app ini.,3,2019-10-10 19:57:40,0,
Pizza Hut Indonesia,com.pizzahut.phd,4babb8d9-5f19-4d2e-90db-c79cca8afb22,Pengguna Google,"Hmmmm.... Saya masih baru ni pakai apk PHD,ngomong2 proses pembayarannya apakah hanya bisa lewat via bank gitu? Apakah tidak bisa bayar ditempat?",3,2019-10-09 20:32:45,1,
Pizza Hut Indonesia,com.pizzahut.phd,1410bd82-7d8e-4003-a0f8-cbf1723a1100,Pengguna Google,Pizza hut dumai riau belum terdaftar yaa 😅,3,2019-10-04 15:35:17,0,
Pizza Hut Indonesia,com.pizzahut.phd,a0663452-40a6-4341-ac02-a4cf5674b2aa,Pengguna Google,Kalo bagus saya tambah bintangnya,3,2019-10-02 17:43:09,0,
Pizza Hut Indonesia,com.pizzahut.phd,65cb8e13-803e-4be3-a32f-18790f73ec69,Pengguna Google,Kasih 3 bintang dulu..blom di coba..kalao uda di coba baru kasih sempurna..,3,2019-09-27 13:52:03,0,
Pizza Hut Indonesia,com.pizzahut.phd,05185f54-8088-4174-8023-21b81ab6c1c9,Pengguna Google,Ga bisa delivery malah disuruh take away,3,2019-09-27 09:17:30,0,
Pizza Hut Indonesia,com.pizzahut.phd,6106c742-a3ec-4641-bb79-ed1b2bde10cc,Pengguna Google,Cukup 3 aja karena masih rumit aplikasi ini,3,2019-09-24 15:25:32,0,
Pizza Hut Indonesia,com.pizzahut.phd,daa97c03-394a-42a5-9a83-9be7a40a65fa,Pengguna Google,"Belum coba aplikasi ini,apakah ada ongkir nya??",3,2019-09-23 13:35:17,0,
Pizza Hut Indonesia,com.pizzahut.phd,8cdb958e-bb7e-486a-9b1b-61014854c5eb,Pengguna Google,Pengalaman promo buy 1 get 1 uda order lwt app tetep aja kudu dteng lgsg,3,2019-09-20 11:58:35,0,
Pizza Hut Indonesia,com.pizzahut.phd,35b829e2-3287-4ae0-b85e-67b02b382d31,Pengguna Google,Ok... Perbanyak promo.. Biar kasai 5 ok,3,2019-09-18 18:28:38,0,
Pizza Hut Indonesia,com.pizzahut.phd,a8b792ff-d905-4ce8-b55f-06ddfe051bc4,Pengguna Google,"Biaya antarnya mahal, lebih murah dan cepat kalau pakai ojol",3,2019-09-16 18:48:56,0,
Pizza Hut Indonesia,com.pizzahut.phd,d422cf78-6fc7-4d17-aefb-c350b2d3fdfb,Pengguna Google,"Coba dl,klo ok d tmbh lg bintang ny",3,2019-09-16 00:36:03,0,
Pizza Hut Indonesia,com.pizzahut.phd,4655b1d1-e7db-432c-91cd-7b805be4e267,Pengguna Google,"Kasih dulu 3 star,kalo pesanan Bagus dan memuaskan bisa jadi 5 star.",3,2019-09-15 10:28:16,0,
Pizza Hut Indonesia,com.pizzahut.phd,db40123c-22e8-4dc2-9fd9-ad0f218e6ba1,Pengguna Google,"Pelayanan harus lebih baik, dengan tetap mempertahankan kwalitas...",3,2019-09-12 18:30:34,0,
Pizza Hut Indonesia,com.pizzahut.phd,d44319fa-6060-4c47-bc1b-6dda96362ac4,Pengguna Google,Loading apalagi kalo adain promo,3,2019-09-08 12:40:56,0,
Pizza Hut Indonesia,com.pizzahut.phd,a2ab3dde-dd9c-448d-bbba-19a765e26756,Pengguna Google,"antisipasi lagi kalo agi rame order, masih suka nge down",3,2019-08-30 12:37:24,0,
Pizza Hut Indonesia,com.pizzahut.phd,883ecd99-9553-4700-a996-824d5bfbc4f4,Pengguna Google,Kok fun boxnya sudah tidak ada di sistem.. padahal itu favorit sy kalo setiap bln beli,3,2019-08-23 15:11:44,0,
Pizza Hut Indonesia,com.pizzahut.phd,de3a6c21-2e79-458c-87d9-a751e81c73ef,Pengguna Google,"Saya tidak bisa pesan untuk antar ke rumah saya, katanya ""we don't deliver here"" harusnya jangkauannya lebih luas lagi, padahal phd ga jauh dari rumah",3,2019-08-18 16:48:28,0,
Pizza Hut Indonesia,com.pizzahut.phd,2381c1f1-0460-4357-9c1a-f96eb3174a78,Pengguna Google,"kenapa pizza saya belum selesai 2 dibuat yaaaa.. uda 3jam lebih, mohon kejelasan nya. terimakasih",3,2019-08-18 14:48:54,0,
Pizza Hut Indonesia,com.pizzahut.phd,0f8202c1-3169-4aae-b44c-d712d7c6bd13,Pengguna Google,gimana cara nge cancel pesanan yang ke click double ????,3,2019-08-18 13:46:24,0,
Pizza Hut Indonesia,com.pizzahut.phd,c5f0b5f7-efcb-4882-ac9e-8dabf7a37cf2,Pengguna Google,"Kok kode digit nya g di kirim2 ya , gimana mau pesan saya",3,2019-08-18 11:54:23,0,
Pizza Hut Indonesia,com.pizzahut.phd,6c530f5a-9816-4829-87c7-8dac8c576e7b,Pengguna Google,"Maaf sebelumnya, sya mau regis tp kok ngga bisa ngirim kodenya? dan aku udah nelfon customer service malah ngga membantu cuman promo menu barunya.. Mohon bantuannya yahh..",3,2019-08-18 11:21:59,0,
Pizza Hut Indonesia,com.pizzahut.phd,6202eea7-b507-483b-9da4-3320c598ef9c,Pengguna Google,"Kq Tidak bisa mengirimkan OTP via sms.?? Dicari di perizinan aplikasi, jg tdk ada perizinan SMSnya.. Dan akhirnya tak bisa login via aplikasi.. .",3,2019-08-18 08:46:40,0,
Pizza Hut Indonesia,com.pizzahut.phd,9bbc1c09-0a50-4c90-9e44-4dfb4f995fcf,Pengguna Google,"nomor telepon untuk menerima kode OTP, tidak bisa jika 13 digit. itu sangat merepotkan bagi yang punya nomor hp 13 digit. Tolong diperbaiki",3,2019-08-18 05:45:42,0,
Pizza Hut Indonesia,com.pizzahut.phd,aea179bd-d78a-4847-8960-068a75226e53,Pengguna Google,"Promo 17 Agustusnya ko ga bisa do akses. Dah pesen, bagian pembayaran ga bisa. Baik yg Bayar langsung ataupun transfer. 😑",3,2019-08-17 19:46:25,0,
Pizza Hut Indonesia,com.pizzahut.phd,872a0118-2d0c-474a-8ac3-5c2ccf8fe304,Pengguna Google,"Tidak bisa sign in ... verifikasi no hp , tidak ada sms",3,2019-08-17 18:46:24,0,
Pizza Hut Indonesia,com.pizzahut.phd,768d12aa-b231-482c-b34a-e873c501c0a6,Pengguna Google,"server down pernah kejadian di aplikasi sudah diterima pesanan dan sedang dibuat, waktu ke outlet mau ambil pesanan trnyata belum dibuat karena katanya pesanan belum diterima pihak phd.",3,2019-08-17 17:01:47,1,
Pizza Hut Indonesia,com.pizzahut.phd,0067a01b-229b-4096-956d-3d656a076d00,Pengguna Google,versi sebelum ny lebih baik. versi yang ini sangat slowy. perbaiki ya,3,2019-08-17 16:04:05,0,
Pizza Hut Indonesia,com.pizzahut.phd,c402c6a3-3035-472c-8fbb-2bba6a3d3a2b,Pengguna Google,loading nya lama...bikin bete...lapar jadi ilang,3,2019-08-17 15:51:12,0,
Pizza Hut Indonesia,com.pizzahut.phd,b9c7ca4f-b2e6-4d53-be9b-64b7d689f74b,Pengguna Google,"Untuk permasalahan aplikasi tolong di kembangkan lagi, ini resto terkenal pastinya ingin di nilai bagus, untuk aplikasi nya cukup di bintang 3 saja, teruslah berkembang nakk",3,2019-08-17 14:26:13,0,
Pizza Hut Indonesia,com.pizzahut.phd,c3f4aa1c-1bb0-4681-a1ab-774d46a65e43,Pengguna Google,daftar nya kok susah kode otp nda masuk masuk di pesan,3,2019-08-17 12:48:14,0,
Pizza Hut Indonesia,com.pizzahut.phd,22fd95db-7dd1-45c4-9622-555be44a1918,Pengguna Google,udah register berkali2 g bisa.. g dikirim kode no unik yg dimasukkan.. heem.. gmn ini mau register.. g bisa2 masuk... 😪😪😪,3,2019-08-17 09:55:25,0,
Pizza Hut Indonesia,com.pizzahut.phd,487cb575-76b1-426e-a387-861f011a5fc5,Pengguna Google,kalo emang telat atau belum sampai pesanannya tolong statusnya yg sesuai (masih dalam pengiriman ) jangan statusnya sudah sampai/sudah diterima saya kira error hampir aja pesan 2 kali -_-,3,2019-07-29 08:04:12,0,
Pizza Hut Indonesia,com.pizzahut.phd,e493cd6d-7d2d-435a-9261-ec051f9cee65,Pengguna Google,"slow respon, padahal sudah coba pindah jaringan dr xl, ke telkomsel, dan pakai wifi di PH juga ttp slow respon",3,2019-07-27 21:34:36,0,
Pizza Hut Indonesia,com.pizzahut.phd,99ce088c-8b89-4d86-a2e7-8087b4cbb5e1,Pengguna Google,Coba pesan untuk daerah manado tapi tertulis belum bisa diantarkan ke wilayah anda padahal kantor phd di manado ada 3 tempat.. mohon penjelasannya,3,2019-07-20 14:12:11,0,
Pizza Hut Indonesia,com.pizzahut.phd,c58001a9-3ba1-4f35-aa97-1c16cfbde46c,Pengguna Google,ada pizza hitam gak? soalnya saya pengin,3,2019-07-03 20:11:18,0,
Pizza Hut Indonesia,com.pizzahut.phd,170654b6-992e-4a96-863c-af002755cf81,Pengguna Google,Gu3 coba dulu yr,3,2019-06-11 07:47:59,0,
Pizza Hut Indonesia,com.pizzahut.phd,c869be2e-6f8f-4bb5-999b-6c7aa131cd87,Pengguna Google,gak bisa milih tanpa taburan saus tomat,3,2019-06-09 08:45:59,0,
Pizza Hut Indonesia,com.pizzahut.phd,a5f21eb1-0745-4ead-8aa6-4f0295864d28,Pengguna Google,kalo pesan Pizza bisa bayar ditempat ngga yah?,3,2019-06-05 15:09:14,0,
Pizza Hut Indonesia,com.pizzahut.phd,999e8d60-42f8-4390-9c9c-4ab1e047e8d7,Pengguna Google,"bagus, namun kadang lemot kegedean mkn memori",3,2019-06-03 22:50:51,0,
Pizza Hut Indonesia,com.pizzahut.phd,c18d2bab-6bf9-4abd-ae72-8b13811b5326,Pengguna Google,tertulis 40 menit sampai. tpi 1 jam lebih blm sampai,3,2019-05-31 18:00:53,1,
Pizza Hut Indonesia,com.pizzahut.phd,cee6eb72-281c-4bd2-8f9d-ec31a3a3709f,Pengguna Google,"terbantu dengan aplikasi, tapi saat harus update aplikasi PHD lamaaa sekali dan belum ter uodate di HP, akhirnya kmrn tgl 29-5-2019 beli paket big box berkah di PHD Tulungagung tidak pake aplikasi, padahal posisi kami di Prigi, Trenggalek yg jaraknya sekitar 45 km dari PHD Tulungagung. Poinnya lewat deh... 😔",3,2019-05-30 04:22:43,2,
Pizza Hut Indonesia,com.pizzahut.phd,46f215ff-649e-4f1a-8c94-3298f463c241,Pengguna Google,"Waktu nganterin, ini gk ada ongkirnya kan??",3,2019-05-26 13:56:47,0,
Pizza Hut Indonesia,com.pizzahut.phd,8cb9f48c-8dfe-4580-a16a-dcad18dcbf0b,Pengguna Google,"sudah sangat membantu akan tetapi mohon lebih detail lagi dari setiap menu pizza atau yg lainnya, yg ditampilkan diaplikasi ini. misal saya pilih salah satu gambar pizza dimenu awal jika di klik gambar itu ada info detail produk pizza nya, baik itu daging atau chicken dan fotonya bisa kami zoom untuk liat dari dekat ( dengan melihat foto kami bisa merasakan dan apakah sudah sesuai pilihan kami pembeli ) selama ini tidak ada info detailnya dan jika di klik langsung ke menu pesan atau order.",3,2019-05-25 12:16:38,9,
Pizza Hut Indonesia,com.pizzahut.phd,102f88fc-7a5c-4f4d-8a6a-5e310fe68c75,Pengguna Google,3 dulu ya kalo bagus nanti 5,3,2019-05-17 15:25:12,0,
Pizza Hut Indonesia,com.pizzahut.phd,661efe86-cbcc-451a-bebf-1bbf075098f0,Pengguna Google,"mau sign in tapi udah ganti no HP, gmn ya caranya ganti no HP baru ?",3,2019-04-26 14:30:00,0,
Pizza Hut Indonesia,com.pizzahut.phd,6d0c8475-f0f1-4913-9aa6-dd7a633a4e36,Pengguna Google,"Jaraknya di luasin dong PHD, padahal rmh sy g jauh2 amat.",3,2019-04-25 21:03:09,0,
Pizza Hut Indonesia,com.pizzahut.phd,d55471f8-f241-4a11-8251-383e6fa22a2f,Pengguna Google,"Saya mau pesan ternyata bilang toko yah 717,8 km dari saya lalu pada saat saya tekan ternyata itu di Gowa Sulawesi Selatan,Saya meminta untuk delivery di Kota Kupang,NTT karena sudah ada tokonya di kupang....Sangat disayangkan",3,2019-04-25 20:30:07,0,
Pizza Hut Indonesia,com.pizzahut.phd,7e5d21e3-7a75-4185-b0a4-159018808fc5,Pengguna Google,"Tolong dikasih waktu ketika pesan dong, masa order gatau jam brp, untung saya bayar pake debit jd ketauan waktu order nya, kemudian alamat gabisa di edit, udh dihapus tp tetep. Aja masih alamat sebelumnya yang muncul",3,2019-04-22 19:01:21,4,
Pizza Hut Indonesia,com.pizzahut.phd,1e2c6dae-2274-453a-871c-d5816b280dcb,Pengguna Google,perbarui lagi dong fitur nyaa mungkin kalau ditambah fitur chatt lebih mempermudah. bintang 4 dulu deh. kalau ada fitur chatting aku tambahin bintangnya sampai full,3,2019-04-18 18:15:43,1,
Pizza Hut Indonesia,com.pizzahut.phd,86510161-51d3-4dba-905a-38197b976430,Pengguna Google,Ini saya mau delivery order ko masuk y selalu take away ya? Ap saya harus ambil d otlet,3,2019-04-16 20:48:33,0,
Pizza Hut Indonesia,com.pizzahut.phd,14961e6e-84b5-40a8-a82d-0abb2f54db21,Pengguna Google,tolong di perluas keseluruh indonesia jangkauanya,3,2019-04-08 23:18:42,0,
Pizza Hut Indonesia,com.pizzahut.phd,c3ab0f68-b93a-42b0-af15-bb83abd2ce34,Pengguna Google,ko pizza nya yg my box ga ada,3,2019-03-27 17:13:35,1,
Pizza Hut Indonesia,com.pizzahut.phd,d264ee6d-7530-4da0-9895-143657c20723,Pengguna Google,"klo pesannya jauh dari kota,misalkan kota ke desa bisa engga dan kira2 sampai ke tempat tujuan yang dituju engga",3,2019-03-25 13:51:32,3,
Pizza Hut Indonesia,com.pizzahut.phd,2b268376-1514-4583-8162-0ad0c321d642,Pengguna Google,tolong ph di samarinda dimasukkan. ph terdekat cuma dari makasar. luar biasa hahaha masa pizzanya terbang naik pesawat dulu,3,2019-03-17 16:42:43,2,
Pizza Hut Indonesia,com.pizzahut.phd,86322c9b-44ae-4b6e-b693-46796602825e,Pengguna Google,"td sy pesen pizza, tp pas liat status pesanan yg keluar malah status pesanan yg beberapa bulan yg lalu, jd sy pesan lg dan muncul 2 pesanan. bgmn cara membatalkan 1 pesanan?",3,2019-03-01 14:04:22,2,
Pizza Hut Indonesia,com.pizzahut.phd,6a63a93c-7ec4-40b7-a0fe-f51392527480,Pengguna Google,"susah x mendaftar mohon dong di bagusiin jadi Ngk bisa order, kenapa bisa kayak gitu ya? padahal ad keingin mengoerder tapi Ngk bisa masuk pakai email jadi emosi orang, mohon di perbaiki kesalahannya ya",3,2019-02-10 14:19:24,2,
Pizza Hut Indonesia,com.pizzahut.phd,5a1be60f-761d-4dbf-be57-0c66c3e093c4,Pengguna Google,"saya suka pelayanannya tapi ada masalah sama aplikasinya deh , saya kluar dri aplikasi lalu masuk kembali gagal terus dan nomor verifikasi yang saya masukkan salah trus padahal saya udh liht dengan benar dan saya masukkan salah terus. saya buka di google chrome bisa . untuk aplikasi tolong diperbaiki yah",3,2019-02-01 23:37:50,2,
Pizza Hut Indonesia,com.pizzahut.phd,1ec6cb85-90cf-41d5-88cc-5b3c562dd608,Pengguna Google,Admin. Apakah bisa order 2 hari sebelumnya ? caranya bagaimana ?,3,2019-01-24 20:24:37,1,
Pizza Hut Indonesia,com.pizzahut.phd,cf82c31e-7c17-4df2-b34f-e0130f0e3614,Pengguna Google,"Kemarin tgl 31-12-2018 tepatnya pukul 23.17, Order Pizza, di keterangan ""Pesanan dalam perjalanan"" nyatanya di tunggu sampe jm 2.30 gk dateng"". Mohon penjelasan..🙏",3,2019-01-01 08:09:34,0,
Pizza Hut Indonesia,com.pizzahut.phd,6876cf59-c0ea-4ade-9085-667e202c7557,Pengguna Google,Kok nggak bisa didownload ya???,3,2018-12-29 19:31:22,0,
Pizza Hut Indonesia,com.pizzahut.phd,ebc127ff-0084-4fd5-ba7c-9b41148936e8,Pengguna Google,ini alamat rumah saya kenapa tidak ada2 mohon perbaikannya,3,2018-12-28 19:28:23,0,
Pizza Hut Indonesia,com.pizzahut.phd,24c62a8c-0e1c-47a9-8fc7-4ebbdcbac121,Pengguna Google,kok gak dapet poin sih,3,2018-12-21 09:39:46,0,
Pizza Hut Indonesia,com.pizzahut.phd,7e910e9b-f356-44d3-a59b-f314366be555,Pengguna Google,kirim kode verifikasinya lama banget,3,2018-12-20 13:42:40,2,
Pizza Hut Indonesia,com.pizzahut.phd,6cc7d49d-2b8e-4dc1-9090-4be3e54ea966,Pengguna Google,Apakah bisa bayar di tempat dengan menggunakan uang chas.?,3,2018-12-13 19:27:58,0,
Pizza Hut Indonesia,com.pizzahut.phd,013094ee-3d01-47d4-a9fc-4bbb14532d4c,Pengguna Google,"Kasih bintang 3 dlu aj mau coba pake aplikasi, ribet nga biasa aq pake goo food..",3,2018-12-08 09:39:57,10,
Pizza Hut Indonesia,com.pizzahut.phd,c71c248e-3206-4bb2-a1ed-d8ce09c86f7e,Pengguna Google,Yang dibalikpapan gak ada outletnya. Kalau ada Bintang 5,3,2018-12-05 18:12:52,0,
Pizza Hut Indonesia,com.pizzahut.phd,17fa5e68-6dfe-497f-8760-905a19ade1d1,Pengguna Google,"Kenapa skrng untuk pemesanan susah ya,padahal sinyal internet bagus tetapi loading yg lama dan selalu ga bisa pesan",3,2018-11-28 18:15:10,0,
Pizza Hut Indonesia,com.pizzahut.phd,45e256cb-b055-45e8-b915-ebadd033319c,Pengguna Google,"Saya tinggal di daerah citayam, saya pernah telfon lgsg ke org phd untuk order, tp org phd bilang ""untuk daerah citayem itu blm ada"" katanya jabodetabek yg sdh tersedia phd, jarak citayam dan depok itu gajauh2 amat, tp dikasih alasannya sprt itu",3,2018-11-25 00:43:01,0,
Pizza Hut Indonesia,com.pizzahut.phd,b8f2ec09-eae9-47d4-93d8-71cd98062d65,Pengguna Google,"Maaf sebelumnya pizza hut, saya udh dua kali beli pizza ukuran jumbo lewat app dan rotinya itu tipis bngt!! Sampe bolong gitu pas diangkat. Sebelumnya saya gk pernah diberikan pizza seperti itu.",3,2018-11-23 00:22:46,0,
Pizza Hut Indonesia,com.pizzahut.phd,ad07a5b9-a379-4717-b37f-a7f21b9e0ea6,Pengguna Google,kok banjarmasin gk bsa naroh alamat? percuma dong ada app nya..pfftt,3,2018-11-11 19:22:42,0,
Pizza Hut Indonesia,com.pizzahut.phd,a19a92a0-067d-4994-84dc-c4cbe2500b20,Pengguna Google,Saya tes dulu kalau bagus saya + Bintang dan kalau jelek saya hapus,3,2018-11-06 09:32:23,0,
Pizza Hut Indonesia,com.pizzahut.phd,669a5396-8cda-4429-9298-62d5b39d08b8,Pengguna Google,Lumayan lah tidak seperti aslinya,3,2018-11-05 17:35:56,0,
Pizza Hut Indonesia,com.pizzahut.phd,21439524-eafc-47c5-938c-2889ec3f7e19,Pengguna Google,"Tolong tingkatkan lagi, supaya bisa pesan di bengkulu pakai aplikasi ini , soalnya biar mudah jika ingin delivery dan mau pesan apa",3,2018-10-30 13:19:09,0,
Pizza Hut Indonesia,com.pizzahut.phd,4b2ec84f-f32e-4b60-9ba3-66cad985102b,Pengguna Google,"Kok gabisa masukan alamat ya,. Kita juga sudah kirim email tapi gadak respon. Hmmm",3,2018-10-25 13:36:20,1,
Pizza Hut Indonesia,com.pizzahut.phd,d7e1ce60-4bc7-4ef4-b39d-162151863809,Pengguna Google,"Bagus sih, tapi gambar menunya bisa di perbesar dong biar gak salah pesan nantinya. Nanti saya tambah 2 bintang lagi 😉",3,2018-10-21 09:01:31,36,
Pizza Hut Indonesia,com.pizzahut.phd,aa270a62-f347-48b4-8d93-4f3e3f19671d,Pengguna Google,"Aku dah pesen lewat browser, saya keluar dari browser dan masuk lagi, pesanan saya kok kosong, gmn nih?",3,2018-10-19 18:26:12,0,
Pizza Hut Indonesia,com.pizzahut.phd,db974900-75b2-4a31-ac42-a2a93be935b4,Pengguna Google,"Kok gk bsa d tmbahkan alamatnya, gmna mau psan klo gk bsa tmbah alamat",3,2018-10-19 14:08:09,17,
Pizza Hut Indonesia,com.pizzahut.phd,71cc430d-3fc8-403a-b173-32b2cba48716,Pengguna Google,Harus lebih di sederhana kan dan jelas,3,2018-10-18 20:59:42,4,
Pizza Hut Indonesia,com.pizzahut.phd,53e3274a-9b5b-4ecb-908b-c024d64875fb,Pengguna Google,Masih agak membingungkan...terutama jika ingin back ke menu sebelumnya,3,2018-10-17 18:20:11,0,
Pizza Hut Indonesia,com.pizzahut.phd,66f45f0e-4e43-4258-9f8d-4eee5b880302,Pengguna Google,Tidak terlihat status pesanan dan tidak ada konfirmasi langsung ke customer dari phd,3,2018-09-15 21:59:15,0,
Pizza Hut Indonesia,com.pizzahut.phd,22be3519-dfa0-46eb-a985-3f41c7ba808f,Pengguna Google,Sering error dan tidak ada perbaikan mesti mengeluh dulu baru diproses,3,2018-09-05 22:12:59,1,
Pizza Hut Indonesia,com.pizzahut.phd,8cbc758a-50e3-428d-83a0-8cc5ec5724af,Pengguna Google,Ini udah dipesan.. ngga nyampai2.. cara batalinnya gimana..,3,2018-09-02 21:40:08,0,
Pizza Hut Indonesia,com.pizzahut.phd,dbf2c461-a1f8-4ef9-bd57-611ad58ae8d7,Pengguna Google,"Saya Tambahin Bintang nya menjadi bintang 3, tolong dong kalau bisa pesanan nya cepat dikirim lagi, pelayanan udah bagus",3,2018-08-18 20:45:45,0,
Pizza Hut Indonesia,com.pizzahut.phd,5bb410ba-61f5-49aa-b2b2-4eaf50a6c18f,Pengguna Google,"Alamat saya tidak terjangkau,kalo bisa bikin outlet di daerah ciawi atau sukasari soalnya banyak anak muda yang kalo mau beli pizza hut harus jauh",3,2018-08-16 06:17:50,0,
Pizza Hut Indonesia,com.pizzahut.phd,49c4c65e-78fb-4a70-a581-7b5e4506f03b,Pengguna Google,Tolong kedepannya menu bisa dilihat dengan jelas sebelum pesan agar jelas terdiri dari apa aja paket yg dipesan.,3,2018-08-14 17:54:17,0,
Pizza Hut Indonesia,com.pizzahut.phd,b541ae70-851c-4aad-98f2-caa1e96ae80d,Pengguna Google,Kenapa ga datang datang pesanan saya,3,2018-08-12 10:46:07,0,
Pizza Hut Indonesia,com.pizzahut.phd,a92daf48-ef0c-4a44-8610-47255b14dfa4,Pengguna Google,Aplikasi yg bagus,3,2018-08-06 14:25:12,0,
Pizza Hut Indonesia,com.pizzahut.phd,63549070-1cb4-4b73-858f-85dd87028ca4,Pengguna Google,Jasa Kirim Kurang Lengkap.. Mohon di Update.. Kirim daerah sampang madura g bisa.. Trims,3,2018-08-01 15:05:57,0,
Pizza Hut Indonesia,com.pizzahut.phd,c9a152e8-227c-4be0-9315-a8248c682c0b,Pengguna Google,"Gak tau ini pesanan diantar apa gk,nyoba pesan pake apl tpi loq gk diantar ya langsung uninstal aja apl ini..",3,2018-07-29 20:01:32,2,
Pizza Hut Indonesia,com.pizzahut.phd,bf912ad9-4862-4ef0-8c89-e0821266f7b6,Pengguna Google,Alamat di medan nggak lengkap. Masak sampek jl. Sisingamangaraja aja. Tambahin dong alamatnya Alamat saya : jl.siyung wanara desa percut sei tuan deli serdang,3,2018-07-26 17:13:01,14,
Pizza Hut Indonesia,com.pizzahut.phd,63aadf9d-8923-4c42-ba2e-16ca419c7a28,Pengguna Google,Kalau pengirimanya di gratis ongkir gak,3,2018-07-22 17:08:15,0,
Pizza Hut Indonesia,com.pizzahut.phd,cf134d8c-f876-4b46-9583-cac611fc9e73,Pengguna Google,Coba dlu klo bagus ane tambah lagi,3,2018-07-19 19:49:58,0,
Pizza Hut Indonesia,com.pizzahut.phd,2c986550-20dc-4da9-9e52-59cc6ba8a0dc,Pengguna Google,Aplikasinya susah digunakan awalnya mau beli triple box malah tapi gabisa euy jd kita order r*cheese aja via g*abfood,3,2018-07-12 12:35:06,0,
Pizza Hut Indonesia,com.pizzahut.phd,ed26e03b-38ec-4285-9a94-9a58854ee923,Pengguna Google,Ini kenapa di sidoarjo tidak ada lokasi phd?,3,2018-07-07 20:08:07,0,
Pizza Hut Indonesia,com.pizzahut.phd,b2aecd6a-7d2b-440e-b8d1-50c0f6e463dc,Pengguna Google,"Baru nyampe Yogya kemarin malem kecapekan terus tadi pagi niat mau makan siang pizza jadi mesen PHD di outlet Colombo dan diambil pas jam makan siang, eh katanya komputer lagi crash dan gak bisa nerima pesanan. Terus aku juga pesen lewat app ke outlet Kaliurang, sampe sana katanya bahan habis dan nunggu pengiriman. Terus aku nyoba pesan ke outlet PHD lain karena setahuku masih ada dua kalau gak salah di wilayah Godean sama Seturan, di aplikasinya malah gak ada outletnya. Mau mesen PHD aja susah bener :'(",3,2018-07-07 14:04:49,0,
Pizza Hut Indonesia,com.pizzahut.phd,4350855c-3269-48d3-a351-6b7e4e976a60,Pengguna Google,"App error , outlet ditujukan ke yg lebih jauh. Pdhl yg deket rumah ada tp gabisa pesen.",3,2018-07-07 13:37:30,0,
Pizza Hut Indonesia,com.pizzahut.phd,49272bc2-79da-4ca0-b308-4f778f7eb18d,Pengguna Google,Kecewa udah pesen lewat online tpi sampe disana ga ada pesanan saya.,3,2018-07-07 11:34:10,0,
Pizza Hut Indonesia,com.pizzahut.phd,8d6196c2-c169-4f2c-89cb-c966b7c750c3,Pengguna Google,Untuk wilayah kediri jatim ada PHD ga ya?,3,2018-07-07 11:09:19,0,
Pizza Hut Indonesia,com.pizzahut.phd,56dd32d7-46f0-4fd3-9f7b-003742ada193,Pengguna Google,Oven PHD cepet rusak ga punya spare ap??coba profesional dikit,3,2018-07-07 08:32:20,0,
Pizza Hut Indonesia,com.pizzahut.phd,de67b961-4d56-4056-90d0-4c434fd751a4,Pengguna Google,Alasan mulu yang diketintang bilang lampu mati.. Padahal warkop disebelahnya lampunya nyala.. Masa PHD kalah sama warkop.. Parrahhh.. Kl nggak siap promo yaa jgn nipu customer dong.. Yg professional..,3,2018-07-07 08:11:23,0,
Pizza Hut Indonesia,com.pizzahut.phd,b1099958-b529-43be-82c4-1df88d0de701,Pengguna Google,"mohon jika ada promo jgn bilang ada mslh atau trouble ini itu lah, pelanggan bisa sangat kecewa loh... sprti yg di alami sy kmrin.",3,2018-07-07 07:46:09,2,
Pizza Hut Indonesia,com.pizzahut.phd,0974c428-08c6-4423-bd27-bac6606bb6be,Pengguna Google,Kenapa setiap saya pesan antar tidak bisa continue tolong beri penjelasan ya dong saya udah masukan alamat kenapa?,3,2018-07-06 23:29:53,0,
Pizza Hut Indonesia,com.pizzahut.phd,222a002d-d07a-4075-9a1e-3dd8e76ca8b6,Pengguna Google,saya mau mesan lokasi saya dijambi tapi bacaannya error terus kenapa yang terdekat palembang,3,2018-07-06 22:34:16,0,
Pizza Hut Indonesia,com.pizzahut.phd,d2474fec-65b7-46eb-9149-1cac257a0936,Pengguna Google,"saya pesan lewat aplikasi setelah kesana disana habis padahal diaplikasi ada, saya ke phd ciputat yg dijalan merpati raya",3,2018-07-06 19:55:15,0,
Pizza Hut Indonesia,com.pizzahut.phd,25fae55c-1182-4ce1-8a2b-3ee0d04a65df,Pengguna Google,Balikpapan blm bisa ya.?,3,2018-07-06 18:44:43,0,
Pizza Hut Indonesia,com.pizzahut.phd,56836960-0e23-4426-83fa-30d0fd0a84db,Pengguna Google,"Kenapa lokasi sy tdk terdeteksi oleh phd? Malah yg jauh banget ke deteksi... lokasi sy dipalu, yg terdeteksi malah makasar. Gmn dong ini?",3,2018-07-06 12:08:40,0,
Pizza Hut Indonesia,com.pizzahut.phd,1a314ba1-aebc-488b-b468-1a4ba5de5e5e,Pengguna Google,kenapa pilihan outlet nya ga ad di pekanbaru ya?,3,2018-07-06 08:59:02,0,
Pizza Hut Indonesia,com.pizzahut.phd,ee1ba1e9-afa2-405c-a2ef-bdc9ad2f8df1,Pengguna Google,"Pesen take away untuk pengambilan jam 17.15 ga ada respon sama sekali sampai tokonya tutup. Status pesanan berubah tapi tidak diberikan konfirmasi apakah sudah bisa diambil atau belum. Jam 02.00 baru dpt email dan sms nya. Buat apa?? Nomor telpon 1500600 nya sudah berkali kali ditelpon sampai pulsa abis hanya nada tunggu tidak sampai diangkat cs, telpon outlet juga ga nyambung. Kalau pesan lewat aplikasi bagaimana kita tahu pesanan kita sudah bisa diambil atau belum??",3,2018-07-06 05:03:50,0,
Pizza Hut Indonesia,com.pizzahut.phd,1fbdac29-3519-4759-8a6e-81076d9935b1,Pengguna Google,Apk nya eror buat milih outlet di PKU,3,2018-07-05 21:39:17,0,
Pizza Hut Indonesia,com.pizzahut.phd,d3e7e91b-a2a8-4bad-aadd-e5130baa9211,Pengguna Google,Koq Otlet di banjarmasin gak bisa pake aplikasi ini ya? Kenapa agak susah sekali?,3,2018-07-05 19:55:59,0,
Pizza Hut Indonesia,com.pizzahut.phd,5afafabf-049b-4fc0-9daa-1f7b4fbd6e47,Pengguna Google,Kirim ke pasuruan bisa gak ya?,3,2018-07-05 17:59:42,0,
Pizza Hut Indonesia,com.pizzahut.phd,72d8515b-600b-4d26-8dd5-6e53581553d1,Pengguna Google,"Bagus sih dengan aplikasi sebentar aja udh bisa selesai pesan . Tapi kok aplikasi saya sll tidak respon belakangan ini , jadi kalo mau pesan harus telfon jadi tidak efektif. Harap balasannya :)",3,2018-07-05 17:58:12,1,
Pizza Hut Indonesia,com.pizzahut.phd,4d2ec50c-e7e7-40ea-803a-fbff9d08a0d3,Pengguna Google,Kenapa alamat pengiriman gak bisa terisi ya?? Saya dari Tasik pas mau klik almt pngrmn ada more outlet langsung ke Sumedang masa? Apa belum bisa d gunakan untk Tasikmalaya ya???,3,2018-07-05 17:45:25,0,
Pizza Hut Indonesia,com.pizzahut.phd,881beef2-b6be-4a00-9462-8cddccfed3bc,Pengguna Google,Ok saya coba nanti couniet aneh,3,2018-07-05 17:28:26,1,
Pizza Hut Indonesia,com.pizzahut.phd,746c92f3-8d3f-4838-a2c4-e20856621f70,Pengguna Google,Kenapa disaat sya mau order ke pizza hut terdekat selalu susah cari outlet nya padahal di mataram sudah ada pizza hut tpi sya gak menemukan outletnya di peta hanya di bali ajaa yg ada mohon bantuannya,3,2018-07-05 16:26:18,4,
Pizza Hut Indonesia,com.pizzahut.phd,1fbfc0b4-880c-4c7c-b885-721dbf525e29,Pengguna Google,Cara cek nomor pesanan bagaimna?,3,2018-07-05 14:14:09,1,
Pizza Hut Indonesia,com.pizzahut.phd,dd1c6cbe-db7e-4997-8447-c9085f3bf521,Pengguna Google,PHD cirebon ada tidak ka.,3,2018-07-05 13:52:22,0,
Pizza Hut Indonesia,com.pizzahut.phd,cb90efdf-a7db-4345-ace0-3d5dc642776c,Pengguna Google,Untuk PHD outlet wilayah kota Samarinda tidak terdaftar jadi tidak dapat digunakan aplikasi nya... Kuru piye toch UNINSTALL aja dah,3,2018-07-05 13:13:17,1,
Pizza Hut Indonesia,com.pizzahut.phd,3d4db68e-1a4e-4470-b461-5fca74ef9487,Pengguna Google,Kenapa saya ingin pilih menu pizza tapi lama sekali muncul pilihan nya proses terus,3,2018-07-05 12:35:03,0,
Pizza Hut Indonesia,com.pizzahut.phd,dac403ce-3a35-4af8-a187-473d9f6cb38e,Pengguna Google,"Lemot, katanya 30 menit sampai, ini 2 jam lebih gak sampai². Sudah dua kali diginiin ckck",3,2018-07-04 20:07:43,0,
Pizza Hut Indonesia,com.pizzahut.phd,9fad650a-a08f-4f89-b8d7-10124caa089e,Pengguna Google,Mohon diperbaiki layanan lokasi outletnya karena tidak muncul2.Terima kasih,3,2018-07-04 16:10:14,0,
Pizza Hut Indonesia,com.pizzahut.phd,6ceaac5d-68fb-42fa-a340-fcde69ecf735,Pengguna Google,Anehh ga bisa login yg d daftarin slah smua pdhl dah bner,3,2018-07-04 11:15:39,0,
Pizza Hut Indonesia,com.pizzahut.phd,340842ab-35ea-43b7-a9ad-8d6d1b8001d6,Pengguna Google,Over all bagus tapi pas pesen untuk jam 3 sore jam 2 di tlp katanya cancel ya karena oven rusak tetiba jam 21'30da lagi tlp katanya pizza siap d ambil nah lhoo ini gmn tadi d tlp katanya ga bisa malam2 sapa yang mau ambil d srh ambil ini sebenernya aplikasinya yg error atau pegawainya yang error aneh banget,3,2018-07-04 10:02:00,16,
Pizza Hut Indonesia,com.pizzahut.phd,676822f0-9bcc-4276-8d35-338c454da04e,Pengguna Google,Gimana ini ga bisa masukin alamat.. tulisannya geser pin ke lokasi yg benar..padahal udh bener.. ga jd deh pesennya..!!!,3,2018-07-03 17:27:05,0,
Pizza Hut Indonesia,com.pizzahut.phd,b624e4b4-63ef-4d7d-b7f2-00f1b6d1ef7f,Pengguna Google,Baru mau coba dlu ya..,3,2018-07-03 06:43:58,0,
Pizza Hut Indonesia,com.pizzahut.phd,58e9e582-34db-475d-80c2-89f20014abf4,Pengguna Google,Tahapan order masih membingungkan,3,2018-06-27 20:11:16,0,
Pizza Hut Indonesia,com.pizzahut.phd,5893f3bd-ab4e-4518-8c3d-6e149a25a982,Pengguna Google,Area pengiriman deliverynya tolong diperluas,3,2018-06-23 13:36:19,0,
Pizza Hut Indonesia,com.pizzahut.phd,109fc027-aff1-4245-b786-c64f9df85947,Pengguna Google,Dari KM.5 ke KM7 tdk dalam jangkauan pengantaran..berarti cm tetangga kiri kananya aja yg bs diantar..unnnn...tengkiyu..,3,2018-06-23 10:02:51,0,
Pizza Hut Indonesia,com.pizzahut.phd,eec8d000-bdbe-4b1c-a7fb-244df2e41288,Pengguna Google,Waktu itu saya pesan untuk dikirim jam 5 tapi baru datang jam 7. Setelah itu gak dapet voucher gratis pizza karna telat. Saya bingung sebenernya voucher itu gk dikasih kurirnya atau gk ada yaa,3,2018-06-22 13:05:05,0,
Pizza Hut Indonesia,com.pizzahut.phd,d4d9ac3f-69cd-40fd-a007-9802cf406c61,Pengguna Google,"Apa ini nggak bisa ke kabupaten Blitar, udah pesen kok nggak di Antar antar gimana sih",3,2018-06-20 07:43:04,0,
Pizza Hut Indonesia,com.pizzahut.phd,41ab65e1-7e6c-4eac-b9e3-f740f1e8c8fb,Pengguna Google,"Saran ssharusnya menu di app ditambah apa2 saja bahan(isi)nya. Saya kalau mau beli di app pasti lihat menunya di website pizza hut agar tau isinya apa saja. Klo kayak gini terus mah apa gunanya app ini. Saran juga pajak tolong jngn mahal banget, pajak di app saya rasa melebihi pajak makan langsung.",3,2018-06-18 16:16:26,0,
Pizza Hut Indonesia,com.pizzahut.phd,85e446e0-14de-4f8c-b5bd-6026da7feafc,Pengguna Google,Gak bisa di install,3,2018-06-17 19:24:28,0,
Pizza Hut Indonesia,com.pizzahut.phd,5f09b7dd-af3b-43a4-9fd3-46d0d4e2a24f,Pengguna Google,"Pesan antar nya tidak sampai dirumah saya, saya mohon untuk jangkauan pesan antarnya lebih diperluas lagi.",3,2018-06-17 07:48:03,0,
Pizza Hut Indonesia,com.pizzahut.phd,5c4b5435-0df2-413d-8098-b7310179250d,Pengguna Google,"Kenapa wilayah jambi ngga bisa pake apps y ? Terus d harusin mesen lewat OjOl (ojek online) atau datang langsung.. Di OjOl pun harga ny ngga sama, selisih 10rb blm termasuk ongkos kirim.. misal d menu restoran tertulis pan pizza A 35k d ojol jd 45k + ongkir, Saya minta tolong kepada pengembang untuk terus memperluas jaringan apps.. good job buat pengembang",3,2018-06-06 15:43:53,2,
Pizza Hut Indonesia,com.pizzahut.phd,7b280927-dfab-4859-9fd2-698c5f388c27,Pengguna Google,Halo phd.. Saya order chicken teriyaki di tulungagung. Keterangannya dapat surimi wrap 3 pcs tapi ternyata cuma dapat 2 pcs gak sesuai dengan aplikasi,3,2018-06-04 17:20:14,0,
Pizza Hut Indonesia,com.pizzahut.phd,eb3f99c1-1628-4dfd-a6a7-95d093a22a33,Pengguna Google,"Delivery nya masih buruk , terbatas jangkauan 😤 gak bisa delivery pakek aplikasi ini",3,2018-06-01 15:43:49,0,
Pizza Hut Indonesia,com.pizzahut.phd,5895f702-54f6-4973-9d30-676216427120,Pengguna Google,"Worth It but any problem,kenapa promo terbaru pizza hut yg triple box ga keluar diaplikasi PHD ya?",3,2018-05-26 23:49:35,0,
Pizza Hut Indonesia,com.pizzahut.phd,0dfd3bfc-c2c4-45bc-8345-c2371d204b79,Pengguna Google,"Tolong aplikasinya di lengkapi dengan penjelasan menu, contohnya meat lover itu isinya apa? Kasih penjelasan, dan tolong gambar nya bisa di zoom dan di save, terima kasih",3,2018-05-26 14:20:19,16,
Pizza Hut Indonesia,com.pizzahut.phd,8be183d5-387e-4482-abb8-9c61944996a8,Pengguna Google,"Transaksi uji coba tgl 150518, bagus cukup cepat namun biaya pengiriman cukup mahal padahal jaraknya gak sampai 1 km, mendingan pake OJol. Petugas delivery juga kurang ramah, spt kurang ditraining. Dikasih kembalian biarpun sedikit gak bilang terima kasih. Mohon ditingkatkan....",3,2018-05-17 13:08:57,1,
Pizza Hut Indonesia,com.pizzahut.phd,df7a2d65-70ad-4aa4-ba79-af022e1a3e11,Pengguna Google,Apakah untuk banda aceh sudah ada...krna saya coba untuk pesan..posisi yg terdekat..di binjai...,3,2018-05-13 19:51:39,2,
Pizza Hut Indonesia,com.pizzahut.phd,c6a01dcf-0152-42d4-8772-3fcdf8a0c67b,Pengguna Google,Bisa bayar ditempat ga?,3,2018-05-12 16:50:28,4,
Pizza Hut Indonesia,com.pizzahut.phd,3c2165f3-76e9-4938-b90f-09ed8ee8244d,Pengguna Google,Abis di update kok pas mau pesen masukin alamat loading mulu ya ? Padahal sebelumnya oke2 aja,3,2018-05-05 09:19:42,4,
Pizza Hut Indonesia,com.pizzahut.phd,c1d0521f-2e1a-4dc1-8951-33b33748b451,Pengguna Google,"Aplikasi lumayan membantu, oh ya belim ada fitur biat bepi gift voucher ya?",3,2018-05-03 21:18:45,0,
Pizza Hut Indonesia,com.pizzahut.phd,50de90a6-9e62-43e4-8ee4-3f9d1d58cfd6,Pengguna Google,Gan di tegal udah ada nggak?,3,2018-05-01 09:56:59,11,
Pizza Hut Indonesia,com.pizzahut.phd,cc8d91a8-1bb8-49d7-9f5d-93c1871c5528,Pengguna Google,Cukup membantu untuk pesan pizza tanpa harus antri dan keluar rumah,3,2018-04-24 12:08:07,0,
Pizza Hut Indonesia,com.pizzahut.phd,30ac92ca-9138-42bd-a853-e220e2c89067,Pengguna Google,Menunya ga kumplit,3,2018-04-18 18:00:39,0,
Pizza Hut Indonesia,com.pizzahut.phd,b40ee0b0-38b8-40a5-8212-6ab0dd0668c9,Pengguna Google,PHD ngirit pulsa apa gi mana ya?? tidak ada konfirmasi sedikitpun lewat percakapan. kan gue jadi rada bingung pesanannya di kirim/tidaknya.,3,2018-04-17 09:15:59,0,
Pizza Hut Indonesia,com.pizzahut.phd,0388a153-b2ad-4021-93ef-1b67beb16b0b,Pengguna Google,"Ko gk lengkap menunya,padaha kan menu pizza hut banyak",3,2018-04-15 14:47:18,0,
Pizza Hut Indonesia,com.pizzahut.phd,f1c4a90f-bef7-422a-b2a4-43c5675421a9,Pengguna Google,Baru donlot blm tau cara ordernya susah sekali 😦 kalau order by phone adakah mo tlp PHD depok,3,2018-04-15 11:15:27,0,
Pizza Hut Indonesia,com.pizzahut.phd,7c508bb6-43bb-4ac5-97bb-222968ffa8da,Pengguna Google,Aplikasi nya harus lbh baik lg jgn buat castemer nya kecewa bgt.,3,2018-04-07 08:12:45,0,
Pizza Hut Indonesia,com.pizzahut.phd,89eb8a9e-3c3b-4bdd-9002-b9fb9d8765f2,Pengguna Google,"Kok saya gabisa daftar pake account google ya? Selalu ada notif ""Please account with otp"" itu knp yaa min?",3,2018-04-03 15:08:36,0,
Pizza Hut Indonesia,com.pizzahut.phd,6f3bb980-e77f-43ec-aab7-bca229a833b4,Pengguna Google,Apakah bisa digunakan di Balikpapan??,3,2018-03-31 06:34:29,0,
Pizza Hut Indonesia,com.pizzahut.phd,7cdc5a54-da63-4bf4-868b-c41e9f5f440a,Pengguna Google,"Banyakin PROMO apalg online, contoh McD dan KFC dong..pke debit dapat diskon sampai 40%",3,2018-03-30 21:50:50,8,
Pizza Hut Indonesia,com.pizzahut.phd,3c4af374-b725-4e54-8281-2f4a57c50d1d,Pengguna Google,Sama ini kayaknya kok setiap OTP yg dmasukkan gak.bisa buat masuk.lagi,3,2018-03-27 14:59:44,0,
Pizza Hut Indonesia,com.pizzahut.phd,13d40e38-d5e6-45b8-a870-9727c7787084,Pengguna Google,"Untuk menu app PHD di update dong, menu black pizza dah di iklan di tv udah ada di app belum ada",3,2018-03-24 17:01:40,5,
Pizza Hut Indonesia,com.pizzahut.phd,c9d09815-b547-466b-b172-b4f97f055171,Pengguna Google,oke aja. tidak update kalau ada menu baru.,3,2018-03-07 20:27:40,0,
Pizza Hut Indonesia,com.pizzahut.phd,57c47503-aab2-4662-8b77-fc26c05f489f,Pengguna Google,"Pelayanan ramah , usul saja , di bawakan saos tambahan untuk customer jika minta tambah saos sambal",3,2018-03-04 23:26:34,0,
Pizza Hut Indonesia,com.pizzahut.phd,c1560bc3-f9fb-49ca-be82-f39f56fd361a,Pengguna Google,Sangat mempermudah pemesanan,3,2018-03-02 18:12:10,0,
Pizza Hut Indonesia,com.pizzahut.phd,5e268b86-2d98-445b-9c22-766c7fb553b3,Pengguna Google,"Nanya? maksud tari take away itu, kita ambil ke outlet atau kita cod'an ketemuan menyesuaikan? Mohon jawabannya",3,2018-02-27 17:14:55,0,
Pizza Hut Indonesia,com.pizzahut.phd,e4890ac6-35bf-42a1-a241-1e545a9bb9b7,Pengguna Google,Di manado ada gak?,3,2018-02-27 13:52:58,2,
Pizza Hut Indonesia,com.pizzahut.phd,fb632532-fb64-4b8b-accc-bfaaaa1e34c6,Pengguna Google,tolong dong agar bisa melakukan pembayara via e-banking atau m-banking agar konsumen di permudah dari segi pembayaran,3,2018-02-27 07:22:57,9,
Pizza Hut Indonesia,com.pizzahut.phd,b2a5c9d4-5f36-4f29-8f7d-5fa17f0bc4d2,Pengguna Google,"Tidak semua wilayah dapat terjangkau, seharusnya bisa kemana ajaa yg penting tarif menyesuaikan kayak ojol ajaa",3,2018-02-25 02:22:24,0,
Pizza Hut Indonesia,com.pizzahut.phd,3c6f9a6e-601a-4bf3-9c4e-113e4225c552,Pengguna Google,masih kuramg simpel,3,2018-02-23 18:44:05,0,
Pizza Hut Indonesia,com.pizzahut.phd,e875dbdb-8f09-46d1-b97c-3ff47a1513cf,Pengguna Google,"Yeay, thanks PHD. Akhirnya setelah request pada tahun lalu, sekarang resmi dibuka outlet PHD cabang Kota Cirebon 🎉 Tapi, saya coba order via aplikasi kok outlet Kota Cirebon belum tersedia?",3,2018-02-14 16:49:46,17,
Pizza Hut Indonesia,com.pizzahut.phd,183b13bb-6501-49f4-bf1b-a0fd452617a2,Pengguna Google,Kenapa Yahhh gk bisa ngejakau rumah saya??,3,2018-02-12 17:53:20,0,
Pizza Hut Indonesia,com.pizzahut.phd,8dc660a8-f82b-44c6-8c09-1988c7be1bfd,Pengguna Google,Bisa baya di tempat gk,3,2018-02-12 13:49:29,0,
Pizza Hut Indonesia,com.pizzahut.phd,8afa8479-06f5-4884-b945-1755402e5804,Pengguna Google,Knapa yang PH di pahlawan (Bogor Selatan) tidak terdeteksi? Jadi kalo pesan harus yg PH Padjajaran,3,2018-02-09 15:08:28,0,
Pizza Hut Indonesia,com.pizzahut.phd,87984534-2af6-47fe-b6b9-17f061447d04,Pengguna Google,Kenapa tidak bisa di kirim ke tempat saya,3,2018-02-05 16:37:02,0,
Pizza Hut Indonesia,com.pizzahut.phd,d33be8eb-1b17-4776-bf31-fd50d79ce67c,Pengguna Google,Kasih 3* dulu yah klu sdh pernah memang via aplikasi ini baru di tambah *nya....,3,2018-01-26 14:29:58,0,
Pizza Hut Indonesia,com.pizzahut.phd,216ba9ab-7fad-4a9f-afd3-fe429d3a2641,Pengguna Google,ongkos untuk sekali pengiriman brpa?,3,2018-01-25 17:27:16,0,
Pizza Hut Indonesia,com.pizzahut.phd,c6ccb679-7b19-43e1-9ca3-49258e2dd24c,Pengguna Google,Tolong yah kalau bisa ada perincian isi makanannya biar bisa tau apa saja yang ada dipizza tsb,3,2018-01-22 17:03:13,0,
Pizza Hut Indonesia,com.pizzahut.phd,c38ced34-86e6-426c-9e8a-4c6a3343864a,Pengguna Google,"Aku ga bisa psen anter suruhnya take away trus ngapain atuuh ada phd...klo hrus kesana2 jg?,,,",3,2018-01-04 05:04:08,0,
Pizza Hut Indonesia,com.pizzahut.phd,51d7d920-22fd-40ba-adea-2e0ba2bc66d8,Pengguna Google,"Saran yaa, bisa sih kalo setiap jumat buat bagi bagi pizza gratis. Itung itung amal lah.. masak kalah sm warung2 yg lebih sederhana?",3,2017-12-28 23:46:29,0,
Pizza Hut Indonesia,com.pizzahut.phd,e94ceca8-9ec7-469b-adcf-c5d915058ceb,Pengguna Google,Cara Bayar Ditempat Gimana Yahhh..??? Pendapatnya Dong,3,2017-12-27 10:25:59,0,
Pizza Hut Indonesia,com.pizzahut.phd,72b77ee6-d1c0-4951-bda7-b5900dde80f8,Pengguna Google,Tolong ditingkatkan lagi. Setelah saya order by apps dan dapet voucher beserta kode. Tapi saat saya menggunakannya voucher tsb tidak bisa di input karna voucher tidak berlaku. Ujung2nya saya order via tlp. Sebaiknya disingkronkan antara voucher yg diterima dgn aplikasi. Percuma ada apps tapi ujung2nya tlp. Thankss,3,2017-12-27 00:19:31,0,
Pizza Hut Indonesia,com.pizzahut.phd,9b9df765-87e6-495c-8478-f5ce15f2a3cf,Pengguna Google,Masih mencoba aplikasi ini,3,2017-12-24 06:17:59,0,
Pizza Hut Indonesia,com.pizzahut.phd,63d1fe07-1332-49ef-a651-302b6617310c,Pengguna Google,"Kenapa pilihan pembayarannya cuma Ditempat, Credit Card sama DOKU, tolong tambahin debit atau transfer gitu biar enak",3,2017-12-23 14:56:46,4,
Pizza Hut Indonesia,com.pizzahut.phd,19b14f86-b3e0-40f8-a309-5d0458a93e05,Pengguna Google,Sy suka delv cepet bgt setiap X Order 😚,3,2017-12-21 14:40:27,1,
Pizza Hut Indonesia,com.pizzahut.phd,a3cfdeb3-661a-4002-93c0-e88863354b17,Pengguna Google,Di medan bisa order gak,3,2017-12-20 10:16:21,0,
Pizza Hut Indonesia,com.pizzahut.phd,136d5931-8fe4-420d-b375-a8bbceebcf18,Pengguna Google,3 aja dulu bintangnya karena belum nyoba tuk order...ntar kalau memang bermanfaat n oke saya tambah bintangnya..,3,2017-12-20 06:48:31,0,
Pizza Hut Indonesia,com.pizzahut.phd,f90625aa-092f-4da4-b7de-eb3fe40f7022,Pengguna Google,Sy coba dulu,3,2017-12-17 16:57:09,0,
Pizza Hut Indonesia,com.pizzahut.phd,3adb4798-646a-440a-8b0f-10c15b606eb2,Pengguna Google,Alamat ga masuk area delevery aneh ya pdhl jalan depan aja bisa masa suruh nunggu dipinggir jalan pdl cuma jarak 50meter....gmn sih....,3,2017-12-17 09:10:23,14,
Pizza Hut Indonesia,com.pizzahut.phd,ae3df42c-bb1e-45a2-b545-8648493db753,Pengguna Google,3 dulu nanti kalau bagus tambah lagi,3,2017-12-16 19:44:59,3,
Pizza Hut Indonesia,com.pizzahut.phd,e20776f2-502f-4bfc-854b-9b7a7801d9ac,Pengguna Google,"Sejauh ini, not bad :)",3,2017-12-14 14:54:53,4,
Pizza Hut Indonesia,com.pizzahut.phd,6dcab07a-cf9e-4f77-a5bd-1a6d6d61e423,Pengguna Google,Baru mau coba klu bagus tambah lagi,3,2017-12-10 16:50:18,0,
Pizza Hut Indonesia,com.pizzahut.phd,3b3946a9-dc83-441e-b5fc-3ccd5a9fc83f,Pengguna Google,isin dong ingredients atau bahan2 utamanya biar yang awam bisa memilih dengan cermat biar ga nyesel milihnya,3,2017-12-08 08:43:43,0,
Pizza Hut Indonesia,com.pizzahut.phd,5dcbf2e7-2923-4435-a516-e088a587d4dd,Pengguna Google,baru cb.. nanti kl oke. saya kasih 5',3,2017-12-05 18:42:02,0,
Pizza Hut Indonesia,com.pizzahut.phd,dc57c214-cb32-4ff0-afaa-ac1ef0f07381,Pengguna Google,keterangan tidak lengkap mohon diperbaharui supaya kita tau komposisi makanan yg kita pesan,3,2017-12-05 08:45:28,0,
Pizza Hut Indonesia,com.pizzahut.phd,720c2490-ff2e-430c-95a7-fc1052163487,Pengguna Google,30 menit ga sampe gratis ya,3,2017-12-03 00:15:06,0,
Pizza Hut Indonesia,com.pizzahut.phd,1b892b63-8679-4f20-938e-fb38dad0b0ce,Pengguna Google,"Spek pizza-nya kurang lengkap,coba diksh ketrngnnya isinya ini/itu/topingnya apa..biar konsumen bs milih.tlng diperbaharui",3,2017-12-01 10:38:51,8,
Pizza Hut Indonesia,com.pizzahut.phd,106c7d92-56a0-46af-8625-dc256ff12737,Pengguna Google,"Baru mau daftar udh ga bisa, kode otp ga di kirim2 ke no hp nunggu lama banget ga ada2 jg kode ny",3,2017-11-30 19:59:29,14,
Pizza Hut Indonesia,com.pizzahut.phd,af8c841a-b22b-4e7e-afa1-24ff15c7df9f,Pengguna Google,Apakah kalo order bayar dirumah bisa gan,3,2017-11-25 15:18:00,0,
Pizza Hut Indonesia,com.pizzahut.phd,b14009de-3201-4f9d-8d7f-3667da3c032b,Pengguna Google,"Pizza Hut Abepura, Jayapura belum bisa yaa di Delivery lewat apk ne... Tolonv dong supaya PH di sini bisa delivery lewat apk. Thank You",3,2017-11-25 08:35:46,6,
Pizza Hut Indonesia,com.pizzahut.phd,ff814624-9d20-4644-aad3-b0b03af61041,Pengguna Google,"Klw daerah sukabumi bisa COD ga kak,,",3,2017-11-15 09:39:37,0,
Pizza Hut Indonesia,com.pizzahut.phd,ae1a9da7-9e70-4f27-bd60-1eacf4d7733a,Pengguna Google,"Udah pesen hampir 1 jam gak nyampe2, padahal jaraknya cuma 1km. Waktu pertama kali beli juga cepet 😧",3,2017-11-12 19:02:51,3,
Pizza Hut Indonesia,com.pizzahut.phd,f16dd0f3-c872-4949-914a-6aea4d64436e,Pengguna Google,Mencoba dulu Kalo bagus tambah bintang,3,2017-11-12 15:01:20,0,
Pizza Hut Indonesia,com.pizzahut.phd,a201e29d-10d6-4225-a709-44f6a183bea5,Pengguna Google,Bisa gak kirimannya ke kota medan,3,2017-11-11 19:52:03,0,
Pizza Hut Indonesia,com.pizzahut.phd,c9442578-1852-48e0-aa27-4b334785b6d4,Pengguna Google,"Buat supaya bisa tuker kupon lewat aplikasi ini,pasti lebih menyenangkan..",3,2017-11-10 06:10:39,5,
Pizza Hut Indonesia,com.pizzahut.phd,5d8dd1e4-4228-42cd-813b-db7ec7116753,Pengguna Google,Sayang blum ada di lombok padahal suka banget beli makanan delivery,3,2017-11-07 18:36:43,0,
Pizza Hut Indonesia,com.pizzahut.phd,d0bcc3fe-5f10-45fb-a874-b56d8623b38f,Pengguna Google,"Pesanan sudah 3jam, tp belum sampai2, kalau memang tidak di kirim, tolong di kasih pemberitahuan, biar pelanggan ga nungguin,",3,2017-11-06 18:17:11,2,
Pizza Hut Indonesia,com.pizzahut.phd,c42a791f-9347-49ab-be2a-7753f32cea5b,Pengguna Google,Untuk karawang ko gak bisa yah ??? Katanya seluruh indonesia.. mohon penjelasannya.,3,2017-10-31 12:15:33,0,
Pizza Hut Indonesia,com.pizzahut.phd,125a14f9-f2b9-4aab-96e0-0955ac5c2a83,Pengguna Google,Mau tanya apa PHD ini hanya untuk daerah atau kota tertentu?apa kalau dipekanbaru udah bisa?,3,2017-10-31 00:57:43,0,
Pizza Hut Indonesia,com.pizzahut.phd,30843054-acdb-4137-a082-7914dd6ffe1f,Pengguna Google,Untuk kota samarinda jalan padat karya perum puspita bengkuring blok au no.1 tidak bisa di antar. Tolong konfirmasinya,3,2017-10-23 10:10:44,0,
Pizza Hut Indonesia,com.pizzahut.phd,3ff015ba-7fa7-4f46-85d6-eecd3e7ee2be,Pengguna Google,Pengantar pizza kadang ga bawa kembalian T_T,3,2017-10-20 14:14:32,0,
Pizza Hut Indonesia,com.pizzahut.phd,8634cc00-bb01-4349-af50-69081ed13019,Pengguna Google,Phd apa sudah ada dikota Tulungagung Jawa Timur...,3,2017-10-19 01:04:50,0,
Pizza Hut Indonesia,com.pizzahut.phd,8deffd06-61b3-411f-bcd0-07e4a571eb6a,Pengguna Google,Apakah sudah ada PHD daerah serang banten ?,3,2017-10-15 20:39:10,0,
Pizza Hut Indonesia,com.pizzahut.phd,456cfc79-e3a0-4ada-941c-396ba7c61b62,Pengguna Google,"Padahal jarak rumah saya dengan outletnya deket, kok gak bisa ngirim sih",3,2017-10-15 16:55:17,0,
Pizza Hut Indonesia,com.pizzahut.phd,61c69abe-16fe-48a1-a4c1-dd574ce2ded0,Pengguna Google,Kecamatan katapang kab. Bandung bisa delevery ga ya,3,2017-10-13 20:34:47,0,
Pizza Hut Indonesia,com.pizzahut.phd,3f13b861-d7ff-40ef-8336-cec13c0782cc,Pengguna Google,"Kalau dah pesen ada ongkirnya ga ya, tolong jawab",3,2017-10-07 10:34:07,0,
Pizza Hut Indonesia,com.pizzahut.phd,01cb5924-7851-494a-984d-35cd508fe6cb,Pengguna Google,Mhon maaf cara pembayaran nya gmna ya ??,3,2017-10-07 06:54:47,0,
Pizza Hut Indonesia,com.pizzahut.phd,c69f4627-edb2-4890-9563-c1a71a338533,Pengguna Google,Semua makanan antar g ad yg bisa m banking y? Y udah tidak jadi... Maaf y,3,2017-10-04 15:50:38,1,
Pizza Hut Indonesia,com.pizzahut.phd,87e6afd0-871e-434d-90e9-e87272a040b0,Pengguna Google,"Kalo untuk wilayah haurgeulis, kab indramayu bisa gak ka kalo deliver pesan ke pizza hut di jakarta",3,2017-10-04 07:19:15,0,
Pizza Hut Indonesia,com.pizzahut.phd,96065c6b-29e1-4c30-8876-6e409a3dfde7,Pengguna Google,Ini cara pembayarannya langsung di rumah apa lewat transfer?,3,2017-10-03 22:53:59,1,
Pizza Hut Indonesia,com.pizzahut.phd,3ed99b77-477d-4570-9c9a-65889790d47e,Pengguna Google,Untuk wilayah kota Mojokerto bisa nggak y,3,2017-10-03 10:14:32,0,
Pizza Hut Indonesia,com.pizzahut.phd,5ac42d55-cb3c-424f-a3c1-132501511003,Pengguna Google,"Klo dikirim ke Genuk, semarang Timur bisa gk? Brp ongkirnya?",3,2017-10-03 00:06:32,1,
Pizza Hut Indonesia,com.pizzahut.phd,5b0f9eca-09e1-4bab-9d2c-bef52b6f53be,Pengguna Google,saya salah kirim alamat gimana nihh padahal udh proses,3,2017-09-28 18:14:32,0,
Pizza Hut Indonesia,com.pizzahut.phd,d073c816-87a0-4197-8379-b0e9a62bc244,Pengguna Google,Y. Lagi coba dulu,3,2017-09-25 10:36:26,0,
Pizza Hut Indonesia,com.pizzahut.phd,e8d046cf-f1ef-4a06-b7e6-5d2eb40626ad,Pengguna Google,Harus nya ada catatan tambahan,3,2017-09-24 15:36:27,0,
Pizza Hut Indonesia,com.pizzahut.phd,f3df73a4-246d-409f-9770-34c3875141d4,Pengguna Google,Saya cuma iseng padahal ga jadi kok jadi beli sendiri,3,2017-09-21 20:28:53,1,
Pizza Hut Indonesia,com.pizzahut.phd,7d70d2c4-1f71-44f5-855a-f0cd9ca85798,Pengguna Google,Tidak terjangkau semua di daerah sumatra ( jambi ) app nya ngk fungsi 😓,3,2017-09-21 13:53:18,0,
Pizza Hut Indonesia,com.pizzahut.phd,39fbf131-87ec-4d1e-aa8b-968f96d7a12c,Pengguna Google,Ko tidak bisa mengirim ketempat saya terus harus gmna disuruh tercantum saya tidak bisa mengirimkan ke lokasi anda,3,2017-09-21 02:45:43,0,
Pizza Hut Indonesia,com.pizzahut.phd,ff88970f-11f8-4a18-854f-f8911ea6ee48,Pengguna Google,"sebenarnya apk ini sudah baik. cukup membantu. hanya saka GPS Kurang akurat. saya pesan di citraland. masuknya di ciputra. jadi nunggu lama lagi. tolong di GPS nya di tingkatkan. sama sedikit saran. klo bsa opsi menunya di bawa harga di kasih juga donk. biar tau dapetnya apa aja dan berapa macam. makasih ,;)",3,2017-09-19 06:03:04,17,
Pizza Hut Indonesia,com.pizzahut.phd,7eabb6a9-ca25-46b9-ae8b-bd21e155a0bc,Pengguna Google,"Buat pengaturan lokasi selalu error nih, tolong perbaikan dong sama metode pembayaran biar lebih gampang",3,2017-09-17 13:51:05,0,
Pizza Hut Indonesia,com.pizzahut.phd,f87190ae-3315-46f0-9258-792978ae5f63,Pengguna Google,"Smoga harga trjangkau,rasanya enak,bisa C.O.D,plyanan ramah & g pk lama..br ok",3,2017-09-12 02:21:53,0,
Pizza Hut Indonesia,com.pizzahut.phd,850b8400-f256-49dd-ba04-de87030fad8d,Pengguna Google,Saya mau tanya apakah ini bayar di tempat dan apakah isi ongkir?,3,2017-09-11 17:23:01,0,
Pizza Hut Indonesia,com.pizzahut.phd,076ad9ac-84f9-4036-b7ea-e6918ce500da,Pengguna Google,"Kaoo pesan kira"" barapa jam untuk diantar nya ?",3,2017-09-09 11:35:17,1,
Pizza Hut Indonesia,com.pizzahut.phd,52aa3bab-56fb-4538-aa4d-fdc958f096e7,Pengguna Google,Knapa tidak disediakan juga delivery order untuk daerah kepulauan seribu,3,2017-09-09 07:51:49,0,
Pizza Hut Indonesia,com.pizzahut.phd,69defe15-2dcc-4420-a4bc-73434ae16c6f,Pengguna Google,tolng dong tambahin daerah ke regensi 1 cibitung bekasi,3,2017-09-06 12:52:00,0,
Pizza Hut Indonesia,com.pizzahut.phd,a58c5989-2855-4020-acc7-012e6786b222,Pengguna Google,"Saya ingin memesan, tapi kenapa delalu terkendala?? Tolong bantuannya.",3,2017-09-01 20:24:56,0,
Pizza Hut Indonesia,com.pizzahut.phd,9f279667-8057-433e-bf32-1f9b8a32bab5,Pengguna Google,"App nya bagus. Tapi untuk mempermudah customer, tolong tampilkan deskripsi pada menu nya.",3,2017-08-11 15:56:49,0,
Pizza Hut Indonesia,com.pizzahut.phd,bebdf309-c0a4-430f-b3c9-fc1f6589699d,Pengguna Google,Semoga app ini tidak mengecewakan,3,2017-08-02 18:51:20,0,
Pizza Hut Indonesia,com.pizzahut.phd,56a7b3d0-a044-42e1-b6a3-c60055e98351,Pengguna Google,"Kok daftar susah ya,buat aktifasi sms kga ke kirim2",3,2017-07-31 09:29:43,0,
Pizza Hut Indonesia,com.pizzahut.phd,87b7eaca-f188-42d4-b7e6-6bd229b9ba9f,Pengguna Google,"App nya bagus. Tapi kadang2 loading nya lambat. Padahal jaringan nya bagus.. klo mw masukin kupon ""Maaf"" gmana yah. Sering dapet nih. PHD Kalimalang. Sering telat nganternya",3,2017-07-29 11:20:19,40,
Pizza Hut Indonesia,com.pizzahut.phd,43957396-e056-4367-8bdc-bf808d27e340,Pengguna Google,Pesan yg ke 2 kali agak kecewa Karna telaat Satu Jam terus ngambil Voucher Gratis Pizza nya repot,3,2017-07-25 17:29:27,0,
Pizza Hut Indonesia,com.pizzahut.phd,524c8a04-b3d0-4c0b-81bf-fb3ee70326e1,Pengguna Google,Coba dlu lahh,3,2017-07-20 16:12:44,0,
Pizza Hut Indonesia,com.pizzahut.phd,1134269a-7ca4-4080-85cb-d3c19ace3fd4,Pengguna Google,"3 dulu yaa, mo liat di daerah cibitung t'jangkau ga yaa???",3,2017-07-19 15:30:30,0,
Pizza Hut Indonesia,com.pizzahut.phd,913a847d-0aa7-4be2-9985-f3556bd0b810,Pengguna Google,Tambahin Kota cirebon dong minnn...,3,2017-07-15 17:45:11,0,
Pizza Hut Indonesia,com.pizzahut.phd,0c995d65-a135-45e7-a1c4-44f25392b64b,Pengguna Google,Aplikasi sangat membantu dan keren,3,2017-07-15 13:24:18,0,
Pizza Hut Indonesia,com.pizzahut.phd,c092f540-d5c5-4335-ba72-78fee62d7774,Pengguna Google,"Oke sih, tapi lebih hemat kalo mesen pake go food wkwkwk",3,2017-07-13 19:10:48,0,
Pizza Hut Indonesia,com.pizzahut.phd,02cd0da1-6faf-46ef-9528-ac3464666254,Pengguna Google,Kak.. Knpa saya gabisa daftar ya.. Kode verifikasinya gak ada dikirim.. Saya udah ngulang daftar tetap gaada kiriman kodenya kak.. Tolong dong 😭😭,3,2017-07-13 13:54:13,0,
Pizza Hut Indonesia,com.pizzahut.phd,1651f3dc-c797-422d-af2e-fd638738263b,Pengguna Google,Yang area Salatiga kok belum bisa yaaa?,3,2017-07-12 15:31:43,0,
Pizza Hut Indonesia,com.pizzahut.phd,4a9d821d-1bc0-46c4-aae5-d24d3a554927,Pengguna Google,"Saya mau beli tapi takut biaya dikirimnya mahal, jadi saya kasih bintang 3 dulu, kalau gratis saya akan kasih bintang 5",3,2017-07-09 20:02:21,0,
Pizza Hut Indonesia,com.pizzahut.phd,cd9e3c65-4bfc-45a0-b8f9-c402750b199c,Pengguna Google,"apa mmg tiap daerah berbeda harganya, soalnya brp saya pesan beda harga dgn yg di aplikasi",3,2017-07-09 18:05:10,0,
Pizza Hut Indonesia,com.pizzahut.phd,9531f9c1-72fb-4a7f-b3de-8f7a69813aa3,Pengguna Google,"Lokasi di gelam jaya-pasar kemis,kok ga bisa jangkauan pengirimannya...",3,2017-07-08 10:30:24,0,
Pizza Hut Indonesia,com.pizzahut.phd,b286856b-dbdc-48ac-b807-d8f906cabb07,Pengguna Google,Mencoba klo bgus saya tmbh bintngnya,3,2017-07-07 02:27:55,0,
Pizza Hut Indonesia,com.pizzahut.phd,5c6f8682-b313-4d97-abd1-1ed4807397e6,Pengguna Google,Apaan nih kodenya blm di kirim kirim sampai sekarang lama bbngt,3,2017-07-04 12:38:03,0,
Pizza Hut Indonesia,com.pizzahut.phd,c603893c-cdaa-4501-8426-0f85fdc88be9,Pengguna Google,Saya baru download app ini menurut saya cukup bagus,3,2017-07-03 11:28:28,0,
Pizza Hut Indonesia,com.pizzahut.phd,9688b2d3-b22c-45d2-9180-08a6b32f3693,Pengguna Google,Kok pesanan saya dikonfirmasinya lama ya,3,2017-06-30 13:14:30,0,
Pizza Hut Indonesia,com.pizzahut.phd,caa6f1d2-41e8-46c7-a903-b94e59d0e8dd,Pengguna Google,sebaiknya wilayah delivery nya di luasin lagi,3,2017-06-30 12:46:08,0,
Pizza Hut Indonesia,com.pizzahut.phd,9c86b729-2dff-4e20-b033-a82f793bc7bd,Pengguna Google,Saya ingin coba dulu kalau bisa nanti kasih 5 bintang,3,2017-06-29 12:56:17,0,
Pizza Hut Indonesia,com.pizzahut.phd,8d2de7df-06ac-48c9-afd1-c81967c0175a,Pengguna Google,"Rumah saya ada di palembang, pizza hut-nya belum masuk pesan antar online..., saya mohon di adakan di daerah sini. Terimah kasih. : )",3,2017-06-27 17:51:36,0,
Pizza Hut Indonesia,com.pizzahut.phd,06f991b5-a016-48e9-9a3e-cec4daf421e0,Pengguna Google,"Saya biasa pesan antar via telfon gda masalah dgn lokasi, karena memang +/-2km dari outlet. Kenapa pake aplikasi ini ga terjangkau lokasinya?",3,2017-06-27 15:12:31,0,
Pizza Hut Indonesia,com.pizzahut.phd,53f378a2-4799-4be7-8a21-dd039ce3a811,Pengguna Google,Coba dlu gan,3,2017-06-27 12:30:45,0,
Pizza Hut Indonesia,com.pizzahut.phd,7ffc8f2a-60af-45f1-be6a-ecf03b0e3ca9,Pengguna Google,Gabisa menjangkau daerah rumah saya 😂 bete,3,2017-06-26 18:20:16,0,
Pizza Hut Indonesia,com.pizzahut.phd,78206743-d390-4812-aabc-e4dfc3b6e0e5,Pengguna Google,"Saya nunggu pesanan sampai 1,5 jam dan statusnya masih dimasak terus. Lama",3,2017-06-26 15:16:06,0,
Pizza Hut Indonesia,com.pizzahut.phd,a4e9ca08-c2fa-45bb-86c2-efac141181e4,Pengguna Google,"Kok, nggak bisa order ya?!",3,2017-06-25 17:56:21,0,
Pizza Hut Indonesia,com.pizzahut.phd,2ea54165-2a98-43de-82da-e4442f26a654,Pengguna Google,"Kagak bisa liat menu dulu, masa harus langsung pesen",3,2017-06-23 11:23:02,0,
Pizza Hut Indonesia,com.pizzahut.phd,d6cfc5a0-2052-46ec-b501-4a937bb0616a,Pengguna Google,Sudah seneng sih tapi ya begitu area tidak terjangkau huhu :(.,3,2017-06-21 12:07:34,0,
Pizza Hut Indonesia,com.pizzahut.phd,8781e91b-f8a8-45f5-a4da-b1872ce15190,Pengguna Google,Cheeseburger menu gak ada ya,3,2017-06-16 16:45:07,0,
Pizza Hut Indonesia,com.pizzahut.phd,e4456c96-9a53-484a-a1ef-ed587a64ab88,Pengguna Google,Ini buat daerah solo nggak ada ya ? Kok udah ganti lokasi ttep nggak bisa,3,2017-06-16 16:14:55,3,
Pizza Hut Indonesia,com.pizzahut.phd,79866a78-ca8c-4d43-95f2-7b311b6b90cd,Pengguna Google,"Untuk daerah bogor, klau saya pesen di antar ke rumh proses pembayaran apakah bisa di tempat? , ada ongkir nya ga?",3,2017-06-16 14:45:10,0,
