Review_Text,Review_Date,Rating_Score,Platform_Source,Sentiment_Label,Review_Aspect,Crisis_Flag,Business_Category,Is_Sarcasm
alhamdulillah berfungsi dengan baik packaging aman respon cepat dan ramah seller dan kurir amanah,unknown,5,Tokopedia,Positive,Bentuk,No,Elektronik,No
barang bagus dan respon cepat harga bersaing dengan yg lain,unknown,5,Tokopedia,Positive,Harga,No,Elektronik,No
barang bagus berfungsi dengan baik seler ramah pengiriman cepat,unknown,5,Tokopedia,Positive,Bentuk,No,Elektronik,No
bagus sesuai harapan penjual nya juga ramah trimakasih pelapak,unknown,5,Tokopedia,Positive,Bentuk,No,Elektronik,No
barang bagus pengemasan aman dapat berfungsi dengan baik,unknown,5,Tokopedia,Positive,Bentuk,No,Elektronik,No
barang bagus seller ramah,unknown,5,Tokopedia,Positive,Bentuk,No,Elektronik,No
mantap paten joss,unknown,5,Tokopedia,Positive,Rasa,No,Elektronik,No
works fine respon seller cepat barang berfungsi dengan baik recommended,unknown,5,Tokopedia,Positive,Lainnya,No,Elektronik,No
barang bagus segel utuh original berfungsi dengan bener seller respon nya ajib cepat amir uda gt kasi sarannya pas banget lg dengan kebutuhan mantabbb,unknown,5,Tokopedia,Positive,Bentuk,No,Elektronik,No
barang datang dan berfungsi dengan baik dan terlihat bagus kali ada lampu birunya,unknown,5,Tokopedia,Positive,Bentuk,No,Elektronik,No
pengiriman super cepat barang bagus recommended seller thanks,unknown,5,Tokopedia,Positive,Bentuk,No,Elektronik,No
alhamdulillah barangnya udah nyampe d coba bagus semoga awet terima kasih seller kurir dan tokopedia,unknown,5,Tokopedia,Positive,Bentuk,No,Elektronik,No
penjual amanah responsif kabel berfungsi baik pengiriman cepat terima kasih,unknown,5,Tokopedia,Positive,Lainnya,No,Elektronik,No
alhamdulillah barang sudah sampai bisa dipakai semoga berfungsi dengan baik dan awet kurirnya baik smoga rezekinya lancar terus,unknown,5,Tokopedia,Positive,Bentuk,No,Elektronik,No
bagus berjalan baik dan cukup silent kokoh dan muat untuk laptop inch,unknown,5,Tokopedia,Positive,Bentuk,No,Elektronik,No
packing aman pengiriman cepat dan barang berfungsi dengan baik,unknown,5,Tokopedia,Positive,Lainnya,No,Elektronik,No
produknya baik dan kualitasny good banget produk sampai ke konsumen dalam kondisi baik sesuai sih sama harga juga so overall very good lah,unknown,5,Tokopedia,Positive,Bentuk,No,Elektronik,No
barang udah sampai ya gan dan berfungsi terima kasih,unknown,5,Tokopedia,Positive,Lainnya,No,Elektronik,No
barang mantap sesuai deskripsi laptop jadi adem n sejuk,unknown,5,Tokopedia,Positive,Bentuk,No,Elektronik,No
produk saya terima dengan kondisi baik terima kasih,unknown,5,Tokopedia,Positive,Lainnya,No,Elektronik,No
belanja kedua kalinya selalu puas pengiriman lumayan cepat overall bagus banget,unknown,5,Tokopedia,Positive,Bentuk,No,Elektronik,No
kualitas barang bagus harga relatif murah kiriman super cepat response penjual baik recommended seller bintang terima kasih yah semoga sukses usaha nya aamiin,unknown,5,Tokopedia,Positive,Harga,No,Elektronik,No
mantab barang nya oke punya,unknown,5,Tokopedia,Positive,Lainnya,No,Elektronik,No
pengiriman cepat packing rapi kualitas mantap,unknown,5,Tokopedia,Positive,Bentuk,No,Elektronik,No
silent dan bagus untuk pekerjaan ringan,unknown,5,Tokopedia,Positive,Bentuk,No,Elektronik,No
barang cepat sampai kualitas bagus dan pengiriman aman tidak ada yang pecah manstapu,unknown,5,Tokopedia,Positive,Bentuk,No,Elektronik,No
bagus berkualitas sesuai gbr makasih seller tokped dan kurir,unknown,5,Tokopedia,Positive,Bentuk,No,Elektronik,No
mantap kipasnya kenceng barangnya berkualitas sesuai sama harga,unknown,5,Tokopedia,Positive,Bentuk,No,Elektronik,No
mantap proses pengerjaan dan pengiriman juga barang sesuai dengan deskripsi,unknown,5,Tokopedia,Positive,Rasa,No,Elektronik,No
penjualnya ramah melayani pembeli dengan sabar dan memberikan berbagai saran yang pembeli tidak tahu mantap lah,unknown,5,Tokopedia,Positive,Rasa,No,Elektronik,No
barang sampai dengan cepat packingnya rapi dan amat sekali tidak ada bagian acrylic yang pecah berfungsi dengan baik semoga awet,unknown,5,Tokopedia,Positive,Bentuk,No,Elektronik,No
sangat presisi dan pas,unknown,5,Tokopedia,Positive,Bentuk,No,Elektronik,No
puas banget seller helpfull sangat responsif dan cepet banget sampai nya recomended,unknown,5,Tokopedia,Positive,Lainnya,No,Elektronik,No
mantappp responnya juga memuaskan sudah dicoba dan dipasang presisi dan nyaman cas juga responsif,unknown,5,Tokopedia,Positive,Bentuk,No,Elektronik,No
mantap barangnya cepet sampai dan enak digunainnya,unknown,5,Tokopedia,Positive,Rasa,No,Elektronik,No
barang bagus oke cepat pengirimannya juga,unknown,5,Tokopedia,Positive,Bentuk,No,Elektronik,No
pengiriman cepat seller responsif,unknown,5,Tokopedia,Positive,Lainnya,No,Elektronik,No
barang berfungsi baik pemilik toko sangat responsif dan membantu saat ada sedikit kendala sukses tokonya ya gan,unknown,5,Tokopedia,Positive,Lainnya,No,Elektronik,No
seller luar biasa packing baik pengiriman cepat penting nya barang sesuai deskripsi dan berfungsi terima kasih,unknown,5,Tokopedia,Positive,Bentuk,No,Elektronik,No
sangat kecewa baru bulan scroll sudah rusak,unknown,1,Tokopedia,Negative,Lainnya,Yes,Elektronik,No
jelek yg pasti jauh dari ori mousepad jd ga bs dipakai kl di charger jd getar parah barang ga sesui foto kayak barang lapak sebelah yg harga 80rban padahal sebelumnya pernah beli disini dan bagus persis spt foto yg ada indikator di ujung charger makanya order disini lg walaupun sedikit mahal ternyata barangnya tdk sama dgn order sebelumnya,unknown,1,Tokopedia,Negative,Bentuk,Yes,Elektronik,Yes
gak bisa di pakai,unknown,1,Tokopedia,Negative,Lainnya,No,Elektronik,No
kecewa parah nggk berkah jualan gitu,unknown,1,Tokopedia,Negative,Lainnya,Yes,Elektronik,Yes
kecewa penjual ga tanggung jawab komplen berhari gada solusi,unknown,1,Tokopedia,Negative,Lainnya,Yes,Elektronik,Yes
pas beli nanya dulu tipe untuk macbook pro 13inch m1 yang mana di variasi nya kata penjualnya yang new pro pas dateng casing kekecilan karena salah tipe ternyata dan penjual pake banyak alesan gamau tanggung jawab padahal yang salah ya yg ngejual kecewa gamau lagi beli disini ga tanggung jawab,unknown,1,Tokopedia,Negative,Bentuk,Yes,Elektronik,Yes
barang sampai terlalu lama padahal masih dalam kota casing mudah lepas jujur mengecewakan,unknown,1,Tokopedia,Negative,Bentuk,Yes,Elektronik,No
kecewa belanja di tempat kamu lain di pesan lain dikirim,unknown,1,Tokopedia,Negative,Lainnya,Yes,Elektronik,Yes
tidak ada tissue pembersih atau alat bantuan lainnya untuk memasang sangat kecewa,unknown,1,Tokopedia,Negative,Lainnya,Yes,Elektronik,No
salah beli barang tp toko tidak ada kompromi sama sekali padahal barang masih disegel kecewa dehhh,unknown,1,Tokopedia,Negative,Bentuk,Yes,Elektronik,Yes
data sering error dan hilang,unknown,1,Tokopedia,Negative,Lainnya,Yes,Elektronik,No
kecewa sama toko official ini ga tau kenapa pesenan pertama ga dikonfirmasi sampe di batalin sistem karena ga direspon sama sekali pesanan kedua karena disuruh pesan lagi sama tokonya dan cuma dikonfirmasi doang ga dikirim sampe udah tinggal menit sebelum dibatalin sistem lagi tapi untungnya gara chat cs tokopedia akhirnya barang bakalan dikirim didetik terakhir ga cuma sampe situ aja payahnya barang baru diambil kurir tanggal dan pickup barang sama kurir lebih dari hari proses kirim pun lemot muter padahal udah lewat depan rumah baru tanggal jam malem paketnya sampe,unknown,1,Tokopedia,Negative,Bentuk,Yes,Elektronik,Yes
packing seadanya bubble hanya selapis saja ditambah lapisan plastik hasilnya barang diterima dalam keadaan patah,unknown,1,Tokopedia,Negative,Bentuk,No,Elektronik,No
mic dari awal ga nyala,unknown,1,Tokopedia,Negative,Lainnya,No,Elektronik,No
kartu sd nya cuma gb katanya official tapi malah mksofficial kecewa ini tidak original,unknown,1,Tokopedia,Negative,Bentuk,Yes,Elektronik,Yes
kecepatan tdk sesuai dgn deskripsi,unknown,1,Tokopedia,Negative,Bentuk,No,Elektronik,Yes
mouse kurang bagus pointer nya gerak gerak sendiri,unknown,1,Tokopedia,Negative,Bentuk,No,Elektronik,No
infra red nya jelek suka mental ke mana2,unknown,1,Tokopedia,Negative,Bentuk,No,Elektronik,Yes
batre tidak sesuai ukuran dan tidak ada nano receiver,unknown,1,Tokopedia,Negative,Bentuk,Yes,Elektronik,No
jaringanya ngelek banget lelet mending pake indihome de nyesel juga beli orbit jaringan ya parah,unknown,1,Tokopedia,Negative,Bentuk,Yes,Elektronik,No
tdk sesuai ekspektasi,unknown,1,Tokopedia,Negative,Bentuk,No,Elektronik,No
katanya dapat paket gb ternyata setelah di regiatrasi cm mb,unknown,1,Tokopedia,Negative,Lainnya,No,Elektronik,No
tidak bisa di register call center dan team orbin tidak helpful untuk sekedar minta info gerai orbin yang buka dan no telp suruh cari di google bukannya tidak mau cari rata2 nomor telp tidak bisa di hubungin jadi apa salahnya memberikan info yang valid menyesal saya beli orbit call center dan team orbin tidak helpful untuk sekedar minta info gerai orbin yang buka dan no telp suruh cari di google bukannya tidak mau cari rata2 nomor telp tidak bisa di hubungin jadi apa salahnya memberikan info yang valid menyesal saya beli orbit,unknown,1,Tokopedia,Negative,Lainnya,No,Elektronik,No
janji bisa kirim instant segera karena kita mau pakai segera nyatanya anda tutup toko baru di kirim paket sampai malam pas besoknya di coba ternyata ssd nya tidak terbaca dan bilangnya kirim ke toko agarnbisa di kirim lagi segera yang baru sama2 di tangerang ongkos gojek instant 33rb berarti dekat dan tidak di kirim2 sampaiiii minggu baru di kirim sangat terlihat sengaja sekali di lama2in sangat tidak professional dalam berjualan online anda jual barang rusak pun tidak ada etikat ucapan maaf dan sebagai penutup yang saya anggap licik dan pelit sekali ongkir nya di suruh kita yang tanggung pas barang sampai kalau di lihat begini mah lupakan garansi produk yg bakal di ganti baru bila terjadi rusak di kemudian hari,unknown,1,Tokopedia,Negative,Bentuk,Yes,Elektronik,No
beli ssd diterima dalam kondisi rusak,unknown,1,Tokopedia,Negative,Lainnya,Yes,Elektronik,No
tidak berfungsi tapi yaa sudahlah sudah ditambah daya pakai mikro usb cas hp tetap tidak bisa,unknown,1,Tokopedia,Negative,Lainnya,Yes,Elektronik,No
kurang bagus colok hardisk external tdk terdeteksi,unknown,1,Tokopedia,Negative,Bentuk,No,Elektronik,No
produk kurang baik dan rusak,unknown,1,Tokopedia,Negative,Lainnya,Yes,Elektronik,No
untuk kualitas ternyata sama dengan merk china lain 1080p juga yang harga nya 300rb an bahkan lebih bagus merk lain di 600rb an lalu untuk pengiriman lambat sekali dari official store pesan tgl sampai tgl sehingga saya tdk sempat menggunakan pada zoom meeting dan harus memakai hp cukup kecewa dengan produk dan pelayanan logitech kalau utk keyboard nya dan mouse nya emang cukup bagus bbrp model nya tapi sy kapok beli disini karena barang akan hanya di proses bbrp jam sblm pembatalan walaupun pesan nya di hari biasa,unknown,1,Tokopedia,Negative,Bentuk,Yes,Elektronik,Yes
pengiriman hari terlambat padahal bilang bakal lgsg dikirim habis order di chat lgsg ga respon utk official store brand segede logitech sungguh mengecewakan,unknown,1,Tokopedia,Negative,Lainnya,Yes,Elektronik,No
mousenya kurang responsif jd harus teken agak kuat,unknown,1,Tokopedia,Negative,Bentuk,No,Elektronik,No
baru pake bulan sensornya udah jelek suka kemana2,unknown,1,Tokopedia,Negative,Bentuk,No,Elektronik,Yes
sangat kecewa baru bulan scroll sudah rusak,unknown,1,Tokopedia,Negative,Lainnya,Yes,Elektronik,No
belom bulan udah gak nyala baterai udah diganti tetap saja gak nyala kecewa udah 2x di kerjain logitech,unknown,1,Tokopedia,Negative,Lainnya,Yes,Elektronik,No
sangat mengecewakan barang yg dikirim tidak sesuai konfirmasi sampai harus bolak balik kali saya harus nanggung x ongkos kirim sangat mengecewakan,unknown,1,Tokopedia,Negative,Bentuk,Yes,Elektronik,No
kualitas chargeran jelek bangettt baru tiga hari pakai sudah rusakk,unknown,1,Tokopedia,Negative,Bentuk,Yes,Elektronik,No
pelayanan toko jelek proses barang lambat di chat tidak menjawab barang rata rata,unknown,1,Tokopedia,Negative,Bentuk,No,Elektronik,No
barang rusak ga guna sama sekali parah,unknown,1,Tokopedia,Negative,Bentuk,Yes,Elektronik,No
cepet rusak kadang konek kadang engga,unknown,3,Tokopedia,Neutral,Lainnya,No,Elektronik,No
barang gajelas lama sampai kotak penyok,unknown,3,Tokopedia,Neutral,Lainnya,No,Elektronik,No
setelah dicek tidak utuh 32gb kok bisa ya kemana sisa 3gb nya mas mba krn lagi butuh yaudahlah cukup tau beli disini pertama dan terakhir beli disini,unknown,1,Tokopedia,Negative,Lainnya,No,Elektronik,No
pesanan saya tidak sampai ke alamat saya mau uang saya kembali saya belum menerima pesanan saya,unknown,1,Tokopedia,Negative,Lainnya,Yes,Elektronik,No
beli kemasan baru di kirim kemasan lama bintang kon tl,unknown,1,Tokopedia,Negative,Bentuk,No,Elektronik,No
anjing ternyata palsu ini barang bangsat2 awas ketipu oi yang asli ada segel distributor nya,unknown,1,Tokopedia,Negative,Bentuk,Yes,Elektronik,No
barang kw jangan beli disini,unknown,1,Tokopedia,Negative,Bentuk,Yes,Elektronik,No
barang bosok sekali pake rusak mau claim dijawab berbelit ama adminnya,unknown,1,Tokopedia,Negative,Lainnya,Yes,Elektronik,No
chat tidak di balas kuota yang di janjikan 50gb nya tidak masuk hancur la parah parah,unknown,1,Tokopedia,Negative,Lainnya,Yes,Elektronik,No
ga dikasih adaptor gepeng nya ketipu saya,unknown,1,Tokopedia,Negative,Lainnya,Yes,Elektronik,No
jir sehari pake udah rusak quality control dong yg bener ahelah,unknown,1,Tokopedia,Negative,Lainnya,Yes,Elektronik,No
ini gmn ssd nya gak bisa di pake sy minta ganti,unknown,1,Tokopedia,Negative,Lainnya,No,Elektronik,No
beli mahal2 malah sering tiba2 ngeblur kalau dipakai zoom terus menghubungi cs nya suruh klaim garansi aja minta alamat ga dikasih2 hadeuhh webcam jutaan kualitas sampah,unknown,1,Tokopedia,Negative,Harga,No,Elektronik,No
tidak sesuai gambar janggan percaya ama seller ini penipu kualitas jelek,unknown,1,Tokopedia,Negative,Bentuk,Yes,Elektronik,No
tolong pengiriman punya rasa tanggung jawab ini paket habis berenang di comberan mana dan gak yakin isinya apakah masih bisa di pakai atau masuk bak sampah,unknown,1,Tokopedia,Negative,Rasa,No,Elektronik,No
l2 r2 trigger nya ampas macam,unknown,1,Tokopedia,Negative,Bentuk,No,Elektronik,No
barang sampah ini tidak seharusnya dikirimkan ke alamat saya akan tetapi di tong sampah sangat mengecewakan admin tidak merespon sama sekali chat saya lihat barang yg dikirimkan ada dead pixel lalu layar monitornya kebalik sangat mengecewakan catatan buat teman teman yg ingin beli monitor ini tidak ada audio speakernya kualitas layar juga kurang baik jika ada rejeki lebih belilah dengan merek yg bagus saya sangat menyesal belanja di sini saya tidak merekomendasikan belanja disini,unknown,1,Tokopedia,Negative,Bentuk,Yes,Elektronik,No
tidak jujur dan kelihatan kalau memaksakan barang terjual barang dikirim tidak sesuai pesanan dan akhirnya pembeli disuruh mengirim barang yg tidak ada solusi barang ada atau tidak dengan resiko barang yg di foto ditawarkan memang sebenarnya mungkin tidak ada,unknown,1,Tokopedia,Negative,Bentuk,Yes,Elektronik,No
beli tgl pesanan selesai tgl dan mouse rusak tgl gak bisa komplain dari toped lagi admin ditanyain gmna cara klaim garansi sangat tidak membantu chat hari ini bales besok da dibales gk di jawab2 lagi,unknown,1,Tokopedia,Negative,Lainnya,Yes,Elektronik,Yes
gua beli dapetnya v2 di desc gada penjelasan mengenai versi bagusan v1 apalagi rgbnya rgb v2 bener bener cuma red green blue sisa warnanya gaguna switch puller gadapet rgb redup pula ngga ada pemberitahuan mengenai versi keyboardnya bener2 kecewa kapok beli da ambil ae v rt x v7 tuh bagus drpd ini kecewa mau gua jual lagi pokoknya,unknown,1,Tokopedia,Negative,Bentuk,Yes,Elektronik,Yes
belanja dari official store kondisi barang diterima seperti sampah dan barang rongsokan terima kasih,unknown,1,Tokopedia,Negative,Lainnya,No,Elektronik,No
ngaco banget pesen mouse tapi gak lengkap gak ada penutup batre sama bluetoothnya,unknown,1,Tokopedia,Negative,Bentuk,No,Elektronik,No
barang emang harga aslinya sekitar an tapi seller sok sok an bikin diskon yg dari 99rb di diskon 59rb olshop emang keras,unknown,1,Tokopedia,Negative,Harga,No,Elektronik,No
salah beli gabisa dituker pas di coba ternyata gabisa pas ditanya ini klaim garansi gimana yang bales malah bot tai,unknown,1,Tokopedia,Negative,Bentuk,No,Elektronik,No
sangat tidak puas baik produknya dan pelayanannya barang cacat pada kondisi tertutup saya mejanya tidak bisa menutup rapat itu dikarenakan pemasangan engselnya tidak sejajar tinggi pendek ini yg menyebabkan listnya sobek krn dipaksa saat menutup daun mejanya jadi fix nya ini cacat pabrik bukan masalah pengiriman dan ternyata komplain ga diterima oleh toko penjual suruh hubungi sendiri ke kurirnya,unknown,1,Tokopedia,Negative,Rasa,Yes,Elektronik,No
quality barang jelek baut lepas terus,unknown,1,Tokopedia,Negative,Bentuk,No,Elektronik,No
banyakk rusakk dan lecet nyaaaa,unknown,1,Tokopedia,Negative,Lainnya,Yes,Elektronik,No
barang pesan yang dateng bayar harga yg dateng makasih ga ush dibuktikan cek aja pengeluaran barang nya baru cek pembeli jgn pembeli yang ditanya2 unboxing ga terlalu penting abis2in quota,unknown,1,Tokopedia,Negative,Harga,No,Elektronik,No
keyboard tdk nyala sama sekali padahal baterai baru dicoba beberapa kali tdk bisa memang lebih murah dari toko lain barang tdk bisa sama saja bohong,unknown,1,Tokopedia,Negative,Harga,Yes,Elektronik,No
barang rusak di kirim,unknown,1,Tokopedia,Negative,Lainnya,Yes,Elektronik,No
gak bener nih harusnya yang dateng tuh meja utuh malah baut2 gak terpasang dan baut2nya kecil banget mau dilem ngaco nih,unknown,1,Tokopedia,Negative,Bentuk,No,Elektronik,No
driver ngaco bukan tokonya barang ok itu smart namanya bengak gua kasih puas komen jg lu bintang satunya buat driver,unknown,1,Tokopedia,Negative,Lainnya,No,Elektronik,No
kecewa lah gk ada penyelesaian di chat kg di bls di wa kg di bls lari gitu aj sampah,unknown,1,Tokopedia,Negative,Lainnya,Yes,Elektronik,Yes
barang dikirim salah pesan webcam logitech di logitech official kok bs dikirimmya headphone jbl dan penukaran barang butuh 4hari kerja sungguh lama,unknown,1,Tokopedia,Negative,Lainnya,No,Elektronik,No
bagus banget keyboardnya packing sangat aman karena double kardus warna juga keren,unknown,5,Tokopedia,Positive,Bentuk,No,Elektronik,No
aaaa bagus banget pengirimannya cepatt dan aman juga packaging nya bisa nyala juga tdi udh dicoba beli dgn harga rp0 senengggbangett,unknown,5,Tokopedia,Positive,Bentuk,No,Elektronik,No
terima kasihh boss mantappss smoga lancarr n berkah rezekinya smngttt boss,unknown,5,Tokopedia,Positive,Rasa,No,Elektronik,No
barangnya buwaguusss sesuai pesanan angin nya kencang seperti angin puting beliung laptop ademmmm benerrr,unknown,5,Tokopedia,Positive,Bentuk,No,Elektronik,No
mantap bgt kualitas beneran sama kaya webcam sejutaan,unknown,5,Tokopedia,Positive,Bentuk,No,Elektronik,No
sampai dengan selamat mulus dan berfungsi sempurna seller mau sabar dikonsultasikan dan mengemas dengan aman recommended,unknown,5,Tokopedia,Positive,Lainnya,No,Elektronik,No
proses pesanan dan pengiriman barang cukup cepat produk sesuai deskripsi seller responsif sukses dan tetap jaga protokol kesehatan ya seller terima kasih,unknown,5,Tokopedia,Positive,Bentuk,No,Elektronik,No
penjual ramah barangnya bagus sesuai dgn pesanan packing rapi padahal cmn pesan,unknown,5,Tokopedia,Positive,Bentuk,No,Elektronik,No
selamat siang bos pesanan sudah saya terima belum di pasang di coba packing sangat rapi dan aman product mantap pokoknya top markotop pelayanan sangat oke toko sangat recomended sekali makasih banyak atas semuanya salam sukses sehat dan sejahtera selalu aamiin,unknown,5,Tokopedia,Positive,Bentuk,No,Elektronik,No
asli samsung pelayanan sangat baik,unknown,5,Tokopedia,Positive,Bentuk,No,Elektronik,No
mantap laptop jd adem ga cpt panas,unknown,5,Tokopedia,Positive,Rasa,No,Elektronik,No
memory sdh sy pasang ada keping gb ddr3 semua berfungsi dg baik pengiriman lumayan cepat recommended seller,unknown,5,Tokopedia,Positive,Bentuk,No,Elektronik,No
waw murah bangetttt packingnya rapih produknya bagus keren mantap sangat uhuuy pisan deh pokoknya hehehehehe,unknown,5,Tokopedia,Positive,Bentuk,No,Elektronik,No
mantab respon cepat pesanan tidak mengecewakan rekomended buat belanja spare part terima kasih atas kerja samanya,unknown,5,Tokopedia,Positive,Bentuk,No,Elektronik,No
recommended fast print fast response,unknown,5,Tokopedia,Positive,Lainnya,No,Elektronik,No
gila pengiriman cepet banget dr surabaya ke bogor fast respont barang ok sesuai banget packing rapi recomended seller euy ma kasih gan thanks toped,unknown,5,Tokopedia,Positive,Bentuk,No,Elektronik,No
barangnya sudah sampai cepet banget recommended lah tengkyuuu,unknown,5,Tokopedia,Positive,Lainnya,No,Elektronik,No
recommended seller respon cepat pengiriman cukup cepat,unknown,5,Tokopedia,Positive,Lainnya,No,Elektronik,No
earcupnya lembut best value headset sound mantap nyaman dan praktis tinggal plug and play mantaaaap laaah buat gamer,unknown,5,Tokopedia,Positive,Rasa,No,Elektronik,No
respon cepat barang original terbaik recomended packing baik sukses selalu ya,unknown,5,Tokopedia,Positive,Bentuk,No,Elektronik,No
kualitas suara ok banget apalagi dengan harga yang terjangkau barang pun dijamin ori karena sudah terdaftar di website razer langsung pokoknya bagus lah bassnya juga kerasa,unknown,5,Tokopedia,Positive,Bentuk,No,Elektronik,No
kualitas produk sangat baik dengan harga yang tertera nyaman dipakai suara keras dan berfungsi dengan baik definitely would recommend this,unknown,5,Tokopedia,Positive,Bentuk,No,Elektronik,No
mantaaap tanggap banget fast respon juossssssss,unknown,5,Tokopedia,Positive,Lainnya,No,Elektronik,No
barangnya bagus bangett dengan harga yang affordable dengan kualitas yang lumayan gokil sihh,unknown,5,Tokopedia,Positive,Bentuk,No,Elektronik,No
mantappppp recommended keyboard ma mousenya,unknown,5,Tokopedia,Positive,Rasa,No,Elektronik,No
mantab minnn pengiriman jam sore masih di gasss,unknown,5,Tokopedia,Positive,Lainnya,No,Elektronik,No
mantap banget kualitasnya gak usah diragukan lagi,unknown,5,Tokopedia,Positive,Rasa,No,Elektronik,No
cakep produk nya rekomen banget nih sesuai deskripsi,unknown,5,Tokopedia,Positive,Bentuk,No,Elektronik,No
packing rapih fast response dan rgbnya juga bagus sangat di rekomendasikan,unknown,5,Tokopedia,Positive,Bentuk,No,Elektronik,No
as always gapernah gagal belanja sini thanks ggs,unknown,5,Tokopedia,Positive,Lainnya,No,Elektronik,No
cakep bet dah mau duduk aja di kursi ini sampe ga mau berdiri lagi rasanya,unknown,5,Tokopedia,Positive,Rasa,No,Elektronik,No
overall memuaskan layar bagus walau menurut saya ipsnya ga sebagus ips tv warna sudah bagus ga oversaturated brightness sangat terang buat di pakai dalam gelap tetap silau biar brightness udah layar bisa di putar cm di kaki saja gampang kedorong refresh rate terbukti cepat buat fps sudah mantab kalau asa softwarenya mungkin lebih bagus lagi jd setting ga perlu lewat tombol di belakang dpt kabel display port desain keren hampir bezelless nice,unknown,5,Tokopedia,Positive,Bentuk,No,Elektronik,No
love it product bagus worth it thank you,unknown,5,Tokopedia,Positive,Harga,No,Elektronik,No
airo ini punya customer service yang super duper bagus kapanpun saya punya pertanyaan mereka selalu jawab dengan okey produknya pun bagus puas banget love airo,unknown,5,Tokopedia,Positive,Bentuk,No,Elektronik,No
barangnya mantap berkualitas kokoh bergaransi seller ramah pokoknya mantap banget,unknown,5,Tokopedia,Positive,Bentuk,No,Elektronik,No
layanan sangat memuaskan seller rekomended,unknown,5,Tokopedia,Positive,Lainnya,No,Elektronik,No
luar biasa packing di jamin aman pakai bubblewrap cepet banget prosesnya senin malam cekout paginya kirim hari ini rabu sore sampai sangat cepat sangat puas terimakasih sukses selalu yah tech cube,unknown,5,Tokopedia,Positive,Lainnya,No,Elektronik,No
mantap sekali sangat recommended respon seller bintang baru pesan tadi malam hari ini langsung datang,unknown,5,Tokopedia,Positive,Rasa,No,Elektronik,No
bahan dari plastik dan tidak kuat juga buat menopang laptop ini sih kuatnya buat tablet gaisss lebih baik jangan beli yang ini,unknown,1,Tokopedia,Negative,Bentuk,Yes,Elektronik,No
barang ga pernah sampe katanya dikirim nyusul tapi ditanya no resi ga dikasih2,unknown,1,Tokopedia,Negative,Lainnya,No,Elektronik,No
gak bisa di gunakan ini gimana,unknown,1,Tokopedia,Negative,Lainnya,No,Elektronik,No
saran aja buat temen temen yang beli disini jangan buang box nya simpan terus biar kalo baru beli terus rusak bisa di claim garansinya,unknown,1,Tokopedia,Negative,Lainnya,Yes,Elektronik,No
packaging gk aman bgt bubble wrap tipis alhasil kemasan barang agak penyok pas dateng thank god barangnya aman ini official store seharusnya lebih baik lagi fix min next duh,unknown,2,Tokopedia,Negative,Bentuk,No,Elektronik,No
biarkan gambar bercerita pesan bh yg rusak bh jgn percaya balasan pembelaan apapun dari seller tidak amanah alasan rusak expedisi padahal bisa dilihat sebagian letak cacat bukan dari expedisi dan sebagian yg lain kalaupun dari expedisi ceroboh itu karena packingan tanpa kardus per satuannya dan bubble juga tipis sekali lewat seadanya tanpa tempelan fragile padahal sudah pesan bubble dan kardus tambahan seller berusaha dilimpahkan biar diganti asuransi untung sudah diviseo unboxing dan ditolak jg dr expedisi saya tidak pernah cerita panjang lebar di ulasan tapi berhubung demi kenyamanan buyer lain utk jadi pertimbangan bacalah ini waspadalah waspadalah tidak ada itikad baik berusaha lepas tangan bahaya bisa rusak tokopedia kalau banyak seller begini sudah dikasih note sewaktu proses dan sudah juga dichat dulu sebelum kirim utk hati hati karena mau utk dijual lagi sudah ajukan resolusi pengambalian dana ke tokopedia tp dialihkan ke asuransi utk akhirnya tetap tokopeda refund dana trims admin,unknown,1,Tokopedia,Negative,Bentuk,Yes,Elektronik,No
seharusnya chat dijadikan makesure barang warna dll jgn kaku kaku bgt jadi roko,unknown,1,Tokopedia,Negative,Bentuk,No,Elektronik,No
barang diterima dalam kondisi rusak juga di alami beberapa pembeli lain complain di reject oleh seller tapi tokopedia menengahi dan bisa retur tapi sayangnya saya dalam situasi tidak mudah mengirim barang jadi apa boleh buat sangat tidak recommend beli di toko yang cenderung tidak amanah,unknown,1,Tokopedia,Negative,Lainnya,Yes,Elektronik,No
ampun dah ini packing terasal yg pernah gua terima ini klu patah gimana awas aja isinya rusak pas gua pake ya,unknown,2,Tokopedia,Negative,Rasa,Yes,Elektronik,No
produk ini chip di dalamnya didaur ulang dan dipasang kembali setelah menggiling kata kata aslinya pembeli harap perhatikan teman teman tolong beri perhatian khusus,unknown,1,Tokopedia,Negative,Bentuk,No,Elektronik,No
ini toko korup ga sesuai sama isinya not recommended,unknown,1,Tokopedia,Negative,Bentuk,No,Elektronik,Yes
isi paket via link aja yg di rekomendasikan aja selalu gagal via ovo mandiri sampe bca aja selalu gagal ga siap system nya jangan jualan,unknown,1,Tokopedia,Negative,Lainnya,Yes,Elektronik,No
nope kalau kepikiran mau beli saran saya jangan product sering rto gajelas cs after sales service yg buruk dijamin pengalaman kalian akan kecewa,unknown,1,Tokopedia,Negative,Lainnya,Yes,Elektronik,No
pelayanan buruk pengiriman lama dan respon yang lama jangan beli barang disini kalo ga mau kecewa cukup sekali ini aja,unknown,1,Tokopedia,Negative,Lainnya,Yes,Elektronik,No
sama sekali gk bisa dpake asli nyesel,unknown,1,Tokopedia,Negative,Bentuk,No,Elektronik,No
produk yg dikirim awal tidak dapat berfungsi dengan semestinya meskipun sdh dikirimkan lg produk lainnya selain itu seller sangat tidak layak menjadi official store pengiriman barang tidak sesuai dengan jadwal yang dijanjikan di deskripsi sistem tokped selain itu sangat slow response seller ini not recommended,unknown,1,Tokopedia,Negative,Bentuk,Yes,Elektronik,Yes
respon cellernya setengah mati nungguinnnn pengiriman nunggu berhari hari padahal pake pengiriman instan dah bayar ongkir mahal celler sama pembeli tinggla di jakarta utara g arekomen buat pembeli lagi cari yang lain dari pada emosi nungguin,unknown,1,Tokopedia,Negative,Harga,Yes,Elektronik,No
parah prosesnya lama banget semoga ini bisa jadi pelajaram buat team logitech,unknown,1,Tokopedia,Negative,Lainnya,Yes,Elektronik,No
harga sih promo sy pake gojek instant lebih mahal ongkirnya drpd barangnya krn mau dipake cepet pas nyampe eh ternyata udah patah sebelah standnya kecewa sih karna kalo jual promo ada cacat ya di catet gitu biar customer ga beli barang promo kalo tau ada cacatnya seller si oke buat tuker barang tp udh ga efektif aja sy mau pake cepet jg jd ga bisa di retur jg ongkir lebih mahal lagi dari kualitas barangnya mengecewakan deh pokonya kapok beli disini,unknown,1,Tokopedia,Negative,Harga,Yes,Elektronik,Yes
hati2 ternyata di foto display adalah varian yg ada bonus harga berbeda,unknown,1,Tokopedia,Negative,Harga,Yes,Elektronik,No
estimasi proses pesanan hari bung ini online platform kalo ga siap cepet menuhin customer secara online jualan offline aja customer beli online buat dipake segera dan kalau ada delay proses apalah itu ditulis di deskripsi produk ini customer nanya dulu baru diinfo proses pemesanan hari itu juga ga ada efeknya ke kemasan cuma dibungkus bubble wrap tipissss ga kebayang kalo customer ada yg apes barangnya dilempar2 jadi ancur isinya dan jangan pernah janjiin ke customer barang akan dipickup antar saat weekend karena kalian aja libur sabtu minggu,unknown,1,Tokopedia,Negative,Bentuk,No,Elektronik,No
pesan tanggal maret jam pakai pengiriman instant sampai nya tanggal maret padahal sudah bayar mahal dikirimnya keesokan harinya bukan salah pengantarnya driver go send nya sudah mengantarkan paket dengan baik tapi durasi proses dari toko sangat lama padahal butuhnya tanggal maret makanya saya pilih pengiriman instant saya juga sudah tanya pihak toko jika paket bisa dikirim hari itu juga atau tidak jawabannya bisa tapi kenyataannya paket saya tidak dikirim pada hari itu juga kalau tidak bisa dikirim hari itu juga ya bilang saya juga sudah ajukan cancel pesanan juga tidak ada respon dari penjual pelayanan sangat sangat buruk tidak recommended semoga lebih baik lagi kedepannya,unknown,1,Tokopedia,Negative,Harga,Yes,Elektronik,No
barang ternyata palsu,unknown,1,Tokopedia,Negative,Bentuk,Yes,Elektronik,No
ga jelas info bohong yang bikin pengalaman tidak menyenangkan kalo mau beli produk dbe cari toko laen yang ini tipu tipu headphone dateng dengan keadaan bikin kuping sakit,unknown,1,Tokopedia,Negative,Lainnya,Yes,Elektronik,No
rgb mati dari awal datang penjual gak respon barang gak lulus qc sepertinya yg dijual hati hati kalau beli,unknown,1,Tokopedia,Negative,Lainnya,Yes,Elektronik,No
hati2 belanja disini dapet unit cacat dblg suruh ajukan komplain nti mau dituker trnyta tokonya sndiri yg blg gabs dituker official store abal2 ini mah ga jelas solusinya gmn,unknown,1,Tokopedia,Negative,Lainnya,Yes,Elektronik,No
pelayanan toko sangat buruk saya order laptop disini dan setelah barangnya sampai laptop nya ga mau nyala habis itu saya berusaha minta solusi dari seller awalnya seller masih mau respon seadanya tidak menawarkan solusi dan sangat lamban lalu karena mikir respondnya lama banget terpaksa saya ajukan komplain tapi setelah di komplain seller ga pernah jawab diskusi ataupun respon kendalanya saya dicuekin selama hari sampai jangka waktu habis dan dana di refund kalau ada yg baca ulasan saya saya anjurkan utk order di toko lain jangan tergoda sama tittle official store nyata nya pelayanan toko ga lebih baik dari merchant biasa harga juga ga lebih murah,unknown,1,Tokopedia,Negative,Harga,Yes,Elektronik,Yes
pengiriman laptop dr toko tidak dicek dahulu laptop yg dikasih ke pembeli layar pecah kerdus rusak padahal packingan tidak ada yg rusak menghabiskan waktu saja buat klaim ke tokpedia berminggu minggu baru berhasil klaim ke pihak asuransi ternyata toko yg sudah verified tidak menjamin pelayanan toko ini buruk respon cepat saat awal beli aja saat dikomplen sangat lama mengulur2 waktu tidak mau tanggung jawab padahal jelas komplainan langsung dihari berikutny setelah paket dibuka yg seharusny bisa langsung tuker unit langsung dr toko trus apa gunany ditulis di deskripsi garansi toko hari cukup terakhir beli disini thanks,unknown,1,Tokopedia,Negative,Bentuk,Yes,Elektronik,Yes
jangan mau beli di sini cek review penjualan nya banyak yg rusak di kirim saya korban juga cek foto barang yang saya order supaya yang lain tidak jadi korban kacau toko ini menjual barang rusak,unknown,1,Tokopedia,Negative,Bentuk,Yes,Elektronik,No
biarkan gambar bercerita pesan bh yg rusak bh jgn percaya balasan pembelaan apapun dari seller tidak amanah alasan rusak expedisi padahal bisa dilihat sebagian letak cacat bukan dari expedisi dan sebagian yg lain kalaupun dari expedisi ceroboh itu karena packingan tanpa kardus per satuannya dan bubble juga tipis sekali lewat seadanya tanpa tempelan fragile padahal sudah pesan bubble dan kardus tambahan seller berusaha dilimpahkan biar diganti asuransi untung sudah diviseo unboxing dan ditolak jg dr expedisi saya tidak pernah cerita panjang lebar di ulasan tapi berhubung demi kenyamanan buyer lain utk jadi pertimbangan bacalah ini waspadalah waspadalah tidak ada itikad baik berusaha lepas tangan bahaya bisa rusak tokopedia kalau banyak seller begini sudah dikasih note sewaktu proses dan sudah juga dichat dulu sebelum kirim utk hati hati karena mau utk dijual lagi sudah ajukan resolusi pengambalian dana ke tokopedia tp dialihkan ke asuransi utk akhirnya tetap tokopeda refund dana trims admin,unknown,1,Tokopedia,Negative,Bentuk,Yes,Elektronik,No
seharusnya chat dijadikan makesure barang warna dll jgn kaku kaku bgt jadi roko,unknown,1,Tokopedia,Negative,Bentuk,No,Elektronik,No
meja laptopnya begitu dibuka kardusnya sudah pecah diujungnya dan ada retak juga dibagian bawah trus mejanya juga hijau kusam seperti barang bekas pakai seller dikomplain menolak penukaran barang dengan alasan buktinya kurang malah diarahkan utk menggunakan asuransi dr tokopedia dgn proses yg ribet harus ada bukti pemusnahan barang jg pas sy lihat lagi ulasan2 ternyata banyak juga yg dapet mejanya pecah dan rusak dan mereka semua pada kecewa saran kalau jualan yg jujur kl memang yg dijual barang bekas atau ex display bilang saja tulis di deskripsi yg jujur tolong tokopedia lebih selektif terhadap toko yg seperti ini packing barang juga terkesan asal2an cuma pakai kardus tipis saja ga pakai bubble wrap sama sekali semoga ga ada lagi customer yg tertipu seperti saya,unknown,1,Tokopedia,Negative,Bentuk,Yes,Elektronik,Yes
tolong di cek sebelum dikirim ya khususnya sd,unknown,1,Tokopedia,Negative,Lainnya,No,Elektronik,No
barang baru datang pertma saya coba di samsung a52 bisa terbaca baru saya pasang di cctv ternyta ga bisa penasran saya coba di samsung m30 juga ga bisa pensran lagi saya coba di oppo a15 ternyta ga bisa juga masih pensran saya coba lagi disamsung a52 ternyta dh ga bisa seumur umur baru ini saya kasih bintang klaim garansi ternyta ribet juga kapok saya belnja di apliksi ini maupun toko ini masih enkn tko seblah komplain kepenjual disurh komplain ke toped komplain toped disurh komplain dulu gimna baiknuy sama penjual hadeh pok kapok saya,unknown,1,Tokopedia,Negative,Bentuk,Yes,Elektronik,Yes
sebelum mempercayakan penyimpanan data kalian mending pikir dulu deh saya baru pakai blm minggu kartu langsung tidak terbaca lagi mana ada data yg tidak bsa di selamatkan dan proses garansinya aja pake estimasi sebulan yap sebulan mending beli yg pasti aja merk baru blum tentu terjamin kualitasnya be carefull and keep healthy thx,unknown,1,Tokopedia,Negative,Bentuk,No,Elektronik,No
sangat kecewa sekali produk kakinya goyang tidak rata oglek2 hati2 jika membeli warna putih karena tidak sesuai difoto produk barang yg sampai warna coklat tapi penjual ngotot meja yg diterima saya itu warna putih sesuai foto dan tidak mau menerima komplain saya lihat review beberapa pembeli lainnya juga mengalami hal yg sama seperti saya dikirimkan warna berbeda dari yang dipesan walaupun saya sudah bertanya dulu di msg memastikan sebelum membeli dan menulis pesan sewaktu order percuma saja,unknown,1,Tokopedia,Negative,Bentuk,Yes,Elektronik,No
baru pake hari udh berulah susah hidup kadang hang frezee blank saat lagi on komputer minta di ganti gk di respon trs buat apa embel2 garansi lifetime not recommended,unknown,1,Tokopedia,Negative,Lainnya,No,Elektronik,Yes
ramnya gabisa di pakai walau udh minta tuker 2x giliran dimintain refund susah banget jangan mau beli disini pokoknya ga recommend banget hati hatii sama ram palsu,unknown,1,Tokopedia,Negative,Bentuk,Yes,Elektronik,No
suara kecil sebelah ini produk bermasalah kaulitas kontrolnya gak rekomen,unknown,1,Tokopedia,Negative,Bentuk,No,Elektronik,No
laptop rusak pass di aktifkan fan error setelah di perbaiki ternyata keyboardnya rusak setelah ganti keyboardnya ternyata adaptornya rusak jangan belanja disini,unknown,1,Tokopedia,Negative,Bentuk,Yes,Elektronik,Yes
barang sesuai bagus dan cepat sampai,unknown,5,Tokopedia,Positive,Bentuk,No,Hobi & Hiburan,No
barang sudah sampai barang bagus sesuai dengan deskripsi produk,unknown,5,Tokopedia,Positive,Bentuk,No,Hobi & Hiburan,No
ukuran karet sesuai mantul dan waktu pengiriman lebih cepat dari jadwalnya mantap dah is the best,unknown,5,Tokopedia,Positive,Bentuk,No,Hobi & Hiburan,No
pengiriman cepat barang kondisi bagus makasih ya,unknown,5,Tokopedia,Positive,Bentuk,No,Hobi & Hiburan,No
barang sesuai pesanan kondisi berfungsi dengan baik seller responsif proses kirim cepat recommended,unknown,5,Tokopedia,Positive,Bentuk,No,Hobi & Hiburan,No
barangnya bagus kualitas product bagus harga terjangkau recomended,unknown,5,Tokopedia,Positive,Harga,No,Hobi & Hiburan,No
brg sampai packing oke cocok bt kado ada bonus dompet koin,unknown,5,Tokopedia,Positive,Lainnya,No,Hobi & Hiburan,No
bisa melempar jauh sesuai dengan deskripsi produk selalu ready stock packing rapi,unknown,5,Tokopedia,Positive,Bentuk,No,Hobi & Hiburan,No
barang bagus sesuai harapan pouchnya mantap cukup bagus service seller ok buanget terima kasih barang sesuai iklan,unknown,5,Tokopedia,Positive,Bentuk,No,Hobi & Hiburan,No
pengiriman cepat barang bagus packing rapi terimakasih,unknown,5,Tokopedia,Positive,Bentuk,No,Hobi & Hiburan,No
kualitas product bagus material bagus harga terjangkau recomended,unknown,5,Tokopedia,Positive,Bentuk,No,Hobi & Hiburan,No
kualitas product bagus material bagus recomended harga terjangkau,unknown,5,Tokopedia,Positive,Bentuk,No,Hobi & Hiburan,No
baru juga dipesan langsung di proses penjual ramah beyblade berputar kencang seperti dan juga harga lebih murah dari toko laen,unknown,5,Tokopedia,Positive,Harga,No,Hobi & Hiburan,No
kartu nya lengkap harga kompetitif seru bgt game nya,unknown,5,Tokopedia,Positive,Harga,No,Hobi & Hiburan,No
kartu nya lengkap seru bgt game nya harga kompetitif,unknown,5,Tokopedia,Positive,Harga,No,Hobi & Hiburan,No
terima kasih pesanan sesuai,unknown,5,Tokopedia,Positive,Bentuk,No,Hobi & Hiburan,No
kartu nya lengkap packing baik model terbaru ready stock,unknown,5,Tokopedia,Positive,Bentuk,No,Hobi & Hiburan,No
barang sesuai deskripsi pengiriman cepat recommended seller,unknown,5,Tokopedia,Positive,Bentuk,No,Hobi & Hiburan,No
barang sangat berkualitas sebanding dg harga kelengkapan banyak sudah dapat tas panduan yg jelas dan buku moderator tebal box kartu juga tebal mantappl,unknown,5,Tokopedia,Positive,Bentuk,No,Hobi & Hiburan,No
mantap gan barang mendarat dengan mulus kartu oke pemerannya lengkap juga ada buku panduan ama buku catetan buat moderator makasih gan,unknown,5,Tokopedia,Positive,Rasa,No,Hobi & Hiburan,No
enak kartunya sesuai ekspektasi plastik beneran licin dan kerasa bakal awet,unknown,5,Tokopedia,Positive,Bentuk,No,Hobi & Hiburan,No
barang berfungsi dengan baik packaging aman packaging aman barangnya original,unknown,5,Tokopedia,Positive,Bentuk,No,Hobi & Hiburan,No
bagus dan tahan lama banget,unknown,5,Tokopedia,Positive,Bentuk,No,Hobi & Hiburan,No
paket sdh diterima dgn baik sesuai pesanan respon dan proses nya cepat packing nya juga rapi dan safety thanks gan,unknown,5,Tokopedia,Positive,Bentuk,No,Hobi & Hiburan,No
barangnya original packaging aman,unknown,5,Tokopedia,Positive,Bentuk,No,Hobi & Hiburan,No
bagus bangettt dapet promo jadi cuman bayar rp mantap,unknown,5,Tokopedia,Positive,Harga,No,Hobi & Hiburan,No
barang bagus gak mudah robek bahan plastik,unknown,5,Tokopedia,Positive,Bentuk,No,Hobi & Hiburan,No
keren sdh tiba kartu remi nya packaging aman,unknown,5,Tokopedia,Positive,Bentuk,No,Hobi & Hiburan,No
packaging aman barang berfungsi dengan baik,unknown,5,Tokopedia,Positive,Bentuk,No,Hobi & Hiburan,No
barang berfungsi dengan baik packaging aman,unknown,5,Tokopedia,Positive,Bentuk,No,Hobi & Hiburan,No
kualitas barang bagus harga murah,unknown,5,Tokopedia,Positive,Harga,No,Hobi & Hiburan,No
pengiriman cepat dan packing aman dapat harga flashsale,unknown,5,Tokopedia,Positive,Harga,No,Hobi & Hiburan,No
saya beli allhamdulillah barang sampai tujuan dan sangat memuaskan,unknown,5,Tokopedia,Positive,Lainnya,No,Hobi & Hiburan,No
sangat amazing cool a f barang cepat sampee luar biasa,unknown,5,Tokopedia,Positive,Lainnya,No,Hobi & Hiburan,No
pelayanan terbaik dan barang original,unknown,5,Tokopedia,Positive,Bentuk,No,Hobi & Hiburan,No
mantap nih kartu murah bagus kualitas nya gak nyesel,unknown,5,Tokopedia,Positive,Bentuk,No,Hobi & Hiburan,No
bener bener sesuai ekspektasi sih auto belajar triumph,unknown,5,Tokopedia,Positive,Bentuk,No,Hobi & Hiburan,No
packing rapi pengiriman cepat seller responsif produk bagus dan ori recommended lah pokoknya,unknown,5,Tokopedia,Positive,Bentuk,No,Hobi & Hiburan,No
mantap barang bagus pack juga aman banget bener2 recommended seller deh buat nyari playing card yg keren2 begini,unknown,5,Tokopedia,Positive,Rasa,No,Hobi & Hiburan,No
barangnya datang dalam keadaan tidak bagus,unknown,1,Tokopedia,Negative,Bentuk,No,Hobi & Hiburan,No
yg bikin kecewa pesen items yg nyampe cuma satu masih saya tunggu kekurangan barangnya uno stacko kayu uno card 2pcs dan werewolf 2pcs kalau tidak tolong refund aja uangnya,unknown,1,Tokopedia,Negative,Bentuk,Yes,Hobi & Hiburan,Yes
sangat kecewa tidak seperti dulu pakcing sangat buruk box kayu hancur beli bh untuk jual lagi gak ada yang bagus retur kena biaya lagi terpaksa kami jual tanpa box kayu,unknown,1,Tokopedia,Negative,Bentuk,Yes,Hobi & Hiburan,No
kecewa sih potongannya gak rapi ukurannya beda beda ada yg lebih besar lebih kecil wtf dgn harga segitu harusnya kualitas uda bagus gak worth setipis kartu remi bagusnya dikemasan doang kemasannya oke menarik tp yg paling penting kan isinya pak 75k wtf gak ikhlas,unknown,1,Tokopedia,Negative,Bentuk,Yes,Hobi & Hiburan,Yes
kecewa kok brg rusak dikirim di chat lama responnya sampai batas waktu otomatis habis padahal sdh langganan lama ditoko ini,unknown,1,Tokopedia,Negative,Lainnya,Yes,Hobi & Hiburan,Yes
padahal yg diminta dino sama unicorn mlh yg dtg mickey mouse anak saya kecewa loh mba,unknown,1,Tokopedia,Negative,Bentuk,Yes,Hobi & Hiburan,Yes
buset di kasih merk ares di pake di pod kuy hari langsung bau gosong perdana kecewa belanja di toko ini,unknown,1,Tokopedia,Negative,Rasa,Yes,Hobi & Hiburan,Yes
maaf tapi sy aga kecewa ga seperti yg sudah2 bli ko polos gada tulisan kuy movi jadi gayakin asli skali lg mohon maaf tapi ini ulasan jujur saya,unknown,2,Tokopedia,Negative,Bentuk,Yes,Hobi & Hiburan,No
barangnya ga sesuai sama gambar ukuran nya kecil kecewa pkoknya,unknown,1,Tokopedia,Negative,Bentuk,Yes,Hobi & Hiburan,Yes
barang kecil banget salah saya sih tapi ya gimana namanya kecewa,unknown,1,Tokopedia,Negative,Bentuk,Yes,Hobi & Hiburan,Yes
tidak sesuai harapan barang sangat kecil jadi susah buat dimainin,unknown,1,Tokopedia,Negative,Bentuk,Yes,Hobi & Hiburan,No
pesen apa dikasih apa kecewa bgt,unknown,1,Tokopedia,Negative,Lainnya,Yes,Hobi & Hiburan,Yes
ini si bukan mobil hotwheels nggak sesuai sama iklan mengecewakan,unknown,2,Tokopedia,Negative,Bentuk,Yes,Hobi & Hiburan,No
harga segini kurang worth it bahan tidak tebal ada yang lebih murah detail dan bahan lebih baik sorry,unknown,3,Tokopedia,Neutral,Harga,No,Hobi & Hiburan,No
seller kurang respon kecewa,unknown,1,Tokopedia,Negative,Lainnya,Yes,Hobi & Hiburan,No
mengecewakan sih seller kurang friendly,unknown,1,Tokopedia,Negative,Lainnya,Yes,Hobi & Hiburan,No
barang rusak ga berfungsi sama sekali ga bisa di mainin sama sekali parahhh,unknown,1,Tokopedia,Negative,Bentuk,Yes,Hobi & Hiburan,No
nggak fungsi pisaunya ditusuk semua ke dalam tong tapi kepalanya tetap stay,unknown,1,Tokopedia,Negative,Lainnya,No,Hobi & Hiburan,No
barang kagak sampe beneran kagak sampe gak jelas toko nya apa aplikasinya ini kecewa,unknown,1,Tokopedia,Negative,Rasa,Yes,Hobi & Hiburan,Yes
produknya sekali pakai doang setelah itu rusak kecewa bangettt,unknown,1,Tokopedia,Negative,Lainnya,Yes,Hobi & Hiburan,Yes
barang tipis banget jd sampai udh pecah jd langsung buang tempat sampah,unknown,1,Tokopedia,Negative,Bentuk,No,Hobi & Hiburan,No
barang datang di kasih yang rusak sungguh mengecewakan mainan nya tidak bisa nyangap kapok beli di sini lagi,unknown,1,Tokopedia,Negative,Lainnya,Yes,Hobi & Hiburan,No
kecewa barang pas sampai gak bisa dipakai,unknown,1,Tokopedia,Negative,Bentuk,Yes,Hobi & Hiburan,Yes
pengiriman lama dan mainan gak berfungsi dengan baik,unknown,1,Tokopedia,Negative,Lainnya,No,Hobi & Hiburan,No
maennanya macet g bisa nutup mulutnya kecewa,unknown,1,Tokopedia,Negative,Lainnya,Yes,Hobi & Hiburan,Yes
retak padahal sudah pakai asuransi sangat kecewaaa,unknown,1,Tokopedia,Negative,Lainnya,Yes,Hobi & Hiburan,No
barang nya rusak yah ada harga ada kualitas,unknown,1,Tokopedia,Negative,Harga,Yes,Hobi & Hiburan,No
barang retak malas retur nanti lama lagi anaknya keburu sedih,unknown,1,Tokopedia,Negative,Lainnya,Yes,Hobi & Hiburan,No
kualitas produk mengecewakan mulut buaya baru dibuka 2x sudah stuck dan tidak bisa dipakai lagi klaim bisa mengembalikan barang juga ternyata prosedurnya tidak mudah akhirnya cuma jadi sampah di rumah,unknown,1,Tokopedia,Negative,Bentuk,Yes,Hobi & Hiburan,No
proses pengiriman mengecewakan sebagai customer sangat merasa tdk dibantu ketika bertanya penjual merespon dengan kurang baik so sad,unknown,1,Tokopedia,Negative,Rasa,Yes,Hobi & Hiburan,No
saya kecewa di tunggu tidak ada respon yg baik dari penjual nya,unknown,1,Tokopedia,Negative,Lainnya,Yes,Hobi & Hiburan,Yes
kecewa sama tokonya,unknown,1,Tokopedia,Negative,Bentuk,Yes,Hobi & Hiburan,Yes
barang yang sudah berlubang model persegi pun bisa2 nya di kirim ke buyer nya untuk model bulat warnanya berantakan jelek sekali,unknown,1,Tokopedia,Negative,Bentuk,Yes,Hobi & Hiburan,No
kualitas main amat buruk,unknown,1,Tokopedia,Negative,Bentuk,Yes,Hobi & Hiburan,No
barang nya rusak,unknown,1,Tokopedia,Negative,Lainnya,Yes,Hobi & Hiburan,No
bahannya jelek kualitasnya sangat jelek baru brp menit sudah rusak,unknown,1,Tokopedia,Negative,Bentuk,Yes,Hobi & Hiburan,No
nggak bisa jalan kereta nya anakqu jadi kecewa,unknown,1,Tokopedia,Negative,Lainnya,Yes,Hobi & Hiburan,Yes
barang tidak sampai mengecewakan sekali,unknown,1,Tokopedia,Negative,Lainnya,Yes,Hobi & Hiburan,No
barang tidak berfungsi tidak bisa jalan,unknown,1,Tokopedia,Negative,Lainnya,Yes,Hobi & Hiburan,No
barangnya datang dalam keadaan tidak bagus,unknown,1,Tokopedia,Negative,Bentuk,No,Hobi & Hiburan,No
barang rusak ga berfungsi sama sekali ga bisa di mainin sama sekali parahhh,unknown,1,Tokopedia,Negative,Bentuk,Yes,Hobi & Hiburan,No
bahannya plastik jelek suaranya kecil banget lampunya jg gk terlalu terang bru jg dimainin udah patah,unknown,1,Tokopedia,Negative,Bentuk,No,Hobi & Hiburan,No
mainannya rusak gak bisa dipake,unknown,1,Tokopedia,Negative,Lainnya,Yes,Hobi & Hiburan,No
produk cacat kepalanya penyok minta tukar gak dikasih,unknown,1,Tokopedia,Negative,Lainnya,Yes,Hobi & Hiburan,No
jelek baru dicoba 2kali udah rusak giginya ga bisa di pencet lagi,unknown,1,Tokopedia,Negative,Bentuk,Yes,Hobi & Hiburan,No
beli dikirim doang balikin duit gw penipu,unknown,1,Tokopedia,Negative,Lainnya,No,Hobi & Hiburan,No
kualitas main amat buruk,unknown,1,Tokopedia,Negative,Bentuk,Yes,Hobi & Hiburan,No
bahannya jelek kualitasnya sangat jelek baru brp menit sudah rusak,unknown,1,Tokopedia,Negative,Bentuk,Yes,Hobi & Hiburan,No
jelek barang sampai disini udah rusak gk bisa jalan,unknown,1,Tokopedia,Negative,Bentuk,Yes,Hobi & Hiburan,No
saya belom menerima paket ini kenapa sudah selesai yah gimana sih,unknown,1,Tokopedia,Negative,Lainnya,No,Hobi & Hiburan,No
barang jelek baru juga mau di pake udah gosong segel udh kebuka,unknown,1,Tokopedia,Negative,Bentuk,No,Hobi & Hiburan,No
barang basah berair dan bau kwalitas tidak bagus tidak spt digambar cat nya byk yg terkelupas,unknown,1,Tokopedia,Negative,Bentuk,No,Hobi & Hiburan,No
cat nya jelek banget detailing nya jelek parah murah sih tapi ya gitu jelek,unknown,3,Tokopedia,Neutral,Harga,No,Hobi & Hiburan,No
produk cacat kepalanya penyok minta tukar gak dikasih,unknown,1,Tokopedia,Negative,Lainnya,Yes,Hobi & Hiburan,No
tiba2 selesai padahal gak ada barang yang datang sama sekali penipu ya,unknown,1,Tokopedia,Negative,Bentuk,No,Hobi & Hiburan,No
blm dimainin barang udh cacat mana no angkanya ada yg pudar lagi parah dah,unknown,1,Tokopedia,Negative,Lainnya,Yes,Hobi & Hiburan,No
masa baru dateng langsung rusak,unknown,1,Tokopedia,Negative,Lainnya,Yes,Hobi & Hiburan,No
barang jelek mudah sobek,unknown,1,Tokopedia,Negative,Bentuk,No,Hobi & Hiburan,No
cacat gitu jidatnya mana jelas bgt lagi hadeeuuhh,unknown,1,Tokopedia,Negative,Lainnya,Yes,Hobi & Hiburan,No
sendinya ga seret sama sekali lossssss ga bisa buat jadi stand meyesell banget,unknown,1,Tokopedia,Negative,Bentuk,No,Hobi & Hiburan,No
beli biji di telp sama toko ternyata barang gk ada n d tawarin ganti yang murah saya gak mau eh tetap dikirim among us yg bukan uv saya kan sudah bilang tidak mau rugi,unknown,1,Tokopedia,Negative,Harga,No,Hobi & Hiburan,No
pesan model love yg dtang mickey anak we jdi ngamuk di cat ktanya ready yg love klo ga ada bilang,unknown,1,Tokopedia,Negative,Bentuk,No,Hobi & Hiburan,No
bocor payahlah ga di periksa dulu,unknown,1,Tokopedia,Negative,Lainnya,No,Hobi & Hiburan,No
packing asal barang sangat mengecewakan kotor bocor musiknya jg ga jalan banyak baret,unknown,1,Tokopedia,Negative,Bentuk,Yes,Hobi & Hiburan,No
jelak ada yg patah pedang pada meletot semua apa lagi warna ya ada yg salah fatal,unknown,1,Tokopedia,Negative,Bentuk,No,Hobi & Hiburan,No
gw pesen apa dikasih warna apa gila ni yg jual,unknown,1,Tokopedia,Negative,Bentuk,No,Hobi & Hiburan,No
harga mahal dan ga sesuai ekspetasi cat ga rapih dan bahan kyk plastik murahan,unknown,1,Tokopedia,Negative,Bentuk,No,Hobi & Hiburan,No
yg dikirim beda barang yg lebih murah selisih eh rusak pula mau retur tapi maenannya dah terlanjur dibuka yauda gw minta balikin selisih nya aja dg suruh isiin pulsa gw aja 15rb udah 6hari pulsa ga masuk2 ditanyain jawab nya ok doang parah ga amanah,unknown,1,Tokopedia,Negative,Harga,Yes,Hobi & Hiburan,No
kartunya kw semua katanya ori gimana sih,unknown,1,Tokopedia,Negative,Bentuk,No,Hobi & Hiburan,No
kotaknya jelek penyok bungkus seadanya doang,unknown,3,Tokopedia,Neutral,Bentuk,No,Hobi & Hiburan,No
udah sampenya lama bgd semingguan trs pas barangnya di coba malah patah sialan kan,unknown,1,Tokopedia,Negative,Bentuk,No,Hobi & Hiburan,No
no good tidak puassss,unknown,1,Tokopedia,Negative,Lainnya,No,Hobi & Hiburan,No
proses kemas kirim lama seller ditanya hanya jawab mohon sabar mohon tunggu tidak kasih kepastian kapan kirim hrs nya dijawab bisa tidak end up barang di pickup sendiri ke gudang kurir krn perlu,unknown,1,Tokopedia,Negative,Bentuk,No,Hobi & Hiburan,No
tokonya tidak sportif tidak koperatif pengalaman buruk belanja di toko ini barang cacat diajukan keluhan tapi tidak bertanggung jawab di chat lewat tokped ataupun wa tapi tanggapannya muter muter doang kebanyakan basa basi padahal tidak mau bertanggung jawab lu makan tuh uang buat istri lu hati hati dengan toko ini,unknown,1,Tokopedia,Negative,Lainnya,Yes,Hobi & Hiburan,No
jualan kok ngotottt nggak laku toko nya bang,unknown,1,Tokopedia,Negative,Lainnya,No,Hobi & Hiburan,No
pengiriman lama banget dough nya juga jelek banget ga lentur ga seperti biasanya,unknown,1,Tokopedia,Negative,Bentuk,No,Hobi & Hiburan,No
paket mulus sampai di tujuan toko juga sudah terpercaya mantab,unknown,5,Tokopedia,Positive,Lainnya,No,Hobi & Hiburan,No
suka anak jd seneng meronce sesuai pesenanya barangnya jg bagus mksh,unknown,5,Tokopedia,Positive,Bentuk,No,Hobi & Hiburan,No
begitu sampe langsung dibuat kreasi anak2 seneng bgt pengiriman jg cepat makasih seller,unknown,5,Tokopedia,Positive,Lainnya,No,Hobi & Hiburan,No
respon dan barang di proses dengan cepat thx kyou recommended banget,unknown,5,Tokopedia,Positive,Lainnya,No,Hobi & Hiburan,No
anak saya suka aman untuk si kecil,unknown,5,Tokopedia,Positive,Bentuk,No,Hobi & Hiburan,No
mantep bgt pokoknya bagus bola nya warna warni dan gak ada yang penyok bagus deh anak saya suka,unknown,5,Tokopedia,Positive,Bentuk,No,Hobi & Hiburan,No
bagus sesuatu ekspektasi recommended seller,unknown,5,Tokopedia,Positive,Bentuk,No,Hobi & Hiburan,No
mantaaappp bagus kereeennn,unknown,5,Tokopedia,Positive,Bentuk,No,Hobi & Hiburan,No
barang mantap anak saya suka dah gitu pengiriman cepat banget hari ini pesan besok dah sampe,unknown,5,Tokopedia,Positive,Rasa,No,Hobi & Hiburan,No
pelayanan bagus mantap rekomen banget beli disini terima kasih,unknown,5,Tokopedia,Positive,Rasa,No,Hobi & Hiburan,No
bagus banget mainan nya anak2 aku suka,unknown,5,Tokopedia,Positive,Bentuk,No,Hobi & Hiburan,No
bagus bengedd sesuai ekspektasi jugaaa,unknown,5,Tokopedia,Positive,Bentuk,No,Hobi & Hiburan,No
barang sesuai deskripsi pengiriman cepat,unknown,5,Tokopedia,Positive,Bentuk,No,Hobi & Hiburan,No
sampe cepet makasihh yahh anak aku seneng bangettt,unknown,5,Tokopedia,Positive,Lainnya,No,Hobi & Hiburan,No
mantaaaaap sesuai dengan g di gambar nya jujur dan amanah seler nya ngak nyesel belanja di toko ini pokok nya mantaaaaap deh,unknown,5,Tokopedia,Positive,Bentuk,No,Hobi & Hiburan,No
pesanan cepat diproses packing rapi sesuai pesanan juragan mantab selalu repeat order kesini,unknown,5,Tokopedia,Positive,Bentuk,No,Hobi & Hiburan,No
aku suka banget next pengen nyobain semua rasanya nyaman ketika digunakan,unknown,5,Tokopedia,Positive,Rasa,No,Hobi & Hiburan,No
suka banget ama slamenya bonusnya byk pengiriman cepat semoga makin sukses seller,unknown,5,Tokopedia,Positive,Lainnya,No,Hobi & Hiburan,No
suka banget wangi bgt teksturnya juga bagus bangeetpacking rapi,unknown,5,Tokopedia,Positive,Rasa,No,Hobi & Hiburan,No
bagus banget top,unknown,5,Tokopedia,Positive,Bentuk,No,Hobi & Hiburan,No
mantap gk pernah kecewa belanja disini figure sesuai foto kawaii banget nezuko chan wangy wangyyy hehe becanda om,unknown,5,Tokopedia,Positive,Rasa,No,Hobi & Hiburan,No
mantap gan barang sudah sampai dengan aman makasih gan,unknown,5,Tokopedia,Positive,Rasa,No,Hobi & Hiburan,No
bagus banget barang nya,unknown,5,Tokopedia,Positive,Bentuk,No,Hobi & Hiburan,No
bagus bgt sumpah harga juga murah bgt,unknown,5,Tokopedia,Positive,Harga,No,Hobi & Hiburan,No
manteb bangettt lov it,unknown,5,Tokopedia,Positive,Lainnya,No,Hobi & Hiburan,No
mobilnya bagus bgt pengiriman super cepat harga terjangkau,unknown,5,Tokopedia,Positive,Harga,No,Hobi & Hiburan,No
mantap banget recomend barang yg diterima sesuai gambar,unknown,5,Tokopedia,Positive,Bentuk,No,Hobi & Hiburan,No
okeeee siiipps kereeennn abis utk tempatbhotwhealsnya gan,unknown,5,Tokopedia,Positive,Lainnya,No,Hobi & Hiburan,No
keren banget sempurna,unknown,5,Tokopedia,Positive,Lainnya,No,Hobi & Hiburan,No
secara overall ok banget,unknown,5,Tokopedia,Positive,Lainnya,No,Hobi & Hiburan,No
mainannya bagus banget,unknown,5,Tokopedia,Positive,Bentuk,No,Hobi & Hiburan,No
keren banget anak saya suka banget,unknown,5,Tokopedia,Positive,Lainnya,No,Hobi & Hiburan,No
sukaa sekaliiii sellernya juga responded banget terima kasih ya sukses untuk seller,unknown,5,Tokopedia,Positive,Lainnya,No,Hobi & Hiburan,No
barangnya kerennnn banget sayangnya bungkusnya hanya plastik biasa shg terkesan kurang premium overall kuereennnn terimakasih,unknown,5,Tokopedia,Positive,Bentuk,No,Hobi & Hiburan,No
kualitas oke sesuai harga tapi keren parah,unknown,5,Tokopedia,Positive,Harga,No,Hobi & Hiburan,No
mantap sesuai deskripsi dan gambar,unknown,5,Tokopedia,Positive,Bentuk,No,Hobi & Hiburan,No
first time beli gak pake ragu pokoknya worth it banget,unknown,5,Tokopedia,Positive,Harga,No,Hobi & Hiburan,No
the best banget dan pengiriman juga cepat,unknown,5,Tokopedia,Positive,Lainnya,No,Hobi & Hiburan,No
saya sarankan jangan transaksi sama toko ini pesanan saya sampai saat ini belum dikirim selalu bohong klo ditanya,unknown,1,Tokopedia,Negative,Bentuk,Yes,Hobi & Hiburan,No
lain kali tolong lah di cek baik baik sebelum di bungkus,unknown,1,Tokopedia,Negative,Lainnya,No,Hobi & Hiburan,No
barang tidak pernah sampai malah disuruh ngambil sendiri ngga rekomen banget,unknown,1,Tokopedia,Negative,Lainnya,No,Hobi & Hiburan,No
barang tidak datang dana gk kembali,unknown,1,Tokopedia,Negative,Lainnya,No,Hobi & Hiburan,No
parah ini toko ga ada tanggung jawab nya,unknown,1,Tokopedia,Negative,Lainnya,Yes,Hobi & Hiburan,No
ga adda mesin nya jangan di beli,unknown,1,Tokopedia,Negative,Lainnya,No,Hobi & Hiburan,No
mentang2 dapetnya gratis dari tokped ehh dikirimnyapun seenak jidat packing jelek mainannya gak dicek dulu rodanya depannya gak ada jadi keretanya gak bisa jalan sorry gak difoto keburu kesel sekarang pun mainannya udh ancur kayaknya sama ponakan saya next kalo ada pesanan jangan diliat dari apapun ya cukup layani aja dengan penuh hati,unknown,1,Tokopedia,Negative,Bentuk,No,Hobi & Hiburan,No
hati hati guys gua beli tiga terus satu bener bener gabisa dipake sengaja ngasih bintang satu lagian gua chat abangnya ga respon,unknown,1,Tokopedia,Negative,Lainnya,No,Hobi & Hiburan,No
beli dipakai dua hari udah hangus kapok beli disini catridge gak sampe seminggu,unknown,1,Tokopedia,Negative,Lainnya,No,Hobi & Hiburan,No
order dan gambar truck pemadam kok dikirim mobilan police not recommended,unknown,1,Tokopedia,Negative,Lainnya,No,Hobi & Hiburan,Yes
ternyata bukan hot wheels asli bahan plastik harap di beri keterangan bahwa barang tdk original,unknown,1,Tokopedia,Negative,Bentuk,No,Hobi & Hiburan,No
ternyata bukan ori harga sesuai kualitas ya 10rb bahan plastik harusnya dikasih keterangan di deskripsi,unknown,2,Tokopedia,Negative,Bentuk,No,Hobi & Hiburan,No
untuk jar bahannya bagus bahan2 yg lain lumayan namun untuk tutup jar pita tlg diperhatikan lubangnya terlalu besar gampang ditarik smp lepas tp terbalik dgn tutupnya stick yg kekecilan lobangnya stick plastik g bisa masuk akhirnya hrs diganti tutup stick jd tutup pita tp y pe er ngerjainnya krn udh keiket kecil2 gt kan maaf agak panjang reviewnya untuk yang lain bagus,unknown,3,Tokopedia,Neutral,Bentuk,No,Hobi & Hiburan,No
merek kereta nya beda banget sama di gambar yg dijual merek yg dijual keluaran china dan bukan merek thomas train set tapi thamos train set rel kretanya juga gk bisa rata stabil kalo nyari kualitas mending cari yang lain saya aja ketipu sebenrnya gk liat review dulu mgkn kalo penjualnya ngasih barang yg sesuai gambar saya bakal puas,unknown,1,Tokopedia,Negative,Bentuk,Yes,Hobi & Hiburan,No
bukan soal uangnya tapi soal ke amanahannya kirim barang ada yg nggak dikirim tidak lengkap bukannya berniat dikirim kekurangannya malah belibet saat di inbox berkali kali alasan macam2 minta no pesanan dan no resi sudah dikasih tetep aja alesan belibet salah sendiri kirim brg ngga lengkap sangat nggak rekomended,unknown,1,Tokopedia,Negative,Lainnya,No,Hobi & Hiburan,No
sy order 5pcs dikirim cuma krn weekend senin sy baru cek system sdh close ini penjual penipu krn ditanya tdk mau jawab padahal dia online,unknown,1,Tokopedia,Negative,Lainnya,No,Hobi & Hiburan,No
seller jelek ga recommended mending ga usah belanja disini,unknown,1,Tokopedia,Negative,Bentuk,No,Hobi & Hiburan,No
maaf sya kasih bintang di keterangan udh jelas pilihan warna kuning rusa pilihan warna lain jika tidak ada warna kuning warna hijau atau biru tapi yg dteng malah warna pink kalau stok warna yg saya ingin tidak ada harus a konfirmasi terlebih dahulu tapi ini tidak kecewa si karna anak saya cowo bukan cewek malah di kasih warna pink lain kali sblum di kirim coba di cek lagi,unknown,1,Tokopedia,Negative,Bentuk,Yes,Hobi & Hiburan,No
tolong di cek lagi untuk baterainya gan baterai bekas dikasih pantes gak mau hidup suaranya,unknown,1,Tokopedia,Negative,Lainnya,No,Hobi & Hiburan,No
kayaknya smua barangnya kempeess makannya dituliss klo kempes gabisa ganti,unknown,1,Tokopedia,Negative,Lainnya,No,Hobi & Hiburan,No
ujungnya bompel mungkin kebentur pas ekspedisi saran packaging seharusnya yg lebih aman utk barang mudah pecah,unknown,3,Tokopedia,Neutral,Bentuk,No,Hobi & Hiburan,No
proses cepat produk bagus finising mulus cuma saran om di bagian pengelam agak fi tingkatkan ada beberan sisi yg kurang nempel soal nya sama lobang buat gantungan nya agak d besarkan om terima kasih,unknown,3,Tokopedia,Neutral,Bentuk,No,Hobi & Hiburan,No
ternyata barangnya kw kirain beneran promo,unknown,1,Tokopedia,Negative,Harga,No,Hobi & Hiburan,No
barang palsu bukan hot wheels original made in china bukan made malaysia spt diskripsi,unknown,1,Tokopedia,Negative,Bentuk,Yes,Hobi & Hiburan,No
ternyata bukan hot wheels asli bahan plastik harap di beri keterangan bahwa barang tdk original,unknown,1,Tokopedia,Negative,Bentuk,No,Hobi & Hiburan,No
ternyata bukan ori harga sesuai kualitas ya 10rb bahan plastik harusnya dikasih keterangan di deskripsi,unknown,2,Tokopedia,Negative,Bentuk,No,Hobi & Hiburan,No
mobil bukan asli hot wheels sy kira aslinya,unknown,2,Tokopedia,Negative,Bentuk,No,Hobi & Hiburan,No
lain kali sebelum kirim barang di cek dulu berfungsi atau tidak pertama dinamo ny tidak ada yaa walaupun seller kirim dinamo nya tapii tetep tidak berfungsi motor nya lampu musik tombol dan mesin ny gk nyala udh di ces berhari ttep ajh gk mau nyala,unknown,1,Tokopedia,Negative,Lainnya,Yes,Hobi & Hiburan,No
barangku kapan datang gua uda lama nunggu males gua beli lagi,unknown,1,Tokopedia,Negative,Lainnya,No,Hobi & Hiburan,No
kaki mainan robot hulk pecah rusak mohon dicek sblm kirim brh,unknown,1,Tokopedia,Negative,Lainnya,Yes,Hobi & Hiburan,No
mending ke toko lain,unknown,1,Tokopedia,Negative,Lainnya,No,Hobi & Hiburan,No
kecewa robot nya lemot kyaxnya ini yg kw ny ga lagi dah blanja disini,unknown,1,Tokopedia,Negative,Bentuk,Yes,Hobi & Hiburan,Yes
hati hati ada jebakan be careful judul dan deskripsi tertulis dart game besar isi paket buah papan dart inch kenyataannya yg dikirim hanya ukuran inch be careful,unknown,1,Tokopedia,Negative,Bentuk,No,Hobi & Hiburan,No
barang tidak lengkap next di cek bner2 dlu sblm kirim gak cm asal kirim aja jual kok gk mau rugi mlh ngrugiin customer suruh kirim kekurangan barangnya gak mau ribet gmn mau dpt kepuasan n kepercayaan dari pelangg,unknown,1,Tokopedia,Negative,Lainnya,No,Hobi & Hiburan,Yes
barang diterima dengan kondisi pinggirannya patah,unknown,1,Tokopedia,Negative,Lainnya,No,Hobi & Hiburan,No
barang tidak terkirim ke pembeli dan minta di kirim ulang tetapi toko menolak,unknown,1,Tokopedia,Negative,Lainnya,No,Hobi & Hiburan,No
hati2 gaes dikirim barang yg salah,unknown,1,Tokopedia,Negative,Lainnya,No,Hobi & Hiburan,No
kiri pembelian ke saya beli 150pcs yg kanan pembelian pertama warna dan kualitas berbeda pembelin ke bahan tipis warna tidak secerah pembelian pertama,unknown,1,Tokopedia,Negative,Bentuk,Yes,Hobi & Hiburan,No
kurir sameday dikirim besoknya pdhal ditanya bisa kirim hari ini pake sameday dia bilang bisa tokonya barang ga ready sih jd sistemnya ambil dulu dikumpulkan orderan baru dikirim jadi ya kaya begitu,unknown,1,Tokopedia,Negative,Lainnya,No,Hobi & Hiburan,No
pesen playdogh dikirim cuma pesen stamp tp ga dikirim padahal byr full ga ada cfm sama sekali sangat ga rekomended tokonya maaf sy ksh bintang lain kali hrs lebih amanah kl jual,unknown,1,Tokopedia,Negative,Bentuk,No,Hobi & Hiburan,No
mantap saya sudah beberapa kali order ulang,unknown,5,Tokopedia,Positive,Rasa,No,F&B,No
terimakasih barang sdh diterima dan sudah dicoba rasanya enak,unknown,5,Tokopedia,Positive,Rasa,No,F&B,No
rasanya enak dan mengenyangkan mirip bgt sama nasi putih biasa,unknown,5,Tokopedia,Positive,Rasa,No,F&B,No
coklat nya sampai dgn selamat tdk leleh packing aman pengiriman cepat harga murah thank you,unknown,5,Tokopedia,Positive,Harga,No,F&B,No
harga murah kualitas produk sangat baik,unknown,5,Tokopedia,Positive,Harga,No,F&B,No
respon penjual cepat pengiriman cepat dankemasan rapih,unknown,5,Tokopedia,Positive,Bentuk,No,F&B,No
mantap barang ori packing oke harga promo muraj sering sering aja promo ya,unknown,5,Tokopedia,Positive,Harga,No,F&B,No
packing rapi n aman produk sesuai pesanan seller responsif utk rasa dendeng ny blm dicoba ya mdh an saja enak thanks,unknown,5,Tokopedia,Positive,Rasa,No,F&B,No
puas mantap luar biasa cepat sampai rekomendasi belanja disini,unknown,5,Tokopedia,Positive,Rasa,No,F&B,No
empuk manis gede dagingnya kecil bijinya respon seller cepat gratis ongkirnya juga cepat sampai mantap deh pasti bakal beli lagi disini,unknown,5,Tokopedia,Positive,Rasa,No,F&B,No
kurmanya bagus dagingnya empuk dan tebal mau coba pake buat bikin kue bakal langganan nih semoga kualitas kurmanya bagus terus ya terima kasih seller,unknown,5,Tokopedia,Positive,Bentuk,No,F&B,No
kurma matang sempurna mantap pokoknya pas buat anak kecil atau pun orang tua sukses dan smoga berkah gan aamiinn,unknown,5,Tokopedia,Positive,Bentuk,No,F&B,No
barang bagus response cepat proses dan pengiriman cepa packing baik recommended seller,unknown,5,Tokopedia,Positive,Bentuk,No,F&B,No
kualitas kurmanya top dagingnya tebal dan lembut packing bagus setelah tutup box dibuka kurma masih dibungkus plastik mau order lagi,unknown,5,Tokopedia,Positive,Bentuk,No,F&B,No
sdh pembelian berulang2 lumpianya enak packingnya bgs penjual responsif dan pengiriman cpt,unknown,5,Tokopedia,Positive,Rasa,No,F&B,No
produk selalu fresh dan lezat packing rapih pengiriman cepat dan pelayanan toko sangat ramah sukses terus ya,unknown,5,Tokopedia,Positive,Bentuk,No,F&B,No
enak isiannya banyak sausnya mantap,unknown,5,Tokopedia,Positive,Rasa,No,F&B,No
pembelian kedua seller seperti biasa responsif pengemasan barang sangat baik dengan bubble wrap dan menggunakan kotak lagi kualitas kimchi segar dan enak overall good job,unknown,5,Tokopedia,Positive,Rasa,No,F&B,No
kimchi my love paling enak beli di kimchi id ini the best pokoknya,unknown,5,Tokopedia,Positive,Rasa,No,F&B,No
rasa mantap dan dibiarka diluar hari pas asemnya,unknown,5,Tokopedia,Positive,Rasa,No,F&B,No
respon cepat barang aman buahnya segar dan bagus pengiriman cepat,unknown,5,Tokopedia,Positive,Rasa,No,F&B,No
buahnya bagus kurirnya ok sellernya juga ok,unknown,5,Tokopedia,Positive,Bentuk,No,F&B,No
produk ok sesuai gambar,unknown,5,Tokopedia,Positive,Bentuk,No,F&B,No
enak bgt cepet sampe,unknown,5,Tokopedia,Positive,Rasa,No,F&B,No
respon seller ok banget pisangnyaaa enakkk manis nagih,unknown,5,Tokopedia,Positive,Rasa,No,F&B,No
barang ok harga porsi terjangkau untuk rasa enak pengiriman cepat good job,unknown,5,Tokopedia,Positive,Rasa,No,F&B,No
udh lama gak makan kali ini bnykan sounnya daging ayamnya lmyn gak kliatan sambel ttp enak pcking aman respon cepat,unknown,5,Tokopedia,Positive,Rasa,No,F&B,No
mantap pastelnya ini pemesanan utk yg kesekian kalinya selalu langganan n puas sm rasanya penjualnya jg ramah banget rekomend pokoknya,unknown,5,Tokopedia,Positive,Rasa,No,F&B,No
enakk banget isinya banyak saosnya mantap seller ramah thank you,unknown,5,Tokopedia,Positive,Rasa,No,F&B,No
ini cookies terenak dimulutku,unknown,5,Tokopedia,Positive,Rasa,No,F&B,No
enakkkk banget cryyyyy packaging oke tengkyu,unknown,5,Tokopedia,Positive,Rasa,No,F&B,No
respon seller ok packaging rapih pesanan sesuai kukisnya enak teksturnya pas hanya masih kemanisan mnrt sy kalau dikurangi sedikit manisnya lebih ok,unknown,5,Tokopedia,Positive,Bentuk,No,F&B,No
salah satu yang terbaik packing rapih dan kualitas makanan sangat bagus,unknown,5,Tokopedia,Positive,Bentuk,No,F&B,No
pelayanan cepat langganan di toko ini,unknown,5,Tokopedia,Positive,Lainnya,No,F&B,No
pelayanan top bgt exp lama stp beli maling slalu ke toko ini the best seller,unknown,5,Tokopedia,Positive,Lainnya,No,F&B,No
barang ori pengiriman cepat sippp,unknown,5,Tokopedia,Positive,Bentuk,No,F&B,No
packaging baik barang utuh dan sudah dikirim ke anggoto keluarga isoman semoga membantu pemulihan sering promo ya real food sukses selalu,unknown,5,Tokopedia,Positive,Harga,No,F&B,No
barang sesuai deskripsi seller fast response pengiriman aman sampai rumah,unknown,5,Tokopedia,Positive,Bentuk,No,F&B,No
barangnya bagus dan original packaging juga bagus full dng bubble wrap berlapis dan dilapis dng packing kardus barang msh tersegel,unknown,5,Tokopedia,Positive,Bentuk,No,F&B,No
janjinya dapat kaleng kecil dan kaleng besar tapi yg datang adalah kaleng kecil kecewa bangetttt,unknown,1,Tokopedia,Negative,Bentuk,Yes,F&B,Yes
di foto bonus foto besar dateng nya kecill pencitraan sekali anda kill sungguh mengecewakan,unknown,1,Tokopedia,Negative,Bentuk,Yes,F&B,No
rugi sudah bayar instant delivery yg mahal tapi ternyata order tidak dicek dan tidak lengkap pesanan yg seharusnya praktis dan cepat tuntas menjadi bertele tele krn harus kirim ulang sangat kecewa sia sia belanja mahal disini,unknown,1,Tokopedia,Negative,Harga,Yes,F&B,No
layanan cs sangat mengecewakan,unknown,1,Tokopedia,Negative,Lainnya,Yes,F&B,No
order yg k2 ko sy sangat kecewa bungkus sudah pecah kopi berhamburan k mna gak tau ini kesalahan dr selese seler atau kurir,unknown,1,Tokopedia,Negative,Lainnya,Yes,F&B,No
kecewa berat salahnya dimana ini packing atau memang kemasan produknya yang hancur gak sangka sekelas pronas bisa seperti ini,unknown,1,Tokopedia,Negative,Bentuk,Yes,F&B,Yes
kok hancur tempenya saya dikasih yg puing2 tempe yg utuh hanya beberapa kecewa sih kan saya di sini bayar,unknown,2,Tokopedia,Negative,Harga,Yes,F&B,Yes
parah pake banget kalengnya aja udh gimana bentuknya peyot super parah tolong packing lbh di perhatikan mengecewakan,unknown,1,Tokopedia,Negative,Bentuk,Yes,F&B,Yes
kali ini dimsum nya hancur,unknown,1,Tokopedia,Negative,Lainnya,Yes,F&B,No
pengiriman sangat teramat lama sampai sangat mengecewakan,unknown,1,Tokopedia,Negative,Lainnya,Yes,F&B,No
pia nya sudah sampai kak tp pas di buka pada hancur smua padahal sudah di bubble wrap,unknown,2,Tokopedia,Negative,Bentuk,Yes,F&B,No
kecewa karena pengiriman yang lama katanya gara gara pembatasan pengiriman karena covid pesan tgl baru diambil untuk dikirim tgl dan saya terima tgl masih bisa dimaklumi tapi eh pas udah diterima ternyata cuma dpt kotak padahal pesan,unknown,2,Tokopedia,Negative,Bentuk,Yes,F&B,Yes
pesanan sy tidak sampai ke rumah sy sesuai alamatnya,unknown,1,Tokopedia,Negative,Bentuk,Yes,F&B,No
saya pesen ini yg dateng cuma sukiyaki dan konbutsuyu padahal di deskripsi tertulis jenis kecewa bgt,unknown,1,Tokopedia,Negative,Lainnya,Yes,F&B,Yes
maaf pembelian yg ke kali nya kecewa saya pesan x dus isi malah d kirim dus isi jd kurang,unknown,1,Tokopedia,Negative,Lainnya,Yes,F&B,Yes
packing berantakan sungguh mengecewakan,unknown,1,Tokopedia,Negative,Lainnya,Yes,F&B,No
2x pembelian awal ga ada masalah dan puas tapi pembelian terakhir ini mengecewakan ntah mau irit packaging atau karena alasan apa untuk pembelian rasa tiramisu sudah tidak berkardus mungkin udah mulai dijual ketengan,unknown,1,Tokopedia,Negative,Rasa,Yes,F&B,No
rasanya tidak sesuai ekspektasi bener kecewa yang emak hanya valrhona chocolate sisanya gak enak semua intinya kecewa,unknown,2,Tokopedia,Negative,Rasa,Yes,F&B,Yes
brownis nya penyek untung ga ancur sangat kecewa sama pengiriman nya lelet dan bikin brownis saya penyek tokped hrs nya blacklist tuh antaraja,unknown,1,Tokopedia,Negative,Bentuk,Yes,F&B,No
ga akan bl lg dsni thx saya kecewa,unknown,1,Tokopedia,Negative,Lainnya,Yes,F&B,Yes
kecewa minta ganti alamat mlh gk bisa,unknown,1,Tokopedia,Negative,Lainnya,Yes,F&B,Yes
setelah minum jadi mual2 beda rasanya dengan yang biasa,unknown,1,Tokopedia,Negative,Rasa,No,F&B,No
jujur kecewa udah beli kesekian kali baru diminum sehari bsknya sudah asem jadi g bisa diminum mohon dipastikan tgl kadaluarsanya,unknown,1,Tokopedia,Negative,Bentuk,Yes,F&B,Yes
kali ini kecewa dapet yang udah kadaluarsa padahal baru minum sehari besoknya udah asem gak bisa diminum mohon di pastikan tgl kadaluarsanya jujur kecewa banget,unknown,1,Tokopedia,Negative,Bentuk,Yes,F&B,Yes
kecewa sama anter aja jadi basi kopsus saya karena sameday tapi nyampenya malem,unknown,1,Tokopedia,Negative,Bentuk,Yes,F&B,Yes
baru sehari udh basi t t,unknown,1,Tokopedia,Negative,Lainnya,No,F&B,No
belum ada hari di kulkas tapi udah basi hiks,unknown,1,Tokopedia,Negative,Lainnya,No,F&B,No
aku dikirimin kopi langsung masukin kulkas besok di cobain basi,unknown,1,Tokopedia,Negative,Lainnya,No,F&B,No
pesen kopi keluarga botol yg dikirim cm botol penjual dichat tidak ada respon sama sekali sangat mengecewakan penjualnya,unknown,1,Tokopedia,Negative,Bentuk,Yes,F&B,No
mon maap pemesanan ke ini rasanya beda dg pemesanan pertama yg luar biasa enaknya yg ini lebih pahit drpd sblmnya lagipula pada pemesanan ini saya menemukan rambut di dalam kopinya mohon dijaga kualitas dan rasanya meski bnyk pesanan ya tks,unknown,1,Tokopedia,Negative,Rasa,No,F&B,Yes
baru diminum sedikit besoknya udah basi,unknown,1,Tokopedia,Negative,Lainnya,No,F&B,No
pesen hari selasa malem nyampe rumah rabu sore kamis masih aman jumat pagi di minum udh asem padahal masih banyak jadi kecewa,unknown,1,Tokopedia,Negative,Lainnya,Yes,F&B,Yes
rasa udang rebon semur ayam lele kikil enak semua tapi utk ayam ungkepnya maaf bener2 mengecewakan pertama kali sy buka boxnya baunya amis tidak fresh tercium lalu sy goreng masih amis barusan sy coba ungkep ulang dg bumbu ayam goreng dan sy goreng ternyata masih tercium bau tidak enak terutama pada bagian tulangnya padahal sy sdh langsung pesan box dg kurir gojek instan ada hanya permintaan maaf dr penjual,unknown,1,Tokopedia,Negative,Rasa,Yes,F&B,No
sy terima package makanannya sudah rusak dan terbuka apa bekas ini sangat kecewa,unknown,1,Tokopedia,Negative,Lainnya,Yes,F&B,No
sepertinya bukan gepuk fresh rasanya gak enak dan hari kemudian dah berjamur sayang bgt padahal beli banyak dibuang semua deh,unknown,1,Tokopedia,Negative,Rasa,No,F&B,No
gepuknya kok pahit,unknown,1,Tokopedia,Negative,Rasa,No,F&B,No
maaf sebelumnya bknnya sy mau menjelekan produk tp sy kecewa salah satu gepuk toples warna merah stlah 2hr ko sudah berjamur pdhl toples yg lainnya masih wenak bgtzz gepuknya,unknown,1,Tokopedia,Negative,Bentuk,Yes,F&B,Yes
barangnya sudah ga enak lagi udah beda rasanya,unknown,1,Tokopedia,Negative,Rasa,No,F&B,No
sambal nya asem chat penjual gak respon kecewa,unknown,1,Tokopedia,Negative,Lainnya,Yes,F&B,No
rasanya gak enak kuah nya masa kentel di bnyakin air malah asrep gak karuan pokok nya pretttt,unknown,1,Tokopedia,Negative,Rasa,No,F&B,No
coklatnya lembek benyek,unknown,1,Tokopedia,Negative,Lainnya,No,F&B,No
beli cashew dikirim almond beli dikirim cm gak berkah dagangan mu,unknown,1,Tokopedia,Negative,Lainnya,No,F&B,No
hancurrrr agak keras dan rasanya sudah lama,unknown,1,Tokopedia,Negative,Rasa,Yes,F&B,No
keripik tempe hancur n agak bau tengik ga kemakan,unknown,1,Tokopedia,Negative,Rasa,Yes,F&B,No
mana barangnya sy order macam n bayar 76rb kok yg dtg cuma paket promo harga 15rb aza jualan sambil nipu yah pdhl kalian official store loh toped gimana nih pertanggungjawabannya kapok sy kalo gini caranya balikin uang sy 60rb,unknown,1,Tokopedia,Negative,Harga,No,F&B,Yes
pelayanan yg sangat buruk saya pesan dengan menggunakan grab instan jam pagi baru di antar sekitar jam sore beberapa kali chat lama sekali respons nya sangat tdk profesional melayani konsumen,unknown,2,Tokopedia,Negative,Lainnya,Yes,F&B,No
roti keras gak enak,unknown,1,Tokopedia,Negative,Rasa,No,F&B,No
keras nya bukan main kayk batu,unknown,1,Tokopedia,Negative,Rasa,No,F&B,No
keripik ususnya rada bau bangkai rasa asin banget saya me review karena saya memang kecewa atas kualitas kripik usus yang bau menyengat harusnya anda menjadikannya bahan introspeksi bukannya malah menuduh saya kompetitor anda toko macem apa ini,unknown,1,Tokopedia,Negative,Rasa,Yes,F&B,Yes
rasanya gak spt biasanya pembelian yg ke ini asin kebangetan udah gitu packingannya cuma dibuble wrap tdk diberi dos spt biasanya sehingga kripiknya banyak yg hancur,unknown,1,Tokopedia,Negative,Rasa,Yes,F&B,No
wooy ini gimana kirim cuma saya pesan loh coba cek dong yg dipesan,unknown,1,Tokopedia,Negative,Lainnya,No,F&B,No
mau cancel ganti tgl pengiriman aja byk cincong,unknown,1,Tokopedia,Negative,Lainnya,No,F&B,No
beli ga ada yg enak jauh banget sama kota hoedjan,unknown,1,Tokopedia,Negative,Rasa,No,F&B,No
pelayanan ga bgt deh saya pakai ekspedisi gojek instan dari jam pagi ternyata baru di proses pihak toko jam sore,unknown,1,Tokopedia,Negative,Lainnya,No,F&B,No
ini kok belum di ulas sih kan saya mintanya tumbuk halus bener2 parah,unknown,1,Tokopedia,Negative,Bentuk,Yes,F&B,No
order yg k2 ko sy sangat kecewa bungkus sudah pecah kopi berhamburan k mna gak tau ini kesalahan dr selese seler atau kurir,unknown,1,Tokopedia,Negative,Lainnya,Yes,F&B,No
beli abon srundeng tapi salah dikasih srundeng semua jd ga jadi dpt abon krn klo retur hrs ngirim brg yg salah ribet,unknown,1,Tokopedia,Negative,Lainnya,Yes,F&B,No
keras gak ada rasa,unknown,1,Tokopedia,Negative,Rasa,No,F&B,No
roti keras gak enak,unknown,1,Tokopedia,Negative,Rasa,No,F&B,No
hancur patah patah semua,unknown,1,Tokopedia,Negative,Lainnya,Yes,F&B,No
busyeettt lamaaa amit nyampe brgnya pdhl udh 2x order,unknown,1,Tokopedia,Negative,Lainnya,No,F&B,No
minta halus dikirim kasar laen ngopi duli biar melek admin yg ngurusin orderan,unknown,1,Tokopedia,Negative,Bentuk,No,F&B,No
parah respon nya butuh hr sejak order baru dikirim granola nya jg ancur semua,unknown,1,Tokopedia,Negative,Lainnya,Yes,F&B,No
ini mah ada robusta nya ga sesuai deskripsi dan ekspetasi payah,unknown,1,Tokopedia,Negative,Bentuk,No,F&B,No
rasa tidak sesuai gk ada kerasa daun jeruknya bad taste,unknown,1,Tokopedia,Negative,Rasa,Yes,F&B,No
pesan kurir instan posisi rumah saya di bintaro jaksel kurirnya malah kearah bekasi penjual bilang tukang gojeknya ambil jalan alternatif helllooo begitu kurirnya ojek online sampe rumah katanya nganterin orang tuanya ke tukang urut tolong lah lain kali penjual pastikan kalo barang langsung diantar oleh kurir yg ambil apalagj kurir instan jangan lepas tangan saya pesan kurir instan untuk menjaga kualitas makanan terjaga ini barang sampai rumah seal sudah tidak rapat,unknown,1,Tokopedia,Negative,Bentuk,No,F&B,No
lama banget sampenya pas nyampe jamuran gini haduuh parah deh,unknown,1,Tokopedia,Negative,Bentuk,Yes,F&B,No
dapet yang berjamur gini padaha expnya masih lama tolong dong di perhatiin produknya,unknown,1,Tokopedia,Negative,Lainnya,No,F&B,No
bau bgt kayak bau sampah,unknown,1,Tokopedia,Negative,Rasa,No,F&B,No
emang rasanya kaya basi apa gimana kok gini amat kaya bau tong sampah,unknown,1,Tokopedia,Negative,Rasa,No,F&B,No
bau makanan tidak nyaman dan rasa tidak enak,unknown,1,Tokopedia,Negative,Rasa,No,F&B,No
rasanya ngadi2 sumpah kayak pake saos sambel kyk gapake gochujang gochugaru yang biasa makan kimchi asli korea pasti gaakan suka pengiriman super lelet pesen hr rabu br dtg hari minggu gils,unknown,1,Tokopedia,Negative,Bentuk,No,F&B,No
gaenak basi iuhhhh plis jangan beli disini aku gamau motong rezeki mu tapi ini sriusan basi bau apek cuankinya mlempem bocinyaa bau bumbunya kaya dah ga seger terus kemasannya kaya dah berdebugituu ahhhhh nyesell kalau mau jualan yang niat bukan cari uangnya aja tapi cari rasaaaa kualitas,unknown,1,Tokopedia,Negative,Rasa,Yes,F&B,No
baso nya asemmm basi rasa ngga enak banget deh mungkin orang beda beda yah soal rasa untuk luar pulau pikir2 deh klau mau beli di jamin basiii,unknown,1,Tokopedia,Negative,Rasa,No,F&B,No
sudah ga layak kenapa ga dibuang aja,unknown,1,Tokopedia,Negative,Lainnya,No,F&B,No
jeruknya udh busuk dikirim yg gk busuk gk ada lagi airnya pilus keras,unknown,1,Tokopedia,Negative,Rasa,No,F&B,No
baru kali ini masak nasi porang tanpa berasa karet praktis pula cuma diseduh air panas mantaabbb,unknown,5,Tokopedia,Positive,Bentuk,No,F&B,No
wow wow sangaat praktis euy tapi emang harganya mayaan sihh rasanya enak mantul bakal repeat order nihh,unknown,5,Tokopedia,Positive,Rasa,No,F&B,No
enak banget pulen bener2 teksturnya seperti nasi gampang juga buatnya,unknown,5,Tokopedia,Positive,Rasa,No,F&B,No
sesuai proses n pengiriman cepat responsif recommended barokah terima kasih,unknown,5,Tokopedia,Positive,Bentuk,No,F&B,No
mantaap rekomendasi banget murah bukan murahan dan enak rasanya,unknown,5,Tokopedia,Positive,Rasa,No,F&B,No
lengkap bagus pengiriman cepat dan tepat terpercayaa nomor seindonesia,unknown,5,Tokopedia,Positive,Bentuk,No,F&B,No
respon dan pengiriman cepat packing rapi recommended seller,unknown,5,Tokopedia,Positive,Bentuk,No,F&B,No
alhamdulillah seperti biasa repeat order di sini free ongkir rasa enak harga murah dan pastinya gurih mantap krupuknya,unknown,5,Tokopedia,Positive,Rasa,No,F&B,No
respon penjual nyaa baik dapet harga muraaaaaah packingnya rapiiiii dan pengirimannya lumayan cepat lahh coklatnya enakkkkkk,unknown,5,Tokopedia,Positive,Rasa,No,F&B,No
mantep bangettt coklatnya beli lagi promo terus masih ditambahin voucher juga jadi mumer pokok deh,unknown,5,Tokopedia,Positive,Harga,No,F&B,No
alhmdllh pkt ny dah smpe ank2 seneng bgt klu makan sama sarden abc makasi seller tokopedia,unknown,5,Tokopedia,Positive,Bentuk,No,F&B,No
pengirimannya cepat amanah,unknown,5,Tokopedia,Positive,Lainnya,No,F&B,No
mantaab p00000l udh langganan keluarga sangat syukaaaa trims,unknown,5,Tokopedia,Positive,Lainnya,No,F&B,No
kurma medjol palestine emang fave aku bgtt legit ga trllu manis bijinya keciiil dagingnya jumbo cocok utk ibukku yg kebetulan diabetes tp baru pertama beli disini makasi ya ka pengiriman cpt 1hri aja makasi jg tokped dah gratis ongkir semoga allah swt memberkahi kalian,unknown,5,Tokopedia,Positive,Harga,No,F&B,No
enak lumpia basah nya dan admin baik minta daun bawang lebihan eh beneran di kasi banyak terimakasih nanti mau beli lagi,unknown,5,Tokopedia,Positive,Rasa,No,F&B,No
luar biasa respon dan pengirimannya siang pesan malam tiba luar biasa,unknown,5,Tokopedia,Positive,Lainnya,No,F&B,No
uenak bangetzzz udah berulamg kali order,unknown,5,Tokopedia,Positive,Rasa,No,F&B,No
repeat order ke,unknown,5,Tokopedia,Positive,Lainnya,No,F&B,No
sdh sering repeat order mantap,unknown,5,Tokopedia,Positive,Rasa,No,F&B,No
bakalan jd langganan harga terjangkau pengiriman juga oke,unknown,5,Tokopedia,Positive,Harga,No,F&B,No
sudah beberapa kali beli pastel ini ga pernah ngecewain rasanya mantappp seller nya juga ramah banget,unknown,5,Tokopedia,Positive,Rasa,No,F&B,No
enak enak enak enak sekali uda order a aja kali disini dan pasti akan reorder terus thank u sukses selalu,unknown,5,Tokopedia,Positive,Rasa,No,F&B,No
ini enak bangett packingnya juga bagus bangett terima kasihh recommended bangett dehh,unknown,5,Tokopedia,Positive,Rasa,No,F&B,No
ini pembelian ke krupuknya mantap pengirimannya cepat dan tidak ada yang rusak terima kasih kepada penjual dan kurir sicepat,unknown,5,Tokopedia,Positive,Rasa,No,F&B,No
penjual responsive barang sampai dengan selamat sudah berkali2 order disini untuk saya bawa ke turki ka terimakasih ya ka,unknown,5,Tokopedia,Positive,Lainnya,No,F&B,No
sekian kalinya beli di tuang coffee terbaaiikk,unknown,5,Tokopedia,Positive,Lainnya,No,F&B,No
dimsum mantaap selalu setia menemani dengan kehangatan di saat musim hujan setiap gigitannya mak nyoos uenaaak tenan tks,unknown,5,Tokopedia,Positive,Lainnya,No,F&B,No
bagus bagus dimsumnyamasih kedaan bgus ga penyok dalem ya juga seger produknya rekomen bgt klo belanja disini enak ga cape jadi makin sering masak biar hemat dan sehat dirumahmakasi yaa udh mempermudah masak,unknown,5,Tokopedia,Positive,Rasa,No,F&B,No
enak banget bikin ketagihan,unknown,5,Tokopedia,Positive,Rasa,No,F&B,No
rendangnya enakkk dagingnya empukkk paling salut krn mau kirim di hari minggu jd bs nyampe tepat waktu sebelum lebaran tadinya udah agak was2 kl ngirimnya ketunda sehari aja udah ga bakal pas momennya ternyata sellernya gerceppp thanksss,unknown,5,Tokopedia,Positive,Rasa,No,F&B,No
enaaaak bakal order lagi,unknown,5,Tokopedia,Positive,Lainnya,No,F&B,No
rendangnya lembut n enak bngett pengiriman cepat rekomended deh,unknown,5,Tokopedia,Positive,Rasa,No,F&B,No
terbaik sihhh iniii pesanan ny superr cpt sampe nya d proses ny cpt bgtttt br psen hr itu bsk ny ud sampe lagi pengemasan amann bgt juga ya thx seller kurir,unknown,5,Tokopedia,Positive,Lainnya,No,F&B,No
mantaaapppppp battt rasa renyahhh hrg fs 30k free ongkiiir pula luv luv luv,unknown,5,Tokopedia,Positive,Rasa,No,F&B,No
kripsusnya juara udah kali order selalu tandas di mulutnya anak2 pokoke top markotop,unknown,5,Tokopedia,Positive,Lainnya,No,F&B,No
mienya enak favorit keluarga sudah langganan beli mie sedap di toko os packing rapi dan dpt bonus makasih ya,unknown,5,Tokopedia,Positive,Rasa,No,F&B,No
bagus produknya enak marumiya rice topping furikake nya bisa juga untuk bubur harga terjangkau recommended,unknown,5,Tokopedia,Positive,Harga,No,F&B,No
terima kasih banyak telah melayani dengan baik semua products bagus packaging nya aman products sesuai foto harga bersaing dengan bagus pengiriman cepat tepat very recommended shop seller next pasti akan sering blanja lagi di sini deh semoga semakin maju sukses ya,unknown,5,Tokopedia,Positive,Bentuk,No,F&B,No
udah yang kedua kali beli disini ngga nyesel banget kualitas udah pasti oke pengirimannya juga bagus dan cepat packagingnya juga rapi dan aman,unknown,5,Tokopedia,Positive,Bentuk,No,F&B,No
alhamdulillah barang diterima dengan sangat baik packing aman semua sesuai pesanan suka banget sama mie sedap apalagi ada varian laksa singapura,unknown,5,Tokopedia,Positive,Bentuk,No,F&B,No
jelek banget barang orderan ga sampai tapi di keterangan nya sdh keterima jgn order disini order barang ga sampe2,unknown,1,Tokopedia,Negative,Bentuk,No,F&B,No
barang tidak diterima tidak ada yang bertanggung jawab pertama kali belanja di sini langsung dikecewain,unknown,1,Tokopedia,Negative,Lainnya,Yes,F&B,Yes
yang dateng sangat sangat beda dengan yang di foto,unknown,1,Tokopedia,Negative,Lainnya,No,F&B,No
bad service pengiriman same day gosend melewati batas estimasi jika tdk mampu melayani pengiriman sameday gosend sebaiknya di non aktifkan agar pembeli tdk bayar lbh mahal ongkir,unknown,1,Tokopedia,Negative,Harga,No,F&B,No
baru dibuka tapi bentulnya aneh kaya udah meleleh tapi dibekuin sendiri padahal baru buka dari pengiriman,unknown,1,Tokopedia,Negative,Lainnya,No,F&B,No
dendeng yg sy terima ada beberapa yang muncul jamur putih di dipermukaan dagingnya untuk rasa banyak sekali ketumbarnya sehingga waktu dimakan rasanya kasar sekali seller mohon diperhatikan kualitas produk sebelum dijual terima kasih,unknown,1,Tokopedia,Negative,Bentuk,No,F&B,No
bukan dendeng daging sapi asli semacam campuran,unknown,1,Tokopedia,Negative,Bentuk,No,F&B,No
pisang kecil isinya sedikit nyeesel,unknown,1,Tokopedia,Negative,Bentuk,No,F&B,No
beli kg minta dimix pisang yg msh hijau kuning eh dikirim kuning semua hadeeehh,unknown,3,Tokopedia,Neutral,Lainnya,No,F&B,No
plastik pecah jd lembek sebagian,unknown,2,Tokopedia,Negative,Bentuk,No,F&B,No
byk yg hancur dikirim ke jkt,unknown,2,Tokopedia,Negative,Lainnya,Yes,F&B,No
pesan yg varian 20pcs tp cuma dikirim 10pcs,unknown,1,Tokopedia,Negative,Lainnya,No,F&B,No
pelayanan buruk barang yang dikirim tidak enak jangan beli disini,unknown,1,Tokopedia,Negative,Rasa,Yes,F&B,No
keripik tempe pecah2 packingnya kopong edit rasanya juga asin banget beh ga recommended yah mecin banyak orang juga tau bisa dikomplain bahkan ga pake asuransi pun bisa komplain cuma worth ga sama waktu yg dihabiskan buat komplain penjual yg ga bisa terima kritik ga layak dapat bintang maap yah perbaikin lg packingnya ekspedisi manapun kalo packing keripik pake plastik setengah kosong ga padat ya ancur koclak2 dalam dus mau pake buble juga mubazir,unknown,1,Tokopedia,Negative,Rasa,Yes,F&B,No
kapok belanja disini lama banget pengiriman nya,unknown,1,Tokopedia,Negative,Lainnya,No,F&B,No
produk tidak layak dimakan sudah jamuran beberapa pcs padahal tulisan expired date masih bulan lagi harap di qc ulang semua produk makanannya agar layak dimakan konsumen,unknown,1,Tokopedia,Negative,Lainnya,No,F&B,No
pie susunya jamuran duh parah bgt sih jualan,unknown,1,Tokopedia,Negative,Lainnya,Yes,F&B,No
beli kotak isi total buah pie terdapat buah pie yang sudah jamuran padahal paket langsung dibuka sesaat setelah diantar kurir dan expire date juga masih bulan lebih coba cek ulasan banyak pembeli juga mengalami kendala pie berjamur jelek sekali kontrol kualitas pie susu ini kasian reputasi toko ini ikutan rusak gara gara produk yang tidak dijaga reputasinya oleh pemilik produk maaf ya kaka penjual ini ulasan jujur mungkin bisa disampaikan kepada produsen produk agar memperbaiki kontrol kualitas produknya,unknown,1,Tokopedia,Negative,Bentuk,Yes,F&B,No
pie susunyabberjamur padahal baru disimpan sekitar semingguan dan expiry date masih sebulan biasanya kalo beli di bali ga kayak gitu ya biar temen2 yang beli pie susu nya aware aja ya sedih juga udah disayang2 makannya eh pas mau makan ternyata jamuran terpaksa dibuang udah chat juga ke sellernya katanya karena ga dimasukin ke kulkas tp dulu pas beli di bali jg ga masukin kulkas sih fyi aja buat temen2 yg mo beli yah,unknown,1,Tokopedia,Negative,Bentuk,No,F&B,No
ini tidak dikirim satupun dan tidak ada chat apapun dari penjual sudah dikomplain entah kenapa bisa selesai begitu saja mengecewakan padahal anak saya suka sekali ini dan menunggu dateng ternyata ga dikirim,unknown,1,Tokopedia,Negative,Lainnya,Yes,F&B,Yes
beratnya tidak sesuai katanya dirubah kok ga ada perbaikan dalam hal berat produk dan packing pdhl sy mau blanja banyak tapi mhl diongkir pdhl berat riil nya jauuh dari estimasi,unknown,1,Tokopedia,Negative,Bentuk,Yes,F&B,No
free canister ga dikirim payah kecewah dah males beli disini,unknown,1,Tokopedia,Negative,Lainnya,Yes,F&B,No
pengiriman lambat seminggu baru sampai bagi yang membutuhkan cepat lebih baik beli di supermarket langsung,unknown,3,Tokopedia,Neutral,Lainnya,No,F&B,No
kue nya pas dateng dicoba asem kue uda terlalu lama di komplain ke penjual bilang nya bisa dikonsumsi dan dimakan tidak ada tanggung jawab,unknown,1,Tokopedia,Negative,Bentuk,Yes,F&B,No
pia nya gak dikirim,unknown,1,Tokopedia,Negative,Lainnya,No,F&B,No
bad admin opportunity lost gara2 mau tambah pesanan tp diabaikan admin harusnya jd perhatian untuk manajemen wingsfood,unknown,1,Tokopedia,Negative,Lainnya,No,F&B,No
sampe sekarang barang blm sampe halu express blgnya sudah mau tanggung jwb dg membayar ke tokopedia tp dr tokopedia ga ada transfer penggantian ga ada yg tanggung jawab,unknown,1,Tokopedia,Negative,Harga,No,F&B,No
gak sesuai gambar disitu gulanya yg hijau kenapa dikirimnya yang kuning sih beda mereka harganya rasanya juga beda lbh enak yg hijau kenapa begini tokped jd pengguna baru malah nyesel,unknown,1,Tokopedia,Negative,Rasa,No,F&B,No
tidak sesuai pesanan yg di pesan gula 1kg kecap kemasan sama teh yg sampe gula nya cuma kg teh sama kecap,unknown,1,Tokopedia,Negative,Bentuk,Yes,F&B,No
kotak paket nya kegedean coklat gak dibungkus bubble wrap atau kotak paket gak ada tambahan kertas pengisi jadi bentuk coklat nya udh amburadul semua,unknown,1,Tokopedia,Negative,Bentuk,No,F&B,No
packaging nya ga safe jadi mie nya remuk shipping nya lama bgt proses nya juga asli lama parah,unknown,1,Tokopedia,Negative,Bentuk,Yes,F&B,No
rasanya kaya buav ta gk worth it,unknown,1,Tokopedia,Negative,Harga,No,F&B,Yes
saat baca komposisi deskripsi minuman rasa mangga rada curiga tapi karena terjual banyak tetap beli secara harganya mahal aku pikir full mangga ternyata artificial mangga manis buatan banget ga sehat,unknown,1,Tokopedia,Negative,Rasa,No,F&B,No
sangat tidak cocok dgn yg tidak suka manis ini minuman manis bgt dan rasanya artificial mangga bgt salah untuk yg expect ini minuman seger dan fresh dr mangga buah,unknown,1,Tokopedia,Negative,Rasa,No,F&B,No
udh kecil diisi ga full banjir minyak jdi kira2 isi nya stgh lbh dkit dr tempat kecilnya ga lbh dr sendok makan maaf ga worth utk hrg segini,unknown,2,Tokopedia,Negative,Harga,No,F&B,No
pedes nya over dibanding isinya yang dikit yang gak kuat pedes over not rekomended,unknown,2,Tokopedia,Negative,Bentuk,No,F&B,No
diluar ekspetasi banget sambelnya gak seger agak bau gada pedes2nya malah manis packaging nya sih bagus,unknown,2,Tokopedia,Negative,Rasa,No,F&B,Yes
rasanya agak asem mungkin terlalu banyak tomat,unknown,2,Tokopedia,Negative,Rasa,No,F&B,No
pelayanan buruk barang yang dikirim tidak enak jangan beli disini,unknown,1,Tokopedia,Negative,Rasa,Yes,F&B,No
bagus sesuai deskripsi pelayanan cepqt order lsg kirim terima kasih,unknown,5,Tokopedia,Positive,Bentuk,No,Perlengkapan Kantor,No
barang bagus dan berkwalitas mantapsss sesuai deskripsi cepat sampai,unknown,5,Tokopedia,Positive,Bentuk,No,Perlengkapan Kantor,No
barang diterima sesuai pesanan thanks joyko,unknown,5,Tokopedia,Positive,Bentuk,No,Perlengkapan Kantor,No
produk sesuai dengan deskripsi pengiriman cepat seler ramah barang ok mantap tetimakasih admin,unknown,5,Tokopedia,Positive,Rasa,No,Perlengkapan Kantor,No
packing rapih barang ori berkualitas harga murah,unknown,5,Tokopedia,Positive,Bentuk,No,Perlengkapan Kantor,No
kemasan rapi brg sesuai pesanan,unknown,5,Tokopedia,Positive,Bentuk,No,Perlengkapan Kantor,No
top seller responsif dan btgg jwb,unknown,5,Tokopedia,Positive,Lainnya,No,Perlengkapan Kantor,No
fast response produk bagus sesuai pesanan pengiriman cepat 1hr,unknown,5,Tokopedia,Positive,Bentuk,No,Perlengkapan Kantor,No
spidol kualitas bagus harga termurah dibanding toko lain,unknown,5,Tokopedia,Positive,Harga,No,Perlengkapan Kantor,No
alhamdulilah barangnya sudah sampe ukurannya juga besar sesuai yg di gambar mudah2an bermanfaat buat kegiatan belajar mengajar kami di pesantren,unknown,5,Tokopedia,Positive,Bentuk,No,Perlengkapan Kantor,No
pengiriman cepat barang sesuai gambar kualitasnya oke recommended,unknown,5,Tokopedia,Positive,Bentuk,No,Perlengkapan Kantor,No
barang yang dikirimkan sesuai dan harga terjangkau,unknown,5,Tokopedia,Positive,Harga,No,Perlengkapan Kantor,No
mantap cepat proses kirimnya besar dan yang penting harga tjakeeeepp recommended,unknown,5,Tokopedia,Positive,Rasa,No,Perlengkapan Kantor,No
barangnya bagus sesuai deskripsi,unknown,5,Tokopedia,Positive,Bentuk,No,Perlengkapan Kantor,No
penjual responsif gercep ada spidol ga nyata langsung dikirim thank u so muchh,unknown,5,Tokopedia,Positive,Lainnya,No,Perlengkapan Kantor,No
produk bagus sesuai pesanan fast response pengiriman cepat 1hr,unknown,5,Tokopedia,Positive,Bentuk,No,Perlengkapan Kantor,No
mantab spidolnya jadi ngak hilang tulisan walau tulisannya di masukkan kulkas plastik asi,unknown,5,Tokopedia,Positive,Bentuk,No,Perlengkapan Kantor,No
produk sesuai pesanan baik bentuk maupun warnanya semuanya berfungsi normal,unknown,5,Tokopedia,Positive,Bentuk,No,Perlengkapan Kantor,No
toko ini barangnya lengkap dan beneran tersedia kadang ada toko lain lengkap tp pas dikirim banyak yg gada ini lengkap recommended seller,unknown,5,Tokopedia,Positive,Bentuk,No,Perlengkapan Kantor,No
barang sesuai deskripsi pengiriman cepat seller responship dan ramahterimakasih seller dan tokopedia,unknown,5,Tokopedia,Positive,Bentuk,No,Perlengkapan Kantor,No
produk sesuai pengiriman cepat harganya 1ribu pas flash sale oke banget,unknown,5,Tokopedia,Positive,Bentuk,No,Perlengkapan Kantor,No
murah meriah tp bagus nyaman dipakai tulisan jg terlihat lebih rapih,unknown,5,Tokopedia,Positive,Bentuk,No,Perlengkapan Kantor,No
terima kasih banyak produk bagus selalu,unknown,5,Tokopedia,Positive,Bentuk,No,Perlengkapan Kantor,No
paket sudah sampai dengan selamat pertahankan kualitas pelayanan dan harganya thanks seller dan tokped,unknown,5,Tokopedia,Positive,Harga,No,Perlengkapan Kantor,No
dapat flash sale dapat sekotak isi murah bangettttt produk bagus sesuai deskripsi pengiriman cepat packing aman terima kasih seller n toped,unknown,5,Tokopedia,Positive,Bentuk,No,Perlengkapan Kantor,No
hore dpt harga kejar diskon trnyata produk ori paking aman isiny byk n pulpen ny enak d pakai anak juga suka bgt makasih joyko,unknown,5,Tokopedia,Positive,Harga,No,Perlengkapan Kantor,No
respon toko cepat dan pengiriman lancar barang dikemas dengan aman mantap thanks,unknown,5,Tokopedia,Positive,Rasa,No,Perlengkapan Kantor,No
puas banget belanja di sini sellernya ramah banget fast respon pengirimannya juga lumayan cepat barangnya memuaskan packingnya aman jadi barang gak ada cacat sama sekali,unknown,5,Tokopedia,Positive,Bentuk,No,Perlengkapan Kantor,No
barangnya sudah sampai tidak ada yang rusak atau robek barangnya original real pick packingnya bagus pengiriman sangat cepat kurir ramah pokoknya amanah deh kalo mau belanja di toko joyko official store,unknown,5,Tokopedia,Positive,Bentuk,No,Perlengkapan Kantor,No
pengiriman cepat packaging nya okeee banget isinya sesuai ga gampang macet pas dipakai pokonya bagusss bangettt terima kasih joyko,unknown,5,Tokopedia,Positive,Bentuk,No,Perlengkapan Kantor,No
persediaan stok buat kakak sekolah selalu joyko pilihannya barang original terimakasih buat pelayanan yang diberikan terbaik deh,unknown,5,Tokopedia,Positive,Bentuk,No,Perlengkapan Kantor,No
respon penjual baik pengiriman sangat cepat barang sesuai dengan pesanan cukup memuaskan thank youu,unknown,5,Tokopedia,Positive,Bentuk,No,Perlengkapan Kantor,No
packing rapi kualitas produk ok pengiriman sangat cepat respon seller ok,unknown,5,Tokopedia,Positive,Bentuk,No,Perlengkapan Kantor,No
pesanan sdh diterima dlm keadaan baik dan fast respond dr seller mantap,unknown,5,Tokopedia,Positive,Rasa,No,Perlengkapan Kantor,No
cepat harga oke sesuai pesanan,unknown,5,Tokopedia,Positive,Harga,No,Perlengkapan Kantor,No
pelayanan seller dan deliver nya sangat cepat dan memuaskan terima kasih atkasemka anteraja dan tokopedia,unknown,5,Tokopedia,Positive,Lainnya,No,Perlengkapan Kantor,No
ok banget beli skaligus barang baguss banget,unknown,5,Tokopedia,Positive,Bentuk,No,Perlengkapan Kantor,No
mantap langsung dipakai anak untuk belajar,unknown,5,Tokopedia,Positive,Rasa,No,Perlengkapan Kantor,No
murah dan mudah digunakan setidaknya nya bermanfaat dan packing cukup aman tebal bubble wrapnya see you again,unknown,5,Tokopedia,Positive,Harga,No,Perlengkapan Kantor,No
kecewa dan sangat kecewa pertama belanja sdh salah belanja ke dua berharap ada perubahan tp ttp salah,unknown,1,Tokopedia,Negative,Bentuk,Yes,Perlengkapan Kantor,Yes
sedikit kecewa pesanan pembayaran nya tp di kirim saja seharusnya owner hrs lebih teliti biarpun saya minta biru tetapi pembayaran nya intem dikirm saja hitamnya dan minta resi saya sdh terlanjur di buang resi kecil ya,unknown,1,Tokopedia,Negative,Harga,Yes,Perlengkapan Kantor,Yes
sangat kecewa sekali,unknown,1,Tokopedia,Negative,Lainnya,Yes,Perlengkapan Kantor,No
mengecewakan sih pesan lebih dr item dikirim hanya setelah komplain dikembalikan hanya php saja selain itu respon pengiriman lama pesan tgl diterima tgl,unknown,1,Tokopedia,Negative,Lainnya,Yes,Perlengkapan Kantor,No
proses pengiriman sangat mengecewakan,unknown,1,Tokopedia,Negative,Lainnya,Yes,Perlengkapan Kantor,No
produk dikirim tidak sesuai harusnya,unknown,1,Tokopedia,Negative,Bentuk,Yes,Perlengkapan Kantor,No
mengecewakan kemasan luar kertas sobek besar kelihatannya seperti karena basah krn ada bagian ujung kertas yg melengkung padahal pengiriman d pack dgn bubble wrap saya terima krn saya gak sempat bikin video unboxing,unknown,1,Tokopedia,Negative,Bentuk,Yes,Perlengkapan Kantor,No
bungkusan barang robek ada bagian kertas yg sudah kuning menandakan barang sudah lama terbuka sangat mengecewakan,unknown,1,Tokopedia,Negative,Lainnya,Yes,Perlengkapan Kantor,No
kecewa beli di sini order gunting tp tidak di kirim kata ya kalau order untuk ke kali ya bakal dikirim nyala nya zonkkkkkkk,unknown,1,Tokopedia,Negative,Lainnya,Yes,Perlengkapan Kantor,Yes
ada cacat pada saat sampai di rumah,unknown,1,Tokopedia,Negative,Lainnya,Yes,Perlengkapan Kantor,No
barang rusak sebagian,unknown,1,Tokopedia,Negative,Lainnya,Yes,Perlengkapan Kantor,No
riject bener2 kecewa langganan bukan cuma beli sekali tapi barang ga di cek saat mau packing,unknown,1,Tokopedia,Negative,Lainnya,Yes,Perlengkapan Kantor,Yes
paket datang dengan kondisi dusnya sebagian rusak dan kotor kayak bekas jatuh dicek dalemnya lakban nya pun penyok penyok menyedihkan,unknown,1,Tokopedia,Negative,Bentuk,Yes,Perlengkapan Kantor,No
sesuai gambar tapi tidak memuaskan pelayanannya komplain tidak di respon dgn baik,unknown,1,Tokopedia,Negative,Bentuk,Yes,Perlengkapan Kantor,No
sangat kecewa sekali,unknown,1,Tokopedia,Negative,Lainnya,Yes,Perlengkapan Kantor,No
sungguh menyedihkan beli pcs tapi barang pecah 3pcs sdh komplain garansi 2minggu nggak beres2,unknown,1,Tokopedia,Negative,Lainnya,Yes,Perlengkapan Kantor,No
pecah kondisi mash di plastik bubble wrap,unknown,1,Tokopedia,Negative,Bentuk,No,Perlengkapan Kantor,No
ga ada tanggapan mau komplain padahal saya beli bukan minta kecewa,unknown,1,Tokopedia,Negative,Lainnya,Yes,Perlengkapan Kantor,No
butuh cepet di kirim lama di respon pun lama yang jual amanah brather jujur nyesel gw beli di toko ini,unknown,1,Tokopedia,Negative,Lainnya,No,Perlengkapan Kantor,No
kecewa keterangannya yard tapi yang datang yard,unknown,1,Tokopedia,Negative,Lainnya,Yes,Perlengkapan Kantor,Yes
tidak sesuai pesanan,unknown,1,Tokopedia,Negative,Bentuk,Yes,Perlengkapan Kantor,No
bungkusan barang robek ada bagian kertas yg sudah kuning menandakan barang sudah lama terbuka sangat mengecewakan,unknown,1,Tokopedia,Negative,Lainnya,Yes,Perlengkapan Kantor,No
sangat buruk dan kecewa pakingan gak rapih cuma pake bubble warp aja jadi pas paket sampe udah sobek,unknown,1,Tokopedia,Negative,Bentuk,Yes,Perlengkapan Kantor,No
barang amat sangat mengecewakan tidak layak pakai jangankan untuk menahan beban 2kg untuk menahan beban nya sendiri ajah gk mampu alias gk nempel,unknown,1,Tokopedia,Negative,Lainnya,Yes,Perlengkapan Kantor,No
barang yg saya terima tidak sesuai pesanan barang yg saya order adalah ukuran 58x40 tapi yg datang adalah ukuran 57x30 dan tidak ada merek kecewa bgt dan tidak mau order lagi,unknown,1,Tokopedia,Negative,Bentuk,Yes,Perlengkapan Kantor,No
order datangnya cuma sedih banget not recomended,unknown,1,Tokopedia,Negative,Lainnya,No,Perlengkapan Kantor,No
kecewa 90yard tipis sialan gua liat komen pada sama bilng tipis rugii,unknown,1,Tokopedia,Negative,Bentuk,Yes,Perlengkapan Kantor,Yes
lakban tipis bukan yard kecewa,unknown,1,Tokopedia,Negative,Bentuk,Yes,Perlengkapan Kantor,No
kecewa sekali tidak sesuai descripsi ukuran yard boong banget sangat tipis sekali,unknown,1,Tokopedia,Negative,Bentuk,Yes,Perlengkapan Kantor,Yes
gampang putus kurang mantep dipake nya,unknown,1,Tokopedia,Negative,Lainnya,No,Perlengkapan Kantor,No
ini sih bukan 3m asli mengecewakan udah beli tp gini,unknown,1,Tokopedia,Negative,Bentuk,Yes,Perlengkapan Kantor,No
tutup retak sehingga saat diterima sudah lepas dari markernya marker jadi kering kecewa banget,unknown,1,Tokopedia,Negative,Bentuk,Yes,Perlengkapan Kantor,Yes
sori to say review jujur ini bikin kecewa pelanggan sih barang habis tapi tidak dikonfirmasi dulu sblm dikirim min mon maap kan ada teknologi chat di aplikasi ya knp kok ngga konfirmasi dulu di chat saya sudah terlanjur klik pesanan selesai tidak bisa ajukan pengembalian dana pembeli yg lain silakan dicermati kalau mau beli disini ya hati2 makasih,unknown,1,Tokopedia,Negative,Bentuk,Yes,Perlengkapan Kantor,Yes
belum tahu dimana keberadaannya setelah dibuka bungkusannya ternyata tidak dikirim bersamaan dengan paket diskon yg lain saya sebaga pembeli juga salah karena langsung menyelesaikan transaksi begitu dapat kabar ada paket dari satpam tanpa memeriksanya mengecewakan sekali pelayanan deli meskipun diskon,unknown,1,Tokopedia,Negative,Harga,Yes,Perlengkapan Kantor,No
minta yg pink dikirim yg biru terus dapet yang penyok kecewa banget ih,unknown,1,Tokopedia,Negative,Lainnya,Yes,Perlengkapan Kantor,Yes
udahhh responnya lama estimasi dateng ya carabungkusnya ga rapih dalemannya ristek pulaaa kecewa sihh ini mah,unknown,1,Tokopedia,Negative,Bentuk,Yes,Perlengkapan Kantor,Yes
jelek banget lakbannya sangat tipis dan terlalu lengket yg lengket malah sisi yaitu bagian bawah dan atas jadinya sangat mengganggu karna bisa mengakibatkan paket orang lain menempel pada paket kita dan penyok,unknown,1,Tokopedia,Negative,Bentuk,No,Perlengkapan Kantor,No
sellernya sombong dan gak sopan,unknown,1,Tokopedia,Negative,Lainnya,No,Perlengkapan Kantor,No
kacau beli lebih dari lusin gak di kardusin,unknown,1,Tokopedia,Negative,Bentuk,No,Perlengkapan Kantor,No
kurang teliti saya pesan hitam dan merah yg dikirim hitam semua,unknown,1,Tokopedia,Negative,Lainnya,No,Perlengkapan Kantor,No
barang datang dalam kondisi rusak parah lcd pecah,unknown,1,Tokopedia,Negative,Lainnya,Yes,Perlengkapan Kantor,No
sudah punya jenis yg sama made in china juga tapi yg ini bahannya lebih jelek,unknown,2,Tokopedia,Negative,Bentuk,No,Perlengkapan Kantor,No
seller tdk kooperatif menyebalkan,unknown,1,Tokopedia,Negative,Lainnya,No,Perlengkapan Kantor,No
beli bolpen dan refill kok yg dikirim mainan anak bagaimana tanggung jawab toko nih,unknown,1,Tokopedia,Negative,Lainnya,No,Perlengkapan Kantor,No
pelayanannya sangat buruk,unknown,1,Tokopedia,Negative,Lainnya,Yes,Perlengkapan Kantor,No
sangat sangat sangat sangat slow respon,unknown,1,Tokopedia,Negative,Lainnya,No,Perlengkapan Kantor,No
barangnya tidak ada di kemasan,unknown,1,Tokopedia,Negative,Bentuk,No,Perlengkapan Kantor,No
seller busuk packing sembarangan ga niat info produk nipu blgnya 5m tp kenyataannya 5m jujur dikit bos kl jualan,unknown,1,Tokopedia,Negative,Lainnya,No,Perlengkapan Kantor,No
adminnya kebanyakan bac00t lamban bgt kecewa banget dehhh,unknown,1,Tokopedia,Negative,Lainnya,Yes,Perlengkapan Kantor,Yes
pelayanan sangat buruk no debat,unknown,1,Tokopedia,Negative,Lainnya,Yes,Perlengkapan Kantor,No
pengiriman lama banget dari order tiba di tujuan hari padahal order tempat lain hari sampai,unknown,1,Tokopedia,Negative,Lainnya,No,Perlengkapan Kantor,No
packing buruk kertas sampai pada sobek bungkusnya,unknown,1,Tokopedia,Negative,Lainnya,Yes,Perlengkapan Kantor,No
tokonya songgong brg rusak minta dibebanin ke konsumen ngak usah jd penjual kalo bubble dibebankan ke pembeli,unknown,1,Tokopedia,Negative,Lainnya,Yes,Perlengkapan Kantor,No
pesan barang tapi pas promo tapi tidak dikirim malah disuruh refund duit yg dikirim cuma barang hak sale gajelas sale nya nipu bgt itu sale padahal official store,unknown,1,Tokopedia,Negative,Harga,Yes,Perlengkapan Kantor,No
pengiriman lama banget parah,unknown,1,Tokopedia,Negative,Lainnya,Yes,Perlengkapan Kantor,No
minta warna putih dikasih hijau seller banyak alasan babibu,unknown,1,Tokopedia,Negative,Bentuk,No,Perlengkapan Kantor,No
barang pecah dikirim,unknown,1,Tokopedia,Negative,Lainnya,No,Perlengkapan Kantor,No
ini seller ngeyel bgt uda 3x belanjanya thermal 100x150 dgn beratnya 900gr per roll kali ini dpt roll berat 600gr diminta retur byk x alasan jelas ini penurunan kualitas atao isi silahkan kalian yg srg belanja cek aja jualan kgk usa bgitunya,unknown,1,Tokopedia,Negative,Bentuk,Yes,Perlengkapan Kantor,No
fix bukan 90yard ternyata tebalnya hanya mm tipis boss gak sesuai judul,unknown,1,Tokopedia,Negative,Bentuk,No,Perlengkapan Kantor,No
tokonya songgong brg rusak minta dibebanin ke konsumen ngak usah jd penjual kalo bubble dibebankan ke pembeli,unknown,1,Tokopedia,Negative,Lainnya,Yes,Perlengkapan Kantor,No
pengiriman lamaaaaaa banget sampai sudah beli ditempat lain baru datang pengiriman lebih bulan kacau,unknown,1,Tokopedia,Negative,Bentuk,No,Perlengkapan Kantor,No
beli dikirim cuma komplain no respon gak solutif rugi beli disini kapok,unknown,1,Tokopedia,Negative,Lainnya,Yes,Perlengkapan Kantor,No
toko benalu gk jelas barangnya sampah,unknown,1,Tokopedia,Negative,Lainnya,No,Perlengkapan Kantor,No
nipu ini mah bukan yard wkwkwk kaco,unknown,1,Tokopedia,Negative,Bentuk,No,Perlengkapan Kantor,No
sellernya aneh jawabnya apa yg dilakuin apa ga singkron ribet,unknown,1,Tokopedia,Negative,Lainnya,No,Perlengkapan Kantor,No
barang nya kw lengket sangat lemah beda dengan 3m ori,unknown,1,Tokopedia,Negative,Bentuk,No,Perlengkapan Kantor,No
pesan barang tapi pas promo tapi tidak dikirim malah disuruh refund duit yg dikirim cuma barang hak sale gajelas sale nya nipu bgt itu sale padahal official store,unknown,1,Tokopedia,Negative,Harga,Yes,Perlengkapan Kantor,No
barang tidak dikirim deli raja drama di ecom sini atupun oranye jangan lagi beli disini kalo mereka ngadain promo saat complain dan mau kekurangan barang dikirim pun tidak di acc alasan stok kosong jadi dana dikembalikan sesuai harga promo kalo ga niat bikin promo tolong ga usah bikin kalo nama deli jelek kan deli sendiri yang rugi bye ga akan beli deli lagi,unknown,1,Tokopedia,Negative,Harga,No,Perlengkapan Kantor,No
minta warna putih dikasih hijau seller banyak alasan babibu,unknown,1,Tokopedia,Negative,Bentuk,No,Perlengkapan Kantor,No
pengiriman lama barang nya cacat tolong diperbaiki layanan nya,unknown,1,Tokopedia,Negative,Lainnya,Yes,Perlengkapan Kantor,No
salah kirim produk admin lama banget balesnya proses retur gak jelas,unknown,1,Tokopedia,Negative,Lainnya,Yes,Perlengkapan Kantor,No
barang tidak sampai kembalikan uang saya,unknown,1,Tokopedia,Negative,Lainnya,Yes,Perlengkapan Kantor,No
ga dikirim payah,unknown,1,Tokopedia,Negative,Lainnya,No,Perlengkapan Kantor,No
barangnya gajelas masa beli dikirim dua,unknown,1,Tokopedia,Negative,Lainnya,No,Perlengkapan Kantor,No
pihak toko tidak jelas di minta barang a yg datang barang b dan pihak toko merasa benar ada barang yg ga di kirim pengambalian hari katanua sd skrg juga blm,unknown,1,Tokopedia,Negative,Rasa,No,Perlengkapan Kantor,No
pengiriman lambat polllllll ga pantes jadi official store,unknown,1,Tokopedia,Negative,Lainnya,No,Perlengkapan Kantor,No
belanja disini mantap pengiriman cepat dan barangnya rekomended dan packing aman dan rapi bakal belanja lagi disini insyaallah,unknown,5,Tokopedia,Positive,Rasa,No,Perlengkapan Kantor,No
real pict real spek packing rapih dan sangat aman walaupun kertas printer thermal tp dikasih label fragile sellernya recomended sekali mantaaabbbss,unknown,5,Tokopedia,Positive,Bentuk,No,Perlengkapan Kantor,No
thanks gan paket udah mendarat dengan selamat pelayanan ok mantab super fast respon top very recomended seller,unknown,5,Tokopedia,Positive,Lainnya,No,Perlengkapan Kantor,No
merek pena favoritt murah tintanya nyata ga pernah macet selalu smooth klo buat nulis,unknown,5,Tokopedia,Positive,Harga,No,Perlengkapan Kantor,No
waaah seneng bgt beli peralatan tulis di joyko lengkaaap barangnya bagus semua harga terjangkau sellernya fast respon anak2 happy top deh pokoknya,unknown,5,Tokopedia,Positive,Harga,No,Perlengkapan Kantor,No
barang barang nya bagus dan kurirnya rela mengantarkan walupun gerimis salut sama kurirnya,unknown,5,Tokopedia,Positive,Bentuk,No,Perlengkapan Kantor,No
fast respon recommended seller,unknown,5,Tokopedia,Positive,Lainnya,No,Perlengkapan Kantor,No
mantap fast response penjual ramah dan solutif next pasti order disini lagi thanks gan,unknown,5,Tokopedia,Positive,Rasa,No,Perlengkapan Kantor,No
barang sampai cepeeet banget terima kasih top bgt,unknown,5,Tokopedia,Positive,Lainnya,No,Perlengkapan Kantor,No
kualitas barangnya bagus sesuai dengan harapan customer respon chat jg cepat dan ramah rekomended seller sukses terus lapaknya gan,unknown,5,Tokopedia,Positive,Bentuk,No,Perlengkapan Kantor,No
repeat order yg entah keberapa selalu puas makasiii banyak gan sukses selaloeee yaaaa,unknown,5,Tokopedia,Positive,Lainnya,No,Perlengkapan Kantor,No
pelayanan ramah design maksimal hasil sesuai harapan recommended,unknown,5,Tokopedia,Positive,Bentuk,No,Perlengkapan Kantor,No
mungil bntukny tp bnyak fungsi kualitas mantaapppp,unknown,5,Tokopedia,Positive,Bentuk,No,Perlengkapan Kantor,No
produk bagus proses sangat cepat penjual ramah dan desain bagus kami akan pesan lagi,unknown,5,Tokopedia,Positive,Bentuk,No,Perlengkapan Kantor,No
fast respon barang bagus recommend,unknown,5,Tokopedia,Positive,Bentuk,No,Perlengkapan Kantor,No
barang cepat banget diproses dibungkusnya pun sangat rapi mantap bisa buat langganan ini,unknown,5,Tokopedia,Positive,Rasa,No,Perlengkapan Kantor,No
benar benar disarankan untuk pembeli lain membeli tambahan packing tapi selebihnya kertasnya ok tidak cacat sama sekali harganya juga terjangkau best lah,unknown,5,Tokopedia,Positive,Harga,No,Perlengkapan Kantor,No
mantaaaaaaaaapppppp pelayanan cepat pengirimannya top markotop bintang recommended pagi order malam udah nyampe luar biasa,unknown,5,Tokopedia,Positive,Lainnya,No,Perlengkapan Kantor,No
gumush bgt cutternyaa imut warna pinkkknya cutee seneng bangedddd lochh thank you deliii peralatannya lengkap and keren,unknown,5,Tokopedia,Positive,Bentuk,No,Perlengkapan Kantor,No
pengirimannya cepet banget aku pesen kemarin hari ini udah sampe barangnya juga aman no damage samsek mantappp,unknown,5,Tokopedia,Positive,Rasa,No,Perlengkapan Kantor,No
pengirimannya lumayan cepat warna cutternya sangattt cantik dan ukurannya mungil jadi bisa dibawa kemana aja mantappp bgt,unknown,5,Tokopedia,Positive,Bentuk,No,Perlengkapan Kantor,No
pelayanan ramah gratis design pokoknya rekomendasi banget bikin cap disini,unknown,5,Tokopedia,Positive,Harga,No,Perlengkapan Kantor,No
ernyata tebel bangat pengiriman cepat packing aman kualitas barang oke kereenn banget thanx,unknown,5,Tokopedia,Positive,Bentuk,No,Perlengkapan Kantor,No
seller komunikatif pengerjaan cepat udh repeat order,unknown,5,Tokopedia,Positive,Lainnya,No,Perlengkapan Kantor,No
fast response diproses dikirim langsung dikemas dengan baik rapi sangat aman pengiriman sangat cepat harga ekonomis murah pesanan lengkap sesuai kualitas produk sangat baik lentur melekat kuat trusted seller produk penjual sangat direkomendasikan terima kasih,unknown,5,Tokopedia,Positive,Bentuk,No,Perlengkapan Kantor,No
terbaik lah pokoknya packing lakban doang rapih banget keren lakbannya juga rekat banget,unknown,5,Tokopedia,Positive,Bentuk,No,Perlengkapan Kantor,No
top banget kurir ramah banget udah langganan sicepat top dah terimakasih seller dan kurir gak lupa juga tokopedia terimakasih,unknown,5,Tokopedia,Positive,Lainnya,No,Perlengkapan Kantor,No
barangnya original harga murah pengiriman cepat terimakasih tokopedia terimakasih seller dan terimakasih untuk para kurir semoga kita sehat selalu dan dijauhkan dr segala macam virus cepat sembuh indonesiaku love ya,unknown,5,Tokopedia,Positive,Harga,No,Perlengkapan Kantor,No
tokopedia dabest thankssssssssssssssss,unknown,5,Tokopedia,Positive,Lainnya,No,Perlengkapan Kantor,No
pelayanan bagus besok2 order lagi,unknown,5,Tokopedia,Positive,Bentuk,No,Perlengkapan Kantor,No
respon cepet ramah solutif kerjaan cepet banget harga kompetitif kerenn recommended seller,unknown,5,Tokopedia,Positive,Harga,No,Perlengkapan Kantor,No
produknya bagus n sesuai dgn pesanan sya seller mantul makasih skss selalu,unknown,5,Tokopedia,Positive,Bentuk,No,Perlengkapan Kantor,No
rekomendasi bangett toko ini kiriman cepat insya alloh langganan,unknown,5,Tokopedia,Positive,Lainnya,No,Perlengkapan Kantor,No
pengiriman cepat produk sangat good daya rekat bagus seller sangat amanah jangan ragu belanja disini,unknown,5,Tokopedia,Positive,Bentuk,No,Perlengkapan Kantor,No
bagus barangnya udah berkali kali beli di sini,unknown,5,Tokopedia,Positive,Bentuk,No,Perlengkapan Kantor,No
bagus pengiriman cepet banget bakal jadi langganan nih,unknown,5,Tokopedia,Positive,Bentuk,No,Perlengkapan Kantor,No
toko langganan karena pengiriman sangat cepat terimakasih,unknown,5,Tokopedia,Positive,Lainnya,No,Perlengkapan Kantor,No
barang dipesan tanggal baru dikirim tgl mantep ga tuh mantep ga tuh,unknown,1,Tokopedia,Negative,Lainnya,No,Perlengkapan Kantor,No
whiteboard melengkung alumunium bengkok skrup hilang mutu rendah sekali jauh dari gambar deskripsi,unknown,1,Tokopedia,Negative,Lainnya,Yes,Perlengkapan Kantor,No
barang tidak sampai tdk ada solusi,unknown,1,Tokopedia,Negative,Lainnya,Yes,Perlengkapan Kantor,No
patah2 dan barang nekas di buka dari packaging nya,unknown,1,Tokopedia,Negative,Bentuk,No,Perlengkapan Kantor,No
barang belum sampai sampai hari ini toko pefia tolong reviwe lagi kerjasama dengan kurir antaraja itu sangat lelet dan gak bertanggung jawab barang belum sampai sdh di konfirmasi diterima pemesan hadeeehhh kurir abal2 lama super lelet,unknown,1,Tokopedia,Negative,Rasa,No,Perlengkapan Kantor,Yes
pesanan tidak dikirim tidak ada komunikasi apapun tidak ada solusi pengembalian barang ataupun biaya,unknown,1,Tokopedia,Negative,Harga,No,Perlengkapan Kantor,No
beli isi ulang sama pulpen yg dikirim cuma isi ulang sama pulpen kalo jualan yang teliti dan jujur dong gan sayangnya saya gak video in saat unboxing jadi kalo komplain gak ada buktinya rugi 20ribu ya udah lah diiklasin aja smoga dijadikan plajaran untuk jadi pembeli yang pintar,unknown,1,Tokopedia,Negative,Rasa,Yes,Perlengkapan Kantor,No
order hitam dikirim biru ditanya tidak ada respons sama sekali,unknown,1,Tokopedia,Negative,Bentuk,No,Perlengkapan Kantor,No
mengenai barang sdh sesuai respon sangat lambat saya minta dikirim pake sameday jam barang baru diantar dan keterima di hari ke cat transaksi sebelum jam siang packing barang saat pengiriman sangat seadanya tidak rekomendasi deh klw buat yang barang pengen buru buru diterima dipakai,unknown,1,Tokopedia,Negative,Bentuk,Yes,Perlengkapan Kantor,No
butuh cepet di kirim lama di respon pun lama yang jual amanah brather jujur nyesel gw beli di toko ini,unknown,1,Tokopedia,Negative,Lainnya,No,Perlengkapan Kantor,No
dateng2 udah robek bungkusnya kertas kotor udah wanti2 ke penjualnya pdhal biar ga kayak gini eh tetep aja begini bingung,unknown,1,Tokopedia,Negative,Bentuk,No,Perlengkapan Kantor,No
barang pecah dan rusak saat diterima,unknown,1,Tokopedia,Negative,Lainnya,Yes,Perlengkapan Kantor,No
kalkulator nya mati satu tolong kak sebelum di kirim barang di tes dahulu,unknown,1,Tokopedia,Negative,Lainnya,Yes,Perlengkapan Kantor,No
beli pcs tapi yang rusak,unknown,2,Tokopedia,Negative,Lainnya,Yes,Perlengkapan Kantor,No
pengiriman super duper lamaaaa not recommended,unknown,1,Tokopedia,Negative,Lainnya,No,Perlengkapan Kantor,Yes
beli tapi ada satu barang yang rusak malah disuruh benerin sendiri,unknown,1,Tokopedia,Negative,Lainnya,Yes,Perlengkapan Kantor,No
penipuan barang yg dikirim hvs f4 saya baru sadar setelah pesanan selesai jadi tidak bisa ajukan komplain hati hati dengan penjual ini teman teman yg mau pesan lebih baik di toko lain saja thx,unknown,1,Tokopedia,Negative,Lainnya,Yes,Perlengkapan Kantor,No
sampai rumah pas bungkus paket dibuka semua bungkus kertas sudah terbuka kertas2 banyak yg rusak dan kotor sangat tidak recommended,unknown,1,Tokopedia,Negative,Bentuk,Yes,Perlengkapan Kantor,No
pengiriman tidak sesuai jadwal pengiriman sangat lama tidak di proses proses di anjurkan sangat kalau buru jgn beli di toko ini pelayanan buruk hanya cepat membalas chat saat mau beli klau sudah beli boro di bales di read saja tidak,unknown,1,Tokopedia,Negative,Bentuk,Yes,Perlengkapan Kantor,No
pengiriman tidak sesuai jadwal pengiriman sangat lama tidak di proses proses di anjurkan sangat kalau buru jgn beli di toko ini pelayanan buruk hanya cepat membalas chat saat mau beli klau sudah beli boro di bales di read saja tidak,unknown,1,Tokopedia,Negative,Bentuk,Yes,Perlengkapan Kantor,No
beli cutter dikirim cutter blade harusnya juga cutter blade,unknown,1,Tokopedia,Negative,Lainnya,No,Perlengkapan Kantor,No
guntingnya ga ada d paket yg d kirimkan,unknown,1,Tokopedia,Negative,Lainnya,No,Perlengkapan Kantor,No
jangan belanja ditoko ini penipuan yg dikirim barang murahan dan gak mau diganti selisih harga,unknown,1,Tokopedia,Negative,Harga,Yes,Perlengkapan Kantor,No
beli banyak macam barang tapi produk ini tidak dikirimkan,unknown,1,Tokopedia,Negative,Lainnya,No,Perlengkapan Kantor,No
produk tidak sesuai dengan deskripsi penjual juga salah kirim dan tdk solutif padahal sudah dituliskan instruksi di keterangan,unknown,1,Tokopedia,Negative,Bentuk,Yes,Perlengkapan Kantor,No
salah kirim produk admin lama banget balesnya proses retur gak jelas,unknown,1,Tokopedia,Negative,Lainnya,Yes,Perlengkapan Kantor,No
pengiriman lama barang nya cacat tolong diperbaiki layanan nya,unknown,1,Tokopedia,Negative,Lainnya,Yes,Perlengkapan Kantor,No
pelayanan buruk sekali pengiriman barang buruk sekali dan lama banget sampainya kapok beli disini lagi gak lagi lagi,unknown,1,Tokopedia,Negative,Lainnya,Yes,Perlengkapan Kantor,No
barang tidak sesuai dengan jumlah pesanan,unknown,1,Tokopedia,Negative,Bentuk,Yes,Perlengkapan Kantor,No
dikirim tidak sesuai pesanan proses lama sekali,unknown,1,Tokopedia,Negative,Bentuk,Yes,Perlengkapan Kantor,No
baru kali ini pesan di sini kecewa hasil print meleset dari desain seller dikasih masukan malah menyalahkan pembeli ga bakal beli lagi,unknown,1,Tokopedia,Negative,Bentuk,Yes,Perlengkapan Kantor,Yes
produk tidak sesuai pesan laminasi tapi dikirim tanpa laminasi tulisan buram prosesur pemesanan sangat ribet,unknown,1,Tokopedia,Negative,Bentuk,Yes,Perlengkapan Kantor,No
barang tidak dikirim deli raja drama di ecom sini atupun oranye jangan lagi beli disini kalo mereka ngadain promo saat complain dan mau kekurangan barang dikirim pun tidak di acc alasan stok kosong jadi dana dikembalikan sesuai harga promo kalo ga niat bikin promo tolong ga usah bikin kalo nama deli jelek kan deli sendiri yang rugi bye ga akan beli deli lagi,unknown,1,Tokopedia,Negative,Harga,No,Perlengkapan Kantor,No
seller lama sekali kirim order minggu buat rabu pagi sampe selasa g dikirim baru dikirim rabunya kamis baru sampe udah kelar butuhnya udah request cancel bahkan sebelum barang dikirim tapi seller g mau cancelin alasan gabisa cancel dari audit sistem,unknown,1,Tokopedia,Negative,Lainnya,No,Perlengkapan Kantor,No
highly not recomended seller pesan apa yang dikirim apa tidak ada itikad baik tanggung jawab dr seller mohon teman2 yang lain agar lebih berhati2 ya,unknown,1,Tokopedia,Negative,Lainnya,No,Perlengkapan Kantor,No
waktu sampai nya lakban tokopedia di saya sangat lama ketika saya tanyakan malah di suruh komplain pelayanan nya buruk admin yang bagian chatting nya sangat buruk dalam melayani customer,unknown,1,Tokopedia,Negative,Lainnya,Yes,Perlengkapan Kantor,No
dari pesanan yg bs dipake cuma itupun tidak sempurna kemungkinn pecah di pengiriman karena paking tidak aman seadanya,unknown,1,Tokopedia,Negative,Lainnya,No,Perlengkapan Kantor,No
barang pecah dikotak tidak diberi himbauan barang mudah pecah,unknown,1,Tokopedia,Negative,Rasa,No,Perlengkapan Kantor,No
packing hanya pakai selembar plastik kresek kertas basah semua,unknown,1,Tokopedia,Negative,Bentuk,No,Perlengkapan Kantor,No
pengiriman lambat pas dateng barang juga sudah sobek debuan,unknown,1,Tokopedia,Negative,Bentuk,No,Perlengkapan Kantor,No
kendaraan menjadi kinclong kembali mantap,unknown,5,Tokopedia,Positive,Rasa,No,Otomotif,No
barang sesuai deksripsi pengiriman cepat dan rapi terima kasih,unknown,5,Tokopedia,Positive,Bentuk,No,Otomotif,No
sedotannya kuat harganya murah mudah dibersihkan kabel listrik panjang,unknown,5,Tokopedia,Positive,Harga,No,Otomotif,No
brg diterima dlm keadaan baik belom dicoba mudah2an sesuai harapan,unknown,5,Tokopedia,Positive,Bentuk,No,Otomotif,No
bagus alatnya dan bagus service nya cepat nyampe barangnya,unknown,5,Tokopedia,Positive,Bentuk,No,Otomotif,No
pesanan sesuai deskripsi pengiriman cepat,unknown,5,Tokopedia,Positive,Bentuk,No,Otomotif,No
berfungsi sesuai deskripsi,unknown,5,Tokopedia,Positive,Bentuk,No,Otomotif,No
berfungsi sebagaimana mestinya mantapp,unknown,5,Tokopedia,Positive,Rasa,No,Otomotif,No
paket aman tq gan,unknown,5,Tokopedia,Positive,Lainnya,No,Otomotif,No
barang sudah diterima sesuai dgn deskripsinya terimakasih,unknown,5,Tokopedia,Positive,Bentuk,No,Otomotif,No
barang ok sesuai pesanan,unknown,5,Tokopedia,Positive,Bentuk,No,Otomotif,No
sudah sampai dan lengkap y gan trins,unknown,5,Tokopedia,Positive,Lainnya,No,Otomotif,No
pengiriman on time dan produk berfungsi baik seperti harapan,unknown,5,Tokopedia,Positive,Lainnya,No,Otomotif,No
sudah saya terima barangnya gan makasi,unknown,5,Tokopedia,Positive,Lainnya,No,Otomotif,No
barang mantap sesuai deskripsi tapi belum di coba semoga awet,unknown,5,Tokopedia,Positive,Bentuk,No,Otomotif,No
makasih penjual responsif barang diterima dengan aman semoga awet,unknown,5,Tokopedia,Positive,Bentuk,No,Otomotif,No
puas bgt sama toko ini responnya full cepet bgt pelayanannya juga diatas standart,unknown,5,Tokopedia,Positive,Bentuk,No,Otomotif,No
iya brang nya bagus,unknown,5,Tokopedia,Positive,Bentuk,No,Otomotif,No
sesuai dengan gambar dan ok trims,unknown,5,Tokopedia,Positive,Bentuk,No,Otomotif,No
lampunya terang pancaran cahaya lampu yg baik produk original langsung pasang tinggal liat cahaya mlm gmn,unknown,5,Tokopedia,Positive,Bentuk,No,Otomotif,No
barang cepat sampai bolamnya awet dan terang banget tokonya baik kurir baik jangan ragu beli di toko ini,unknown,5,Tokopedia,Positive,Bentuk,No,Otomotif,No
kualitas bagus packing safety bingitz cm syg pengiriman lama klo boleh saran pake si cepat lbh bagus,unknown,5,Tokopedia,Positive,Bentuk,No,Otomotif,No
lampunya terang pancaran cahaya lampu yg baik produk original,unknown,5,Tokopedia,Positive,Bentuk,No,Otomotif,No
barang cpt smpk sesuai sm yg di gambar barang bagus berfungsi lampunya terang,unknown,5,Tokopedia,Positive,Bentuk,No,Otomotif,No
barang bagus orderan ke semoga nyala semualampunya terang pancaran cahaya lampu yg baik produk original,unknown,5,Tokopedia,Positive,Bentuk,No,Otomotif,No
produk sesuai deskripsi variasi produk beragam berfungsi dengan baik,unknown,5,Tokopedia,Positive,Bentuk,No,Otomotif,No
barang cpt sampe sesuai pesanan packingnya rapi respon seller,unknown,5,Tokopedia,Positive,Bentuk,No,Otomotif,No
sesuai deskripsi seller gercep interaktif rekomended,unknown,5,Tokopedia,Positive,Bentuk,No,Otomotif,No
produk sesuai deskripsi,unknown,5,Tokopedia,Positive,Bentuk,No,Otomotif,No
produk sesuai deskripsi berfungsi dengan baik dapet stiker jg thx yaa,unknown,5,Tokopedia,Positive,Bentuk,No,Otomotif,No
harganya murah kualitas barangnya keren abis gak nyesel dah belinya,unknown,5,Tokopedia,Positive,Harga,No,Otomotif,No
produk mantap produk sesuai deskripsi variasi produk beragam,unknown,5,Tokopedia,Positive,Bentuk,No,Otomotif,No
gantungan kuncinya bagus,unknown,5,Tokopedia,Positive,Bentuk,No,Otomotif,No
produk sesuai deskripsi variasi produk beragam berfungsi dengan baik,unknown,5,Tokopedia,Positive,Bentuk,No,Otomotif,No
barang cpt sampe sesuai pesanan packingnya rapi respon seller,unknown,5,Tokopedia,Positive,Bentuk,No,Otomotif,No
mantap sesuai pesanan pengantaran cepatproduk sesuai deskripsi,unknown,5,Tokopedia,Positive,Bentuk,No,Otomotif,No
produk sesuai deskripsi kualitas produk bagus karetnya tebal buatannya rapi halus thanks seller for flash sale,unknown,5,Tokopedia,Positive,Bentuk,No,Otomotif,No
barang yang dikirim tidak sesuai dengan barang yang diterima,unknown,1,Tokopedia,Negative,Bentuk,Yes,Otomotif,No
baru kali ini beli di toped pelayanan mengecewakan sekali jasa pengiriman diganti tanpa pemberitahuan dan akhirnya pengiriman telat payah,unknown,1,Tokopedia,Negative,Lainnya,Yes,Otomotif,Yes
pembelian kedua tapi baru buka langsung sobek bagian atas,unknown,1,Tokopedia,Negative,Lainnya,No,Otomotif,No
td nya sy request utk cancel mo ganti p byran nya pake gopay dr ovo td nya krn ada cash back tp nggak dicancel sm toko tetap diproses aja sgt m ngecewakan,unknown,1,Tokopedia,Negative,Lainnya,No,Otomotif,No
barang ga sesuai kecewa,unknown,1,Tokopedia,Negative,Bentuk,Yes,Otomotif,No
kurang memuaskan dalam pengiriman,unknown,1,Tokopedia,Negative,Lainnya,No,Otomotif,No
kecewa deh beli helm sudah pakai bubble wrap tp masih lecet di bagian dalam visor helm lg berarti bukan lecet dari pengiriman tanggapan penjual juga tidak baik,unknown,1,Tokopedia,Negative,Lainnya,Yes,Otomotif,Yes
barang tidak sesuai dikirim yang lebih murah selisih harga barang tidak dapat direfund barang lecet padahal beli extra bubblewarp,unknown,1,Tokopedia,Negative,Harga,Yes,Otomotif,No
alat tidak berfungsi,unknown,1,Tokopedia,Negative,Lainnya,Yes,Otomotif,No
mudah copot tidak lengket di kaca mobil atau spion,unknown,1,Tokopedia,Negative,Bentuk,No,Otomotif,No
barang datang aja gak sesuai ukuran,unknown,1,Tokopedia,Negative,Bentuk,No,Otomotif,No
barang nya tidak sesuai dgn anti fog embun besar kaca besar jendela mobill yang ada hanya jendela mobil nya saja,unknown,2,Tokopedia,Negative,Bentuk,Yes,Otomotif,No
tidak sesuai ekpetasi,unknown,1,Tokopedia,Negative,Bentuk,Yes,Otomotif,No
luar biasa kecewa untuk ke kalinya emang susah dah cari penjual yang jujur,unknown,1,Tokopedia,Negative,Lainnya,Yes,Otomotif,Yes
packing hancur sampai lebur sampai rumah,unknown,1,Tokopedia,Negative,Lainnya,Yes,Otomotif,No
penggunaan dan fungsi tdk bagus,unknown,1,Tokopedia,Negative,Bentuk,No,Otomotif,No
sangat sangat kecewa belanja ditoko ini hati hatilah belanja ditoko,unknown,1,Tokopedia,Negative,Lainnya,Yes,Otomotif,No
kecewa malah bikin body mobil jd kusam setelah di pakai mobil malah jd ga kinclong lg,unknown,1,Tokopedia,Negative,Bentuk,Yes,Otomotif,Yes
saya sangat kecewa belanja di toko ini respon penjual cuek tanggapan lama begitu datang barang tumpah basah satu minggu baru datang tidak tau di kirim nya lama atau di pengiriman nya lama,unknown,1,Tokopedia,Negative,Lainnya,Yes,Otomotif,No
barang tdk sesuai harus dtng pc sampai tempat cuma 4liter sangat kecewa,unknown,5,Tokopedia,Positive,Bentuk,No,Otomotif,No
barang datang bungkus plastik segel kantong kopi nya udh terbuka semua tidak ada aroma kopi sama sekali kecewa,unknown,1,Tokopedia,Negative,Bentuk,Yes,Otomotif,Yes
admin ga niat kerja komplain tidak selesai sudah minta bintang ya sudah kasih bintang kasihan bosnya punya karyawan yg tidak ada empati sama komplain tidak pernah update perkembangan komplain,unknown,1,Tokopedia,Negative,Bentuk,Yes,Otomotif,No
ga berfungsi kecewa bgt,unknown,1,Tokopedia,Negative,Lainnya,Yes,Otomotif,No
baru kali ini beli di toped pelayanan mengecewakan sekali jasa pengiriman diganti tanpa pemberitahuan dan akhirnya pengiriman telat payah,unknown,1,Tokopedia,Negative,Lainnya,Yes,Otomotif,Yes
barang nya salah krim minta kampas rem di kasih oli gear hadeh kecewa lah,unknown,1,Tokopedia,Negative,Bentuk,Yes,Otomotif,Yes
kecewa bawa tidak sesuai pesanan pesan yg datang cuma botol,unknown,1,Tokopedia,Negative,Bentuk,Yes,Otomotif,Yes
oli ny palsu pantesan murah kecewa lah,unknown,1,Tokopedia,Negative,Harga,Yes,Otomotif,Yes
packing nya bocor oli kemana mana kecewa,unknown,1,Tokopedia,Negative,Lainnya,Yes,Otomotif,Yes
product tidak bisa spray sudah di kocok berkali kali tidak bisa dipakai tidak recomended kecewa,unknown,1,Tokopedia,Negative,Lainnya,Yes,Otomotif,No
hazecool ac cleaner pembersih ac split ac mobil,unknown,1,Tokopedia,Negative,Lainnya,No,Otomotif,No
barangnya jelek ngerusak filter ac pdhal blm lm ganti,unknown,1,Tokopedia,Negative,Bentuk,Yes,Otomotif,No
maaf barangnya kurang bagus filternya di pakai 1x udh lepas kecewa,unknown,1,Tokopedia,Negative,Bentuk,Yes,Otomotif,No
gak nyaman dipakai,unknown,1,Tokopedia,Negative,Bentuk,No,Otomotif,No
kecewa dengan kwalitasnya,unknown,1,Tokopedia,Negative,Bentuk,Yes,Otomotif,Yes
gambar tempelnya tdk rapi dan bnyk yg ngelupas,unknown,1,Tokopedia,Negative,Bentuk,No,Otomotif,No
agak kecewa karna isinya tumpah sampai setengah dan pengiriman juga lama,unknown,1,Tokopedia,Negative,Lainnya,Yes,Otomotif,No
sangat kecewa barang rejectan di jual pelayanan sangat buruk kya ga butuh uang respon buruk parah kalo barang ga ada bisa konfirmasi dlu gak asal kirim yg dibeli apa yg dikirim apa,unknown,1,Tokopedia,Negative,Lainnya,Yes,Otomotif,No
gak sesuai dgn pesanan dan pengiriman pengganyian produl tanpa konfirmasi,unknown,1,Tokopedia,Negative,Bentuk,No,Otomotif,No
pesen lapis dikasih selapis untung aja visornya aman amsyong,unknown,1,Tokopedia,Negative,Lainnya,No,Otomotif,No
barang tidak dapat di operasikan sudah menghubungi customer service belom ada response,unknown,1,Tokopedia,Negative,Lainnya,No,Otomotif,No
hisapan lemah suara sangat bising,unknown,1,Tokopedia,Negative,Lainnya,No,Otomotif,No
ternyata banyak yg kena tipu judulnya ada machine ternyata mesin otot tangan sendiri bs retur gak yah ini useless lah kl kyk gini kl bs retur chat saya dan akan saya ubah bintang nya,unknown,1,Tokopedia,Negative,Lainnya,Yes,Otomotif,No
baru pake sekali per nya lepas2 terus ampas,unknown,1,Tokopedia,Negative,Bentuk,No,Otomotif,No
semua pesanan bocor sdh di video sama pengiriman kacau jadi beli rugi barang sisa setengah,unknown,1,Tokopedia,Negative,Bentuk,No,Otomotif,No
besok2 tolong diperhatikan lg untuk masalah warna di catatan pembeli pesan warna hitam list silver malah dikirim warna silver list hitam kecewa berat,unknown,1,Tokopedia,Negative,Bentuk,Yes,Otomotif,Yes
barang tidak sesuai pesanan diminta gold malah d kirim warna putih dan merk lain,unknown,1,Tokopedia,Negative,Bentuk,Yes,Otomotif,No
sial gak ada wangi wangi nya sama sekali gak ada sama sekali biji kopinya gak sesuai judul biji kopi kecewa banget pantesan murah kita cuma dikasih sampah penipu,unknown,1,Tokopedia,Negative,Bentuk,Yes,Otomotif,Yes
sampah bgt mohon jangan di beli produk se sampah ini,unknown,1,Tokopedia,Negative,Lainnya,No,Otomotif,No
barang rusak dikirim,unknown,1,Tokopedia,Negative,Lainnya,Yes,Otomotif,No
kondisi barang rusak karena packingnya asal asalan,unknown,1,Tokopedia,Negative,Lainnya,Yes,Otomotif,No
jelekkkkk putuss semua talinya,unknown,1,Tokopedia,Negative,Bentuk,No,Otomotif,No
barang cacat saya tidak suka,unknown,1,Tokopedia,Negative,Lainnya,Yes,Otomotif,No
butut konyol minta kuning di kasih ijo stabilo barang jelek,unknown,1,Tokopedia,Negative,Bentuk,No,Otomotif,No
minta warna kuning dan gold malah gold dua2 nya payah seller,unknown,1,Tokopedia,Negative,Bentuk,No,Otomotif,No
payah pesen beda warna tp malah datang satu warna padahal sudah di beri keterangan,unknown,1,Tokopedia,Negative,Bentuk,No,Otomotif,No
bohong sama sekali tidak manjur,unknown,1,Tokopedia,Negative,Bentuk,Yes,Otomotif,No
gps adas gak berfungsi jawaban penjual bertele2 jt cm kamera biasa mahal,unknown,1,Tokopedia,Negative,Harga,No,Otomotif,No
isinya cuma kaya air putih mening pake semir ban di complain jg gk ada jawaban,unknown,1,Tokopedia,Negative,Lainnya,No,Otomotif,No
pengriman lama bukan dr kurirnya tp sellernya yg lemot krim ke ekspedisi nya dn barang juga kurang 1pcs,unknown,1,Tokopedia,Negative,Lainnya,No,Otomotif,No
penjual tidak amanah minta masker warna abu dan hitam di kirim abu semua,unknown,1,Tokopedia,Negative,Bentuk,No,Otomotif,No
pesanan ga lengkap chat ga di bales toko bagus karyawannya rusak buat jelek citra jadinya amal deh,unknown,1,Tokopedia,Negative,Bentuk,Yes,Otomotif,No
bukan orlee yang dikirim payah,unknown,1,Tokopedia,Negative,Lainnya,No,Otomotif,No
pembelian pertama pelayanan terburuk respon lama kirim lama,unknown,1,Tokopedia,Negative,Lainnya,Yes,Otomotif,No
udah di chat ditulis di deskripsi udah dikonfirmasi ulang masih aja dikirim warna putih jelas jelas order full black dan pengiriman lama banget tidak amanah,unknown,1,Tokopedia,Negative,Bentuk,No,Otomotif,No
warna tidak sesuai dengan yg dikirim males pengembalian barang seller asal asalan kirim,unknown,1,Tokopedia,Negative,Bentuk,Yes,Otomotif,No
deskripsi dan gambar warna hitam tetapi barangnya yg sampai warna biru ga sesuai banget dichat komplain jawabnya cuma terima kasih ga niat jualan bos namanya orang jualan yg diutamakan harus kepuasan pelanggan klo di komplain jangan pura pura oon gak tau,unknown,1,Tokopedia,Negative,Bentuk,Yes,Otomotif,Yes
jelek banget gak bisa di pakai ini mah maskernya berbulu bisa dilihat foto tsb,unknown,1,Tokopedia,Negative,Bentuk,No,Otomotif,No
satu minggu pesanan gagal pickup terus penjual tidak ada reaksi sama sekali setelah komplain ke toped langsung dikirim pesan tgl mei sampai tgl juni ini tidak tau siapa yg salah penjual atau kurirnya merekalah yg tau isinya banyak yg kurang bahkan ada yg hampir setengah botol mengecewakan sekali padahal sudah orderan yg kesekian kali kali ini ampun dah ganti seller yg lain penjual tidak respon dengan jualannya,unknown,1,Tokopedia,Negative,Bentuk,Yes,Otomotif,Yes
ga teliti membaca requestku minta nya lemon knp yg dikirim summer linen,unknown,1,Tokopedia,Negative,Lainnya,No,Otomotif,No
yg dipesan lain yg dikirm lain,unknown,1,Tokopedia,Negative,Lainnya,No,Otomotif,No
menyesal gue belanja di tempat loe cuy,unknown,1,Tokopedia,Negative,Lainnya,No,Otomotif,No
parah pesan warna hitam atau biru dikirim kuning semua buta warna apa seller nya udah gt lama banget diproses nya,unknown,1,Tokopedia,Negative,Bentuk,Yes,Otomotif,No
disuru pilih aromanya tapi yg dikirim gak sesuai coba donk klo dagang online yg sesuai pembeli pembeli adalah raja belinya pake uang kok tdk minta,unknown,1,Tokopedia,Negative,Rasa,No,Otomotif,No
produk gak dikirim,unknown,1,Tokopedia,Negative,Lainnya,No,Otomotif,No
kendaraan menjadi kinclong kembali mantap kendaraan menjadi kinclong kembali mantap senang banget ada home servicenya senang banget bisa di pasangin di bengkelnya,unknown,5,Tokopedia,Positive,Rasa,No,Otomotif,No
pengiriman cepet banget bahan dan kualitas bagus banget,unknown,5,Tokopedia,Positive,Bentuk,No,Otomotif,No
kendaraan menjadi kinclong kembali mantap kendaraan menjadi kinclong kembali mantap senang banget bisa di pasangin di bengkelnya senang banget ada home servicenya,unknown,5,Tokopedia,Positive,Rasa,No,Otomotif,No
produk original ban jadi hitam kembali mantap bahanya kuat ban menjadi seperti baru kembali,unknown,5,Tokopedia,Positive,Bentuk,No,Otomotif,No
barang bagus kualitas bagus harga terjangkau recommended,unknown,5,Tokopedia,Positive,Harga,No,Otomotif,No
produk original bikin helm saya makin keren jadi tambah rapih,unknown,5,Tokopedia,Positive,Bentuk,No,Otomotif,No
mantaaaaaap mantuuuuul terbaiikkkkk guuud,unknown,5,Tokopedia,Positive,Lainnya,No,Otomotif,No
barang bagus dan berkualitas admin ramah dan jujur top pokoknya,unknown,5,Tokopedia,Positive,Bentuk,No,Otomotif,No
barang sesuai dengan deskripsi sedot nya kuat banget cocok buat debu kecil di sela laptop ato mobil woke banget lah cincai lah siplah,unknown,5,Tokopedia,Positive,Bentuk,No,Otomotif,No
bagus bgtt modelny kecil wrnnya bagus sedotannya kuat,unknown,5,Tokopedia,Positive,Bentuk,No,Otomotif,No
mudah dibersihkan sedotannya kuat kabel listrik panjang harganya murah produk berkualitas tks baseus,unknown,5,Tokopedia,Positive,Bentuk,No,Otomotif,No
packing aman berfungsi dengan baik berguna banget pas nyetir,unknown,5,Tokopedia,Positive,Bentuk,No,Otomotif,No
mantaaaaaaaaaaaaaaaaaaaaaaaaaaaaaaaaaaaaaaaaaap barangnya original o,unknown,5,Tokopedia,Positive,Bentuk,No,Otomotif,No
senang banget ada home servicenya,unknown,5,Tokopedia,Positive,Lainnya,No,Otomotif,No
sesuai dekripsi harga terjangkau produk oke top,unknown,5,Tokopedia,Positive,Harga,No,Otomotif,No
oke sippppppppp mantapppppppppp,unknown,5,Tokopedia,Positive,Rasa,No,Otomotif,No
lampunya terang pancaran cahaya lampu yg baik seller cepat responnya pengiriman cepat dan aman,unknown,5,Tokopedia,Positive,Lainnya,No,Otomotif,No
kualitas bahan sangat baik produk original berfungsi dengan baik,unknown,5,Tokopedia,Positive,Bentuk,No,Otomotif,No
produk original kualitas bahan sangat baik berfungsi dengan baik,unknown,5,Tokopedia,Positive,Bentuk,No,Otomotif,No
jahannya mantap jahitannya rapikualitas bahan sangat baik berfungsi dengan baik,unknown,5,Tokopedia,Positive,Bentuk,No,Otomotif,No
kualitas bahan sangat baik,unknown,5,Tokopedia,Positive,Bentuk,No,Otomotif,No
pokoknya top bintang yg bicara,unknown,5,Tokopedia,Positive,Lainnya,No,Otomotif,No
mantap puas pake bangeeeey,unknown,5,Tokopedia,Positive,Rasa,No,Otomotif,No
kualitas produk sangat baik produk original harga produk sangat baik kecepatan pengiriman sangat baik respon penjual sangat baik,unknown,5,Tokopedia,Positive,Bentuk,No,Otomotif,No
sudah diterima dengan baik mantafffffffffffff,unknown,5,Tokopedia,Positive,Lainnya,No,Otomotif,No
wow keren bgt,unknown,5,Tokopedia,Positive,Lainnya,No,Otomotif,No
mevvah bro thx u fast respon dan fast delivery recommended,unknown,5,Tokopedia,Positive,Lainnya,No,Otomotif,No
ban jadi hitam kembali mantap produk original bahanya kuat ban menjadi seperti baru kembali,unknown,5,Tokopedia,Positive,Bentuk,No,Otomotif,No
good ban jadi hitam kembali mantap,unknown,5,Tokopedia,Positive,Rasa,No,Otomotif,No
mantap sesuai pesanan blm di coba semoga bagus,unknown,5,Tokopedia,Positive,Bentuk,No,Otomotif,No
dapat kain microfiber fungsi mau dicoba dulu kalo buat sekarang biar tokonya joss,unknown,5,Tokopedia,Positive,Bentuk,No,Otomotif,No
ban jadi hitam kembali mantap,unknown,5,Tokopedia,Positive,Rasa,No,Otomotif,No
cepat rusak gampang sobek kotor tidak recommend,unknown,1,Tokopedia,Negative,Bentuk,Yes,Otomotif,No
barang gak datang ini penipuan,unknown,1,Tokopedia,Negative,Lainnya,Yes,Otomotif,No
barang gak dikirim gak usah ngadain flash sale kalau gak ada stok,unknown,1,Tokopedia,Negative,Lainnya,No,Otomotif,No
kualitas pelayanan sama kayak pedagang emperan atau bahkan lebih rendah jangan beli di toko ini kalo tidak ingin kecewa non ori bukan agen atau distributor resmi jika dilihat dr pelayanannya sebagai info ya barang tidak belum sy terima dan sy membayar atas kualitas yang diberikan jd harga pelayanan kalian hanya senilai kecil sekali ya,unknown,1,Tokopedia,Negative,Bentuk,Yes,Otomotif,No
shieldnya retak dan penjual tidak mau bertanggung jawab padahal saya sudah coba bicara baik2 di inbox sama sekali tidak merekomendasikan toko ini,unknown,1,Tokopedia,Negative,Bentuk,No,Otomotif,No
jgn beli disini seller nya slow response ketika ada masalah produk saya beli helm ga dicek qc terlebih dahulu sblm dikirim helm ada lecetnya beli goggle osbe kacanya baret2 halus semua masuk pusat resolusi juga ga kooperatif selalu cek cctv yg ga jelas kapan ceknya dan apa yg dicek barang akhirnya diretur setelah sampai ga direspon2 lagi jadi mending lebih baik batal dimana solusi awal saya adalah retur refund dan disini ga ada itikad baik seller udah lapor cs pun cs terpaku sistem dan pas udah koar2 baru tuh cs hubungin seller cs toped empatinya pun msh buruk klo sekelas selebgram cepet ditanganin giliran user biasa alasannya sistem beberapa jam menuju transaksi mau batal baru dibatalin ini seller,unknown,1,Tokopedia,Negative,Bentuk,Yes,Otomotif,Yes
saya sejujurnya nyesel sih beli bubble wrap ini kayak cuman dikasih seiprit doang saya beli 2pcs saya pikir packaging helem saya akn dibalur sama bubble wrap ini eh cuman kayak nutupin sebelah kiri dan sebelah kanan dus helem kecewa sih sama pesanan ini kayak gak niat gitu thanks,unknown,1,Tokopedia,Negative,Bentuk,Yes,Otomotif,Yes
hari masih bagus hasilnya hari kedepan udah gak bagus lagi berembun lagi gak recomended banget,unknown,2,Tokopedia,Negative,Bentuk,No,Otomotif,Yes
barang kaga di kirim buat yg belanja banyak lebih teliti karena barang pasti ada yg kaga di kirim item dari total belanja pelajaran buat saya karena gak teliti dan yg punya lapak juga gak ada solusi rugi 20k an gpp,unknown,1,Tokopedia,Negative,Bentuk,No,Otomotif,No
gak sesuai gambar sudah benyek kemasan plastiknya polos gk ada print 3mnya sesuai gambar,unknown,1,Tokopedia,Negative,Bentuk,No,Otomotif,No
lampu nya mengecewakan tdak nyala semua,unknown,1,Tokopedia,Negative,Lainnya,Yes,Otomotif,No
baru dipake eh lampunya sudah mati sedih dah,unknown,1,Tokopedia,Negative,Lainnya,Yes,Otomotif,No
ekspedisi pengiriman lama banget pas ngajuin komplain baru di kirim hadeh,unknown,1,Tokopedia,Negative,Bentuk,Yes,Otomotif,No
warna tak sesuai pesanan pesan silver hitam dikasih silver saja,unknown,1,Tokopedia,Negative,Bentuk,No,Otomotif,No
nyesel beli kagak terang,unknown,1,Tokopedia,Negative,Lainnya,No,Otomotif,No
lampunya gak nyala,unknown,1,Tokopedia,Negative,Lainnya,No,Otomotif,No
lampu mati tidak mau nyala minta di revan,unknown,1,Tokopedia,Negative,Lainnya,Yes,Otomotif,No
lampunya mati sialan,unknown,1,Tokopedia,Negative,Lainnya,Yes,Otomotif,No
lampu nggak idup,unknown,1,Tokopedia,Negative,Lainnya,No,Otomotif,No
warna ga sesuai,unknown,1,Tokopedia,Negative,Bentuk,No,Otomotif,No
ga sesuai datang cahaya putih padahal minta cahaya yg hijau,unknown,1,Tokopedia,Negative,Bentuk,No,Otomotif,No
mesen yg datang hnya saja yg satu bosnya kosong ngk ada isinya,unknown,1,Tokopedia,Negative,Lainnya,No,Otomotif,No
yang dipesen putih yang dateng kuning admin udah pastiin yang dianter putih tapi nipu tetep yang dateng kuning min mending jujur bilang stok kosong daripada barang diganti yang beda jenis,unknown,1,Tokopedia,Negative,Bentuk,No,Otomotif,No
di aplikasikan bukannya ban tambah hitam malah tambah kotor,unknown,1,Tokopedia,Negative,Bentuk,No,Otomotif,No
baranh tidak dikirim penipuan,unknown,1,Tokopedia,Negative,Lainnya,Yes,Otomotif,No
tidak mengkilap dan cepat hilang,unknown,1,Tokopedia,Negative,Lainnya,Yes,Otomotif,No
saya sangat kecewa belanja di toko ini respon penjual cuek tanggapan lama begitu datang barang tumpah basah satu minggu baru datang tidak tau di kirim nya lama atau di pengiriman nya lama,unknown,1,Tokopedia,Negative,Lainnya,Yes,Otomotif,No
kaca malah jadi buram cairan ini baunya seperti porstex hati hati dalam membeli,unknown,1,Tokopedia,Negative,Rasa,No,Otomotif,No
barang tipis tdk sesuai yang dibilang tebal kapok belanja disini,unknown,1,Tokopedia,Negative,Bentuk,No,Otomotif,No
saya baru pakai ini krn habiskan stock yg sebelumnya yang skr kualitasnya buruk krn cair beda dengan yg sebelumnya tdk cair pdhal di awal saya suka produk ini disayankan saja kualitasnya turun krn dicampur cairan,unknown,1,Tokopedia,Negative,Bentuk,Yes,Otomotif,Yes
jangan mau beli gaada efeknya sama sekali ada efeknya pas basah doang jadi item kalo udah kering sama ajeee sarung tangannya juga bekas,unknown,1,Tokopedia,Negative,Bentuk,No,Otomotif,No
buruk parah lama pengirimannya masak dikasih sarung tangan latex bekas,unknown,1,Tokopedia,Negative,Lainnya,Yes,Otomotif,No
mohon maaf dikasih rating segini karena barang yg dikirim tidak sesuai dan tidak ada follow up untuk penggantian barang semoga kedepan dapat ditindak lanjuti terima kasih banyak sebelumnya,unknown,1,Tokopedia,Negative,Bentuk,Yes,Otomotif,No
pesanan tidak sesuai mmg sperti ini atau adminnya saja yg krg jeli trhadap jenis parfum yg dipesan,unknown,1,Tokopedia,Negative,Bentuk,Yes,Otomotif,No
wangi nya sma skali gak enak kaya barang udh kadaluarsa di pake di mobil gak nympe hari smua yg masuk mobil ane komplain hadeh malah udh beli biji pula,unknown,1,Tokopedia,Negative,Rasa,Yes,Otomotif,No
barang tidak sesuai deskripsi,unknown,1,Tokopedia,Negative,Bentuk,Yes,Otomotif,No
pesanan saya tdk dikirim tlg direspon,unknown,1,Tokopedia,Negative,Lainnya,No,Otomotif,No
paket dikirim kurang hati aja yg beli disini memang murah tapi seller tidak respon banget tidak mau di komplain mending beli ke seller lain,unknown,1,Tokopedia,Negative,Harga,Yes,Otomotif,No
produk oke sesuai dengan foto dan keterangan,unknown,5,Tokopedia,Positive,Bentuk,No,Perawatan Hewan,No
barang bagus dan pengiriman cepat,unknown,5,Tokopedia,Positive,Bentuk,No,Perawatan Hewan,No
terima kasih kak paketnya cepat sampai dan kondisinya bagus semogq makin sukses ya kak,unknown,5,Tokopedia,Positive,Bentuk,No,Perawatan Hewan,No
barang sesuai pesanan paking standar bagus pengiriman cepat sampai tks gan,unknown,5,Tokopedia,Positive,Bentuk,No,Perawatan Hewan,No
produk sesuai deskripsi dan pengirimannya cepat,unknown,5,Tokopedia,Positive,Bentuk,No,Perawatan Hewan,No
respon cepat pengiriman cepat produk bagus thanks,unknown,5,Tokopedia,Positive,Bentuk,No,Perawatan Hewan,No
barang sesuai packing aman pengiriman dan pengemasan cepat blm dicoba semoga cocok,unknown,5,Tokopedia,Positive,Bentuk,No,Perawatan Hewan,No
barang ok sesuai pesanan pengiriman ok,unknown,5,Tokopedia,Positive,Bentuk,No,Perawatan Hewan,No
pengiriman cepat packing aman suka sm produknya trimakasih,unknown,5,Tokopedia,Positive,Lainnya,No,Perawatan Hewan,No
kualitas bagus kiriman cepat hargnya murah,unknown,5,Tokopedia,Positive,Bentuk,No,Perawatan Hewan,No
barang sesuai permintaan n kedatangan sesuai estimasi,unknown,5,Tokopedia,Positive,Bentuk,No,Perawatan Hewan,No
barang bagus dan layanan bagus,unknown,5,Tokopedia,Positive,Bentuk,No,Perawatan Hewan,No
sudah sampai kak okey barangnya warna bagus kualitas bagus dan tidak berbau anti slip juga kayak nya thanks lah ya,unknown,5,Tokopedia,Positive,Bentuk,No,Perawatan Hewan,No
bagus sesuai deskripsi,unknown,5,Tokopedia,Positive,Bentuk,No,Perawatan Hewan,No
respon dan pengiriman cepat prduk ok harga juga relatif murah thx ya,unknown,5,Tokopedia,Positive,Harga,No,Perawatan Hewan,No
cepet bgt sampai packing termat sangat aman dan tdk bocor bubble wrap tebellll sekali blm dicoba semoga bermanfaat dengan baik,unknown,5,Tokopedia,Positive,Lainnya,No,Perawatan Hewan,No
dikirimnya cepat dan super duper rapih terima kasih,unknown,5,Tokopedia,Positive,Bentuk,No,Perawatan Hewan,No
packing sangat baik buble warp sangat tebal pengemasan cepat pengiriman kurir standar produk masih segel exp msh lama terima kasih,unknown,5,Tokopedia,Positive,Bentuk,No,Perawatan Hewan,No
terima kasih produk telah diterima dengan baik pengiriman cepat packaging baik,unknown,5,Tokopedia,Positive,Bentuk,No,Perawatan Hewan,No
produknya ok sangat bermanfaat utk mrnjaga dan merawat kebersihan anabul sudah langganan beli terimakasih seller,unknown,5,Tokopedia,Positive,Lainnya,No,Perawatan Hewan,No
respon seller dan pengiriman cepat paket aman produk baru dicoba dan blm bener tau efektif atau ngga botol aman gak bocor dan sprayernya bagus thanks a lot seller,unknown,5,Tokopedia,Positive,Bentuk,No,Perawatan Hewan,No
barang cepat sampai dlm keadaan baik,unknown,5,Tokopedia,Positive,Lainnya,No,Perawatan Hewan,No
selalu puas belanja disini udah ketiga kalinya beli disini pengiriman cepat respon cepat,unknown,5,Tokopedia,Positive,Lainnya,No,Perawatan Hewan,No
pengiriman cepat barang aman tidak bocor seller fast respons,unknown,5,Tokopedia,Positive,Lainnya,No,Perawatan Hewan,No
desinfektan yg baguss seperti ulasan videonya respon penjual baik dan cepat pengiriman cepat thank you seller,unknown,5,Tokopedia,Positive,Bentuk,No,Perawatan Hewan,No
mantap wangi udah beli beberapa kali aman juga untuk hewan,unknown,5,Tokopedia,Positive,Rasa,No,Perawatan Hewan,No
barang sudah sampai dan ikannya masih sehat dan selamat makasih,unknown,5,Tokopedia,Positive,Lainnya,No,Perawatan Hewan,No
mendarat dgn selamat dan ikannya bagus,unknown,5,Tokopedia,Positive,Bentuk,No,Perawatan Hewan,No
kondisi ikan cupang sehat dan dipacking dengan rapi dan apik,unknown,5,Tokopedia,Positive,Bentuk,No,Perawatan Hewan,No
recommended barang sesuai seller gercep pengemasan mantap banget,unknown,5,Tokopedia,Positive,Rasa,No,Perawatan Hewan,No
proses cepat pengiriman cepat packaging sangat aman barang terjamin tdk ada bocor,unknown,5,Tokopedia,Positive,Bentuk,No,Perawatan Hewan,No
harga murah deh packing aman banget dilapisi bubble wrap yang sangat tebal juga dus yang tebal,unknown,5,Tokopedia,Positive,Harga,No,Perawatan Hewan,No
pengiriman cepet banget packing aman banget pokoknya mantab,unknown,5,Tokopedia,Positive,Lainnya,No,Perawatan Hewan,No
muantaap tepat waktu packing memuaskan tks,unknown,5,Tokopedia,Positive,Lainnya,No,Perawatan Hewan,No
barangnya ternyata berkualitas walaupun harganya cukup miring warnanya pun bagus gak kelihatan kayak barang murah puassss,unknown,5,Tokopedia,Positive,Bentuk,No,Perawatan Hewan,No
seller komunikatif produk bahannya bagus warnanya jg keren pengiriman tepat waktu instalasi mudah packaging sangat aman box dan dikasih buble wrap thanks jg bonusnya,unknown,5,Tokopedia,Positive,Bentuk,No,Perawatan Hewan,No
packing sangat aman ada kardus dan bubble jadi barang sampai dengan selamat dikasih bonus tempat mkn pula makasiihhhhhh,unknown,5,Tokopedia,Positive,Lainnya,No,Perawatan Hewan,No
barang oke packaging juga aman mantap lah,unknown,5,Tokopedia,Positive,Rasa,No,Perawatan Hewan,No
pembelian keranjang kargo kucing ke ga pernah ga puas beli di sini harga terbaik seller fast response dan packing nya juara aman banget pake kardus segala badabest lah dapet bonus pula,unknown,5,Tokopedia,Positive,Harga,No,Perawatan Hewan,No
produknya bagus sesuai dengan harapan,unknown,5,Tokopedia,Positive,Bentuk,No,Perawatan Hewan,No
kualitas underpad buruk tdk sesuai harga,unknown,1,Tokopedia,Negative,Harga,Yes,Perawatan Hewan,No
paking tidak rapih jebol,unknown,1,Tokopedia,Negative,Bentuk,No,Perawatan Hewan,No
udah kesobek makanan kucing nya alot,unknown,1,Tokopedia,Negative,Lainnya,No,Perawatan Hewan,No
semprotannya tidak berfungsi sangat mengecewakan,unknown,2,Tokopedia,Negative,Lainnya,Yes,Perawatan Hewan,No
warna tidak sesuai dengan gambar daya serap nya buruk cendrung tidak menyerap air parah kecewa saya kualitasnya makin memburuk tidak sama seperti pas awal order wood pellet disini,unknown,1,Tokopedia,Negative,Bentuk,Yes,Perawatan Hewan,Yes
nga sesuai yg di harapkan pingin yg kecil2 jd besar dan cenderung kasar jd nya,unknown,1,Tokopedia,Negative,Bentuk,No,Perawatan Hewan,No
pelayanannya yang sangat mengecewakan padahal gojek instant tp besoknya baru dikirim di chat balasnya lama bangett no rekomen kl yg buru2,unknown,1,Tokopedia,Negative,Lainnya,Yes,Perawatan Hewan,No
keras banget dan ukuran nya gede jadi nya dikit banget,unknown,1,Tokopedia,Negative,Rasa,No,Perawatan Hewan,No
pengiriman sangat lamaaa tdk ada pemberitahuan chat tdk di respon,unknown,3,Tokopedia,Neutral,Lainnya,No,Perawatan Hewan,No
pas pesan lupa cantumkan warna lgs chat ke penjual nya request warna seblm di kirim chat cuma di baca ga di respon kirim ikan nya warna putih polos kecewa belanja disini udah mahal malah kirim yg jarang org mau kecewa,unknown,1,Tokopedia,Negative,Bentuk,Yes,Perawatan Hewan,Yes
ikannya mati jadi saya kecewa ah,unknown,1,Tokopedia,Negative,Lainnya,Yes,Perawatan Hewan,Yes
tidak sesuai pesanan pesan warna merah putih yg dikirim warna lain,unknown,1,Tokopedia,Negative,Bentuk,Yes,Perawatan Hewan,No
cupang tidak sesuai gambar,unknown,1,Tokopedia,Negative,Bentuk,Yes,Perawatan Hewan,No
barang tidak sesuai di iklan padahal saya memberi pesan saya melalui catatan pada penjual saya pesan yang nomor ikan cupang sekian ada dlm catatan,unknown,1,Tokopedia,Negative,Bentuk,Yes,Perawatan Hewan,No
kura kuranya tidak mulus,unknown,1,Tokopedia,Negative,Lainnya,No,Perawatan Hewan,No
kecewa respon tokonya lama pengiriman sameday order sebelum jam malah di kirim besoknya di chat dari pagi dijawab malam kapok,unknown,1,Tokopedia,Negative,Lainnya,Yes,Perawatan Hewan,Yes
sangat kecewa dengan pengiriman yang sangat lama dan sangat sangat bermasalah di ekspedisi pengiriman s c at dan penjual tidak fast response,unknown,1,Tokopedia,Negative,Lainnya,Yes,Perawatan Hewan,No
kecewa bagt barang yg di kirim tidak sesuai masih kurang lagi padahal uda langganan ko malah kecewain gitu uda komplin ko malah ga respon ya,unknown,1,Tokopedia,Negative,Bentuk,Yes,Perawatan Hewan,Yes
kecewa makanan yg di kirim kurang,unknown,1,Tokopedia,Negative,Lainnya,Yes,Perawatan Hewan,Yes
kecewa gw belanja di sini gak amanah seller nya gw pesen yg di kirim cuma gak seberapa sih harga nya tapi gak jujur yg jual nya moga berkah aja dah lu dagang dari hasil gak jujur,unknown,1,Tokopedia,Negative,Harga,Yes,Perawatan Hewan,Yes
respone lambat packing lama kirim lama mengecewakan padahal dalam kota yg hanya menit sampe di saller lain setelah fix transaksi menit sampe ini nunggu sampe jam toko payah chat customer responenya lambat kapok ga akan belanja lagi,unknown,1,Tokopedia,Negative,Lainnya,Yes,Perawatan Hewan,No
stelah pemakaian rutin kutu anjing makin banyak spot yang di spray malah makin banyak padahal awalnya kutunya sedikit doang nyesal produk ini,unknown,1,Tokopedia,Negative,Lainnya,No,Perawatan Hewan,No
maaf saya kasih bintang karena penilaian saya tergantung efektifitas produk yg saya beli ini gada efek sama sekali udh smpe hbis saya pakainya,unknown,1,Tokopedia,Negative,Bentuk,No,Perawatan Hewan,No
tidak berfungsi sama sekali produk nya kutu tetap masih ada tidak mati kecewa saya tdk sesuai speak nya,unknown,1,Tokopedia,Negative,Bentuk,Yes,Perawatan Hewan,No
krn obatnyatdk mempan basmi kutu nya sdh x pakai malahmakin banyak,unknown,1,Tokopedia,Negative,Lainnya,No,Perawatan Hewan,No
cuma nambah gatel aja kasian liat kucingku,unknown,2,Tokopedia,Negative,Lainnya,No,Perawatan Hewan,No
barang tdk di packing hanya pake kantong plastik dan kaleng nya pd rusak semua pengiriman sangat lama saya sangat kecewa dan tdk akan belanja di toko ini parah sekali service nya,unknown,1,Tokopedia,Negative,Bentuk,Yes,Perawatan Hewan,No
barang tdk sesuai dg pesanan klu tdk ada barang nya jng dgabti sm yg lainnya sangat kecewa,unknown,1,Tokopedia,Negative,Bentuk,Yes,Perawatan Hewan,No
saya kecewa sudah sering banget beli disini tapi packingan nya rusak bolong bolong kayak dimakan tikus ga mungkin banget kalau ini pecah dijalan bisa minta retur ga soalnya ga layak banget,unknown,1,Tokopedia,Negative,Lainnya,Yes,Perawatan Hewan,Yes
sangat kecewa beli pcs dan kemasan semuanya bolong sperti d gigit tikus,unknown,1,Tokopedia,Negative,Bentuk,Yes,Perawatan Hewan,No
minta yg bentuk ikan eee malah diksh yg bentuk donat kucing sy gak mau yg bentuk donat kecewa sy,unknown,1,Tokopedia,Negative,Bentuk,Yes,Perawatan Hewan,Yes
minta yg bentuk donat yang dateng ikan alhasil kucing tidak doyan mubazir deh tidak terpakai,unknown,1,Tokopedia,Negative,Bentuk,No,Perawatan Hewan,No
saya pesan yg donat sudah lewat sms tapi yg dikirim yg ikan saya kecewa sebab kucing saya gak doyan saya udah bilang gak apa apa pakai kantong polos saya kecewaaaaaa,unknown,1,Tokopedia,Negative,Lainnya,Yes,Perawatan Hewan,Yes
tetap kecewa barang yang sampai ke kostumer sudah bocor walau alasannya rusak di ekpedisinya ckck,unknown,1,Tokopedia,Negative,Lainnya,Yes,Perawatan Hewan,Yes
beli pack 4kg yg dikirim cuma pack 3kg kecewa,unknown,1,Tokopedia,Negative,Lainnya,Yes,Perawatan Hewan,Yes
sudah dua kali belanja d tolong billy buat saya kecewa pengirimannya lama sekali hari padahal hanya wilayah jakarta tidak sampai luar kota minta tolong dong pilih kurir yang cepat,unknown,1,Tokopedia,Negative,Lainnya,Yes,Perawatan Hewan,Yes
seller sangat slow respon pengiriman lama baru kali ini ada yg sy kasih bintang bukan krn barangnya tapi respon sellernya,unknown,1,Tokopedia,Negative,Lainnya,No,Perawatan Hewan,No
orng nnya responnya jutek bgt biasa aja kali saya cm bertanya ga ngajak debat sombong bgt penjual kyak bgini,unknown,1,Tokopedia,Negative,Lainnya,No,Perawatan Hewan,No
jangan samain packing kura sama ikan,unknown,1,Tokopedia,Negative,Bentuk,No,Perawatan Hewan,No
chat ga di baca pdhl online salah pengiriman tp ga ada tanggung jawab sama sekali kaka mau ak doain bangkrut ga tokonya lain kali jangan kek gitu lah ga berkah nanti rejekinya,unknown,1,Tokopedia,Negative,Bentuk,No,Perawatan Hewan,No
sangat kecewa ini real yg saya alami silahkan baca chat saya dgn seller ini sebelum membeli barang dikirim tidak sesuai pesanan sudah diretur tapi cerdiknya seller tidak mengirimkan pesanan saya yg seharusnya saya pesan sudah hariii lhoo guys uang tidak kembali barang pun tidak sampai haha silahkan saja jika seller sanggup bawa ke akhirat semoga kalian tidak tertipu seperti saya,unknown,1,Tokopedia,Negative,Bentuk,Yes,Perawatan Hewan,No
gak ada pengaruh kutu msih hidup sdh saya tes langsung merasa ditipu nih semoga dapat karma dah lu,unknown,1,Tokopedia,Negative,Rasa,Yes,Perawatan Hewan,No
barang dibilang ready ga taunya ga dikirim maen refund aja,unknown,1,Tokopedia,Negative,Lainnya,Yes,Perawatan Hewan,No
yg bener dong gan klo ngasih barang expirenya kapan masak sebulan gak kuat sampai ada yg bulukan gitu,unknown,1,Tokopedia,Negative,Bentuk,No,Perawatan Hewan,No
yg beli wiskas junior bau bangke kucing gk pd doyan,unknown,1,Tokopedia,Negative,Rasa,No,Perawatan Hewan,No
barang pesan kg dikirim 1kg brengsek,unknown,1,Tokopedia,Negative,Lainnya,No,Perawatan Hewan,No
proses dari pembelian ke pengiriman lamaaaaaaaaaaa admin gak sopan slow respon ancur parah nihh toko,unknown,1,Tokopedia,Negative,Lainnya,Yes,Perawatan Hewan,No
pesan dari tanggal ini udah tanggal barang belum nongol gila parah banget toko laen saya pesan obat tgl hari ini tgl dah nyampe ckckckck lama bangeeeettt dan super slow respon duuhhhh kucing jalanan yg udah pesakitan modelannya bisa2 drop gara2 manusia2 modelan lemot gini kerjanya,unknown,1,Tokopedia,Negative,Bentuk,Yes,Perawatan Hewan,Yes
seller sombong shok ngirim lambatttt percuma pake same day bangunnya siang kali,unknown,1,Tokopedia,Negative,Lainnya,No,Perawatan Hewan,No
udang red bee yg dipesan tdk ada sdh dikomplain malah diteruskan tokped dana nya ke penjual,unknown,1,Tokopedia,Negative,Lainnya,Yes,Perawatan Hewan,No
saya sengaja selesaikan pesanan ini agar bisa nulis ulasan sesuai pengalaman saya belanja dintoko ini saya sempat tamyakan via chat tentang foto asli ikan dijawab ikannya sesuai gambar di etalase saya tanya juga bukan burayak dijawab bukan tapi faktanya non sense yg dikirim burayak,unknown,1,Tokopedia,Negative,Bentuk,No,Perawatan Hewan,No
size kecil banget,unknown,1,Tokopedia,Negative,Bentuk,No,Perawatan Hewan,No
ngirim barang gak sesuai pesanan ngeselinnn,unknown,1,Tokopedia,Negative,Bentuk,No,Perawatan Hewan,No
bangke sampe rumah mati semua jangan beli disini,unknown,1,Tokopedia,Negative,Lainnya,Yes,Perawatan Hewan,No
penjual gk respon bgt parah,unknown,1,Tokopedia,Negative,Lainnya,Yes,Perawatan Hewan,No
sangat jelek krn kiriman tidak lengkap,unknown,1,Tokopedia,Negative,Bentuk,No,Perawatan Hewan,No
ga sesuai gambar d kirain kayu tau2 hanya kardus,unknown,1,Tokopedia,Negative,Bentuk,No,Perawatan Hewan,No
rusak pcs gak bisa pakai karena packing asal,unknown,1,Tokopedia,Negative,Lainnya,Yes,Perawatan Hewan,No
gak ada pengaruh kutu msih hidup sdh saya tes langsung merasa ditipu nih semoga dapat karma dah lu,unknown,1,Tokopedia,Negative,Rasa,Yes,Perawatan Hewan,No
ngirim barang gak sesuai pesanan ngeselinnn,unknown,5,Tokopedia,Positive,Bentuk,No,Perawatan Hewan,No
beli obat diikrim dus kosong maksdya apaan nh mau tipu konsumen apa masdya,unknown,1,Tokopedia,Negative,Lainnya,Yes,Perawatan Hewan,No
tidak sesuai pesanan barang yg kirim kurang penjual asal paking saja tidak teliti,unknown,1,Tokopedia,Negative,Bentuk,Yes,Perawatan Hewan,No
pesanan jenis ikan yg dikirim bulet hadeuuuh,unknown,1,Tokopedia,Negative,Lainnya,No,Perawatan Hewan,No
mintanya bolt kok malah di kasi oricat sih,unknown,1,Tokopedia,Negative,Bentuk,No,Perawatan Hewan,No
di chat minta pengiriman instan jawabanya menyanggupi tp setelah di bayar ngga di kirim2 kalo overload knp nyanggupin kacau nih bikin kapok,unknown,1,Tokopedia,Negative,Harga,No,Perawatan Hewan,No
dapet bolong pelayanan gak ramah udh tau salah gak ada kata maaf pesen yg smpe hari ini di kirim malah bsk dgn alesan ngbodohin customer pdhl beli dsni udh berkali2 tp kali pembelian terakhir selalu ngaret klo salah ya minta maaf bukan malah boong paket jg di kirim berantakan asal masukin jangan sombong mentang2 udh bnyk yg beli inget tanpa customer anda bukan siapa2,unknown,1,Tokopedia,Negative,Lainnya,No,Perawatan Hewan,No
packaging kurang rapih semua kemasan produk bolt sobek sehingga ketika unboxing isi makanan berantakan,unknown,1,Tokopedia,Negative,Bentuk,No,Perawatan Hewan,No
duanya lagi goib,unknown,1,Tokopedia,Negative,Lainnya,No,Perawatan Hewan,No
saya pesan meo jelas2 tuna in jelly karena kucing saya sukanya itu dikirimnya tuna bisa baca gak ya trus mau diapain doank buang kalau pesan harus sesuai doank barang kamu kosong bilang jangan main ganti sembarangan,unknown,1,Tokopedia,Negative,Bentuk,No,Perawatan Hewan,Yes
sy pesan tiga bungkus mknan kucing merk bolt ukuran satu kilogram tp dikirim hanya satu anehnya di label pengiriman tertulis kg pieces lihat foto dan nama penerima alamatnya sudah benar bagaimana mungkin padahal spt bisa dilihat di foto dari ukuran bungkusnya saja tidak mungkin hanya sebesar itu dapat berisi tiga pcs tiga kilo sudah dikomplain tp tidak ada respon yg berarti dana memang dikembalikan sebagian sesuai jumlah barang yg tidak dikirim tapi silahkan dinilai sendiri,unknown,1,Tokopedia,Negative,Bentuk,Yes,Perawatan Hewan,No
ga jujur ini orang dagang,unknown,1,Tokopedia,Negative,Lainnya,No,Perawatan Hewan,No
masa isi nya hanya gram kan harusnya kg kesel,unknown,1,Tokopedia,Negative,Lainnya,No,Perawatan Hewan,No
innalillahi gan klo jualan yg jujur agan jual kg knp yg dateng yg 800gr gw apal bangt kantong 800gr sama kg dah sering beli 200gr ya tagih di akherat yaa gan makanan kucing aja paki bohong jualan nya nauzubillah terakhir gw belanja di toko ini ngga berkah loo gan rizki nya dg cara nipu kaya gini biar diterkam kucing2 loo nnti di akherat nya,unknown,1,Tokopedia,Negative,Bentuk,Yes,Perawatan Hewan,No
isinya cuma gr diskripsinya kg udah terlanjur beli bungkus tolong dong jangan suka nipu alus model gini kagak berkah tau parah nih sellernya ngasih duit haram ke keluarganya,unknown,1,Tokopedia,Negative,Bentuk,Yes,Perawatan Hewan,No
thank you utk saran2nya anabul ku kebantu banget sama produk ini bakal repurchase lg nih,unknown,5,Tokopedia,Positive,Bentuk,No,Perawatan Hewan,No
selalu the best bgt deh anabul ngga usah di train aja langsung tau,unknown,5,Tokopedia,Positive,Lainnya,No,Perawatan Hewan,No
mantapppp fast delivery langganan trs tiap bulan,unknown,5,Tokopedia,Positive,Rasa,No,Perawatan Hewan,No
uda pembelian ke2 nihh,unknown,5,Tokopedia,Positive,Lainnya,No,Perawatan Hewan,No
pelayanan cpt packing rapi pokokny toko ini the best deh,unknown,5,Tokopedia,Positive,Bentuk,No,Perawatan Hewan,No
joooosssss gandooosss pengiriman rapih cepat,unknown,5,Tokopedia,Positive,Bentuk,No,Perawatan Hewan,No
obatnya cocok buat doggy yg berjamur sdh beli beberapa kali,unknown,5,Tokopedia,Positive,Lainnya,No,Perawatan Hewan,No
mantap proses dan pengiriman sangat cepat pokonya puas dah gitu aja,unknown,5,Tokopedia,Positive,Rasa,No,Perawatan Hewan,No
produk sesuai deskripsi recommended,unknown,5,Tokopedia,Positive,Bentuk,No,Perawatan Hewan,No
barang bagus sesuai deskripsi pengiriman cepat recommended seller,unknown,5,Tokopedia,Positive,Bentuk,No,Perawatan Hewan,No
barangnya bagus banget response nya cepet komunikatif dan sangat membantu makasih ya kak semoga semakin sukses yah,unknown,5,Tokopedia,Positive,Bentuk,No,Perawatan Hewan,No
udah pernah beli ini sebelumnya dan udah abis jd skrg beli lagi makasih ka,unknown,5,Tokopedia,Positive,Lainnya,No,Perawatan Hewan,No
ini yg ke 2x aku pesan alhamdulillah brg sesuai pesanan n tepat wkt terimakasih recommended seller,unknown,5,Tokopedia,Positive,Bentuk,No,Perawatan Hewan,No
pertama kali pesan wood pallet respon seller gercep lsg sampe dirmh awesome next aku pesan lg terimakasih kak recommended seller,unknown,5,Tokopedia,Positive,Lainnya,No,Perawatan Hewan,No
so far kualitas dan bentuk pellet paling bagus dari smua toko yg pernah saya beli packing oke dan pengiriman juga cepat recommended lah pokoknya,unknown,5,Tokopedia,Positive,Bentuk,No,Perawatan Hewan,No
pembelian kedua semoga sehat lagi kucingnya,unknown,5,Tokopedia,Positive,Lainnya,No,Perawatan Hewan,No
alas kandang nya oke banged tebal dan bahannya bagus pengemasan dan pengiriman jg cepat,unknown,5,Tokopedia,Positive,Bentuk,No,Perawatan Hewan,No
obatnya manjur anjing ku udah mulai pulih dari sakit kulitnya thanks gan recommended seller,unknown,5,Tokopedia,Positive,Bentuk,No,Perawatan Hewan,No
pembelian kedua puas dengan barangnya produk all in one suka sekali dengan produk ini recommended untuk anabul,unknown,5,Tokopedia,Positive,Lainnya,No,Perawatan Hewan,No
2nd purchase selalu amaze sm cara mrk packing tebellllll n rapihhhh bngt bubble wrap nyaaaa,unknown,5,Tokopedia,Positive,Bentuk,No,Perawatan Hewan,No
woooowww kereenn langsung dipakai untuk anabul bulunya langsung bersih dan bagus packingnya sangat bagus dan aman terima kasih,unknown,5,Tokopedia,Positive,Bentuk,No,Perawatan Hewan,No
mantap banget ikan cupang sehat lincah dan langsung menyesuaikan dengan air di dalam aquarium baru ekor sirip half moon bgt,unknown,5,Tokopedia,Positive,Rasa,No,Perawatan Hewan,No
ikan bagus dan sehat mantaaaaap,unknown,5,Tokopedia,Positive,Bentuk,No,Perawatan Hewan,No
packing oke banget ikannya juga mantebbb langganan nih,unknown,5,Tokopedia,Positive,Lainnya,No,Perawatan Hewan,No
bagusss bgt ikannyaa,unknown,5,Tokopedia,Positive,Bentuk,No,Perawatan Hewan,No
produk top markotop bangeet deh selalu ada promo ikan sehat dan cantik cantik dan delivery cepat sekali dan seller recommended banget,unknown,5,Tokopedia,Positive,Harga,No,Perawatan Hewan,No
wih mantap betul sellernya aku pesen siang menjelang sore langsung sat set sat set tiba2 malemnya udah sampe makasih seller,unknown,5,Tokopedia,Positive,Rasa,No,Perawatan Hewan,No
pengiriman express burungnya lincah banget top markotop,unknown,5,Tokopedia,Positive,Lainnya,No,Perawatan Hewan,No
barangnya bagus bgt kokoh sisirnya jg ga tajem tombol kliknya juga praktis,unknown,5,Tokopedia,Positive,Bentuk,No,Perawatan Hewan,No
barang bagus banget build qualitynya kokoh juga kucing saya suka dan ngebersihin bulunya gampang,unknown,5,Tokopedia,Positive,Bentuk,No,Perawatan Hewan,No
barangnya bagus mewah banget udah dicoba jg bulu2 yg ngegumpal ke tarik jg bagus pokoknya,unknown,5,Tokopedia,Positive,Bentuk,No,Perawatan Hewan,No
bagus banget sisirnya mudah2an awet,unknown,5,Tokopedia,Positive,Bentuk,No,Perawatan Hewan,No
ini bagus banget kualitas mantap,unknown,5,Tokopedia,Positive,Bentuk,No,Perawatan Hewan,No
baguuuus sisirnya halus banget udah aku coba pake ke anak2 bulu aku,unknown,5,Tokopedia,Positive,Bentuk,No,Perawatan Hewan,No
mantabs sih build quality nya bagus banget dan satisfying banget pas ambil bulu kucing dari sela sela sisir nya,unknown,5,Tokopedia,Positive,Bentuk,No,Perawatan Hewan,No
bagus sekali kualitas sisirnya tombolnya mudah dipencet sehingga bulu gampang lepas kucing saya juga suka banget tiap disisir sampe merem melek,unknown,5,Tokopedia,Positive,Bentuk,No,Perawatan Hewan,No
barangnya bagus banget sesuai sama harga gagangnya juga kokoh banget dan keliatannya kaya bagus gitu,unknown,5,Tokopedia,Positive,Bentuk,No,Perawatan Hewan,No
suka bngt bner2 kepake ga sia2 beli,unknown,5,Tokopedia,Positive,Lainnya,No,Perawatan Hewan,No
ini barang keterlaluan sih bilang ukuran 60x90 tp sunat bahannya keterlaluan banget terlihat di foto underpad saya yg lama merk lain jauh lbh besar dan lbh tebel bkn masalah harga cuman 50rb an tp kesel aja liat penjual kasih spek tp jauh banget dari ukuran sebenernya kapok deh ga bakal beli merek ini lagi terima kasih,unknown,1,Tokopedia,Negative,Bentuk,No,Perawatan Hewan,No
pesan yang di kirim cuman udah bayar ongkir kg lagi rugi rugi kapok beli di sini,unknown,1,Tokopedia,Negative,Harga,No,Perawatan Hewan,No
gak recomended produk sih ok spt biasa tp packing cuma pk amplop kondangan putih dibungkus plastik ya jebol semua obatnya padahal buat stok najong banget dah di chat ga dibales kapok lah gw belanja disini,unknown,1,Tokopedia,Negative,Bentuk,No,Perawatan Hewan,No
jumlah barang yang dipesan dan barang yang sampai tidak sesuai,unknown,1,Tokopedia,Negative,Bentuk,Yes,Perawatan Hewan,No
saya pesan 18kg yg bentuk ikan dikirim yg donat kucing pada mencret,unknown,1,Tokopedia,Negative,Bentuk,No,Perawatan Hewan,No
barang sampai ada yg pecah bekas di tambal,unknown,2,Tokopedia,Negative,Lainnya,No,Perawatan Hewan,No
biasa disinfectant klo di nyalain api menyala yg ini tidak jd ragu,unknown,2,Tokopedia,Negative,Lainnya,No,Perawatan Hewan,No
beli jerigen kemasan liter jerigen ada yg kurang isinya,unknown,2,Tokopedia,Negative,Bentuk,No,Perawatan Hewan,No
barang ada yg gk sampe ud complain juga tetep aja rugi belanja disini,unknown,1,Tokopedia,Negative,Lainnya,No,Perawatan Hewan,No
barang yg saya pesan tidak sesuai pesanan udah komunikasi via chat untuk minta tukar dan minta tolong direspon ke tokopedia care tapi ga ada balesan sama sekali pertama kali saya ngalamin kyk begini selama belanja di toped,unknown,1,Tokopedia,Negative,Bentuk,Yes,Perawatan Hewan,Yes
mending cari penjual lain klo mau beli pet cargo masih banyak seler lain dr seller berat di markup 4kg asli nya berat cuma 2kg dr ekspedisi dg alasan dimensi padhal barang nya masih wajar karena dalam bentuk blm di install kecil ringan saya pernah beli di seller lain gada masalah dimensi sampai 6kg lebih,unknown,1,Tokopedia,Negative,Bentuk,No,Perawatan Hewan,No
bangke sampe rumah mati semua jangan beli disini,unknown,1,Tokopedia,Negative,Lainnya,Yes,Perawatan Hewan,No
sangat kecewa harga mahal keong nya sangat kecil tolong jangan sampai tertipu dengan gambar,unknown,1,Tokopedia,Negative,Harga,Yes,Perawatan Hewan,No
payah yang dikirim kecil2 diterima byk mati sengaja pilih official dan harga mahal tau gitu pilih yang aj di toko lain sama aja hasilnya,unknown,1,Tokopedia,Negative,Harga,Yes,Perawatan Hewan,No
respon lambat pengiriman lambat toop kapok bgt,unknown,1,Tokopedia,Negative,Lainnya,No,Perawatan Hewan,No
burung sakit sama kaki nya ga normal bang kenapa di kasih ke saya,unknown,1,Tokopedia,Negative,Bentuk,No,Perawatan Hewan,No
tenyata gak bagus utk kucing jantan di saluran urine nya hati2,unknown,3,Tokopedia,Neutral,Bentuk,No,Perawatan Hewan,No
tidak sesuai pesanan barang yg kirim kurang penjual asal paking saja tidak teliti,unknown,1,Tokopedia,Negative,Bentuk,Yes,Perawatan Hewan,No
gak ada pengaruh kutu msih hidup sdh saya tes langsung merasa ditipu nih semoga dapat karma dah lu,unknown,1,Tokopedia,Negative,Rasa,Yes,Perawatan Hewan,No
stelah pemakaian rutin kutu anjing makin banyak spot yang di spray malah makin banyak padahal awalnya kutunya sedikit doang nyesal produk ini,unknown,1,Tokopedia,Negative,Lainnya,No,Perawatan Hewan,No
ga sesuai pesan adult dikirim kitten kaleng pd penyok diretur mahalan ongkirnya,unknown,1,Tokopedia,Negative,Harga,Yes,Perawatan Hewan,No
wah sy pake sameday masa dtgnya besoknya smtra sy byr jam respon lama rugi lah tau gt sy ga ush pilih yg sameday mksd biar cepet malah jd lama ga rekomen bgt,unknown,1,Tokopedia,Negative,Lainnya,No,Perawatan Hewan,No
memang lebih murah dari yang lain tapi rata2 udah ngga fresh lagi,unknown,3,Tokopedia,Neutral,Harga,No,Perawatan Hewan,No
kotor cangkan semua dan ga terima retur hati,unknown,1,Tokopedia,Negative,Bentuk,Yes,Perawatan Hewan,No
bangkai yg ada sdh pd mati semuanyaaa,unknown,1,Tokopedia,Negative,Lainnya,Yes,Perawatan Hewan,No
sepertinya kurang cocok di kucing saya pemakaian sudah masuk minggu belum ada perkembangan,unknown,2,Tokopedia,Negative,Lainnya,No,Perawatan Hewan,No
lain kali kalau belanja di timbang di rumah wkwkk ntar kayak gini percuma timbangan bagus tapi setelan di ubah,unknown,1,Tokopedia,Negative,Bentuk,No,Perawatan Hewan,No
artemia dtg udah byk yg mati,unknown,3,Tokopedia,Neutral,Lainnya,No,Perawatan Hewan,No
pembelian ke beda hari aja kenapa pelet maxi nya beda ya lebih kecil2 dr biasanya dan warna lebih gelap aroma juga beda,unknown,2,Tokopedia,Negative,Bentuk,No,Perawatan Hewan,No
paking tidak rapih jebol,unknown,1,Tokopedia,Negative,Bentuk,No,Perawatan Hewan,No
udah kesobek makanan kucing nya alot,unknown,1,Tokopedia,Negative,Lainnya,No,Perawatan Hewan,No
pesanan sebelumnya barang diterima keadaan baik tapi pesanan sekarang kemasan sudah robek dan bolong,unknown,1,Tokopedia,Negative,Bentuk,No,Perawatan Hewan,No
beberapa hari yg lalu saya pesan pcs bolt salmon tapi hanya dikirim bolt salmon dan nya tuna harga beda rupiahan sih tp bukan masalah beda rupiahnya cuma lebih ke kewajiban memberikan barang sesuai dgn yg dibeli konsumen aja biar konsumen ga rugi janji bakal dikirim salmon dipesanan kali ini tp tetep dikirim tuna klo barang kosong seharusnya konfirmasi bukan asal kirim aja ok makasih deh ka semoga konsumen lain ga mengalami seperti ini,unknown,1,Tokopedia,Negative,Harga,No,Perawatan Hewan,No
wah sy pake sameday masa dtgnya besoknya smtra sy byr jam respon lama rugi lah tau gt sy ga ush pilih yg sameday mksd biar cepet malah jd lama ga rekomen bgt,unknown,1,Tokopedia,Negative,Lainnya,No,Perawatan Hewan,No
kucingnya muntah muntah,unknown,1,Tokopedia,Negative,Lainnya,No,Perawatan Hewan,No
order tgl feb baru diterima hari ini tgl mar diketerangan estimasi diterima tgl maret padahal sama sama jakarta cukup sekali aja beli disini kapok not recommended seller,unknown,1,Tokopedia,Negative,Bentuk,No,Perawatan Hewan,Yes
tidak dikrm2 eksp dan toko gak bertanggung jawab,unknown,1,Tokopedia,Negative,Lainnya,No,Perawatan Hewan,No
terakhir saya beli nge packnya g kenceng sobek semua berceceran dijalan saya beli rusak yg sobek semua isinya tumpah kemana2 yg satu pack sampe k saya dah tinggal 4n mungkin driver yg bawa jg g ati2 bawanya tapi klw nge packnya kuat mungkin g kejadian saya biasa beli g pernah seperti ini,unknown,1,Tokopedia,Negative,Bentuk,Yes,Perawatan Hewan,No
moon maaf ya gan tadi paketnya sy buka ternyata ada bungkus seperti sudah di buka dengan silet cutter krn sobekannya rapih dari ujung ke ujung dan bungkusnya di posisikan terbalik dan ketika di buka jadi berantakan semua isinya saya pesan kg bungkus yg rusak kg bungkus saya sudah sering pesan dan sudah kali kejadian seperti ini tp kejadian yg sekarang yg paling parah dan maaf tidak bisa saya toleransi krn menurut saya sudah kelewatan dan saya selalu kasih bintang setiap selesai transaksi namun yg skrng ini mohon maaf saya kasih bintang supaya ada perbaikan di kemudian hari,unknown,1,Tokopedia,Negative,Bentuk,Yes,Perawatan Hewan,No
barang sudah diterima dalam keadaan cacat seperti ada yg nyobek lain kali packingnya jangan cuma kresek doank itu jga cma lapis,unknown,2,Tokopedia,Negative,Lainnya,Yes,Perawatan Hewan,No
barangnya oke dan harganya jg terjangkau packingnya rapi bgt jempolan sellernya,unknown,5,Tokopedia,Positive,Harga,No,Kesehatan & Kecantikan,No
harga ok pengiriman cepat packing aman,unknown,5,Tokopedia,Positive,Harga,No,Kesehatan & Kecantikan,No
barang sesuai deskripsi cepat sampai,unknown,5,Tokopedia,Positive,Bentuk,No,Kesehatan & Kecantikan,No
barang bagus packing rapi dan sesuai,unknown,5,Tokopedia,Positive,Bentuk,No,Kesehatan & Kecantikan,No
pengiriman cepat packing aman respon penjual baik harga oke lg promo terima kasih,unknown,5,Tokopedia,Positive,Harga,No,Kesehatan & Kecantikan,No
barang diterima dalam keadaan baik,unknown,5,Tokopedia,Positive,Lainnya,No,Kesehatan & Kecantikan,No
kemasan ok aman bgt isi sangat banyak produknya nyaman dipakai,unknown,5,Tokopedia,Positive,Bentuk,No,Kesehatan & Kecantikan,No
sudah sesuai dengan pesanan,unknown,5,Tokopedia,Positive,Bentuk,No,Kesehatan & Kecantikan,No
sesuai dengan pesann dan barang cepet sampai sesuai pilihan pengiriman,unknown,5,Tokopedia,Positive,Bentuk,No,Kesehatan & Kecantikan,No
transaksi cod gampang kirimnya cepat sampe packingnya rapih smoga produknya cocok nih,unknown,5,Tokopedia,Positive,Bentuk,No,Kesehatan & Kecantikan,No
barang sudah sampai dipacking dengan aman dan dpt hrga promo lg thanks seller,unknown,5,Tokopedia,Positive,Harga,No,Kesehatan & Kecantikan,No
mantab murah dan berkualitas,unknown,5,Tokopedia,Positive,Harga,No,Kesehatan & Kecantikan,No
sdh diterima dg baik tdk ada yg bocor pengiriman cepat,unknown,5,Tokopedia,Positive,Lainnya,No,Kesehatan & Kecantikan,No
produk asli murah pengiriman cepat abang kurir nya jg baik bgt jagain bener paketnya smp masukin tas biar ga basah kena hujan diantr malem2 smbl minta maaf duhh murah rejekinya ya,unknown,5,Tokopedia,Positive,Harga,No,Kesehatan & Kecantikan,No
packing rapi dan aman pengiriman cepat produk sesuai pesanan makasih buat bonusnya,unknown,5,Tokopedia,Positive,Bentuk,No,Kesehatan & Kecantikan,No
terimakasih paketnya sudah saya terima sukses terus ya,unknown,5,Tokopedia,Positive,Lainnya,No,Kesehatan & Kecantikan,No
respon cepat packing aman banyak bonus nya pemesanan yg ke 2x nya trims agan sukses selalu,unknown,5,Tokopedia,Positive,Lainnya,No,Kesehatan & Kecantikan,No
sudah diterima dalam keadaan lengkap dan ada bonusnya juga terima kasih seller,unknown,5,Tokopedia,Positive,Lainnya,No,Kesehatan & Kecantikan,No
paket cepat datang packing aman sekali dapet bonus hair masker wanginya enak banget thank you loreal,unknown,5,Tokopedia,Positive,Rasa,No,Kesehatan & Kecantikan,No
repurchase ke sangat puas dengan barang dan respon seller nya udah gitu selalu dapat bonus terima kasih,unknown,5,Tokopedia,Positive,Lainnya,No,Kesehatan & Kecantikan,No
terbukti menumbuhkan rambut beli yg ke kalinya ini,unknown,5,Tokopedia,Positive,Lainnya,No,Kesehatan & Kecantikan,No
dapat sama seperti foto pembeli lain serumnya dipakai dingin tidak panas,unknown,5,Tokopedia,Positive,Bentuk,No,Kesehatan & Kecantikan,No
paket sampai super cepat barang ori dari official shop gitu lho baru akan digunakan hari ini kalo ada hasilnya aku pesan lagi,unknown,5,Tokopedia,Positive,Bentuk,No,Kesehatan & Kecantikan,No
barangnya sesuai deskripsi semoga berhasil byee bye rambut rontok respon bagus dr reseller good,unknown,5,Tokopedia,Positive,Bentuk,No,Kesehatan & Kecantikan,No
terima kasih paket sdh diterima dengan baik terima kasih juga diberi voucer,unknown,5,Tokopedia,Positive,Lainnya,No,Kesehatan & Kecantikan,No
packing bagus puass,unknown,5,Tokopedia,Positive,Bentuk,No,Kesehatan & Kecantikan,No
respond cepat packing aman barang sesuai deskripsi recommended,unknown,5,Tokopedia,Positive,Bentuk,No,Kesehatan & Kecantikan,No
barang sudah diterima dengan baik tidak ada yang bocor tumpah diwrapping bubble dengan aman,unknown,5,Tokopedia,Positive,Lainnya,No,Kesehatan & Kecantikan,No
bagus rambut jadi lembut,unknown,5,Tokopedia,Positive,Rasa,No,Kesehatan & Kecantikan,No
penjual cepat tanggap barang cepat sampainya terima kasih,unknown,5,Tokopedia,Positive,Lainnya,No,Kesehatan & Kecantikan,No
barang sesuai gambar dan original penjual responsif barang cepat sampai,unknown,5,Tokopedia,Positive,Bentuk,No,Kesehatan & Kecantikan,No
bagus sesuai ekspektasi,unknown,5,Tokopedia,Positive,Bentuk,No,Kesehatan & Kecantikan,No
respond cepat packaging rapih semoga efeknya cepat bermanfaat di rambut,unknown,5,Tokopedia,Positive,Bentuk,No,Kesehatan & Kecantikan,No
udah 2x order di sini dengan produk yang sama recommended seller,unknown,5,Tokopedia,Positive,Bentuk,No,Kesehatan & Kecantikan,No
respon pengiriman cepat produk ori dan expired masih lama semoga berhasil mengatasi rambut rontok dan tipis awet juga untuk pemakaiannya,unknown,5,Tokopedia,Positive,Bentuk,No,Kesehatan & Kecantikan,No
barang original mantapp,unknown,5,Tokopedia,Positive,Rasa,No,Kesehatan & Kecantikan,No
produk asli original suplemen bagus tanpa efek samping semoga segera berproses utk menambah pigmen rambut tks,unknown,5,Tokopedia,Positive,Bentuk,No,Kesehatan & Kecantikan,No
hasil pemakaian sebulan rambut terasa halus tebal hitam rontok berkurang untuk uban belum terlihat hasilnya lanjut order botol ke,unknown,5,Tokopedia,Positive,Bentuk,No,Kesehatan & Kecantikan,No
mantabsss barang ori rambut makin subur dan sudah agak kelihatan warna hitam nya,unknown,5,Tokopedia,Positive,Bentuk,No,Kesehatan & Kecantikan,No
pelayanan lambat beli tgl baru sampai tgl setiap di trace selalu gagal pickup katanya lg maintenance tp ga bilang ke pelanggannya sangat mengecewakan,unknown,1,Tokopedia,Negative,Lainnya,Yes,Kesehatan & Kecantikan,No
barang sampe kardus rusak gini kata mas yg bawa pas dia terima kardus nya uda gini kecewa saya uda lama barang yang diterima bgini dalam nya paas di buka sanitizernya basah smua tumpah keluar seger kayak ke buka gitu,unknown,2,Tokopedia,Negative,Bentuk,Yes,Kesehatan & Kecantikan,Yes
yg dikirim botol tdk sesuai photo produk,unknown,3,Tokopedia,Neutral,Bentuk,No,Kesehatan & Kecantikan,No
pengiriman nya hampir minggu agak kecewa,unknown,3,Tokopedia,Neutral,Lainnya,No,Kesehatan & Kecantikan,No
yang datang bukan yang keluaran terbaru yang ada butiran berwarna biru didalam gel hand sanitizer nya sedikit kecewa walau manfaatnya sama hanya saja yang keluaran terbaru terlihat lebih menarik karena ada butiran berwarna birunya padahal di foto produk sudah ada butiran birunya kecewa banget mau mesan lagi takut yg datang sama aja barangnya dengan yang ada sedih,unknown,3,Tokopedia,Neutral,Bentuk,No,Kesehatan & Kecantikan,No
verifikasi nya lama jadi gak dapat pc bts padahal udah co jam pas,unknown,1,Tokopedia,Negative,Bentuk,No,Kesehatan & Kecantikan,No
pengiriman lama kemasan tidak bagus,unknown,1,Tokopedia,Negative,Bentuk,No,Kesehatan & Kecantikan,No
amat sangat disayangkan pelayanannya sangat buruk barang sdh seminggu lbh masih statusnya menunggu kurir pick up pembungkusnya jg sangat tdk layak pembalut wanita dibungkus dengan plastik transparan saja tanpa box sangat mengecewakan,unknown,1,Tokopedia,Negative,Bentuk,Yes,Kesehatan & Kecantikan,No
udah berkali kali dibilangin kalo yg packing bukan seller tapi tim tokopedia karena ini event bts photocard tapi jujur kecewa aja sih pas dateng paketnya begitu udah chat mas mas kurirnya dan bilang kalo emang dia cuma ngambil aja udah rusak kondisinya itu bener bener kayak bukan kardus tapi cuma potongan kardus yg disatuin dan direkatkan dan saya juga ga dapet pc jimin padahal bayar jam tapi diverifikasi jam segitu sedih kecewa jujur,unknown,1,Tokopedia,Negative,Harga,Yes,Kesehatan & Kecantikan,No
kecewa sekali masa sekelas p g packingnya kayak gini cuma dilapisi plastik bening udah tau pembalut wanita yang sifatnya privasi pengirimannya juga lama,unknown,2,Tokopedia,Negative,Bentuk,Yes,Kesehatan & Kecantikan,Yes
pengirimannya lama banget pesen dr tgl sampai tgl blm dikirim2 juga jd sy ajukan komplain ke toped abis itu baru barangnya dikirim sempet kecewa sih secara sy pesan di official storenya gitu tp service masih spt ini,unknown,3,Tokopedia,Neutral,Lainnya,No,Kesehatan & Kecantikan,No
produk belum ada hasil sama sekali mengecewakan,unknown,2,Tokopedia,Negative,Bentuk,Yes,Kesehatan & Kecantikan,No
zooonk produk ini tdk ada dlm paket yg sy order kecewa sm toko ini,unknown,1,Tokopedia,Negative,Lainnya,Yes,Kesehatan & Kecantikan,Yes
isi tidak penuh dan tidak ada wangi nya segel hanya pakai solatip seadanya,unknown,2,Tokopedia,Negative,Rasa,No,Kesehatan & Kecantikan,No
tidak ada tutupnya walaupun saya beli harga murah tp jadi gabisa dibawa kemana mana karna barang rusak,unknown,2,Tokopedia,Negative,Harga,Yes,Kesehatan & Kecantikan,No
agak kecewa beli pcs di ksh yg exp bln semua,unknown,3,Tokopedia,Neutral,Lainnya,No,Kesehatan & Kecantikan,No
sangat kecewa banget,unknown,1,Tokopedia,Negative,Lainnya,Yes,Kesehatan & Kecantikan,No
nyesel setengah mati beli ni produk beli gara2 liat ulasannya kok positif semua sumpah ini krim baunya ga enak banget kalo boleh digambarkan baunya itu perpaduan antara muntahan bayi dan minyak nyong2 om2 iya separah itu ini yg pada kasi ulasan idungnya pada mati rasa ato gmn ya pengiriman sih cepat dan bagus but sorry the product is a nightmare very pricey tau gini gw ttp beli wak doyok yg wanginya jauh lbh enak dan jauh lbh murah this cream is really2 not recommended,unknown,1,Tokopedia,Negative,Rasa,Yes,Kesehatan & Kecantikan,Yes
sangat tidak puas dengan pelayanannya barang yang dikirim bukan yang saya pesan,unknown,1,Tokopedia,Negative,Lainnya,No,Kesehatan & Kecantikan,No
kesalahan informasi dr penjual krn tdnya mau tuker gel ke yg cair saya tanya apa bisa tukar order dijawab bisa tp ternyata tidak bisa krn bisa atau tidaknya tergantung toko cabang bukan keputusan penjual jadi aja beli,unknown,1,Tokopedia,Negative,Lainnya,No,Kesehatan & Kecantikan,No
sangat kecewa dengan produk ini karena saya melihat banyak partikel hitam kecil di dalamnya bagaimana kita bisa membersihkan tangan kita dengan pembersih yang kotor tidak akan membeli ini lagi,unknown,1,Tokopedia,Negative,Bentuk,Yes,Kesehatan & Kecantikan,No
ang di kota tangerang pengiriman tidak lengkap ud gt barang yg satu ny rusak sangat mengecewakan barang beginian ternyata harus video unboxing jg,unknown,1,Tokopedia,Negative,Lainnya,Yes,Kesehatan & Kecantikan,No
kecewa sekali dengan kualitas botolnya baru 2x semprot langsung copot seperti itu terpaksa saya pindahkan isinya ke botol eceran sayang sekali padahal wanginya enak,unknown,1,Tokopedia,Negative,Rasa,Yes,Kesehatan & Kecantikan,Yes
maaf agak kecewa saya pengguna baru dari farhampton awalnya saya beli tester 150rb isi tester farhampton buat saya jatuh cinta langsung saat itu beli yg 100ml ternyata pas sampai ketahanan dan projectionnya kalah jauh dari testernya walaupun wanginya sama dan tenyata saya cuma jatuh cinta sama testernya saja wanginya tetap ok,unknown,1,Tokopedia,Negative,Bentuk,Yes,Kesehatan & Kecantikan,No
sedih bgt belom ada 2bln waxingnya udah rusak dan gabisa dipake lg padahal baru dipake 2x dr awal dtg tutupnya penyok dan ga terlalu kedap udara jd pinggiran tutupnya rada basah trus selama 1bln lebih disimpen di suhu ruang trus tutupnya selalu rapet tp pas mau dipake lg taunya udah banyak semutnya pas dicoba pake spatula teksturnya jg mirip madu jd rada cair dan gamau lengket lg katanya kalo cair buang bagian atasnya aja ini mah ampe bawah2 semua teksturnya kayak madu berarti dibuang semua dong sedih bgt mana masih banyak lg sayang bgt,unknown,1,Tokopedia,Negative,Rasa,Yes,Kesehatan & Kecantikan,No
kecewa si packing nya ga bagus ga di kasih bubble wrap juga padahal sudah di tulis di note pemesanan,unknown,1,Tokopedia,Negative,Bentuk,Yes,Kesehatan & Kecantikan,No
pengirimannya sangat lama belum dikirim statusnya dibuat sudah dikirim adminnya balasnya template kecewa sekali belanja di official store,unknown,1,Tokopedia,Negative,Lainnya,Yes,Kesehatan & Kecantikan,Yes
service mengecewakan lama pengiriman,unknown,1,Tokopedia,Negative,Lainnya,Yes,Kesehatan & Kecantikan,No
service mengecewakan sekali kecewa pasti saya kasi bintang terus,unknown,1,Tokopedia,Negative,Bentuk,Yes,Kesehatan & Kecantikan,Yes
saya sangat kecewa barang belum sampai kok sudah di selesaikan tolong di lacak yang betul,unknown,1,Tokopedia,Negative,Lainnya,Yes,Kesehatan & Kecantikan,No
barang sdh smp udah gitu kurirnya ngaco barang blm diterima direport udh diterima trs gak dpt pc blackpink nya bkn nya klo ada tulisan bebas ongkir ekstra itu hrsnya dpt pc blackpink krn yg sblm2nya sy belanja di store lain yg ada tulisan bebas ongkir ekstra pasti dpt pc blackpink ini lupa atw bgmn jujur kecewa,unknown,1,Tokopedia,Negative,Harga,Yes,Kesehatan & Kecantikan,Yes
maaf nih wanginya kaya body lotion citra malahan masih lebih wangi body lotion emang sih harga murah tapi menurut saya tetep ga worthed,unknown,1,Tokopedia,Negative,Harga,No,Kesehatan & Kecantikan,No
aromanya ngaka ada kecewa aku,unknown,1,Tokopedia,Negative,Rasa,Yes,Kesehatan & Kecantikan,No
kecewa banget baunya ga sama waktu nyoba punya temen terlalu banyak alkohol nyesel banget beli lagi hadeh asli nyesel banget buat pelajaran aja,unknown,1,Tokopedia,Negative,Bentuk,Yes,Kesehatan & Kecantikan,Yes
ngeliat review nya yang bintang satu kebanyakan bilang semprotannya rusak ternyata bener saya kebagian yang semprotannya rusak juga mohon untuk pihak kahf sebelum produk di kirim dilakukan pengecekan terhadap produk nya terutama di bagian semprotannya cukup kecewa dengan produknya,unknown,1,Tokopedia,Negative,Lainnya,Yes,Kesehatan & Kecantikan,Yes
maaf ya untuk produk yg ini saya kasih bintang karena begitu semprotan pertama sprayer nya langsung tdk bs dipake sudah coba diperbaiki ya ttp tdk bisa seperti nya kahf perlu ganti supplier botol deh,unknown,1,Tokopedia,Negative,Lainnya,No,Kesehatan & Kecantikan,No
kecewa wanginya biasa aja wanginya ga tahan jam boro2 bisa jam sprti iklannya masih bagus bibit parfum pinggir jalan deh,unknown,1,Tokopedia,Negative,Rasa,Yes,Kesehatan & Kecantikan,Yes
kecewa udah beli gaada wangiwanginya cuman bau alcohol aja yang keluar,unknown,1,Tokopedia,Negative,Rasa,Yes,Kesehatan & Kecantikan,Yes
ini pembelian kedua tapi saya kecewa pas beli pertama kali suka banget parfumnya makanya order lagi tapi wanginya gak konsisten beda sama yg sebelumnya terus kemasan jga keliatan kayak luntur gitu tulisannya pas dipegang cat botol parfumnya luntur ke tangan,unknown,2,Tokopedia,Negative,Bentuk,Yes,Kesehatan & Kecantikan,Yes
official tapi lama banget,unknown,1,Tokopedia,Negative,Lainnya,No,Kesehatan & Kecantikan,No
sudah pake rutin bulan g ada hasil payah,unknown,1,Tokopedia,Negative,Lainnya,No,Kesehatan & Kecantikan,No
edny kurang sebulan pantes dijual 1rb,unknown,1,Tokopedia,Negative,Lainnya,No,Kesehatan & Kecantikan,No
parah banget sih responnya komplain barang kurang disuruh via wa sudah wa disuruh lagi lewat marketplace ampun dah sejelek ini pelayanan sekelas official unilever,unknown,1,Tokopedia,Negative,Bentuk,Yes,Kesehatan & Kecantikan,No
saya dimarahin emak saya barangnya kurang,unknown,1,Tokopedia,Negative,Lainnya,No,Kesehatan & Kecantikan,No
sangat amat buruk mereka yg blg exp nya tapi yang datang malah bulan sekelas unilever begini toh ternyata mereka suruh refund kalau barangnya udh sampe baru ongkir nya di ganti apakah kalian bisa ganti waktu yg kebuang untuk nunggu paket itu packingnya lagi anter nya lagi g kerjaan ya semoga unilever yg amat besar ini sadar diri akan kesalahan nya dan kelalaiannya dan tolong jangan menyusahkan pembeli saya beli bukan gratisan,unknown,1,Tokopedia,Negative,Harga,Yes,Kesehatan & Kecantikan,No
barang tidak sampai karena broken proses lamaaa dari tanggal april beli broken tgl apr sampai tgl april hari ini masih belum ada produk datang dan uang belum kembali buruk sekali pelayanannya,unknown,1,Tokopedia,Negative,Lainnya,Yes,Kesehatan & Kecantikan,No
pihak ekspedisi antaraja payah lama sekali,unknown,1,Tokopedia,Negative,Lainnya,No,Kesehatan & Kecantikan,No
packaging sangat buruk sekali gan penyok dan isolasi sebagian sudah terbuka seperti habis dibongkar,unknown,2,Tokopedia,Negative,Bentuk,Yes,Kesehatan & Kecantikan,No
lamaaaaaa bngt kirimnya,unknown,3,Tokopedia,Neutral,Lainnya,No,Kesehatan & Kecantikan,No
packing berantakan ada yg bocir tumpah semua,unknown,1,Tokopedia,Negative,Lainnya,No,Kesehatan & Kecantikan,No
brg tdk saya terima entah nyasar dimana kurirnya bloon,unknown,1,Tokopedia,Negative,Lainnya,No,Kesehatan & Kecantikan,No
barang lama sekali sampainya,unknown,1,Tokopedia,Negative,Lainnya,No,Kesehatan & Kecantikan,No
salah alamat sudah saya kirim chat bahwa minta dicancel utk pesanan tsb krn sy salah masukin alamat menit berikutnya langsung saya pesan ulang ke alamat yg betul bukannya dibaca dulu chatnya malah langsung diproses dua2nya dasar gak becus ifillll dan gak akan pesan di toko ini lagi,unknown,1,Tokopedia,Negative,Lainnya,No,Kesehatan & Kecantikan,No
sudah pake rutin bulan g ada hasil payah,unknown,1,Tokopedia,Negative,Lainnya,No,Kesehatan & Kecantikan,No
hadiah tempat minum lipatnya mana qoq tidak ada memang ada tulisan selama persediaan masih ada tapi kalau hadiahnya sudah tidak ada jangan ditampilkan lagi itu namanya pembohongan sudah harganya tidak sesuai hadiahnya tidak ada lagi,unknown,1,Tokopedia,Negative,Bentuk,Yes,Kesehatan & Kecantikan,No
pesen tanggal barang baru sampe tanggal padahal sesama jakarta dichat katanya udah dikirim dari tanggal padahal pas di tracking tanggal aja tulisannya reschedule pickup karena parcel belum ready untuk dipick up ini adidas official tapi pelayanannya gini hadeh,unknown,1,Tokopedia,Negative,Bentuk,No,Kesehatan & Kecantikan,No
lucu katanya di proses ke toko cabang tapi malah ujung nya di kirim padahal saya cuma mau ganti alamat penerima repot sekali toko ini hanya untuk cancel pembelian saja di bikin ribet,unknown,1,Tokopedia,Negative,Lainnya,No,Kesehatan & Kecantikan,No
produk sudah dibatalkan dengan alasan jumlah yang tidak sesuai toko cabang baru buka jam di mana order di lakukan jam dan dibatalan 5menit sesudah pembayaran dari pihak toko bilang barang sudah diproses barang diambil kurir dari toko cabang jam toko yang tidak dapat dipercaya dan kelakuan memuakkan,unknown,1,Tokopedia,Negative,Bentuk,Yes,Kesehatan & Kecantikan,No
penjual apaan barang gak diterima diajukan pengembalian dana malah hr ini dapat notif sdh selesai dan dana akan diteruskan ke penjual woi balikan dana saya,unknown,1,Tokopedia,Negative,Lainnya,No,Kesehatan & Kecantikan,No
penyelesaian permasalahan berbelit zaman online kok ya masih lama,unknown,1,Tokopedia,Negative,Lainnya,No,Kesehatan & Kecantikan,No
pas datang ky bau tape basi ga ky yg sebelumnya pesan kynya sudah rusak,unknown,1,Tokopedia,Negative,Rasa,Yes,Kesehatan & Kecantikan,No
wax apaan ini bau gula merah versi encer dan manis bikin lengket satu badan dna tidak bisa kering tidak bfungsi sesuai deskripsi komplain di diemin bunag2 duit aja,unknown,1,Tokopedia,Negative,Rasa,Yes,Kesehatan & Kecantikan,No
paan gada ngaruhnya samsek kecabut aja kaga,unknown,1,Tokopedia,Negative,Lainnya,No,Kesehatan & Kecantikan,No
orang beli disini karena terkecoh harga murah kali ya produk ga guna ga berfungsi seperti waxing lain pada umumnya harga murah krn mmg produk murahan,unknown,1,Tokopedia,Negative,Harga,No,Kesehatan & Kecantikan,No
kualitas barang dibanding harga nya hanya so so lahh pelayanan minus sbgmn layaknya kesombongan seorang raja apalagi pengiriman barang seenak jidat macam tidak ada lagi produsen consumer goods lain di tata surya ini no wonder nilai valuasi perusahaan anda sudah turun lebih dari dalam tahun terakhir ini semoga makin jeblok dan gulung tikar kmdn pulang kampung semoga,unknown,1,Tokopedia,Negative,Rasa,No,Kesehatan & Kecantikan,Yes
beli pepsodent paket pcs tapi yg dikirim di complain malah minta video unboxing gue tau isinya kurang karna gue buka paketnya wey kalo gue tau isi paketnya kurang udah gue buat video dari awal,unknown,1,Tokopedia,Negative,Lainnya,No,Kesehatan & Kecantikan,No
ah apaan ga ngaruh apa2 yang ada bikin iritasi gatal gatal merah jadinya,unknown,1,Tokopedia,Negative,Lainnya,No,Kesehatan & Kecantikan,No
belanja berturut turut 2hr seller tidak ramah trakhir kali blanja di sini not recomment,unknown,1,Tokopedia,Negative,Lainnya,No,Kesehatan & Kecantikan,No
wangi nya kyk parfum refill mirahan,unknown,1,Tokopedia,Negative,Rasa,No,Kesehatan & Kecantikan,No
beli buah tapi hanya dikirim dan dengan enaknya ngomong pengembalian dana be careful jangan2 memang tokonya sengaja,unknown,1,Tokopedia,Negative,Rasa,No,Kesehatan & Kecantikan,No
baunya gak enak ini siapa yang rancang suruh belajar coba parfum2 yg enak,unknown,1,Tokopedia,Negative,Rasa,No,Kesehatan & Kecantikan,No
kak pesanan saya yang satu di batalkan tapi uang tidak di kembalikan,unknown,1,Tokopedia,Negative,Lainnya,No,Kesehatan & Kecantikan,No
pengiriman lama minta dicancel tp maksa ttp ngirim,unknown,1,Tokopedia,Negative,Lainnya,No,Kesehatan & Kecantikan,No
harga cuma 50rb kurang barang 2pcs tp alasan trlalu byk ga mau ganti toko ini kurang ajar,unknown,1,Tokopedia,Negative,Harga,No,Kesehatan & Kecantikan,No
toko ini kurang ajar kasih barang kurang banyak alasan,unknown,1,Tokopedia,Negative,Lainnya,No,Kesehatan & Kecantikan,No
penjual angkuh yang namanya pembeli itu raja di layani sebagaimana mestinya kepuasan pembeli prioritas utama lah loh angkuh sombong makan tuh duet haram pertama dan terakhir gue belanja di olshop loh cuih,unknown,1,Tokopedia,Negative,Bentuk,No,Kesehatan & Kecantikan,No
wanginya tidak menyengat dan tidak lengket ditangan pengiriman cepat dan aman karena packing tebal pakai dus dan buble wrap sudah langganan beli produk di sini recommended seller,unknown,5,Tokopedia,Positive,Rasa,No,Kesehatan & Kecantikan,No
packingnya rapi banget dan wrapnya tebal produk original dikasih bonus air diffuser thank you,unknown,5,Tokopedia,Positive,Bentuk,No,Kesehatan & Kecantikan,No
udah punya botol dan refill beli lagi biar dpt botol baru yg ada sticker dermatologically tested nya,unknown,5,Tokopedia,Positive,Lainnya,No,Kesehatan & Kecantikan,No
mantap kalau di cium aromanya sedikit ada perubahan dari yang sebelumnya,unknown,5,Tokopedia,Positive,Rasa,No,Kesehatan & Kecantikan,No
safely landed on the next day masa expired pembalut masih lamaa di thank you so much,unknown,5,Tokopedia,Positive,Lainnya,No,Kesehatan & Kecantikan,No
selalu suka dengan dr soap repeat order selalu beli disini,unknown,5,Tokopedia,Positive,Lainnya,No,Kesehatan & Kecantikan,No
udah banyak kali restock dan selalu kembali ke dr soap aja pdhl diluar sana banyak juga handsanitizer yg lain tapi yg trpercaya hanya dr soap deh,unknown,5,Tokopedia,Positive,Lainnya,No,Kesehatan & Kecantikan,No
hand sanitizernya oke banget wanginya enak bikin tangan jadi halus abis dipakai semoga pas kulitku lagi sensitif ga bikin sakit,unknown,5,Tokopedia,Positive,Bentuk,No,Kesehatan & Kecantikan,No
recommended seller barang udah sampai packing rapih barang sesuai deskripsi thanks ya,unknown,5,Tokopedia,Positive,Bentuk,No,Kesehatan & Kecantikan,No
cepatt nya ga ada ahlakkk fast respon barang besttt moga cocokkk,unknown,5,Tokopedia,Positive,Lainnya,No,Kesehatan & Kecantikan,No
pengiriman cepet bgt dapat bonus pouch packing rapi dan sangat memuaskan lanjutkan kak pelayanan baiknya kalo bisa tingkatkan terima kasih,unknown,5,Tokopedia,Positive,Bentuk,No,Kesehatan & Kecantikan,No
packingnya rapihh bangetttt aman perjalanan jabodetabek,unknown,5,Tokopedia,Positive,Bentuk,No,Kesehatan & Kecantikan,No
produk sampai dengan cepaat dan amaan thank youu,unknown,5,Tokopedia,Positive,Lainnya,No,Kesehatan & Kecantikan,No
sudah purchase kedua kali dan cocok dengan kulit tangan yg agak sensitif,unknown,5,Tokopedia,Positive,Bentuk,No,Kesehatan & Kecantikan,No
mantap banget barangnya sesuai deskripsi harga juga murah pengemasan aman bgt pake dus sama wrap next time order lagi sukses terus lapaknya gan,unknown,5,Tokopedia,Positive,Bentuk,No,Kesehatan & Kecantikan,No
langganan bulanan recommended i,unknown,5,Tokopedia,Positive,Lainnya,No,Kesehatan & Kecantikan,No
pengiriman cepat banget pokonya the best sukses selalu,unknown,5,Tokopedia,Positive,Lainnya,No,Kesehatan & Kecantikan,No
bagusss ngga pernah mengecewakan packingnya aman banget kemasan bar sekarang,unknown,5,Tokopedia,Positive,Bentuk,No,Kesehatan & Kecantikan,No
mantap barangg cepeatt sampaii barang bagus penjual nyaa fast respons banget packingan oke banget aman sampai di tempatt barangnya kerennn bangettt,unknown,5,Tokopedia,Positive,Rasa,No,Kesehatan & Kecantikan,No
barang aman diterima yg paling seneng wanginya enak banget,unknown,5,Tokopedia,Positive,Rasa,No,Kesehatan & Kecantikan,No
sukaaaa banget banget banget bangeeeeettt,unknown,5,Tokopedia,Positive,Lainnya,No,Kesehatan & Kecantikan,No
wangi nya enak banget bener kaya creambath salon,unknown,5,Tokopedia,Positive,Rasa,No,Kesehatan & Kecantikan,No
cinta bangettt sama produk ini rambut jd lembut dan wangi bangettss always pake shampoo ini mah exp dan packingan mantap,unknown,5,Tokopedia,Positive,Rasa,No,Kesehatan & Kecantikan,No
belanja ke dua kalinya barang ori packing super aman mantap gan,unknown,5,Tokopedia,Positive,Rasa,No,Kesehatan & Kecantikan,No
pesan kemarin sore hari ini uda sampai packing super aman dobel bubble wraps dus mantapppp nanti saya edit ulasannya kalau sudah coba terima kasih,unknown,5,Tokopedia,Positive,Rasa,No,Kesehatan & Kecantikan,No
admin cekatan barang sampai tepat waktu paking rapi,unknown,5,Tokopedia,Positive,Bentuk,No,Kesehatan & Kecantikan,No
gercep banget adminnya nih top lah pokoknya,unknown,5,Tokopedia,Positive,Lainnya,No,Kesehatan & Kecantikan,No
belum dicoba semoga lebih bagus hasilnya drpd yg biasa shampoo noni mokeru packing mantull dan respon seller cepat goodlah,unknown,5,Tokopedia,Positive,Bentuk,No,Kesehatan & Kecantikan,No
selalu suka dengan sabun ini enak dan segar apagi dipakai setelah olahraga,unknown,5,Tokopedia,Positive,Rasa,No,Kesehatan & Kecantikan,No
selalu suka sama body wash ini,unknown,5,Tokopedia,Positive,Bentuk,No,Kesehatan & Kecantikan,No
beli di official store tgl feb eh feb udh sampai di siang hari cepat banget thank you bangettttt cussons dapet harga flass sale jd murah,unknown,5,Tokopedia,Positive,Harga,No,Kesehatan & Kecantikan,No
sabun nyaaa setelah di pakee mint nya kerasaa bangettt enk sih habis mandi kyk dingin gitu,unknown,5,Tokopedia,Positive,Rasa,No,Kesehatan & Kecantikan,No
dari dulu emang suka dg efek nyesss adem pakai sabun ini apalagi sdg promo beli dapat brg terbungkus rapi dg bubble wrap aman sampai diterima,unknown,5,Tokopedia,Positive,Harga,No,Kesehatan & Kecantikan,No
fast resp seller pengiriman cepat packaging rapihhh aman barang lengkap sesuaii thankss a lott,unknown,5,Tokopedia,Positive,Bentuk,No,Kesehatan & Kecantikan,No
seneng banget dapet best deal beli gratis gini produk dipastikan original pengemasan cepat dan sangat aman krn selain masih dalam packaging plastik masih ditambah extra protection pake bubble wrap tebel terus dikasih bonus susu dus juga walau akhirnya harus kasih ke temen karena belum punya baby hehe overall thanks a lot seller,unknown,5,Tokopedia,Positive,Bentuk,No,Kesehatan & Kecantikan,No
dabest lah pokokmya pengiriman ke lampung cuma hari prosesnya jg gercep banget puas teruuuus ngga pernah kecewa sm original source dari dulu mantap,unknown,5,Tokopedia,Positive,Rasa,No,Kesehatan & Kecantikan,No
baru co beberapa jam kemudian udah dipacking pengiriman super cepet dan yang penting produk aman ga ada yang tumpah ini sabun oke banget buat nyembuhin jerawat badan plisss jangan discontinue yaaaaa mintnya seger bgtttt,unknown,5,Tokopedia,Positive,Lainnya,No,Kesehatan & Kecantikan,No
suka banget sama original source yang mint,unknown,5,Tokopedia,Positive,Bentuk,No,Kesehatan & Kecantikan,No
pokoknya suka bgt lah ama sabun ini,unknown,5,Tokopedia,Positive,Lainnya,No,Kesehatan & Kecantikan,No
delivery yang harus karena twinpack tapi yg didelivery satu sampai harus buat komplain dan tidak dapat kompensasi apa2 the first and the last belanja sini official store tapi kek gitu,unknown,1,Tokopedia,Negative,Lainnya,Yes,Kesehatan & Kecantikan,No
beli twinpack yg di kirim cm mohon tanggung jawab nya ka karena saya bayar dengan harga twinpack,unknown,1,Tokopedia,Negative,Harga,No,Kesehatan & Kecantikan,No
ini expiry date nya kok dijual sayangnya aku ga ambil video unboxing nya soalnya yaa ga nyangka aja gitu judul tokonya official store dan waktu check barcode ga ada dong ga keluar itemnya beda dg produk satu lagi yg ke beli berbarengan,unknown,1,Tokopedia,Negative,Lainnya,No,Kesehatan & Kecantikan,No
lama banget sampainya ga terlalu rekomen untuk beli seminggu lebih sampainya,unknown,1,Tokopedia,Negative,Lainnya,No,Kesehatan & Kecantikan,No
order dari tgl nov baru sampai tgl dec padahal order dari official store itupun setelah kemarin saya follow up sendiri ke ekspedisinya karena status di toped masih menunggu pick up paket sampai pun tidak dipacking dengan aman hanya selembar plastik basah kena hujan kapok ga berani lagi belanja disini melulu dichat ke penjual yang balas sistem dan hanya info masih menunggu pick up,unknown,1,Tokopedia,Negative,Bentuk,No,Kesehatan & Kecantikan,Yes
nyesel setengah mati beli ni produk beli gara2 liat ulasannya kok positif semua sumpah ini krim baunya ga enak banget kalo boleh digambarkan baunya itu perpaduan antara muntahan bayi dan minyak nyong2 om2 iya separah itu ini yg pada kasi ulasan idungnya pada mati rasa ato gmn ya pengiriman sih cepat dan bagus but sorry the product is a nightmare very pricey tau gini gw ttp beli wak doyok yg wanginya jauh lbh enak dan jauh lbh murah this cream is really2 not recommended,unknown,1,Tokopedia,Negative,Rasa,Yes,Kesehatan & Kecantikan,Yes
order 30pcs datangnya 29pcs ketahuan nya setelah dibongkar dan diberesin masuk ke kotak ada satu kemasan yg isinya cuma complain ditolak krn gaada video unboxing ternyata unilever official account pun tak bisa dipercaya,unknown,1,Tokopedia,Negative,Bentuk,No,Kesehatan & Kecantikan,No
pertama liat flash salenya langsung beli ndak buka deskripsi dulu i mean unilever official store gitu ternyata expirednya sisa bulan lagi padahal dulu beli hand sanitizer merek sebelah pas sale juga tapi expirednya masih lama pantes ini cepet banget diproses biasanya hari baru diproses ini cuma jeda beberapa menit pelajaran penting jangan percaya brand tetep kudu baca review dan deskripsi,unknown,1,Tokopedia,Negative,Bentuk,No,Kesehatan & Kecantikan,No
saya membeli item dan yg saya terima hanya sudah komplain tdk bisa karena memang saya video ulang dikarenakan video pertama tidak ke rekam,unknown,1,Tokopedia,Negative,Rasa,Yes,Kesehatan & Kecantikan,No
exp dekat padahal udah beli banyak buat di jual lagi ini pengalaman klo harga miring mumer harus waspada,unknown,1,Tokopedia,Negative,Harga,No,Kesehatan & Kecantikan,No
exp april saya beli total kurang lebih 48pcs buat di jual lagi klo tau exp dekat g akan ambil sudah ini dpt zonk segitu banyak mo dipakai sendiri g bakal habis sampai exp,unknown,1,Tokopedia,Negative,Lainnya,No,Kesehatan & Kecantikan,No
jangan mau beli disini kemasan nya jelek barang sampai dalam keadaan pecah dan seller nya gk mau tanggung jawab,unknown,1,Tokopedia,Negative,Bentuk,No,Kesehatan & Kecantikan,No
sangat tidak recomanded harga promo tp masih tetap mahal dari toko sebelah bahkan lapak online lain nya official store mempermainkan harga mau monopoli tokopedia,unknown,1,Tokopedia,Negative,Harga,No,Kesehatan & Kecantikan,No
sy pesan shampoo dan body wash yg sy terima hanya body wash shampoo tdk sy terima salah sy tdk membuat video unboxing karena percaya sj dgn seller official win win solution sy berikan bintang terima ksh,unknown,1,Tokopedia,Negative,Bentuk,No,Kesehatan & Kecantikan,No
saya beli l oreal serioxyl nya malah ga ada yg datang malah giftnya aja ini gmn sih official account lho padahal,unknown,1,Tokopedia,Negative,Lainnya,No,Kesehatan & Kecantikan,No
packingan barangnya berantakan tdk rapi sm skali,unknown,1,Tokopedia,Negative,Bentuk,No,Kesehatan & Kecantikan,No
cukup sy yg di rugikan krn brg yg dtg sy tdk vidio in orderan sy ada yg dtg cuma tp gift dpt brg uda mahal di komplen pun gak bs,unknown,1,Tokopedia,Negative,Harga,No,Kesehatan & Kecantikan,No
admin slow response konfirmasi ketersediaan barang lama sekali bonus gift yg dikirim juga ga sesuai,unknown,1,Tokopedia,Negative,Bentuk,No,Kesehatan & Kecantikan,No
dikasi bonus gratisan hair mask serie expert tapi uda expire barangnya pas dipake bikin kepala ketombean kl ga niat ngasih gratisan mending ga usah sih drpd bikin rusak rambut orang,unknown,1,Tokopedia,Negative,Harga,Yes,Kesehatan & Kecantikan,No
barang datang tidak lengkap yidak akan pernah belanja lagi di toko remi loreal,unknown,1,Tokopedia,Negative,Lainnya,No,Kesehatan & Kecantikan,No
saya belum terima barang sampai tgl pdhl diperkirakan sampai tanggal status pengiriman sudah sampai di pembeli padahal belum minta update hari jawaban sama aja saya minta uang saya kembali aja,unknown,1,Tokopedia,Negative,Bentuk,No,Kesehatan & Kecantikan,No
expirednya bulan sekarang bulan coba dikonfirmasi dulu habis kek gitu ga malu kah toko resmi ambil pahalanya aja malas ongkir bolak balik,unknown,1,Tokopedia,Negative,Harga,No,Kesehatan & Kecantikan,No
pengiriman pertama leak sampai isi habis dikirim barang pengganti masih leak parfum habis juga dua kali dapet botol kosong,unknown,1,Tokopedia,Negative,Lainnya,No,Kesehatan & Kecantikan,No
barang tdk diterima pengembalian dana tdk diterima dan saya disuruh urus sendiri ke toped,unknown,1,Tokopedia,Negative,Lainnya,No,Kesehatan & Kecantikan,Yes
pesen kok yg dateng cuma tolong di cek ulang donk,unknown,1,Tokopedia,Negative,Lainnya,No,Kesehatan & Kecantikan,No
catatan saya beli produk ini karna hadiahnya penting hal yang perlu diperhatikan jika mengadakan hadiah promo mesti transparan apakah hadiahnya atau tidak apa lagi yang sangat disayangkan akun oficial store dari pihak toko pedia juga mesti meninjau apakah promosi ini transparan atau menjebak semoga tidak lagi yang kecewa seperti saya,unknown,1,Tokopedia,Negative,Harga,Yes,Kesehatan & Kecantikan,No
produk nya bocor karena packing nya krg bgs dr dus luar nya aja basah sampe ke dlm isi botol habis stengah nya mungkin bisa jadi masukkan buat seller supaya lain kali bisa packing yg lbh aman,unknown,1,Tokopedia,Negative,Lainnya,No,Kesehatan & Kecantikan,No
terima kasih barang sudah di terima tapi lain kali tolong di packing yang baik soalnya yang saya terima hanya aja,unknown,1,Tokopedia,Negative,Lainnya,No,Kesehatan & Kecantikan,No
baunya pasaran prtama kali pakai semua orang sekitar gue sakit kepala jangan trlalu expektasi tinggi rugi kalian harga segitu,unknown,1,Tokopedia,Negative,Rasa,No,Kesehatan & Kecantikan,No
parfum datang kondisi terbungkus rapi namun saya curiga kenapa tercium aromanya sampai keluar padahal belom dibuka sama sekali dari kardus luarnya begitu saya buka kardus luar ternyata kardus dalamnya basah kemudian saya buka dan didalamnya isi parfum tinggal sedikit sekali saya tidak tahu yg bermasalah di oengemasan atau pengiriman mohon bisa dievaluasi lagi terimakasih,unknown,1,Tokopedia,Negative,Bentuk,No,Kesehatan & Kecantikan,No
kemasan hancurrr pecah berantakan ga jadi kepakai ssmoga kedepannya lebih safety lagi packingnya,unknown,1,Tokopedia,Negative,Bentuk,Yes,Kesehatan & Kecantikan,No
parfum datang kondisi terbungkus rapi namun saya curiga kenapa tercium aromanya sampai keluar padahal belom dibuka sama sekali dari kardus luarnya begitu saya buka kardus luar ternyata kardus dalamnya basah kemudian saya buka dan didalamnya isi parfum tinggal sedikit sekali saya tidak tahu yg bermasalah di oengemasan atau pengiriman mohon bisa dievaluasi lagi terimakasih,unknown,1,Tokopedia,Negative,Bentuk,No,Kesehatan & Kecantikan,No
baunya pasaran prtama kali pakai semua orang sekitar gue sakit kepala jangan trlalu expektasi tinggi rugi kalian harga segitu,unknown,1,Tokopedia,Negative,Rasa,No,Kesehatan & Kecantikan,No
baru pesan brg tdk sampai menit kemudian mengajukan pembatalan malah ditolak padahal sy ingin memesan ulang krn salah menggunakan metode pembayaran pelayanan jelek sekali,unknown,1,Tokopedia,Negative,Harga,Yes,Kesehatan & Kecantikan,No
jangan beli produk di sini tidak beres agen nya,unknown,1,Tokopedia,Negative,Lainnya,Yes,Kesehatan & Kecantikan,No
sdh claim percuma tidak ada prnggantian dan tgg jwb pihak dettol blg kesalahan pengirim dan byr insurance pun percuma tdk di ganti jg cape deh,unknown,1,Tokopedia,Negative,Lainnya,No,Kesehatan & Kecantikan,No
official store sih bener tapi begitu banyak komplen tentang packing tetep masih di abaikan berhubung barang nya ok ya masih ada yg mau beli tolong para atasan perushaan ini perhatikan bagian packingnya jangan cuman asal packing,unknown,2,Tokopedia,Negative,Lainnya,No,Kesehatan & Kecantikan,No
ketahanan wangi tidak seperti claim yg di sebutkan 12jam,unknown,1,Tokopedia,Negative,Rasa,No,Kesehatan & Kecantikan,No
packaging kurang bisa diperbaiki lagi karena parfum tumpah,unknown,2,Tokopedia,Negative,Bentuk,No,Kesehatan & Kecantikan,No
mantap sesuai deskripsi terimakasih,unknown,5,Tokopedia,Positive,Bentuk,No,Kerajinan & Pesta,No
sesuai order n deskripsi,unknown,5,Tokopedia,Positive,Bentuk,No,Kerajinan & Pesta,No
balonnya cakep gampang ditiup juga thx seller,unknown,5,Tokopedia,Positive,Lainnya,No,Kerajinan & Pesta,No
pesanan sdh mendarat kualitas barang bagus pengiriman cepat,unknown,5,Tokopedia,Positive,Bentuk,No,Kerajinan & Pesta,No
bagus packing aman,unknown,5,Tokopedia,Positive,Bentuk,No,Kerajinan & Pesta,No
bagus kotaknya harga nya murah pengiriman cepet,unknown,5,Tokopedia,Positive,Harga,No,Kerajinan & Pesta,No
barang yg di pesan sesuai dan packing rapi,unknown,5,Tokopedia,Positive,Bentuk,No,Kerajinan & Pesta,No
bagus bisa nempel di kayu,unknown,5,Tokopedia,Positive,Bentuk,No,Kerajinan & Pesta,No
barang ori harga murah seller fast response ramah dan barang cepat sampai,unknown,5,Tokopedia,Positive,Harga,No,Kerajinan & Pesta,No
pengiriman cepat packing aman barang bagus sesuai deskripsi terimakasih,unknown,5,Tokopedia,Positive,Bentuk,No,Kerajinan & Pesta,No
barang diterima sesuai pesanan,unknown,5,Tokopedia,Positive,Bentuk,No,Kerajinan & Pesta,No
produk sesuai deskripsi seller ramah barang langsung dikirim,unknown,5,Tokopedia,Positive,Bentuk,No,Kerajinan & Pesta,No
thx gan barang sampai dengan selamat,unknown,5,Tokopedia,Positive,Lainnya,No,Kerajinan & Pesta,No
barang sesuai pesanan,unknown,5,Tokopedia,Positive,Bentuk,No,Kerajinan & Pesta,No
pengiriman tepat waktu kondisi paket dan barang diterima dalam kondisi baik sudah dicoba dan berfungsi dengan baik terima kasih sukses selalu,unknown,5,Tokopedia,Positive,Lainnya,No,Kerajinan & Pesta,No
sdah sampai brang normal sesuai deskripsi pengiriman cepat,unknown,5,Tokopedia,Positive,Bentuk,No,Kerajinan & Pesta,No
mantap barang nyaa aman alhamdulillah,unknown,5,Tokopedia,Positive,Rasa,No,Kerajinan & Pesta,No
bagus dan puas,unknown,5,Tokopedia,Positive,Bentuk,No,Kerajinan & Pesta,No
bagus reseller gercep bgt,unknown,5,Tokopedia,Positive,Bentuk,No,Kerajinan & Pesta,No
pengiriman cepat dan barang diterima dalam kondisi baik,unknown,5,Tokopedia,Positive,Lainnya,No,Kerajinan & Pesta,No
barang sudah sampai dg selamat packaging rapi hari dari proses pemesanan sampai tiba di malang terima kasih,unknown,5,Tokopedia,Positive,Bentuk,No,Kerajinan & Pesta,No
kualitas mantap pengiriman sangat cepat luar biasa,unknown,5,Tokopedia,Positive,Rasa,No,Kerajinan & Pesta,No
lilinnya bagus tidak berbau tahan s d jam,unknown,5,Tokopedia,Positive,Rasa,No,Kerajinan & Pesta,No
barang saya terima dgn baik dan benar dan tepat waktu,unknown,5,Tokopedia,Positive,Lainnya,No,Kerajinan & Pesta,No
packing nya rapi brg pesanan dlm keadaan baik,unknown,5,Tokopedia,Positive,Bentuk,No,Kerajinan & Pesta,No
packaging rapi shg lilin datang tetap utuh response penjual cpt,unknown,5,Tokopedia,Positive,Bentuk,No,Kerajinan & Pesta,No
barang diterima dgn aman respon cepat paking rapi waktu pengiriman lebih cepat dr jadwal makasih,unknown,5,Tokopedia,Positive,Bentuk,No,Kerajinan & Pesta,No
mantab lilinya sesuai makasih ya,unknown,5,Tokopedia,Positive,Bentuk,No,Kerajinan & Pesta,No
produk sesuai respon cepat pengiriman cepat,unknown,5,Tokopedia,Positive,Bentuk,No,Kerajinan & Pesta,No
produk bagus paking aman rapi respon kirim cepat,unknown,5,Tokopedia,Positive,Bentuk,No,Kerajinan & Pesta,No
brg di trima dgn baik n respon cepat tks,unknown,5,Tokopedia,Positive,Lainnya,No,Kerajinan & Pesta,No
bagus cepat packaging aman,unknown,5,Tokopedia,Positive,Bentuk,No,Kerajinan & Pesta,No
barang sesuai terima kasih,unknown,5,Tokopedia,Positive,Bentuk,No,Kerajinan & Pesta,No
produk sangat baik dan pengemasan rapi,unknown,5,Tokopedia,Positive,Bentuk,No,Kerajinan & Pesta,No
barang sesuai terima kasih,unknown,5,Tokopedia,Positive,Bentuk,No,Kerajinan & Pesta,No
mantap respon cepat bgt lebih cepat dari estimasinya,unknown,5,Tokopedia,Positive,Rasa,No,Kerajinan & Pesta,No
mantap barang sesuai pesanan,unknown,5,Tokopedia,Positive,Rasa,No,Kerajinan & Pesta,No
mantul gan u kembang api roman 8shot nya ssuai diskripsi nya pengiriman nya juga cpt maaf telat ulas nya ya gan barng uda di coba mantap tks ya gan sukses selalu,unknown,5,Tokopedia,Positive,Rasa,No,Kerajinan & Pesta,No
barang a mantap jooss,unknown,5,Tokopedia,Positive,Rasa,No,Kerajinan & Pesta,No
barang dikrm beda dgn yg pesan,unknown,1,Tokopedia,Negative,Lainnya,No,Kerajinan & Pesta,No
ada bagian yang sobek,unknown,1,Tokopedia,Negative,Lainnya,No,Kerajinan & Pesta,No
ga dikirim barangnya,unknown,1,Tokopedia,Negative,Lainnya,No,Kerajinan & Pesta,No
brg yg diterima tidak sama dgn yg di etalase toko tipis seperti kotak nasi padang pdhl dikira tebal krn utk kirim kado ke luar kota,unknown,2,Tokopedia,Negative,Bentuk,Yes,Kerajinan & Pesta,No
gak ada instruksinya bingung jadinya,unknown,2,Tokopedia,Negative,Lainnya,No,Kerajinan & Pesta,No
barang tidak ada dalam pengiriman malah di kirim timbangan,unknown,1,Tokopedia,Negative,Lainnya,No,Kerajinan & Pesta,No
barang tidak ada dalam paket,unknown,1,Tokopedia,Negative,Lainnya,No,Kerajinan & Pesta,No
kardus gak dikirim jadi hanya di packing pake plastik doank sangat mengecewakan,unknown,1,Tokopedia,Negative,Bentuk,Yes,Kerajinan & Pesta,No
padahal add kardus tp gak dikasih dan packingan dari kurir jg udah robek,unknown,1,Tokopedia,Negative,Lainnya,No,Kerajinan & Pesta,No
sedikit kecewa karena packingan kardus berbyr ternyata benar hanya kardus tdk ada tambahan pelindung apapun shg pesanan sy penyok juga gmana klo tdk pki kardus berbyr mgkn pesanan sy tdk terbks sama sekali rusak total,unknown,2,Tokopedia,Negative,Bentuk,Yes,Kerajinan & Pesta,Yes
paketnya datang cuman bungkusnya doang barangnya sudah nda ada,unknown,1,Tokopedia,Negative,Lainnya,No,Kerajinan & Pesta,No
sumbu lilin kecil nyala susah dan api kecil jelek,unknown,1,Tokopedia,Negative,Bentuk,No,Kerajinan & Pesta,No
kondisi box mika lilin sudah seperti di foto dan lilin juga ada cacatnya semestinya dibungkus pakai bubble wrap bukan hanya plastik tipis pun plastiknya tidak dilem sama sekali cara seller package barang harus dibenarin lagi lebih baik pakai kardus box daripada kardus mie instan selapis saja untung barang yang dibeli tidak ada yang rusak saya benar benar kecewa si dengan servis toko ini bakal mikir berkali kali untuk belanja disini lagi,unknown,1,Tokopedia,Negative,Bentuk,Yes,Kerajinan & Pesta,Yes
pesen ini tp stok habis kecewa,unknown,1,Tokopedia,Negative,Lainnya,Yes,Kerajinan & Pesta,No
kualitas kurang bagus kalau di pegang masih masih terasa banget seperti stiker dan benar setelah di tes gampang terkelupas not recomended kualitas begini banyak yg lebih murah,unknown,1,Tokopedia,Negative,Bentuk,No,Kerajinan & Pesta,No
pengiriman sangat lama,unknown,1,Tokopedia,Negative,Lainnya,No,Kerajinan & Pesta,No
barang yang di gambar itu sudah saya bereskan ulang lem balon nya gak ada sudah dikomplain ke pihak tokopedia biaya nya sudah kembali ke saya tapi tetep ada rasa kecewa karna penjual lagi tidak menginformasikan ketersediaan barang dan saya lagi perlu banget maaf dikasih rate segitu,unknown,1,Tokopedia,Negative,Rasa,Yes,Kerajinan & Pesta,No
kecewa orderan nya ga langsug di proses pdhl sudah bayar pakai gosend instan,unknown,1,Tokopedia,Negative,Harga,Yes,Kerajinan & Pesta,Yes
katanya disuruh pakai bubblewrap utk keamanan barang tapi tetep aja barangnya ga dikasih bubblewrap padahal berbayar,unknown,1,Tokopedia,Negative,Harga,No,Kerajinan & Pesta,No
sangat kecewa karrna keterngannya lembar,unknown,1,Tokopedia,Negative,Lainnya,Yes,Kerajinan & Pesta,No
awalnya saya tanya warna semua ready setelah bayar jam kemudian baru dibilang beberapa warna habis jgn kayak gitulah jadinya sy harus cari lagi warnanya,unknown,1,Tokopedia,Negative,Harga,No,Kerajinan & Pesta,No
terlepas dari apapun alasan seller katanya barang sudah keluar kasir atau apalah udah dikirim katanya ternyata baru dikirim setelah hari transaksi dilakukan cukup kecewa dengan pelayanan yg sprti itu karena saya butuh untuk tugas kampus,unknown,1,Tokopedia,Negative,Bentuk,Yes,Kerajinan & Pesta,Yes
barang yg saya terima rusak pecah tempat krayonnya saya ngga tau itu kesalahan dari toko karna dikemasnya terlalu bersemangat atau bagian pengirimannya kecewa,unknown,1,Tokopedia,Negative,Lainnya,Yes,Kerajinan & Pesta,Yes
penjual kurang teliti memberi saran kpd pembeli hasil embossed nama berwarna putih kontras sekali dan jelek perpaduannya minta nomor diembose pun sdh tercatat tapi penjual juga lalai mengkomentari shg hasilnya pun jg tdk diembosed mengecewakan saya ga bisa ksh foto krn ada nama nya tercetak,unknown,1,Tokopedia,Negative,Bentuk,Yes,Kerajinan & Pesta,No
barangnya sama sekali gak sampai pesan juga balon hati juga beda gak sesuai,unknown,1,Tokopedia,Negative,Bentuk,No,Kerajinan & Pesta,No
gede balonnya tidak sebesar yg di iklan,unknown,1,Tokopedia,Negative,Bentuk,No,Kerajinan & Pesta,No
padahal udah tanya sebelumnya sama penjualnya ada ga balon warna gold dama silver kalo ada mau pesen balo gold sama silvernya aja pcs yang dateng warna warni kayak gini sebelumnya udah chating katanya oke hufth padahal udah kali beli di sini baru kali ini aku kecewa,unknown,1,Tokopedia,Negative,Bentuk,Yes,Kerajinan & Pesta,Yes
kecewa dengan pelayanan toko ini ada barang bermasalah disuruh tekan komplain tetapi kenyataannya ribet dibelakangnya kapok belanja disini barang hanya senilai 7rb tetapi minta video sampai 3x barang tidak berfungsi masih saja menolak komplain semoga berkah,unknown,1,Tokopedia,Negative,Lainnya,Yes,Kerajinan & Pesta,Yes
balonnya kecil sekali ga sesuai gambar ga bagus kualitas ketipu dr gambar nya kecewa,unknown,1,Tokopedia,Negative,Bentuk,Yes,Kerajinan & Pesta,No
balon nya kecil bngt,unknown,1,Tokopedia,Negative,Bentuk,No,Kerajinan & Pesta,No
aktual barang sangat tidak sesuai dengan harapan,unknown,1,Tokopedia,Negative,Bentuk,Yes,Kerajinan & Pesta,No
pc warna pink lampunya copot di chat complain gak dibales kecewa sedikit,unknown,1,Tokopedia,Negative,Bentuk,Yes,Kerajinan & Pesta,No
gak nyala padahal batt udah baru anak sy jd kecewa mau ditukar jg barang cm brp ribu,unknown,3,Tokopedia,Neutral,Lainnya,No,Kerajinan & Pesta,No
susah payah narik balonnya biar mekar eh bolong,unknown,3,Tokopedia,Neutral,Lainnya,No,Kerajinan & Pesta,No
bli cuma yang nyala jadi kecewa,unknown,3,Tokopedia,Neutral,Lainnya,No,Kerajinan & Pesta,No
barang yang di gambar itu sudah saya bereskan ulang tatakan balon nya gak ada sudah dikomplain ke pihak tokopedia biaya nya sudah kembali ke saya tapi tetep ada rasa kecewa karna penjual lagi tidak menginformasikan ketersediaan barang dan saya lagi perlu banget maaf dikasih rate segitu,unknown,1,Tokopedia,Negative,Rasa,Yes,Kerajinan & Pesta,No
not recomended seller gara2 ini toko surprise buat ultah moment yg penting hancur gitu aja parahhhhh nyesel banget banget belanja ditoko ini,unknown,1,Tokopedia,Negative,Lainnya,Yes,Kerajinan & Pesta,No
agak kecewa karena ga sesuai ekspektasi gambar yg tangkainya begitu bening dan nampak kuat cuma yg bener ukuran skitar 38cm yg lainya sambungan,unknown,2,Tokopedia,Negative,Bentuk,Yes,Kerajinan & Pesta,No
penjual lambat respon penjual barang lama dikirim keburu basi nih balon,unknown,1,Tokopedia,Negative,Lainnya,No,Kerajinan & Pesta,No
packing tidak rapih balon foil kusut tidak dilipat hanya dikuntal kuntal dimasukkan kedalam plastik kalau yg size kecil masih oke tp yg size besar jadi pada lecek dan kusut padahal dari awal chat saya udah bilang buat dijual lg kalau sudah lecek begini gak mungkin saya kasih ke orang,unknown,1,Tokopedia,Negative,Bentuk,No,Kerajinan & Pesta,No
ga jelas ga ada instruksinya rakitnya ginana sepertinya juga barangnya beda sama yg saya pesan,unknown,1,Tokopedia,Negative,Bentuk,No,Kerajinan & Pesta,No
pengiriman lama dan tidak ada cara perakitan box yang susah,unknown,2,Tokopedia,Negative,Lainnya,No,Kerajinan & Pesta,No
susah d bikinnya ga ngerti ribet packing juga kurang bahkan ada yg lecek dan robek kertasnya ya uda lah,unknown,2,Tokopedia,Negative,Lainnya,No,Kerajinan & Pesta,No
penjual gak jujur respon kebanyakan bot,unknown,1,Tokopedia,Negative,Lainnya,No,Kerajinan & Pesta,No
beli cuma dikirim males complain,unknown,1,Tokopedia,Negative,Lainnya,No,Kerajinan & Pesta,No
barang tidak dikirimkan,unknown,1,Tokopedia,Negative,Lainnya,No,Kerajinan & Pesta,No
kurang kuat lem nya lemah,unknown,3,Tokopedia,Neutral,Bentuk,No,Kerajinan & Pesta,No
kardus bekas dijual itupun masih rusak susu nya,unknown,1,Tokopedia,Negative,Lainnya,Yes,Kerajinan & Pesta,No
pengiriman sangat lama,unknown,1,Tokopedia,Negative,Lainnya,No,Kerajinan & Pesta,No
order minggu sampainya rabu lambat nya minta ampuun di tanyain baru info kalau overload orderan itupun baru selasa dikirim ga ada konfirmasi awal kalau overload orderan ga tanggungjawab,unknown,1,Tokopedia,Negative,Lainnya,No,Kerajinan & Pesta,No
pesen apa dikirim apa,unknown,1,Tokopedia,Negative,Lainnya,No,Kerajinan & Pesta,No
warna tidak sesuai dgn permintaan,unknown,1,Tokopedia,Negative,Bentuk,Yes,Kerajinan & Pesta,No
parah padahal di note sudah di kasih kalau chip di bagian belakang desain dan kalau bisa ga ada logo bca flazznya ga diliat sama sekali kayaknya notenya hadeeeeeeeeeeeeeeeeeeeeeeh penjualnya jg kaga ramah mo ngasih tau sekedar negor langsung ngomong return aja seolah olah complaint karena mau direturn atau di ganti duitnya padahal dikritik biar lebih baik kedepannya bukannya minta maaf udah salah malah sok ga butuh pembeli sumpah kesel bgt ama ini penjual sombong parah,unknown,1,Tokopedia,Negative,Bentuk,Yes,Kerajinan & Pesta,No
malah gak di kirim yg ini,unknown,1,Tokopedia,Negative,Lainnya,No,Kerajinan & Pesta,No
barang cuma rebu masa kudu di video in pas unboxing sudah menjadi tugas qc utk cek dengan teliti apakah barang yg dikirim sudah lengkap atau belum parahhh,unknown,1,Tokopedia,Negative,Bentuk,Yes,Kerajinan & Pesta,No
udah beli banyak ada yg rusak mau tukar ga bisa pake belibet aturan cape deh,unknown,1,Tokopedia,Negative,Lainnya,Yes,Kerajinan & Pesta,No
bolong bolong ada minyak2nya gitu jelek,unknown,1,Tokopedia,Negative,Bentuk,No,Kerajinan & Pesta,No
barang ga mulus banyak bekas tekukan seperti beli sampah aja,unknown,1,Tokopedia,Negative,Lainnya,No,Kerajinan & Pesta,No
hadeh ini lagi lemnya aja gak rata tuh di double tapenya,unknown,1,Tokopedia,Negative,Lainnya,No,Kerajinan & Pesta,No
awal udah checkout procecor sama admin disuruh beli bubblewrap biar aman yaudah checkout bubblewrap deh beli pas paket udh dateng malah cuman bubble wrap doang wkwk kocak nih toko mana prosesor yang dicheckout duluan malah belum dateng lagi hadehh,unknown,1,Tokopedia,Negative,Bentuk,No,Kerajinan & Pesta,No
pantes murah bubble wrap nya tipis kirain tebel nyesel order dimari,unknown,1,Tokopedia,Negative,Harga,No,Kerajinan & Pesta,No
minta rak tudung tingkat yg di bubble malah celana dalem yg di dalam baca pesannya dong mikir,unknown,1,Tokopedia,Negative,Lainnya,No,Kerajinan & Pesta,No
ga guna sebelum dilapis ini hrusnya dilapis kardus lah minimal,unknown,2,Tokopedia,Negative,Lainnya,No,Kerajinan & Pesta,No
pesen apa dikirim apa,unknown,1,Tokopedia,Negative,Lainnya,No,Kerajinan & Pesta,No
bahan tipis jelek,unknown,1,Tokopedia,Negative,Bentuk,No,Kerajinan & Pesta,No
roll diambil nampak dari potongan sudah mencong mencong jualan yang benar jangan hanya ingin untungnya saja,unknown,1,Tokopedia,Negative,Lainnya,No,Kerajinan & Pesta,No
servicenya buruk banget,unknown,1,Tokopedia,Negative,Lainnya,Yes,Kerajinan & Pesta,No
pelayanan terburuk selama belanja di tokopedia pengiriman lama sekali order tgl juli barang baru tiba tgl agustus order saya baru dikonfirmasi dan diproses tgl agustus sedangkan estimasi barang tiba itu tgl agustus itupun dikonfirmasi dan diproses karena saya tanya 2x ke cs pagi ini saya complaint ke cs kalau mereka tidak telat konfirmasi proses dan kirim pasti order saya jg ngga akan telat yg ada saya disuruh cek resi sungguh keterlaluan saya baca review toko official ini dan hampir semua yg kasih bad review karena masalah yang sama dengan saya tolong ya kepada manajemen toko official deli stationary benahin operasionalnya dan di training lagi cs nya biar lebih pinter lagi menanggapi customer ngga usah pake embel2 toko official kalo pelayanannya merugikan customer,unknown,1,Tokopedia,Negative,Bentuk,Yes,Kerajinan & Pesta,No
ini bukan kertas origami tapi post it,unknown,1,Tokopedia,Negative,Bentuk,No,Kerajinan & Pesta,No
beli brg sale pengiriman via grabsend tapiii dimintain biaya parkir sm driver nya aneh bgt,unknown,1,Tokopedia,Negative,Harga,No,Kerajinan & Pesta,No
penyok2 kardusnya kayak beli pensil warna bekas,unknown,1,Tokopedia,Negative,Bentuk,No,Kerajinan & Pesta,No
sudah order yg kedua disini packingnya rapi untuk lilin sama tulisan ulang tahun yang rentan patah dimasukkan ke dalam kardus pengirimannya juga cepat semua barang yg dipesan lengkap dan kualitas bagus semua balon2 ga ada yg bocor lilin dan tulisan ultah nya juga ga ada yg patah anak bungsu saya senaaaaang sekali terima kasih banyak ya,unknown,5,Tokopedia,Positive,Bentuk,No,Kerajinan & Pesta,No
bagus banget pengiriman cepat seller ramah tooop,unknown,5,Tokopedia,Positive,Bentuk,No,Kerajinan & Pesta,No
bagus banget kertasnya dan sesuai deskripsi,unknown,5,Tokopedia,Positive,Bentuk,No,Kerajinan & Pesta,No
baguss bgtttt sesuaii btw aku bli yg s013 and s008,unknown,5,Tokopedia,Positive,Bentuk,No,Kerajinan & Pesta,No
cantiik kertas kadonya packaging ok dan delivery nya juga ok mantab lah dan bakal langganan di toko ini,unknown,5,Tokopedia,Positive,Bentuk,No,Kerajinan & Pesta,No
produk ok sesuai pesanan sudah langganan pengiriman cepat makasih store,unknown,5,Tokopedia,Positive,Bentuk,No,Kerajinan & Pesta,No
proses cepat top seller responsif,unknown,5,Tokopedia,Positive,Lainnya,No,Kerajinan & Pesta,No
jangan lupa gaes diorder toko ini,unknown,5,Tokopedia,Positive,Lainnya,No,Kerajinan & Pesta,No
luar biasa mantap smuanya jadi oke dari pesta saya yg sederhana sekarang jadi rame sejak order disini terima kasih seller dan tokped atas kirimannya,unknown,5,Tokopedia,Positive,Rasa,No,Kerajinan & Pesta,No
beli disini puas banyak di lebihin pngiriman cepat pokonya mantap,unknown,5,Tokopedia,Positive,Rasa,No,Kerajinan & Pesta,No
bagus balon2nya merekat di dinding atap seller responsif langsung kirim sesuai pesanan pagi pesen siang sampai bahkan pesanan ada yg dilebihin,unknown,5,Tokopedia,Positive,Bentuk,No,Kerajinan & Pesta,No
mantabbbb barang bagus dan berkuslitass topp dahhh,unknown,5,Tokopedia,Positive,Bentuk,No,Kerajinan & Pesta,No
mantaaaaaaaaaaap produk original pokoknya recomended seller,unknown,5,Tokopedia,Positive,Bentuk,No,Kerajinan & Pesta,No
pakai lem ini hati pastikan penataannya balon sebelum dipasang kalau nda ga bisa dicabut bisa dicabut tp resiko pecah mantul tingkat kerekatannya,unknown,5,Tokopedia,Positive,Bentuk,No,Kerajinan & Pesta,No
puas banget sempet error di kurir mau pake gercep seller nya respon bgt sama2 cari solusi order ulang ga pelit ada yg dikasih tambahan dikit2 makasi ya kak jaya selalu tokonya,unknown,5,Tokopedia,Positive,Bentuk,No,Kerajinan & Pesta,No
mantul langsung nempel,unknown,5,Tokopedia,Positive,Lainnya,No,Kerajinan & Pesta,No
tokonya terbaik sii ini mah udh 4x order disini setiap anak ultah selalu pesen printilannya disini skg anak ke ultah pun belinya disini mantap,unknown,5,Tokopedia,Positive,Rasa,No,Kerajinan & Pesta,No
fastresp banget ramah juga pengirimannya gercep banget lv ada y dikaskh lebih jga dong balonnya belum di pompa sih smg gaada yg bocor,unknown,5,Tokopedia,Positive,Lainnya,No,Kerajinan & Pesta,No
sukaaaaaaaaaaaaaaa dan lucuuuuuu,unknown,5,Tokopedia,Positive,Lainnya,No,Kerajinan & Pesta,No
thanks barangnya bagus bgt dan packingnya rapi tekomended,unknown,5,Tokopedia,Positive,Bentuk,No,Kerajinan & Pesta,No
paking rapih banget sama berlapis2 pengiriman cepat barang pas 40pcs mantulllllllllllll langganan ini mah nanti malem takbiran pesen lagi,unknown,5,Tokopedia,Positive,Bentuk,No,Kerajinan & Pesta,No
mantaaaappp sudah tersumet dengan sempurna,unknown,5,Tokopedia,Positive,Lainnya,No,Kerajinan & Pesta,No
puas banget sempet error di kurir mau pake gercep seller nya respon bgt sama2 cari solusi order ulang ga pelit ada yg dikasih tambahan dikit2 makasi ya kak jaya selalu tokonya,unknown,5,Tokopedia,Positive,Bentuk,No,Kerajinan & Pesta,No
sangat rekomended packing bubble warp banyak meskipun order seharga cebann niceee,unknown,5,Tokopedia,Positive,Harga,No,Kerajinan & Pesta,No
keren banget pelayanannya cuman beli lilin ajah servicenya bagus dan super cepat pesan pagi eeeh siang dah tiba,unknown,5,Tokopedia,Positive,Bentuk,No,Kerajinan & Pesta,No
cuco meong pokoknya,unknown,5,Tokopedia,Positive,Lainnya,No,Kerajinan & Pesta,No
bagus banget lilinnya kata kakak ini lilinnya sultan,unknown,5,Tokopedia,Positive,Bentuk,No,Kerajinan & Pesta,No
puas banget sellernya fast respon banget alhamdulillah butuh lilin hari ini juga dikirim hari yg sama nanti anak ku ultah beli perlengkapannga disini insyaallah,unknown,5,Tokopedia,Positive,Bentuk,No,Kerajinan & Pesta,No
terimakasih banyak untuk toko ini saya kelupaan beli lilin ultah jadi baru hari h acara syukur puji tuhan lilin bisa sampai tepat waktu padahal dikirim keluar kota,unknown,5,Tokopedia,Positive,Lainnya,No,Kerajinan & Pesta,No
wow designnya bagus banget pengiriman cepat kualitas bagussss banget bisa di scan juga dan ini beneran mirip kartu uno asli mudah2an ga ketukar ya kayaknya bakal repeat order pakai design lain deh thanks seller,unknown,5,Tokopedia,Positive,Bentuk,No,Kerajinan & Pesta,No
cakep bangetttt mulus sesuai ekspektasi thank you ya,unknown,5,Tokopedia,Positive,Bentuk,No,Kerajinan & Pesta,No
penjual ok barang nya bagus dan kurirnya pun juara mantap deh sukses terus ya kaaa,unknown,5,Tokopedia,Positive,Rasa,No,Kerajinan & Pesta,No
mantap paket sudah sampai makasih ya gan sukses selalu gan,unknown,5,Tokopedia,Positive,Rasa,No,Kerajinan & Pesta,No
bagusss banget gambarnya sudah dicoba topup dr nfc handphone juga bisa thanks seller,unknown,5,Tokopedia,Positive,Bentuk,No,Kerajinan & Pesta,No
barang sudah sampai dengan selamat barang sesuai dengan deskripsi produk packing oke recommended seller,unknown,5,Tokopedia,Positive,Bentuk,No,Kerajinan & Pesta,No
mantap jiwo thx gan product sudah saya terima dengan baik sukses slalu,unknown,5,Tokopedia,Positive,Rasa,No,Kerajinan & Pesta,No
seller tidak jujur saya beli macam barang salah satu stok kosong tp tidak diinfokan tapi lgsg kirim yg satunya pdhl sudah nunggu2 pikir penyelesaian gampang ya buyer bisa tinggal minta refund tapi saya rugi waktu dan ongkir,unknown,1,Tokopedia,Negative,Harga,Yes,Kerajinan & Pesta,No
barang tidak sesuai gambar kualitas seperti harganya murahan kapok belanja disini lagi,unknown,1,Tokopedia,Negative,Bentuk,Yes,Kerajinan & Pesta,No
mentang2 beli buat ngepasin uang kenapa dikasih nya dlm kondisi bekas ya ga ada perekat sama sekali dan ada bekas lekukan juga iya murah cuman harus profesional dong jualannya,unknown,3,Tokopedia,Neutral,Bentuk,No,Kerajinan & Pesta,No
ini toko gak jujur banget di ket di suruh pakai kardus biar pengirimannya aman katanya sekali aq include dgn kardus ttp aja rusak atas bawahnya jebol trus yg anehnya lagi kode uniknya tdk bs di masukkan ke akun aq kayak udh pernah di masukkan ke akun lain ini toko gak jujur banget ya dan kondisi kotak susu bagus n utuh dan tidak penyok,unknown,1,Tokopedia,Negative,Bentuk,Yes,Kerajinan & Pesta,No
untuk toko berstatus official store toko ini tidak profesional saya chatt ketersediaan barang tanggal desember jam pagi dan di jawab oleh admin barang ready jam pagi seketika saya toko anda tidak akan melayani buyer yang memberi rating jelek sementara toko anda sendiri tidak proferional order ternyata sampai sore barang tidak di kirim dan baru tanggal desember jam siang di info kalau barang kosong order saya baru di kirim tanggal desember anda menyarankan order packing tambahan demi keamanan saat pengiriman dan itu sudah saya penuhi padhal di toko lain tanpa ada biaya tambahan packing sudah menggunakan kardus itupun harganya barangnya lebih murah sebagai buyer saya cukup sekali ini saja transaksi di toko ini terima kasih,unknown,1,Tokopedia,Negative,Harga,No,Kerajinan & Pesta,No
kesan pertama gak baik parkiran gojek menjadi tanggung jawab pembeli kapok ah beli ditoko ini lagi semoga lancar aja bos,unknown,1,Tokopedia,Negative,Lainnya,No,Kerajinan & Pesta,No
bolong coy packing parah bgttttt lakban semua jadi robek2 ketika dicabut,unknown,1,Tokopedia,Negative,Lainnya,Yes,Kerajinan & Pesta,No
gampang lepas dan tidak nempel,unknown,1,Tokopedia,Negative,Bentuk,No,Kerajinan & Pesta,No
admin toko ini tdk punya sopan santun bukannya cari solusi msalah ini malah emosional dan hina pembeli gk pnya etika dan gk sekolah x,unknown,1,Tokopedia,Negative,Lainnya,No,Kerajinan & Pesta,No
kapok saya beli kembang api di toko ini bilang nya,unknown,1,Tokopedia,Negative,Lainnya,No,Kerajinan & Pesta,No
jumbo ternyata setelah di buka ukuran nya cuma setengah kardusnya,unknown,1,Tokopedia,Negative,Bentuk,No,Kerajinan & Pesta,No
penjualnya sama sekali tidak komunikatif barang kosong diganti barang lain tanpa konfirmasi terlebih dahulu ke pembeli next time kalau jualan pelayanannya lebih ditingkatkan lg mbak mas informasiin ke pembeli dulu kalo barang kosong jgn seenak udel main ganti2 barang ntr situ yg ribet dan rugi sendiri balik2in barang ganti ongkirnya yakhan,unknown,1,Tokopedia,Negative,Rasa,No,Kerajinan & Pesta,No
selller aneh ditanya katanya uda berangkat tp tokped ga update ternyata sepertinya memang gagal pick up tp ga bilang yang jujur kalo paket belum dipick up malah bilangnya sudah berangkat,unknown,1,Tokopedia,Negative,Lainnya,Yes,Kerajinan & Pesta,No
toko ini gimana mau pakai di kasih udah mau mati kali jg bener jualan,unknown,1,Tokopedia,Negative,Lainnya,Yes,Kerajinan & Pesta,No
produk tdk ada dalam paket,unknown,1,Tokopedia,Negative,Lainnya,No,Kerajinan & Pesta,No
sy pesan lilin yg angka dan tpi di kirim nya angka angka nya sdh benar pdhl wkt beli sy sdh jlalasin sy mau yg angka dan sy tdk bs kirim foto nya krn sy udh buang brng nya krn tdk bs di pakai sy udh tunggu brp hr tau2 smp brng nya dan di buka yg di kirim lain sm yg di beli sy cmn pesan utk ke dpn nya blajarlah yg teliti sebelum brng di kirim,unknown,1,Tokopedia,Negative,Rasa,No,Kerajinan & Pesta,No
ga sesuai ama yg di fhoto pas nyampe lilunnya kecil buanged ukurannya,unknown,1,Tokopedia,Negative,Bentuk,No,Kerajinan & Pesta,No
pda pecah lilin y pekejing y ga aman,unknown,1,Tokopedia,Negative,Lainnya,No,Kerajinan & Pesta,No
pesen lilin malah dikasih mo dibalik jg angka jd ga ada sumbunya kacau fatal bgt gak dicek dlu sblm kirim ke customer,unknown,1,Tokopedia,Negative,Bentuk,No,Kerajinan & Pesta,No
lilinnya udah rusak banget goldnya,unknown,1,Tokopedia,Negative,Lainnya,Yes,Kerajinan & Pesta,No
tidak dikirim lilin nya padahal sdh beli,unknown,1,Tokopedia,Negative,Lainnya,No,Kerajinan & Pesta,No
barangnya ga ada,unknown,1,Tokopedia,Negative,Lainnya,No,Kerajinan & Pesta,No
lilinnya kecil tdk sesuai gambar pdhl sy perlu angka yg sesuai gambar buat nemenin angka yg lainnya,unknown,1,Tokopedia,Negative,Bentuk,No,Kerajinan & Pesta,No
tidak berfungsi baik,unknown,1,Tokopedia,Negative,Lainnya,Yes,Kerajinan & Pesta,No
kacau udah nanya di chat ini kalau dibikin begini bisa gak dijawab bisa trus udah jelasin di chat begini begitu chipnya harus disini dll trus malah disuruh tulis di email oke lah udah ditulis juga di email begini begitu panjang lebarr bahkan udah dikasih contoh gambar yang jelas posisinya begini ya eh yang dateng gak sesuai dengan requestnya kecewa banget lah nyesel beli disini padahal ngeliat reviewnya banyak yang beli harga juga lebih mahal sedikit dari yang lain tapi begini pelayanannya,unknown,1,Tokopedia,Negative,Bentuk,Yes,Kerajinan & Pesta,No
pesan item brg yg di kirim hanya item brg brg kosong tdk di infokan,unknown,1,Tokopedia,Negative,Lainnya,No,Kerajinan & Pesta,No
beli tp gak dikirim,unknown,1,Tokopedia,Negative,Lainnya,No,Kerajinan & Pesta,No
gantungannya sangat tipis dan rentan patah hari pakai sudah rusak,unknown,1,Tokopedia,Negative,Bentuk,Yes,Kerajinan & Pesta,No
barang yang sampai berbededa dengan do foto,unknown,1,Tokopedia,Negative,Lainnya,No,Kerajinan & Pesta,No
diphoto ada penjepit buka tutup pas dikirim nggak ada,unknown,1,Tokopedia,Negative,Bentuk,No,Kerajinan & Pesta,No
lem nya gak ada di dalam paket saya,unknown,1,Tokopedia,Negative,Lainnya,No,Kerajinan & Pesta,No
saya tidak menerima barang,unknown,1,Tokopedia,Negative,Lainnya,No,Kerajinan & Pesta,No
agak aneh aja sih seller minta ditambahin sebanyak 10x yg artinya 36rb sedangkan di lapis hanya lapis aja sedangkan bubble aja roll besar hanya 100rban aja mungkin seller jualan bubble bukan jualan vga kali yaa,unknown,1,Tokopedia,Negative,Bentuk,No,Kerajinan & Pesta,No
disuruh tambah bubble wrap malah bubble wrap nya di paking sendiri gangerti,unknown,1,Tokopedia,Negative,Lainnya,No,Kerajinan & Pesta,No
udah tambah buble wrap tetap aja tipis packingan nya,unknown,1,Tokopedia,Negative,Bentuk,No,Kerajinan & Pesta,No
dipaksa beli setelah checkout hati2 saja sama toko ini,unknown,1,Tokopedia,Negative,Bentuk,No,Kerajinan & Pesta,No
barang ini tidak dikirimkan next mohon lbh diperhatikan,unknown,1,Tokopedia,Negative,Lainnya,No,Kerajinan & Pesta,No
lem nya kurang merekat,unknown,1,Tokopedia,Negative,Lainnya,No,Kerajinan & Pesta,No
percuma tambah packing klo kardus susu tetap penyok cara kemas tuh jangan ngepres sama kardusnya biar ketika kardus ketekan kemasan susunya tidak rusak langsung,unknown,1,Tokopedia,Negative,Bentuk,Yes,Kerajinan & Pesta,No
order pake kardus ternyata dikirim pake plastik doang,unknown,1,Tokopedia,Negative,Bentuk,No,Kerajinan & Pesta,No
cepat tiba n kemasan bagus barangnya juga bagus,unknown,5,Tokopedia,Positive,Bentuk,No,Perabotan,No
product kwalitas bagus berfungsi dengan baik,unknown,5,Tokopedia,Positive,Bentuk,No,Perabotan,No
cepet sampai barang sesuai pesanan oke,unknown,5,Tokopedia,Positive,Bentuk,No,Perabotan,No
produk berfungsi dengan baik,unknown,5,Tokopedia,Positive,Lainnya,No,Perabotan,No
packaging aman dan bagus barang sesuai deskripsi,unknown,5,Tokopedia,Positive,Bentuk,No,Perabotan,No
mantab barangnya kokoh kualitas ok mau pesen satu lagi,unknown,5,Tokopedia,Positive,Bentuk,No,Perabotan,No
waahh keren n mantap barangnya pengiriman cepet banget cuma hari udah nyampe thanks gan,unknown,5,Tokopedia,Positive,Rasa,No,Perabotan,No
barang sesuai dgn pesanan seller responsif pengiriman cepat terimakasih seller dan tokopedia smg sukses selalu,unknown,5,Tokopedia,Positive,Bentuk,No,Perabotan,No
paket tlh diterima dgn keadaan baik kemasan rapi dan rajin terima kasih semoga sukses,unknown,5,Tokopedia,Positive,Bentuk,No,Perabotan,No
efektif membunuh hama barang sesuai deskripsi packaging aman dan bagus,unknown,5,Tokopedia,Positive,Bentuk,No,Perabotan,No
mantap barang oke,unknown,5,Tokopedia,Positive,Rasa,No,Perabotan,No
pengiriman cepat barangnya lengkap sesuai pesanan,unknown,5,Tokopedia,Positive,Bentuk,No,Perabotan,No
proses cepat produk berfungsi dgn baik,unknown,5,Tokopedia,Positive,Lainnya,No,Perabotan,No
barang bisa digunakan dengan sesuai fungsi nya terimakasih,unknown,5,Tokopedia,Positive,Bentuk,No,Perabotan,No
alhamdulillah paketan datang dgn cepat dan penjualannya ramah semoga tambah sukses,unknown,5,Tokopedia,Positive,Lainnya,No,Perabotan,No
cas aki berfungsi baik aki yg masih bagus pasti bisa dicas lumayan drpd titip cas pinggir jalan mending py sendiri semoga awet sukses terus buat seller,unknown,5,Tokopedia,Positive,Bentuk,No,Perabotan,No
barang bagus cepat sampai aman,unknown,5,Tokopedia,Positive,Bentuk,No,Perabotan,No
efektif menyaring kotoran manteb lah jadi jernih banget ini air,unknown,5,Tokopedia,Positive,Bentuk,No,Perabotan,No
produk original efektif menyaring kotoran produk berfungsi dengan baik barang sesuai deskripsi,unknown,5,Tokopedia,Positive,Bentuk,No,Perabotan,No
sangat mudah pemasangannya,unknown,4,Tokopedia,Positive,Lainnya,No,Perabotan,No
barang sesuai dan datang dengan selamat,unknown,5,Tokopedia,Positive,Bentuk,No,Perabotan,No
barang sesuai deskripsi produk original packaging bagus,unknown,5,Tokopedia,Positive,Bentuk,No,Perabotan,No
barang sesuai deskripsi produk original warna awet packaging bagus,unknown,5,Tokopedia,Positive,Bentuk,No,Perabotan,No
mantap sesuai cepat sampai kualitas cakep juga,unknown,5,Tokopedia,Positive,Bentuk,No,Perabotan,No
adminnya ramah bgt asli nanya apa aja dijawabnya gercep bgt,unknown,5,Tokopedia,Positive,Bentuk,No,Perabotan,No
cat nya mantap pengirimannya cepet,unknown,5,Tokopedia,Positive,Rasa,No,Perabotan,No
alhamdulillah pesanan cat sudah sampai diproses dengan cepat ditanggapi dengan baik,unknown,5,Tokopedia,Positive,Lainnya,No,Perabotan,No
barang sesuai pesanan kualitas tidak diragukan walaupun harus berulang kali ngecatnya harga bersaing semoga awet,unknown,5,Tokopedia,Positive,Bentuk,No,Perabotan,No
kwalitas bagus harga terjangkau,unknown,5,Tokopedia,Positive,Harga,No,Perabotan,No
harga affordable respon seller cepat langsung kirim warna sesuai dan cat ga ngapur mantab,unknown,5,Tokopedia,Positive,Bentuk,No,Perabotan,No
bagus cat nya mantab dah,unknown,5,Tokopedia,Positive,Bentuk,No,Perabotan,No
harga murah qualitas ok respon cepat pengiriman cepat,unknown,5,Tokopedia,Positive,Harga,No,Perabotan,No
respon seller sangat baik catnya tidak berbau warnanya sesuai order cheese cruse pakingnya sangat baik semoga pas diaplikasikan tidak mengecewakan hasilnya gosend nya juga tepat waktu terima kasih,unknown,5,Tokopedia,Positive,Bentuk,No,Perabotan,No
produk original barang sesuai deskripsi bahan tebal ponakan saya suka,unknown,5,Tokopedia,Positive,Bentuk,No,Perabotan,No
mantapp murah thanks kak thanks abang kurir langsung di pasang,unknown,5,Tokopedia,Positive,Rasa,No,Perabotan,No
pengiriman cepat barangnya oke sesuai deskripsi terimakasih,unknown,5,Tokopedia,Positive,Bentuk,No,Perabotan,No
bahan tebal barang sesuai deskripsi pengiriman cepat,unknown,5,Tokopedia,Positive,Bentuk,No,Perabotan,No
sudah dipasang bagus deh,unknown,5,Tokopedia,Positive,Bentuk,No,Perabotan,No
produk original barang sesuai deskripsi bahan tebal keren,unknown,5,Tokopedia,Positive,Bentuk,No,Perabotan,No
pengiriman cepat barang sesuai deskripsi terimakasih,unknown,5,Tokopedia,Positive,Bentuk,No,Perabotan,No
pelatuk kurang bagus sudah tidak mau nyala sekarang,unknown,1,Tokopedia,Negative,Bentuk,No,Perabotan,No
baru dipasang sdh tdk berfungsi,unknown,1,Tokopedia,Negative,Bentuk,No,Perabotan,No
besi pengganjal ga ada jd ga bisa mengunci,unknown,1,Tokopedia,Negative,Bentuk,No,Perabotan,No
plastik yah ada harga ada kualitas,unknown,1,Tokopedia,Negative,Bentuk,No,Perabotan,No
kualitas barangnya mengecewakan,unknown,1,Tokopedia,Negative,Bentuk,Yes,Perabotan,No
gak sesuai expektasi dengan bahan toolsnya dari gambar terlihat kuat tapi pas sampai seperti besi gak kokoh karena dapat harga murah jadi gak terlalu kecewa klo dengan harga asli rb keatas pasti saya kecewa belinya mending pasang harga yang wajar ya,unknown,3,Tokopedia,Neutral,Bentuk,No,Perabotan,No
baru di colok listrik nya kok lampu batre nya udh full semua y belum juga di cas ke aki tidak berfungsi y alat nya,unknown,1,Tokopedia,Negative,Lainnya,Yes,Perabotan,No
ga berfungsi kecewa bgt,unknown,1,Tokopedia,Negative,Lainnya,Yes,Perabotan,No
tidak berfungsi untuk aki normal padahal baru beli langsung di cas led indikator nya ngga jalan,unknown,2,Tokopedia,Negative,Lainnya,Yes,Perabotan,No
bocor dari sambungan karet ke keran dan bocor dri tengah2 tempat drat karna gk rapat mau di rapatkan gk bisa karna terasa sudah mentok,unknown,1,Tokopedia,Negative,Rasa,No,Perabotan,No
awal awal aliran air lancar lama lama kecil sekali,unknown,2,Tokopedia,Negative,Bentuk,No,Perabotan,No
mungkin karena filternya terlalu canggih jadi air yang keluar jadi kecil banget,unknown,2,Tokopedia,Negative,Bentuk,No,Perabotan,Yes
ternyata lem pipa tidak begitu rekat ngelem sepatu sangat kecewa,unknown,1,Tokopedia,Negative,Lainnya,Yes,Perabotan,No
lem gak kuat,unknown,1,Tokopedia,Negative,Bentuk,No,Perabotan,No
mengecewakan produk encer jadi harus mengecat berkali2 hingga 4x memang harga menentukan kwalitas,unknown,1,Tokopedia,Negative,Harga,Yes,Perabotan,No
kualitas buruk sekali isi juga tidak penuh sudah lapis 4x juga tetap saja tidak merata hasilnya kami jadi rugi bayar ongkos tukang lebih baik beli cat merk lain saja deh harga memang tidak pernah bohong,unknown,1,Tokopedia,Negative,Harga,Yes,Perabotan,No
sy pesan yg gold tengah tp yg datang putih barang gak sesuai kecewa,unknown,1,Tokopedia,Negative,Bentuk,Yes,Perabotan,No
kecewa sekali ada lembar warnanya beda memang sekilas bentuk dan motif sama tpi saat mau dipasang beda sekali rate barang rate penjual,unknown,1,Tokopedia,Negative,Bentuk,Yes,Perabotan,Yes
pertama kalinya beli barang online kecewa banget barang yang dibeli pcs yang dateng cuma pcs sudah itu ongkirnya lumayan mahal padahal beratnya tidak sesuai,unknown,1,Tokopedia,Negative,Bentuk,Yes,Perabotan,Yes
sangat kecewa barang rusak reseler jualan tdk amanah klo jualan amanah ya kak biar berkah,unknown,1,Tokopedia,Negative,Lainnya,Yes,Perabotan,No
sangat tipis kecewa sekali,unknown,1,Tokopedia,Negative,Bentuk,Yes,Perabotan,No
barang dah lama benyek benyek ada kerusakan ga diganti pengemasan buruk harap menjadi pelajaran,unknown,1,Tokopedia,Negative,Lainnya,Yes,Perabotan,No
barang di trima dlm keadaan lecek sperti itu pesen lembar dlm keadaan melitut di bungkus bareng dgn list pesenan sya kecewa banged not rekomend seller,unknown,1,Tokopedia,Negative,Lainnya,Yes,Perabotan,Yes
no recomend order yg mana di kirim mana mengecewakan,unknown,1,Tokopedia,Negative,Lainnya,Yes,Perabotan,No
pesanan diproses sangat cepat tapi sayang filternya gak bisa saring kotoran kecil padahal semburan air nya mantep tapi tujuan aku beli ini buat saring kotoran,unknown,2,Tokopedia,Negative,Bentuk,No,Perabotan,No
nggak sesuai yg diiklanin airnya loyo,unknown,2,Tokopedia,Negative,Bentuk,No,Perabotan,No
packingnya parah cuma di masukin ke dalam kantong plastik hitam tidak ada kardus dan tidak di lakban cuma di ikat biasa aja biarpun pengiriman cepat tapi packing sangat mengecewakan barang belum di test semoga bisa berfungsi dengan baik,unknown,2,Tokopedia,Negative,Bentuk,Yes,Perabotan,No
memang filter showerhead ini tidak disebutkan mereknya jd tidak bs dikatakan palsu tp saya agak kecewa silahkan dicoba sendiri aja mungkin saya salah,unknown,2,Tokopedia,Negative,Bentuk,Yes,Perabotan,No
kecewa bgt sudah packing nya kurang aman expedisi juga asal asalan produknya cacat ada bekas baut nya udah dibuka padahal brg baru trus di body nya ada bekas lecet dan tombol power nya patah pula lagi,unknown,1,Tokopedia,Negative,Rasa,Yes,Perabotan,Yes
padahal masih segel orion tp kunci yg seperti difoto tidak ada dalam kemasan coba komplain harus sertakan video unboxing sama kurir ya gak kepikiran sampai situ setahu saya klo produk baru masih segel ya harus jaminan komplit terpaksa harus beli kuncinya sendiri kecewa,unknown,1,Tokopedia,Negative,Bentuk,Yes,Perabotan,Yes
barang dikirim tidak lengkap sayangnya waktu unboxing tidak divideokan krn beranggapan belanja di seller besar tidak akan mengecewakan waktu dichat ke seller diinfo akan difollow up oleh timnya tp ternyata tidak ada tindak lanjutnya seller besar tidak jaminan memuaskan,unknown,1,Tokopedia,Negative,Bentuk,Yes,Perabotan,No
mengecewakan battery tidak berfungsi,unknown,1,Tokopedia,Negative,Lainnya,Yes,Perabotan,No
barang lusuh seperti barang bekas terdapat cacat pada bodi serta segel original tidak ada padahal beli pada agen online resminya kecewa juga,unknown,2,Tokopedia,Negative,Bentuk,Yes,Perabotan,Yes
kecewa kali bknnya di test dlu sblom kirim tdk ada satupun yg bs hidup brg sangat ringan yg punya sy bli di ace brgnya berat dan bs hidup,unknown,1,Tokopedia,Negative,Bentuk,Yes,Perabotan,Yes
seller menggapangkan dan menyepelekan pembeli pengiriman lama pelayanan tidak memuaskan seller bilang wajar lah lama dikirim kan barang diskon sudah lama dikirim pas di pick up gagal pick up tidak di follow up lg sama seller sampai saya complain baru di kerjain untuk kirim kualitas barang standar intinya saya bisa beli dimana saja barang sejenis tp sangat menyesal berhubungan dengan seller seperti ini,unknown,1,Tokopedia,Negative,Bentuk,Yes,Perabotan,No
saya beli nano spray di mic acc88 barang tidak bagus saya kembalikan ke toko mic acc88 saya minta tukar oleh toko mic acc88 ditukar dengan barang yang sama ternyata barangnya sama jeleknya saya minta tukar lagi saya minta merk mixio wh karena saya lihat gambar di toko mic acc88 ada barangnya lebih murah saya sudah sampaikan apabila mixio wh bagus saya mau beli lagi dengan menambah uang ternyata barang yang dikirim kesaya bukan mixio wh saya tidak tau barang itu type apa saya kecewa sisa uang juga tidak dikembalikan toko mix acc88 tidak menjawab chating saya kalau menjawab hanya sepatah sepatah kata tidak memberikan penjelasan dengan baik bagainana nasib sisa pembelian saya padahal sudah saya sampaikan apabila mengirim mixio wh sesuai permintaan saya maka saya akan beli lagi,unknown,1,Tokopedia,Negative,Bentuk,Yes,Perabotan,No
kecewa tdk spt yg diharapkan basah semua keluar airnya meskipun udah diputer mulai dr yg plg kecil maupun yg besarrr,unknown,2,Tokopedia,Negative,Bentuk,Yes,Perabotan,Yes
saya tidak terima barangnya sama sekali padahal gojek instan entah salah gojek apa toko yang jelas saya udah komplain tapi by sistem diubah akhirnya dana diteruskan ke penjual aneh setelah dibantu tokopedia care akhirnya ketahuan salah kirim ke rumah orang lain dan masih dalam proses pengecekan,unknown,1,Tokopedia,Negative,Bentuk,Yes,Perabotan,No
barangnya gk berfungsi semestinya,unknown,1,Tokopedia,Negative,Lainnya,No,Perabotan,No
alat tidak berfungsi sdh dipasang sesuai instruksi tdk bs dipakai dan tidak ada api yg terpantik keluar hanya liquid gas,unknown,1,Tokopedia,Negative,Bentuk,Yes,Perabotan,No
barli rutin tiap minguu 20pcs yg kiriman terakhir semua pada rusak kendor pada bagian baut2 nya cuma ada beberapa yg bisa digunakan bahaya bocor gas dari bawah bis menyambar karena pada bocor di tanyakan pada penjual tapi sayangnya ga mau tau cuma jawab ga ada garansi costumer lagi yg dirugikan krn penjual yg ga mau tanggung jawab dari barang yg dijualnya cuma pengen cuan tapi ga mau tau keluhan costumer nya padahal sudah saya percaya tiap pengambilan pasti ke toko ini tapi sayang nya ga ada pelayanan yg bisa memuaskan costumer nya,unknown,1,Tokopedia,Negative,Rasa,Yes,Perabotan,Yes
barang jelek patah diisi gas bocor,unknown,2,Tokopedia,Negative,Bentuk,No,Perabotan,No
barang jelek mudah hancur dipakai ngebor langsung rontok mata bor nya kaya nya cuma dri besi biasa l sesuai harga,unknown,1,Tokopedia,Negative,Bentuk,Yes,Perabotan,No
dikirim bor nya kurang satu terus bukannya tinggal ngirim yang kurang saya harus ngirim balik kotak buang2 ongkir sengaja dibikin repot,unknown,2,Tokopedia,Negative,Harga,No,Perabotan,No
pesan yg datang parah,unknown,1,Tokopedia,Negative,Lainnya,Yes,Perabotan,No
ga sesuai expetasi barang2 nya ga kuat ukuran kcl kaya mainan,unknown,2,Tokopedia,Negative,Bentuk,No,Perabotan,No
low quality harga nggak berbohong,unknown,2,Tokopedia,Negative,Harga,Yes,Perabotan,No
packing nya jelek casing nya penyok kualitas jg kurang bbrp tidak pas ditempat nya,unknown,2,Tokopedia,Negative,Bentuk,No,Perabotan,No
kualitas ala kadar nya obeng buat buka mur ujung matanya kalah meletot padahalur nya ngga terlalu kenceng bahannya kurang bagus,unknown,3,Tokopedia,Neutral,Bentuk,No,Perabotan,No
kualitas barang tidak bagus,unknown,3,Tokopedia,Neutral,Bentuk,No,Perabotan,No
barang rusak dikirim,unknown,1,Tokopedia,Negative,Lainnya,Yes,Perabotan,No
susah bgt pasangnya gak kuat menahan airnya,unknown,1,Tokopedia,Negative,Bentuk,No,Perabotan,No
ga bagus ga ada kuat2nya lem apaan,unknown,1,Tokopedia,Negative,Bentuk,No,Perabotan,No
chat tidak dibalas pengiriman baru diproses ketika masa aktif sdah habis kacaw,unknown,1,Tokopedia,Negative,Bentuk,No,Perabotan,No
sangat terlalu mahal kualitas lem sama seperti aibon,unknown,1,Tokopedia,Negative,Bentuk,No,Perabotan,No
nga lengket sama sepatu lem nya kayak nya lem ubu di repack,unknown,1,Tokopedia,Negative,Bentuk,No,Perabotan,No
penipu tidak jujur keciwa semoga tidak ada berkahnya,unknown,1,Tokopedia,Negative,Lainnya,No,Perabotan,No
sudah x belanja tp yg ini sanngat kecewa sekali,unknown,1,Tokopedia,Negative,Lainnya,Yes,Perabotan,No
penipu awas ditipu reply sy udah kirim bukti tambahan lwt wa krn di tokped spacenya ga cukup tp dia blng sy ga kirim bukti,unknown,1,Tokopedia,Negative,Bentuk,Yes,Perabotan,No
minta warna putih yg dikirim bening ngasal bae mata lo sowek,unknown,1,Tokopedia,Negative,Bentuk,No,Perabotan,No
barang gak bisa dipakai parah ini mah,unknown,1,Tokopedia,Negative,Lainnya,Yes,Perabotan,No
batere datang rusak katanya mau di telp dari marketing setelah tunggu minggu tidak ada kelanjutan,unknown,1,Tokopedia,Negative,Lainnya,Yes,Perabotan,No
yg dikirim rusak ajukan komplain tp gak jelas,unknown,1,Tokopedia,Negative,Lainnya,Yes,Perabotan,No
barang rusak kok dikirim,unknown,1,Tokopedia,Negative,Lainnya,Yes,Perabotan,No
udah ngikutin prosedur penggunaannya lemnya nggak bisa lengket masa habis di lem udah kering udah dikasih lakban kaya prosedur sandal yang dilem bisa ditarik menjengkelkan,unknown,1,Tokopedia,Negative,Lainnya,No,Perabotan,No
penipu ini penjual nano apanya basah becek sudah mahal,unknown,1,Tokopedia,Negative,Harga,No,Perabotan,No
produk yang dikirim tombol putih buat setting besar kecil nya semprotan tidak berfungsi bagaimana katanya garansi 30hari,unknown,1,Tokopedia,Negative,Bentuk,Yes,Perabotan,No
bahan tidak kulit tidak sesuai iklan,unknown,1,Tokopedia,Negative,Bentuk,Yes,Perabotan,No
sepatu yg di kirim tidak sesuai sama yg saya order warna jenis dan ukuran berbeda komplain ribet padahal order titipan,unknown,1,Tokopedia,Negative,Bentuk,Yes,Perabotan,No
sepatu nya bukan kulit,unknown,1,Tokopedia,Negative,Bentuk,No,Perabotan,No
buruk sepatu bukan kulit kelebihan ongkir tidak kembali,unknown,1,Tokopedia,Negative,Harga,Yes,Perabotan,No
barang rekondisi lain kali jualan yang jujur bos jangan barang bekas direkondisi,unknown,1,Tokopedia,Negative,Lainnya,No,Perabotan,No
kenapa pesan ukuran xl dikasihnya s,unknown,1,Tokopedia,Negative,Bentuk,No,Perabotan,No
order yang dual glass dikirim yang mono hddhh g jelas,unknown,1,Tokopedia,Negative,Bentuk,No,Perabotan,No
palsu ya g berfungsi bahan kasar dan sakit kalo dipakai,unknown,1,Tokopedia,Negative,Bentuk,Yes,Perabotan,No
mantab berfungsi dengan mantab proses pengiriman cepat top,unknown,5,Tokopedia,Positive,Lainnya,No,Perabotan,No
bagus banget gas torch flame gunnya dan penjualnya juga fast respon dan pengirimannya juga cepat produk original packaging bagus produk berfungsi dengan baik,unknown,5,Tokopedia,Positive,Bentuk,No,Perabotan,No
harga termurah kualitas dan layanan teratas recommended product from recommended seller,unknown,5,Tokopedia,Positive,Harga,No,Perabotan,No
jempol buat reseller dan produk nya,unknown,5,Tokopedia,Positive,Lainnya,No,Perabotan,No
respond seller cepat pengiriman segera produk berkualitas mantap banget,unknown,5,Tokopedia,Positive,Rasa,No,Perabotan,No
gan pesanan sudah saya terima sesuai order barang oke aman bagus dan mantap terima kasih gan,unknown,5,Tokopedia,Positive,Bentuk,No,Perabotan,No
recommended seller buat pelapak sesuai pesanan to markotop,unknown,5,Tokopedia,Positive,Bentuk,No,Perabotan,No
solusi mogok dijalan produknya recommended dan berkualitas senang banget ada home servicenya senang banget bisa di pasangin di bengkelnya,unknown,5,Tokopedia,Positive,Bentuk,No,Perabotan,No
terbaiklah ini alat harga 51rb bisa dipakai berkali2 baru datang langsung tes dan waow mantab kali ini alat kecil cabe rawit aki cba cas 1jam aja langsung bisa stater motor tua saya saya suka alat murah tp fungsinya good dah,unknown,5,Tokopedia,Positive,Harga,No,Perabotan,No
no comment deh udh berkali kali beli cat ini top bgt,unknown,5,Tokopedia,Positive,Lainnya,No,Perabotan,No
mantavv sesuai pesanan joss,unknown,5,Tokopedia,Positive,Bentuk,No,Perabotan,No
the best pokoknya harga boleh murah tapi kualitas tetap nomor satu,unknown,5,Tokopedia,Positive,Harga,No,Perabotan,No
keren banget dengan harga yang murah banget dapet kualitas yg bagus pelayanan seller juga responsif,unknown,5,Tokopedia,Positive,Harga,No,Perabotan,No
luar biasa proses ya cepet banget ng sampe jam langsung di proses ng seperti lapak yg satu lagi yg di tanggerang pengiriman juga cepet banget recomended banget,unknown,5,Tokopedia,Positive,Lainnya,No,Perabotan,No
puas banget rekomen deh toko ini buat yang mau beli cat pilok di sini pengiriman nya cepat secepat kilat semoga banyak yang beli di toko ini amin terimakasih banyak ya,unknown,5,Tokopedia,Positive,Lainnya,No,Perabotan,No
barang sudah di terima dalam keadaan baik barang baguuusss packing baguuusss tidak ada yg penyok pengiriman cepat bisa langganan nih recommended seller,unknown,5,Tokopedia,Positive,Lainnya,No,Perabotan,No
packing oke sdh sering beli disini sippppp,unknown,5,Tokopedia,Positive,Lainnya,No,Perabotan,No
mantap donk produk original,unknown,5,Tokopedia,Positive,Rasa,No,Perabotan,No
alat mudah digunakan barang sesuai deskripsi packaging aman dan bagus pokoknya rekomend,unknown,5,Tokopedia,Positive,Bentuk,No,Perabotan,No
respon delivery packing mantul barang sesuai thx,unknown,5,Tokopedia,Positive,Bentuk,No,Perabotan,No
istimewa ane akan langganan trus ama toko agan barang ber kualitas packing juga di perhatikan keamanan nya barang tidak ada kerusakan dalam bentuk apapun,unknown,5,Tokopedia,Positive,Bentuk,No,Perabotan,No
barang sesuai deskripsi produk original mudah dipasang barang oke kiriman cepat original no ongkir dari tokopedia barang sesuai pesanan seller mantap paking paling amaan senteso enak belanja ditokopedia dapaat bebas ongkir bebas ongkir extra,unknown,5,Tokopedia,Positive,Bentuk,No,Perabotan,No
airnya segar dan tekanannya pas foto sesuai barang worth it banget 60ribu memang layak jadi no terlaris,unknown,5,Tokopedia,Positive,Harga,No,Perabotan,No
kesekian kali beli disini mantap,unknown,5,Tokopedia,Positive,Rasa,No,Perabotan,No
suka dengan bardi ini membantu banget matiin beberapa alat pas jam nya tidur dan hidup di pagi hari dirumah sudah pakai beberapa alat bardi seperti cctv di akses nya sangat mudah walau diluar rumah keren,unknown,5,Tokopedia,Positive,Bentuk,No,Perabotan,No
barangnya bagus sesuai deskripsi banyak batu filter penuh mudah dipasang semoga awet dan pengiriman cepet banget seller recomended,unknown,5,Tokopedia,Positive,Bentuk,No,Perabotan,No
pengiriman cepat packingan double barang mantab lgsg di coba n maknyus top dah,unknown,5,Tokopedia,Positive,Lainnya,No,Perabotan,No
mantap gan produk original barang sesuai deskripsi produk berfungsi dengan baik,unknown,5,Tokopedia,Positive,Bentuk,No,Perabotan,No
repeat order terus,unknown,5,Tokopedia,Positive,Lainnya,No,Perabotan,No
serbaguna dan tajam barang sesuai deskripsi recommended seller tentunya,unknown,5,Tokopedia,Positive,Bentuk,No,Perabotan,No
barang mendarat produk original sesuai dengan deskripsi kemasan rapi seller ramah fast respon pengiriman pun cepat pokok nya recomended dah makasih tokopedia makasih admin,unknown,5,Tokopedia,Positive,Bentuk,No,Perabotan,No
mantab terhubung ke siri juga bisa,unknown,5,Tokopedia,Positive,Lainnya,No,Perabotan,No
orderan yg ke kali selalu puas unit bor nya mantap seller ramah gercep kurir cepat next order lagi,unknown,5,Tokopedia,Positive,Rasa,No,Perabotan,No
barang sesuai deskripsi pegangan kokoh dan stabil packaging aman dan bagus orderan ke selalu puas seller gercep hari minggu dikirim kurir cepat next order lagi,unknown,5,Tokopedia,Positive,Bentuk,No,Perabotan,No
pegangan kokoh dan stabil packaging aman dan bagus luar biasa barang sesuai deskripsi,unknown,5,Tokopedia,Positive,Bentuk,No,Perabotan,No
barang nya sampai dengan selamat sudah di coba dan lumayan bagus sesuai harga next akan beli lagi alat yang lainnya packaging aman dan bagus,unknown,5,Tokopedia,Positive,Bentuk,No,Perabotan,No
padahal order siang tapi pesanan baru dikirim di hari esoknya bukan di hari yang sama gak rekomended tokonya,unknown,2,Tokopedia,Negative,Bentuk,No,Perabotan,No
setelah kemasan dibuka tercium aroma kecoa yg sgt menyengat entah apakah mata bor disimpan di tempat yg bersih atau tidak,unknown,2,Tokopedia,Negative,Rasa,No,Perabotan,No
beda sekali kwalitas nya dgn penampilan foto,unknown,1,Tokopedia,Negative,Bentuk,No,Perabotan,No
brg dtg ga sesuai pict ga bs d pake rusak pengaturan aliran air nya itung2amal aza hrg flashsale dan ongkir 15k,unknown,1,Tokopedia,Negative,Harga,Yes,Perabotan,No
produk tidak berfungsi baik toko gak amanah malah pembeli disuruh balikkin produk lagi buang ongkir aza 2x toko gak baik jangan beli disini,unknown,1,Tokopedia,Negative,Harga,Yes,Perabotan,No
baru satu hari sudah mampet dan sulit dibersihkan sepertinya kurang recomended produk ini,unknown,1,Tokopedia,Negative,Lainnya,No,Perabotan,No
makin butek jangan beli guys,unknown,2,Tokopedia,Negative,Lainnya,Yes,Perabotan,No
mending jangan di beli habisin duit lagi lengket sama sekali,unknown,1,Tokopedia,Negative,Bentuk,No,Perabotan,No
pelayananya buruk harus ditingkat lg,unknown,1,Tokopedia,Negative,Lainnya,Yes,Perabotan,No
ngirim barang kurang teliti,unknown,1,Tokopedia,Negative,Lainnya,No,Perabotan,No
tidak direkomendasikan buat tembok lama tembok lembab ganti warna beda dari warna asal isi juga kurang dari label dijamin tidak memuaskan harga gak pernah nipu,unknown,1,Tokopedia,Negative,Harga,No,Perabotan,No
barang tidak sesuai katanya mm ternyata tipis sekali dan jumlahnya tidak sesuai dari pcs yg dtg pcs kwalitas jelek,unknown,1,Tokopedia,Negative,Bentuk,Yes,Perabotan,No
barang kurang pcs yg dtg dan kualitasnya jelek sekali dari bahannya potongan yg g rapi dan ketelabalan yg g sesuai mm di deskripsinya ternyata g sampai setebal itu,unknown,1,Tokopedia,Negative,Bentuk,Yes,Perabotan,No
jelek panjang dan lebar gak rata akhirnya bukan terlihat bagus malah terlihat jelek akhirnya saya copot,unknown,1,Tokopedia,Negative,Bentuk,No,Perabotan,No
barang yg dtg gak bagus plastik busa gt dan bagus kualitasnya bs dilihat di gambar saya ya,unknown,1,Tokopedia,Negative,Bentuk,No,Perabotan,No
bahan sangat tipis dan mudah robek karena lem nya sangat lengket sangat sulit di buka karena antara lem dan bahan yg tipis menempel akhirnya ga jadi pasang di buang ke tong sampah,unknown,1,Tokopedia,Negative,Bentuk,No,Perabotan,No
berat foam hanya gram tapi ditulis gram jika beli foam maka secara data kg tapi secara timbang fisik hanya 1kg ini cara yg curang dari penjual utk dpt uang lebih dari ongkir yg pembeli bayarkan,unknown,1,Tokopedia,Negative,Harga,No,Perabotan,No
sy pesan warna merah metalik tp dikirim hitam padahal sebelum dikirim sy sdh chat penjual,unknown,1,Tokopedia,Negative,Bentuk,No,Perabotan,No
yg black metalic produk jelek disemprot 3x sudah mampet tidak bisa digunakan,unknown,1,Tokopedia,Negative,Bentuk,No,Perabotan,No
3x pesan sdh mints tolong dikirimkan dgn nota dan di iyakan penjual namun 3x pesan juga nota tidak di berikan,unknown,1,Tokopedia,Negative,Lainnya,No,Perabotan,No
barang yang dikirim tidak sesuai yang dipesan,unknown,1,Tokopedia,Negative,Bentuk,Yes,Perabotan,No
gagal produk baut tdk pas n tmpt pengisian jg tdk pas n tdk bs n boros pemakaiqnnya,unknown,1,Tokopedia,Negative,Rasa,Yes,Perabotan,No
barang tidak lengkap,unknown,1,Tokopedia,Negative,Lainnya,No,Perabotan,No
spray air tdk keluar embun,unknown,1,Tokopedia,Negative,Lainnya,No,Perabotan,No
saya beli yg ada kabel charger lagi tidak ada jadi gimana,unknown,1,Tokopedia,Negative,Lainnya,No,Perabotan,No
spray tdk sesuai gambar semprotannya spt mainan pistol anak2 aja,unknown,1,Tokopedia,Negative,Bentuk,No,Perabotan,No
tidak bisa berfungsi walaupun sudah di charge padahl sudah beli mahal,unknown,1,Tokopedia,Negative,Harga,No,Perabotan,No
br pakai 15mnt sudah rusak padahal engga jatuh dan ga kebanting,unknown,1,Tokopedia,Negative,Lainnya,Yes,Perabotan,No
beda dengan iklannya,unknown,1,Tokopedia,Negative,Lainnya,No,Perabotan,No
barang tidak sama antara yg di foto dengan yaang dikirim tolong yg jujur jika berusaha meskipun nilai uang nya kecil,unknown,1,Tokopedia,Negative,Bentuk,Yes,Perabotan,No
untuk sepatu adidas ultra boost sya tidak bisa lengket udh dicuci bersih trus sya ampelas bagian yg mau di lem tpi tetep gamau lengket semoga pembeli yg lain bisa lengket gak seperti di sepatu sya,unknown,1,Tokopedia,Negative,Lainnya,No,Perabotan,No
build quality kurang bagus terdapat retak sehingga air keluar dari sela retakan dan air yang keluar tidak maksimal,unknown,1,Tokopedia,Negative,Bentuk,No,Perabotan,No
gak ada bintang tidak sesuai iklan di iklan bisa nambah tekanan pressure hasilnya nol besar lebih kenceng eksistingnya,unknown,1,Tokopedia,Negative,Bentuk,Yes,Perabotan,No
informasi produk berbeda dengan deskripsi produk yang dijual saran untuk yang lain hati2lah memahami supaya tidak kecewa,unknown,1,Tokopedia,Negative,Bentuk,Yes,Perabotan,No
pengaturan air seperti di gambar rainfall jetting massage ga ada cuma ada rainfall aja semprotan airnya kurang kuat juga,unknown,2,Tokopedia,Negative,Bentuk,No,Perabotan,No
ngirim keluar daerah jangan pake kurir anteraja bosku ke pelosok2 dia gk masuk karna gk punya cabang didaerah kecil2,unknown,1,Tokopedia,Negative,Bentuk,No,Perabotan,No
tidak seperti yg diperkirakan sebelumnya lebih baik pakai aica aibon,unknown,1,Tokopedia,Negative,Lainnya,No,Perabotan,No
mesin kasar pelayanan kurang,unknown,1,Tokopedia,Negative,Bentuk,No,Perabotan,No
hati2 barang rusak di kirim,unknown,1,Tokopedia,Negative,Lainnya,Yes,Perabotan,No
ga dikasih kunci buka gerinda sudah chat ke cs ya dibaca ditanya ada video unboxing saya ga video in soalnya sudah beli ke 2x main percaya aja setelah itu saya dicuekin note mata gerinda bawaan tipis ga bisa dipakai sama sekali,unknown,1,Tokopedia,Negative,Bentuk,No,Perabotan,No
barang original pengiriman sesuai estimasi sukses terus gan,unknown,5,Tokopedia,Positive,Bentuk,No,Lainnya,No
produk murah sampai dengan selamat dan wrapnya tebel biar bintang yg bicara,unknown,5,Tokopedia,Positive,Harga,No,Lainnya,No
kiriman sudah sampai sesuai pesanan,unknown,5,Tokopedia,Positive,Bentuk,No,Lainnya,No
mantap jiwa bang,unknown,5,Tokopedia,Positive,Rasa,No,Lainnya,No
mantab barang susuai pesanan tepat waktu,unknown,5,Tokopedia,Positive,Lainnya,No,Lainnya,No
pengiriman cepat packing rapi dan aman jumlah sesuai dgn yg diorder terimakasih seller,unknown,5,Tokopedia,Positive,Bentuk,No,Lainnya,No
kualitas bagus sampainya juga cepat terima kasih,unknown,5,Tokopedia,Positive,Bentuk,No,Lainnya,No
respon cepat bungkus rapi rasa enak terima kasih,unknown,5,Tokopedia,Positive,Rasa,No,Lainnya,No
mantaapp ringan rasanyaa mantul produk dalam negeri,unknown,5,Tokopedia,Positive,Rasa,No,Lainnya,No
brg sdh diterima dg baik thanks,unknown,5,Tokopedia,Positive,Lainnya,No,Lainnya,No
baguuuus sesuai dengan pesanan semoga sukses selalu,unknown,5,Tokopedia,Positive,Bentuk,No,Lainnya,No
mantap sukses terus tokonya,unknown,5,Tokopedia,Positive,Rasa,No,Lainnya,No
barang bagus sesuai deskripsi,unknown,5,Tokopedia,Positive,Bentuk,No,Lainnya,No
terima kasih barang mantappp,unknown,5,Tokopedia,Positive,Rasa,No,Lainnya,No
bagus dan sesuai pesanan,unknown,5,Tokopedia,Positive,Bentuk,No,Lainnya,No
kemasan rapih aman barang lengkap n harga terjangkau seller n bang kurir jg ramah mksh utk tokopedia,unknown,5,Tokopedia,Positive,Bentuk,No,Lainnya,No
alhamdulillah brng sdah sya trima recomended,unknown,5,Tokopedia,Positive,Lainnya,No,Lainnya,No
pengiriman cepat pesanan sesuai packing aman baru mau coba mbakoan next cari bako yg rasa lain mtr nuwun,unknown,5,Tokopedia,Positive,Rasa,No,Lainnya,No
wae keren alatnya berasa jadi pengrajin rokok matap seler ramah pros s cepat pengiriman juga cepat,unknown,5,Tokopedia,Positive,Rasa,No,Lainnya,No
mantep keren oke barang nya,unknown,5,Tokopedia,Positive,Lainnya,No,Lainnya,No
hasilnya bagus dan sangat memuaskan terimakasih tokopedia,unknown,5,Tokopedia,Positive,Bentuk,No,Lainnya,No
pengiriman cepatt barang sesuai pesanan harga terjangkau joossss,unknown,5,Tokopedia,Positive,Harga,No,Lainnya,No
mantap pengiriman sangat cepat produk aman,unknown,5,Tokopedia,Positive,Rasa,No,Lainnya,No
terimakasih barangnya da nyampe,unknown,5,Tokopedia,Positive,Lainnya,No,Lainnya,No
mantul dan recomanded,unknown,5,Tokopedia,Positive,Lainnya,No,Lainnya,No
makasih barang jadi aman sampai di tujuan,unknown,5,Tokopedia,Positive,Lainnya,No,Lainnya,No
respons cepat barang ok semua terimakasih seller dan toped,unknown,5,Tokopedia,Positive,Lainnya,No,Lainnya,No
packing aman makasihhhhhh,unknown,5,Tokopedia,Positive,Lainnya,No,Lainnya,No
barang jadi lebih aman dan pembeli tenang,unknown,5,Tokopedia,Positive,Lainnya,No,Lainnya,No
ds sukses terima kasih atas kerjasamanya sist,unknown,5,Tokopedia,Positive,Rasa,No,Lainnya,No
peking aman dan rapi puas,unknown,5,Tokopedia,Positive,Bentuk,No,Lainnya,No
packing rapih terimakasih,unknown,5,Tokopedia,Positive,Bentuk,No,Lainnya,No
gak dapet enaknya maaff,unknown,1,Tokopedia,Negative,Rasa,No,Lainnya,No
pelayanan nya gak seperti biasanya php,unknown,1,Tokopedia,Negative,Lainnya,No,Lainnya,No
kondisi karungnya banyak yg bolong sehingga tidak bisa d pakai,unknown,2,Tokopedia,Negative,Lainnya,No,Lainnya,No
kualitasnya di luar ekspektasi,unknown,2,Tokopedia,Negative,Bentuk,No,Lainnya,No
order pcs terkirim hanya pcs,unknown,2,Tokopedia,Negative,Lainnya,No,Lainnya,No
kualitas karung kurang bagus pengiriman lama,unknown,3,Tokopedia,Neutral,Bentuk,No,Lainnya,No
pesan yg datang karung sbagian banyak yg bolong ga bisa buat beras lagi,unknown,3,Tokopedia,Neutral,Lainnya,No,Lainnya,No
karungnya banyak yg bolong2 ga sesuai pesanan,unknown,3,Tokopedia,Neutral,Bentuk,No,Lainnya,No
lubang hangtag tidak rapih,unknown,2,Tokopedia,Negative,Bentuk,No,Lainnya,No
pemesanan kedua tapi hasilnya tidak rapi dan mengecewakan laminatingnya mengelupas di pinggir2 dan potongannya tidak rapi bolongan juga menonjol dan acak2an,unknown,2,Tokopedia,Negative,Bentuk,Yes,Lainnya,No
semua kelipet yg pakai mata ayam print an juga gak rapi kecewa sih,unknown,2,Tokopedia,Negative,Bentuk,Yes,Lainnya,No
tidak sesuai dengan pesanan tidak dilaminasi namun sudah di refund hanya biasa laminasi,unknown,3,Tokopedia,Neutral,Bentuk,No,Lainnya,No
kecewa produk banyak yg kurang,unknown,1,Tokopedia,Negative,Lainnya,Yes,Lainnya,Yes
respon penjual buruk barang tidak sesuai pesanan,unknown,1,Tokopedia,Negative,Bentuk,Yes,Lainnya,No
barang nya lama dikirimnya,unknown,1,Tokopedia,Negative,Lainnya,No,Lainnya,No
ga rapi bnyk yg item,unknown,1,Tokopedia,Negative,Bentuk,No,Lainnya,No
ukurannya tidak sesuai pesan 5x7 dikirim 4x6,unknown,1,Tokopedia,Negative,Bentuk,Yes,Lainnya,No
sambungannya tidak rapih,unknown,1,Tokopedia,Negative,Bentuk,No,Lainnya,No
pesanan tidak sesuai ukuran,unknown,1,Tokopedia,Negative,Bentuk,Yes,Lainnya,No
kecewa iklannya biru orange kirimnya biru sirver penjual yg yg asal kirim aja di tanya enggak ditanggapi lagi,unknown,1,Tokopedia,Negative,Lainnya,Yes,Lainnya,Yes
kecewa pesan apa cat sepatu yang di kirim malah lem lagi hadeeeh ya sudah lah yg pasti sih kecewa,unknown,1,Tokopedia,Negative,Bentuk,Yes,Lainnya,Yes
jelek jelek jelek jelek jelek jelek jelek tinggal ngopi,unknown,1,Tokopedia,Negative,Bentuk,No,Lainnya,No
kali ini saya kecewa mungkin karyawan teh nina agak lalai liat order sudah jelas ada pesanan bubble wrap dan dus tapi paket yg saya terima tanpa bubble wrap dan dus,unknown,1,Tokopedia,Negative,Lainnya,Yes,Lainnya,Yes
sudah sampai terima kasih y tp sdkt mengecewakan krn paketqu g di packing dos cuma bubble sja pdahal sy sdh atc dos bubble,unknown,1,Tokopedia,Negative,Lainnya,Yes,Lainnya,No
sangat kecewa pesen dkirim huuuuuufffttt,unknown,1,Tokopedia,Negative,Lainnya,Yes,Lainnya,No
beli bubble tp gak di kasih bubble biasax gak kecewa kali ini kecewa,unknown,1,Tokopedia,Negative,Lainnya,Yes,Lainnya,No
sangat kecewaaaa bangett pengiriman barang lamaaaaaa sekaliii tidak sesuai dengan waktu estimasi nya dan melebihi sampe hari lebihhh dari waktu estimasi nya kecewaaaa,unknown,1,Tokopedia,Negative,Bentuk,Yes,Lainnya,No
packing gak aman cuma dus tipis doang gak pake paper tube alhasil penyok2 ngebekas digambar berkerut2 fotonya pertama kali nyoba cetak disini dan alhasil sangat kecewa,unknown,1,Tokopedia,Negative,Bentuk,Yes,Lainnya,No
percuma pakai box extended kardus unitnya tetap aja penyot kecewa lah kasih bobble warp kek,unknown,1,Tokopedia,Negative,Lainnya,Yes,Lainnya,Yes
sangat kecewa extra box tidak dikirim sama sekali saya beli sepatu dan extra box tapi tidak ada extraboxnya saya hanya terima sepatu di dalam box besar,unknown,1,Tokopedia,Negative,Bentuk,Yes,Lainnya,No
saya udah pesen tp gak ada ini emg kesalahan saya pas mesen atau gimana udah bayar box tp gak ada box kan sedih boleh diulas bosku,unknown,1,Tokopedia,Negative,Harga,No,Lainnya,No
pesen double box tapi ga ada wujudnya,unknown,1,Tokopedia,Negative,Lainnya,No,Lainnya,No
saya pesan double box ini karena mau beli sepatu untuk kado maksudnya biar ga rusak box aslinya tapi pas sampe barangnya box nya cuma box aslinya aja d bungkus alhasil box aslinya penyok2 udah complain tapi belum ditanggapi sayang sekali padahal saya sudah sering belanja d toko ini cm gara2 hal kecil jd mengecewakan,unknown,1,Tokopedia,Negative,Bentuk,Yes,Lainnya,No
parahhhhh kecewa bgt bilang bahan yg tebel tpi datang tipis murahan mana pesanan di kali nilainya hasilnya jelek bgtttt jgn mau pesen di toko ini parah bgtttttttttttttttttttttttttttttttttt,unknown,1,Tokopedia,Negative,Bentuk,Yes,Lainnya,Yes
pemesanan kedua tapi hasilnya tidak rapi dan mengecewakan laminatingnya mengelupas di pinggir2 dan potongannya tidak rapi bolongan juga menonjol dan acak2an,unknown,2,Tokopedia,Negative,Bentuk,Yes,Lainnya,No
semua kelipet yg pakai mata ayam print an juga gak rapi kecewa sih,unknown,2,Tokopedia,Negative,Bentuk,Yes,Lainnya,No
kecewa dengan pelayanan toko ini dan nyesal denga toko ini paket lama datang dah itu paket tidak sampai di tempat tujuan kalau boleh saya sarankan kepada pembeli lainnya jangan pesan lagi deh barang disini mereka tidak bertanggung jawab,unknown,1,Tokopedia,Negative,Lainnya,Yes,Lainnya,Yes
sangat kecewa sekali tidak profesional sama sekali sy beli dikirim cuma dan tdk ada info apapun dari penjual,unknown,1,Tokopedia,Negative,Bentuk,Yes,Lainnya,No
minta black dikirim transparent black kecewa banget gasuka warnanya lain kali e commercenya teliti dalam menanggapi costumer,unknown,1,Tokopedia,Negative,Bentuk,Yes,Lainnya,No
bocor paket basah jd tinggal bublrwrap terikat isolasi aja plus liquid rasa nya mau gak mau tidak enak untuk yang lainnya botol kaca aman,unknown,1,Tokopedia,Negative,Rasa,No,Lainnya,No
bocor tutup tidak tertutup dengan rapat,unknown,1,Tokopedia,Negative,Lainnya,No,Lainnya,No
pesan 50pc dikirim 25pc padahal bayar 50pc sangat kecewa,unknown,1,Tokopedia,Negative,Harga,Yes,Lainnya,No
karungnya super tipis tidak sesuai di gambar,unknown,1,Tokopedia,Negative,Bentuk,Yes,Lainnya,Yes
kurang penjual kurang teliti atau sengaja,unknown,3,Tokopedia,Neutral,Lainnya,No,Lainnya,No
paket gepeng gosend gak bener pelayanan kurang bertanggung jawab done,unknown,1,Tokopedia,Negative,Lainnya,No,Lainnya,No
parahhhhh kecewa bgt bilang bahan yg tebel tpi datang tipis murahan mana pesanan di kali nilainya hasilnya jelek bgtttt jgn mau pesen di toko ini parah bgtttttttttttttttttttttttttttttttttt,unknown,1,Tokopedia,Negative,Bentuk,Yes,Lainnya,Yes
lubang nya jelek bgt,unknown,2,Tokopedia,Negative,Bentuk,No,Lainnya,No
salah kirim bos dikirim yang menthol mana rasa mentholnya strong banget lg overpower di mulut ngilangin rasa tembakaunya,unknown,2,Tokopedia,Negative,Rasa,Yes,Lainnya,No
kecewa beli terpal sesuai rekomendasi penjual terpal bocor lem tidak rata chat ke penjual after sale tidak digubris parah sih,unknown,1,Tokopedia,Negative,Bentuk,Yes,Lainnya,Yes
bungkusannya kaya dah pernah di buka asal aslan lecek smua fotonya,unknown,1,Tokopedia,Negative,Lainnya,No,Lainnya,No
rescue from damage box ngga guna jg nyampe rumah boxnya penyok2,unknown,1,Tokopedia,Negative,Lainnya,No,Lainnya,No
gak ada sablon di box nya harga mahal pula,unknown,2,Tokopedia,Negative,Harga,No,Lainnya,No
ancur dah pelayanannya gausah kesini dah kalo gak mau kapok,unknown,1,Tokopedia,Negative,Lainnya,No,Lainnya,No
barang sampah bilang authentic ternyata barang kw saya beli box sudah saya tanyakan kepastian katanya authentic saya pakai baru berapa jam sudah pahit barang kw semua,unknown,1,Tokopedia,Negative,Bentuk,No,Lainnya,No
penjual gak sopan santun diblngin malah ngengasss aneh,unknown,1,Tokopedia,Negative,Lainnya,No,Lainnya,No
pakai esktra bubble udah bayar ternyata saat dikirim tidak diberi bubble,unknown,1,Tokopedia,Negative,Harga,No,Lainnya,No
pengiriman sangat buruk respon penjual jg buruk ah kapok pesen d sini cm mau ambil untung doang ndak mau tau penjualnya seminggu baru terima barang,unknown,1,Tokopedia,Negative,Lainnya,Yes,Lainnya,No
ga ada gunanya atc ini tetap ga dikasi bubble bikin rugi aja,unknown,1,Tokopedia,Negative,Lainnya,No,Lainnya,No
padahal udh atc bubble tapi gaada paraaaaah tolong perbaikin biar pembeli puas,unknown,1,Tokopedia,Negative,Lainnya,No,Lainnya,Yes
percumaa atc orangg gakk adaaa dipakett nyaaa,unknown,1,Tokopedia,Negative,Lainnya,No,Lainnya,No
tidak layak packing nya bubblenya banyak yang kempes sepertinya bekas pakai,unknown,1,Tokopedia,Negative,Lainnya,No,Lainnya,No
heh bisa dagang gak looo gw udah bilang yah gw salah klik alamat kenapa lo malah tetep kirim barang kealamat gw yg salah lo kan udah jelas2 tolak order gue tarif ongkir 8rb dan gw atc ulang tarif ongkir 123rb kenapa lo tetep ngirim barang kelamat yang salah lo profesional dong udah barang gw nyasar gausah lo pura2 pk cancel barang kasih resi kalo emang barangnya tetep dikirim kealamat yg pertama gw sering belanja disini yah baru kali ini aja gue salah klik alamat tapi gw nyesel sama tanggepan lo,unknown,1,Tokopedia,Negative,Harga,No,Lainnya,No
beli tapi paketan datang g dikasih penyok dah,unknown,1,Tokopedia,Negative,Lainnya,No,Lainnya,No
saya udah beli tpi gaak di sertakan huh bohong,unknown,1,Tokopedia,Negative,Lainnya,Yes,Lainnya,No
mac hancur padahal sudah add bubbel krn kardus cuman nempel doank di mac jd ketindih2 pecah,unknown,1,Tokopedia,Negative,Lainnya,Yes,Lainnya,No
jelek sekali packingnya hand body saya pada tumpah,unknown,1,Tokopedia,Negative,Bentuk,Yes,Lainnya,No
ancuuuurrrr bubukkkk remukkk tak berbentukkkkkkkkkkkkkkkkkkllkl,unknown,1,Tokopedia,Negative,Bentuk,No,Lainnya,No
buruk super duper buruk kok bisa rusakk dlm nya ini pasti di banting2 sama jne heran udah di bilang pake yess yess malah reg sedia in yess dong tokopedia heran saya,unknown,1,Tokopedia,Negative,Bentuk,Yes,Lainnya,Yes
payahhh packing asal cm plastik dustnya manaaa,unknown,1,Tokopedia,Negative,Bentuk,No,Lainnya,No
koq dibungkus bubble doank tanpa kardus sy kan jg bayar kardus bubble sis,unknown,1,Tokopedia,Negative,Harga,No,Lainnya,No
kardus bekas pk bayar,unknown,1,Tokopedia,Negative,Harga,No,Lainnya,No
udah pesen pke dus gak ada dus nya mending gak udah pke dus dah,unknown,1,Tokopedia,Negative,Lainnya,No,Lainnya,No
packing tidak sesuai deskripsi kardussss bekassssss,unknown,1,Tokopedia,Negative,Bentuk,Yes,Lainnya,No
kemasan box bekas,unknown,1,Tokopedia,Negative,Bentuk,No,Lainnya,No
payah gk di ikut sertakan pdhl sudah byr ma af saya kirim hanya bintang,unknown,1,Tokopedia,Negative,Lainnya,No,Lainnya,No
mana gak ada bubble wrapnya,unknown,1,Tokopedia,Negative,Lainnya,No,Lainnya,No
ini kok ga ada di stand hanger pesanan saya buat apa saya tambahin biaya,unknown,1,Tokopedia,Negative,Harga,No,Lainnya,No
ga ada packing bubble nya,unknown,1,Tokopedia,Negative,Lainnya,No,Lainnya,No
percuma jg kasih buble warp dikasih brg reject pabrik ga bs kasih pot pula rese,unknown,1,Tokopedia,Negative,Lainnya,No,Lainnya,No
respon seller sangat cepat dan ramah packing sangat rapih recommended seller lah pokok nya,unknown,5,Tokopedia,Positive,Bentuk,No,Lainnya,No
ala cartenya leanding om tengkyu beli untuk yg kesekian kali selalu memuaskan sukses selalu,unknown,5,Tokopedia,Positive,Lainnya,No,Lainnya,No
ahh selalu memuaskan belanja disini,unknown,5,Tokopedia,Positive,Lainnya,No,Lainnya,No
mantap dislorikin aja bro,unknown,5,Tokopedia,Positive,Rasa,No,Lainnya,No
alhamdulillah untuk barang sangat sangat bagus sudah beli kali pesanan di proses dengan sangat cepat,unknown,5,Tokopedia,Positive,Bentuk,No,Lainnya,No
mantap sekali klu bisa kasih bintang wkwkkwkwk,unknown,5,Tokopedia,Positive,Rasa,No,Lainnya,No
packing rapi dan memuaskan mantabh,unknown,5,Tokopedia,Positive,Bentuk,No,Lainnya,No
mantapp packing rapi dan fast respon recommended lah,unknown,5,Tokopedia,Positive,Rasa,No,Lainnya,No
suka sama box nya ciamik dehhhhhhhhhhhhhhhhhhhhh,unknown,3,Tokopedia,Neutral,Bentuk,No,Lainnya,No
mantap sesuai ekspetasi proses cepat sipp lahhhhhhhhhhhhhhhhhhhhhh,unknown,5,Tokopedia,Positive,Rasa,No,Lainnya,No
mantap barangnya sesuai bagus makasih min,unknown,5,Tokopedia,Positive,Bentuk,No,Lainnya,No
mantap sesuai pesanan bakonya bener mentol respon cepat pengiriman cepat,unknown,5,Tokopedia,Positive,Rasa,No,Lainnya,No
hasil memuaskan bahan sesuai deskripsi dan pengerjaan cepat was wes wus,unknown,5,Tokopedia,Positive,Bentuk,No,Lainnya,No
suka banget belanja disini pelayanannya sangat cepat dan ramah juga kooperatif barang datang packagingnya aman bangettttttt hasilnya yaowoh memuaskan secinta itu sama final touch nya yakin repeat order kalo ada acara lagi,unknown,5,Tokopedia,Positive,Bentuk,No,Lainnya,No
repurchase warna yg beda toko fast respond dan sesuai review sebelumnya bahwa item sesuai dan bahan bagus lgsg menyerap ke bahan canvas sukses selalu,unknown,5,Tokopedia,Positive,Bentuk,No,Lainnya,No
manchapppp sy suka rekomen seller,unknown,5,Tokopedia,Positive,Lainnya,No,Lainnya,No
mantab rekomended banget,unknown,5,Tokopedia,Positive,Lainnya,No,Lainnya,No
terimakasih barangnya bagus banget,unknown,5,Tokopedia,Positive,Bentuk,No,Lainnya,No
kualitas dan bahanya sangat bagus,unknown,5,Tokopedia,Positive,Bentuk,No,Lainnya,No
sdh tahun berlangganan memakai cat sablon ini hasil ajib seller nya juga ajib,unknown,5,Tokopedia,Positive,Lainnya,No,Lainnya,No
mantep respon cepat pengiriman instan recomended banget,unknown,5,Tokopedia,Positive,Lainnya,No,Lainnya,No
barang udah sampai maaf baru konfirmasi sesuai review di yt barangnya rekomended buat yang mau menekan cost,unknown,5,Tokopedia,Positive,Bentuk,No,Lainnya,No
recommended seller udah order yg ke kali,unknown,5,Tokopedia,Positive,Lainnya,No,Lainnya,No
maaf baru ulas sibuk nyablon barang sudah saya terima pengiriman cepat ga nyampe jam respon seller oke kualitas josss packing oke langganan recommended seller mohon maaf tidak menyertakan photo produk karena sudah dijahit dan dikirim pokonya bagus ini untuk pembelian kesekian sekian sekian sekian kali terimakasih sehat selalu,unknown,5,Tokopedia,Positive,Bentuk,No,Lainnya,No
order teroooos moga smua dimudahkn rzq ny,unknown,5,Tokopedia,Positive,Lainnya,No,Lainnya,No
gatel di tenggorokan jgn beli deh loe nyesel gw beli,unknown,1,Tokopedia,Negative,Lainnya,No,Lainnya,No
barang pesanan sampai cuma tidak sesuai dengan yg saya pesan komplain tidak ditanggapi dibales cuma sekedarnya di telp tidak diangkat di wa gak di bales dr pada lama nunggu balasan dr agan ini mending saya jual aja tu liquid br kali ini belanja di tokopedia nemu seller yg kyak begini gak2 lagi2 deh belanja disini percuma di deskripsi gede2 ditulis jgn sampai kurang isi keterangan soalnya bkl an di kasih random ehhh ini malah seller nya sendiri yg salah begitu minta maaf pun gak mending dikasih nic pesannya nic tp produk sama lah ini seller salah ngirim produk yg dipesan kalo saya siy kecewa berat belanja disini krn barang salah kirim taunya bakalan susah di retur saya juga lg liburan gara2 begini saya sibuk ngurusin beginian nunggu2 masalah ini cepat kelar sorry to say not recommended seller,unknown,1,Tokopedia,Negative,Bentuk,Yes,Lainnya,Yes
karung baru bkn bekas tipis ga sesuai gambar kapok belanja lg,unknown,1,Tokopedia,Negative,Bentuk,No,Lainnya,No
karungnya lbh byk yg rusak drpd yg bagusnya ga bs dipakai buat beras lg,unknown,1,Tokopedia,Negative,Bentuk,Yes,Lainnya,Yes
mungkin pada saat pengiriman alangkah baiknya kalau di bungkus kardus dr lembar lembar bolong semoga kedepan lebih baik lg,unknown,1,Tokopedia,Negative,Lainnya,No,Lainnya,No
ancur dah pelayanannya gausah kesini dah kalo gak mau kapok,unknown,1,Tokopedia,Negative,Lainnya,No,Lainnya,No
not recommended seller,unknown,1,Tokopedia,Negative,Lainnya,No,Lainnya,Yes
mas yg filter ini kok saya enga terima yg lain itu ada cuman yg ini yg enga ada bagaimana,unknown,1,Tokopedia,Negative,Lainnya,No,Lainnya,No
alat linting nya patah rusak,unknown,1,Tokopedia,Negative,Lainnya,Yes,Lainnya,No
warna gak sesuai bukan hijau muda,unknown,1,Tokopedia,Negative,Bentuk,No,Lainnya,No
barang yang dikirim beda dengan di gambar yang dikirim merek tumpah gk jelas ditanya dapat kuas malah jawab yang lain hati2 tukang tipu gk niat jualan,unknown,1,Tokopedia,Negative,Lainnya,Yes,Lainnya,No
d produk yang d jual mereknya alus shoes tp pas nyampe mereknya tumpah pesennya warna cream datengnya coklat muda,unknown,1,Tokopedia,Negative,Bentuk,No,Lainnya,No
dijualnya barang yg udah mau expired pantesan aja koq murah,unknown,1,Tokopedia,Negative,Harga,No,Lainnya,No
beli packing dus sama bubble tp dus ndak dikirim mohon diperhatikan kembali,unknown,1,Tokopedia,Negative,Bentuk,No,Lainnya,No
udah order buble tapi buble nya gk ada untung gk kenapa2,unknown,1,Tokopedia,Negative,Lainnya,No,Lainnya,No
jelek sekali packingnya hand body saya pada tumpah,unknown,1,Tokopedia,Negative,Bentuk,Yes,Lainnya,No
packing sama sekali gak ada dus bubble,unknown,1,Tokopedia,Negative,Bentuk,No,Lainnya,No
ancuuuurrrr bubukkkk remukkk tak berbentukkkkkkkkkkkkkkkkkkllkl,unknown,1,Tokopedia,Negative,Bentuk,No,Lainnya,No
g dikirim sm bubble wrap t t,unknown,1,Tokopedia,Negative,Lainnya,No,Lainnya,No
gk ada tambahan bublenya yg ada banyak koran nya,unknown,1,Tokopedia,Negative,Bentuk,No,Lainnya,No
tidak bisa maksimal hasilnya tetap saja ada yang pecah,unknown,1,Tokopedia,Negative,Lainnya,No,Lainnya,No
udah tertulis buble tp gak ada bublenya untung g pecah mau komplain nanggung uang 2rb,unknown,1,Tokopedia,Negative,Lainnya,Yes,Lainnya,No
bubel gak di kasih padahal ud atc,unknown,1,Tokopedia,Negative,Lainnya,No,Lainnya,No
bubble tdk ada padahal saya sudah pesan bubble,unknown,1,Tokopedia,Negative,Lainnya,No,Lainnya,No
gk di kasih ini padahal sya sudah beli,unknown,1,Tokopedia,Negative,Lainnya,No,Lainnya,No
pipetnya tidak dikirim,unknown,1,Tokopedia,Negative,Lainnya,No,Lainnya,No
tidak ada dlm box,unknown,1,Tokopedia,Negative,Lainnya,No,Lainnya,No
respon seller lambat hari dl baru barang dikirim,unknown,1,Tokopedia,Negative,Lainnya,No,Lainnya,No
lamaaaa bgt hampir hr kaya preorder barang d proses stlh hari itu pun blm d kirim barang sampe kurang di komplain awal nya d terima ga lama d cancel komplain nya ga ada penjelasan,unknown,1,Tokopedia,Negative,Lainnya,Yes,Lainnya,No
pesan nut slider kenapa cuma datang,unknown,1,Tokopedia,Negative,Lainnya,No,Lainnya,No
tidak dipotong sesuai permintaan,unknown,1,Tokopedia,Negative,Bentuk,No,Lainnya,No
tidak recomend seller dan hati kalau berbelanja di seller ini karena seller nya tidak bertanggung jawab,unknown,1,Tokopedia,Negative,Lainnya,No,Lainnya,No
bocor rembes bagian atas kalo dimiringin bisa abis,unknown,1,Tokopedia,Negative,Lainnya,No,Lainnya,No
packing terlalu padet liquid bocor banyak,unknown,1,Tokopedia,Negative,Lainnya,No,Lainnya,No
bahan jelek mudah patah baru dua x pakai saja sudah patah jarumnya dan pegangannya keras sekali sungguh sangat merepotkaan dan membuta kerja lebih lambat lebih baik beli yang agak mahal tapi lebih berkualitas,unknown,1,Tokopedia,Negative,Bentuk,No,Lainnya,No
barang gampang rusak jarumnya lepas terlempar,unknown,1,Tokopedia,Negative,Bentuk,Yes,Lainnya,No
pengiriman sih cepat cuma tag gun nya langsung rusak ga bisa dipake gan saran mnding di test dulu sebelum dikirim produknya supaya lain kali ngga kejadian kayak gini lagi,unknown,2,Tokopedia,Negative,Lainnya,Yes,Lainnya,No
kualitas bukan foto asli tapi hanya cetakan foto digital dgn kretas kualitas rendah kami tidak bisa menggunakan ini untuk exhibition kami karena kualitasnya terlalu rendah,unknown,2,Tokopedia,Negative,Bentuk,No,Lainnya,No
tolong d perhatikan sblum d kirim pak order cream custard yg datang cream poundcake,unknown,1,Tokopedia,Negative,Lainnya,No,Lainnya,No
notrecomedet respon lambat pengiriman lambat penjual tidak ramah janji mau beri bonus,unknown,1,Tokopedia,Negative,Lainnya,No,Lainnya,No
slalu ok belanja disini,unknown,5,Tokopedia,Positive,Lainnya,No,Hobi & Hiburan,No
lampunya terang pas di kepala produk yang diterima lengkap,unknown,5,Tokopedia,Positive,Bentuk,No,Hobi & Hiburan,No
barang sesuai gambar pengiriman juga cepat,unknown,5,Tokopedia,Positive,Bentuk,No,Hobi & Hiburan,No
berfungsi dengan baik,unknown,5,Tokopedia,Positive,Lainnya,No,Hobi & Hiburan,No
pembelian kesekian kalinya puas packing aman kuat dan kokoh,unknown,5,Tokopedia,Positive,Bentuk,No,Hobi & Hiburan,No
produk yang diterima lengkap lampunya terang pas di kepala pengiriman standard paket sampai dengan aman makasih,unknown,5,Tokopedia,Positive,Bentuk,No,Hobi & Hiburan,No
terima kasih barang sampai dan sesuai deskripsi,unknown,5,Tokopedia,Positive,Bentuk,No,Hobi & Hiburan,No
bagus sesuai deskripsi,unknown,5,Tokopedia,Positive,Bentuk,No,Hobi & Hiburan,No
trmksh barang sesuai pesanan fungsi normal tingkatkan terus pelayanan,unknown,5,Tokopedia,Positive,Bentuk,No,Hobi & Hiburan,No
barang sudah diterima nih kak makasih yaa,unknown,5,Tokopedia,Positive,Lainnya,No,Hobi & Hiburan,No
nyaman ga licin mantebbb,unknown,5,Tokopedia,Positive,Bentuk,No,Hobi & Hiburan,No
produk original nyaman dipakai dijamin termurah,unknown,5,Tokopedia,Positive,Bentuk,No,Hobi & Hiburan,No
sudah kesekian kali saya belanja produk atalon sangat puas pengirima cepat produk original bahannya pun nyaman di pakai pokoknya recommended buat pecinta olahraga lari dll produk original dijamin termurah nyaman dipakai,unknown,5,Tokopedia,Positive,Bentuk,No,Hobi & Hiburan,No
pas mantab sebelumnya sempat keabisan stock tapi akhirnya skrg kebagian juga,unknown,5,Tokopedia,Positive,Bentuk,No,Hobi & Hiburan,No
produk original nyaman dipakai,unknown,5,Tokopedia,Positive,Bentuk,No,Hobi & Hiburan,No
udah berkali beli disini adminny bener sopan sangat responsive sempet salah ukuran langsung bisa retur buat ganti ukuranny proses mudah cepatt emg the best atalon,unknown,5,Tokopedia,Positive,Bentuk,No,Hobi & Hiburan,No
bagus bahannya enak,unknown,5,Tokopedia,Positive,Bentuk,No,Hobi & Hiburan,No
nyaman dipakai enak sih dipakai kantong belakang ngebantu banget buat nyimpen hape,unknown,5,Tokopedia,Positive,Rasa,No,Hobi & Hiburan,No
barang cakep bahan adem kantong juga lega plus ada resleting pengiriman cepat terbaik,unknown,5,Tokopedia,Positive,Bentuk,No,Hobi & Hiburan,No
nyaman dipakai bahannya enak fitting buat lari banget kekecilan sebenernya tapi tenang ada garansi hari bisa tuker size produk original,unknown,5,Tokopedia,Positive,Bentuk,No,Hobi & Hiburan,No
produk original dijamin termurah nyaman dipakai,unknown,5,Tokopedia,Positive,Bentuk,No,Hobi & Hiburan,No
packing rapih cepat dan produk sesuai deskripsi recommended seller,unknown,5,Tokopedia,Positive,Bentuk,No,Hobi & Hiburan,No
terima kasih barang sudah diterima cukup bagus bahan n designnya nyaman dipakai,unknown,5,Tokopedia,Positive,Bentuk,No,Hobi & Hiburan,No
bagus dan ini order saya yang kedua,unknown,5,Tokopedia,Positive,Bentuk,No,Hobi & Hiburan,No
sudah diterima dengan baik produk sesuai dan nyaman dipakai terima kasih,unknown,5,Tokopedia,Positive,Bentuk,No,Hobi & Hiburan,No
enak celananya nyaman dipakai,unknown,5,Tokopedia,Positive,Rasa,No,Hobi & Hiburan,No
barang bagus sesuai expectasi nih order lagi keep up the best quality and service,unknown,5,Tokopedia,Positive,Bentuk,No,Hobi & Hiburan,No
berfungsi dengan baik,unknown,5,Tokopedia,Positive,Lainnya,No,Hobi & Hiburan,No
sesuai pesanan yaa lama bgt smpx tp kualitas bahan mantap dijamin termurah berfungsi dengan baik,unknown,5,Tokopedia,Positive,Bentuk,No,Hobi & Hiburan,No
seluruh barang diterima dalam keadaan baik dan sesuai deskripsi terima kasih,unknown,5,Tokopedia,Positive,Bentuk,No,Hobi & Hiburan,No
kencang dan nyaman aman untuk aktivitas dijamin termurah,unknown,5,Tokopedia,Positive,Harga,No,Hobi & Hiburan,No
sesuai pesanan mantap,unknown,5,Tokopedia,Positive,Rasa,No,Hobi & Hiburan,No
barang telah sampai dengan packaging yg bagus,unknown,5,Tokopedia,Positive,Bentuk,No,Hobi & Hiburan,No
bahannya adem banget ini yang saya butuhkan murah kualitas ga murahan thanks seller dan tokped,unknown,5,Tokopedia,Positive,Bentuk,No,Hobi & Hiburan,No
jadi semangat mancing,unknown,5,Tokopedia,Positive,Lainnya,No,Hobi & Hiburan,No
joss produknya toko respon cepat,unknown,5,Tokopedia,Positive,Lainnya,No,Hobi & Hiburan,No
mantap cepat sampai,unknown,5,Tokopedia,Positive,Rasa,No,Hobi & Hiburan,No
nyaman dipakai yoga produk sesuai ekspektasi,unknown,5,Tokopedia,Positive,Bentuk,No,Hobi & Hiburan,No
cepat memproses pengiriman dipacking aman dan rapih,unknown,5,Tokopedia,Positive,Bentuk,No,Hobi & Hiburan,No
barang sangat jelek tipis kaku tidak elastis tidak sesuai dengan harganya saya sangat kecewa berat jangan sampai beli ini disini lagi,unknown,1,Tokopedia,Negative,Bentuk,Yes,Hobi & Hiburan,No
barang cacat sablonnya tidak rapih sudah luntur ketika diterima,unknown,1,Tokopedia,Negative,Bentuk,Yes,Hobi & Hiburan,No
bru dipakai kali alat sudah rusak penjual tdak bsa menganti,unknown,1,Tokopedia,Negative,Lainnya,Yes,Hobi & Hiburan,No
mengecewakan barang tdk sesuai dgn yg ditawarkan ada cacat berlubang dan buatan kasar,unknown,1,Tokopedia,Negative,Bentuk,Yes,Hobi & Hiburan,No
gak bisa nyala,unknown,1,Tokopedia,Negative,Lainnya,No,Hobi & Hiburan,No
maaf saya kasih bintang katanya barang udha dicek aktual sampe saya rusak,unknown,1,Tokopedia,Negative,Lainnya,Yes,Hobi & Hiburan,No
sy apes diorderan yang entah keberapa ini ternyata penjual tidak ramah terhadap pelanggan,unknown,1,Tokopedia,Negative,Lainnya,No,Hobi & Hiburan,No
penjual bilang batterynya ternyata battery tanam yg tdk bisa di ganti2 kecewa lah aku,unknown,1,Tokopedia,Negative,Lainnya,Yes,Hobi & Hiburan,No
tali senter kepala berubah gak bagus kecewa,unknown,1,Tokopedia,Negative,Bentuk,Yes,Hobi & Hiburan,No
barangnya kurang satu,unknown,1,Tokopedia,Negative,Lainnya,No,Hobi & Hiburan,No
gabisa di pakai kcewa dahhh,unknown,1,Tokopedia,Negative,Lainnya,No,Hobi & Hiburan,No
kecewa sih sama barangnya ngk sesuai ekpektasi ngk bisa dilempar dong,unknown,1,Tokopedia,Negative,Bentuk,Yes,Hobi & Hiburan,Yes
mhon maaf cuma bntang soal ny saya kecewa pas d buka pertama x ada lecet lecet nya di bagian atas tutup pen,unknown,2,Tokopedia,Negative,Bentuk,Yes,Hobi & Hiburan,Yes
ada kekecewaan ketika lihat brg datang aq pikir barang beda dgn fishing pen yg ada dipasaran tp ternyata sma saja mlah ini meragukan ketahanannya lihat fto komentar smua typenya sma tp yg dikirim ke aq mlah beda,unknown,3,Tokopedia,Neutral,Bentuk,No,Hobi & Hiburan,No
repon dan pengiriman lambat di luar estimasi,unknown,1,Tokopedia,Negative,Lainnya,No,Hobi & Hiburan,No
pesan dikirim ga bisa komplain karena ga ada video sudah dikirim foto tetap gabisa respon lama baru sehari setelahnya minta no resi ga waktu hari pas komplain minta nomor resi silahkan ambil 16rbu nya,unknown,1,Tokopedia,Negative,Bentuk,Yes,Hobi & Hiburan,No
barang yg dikirim tidak ada dilist barang yg surah ditulis tapi dianggap ada padahal yg bikinnlist penjual sendiri dia yg menginkarin sendiri,unknown,1,Tokopedia,Negative,Lainnya,No,Hobi & Hiburan,No
kecewa sama seller dan toko nya beli produk flash sale tp malah stok kosong udah gitu kirim nya lama banget seller nya jaka sembung lagi,unknown,1,Tokopedia,Negative,Bentuk,Yes,Hobi & Hiburan,Yes
kecewa aja sih sama kebijakan tokonya huhu,unknown,1,Tokopedia,Negative,Bentuk,Yes,Hobi & Hiburan,Yes
mengecewakan tidak sesuai diskripsi panjangnya ternyata 30cm di diskripsi 40cm pesan ps semuanya panjangnya cm ajuin komplain malah rugi di ongkir sial deh,unknown,1,Tokopedia,Negative,Bentuk,Yes,Hobi & Hiburan,No
tipis bgt kyk stocking,unknown,3,Tokopedia,Neutral,Bentuk,No,Hobi & Hiburan,No
sedikit agak lama pengiriman nya dan pengemasan plastiknya tipis,unknown,3,Tokopedia,Neutral,Bentuk,No,Hobi & Hiburan,No
umpanya gx jalan,unknown,1,Tokopedia,Negative,Lainnya,No,Hobi & Hiburan,No
tidak sesuai dg yg saya mau minta bam pengeras dikasih bam jagung tuh fotony kecewaaaaaaaaaa,unknown,1,Tokopedia,Negative,Bentuk,Yes,Hobi & Hiburan,Yes
gk di makan sama skali,unknown,1,Tokopedia,Negative,Bentuk,No,Hobi & Hiburan,No
matras nya ada sobek,unknown,1,Tokopedia,Negative,Lainnya,No,Hobi & Hiburan,No
ada lubang di matras pas buka plastiknya,unknown,1,Tokopedia,Negative,Bentuk,No,Hobi & Hiburan,No
kaca depan banyak yg lecet seperti barang retur d jual lagi,unknown,1,Tokopedia,Negative,Bentuk,Yes,Hobi & Hiburan,No
kacamata sangat rentan dipakai sekali patah karena bagian karet dengan plastiknya menempel dengan kaitan kecil saja sehingga mudah patah,unknown,1,Tokopedia,Negative,Bentuk,No,Hobi & Hiburan,No
apabila pesanan tidak tersedia jangan kirim selain yg dipesan walau hanya beda warna saya mencari warna merah dikirim warna biru mengecewakan,unknown,3,Tokopedia,Neutral,Bentuk,No,Hobi & Hiburan,No
pengait senter patahh sangt kecewaa,unknown,1,Tokopedia,Negative,Lainnya,Yes,Hobi & Hiburan,Yes
sangat kecewa baru buka dari kotaknya sudah ada pegangan karet kepalanya patah ke dua saya mau ngecas batrai pengecasannya konslet untung tidak terjadi kebakaran sangat2 kecewa berbelanja di sini,unknown,1,Tokopedia,Negative,Bentuk,Yes,Hobi & Hiburan,No
kecewa kaca lampu yang kecil nya ga ad satu,unknown,1,Tokopedia,Negative,Bentuk,Yes,Hobi & Hiburan,Yes
tidak sesuai dg yg saya mau minta bam pengeras dikasih bam jagung tuh fotony kecewaaaaaaaaaa,unknown,1,Tokopedia,Negative,Bentuk,Yes,Hobi & Hiburan,Yes
model lumayan kren tapi kecewa di batre senternya hnya bertahan skitar jam aja,unknown,1,Tokopedia,Negative,Bentuk,Yes,Hobi & Hiburan,No
cuma agak kecewa produk tidak sesuai deskripsi tertulis bahan aluminium yg diterima bahan plastik semua tertarik beli karena di deskripsi tertulis aluminium,unknown,1,Tokopedia,Negative,Bentuk,Yes,Hobi & Hiburan,No
warna yg dipilih kuning knp dikasih yg hijau,unknown,1,Tokopedia,Negative,Bentuk,No,Hobi & Hiburan,No
pengiriman lama banget oder hr minggu baru dikirim kamis setiap ditanya jawabnya masih proses barang dikirim salah size dan warna order merah yg dikirim hitam parah koordinasi nya,unknown,1,Tokopedia,Negative,Bentuk,Yes,Hobi & Hiburan,No
padahal gw uda kasih note warna merah dan gw udah chat kepenjual juga yang dateng malah warna ungu error nih yang jual kesel gw,unknown,1,Tokopedia,Negative,Bentuk,Yes,Hobi & Hiburan,No
beli datangnya barang gk sesuai foto ketajaman biasa yg jual goblok selamat makan uang haram,unknown,1,Tokopedia,Negative,Bentuk,No,Hobi & Hiburan,No
bintang karena proses nya yg lambat bukan karena barang nya pesan kamis pake pengiriman hari barang datang minggu siang bukan kesalahan kurir status on proses nya dr kamis sampai ke sabtu malam baru samapi d kurir tanpa info apapun dr seller saya sudah baca kebijakan terlambat covid toleransi hari tp ini dr kamis sampai ke minggu brp hari ya,unknown,1,Tokopedia,Negative,Bentuk,No,Hobi & Hiburan,No
tko libur ga ad pmbritahuannya pdhl aq psn sblm tgl merah chat dibls cm stu kta slma 1x24 jam hmpir sja kulaporin ke pusat bantuan,unknown,1,Tokopedia,Negative,Bentuk,No,Hobi & Hiburan,No
barang ada yang cacat beli yang satunya lagi cacat,unknown,2,Tokopedia,Negative,Lainnya,Yes,Hobi & Hiburan,No
sprti barang bekas,unknown,3,Tokopedia,Neutral,Lainnya,No,Hobi & Hiburan,No
toko tidak amanah diminta untuk dikirim kekurangannya yaitu karet baut dll untuk penahan stick nya namun kena ghosting tidak ada kabar dan itikad baik hingga saat ini terima kasih,unknown,1,Tokopedia,Negative,Rasa,No,Hobi & Hiburan,No
kirim paket ga ngotak resolusi arbiter tokopedia useless,unknown,1,Tokopedia,Negative,Lainnya,No,Hobi & Hiburan,No
pengiriman lama sekali,unknown,1,Tokopedia,Negative,Lainnya,No,Hobi & Hiburan,No
kurang memuaskan pesan matrass dengan motif yg sama tapi yang datang satunya tidak sesuai dengan deskripsi dan foto tidak ada motipnya dan seller tidak memberi solusi sampai saat ini,unknown,2,Tokopedia,Negative,Bentuk,Yes,Hobi & Hiburan,No
pesannya hitam datang barangnya biru kesal kali dan malas komplain,unknown,1,Tokopedia,Negative,Lainnya,Yes,Hobi & Hiburan,No
kacamata kotor seperti bekas atau stok lama banyak kotoran ramatnya,unknown,2,Tokopedia,Negative,Bentuk,No,Hobi & Hiburan,No
disuruh cek sebelum kirim tapi barang rusak yang dikirim mantap tobat beli disini tidak amanah,unknown,1,Tokopedia,Negative,Rasa,Yes,Hobi & Hiburan,Yes
saya nanya baik ga niat komplain jg tp dijawabnya kok gini bgt sangat ga ramah sombong sekali,unknown,1,Tokopedia,Negative,Lainnya,Yes,Hobi & Hiburan,No
barang tidak bagus murahan,unknown,1,Tokopedia,Negative,Harga,No,Hobi & Hiburan,No
njir dikasih barang pecah guoblok yg dagang,unknown,1,Tokopedia,Negative,Lainnya,No,Hobi & Hiburan,No
jelek jgn beli disini kecewa harga murah emang murahan bahannya nyesal penjualnya,unknown,1,Tokopedia,Negative,Harga,Yes,Hobi & Hiburan,Yes
seller kirim barang kurang beli datang hanya dikomplain baik2 malah bilang ga mungkin nuduh buyer bohong padahal cuma uang 50rb an selisihnya coba cek tuh sistem sortir disananya ga bikin kaya kalo cuma mau nilep 50rb an mah,unknown,1,Tokopedia,Negative,Lainnya,Yes,Hobi & Hiburan,No
ini mah bukan pvc bahanny tipis banget pu jg tipis tapi ga setipis ini bikin rugi w aja dicutting melenceng mulu mending mesin w xiomi ini graphtec yg puluhan juta bener kage beres nih toko sampah,unknown,1,Tokopedia,Negative,Bentuk,No,Hobi & Hiburan,No
barang kurang bagus tipis pokoknya jelek,unknown,1,Tokopedia,Negative,Bentuk,No,Hobi & Hiburan,No
busa doank gak ada mika bwt pelindungnya,unknown,1,Tokopedia,Negative,Bentuk,No,Hobi & Hiburan,No
respon penjual sangat jelek ditanyain hari ni besok baru balas,unknown,1,Tokopedia,Negative,Bentuk,No,Hobi & Hiburan,No
busa doank tidak saya rekomendasikan,unknown,2,Tokopedia,Negative,Lainnya,No,Hobi & Hiburan,No
size l kecil bgt sih mana ga ada keterangan size bajunya aneh bgt admin jg no respon,unknown,1,Tokopedia,Negative,Bentuk,No,Hobi & Hiburan,No
katanya fit to l ternyata fit to m gambar juga ngak sesuai dengan poto,unknown,1,Tokopedia,Negative,Bentuk,No,Hobi & Hiburan,No
tidak sesuai gambar ada cacat jerseynya sablonya berantakan ukuran juga tidak sesuai yg dipesan kayaknya toko asal kirim barang saja,unknown,1,Tokopedia,Negative,Bentuk,Yes,Hobi & Hiburan,No
jelekkk sepatu nya gak,unknown,1,Tokopedia,Negative,Bentuk,No,Hobi & Hiburan,No
bahan sepatu jelek bahan kalep cpt rusak,unknown,1,Tokopedia,Negative,Bentuk,Yes,Hobi & Hiburan,No
beli dua beda warna xxl datang beda ukuran warna hitam ukuran l dimasukin ke xxl parah itu sih bukan toleransi ukuran lg kl beda segitu,unknown,1,Tokopedia,Negative,Bentuk,Yes,Hobi & Hiburan,No
sory yah pesanan ga sesuai minta xxl di deskrisi lebar panjang yg datang lebar panjang nda muat boss,unknown,1,Tokopedia,Negative,Bentuk,No,Hobi & Hiburan,No
pesan buah xxxl ukuran lingkar dada cm yg datang dan cm jauh bos ukurannya cuma kepake buat lap motor aja ini mah,unknown,1,Tokopedia,Negative,Bentuk,No,Hobi & Hiburan,No
barang palsu asli kw,unknown,1,Tokopedia,Negative,Bentuk,Yes,Hobi & Hiburan,No
ga sesuai foto dan bahan bukan kulit lembu bohong,unknown,1,Tokopedia,Negative,Bentuk,Yes,Hobi & Hiburan,No
trima kasih yah berfungsi dgn sangat baik produk nyaman mudah dipakai packing aman kualitas bahan tinggi dijamin termurah,unknown,5,Tokopedia,Positive,Bentuk,No,Hobi & Hiburan,No
kualitas bahan tinggi packing aman dijamin termurah produk nyaman mudah dipakai,unknown,5,Tokopedia,Positive,Bentuk,No,Hobi & Hiburan,No
kualitas barangnya bagus banget gampang dipasang dan berfungsi dg baik packing aman very recommended,unknown,5,Tokopedia,Positive,Bentuk,No,Hobi & Hiburan,No
mantap enak buat sit up,unknown,5,Tokopedia,Positive,Rasa,No,Hobi & Hiburan,No
sesuai deskripsi produk berfungsi dengan baik packing aman harga bersahabat,unknown,5,Tokopedia,Positive,Bentuk,No,Hobi & Hiburan,No
puas banget rekomendid banget blnja d sini,unknown,5,Tokopedia,Positive,Lainnya,No,Hobi & Hiburan,No
produk original nyaman dipakai pembelian ke dan masih sangat puas sukses selalu yaa,unknown,5,Tokopedia,Positive,Bentuk,No,Hobi & Hiburan,No
barang sudah diterima dan kualitas brg tidak mengecewakan mantap abis,unknown,5,Tokopedia,Positive,Rasa,No,Hobi & Hiburan,No
bahan oke joss lahh,unknown,5,Tokopedia,Positive,Bentuk,No,Hobi & Hiburan,No
kualitas sangat bagus sekali sama seperti di foto pengiriman juga sangat cepat mantap lah pokoknya,unknown,5,Tokopedia,Positive,Bentuk,No,Hobi & Hiburan,No
respon cepat barang sesuai pesanan tingkatkan kepercayaan dan kepuasan pelanggan recommended,unknown,5,Tokopedia,Positive,Bentuk,No,Hobi & Hiburan,No
mantaappp sekaliii seller gercep babgett barang juga cepet sampee nii kencang dan nyaman aman untuk aktivitas dijamin termurah,unknown,5,Tokopedia,Positive,Harga,No,Hobi & Hiburan,No
keren om barang nya,unknown,5,Tokopedia,Positive,Lainnya,No,Hobi & Hiburan,No
nyaman untuk olahraga harga bersaing dijamin termurah,unknown,5,Tokopedia,Positive,Harga,No,Hobi & Hiburan,No
terima kasih barangnya sudah sampai dgn selamat produknya oke banget packagingnya juga aman recommended banget,unknown,5,Tokopedia,Positive,Bentuk,No,Hobi & Hiburan,No
ini pembelian yg ke keren lah nyaman untuk olahraga,unknown,5,Tokopedia,Positive,Bentuk,No,Hobi & Hiburan,No
pngiriman super cepat pengemasan rapi brg sesuai deskripsi,unknown,5,Tokopedia,Positive,Bentuk,No,Hobi & Hiburan,No
kualitas bahan mantap dijamin termurah berfungsi dengan baik,unknown,5,Tokopedia,Positive,Bentuk,No,Hobi & Hiburan,No
bagus alatnya harga sesuai dengan kualitasnya tp msh masuk akal dibanding merk yg lain dengan harga diatas kualitasnya sama seperti ini untuk seller juga responnya cepat tanggap mantap,unknown,5,Tokopedia,Positive,Bentuk,No,Hobi & Hiburan,No
kualitas bahan mantap dijamin termurah berfungsi dengan baik semoga awet tks,unknown,5,Tokopedia,Positive,Bentuk,No,Hobi & Hiburan,No
kualitas bahan mantap,unknown,5,Tokopedia,Positive,Bentuk,No,Hobi & Hiburan,No
barang bagus sesuai deskripsi murah tapi gak murahan,unknown,5,Tokopedia,Positive,Bentuk,No,Hobi & Hiburan,No
kualitas bahan mantap berfungsi dengan baik pengiriman cepat respon cepat paking rapi dijamin termurah,unknown,5,Tokopedia,Positive,Bentuk,No,Hobi & Hiburan,No
pengiriman cepat seller responsive barang nya bagus grip nya solid meskipun bahan plastik tapi nyaman di genggam adjust nya juga berfungsi dengan baik harganya murah bgt puas beli ini,unknown,5,Tokopedia,Positive,Bentuk,No,Hobi & Hiburan,No
dijamin termurah tapi buka murahan kualitas bahan mantap berfungsi dengan baik,unknown,5,Tokopedia,Positive,Bentuk,No,Hobi & Hiburan,No
mantul kualitas bahan mantap,unknown,5,Tokopedia,Positive,Bentuk,No,Hobi & Hiburan,No
barangnya original instalasi mudah garansi resmi tahan lama,unknown,5,Tokopedia,Positive,Bentuk,No,Hobi & Hiburan,No
instalasi mudah pengiriman cpt respon cpt trims seller smoga awet aamiin sukses selalu seller tokopedia,unknown,5,Tokopedia,Positive,Bentuk,No,Hobi & Hiburan,No
selalu bagus produknya pembelian ke mantapp min smoga laris,unknown,5,Tokopedia,Positive,Rasa,No,Hobi & Hiburan,No
mantul semuanya ok,unknown,5,Tokopedia,Positive,Lainnya,No,Hobi & Hiburan,No
produk yang diterima lengkap lampunya terang pas di kepala gak sempet foto barang bagus proses cepat penjual respon nya melambay terima kasih,unknown,5,Tokopedia,Positive,Bentuk,No,Hobi & Hiburan,No
produk yang diterima lengkap pas di kepala lampunya terang mantap pokoknya rekomendasi,unknown,5,Tokopedia,Positive,Rasa,No,Hobi & Hiburan,No
mantap pengiriman nya cepat banget barang oke semua dan berfungsi kondisi mulus mantap cahaya nya juga terang banget top markotop,unknown,5,Tokopedia,Positive,Rasa,No,Hobi & Hiburan,No
barang lecet tidak bisa diganti karna saat unboxing tidak di video pelajaran untuk yg mau beli disini kalo mau buka paketnya di videoin biar ga kaya saya dapet raket lecet,unknown,1,Tokopedia,Negative,Lainnya,No,Hobi & Hiburan,No
hati2 untuk yng beli alat ini saya baru pake kali dan besiny copot dari base nya seller tidak memberikan solusi padahal saya meminta replacement dan bukan refund saya sarankan untuk membeli merek lain dripda membeli brang defect dari toko ini,unknown,1,Tokopedia,Negative,Bentuk,Yes,Hobi & Hiburan,No
toko yang tidak rekomended pelayanan pengiriman tidak sesuai kenyataan yg tertulis di deskripsi dan terdapat barang yg kurang malah tidak di kirim lebih memilih kembalikan dana pembeli,unknown,1,Tokopedia,Negative,Bentuk,Yes,Hobi & Hiburan,No
sleeping bag nya not recomend tipis banget,unknown,1,Tokopedia,Negative,Bentuk,No,Hobi & Hiburan,No
gua rekomendasi jgn beli disini toko ndak amanah sama skali beli bola keliru ngasih tikar ok saya maklumi lalu saya kembalikan barangnya dan saya minta kirim ulang customer ndak difollow up sama skali sampek skarang uda stngh bulan belum dikirim,unknown,1,Tokopedia,Negative,Bentuk,No,Hobi & Hiburan,No
ada satu kurang kabel satu jadi tolong lebih teliti lagi dalam pengiriman nya,unknown,1,Tokopedia,Negative,Lainnya,No,Hobi & Hiburan,No
ini retak gimana ya kok pembungkusnya apa nggak dicek dulu sebelum dikirim,unknown,1,Tokopedia,Negative,Lainnya,No,Hobi & Hiburan,No
salah size minta xl dikirimnya s,unknown,2,Tokopedia,Negative,Lainnya,No,Hobi & Hiburan,No
xxl nya kekecilan,unknown,1,Tokopedia,Negative,Bentuk,No,Hobi & Hiburan,No
saya pesan ukuran xl tapi yang datang kuruan m ngak bisa pakai returnya gmn,unknown,1,Tokopedia,Negative,Bentuk,Yes,Hobi & Hiburan,No
baru dibuka ternyata robek,unknown,1,Tokopedia,Negative,Lainnya,No,Hobi & Hiburan,No
tidak sesuai dengan kualitasnya dan panjangnya di gambar,unknown,1,Tokopedia,Negative,Bentuk,Yes,Hobi & Hiburan,No
fitting tidak sesuai dgn celana pendek umumnya,unknown,2,Tokopedia,Negative,Bentuk,Yes,Hobi & Hiburan,No
tidak sesuai dengan gambar,unknown,2,Tokopedia,Negative,Bentuk,Yes,Hobi & Hiburan,No
barang tidak ada komplain tidak direspon pelajaran buat yg beli disini cek hati2 saat datang,unknown,1,Tokopedia,Negative,Lainnya,Yes,Hobi & Hiburan,No
barang tidak dikirim dikasih resi kosong,unknown,1,Tokopedia,Negative,Lainnya,No,Hobi & Hiburan,No
barang yg dikirim ternyata cacat produk sisi yg satunya lepasan tdk ada ukuran pengait nya,unknown,1,Tokopedia,Negative,Bentuk,Yes,Hobi & Hiburan,No
cuman bisa dipanjangin sebelah sebelah yang nga bs dipanjangin sudah karatan karet yg dikasih mudah lepas nga dikasih kotak kondisi barang seperti barang seken nga dikasih baut sama karet kecil kalau emg ada double check dari pihak speeds knp hal sepele untuk satu produk aja bs begini kejadiannya,unknown,1,Tokopedia,Negative,Bentuk,No,Hobi & Hiburan,No
produk kehilangan salah satu karet sampingnya sudah di cek dalam box tapi tidak ada,unknown,1,Tokopedia,Negative,Bentuk,Yes,Hobi & Hiburan,No
sebelah tidak bisa diputar,unknown,1,Tokopedia,Negative,Lainnya,No,Hobi & Hiburan,No
bulatan besi yg disekrup tidak ada dan salah satu ujungnya tidak bisa diputar,unknown,1,Tokopedia,Negative,Bentuk,No,Hobi & Hiburan,No
besi disalah satu sisi gak bisa diatur panjang pendeknya karena sudah dol jadi alat gak bisa digunakan mengecewakan sekali,unknown,1,Tokopedia,Negative,Bentuk,Yes,Hobi & Hiburan,No
ukurannya terlalu pendek,unknown,1,Tokopedia,Negative,Bentuk,No,Hobi & Hiburan,No
hanya bisa di putar sebelah dan baut gampang kalah sama obeng,unknown,1,Tokopedia,Negative,Rasa,No,Hobi & Hiburan,No
patah waktu mau di kencangkan,unknown,1,Tokopedia,Negative,Lainnya,No,Hobi & Hiburan,No
ada parts yg kurang sdh dicomplain jelaskan di chat tp respon nya kurang coperative,unknown,1,Tokopedia,Negative,Lainnya,No,Hobi & Hiburan,No
knop kanan gabisa diputar,unknown,1,Tokopedia,Negative,Lainnya,No,Hobi & Hiburan,No
saya kira dapet lengkap kurang ternyata apa solusinya,unknown,1,Tokopedia,Negative,Lainnya,No,Hobi & Hiburan,No
barang datang dengan cepat tapi salah barang yang datang malah ab wheel aa,unknown,1,Tokopedia,Negative,Lainnya,No,Hobi & Hiburan,No
baru dua kali di pake udah mulai rusak kainnya gak rekomendasi banget barangnya mudah rusak,unknown,2,Tokopedia,Negative,Bentuk,Yes,Hobi & Hiburan,No
bam pengerasnya gak dikirim,unknown,1,Tokopedia,Negative,Lainnya,No,Hobi & Hiburan,No
biasa aja toko tak mau terima pembatalan hati2 order disini,unknown,2,Tokopedia,Negative,Lainnya,No,Hobi & Hiburan,No
dichat katanya warna biru ready wktu order jg sdh dikasih keterangan warana biru tp knp yg dikirim malah warna hitam tapi ya sudahlah sy terima saja,unknown,2,Tokopedia,Negative,Bentuk,No,Hobi & Hiburan,No
beli baru tapi kok kacamatanya kotor dan usang,unknown,3,Tokopedia,Neutral,Bentuk,No,Hobi & Hiburan,No
geriginya bendonya kecil banget gak kayak di gambar,unknown,2,Tokopedia,Negative,Bentuk,No,Hobi & Hiburan,No
harga emang ga bohong gampang patah jadi bagi yg kerjar kualitas tidak disarankan tp bagi yg kejar murah silahkan,unknown,3,Tokopedia,Neutral,Harga,No,Hobi & Hiburan,No
barang tidak ada komplain tidak direspon pelajaran buat yg beli disini cek hati2 saat datang,unknown,1,Tokopedia,Negative,Lainnya,Yes,Hobi & Hiburan,No
susah d pakainya angin banyak yg bocor,unknown,1,Tokopedia,Negative,Bentuk,No,Hobi & Hiburan,No
mantap barang bagus banget seller ramah dan responsif,unknown,5,Tokopedia,Positive,Rasa,No,Lainnya,No
akhirnya bisa punya koleksi juga walau cuma next lebih banyak lagi koleksi bt21 nya thank you,unknown,5,Tokopedia,Positive,Lainnya,No,Lainnya,No
produk sesuai deskripsi packing rapi dan aman thanks ubs,unknown,5,Tokopedia,Positive,Bentuk,No,Lainnya,No
pengiriman cepat aman thank you ubs,unknown,5,Tokopedia,Positive,Lainnya,No,Lainnya,No
packingnya cukup oke ada segelnya jadi aman kelengkapan elemennya juga ada,unknown,5,Tokopedia,Positive,Lainnya,No,Lainnya,No
pesanan sudah diterima dengan baik dan sesuai orderan makasih ya,unknown,5,Tokopedia,Positive,Bentuk,No,Lainnya,No
fast respon pengiriman cepat,unknown,5,Tokopedia,Positive,Lainnya,No,Lainnya,No
pertama x custom dan hasil ny sesuai request,unknown,5,Tokopedia,Positive,Bentuk,No,Lainnya,No
bagus pengiriman cepat,unknown,5,Tokopedia,Positive,Bentuk,No,Lainnya,No
bintang yang berbicara,unknown,5,Tokopedia,Positive,Lainnya,No,Lainnya,No
produk sesuai pengiriman cepat dan packaging aman terima kasih seller,unknown,5,Tokopedia,Positive,Bentuk,No,Lainnya,No
kualitas barang cukup bagus sudah sering belanja di toko ini kemasan sederhana,unknown,5,Tokopedia,Positive,Bentuk,No,Lainnya,No
cepatt sampainya barang asli dan adminnya ramah,unknown,5,Tokopedia,Positive,Bentuk,No,Lainnya,No
mantap cepat tepat,unknown,5,Tokopedia,Positive,Rasa,No,Lainnya,No
sudah ke 2x beli disini barangnya asli dan penjualnya baik sekali terima kasih kak,unknown,5,Tokopedia,Positive,Bentuk,No,Lainnya,No
fast respons original mulus pengiriman cepat seller ramah dan tidak sombong harga tolong dimurahin lagi,unknown,5,Tokopedia,Positive,Harga,No,Lainnya,No
barang sesuai cepat sampai,unknown,5,Tokopedia,Positive,Bentuk,No,Lainnya,No
barang original aseli dan aman,unknown,5,Tokopedia,Positive,Bentuk,No,Lainnya,No
sudah diterima dengan baik terimakasih,unknown,5,Tokopedia,Positive,Lainnya,No,Lainnya,No
selalu puas dan langganan pengiriman super cepat top pokoknya,unknown,5,Tokopedia,Positive,Lainnya,No,Lainnya,No
udah repeat order 3x disini so far puas,unknown,5,Tokopedia,Positive,Lainnya,No,Lainnya,No
respon cepat terimakasih,unknown,5,Tokopedia,Positive,Lainnya,No,Lainnya,No
dapet certi eye berarti memang terbaru terimakasih banyak,unknown,5,Tokopedia,Positive,Lainnya,No,Lainnya,No
barang ok pengiriman cepat packing aman,unknown,5,Tokopedia,Positive,Lainnya,No,Lainnya,No
mantul dan saat pengiriman diterima oleh saya langsung jadi terjamin aman,unknown,5,Tokopedia,Positive,Lainnya,No,Lainnya,No
makasih ya barang sesuai pesanan lgsung cek certieye nya packingnya mashaallah rapi bener dan safety semoga sukses selalu,unknown,5,Tokopedia,Positive,Bentuk,No,Lainnya,No
dijamin asli barangnya cuma packingnya pengirimannya sederhana sekali sampai ada lembar soal anak sd,unknown,5,Tokopedia,Positive,Bentuk,No,Lainnya,No
produk original packing aman seller fast respon kurir ramah promo tokped terpakai,unknown,5,Tokopedia,Positive,Harga,No,Lainnya,No
packaging aman banget proses cepet thankyou,unknown,5,Tokopedia,Positive,Bentuk,No,Lainnya,No
mantab pelayanan cepat dan barang original,unknown,5,Tokopedia,Positive,Bentuk,No,Lainnya,No
terima kasih spatoeid packaging rapi aman dan pesanan komplit,unknown,5,Tokopedia,Positive,Bentuk,No,Lainnya,No
pengiriman cepat packing aman,unknown,5,Tokopedia,Positive,Lainnya,No,Lainnya,No
alhamdulillah barang sudah sampai di rumah saya sangat senang sekali terimakasih banyak,unknown,5,Tokopedia,Positive,Lainnya,No,Lainnya,No
mantap selalu ok sesuai produk deskripsi,unknown,5,Tokopedia,Positive,Rasa,No,Lainnya,No
cepat rapih dan aman saya mau beli lagi nanti ya,unknown,5,Tokopedia,Positive,Bentuk,No,Lainnya,No
udh top banget lah beli disini juara ke oriannya selalu langganan pokonya,unknown,5,Tokopedia,Positive,Bentuk,No,Lainnya,No
pengiriman cepat dan aman ini sudah mulai repeat order buat nabung,unknown,5,Tokopedia,Positive,Lainnya,No,Lainnya,No
kiyowo suka banget sm koleksi bt21 nya thanks ubs pengiriman cepet dan packing aman,unknown,5,Tokopedia,Positive,Lainnya,No,Lainnya,No
selucu itu dapet free photocard juga dongggggggggggg happy,unknown,5,Tokopedia,Positive,Lainnya,No,Lainnya,No
terbaikkk sayang banget emasnya gemoy,unknown,5,Tokopedia,Positive,Lainnya,No,Lainnya,No
uucchh gemezzz syukaaa,unknown,5,Tokopedia,Positive,Lainnya,No,Lainnya,No
mantab pelayanan cepat dan barang original,unknown,5,Tokopedia,Positive,Bentuk,No,Lainnya,No
barangnya bagus bangett grafir photo dan namanya presisi sesuai orderan dikirim hingga keluar pulau jg packing sangat aman respon seller jg baik dan pengiriman cepat,unknown,5,Tokopedia,Positive,Bentuk,No,Lainnya,No
langganan beli minigold disini,unknown,5,Tokopedia,Positive,Lainnya,No,Lainnya,No
barang tiba dengan aman mantap deh terimakasih,unknown,5,Tokopedia,Positive,Rasa,No,Lainnya,No
mantappp maaf ga sempet foto produknya makasih bonus pouchnya ka semoga sukses selalu,unknown,5,Tokopedia,Positive,Rasa,No,Lainnya,No
harganya murce bgt drpd jajan yg enggak enggak mending jajan emas untuk ditabung seller gercep dekat dr rumah jd kayanya bakalan langganan ini terima kasih,unknown,5,Tokopedia,Positive,Harga,No,Lainnya,No
produnya ok banget gak bosen2 belanja di toko ini terima kasih,unknown,5,Tokopedia,Positive,Lainnya,No,Lainnya,No
selalu langganan disini ngmpulin recehan menjadi emas,unknown,5,Tokopedia,Positive,Lainnya,No,Lainnya,No
kualitas barang sangat bagus produksi terbaru kemasan sederhana seller cepat menanggapi,unknown,5,Tokopedia,Positive,Bentuk,No,Lainnya,No
ini pembelian yang ke berapa ya aku lupa yang jelas insya allah iki bakule jujur dan amanah recommend,unknown,5,Tokopedia,Positive,Lainnya,No,Lainnya,No
sdh sering belanja disini smg terkumpul terus dah aamiin,unknown,5,Tokopedia,Positive,Lainnya,No,Lainnya,No
keren dan bagus,unknown,5,Tokopedia,Positive,Bentuk,No,Lainnya,No
sudah langganan beli mini gold disini,unknown,5,Tokopedia,Positive,Lainnya,No,Lainnya,No
mantab barangnya sesuai dengan pesanan dan cepat sampai,unknown,5,Tokopedia,Positive,Bentuk,No,Lainnya,No
jujur awalnya sih kawatir dikarenakan baru pertama kali membeli emas lewat online alhamdulilah ternyata penjualnya jujur dan amanah bakalan jadi langganan terus nih aku terima kasih,unknown,5,Tokopedia,Positive,Rasa,No,Lainnya,No
tengkyu sesuai banget pesanan nya,unknown,5,Tokopedia,Positive,Bentuk,No,Lainnya,No
mantap packing rapi mantap pokoknya,unknown,5,Tokopedia,Positive,Rasa,No,Lainnya,No
alhamdulilah oderanku yang kedua nih tiba dengan selamat terima kasih banyak semoga tetap menjadi penjual yang jujur dan amanah aamiin yaa rabb,unknown,5,Tokopedia,Positive,Lainnya,No,Lainnya,No
sangat istimewa sekali,unknown,5,Tokopedia,Positive,Lainnya,No,Lainnya,No
udh top banget lah beli disini juara ke oriannya selalu langganan pokonya,unknown,5,Tokopedia,Positive,Bentuk,No,Lainnya,No
mantap pengiriman cepat dan amanah sesuai dengan note yang di tulis terima kasih kaka,unknown,5,Tokopedia,Positive,Rasa,No,Lainnya,No
sangat istimewa sekali,unknown,5,Tokopedia,Positive,Lainnya,No,Lainnya,No
brg sesuai pic kurir sll yg terbaik sudah langganan,unknown,5,Tokopedia,Positive,Bentuk,No,Lainnya,No
alhamdulillah paket sudah saya terima dengan baik saya sangat suka terimakasih banyak,unknown,5,Tokopedia,Positive,Lainnya,No,Lainnya,No
kulit jadi cerah cepat meresap cocok di kulit kombinasi cocok di kulit berminyak kemasannya lucu penjualnya ramah banget cocok di kulit normal proses pesanan cepat cocok di kulit kering respon penjualnya top cocok di kulit berminyak packaging rapi packaging aman,unknown,5,Tokopedia,Positive,Bentuk,No,Lainnya,No
desainnya mewah warnanya cantik ukuran sesuai nyaman dipakai produk sesuai dengan foto produk original packaging aman,unknown,5,Tokopedia,Positive,Bentuk,No,Lainnya,No
makasih banyak gan sukses selaluu pelayanan mantapp barang asli sukses selalu untuk seller dan semoga bisa terus kasih harga dan pelayanan yg mantapp,unknown,5,Tokopedia,Positive,Rasa,No,Lainnya,No
kado harga paling murah pada saat beli trims semoga bisa langganan dan harganya bisa terbaik terus se tokped,unknown,5,Tokopedia,Positive,Harga,No,Lainnya,No
respon cepat sangat memuaskan,unknown,5,Tokopedia,Positive,Lainnya,No,Lainnya,No
barangnya asli adminnya responsif rekomen deh buat beli lm disini pokoknya next bisa beli lagi ksini jadi aman ga perlu keluar rumah pertahankan ya seller,unknown,5,Tokopedia,Positive,Bentuk,No,Lainnya,No
pertama transaksi semoga berkah dan next order lagi,unknown,5,Tokopedia,Positive,Lainnya,No,Lainnya,No
penjual kualitas terbaik ini tanpa harus bertanya progres barang sudah langsung di kabari via chat kepada pembeli luar biasaaaaaaa pertahankaannn,unknown,5,Tokopedia,Positive,Bentuk,No,Lainnya,No
sangat puas sdh berkali2 belanja disini pelayanannya ramah dan pengiriman super rapih dan cepat,unknown,5,Tokopedia,Positive,Bentuk,No,Lainnya,No
kartu bekerja dengan baik begitupun sellernya yang sigap menjawab semua pertanyaan,unknown,5,Tokopedia,Positive,Lainnya,No,Lainnya,No
istimewa akurat dan dicetak dengan sempurna,unknown,5,Tokopedia,Positive,Lainnya,No,Lainnya,No
puas dan gercep banget seller nya pesan dua kartu dan dua duanya berfungsi dengan aman terima kasih,unknown,5,Tokopedia,Positive,Lainnya,No,Lainnya,No
produk bisa dipakai dg baik semoga awet fast respon,unknown,5,Tokopedia,Positive,Bentuk,No,Lainnya,No
akses sukses digunakan sangat mudah buat yang punya hp nfc bisa kirim ss dan kartu langsung dikirim,unknown,5,Tokopedia,Positive,Lainnya,No,Lainnya,No
puaasss selalu langganan disini bikin duplikat akses ku proses cepat eh ada bonus nya juga ya terima kasih kak,unknown,5,Tokopedia,Positive,Lainnya,No,Lainnya,No
pelayanan sangat memuaskan,unknown,5,Tokopedia,Positive,Lainnya,No,Lainnya,No
tidak pernah mengecewakan hasil terbaik untuk ngirim kartu selembar aja pake kotak tebal terima kasih sukses selalu,unknown,5,Tokopedia,Positive,Bentuk,No,Lainnya,No
fast response produk juga dikirim balik oke banget,unknown,5,Tokopedia,Positive,Lainnya,No,Lainnya,No
selalu puas mantab,unknown,5,Tokopedia,Positive,Lainnya,No,Lainnya,No
ok guys mantap berfungsi dengan baik,unknown,5,Tokopedia,Positive,Rasa,No,Lainnya,No
seller helpful banget barang sudah diterima dengan baik dan sudah di tes,unknown,5,Tokopedia,Positive,Lainnya,No,Lainnya,No
bagus berfungsi dengan bagus mantap,unknown,5,Tokopedia,Positive,Rasa,No,Lainnya,No
bahannya bagus bentuknya lucu,unknown,5,Tokopedia,Positive,Bentuk,No,Lainnya,No
model dan warnanya manis kwalitas bahannya bagus,unknown,5,Tokopedia,Positive,Bentuk,No,Lainnya,No
kualitas luar biasa,unknown,5,Tokopedia,Positive,Bentuk,No,Lainnya,No
barang bagus pengirim cepat s3moga bermanfaat,unknown,5,Tokopedia,Positive,Bentuk,No,Lainnya,No
packingan aman dan rapi barangnya bagus makasi oxihom tokopedia dan j t express,unknown,5,Tokopedia,Positive,Bentuk,No,Lainnya,No
barang lucu dan unik pengiriman barang jg cepat,unknown,5,Tokopedia,Positive,Lainnya,No,Lainnya,No
udah yang ketiga kali buat disini best banget asli cepat gak ada obattt,unknown,5,Tokopedia,Positive,Bentuk,No,Lainnya,No
mantab pakcing super rapi dan aman jos lah om,unknown,5,Tokopedia,Positive,Bentuk,No,Lainnya,No
relapict sekali suka pokoknya,unknown,5,Tokopedia,Positive,Lainnya,No,Lainnya,No
order yang ketiga gercep barang oke pelayanan juga oke,unknown,5,Tokopedia,Positive,Lainnya,No,Lainnya,No
mantap bgt aroma rasa bkn sekedar isu mantul dn mempesona rasa pas di lidah dn irit d kantong makasih gan,unknown,5,Tokopedia,Positive,Rasa,No,Lainnya,No
muaanntttaaappp seperti syamsul,unknown,5,Tokopedia,Positive,Lainnya,No,Lainnya,No
jahitan rapi ukuran dan warna sesuai dgn foto recomended,unknown,5,Tokopedia,Positive,Bentuk,No,Lainnya,No
semuanya manatttaapp gan semoga sukses agan,unknown,5,Tokopedia,Positive,Lainnya,No,Lainnya,No
mksshhh pelangganku syuukkkaaaa,unknown,5,Tokopedia,Positive,Lainnya,No,Lainnya,No
bagusssssss sekalaaaaaaaaaaaaa uuhuy,unknown,5,Tokopedia,Positive,Bentuk,No,Lainnya,No
sudah diterima dan sesuai baguussssss,unknown,5,Tokopedia,Positive,Bentuk,No,Lainnya,No
pohonnya masih segar bonusnya juga banyak makasih ya udah 2x beli di sini,unknown,5,Tokopedia,Positive,Rasa,No,Lainnya,No
keren barang kirimannya seger2,unknown,5,Tokopedia,Positive,Lainnya,No,Lainnya,No
paten mantab rapi high quality fast respon rekomen bingit,unknown,5,Tokopedia,Positive,Bentuk,No,Lainnya,No
memuaskan banget pembelian ke2 ke korea beli pertama ke vietnam selalu puas lgs konek bgt nyampe tempat tujuan,unknown,5,Tokopedia,Positive,Lainnya,No,Hobi & Hiburan,No
puaass belanja di seller ini,unknown,5,Tokopedia,Positive,Lainnya,No,Hobi & Hiburan,No
wo thanks banget untuk kartunya sangat amat menolong sekali buat backpackeran dikorea,unknown,5,Tokopedia,Positive,Lainnya,No,Hobi & Hiburan,No
mantabh surantab customer service nya very very reliable kartu nya dahsyat signal tetep seteroooong dibawa ke pelosok korea makasih yah kak,unknown,5,Tokopedia,Positive,Lainnya,No,Hobi & Hiburan,No
proses cepat kartu sim card dapat digunakan di pulau jeju dengan lancar tanpa ada halangan makasih kenikura,unknown,5,Tokopedia,Positive,Lainnya,No,Hobi & Hiburan,No
harga murah respon penjual cepat dan ramah makin sukses ya trims,unknown,5,Tokopedia,Positive,Harga,No,Hobi & Hiburan,No
sim card ok mudah dipasang dan mudah langsung di gunakan,unknown,5,Tokopedia,Positive,Bentuk,No,Hobi & Hiburan,No
response selalu cepat barang sampai cepat tidak pernah masalah kartu langsung aktif,unknown,5,Tokopedia,Positive,Lainnya,No,Hobi & Hiburan,No
berfungsi dengan baik di korea,unknown,5,Tokopedia,Positive,Lainnya,No,Hobi & Hiburan,No
sangat cepat responnya sangat banyak membantu terimakasih banyak,unknown,5,Tokopedia,Positive,Lainnya,No,Hobi & Hiburan,No
cs ramah dan fast response produk baik dan lancar digunakan di korea,unknown,5,Tokopedia,Positive,Lainnya,No,Hobi & Hiburan,No
puas kartu bisa lngsung dipake di korea tanpa masalah,unknown,5,Tokopedia,Positive,Lainnya,No,Hobi & Hiburan,No
produk berjalan dengan lancar dna sangat membantu bila bepergian keluar negeri,unknown,5,Tokopedia,Positive,Lainnya,No,Hobi & Hiburan,No
respons penjual sangat baik pengiriman sangat cepat,unknown,5,Tokopedia,Positive,Lainnya,No,Hobi & Hiburan,No
best value for money buat keliling eropa minggu ongkosnya cuma segini,unknown,5,Tokopedia,Positive,Lainnya,No,Hobi & Hiburan,No
mantap ini penjualnya fast response dan ramah sekali,unknown,5,Tokopedia,Positive,Rasa,No,Hobi & Hiburan,No
sangat berguna bermanfaat dan lancar digunakan di swiss,unknown,5,Tokopedia,Positive,Lainnya,No,Hobi & Hiburan,No
puas banget admin ngejelasin detail bgt trus pas dipake gak ada kendala sama sekali pokonya top banget deh,unknown,5,Tokopedia,Positive,Bentuk,No,Hobi & Hiburan,No
produk sesuai deskripsi penjual penjual komunikatif dan cekatan semoga tidak ada kendala saat pemakaian thanks seller,unknown,5,Tokopedia,Positive,Bentuk,No,Hobi & Hiburan,No
great service pelayanannya super cepat dan memuaskan semua yg saya tanyakan dijelaskan dengan sabar dan jelas,unknown,5,Tokopedia,Positive,Lainnya,No,Hobi & Hiburan,No
harganya ok banget dpt cashback lagi very fast response ga ada kendala check in mantap,unknown,5,Tokopedia,Positive,Harga,No,Hobi & Hiburan,No
bagus pelayanan cepat tanggap sopan dan sangat jelas,unknown,5,Tokopedia,Positive,Bentuk,No,Hobi & Hiburan,No
terima kasih atas pelayanannya yg memuaskan sukses selalu,unknown,5,Tokopedia,Positive,Lainnya,No,Hobi & Hiburan,No
seller ramah n reapon cepat packing rapi thanks seller,unknown,5,Tokopedia,Positive,Bentuk,No,Hobi & Hiburan,No
packing cepat respond cepat,unknown,5,Tokopedia,Positive,Lainnya,No,Hobi & Hiburan,No
tidak ada kendala saat penukaran di jepang trm ksh,unknown,5,Tokopedia,Positive,Lainnya,No,Hobi & Hiburan,No
pengiriman cepar barang bagussss,unknown,5,Tokopedia,Positive,Bentuk,No,Hobi & Hiburan,No
good seller ramah dan proses cepat,unknown,5,Tokopedia,Positive,Lainnya,No,Hobi & Hiburan,No
barang sesuai pesanan proses cepat thanks seller,unknown,5,Tokopedia,Positive,Bentuk,No,Hobi & Hiburan,No
harga terjangkau di bandingkan jrpass di tempat lain penukaran nya juga tanpa masalah next time pasti order kesini lagi,unknown,5,Tokopedia,Positive,Harga,No,Hobi & Hiburan,No
produk baik sesuai deskripsi cs juga sangat responsive dan helpful thank you,unknown,5,Tokopedia,Positive,Bentuk,No,Hobi & Hiburan,No
produk sesuai deskripsi good communication fast response,unknown,5,Tokopedia,Positive,Bentuk,No,Hobi & Hiburan,No
respon cepat barang dpt digunakan dengan baik,unknown,5,Tokopedia,Positive,Lainnya,No,Hobi & Hiburan,No
terima kasih atas pelayanan nya sangat memuaskan,unknown,5,Tokopedia,Positive,Lainnya,No,Hobi & Hiburan,No
tepat waktu dan sesuai pesanan,unknown,5,Tokopedia,Positive,Bentuk,No,Hobi & Hiburan,No
murah simpel sampai sana tinggal tukar,unknown,5,Tokopedia,Positive,Harga,No,Hobi & Hiburan,No
harga terbaik ada cashback adminnya cepat responnya makasih banyak,unknown,5,Tokopedia,Positive,Harga,No,Hobi & Hiburan,No
puas ama pelayanannya ngeladenin pertanyaan2 ama request an di penuhi smua ama pihak hotelnya best view pula ngadep ke zen deck nya,unknown,5,Tokopedia,Positive,Lainnya,No,Hobi & Hiburan,No
pelayanan cepat dan memuaskan,unknown,5,Tokopedia,Positive,Lainnya,No,Hobi & Hiburan,No
terima kasih sudah dibookingkan di sini pengalamannya baik semua lancar dan dapat kamar bagus,unknown,5,Tokopedia,Positive,Bentuk,No,Hobi & Hiburan,No
highly recommend seller sangat ramah dan komunikatif dalam memberikan konsultasi serta sabar dalam menjelaskan detail pertanyaan proses ordering hingga terbit vouchernya sangat cepat good job,unknown,5,Tokopedia,Positive,Lainnya,No,Hobi & Hiburan,No
mantap sangat agresif proses cepat recommended,unknown,5,Tokopedia,Positive,Rasa,No,Hobi & Hiburan,No
mantap jgn ragu2 langsung saja booking recommended,unknown,5,Tokopedia,Positive,Rasa,No,Hobi & Hiburan,No
mantap kinerjannya cepat sangat responsif recommended,unknown,5,Tokopedia,Positive,Rasa,No,Hobi & Hiburan,No
order ke dua dan mantab,unknown,5,Tokopedia,Positive,Lainnya,No,Hobi & Hiburan,No
mantap banget best price dan pelayanan sangat responsif thumbs up,unknown,5,Tokopedia,Positive,Rasa,No,Hobi & Hiburan,No
faaaassst respon bangeeettt seller bener2 ngabantuin puaaaaaasssss makasih ya recommended bangeeett,unknown,5,Tokopedia,Positive,Lainnya,No,Hobi & Hiburan,No
recomended seller dibimbing sampai dapat tiket ecardnya masuk ancol dufan tadi lancar terima kasih banyak,unknown,5,Tokopedia,Positive,Lainnya,No,Hobi & Hiburan,No
sukaaa bangett kakanya ramahh bgt dan responsif jugaaaa thank uuu,unknown,5,Tokopedia,Positive,Lainnya,No,Hobi & Hiburan,No
makasiii bgtttt aku sukakkkk,unknown,5,Tokopedia,Positive,Lainnya,No,Hobi & Hiburan,No
fast respon next bakal order lagi disini thank you,unknown,5,Tokopedia,Positive,Lainnya,No,Hobi & Hiburan,No
barang berfungsi dengan baik rekomended,unknown,5,Tokopedia,Positive,Lainnya,No,Hobi & Hiburan,No
pesanan cpt diproses dan sy sdg pakai simcard nya di eropa signal bagus recommend bgt,unknown,5,Tokopedia,Positive,Bentuk,No,Hobi & Hiburan,No
pelayanan nya top after sales service bagus,unknown,5,Tokopedia,Positive,Bentuk,No,Hobi & Hiburan,No
super bintang buat store ini bahkan libur barang dikirim sangat recommended,unknown,5,Tokopedia,Positive,Lainnya,No,Hobi & Hiburan,No
fast respon recommended seller,unknown,5,Tokopedia,Positive,Lainnya,No,Hobi & Hiburan,No
fast respond sellernya ramah packing rapi pengiriman cepat recommended,unknown,5,Tokopedia,Positive,Bentuk,No,Hobi & Hiburan,No
kerennnn sampai di korea hp on data on roaming on gak perlu setting langsung bs digunakan order cpt produk ok recommended seller,unknown,5,Tokopedia,Positive,Lainnya,No,Hobi & Hiburan,No
selalu langganan beli simcard dan jr pass di sini servicenya oke banget chat wa responsif dan pengiriman cepat sekali ketika sy minta urgent puas banget dan akan tetap jadi langganan terima kasih,unknown,5,Tokopedia,Positive,Bentuk,No,Hobi & Hiburan,No
ke 4x beli simcard disini response sangat cepat dari penjual terima kasih,unknown,5,Tokopedia,Positive,Lainnya,No,Hobi & Hiburan,No
best bgt sih ini fast respon best price prosesnya cepet bgt satu lagi helpfull dibantuin ganti tgl karena di tgl pas booking mendadak ada halangan kirain bakal hangus tiketnya gak taunya dibantu proses reschedulenya pokoknya best bgt bakal jadi langganan,unknown,5,Tokopedia,Positive,Bentuk,No,Hobi & Hiburan,No
harga jauh lebih murah fast response ramah dan sangat recommended pastinya akan order disini lagi pertahankan ya kak the best,unknown,5,Tokopedia,Positive,Harga,No,Hobi & Hiburan,No
proses kirim vouchernya cpt cm blm check in sih semoga ga ada masalah sampai hari h harganya ok banget dbanding agent sejenis dan sellernya responsif suka jadinya,unknown,5,Tokopedia,Positive,Harga,No,Hobi & Hiburan,No
check in nya gampang bgt cuma kasih liat aja invoice sama ktp next mau lah order voucher lagi di sini makasih,unknown,5,Tokopedia,Positive,Bentuk,No,Hobi & Hiburan,No
lancaaaaarr semuanya kamarnya bagus terimakasih banyak yaaaaa,unknown,5,Tokopedia,Positive,Bentuk,No,Hobi & Hiburan,No
terima kasih kak puas beli voucher tiket disini recommended seller,unknown,5,Tokopedia,Positive,Lainnya,No,Hobi & Hiburan,No
toko langanan aing,unknown,5,Tokopedia,Positive,Lainnya,No,Hobi & Hiburan,No
orangnya ramah voucher dikirim via email gak lama transfer langsung dikirim mantap gan makasih ya bakal jadi langganan nih,unknown,5,Tokopedia,Positive,Rasa,No,Hobi & Hiburan,No
admin sangat ramah sabar menghadapi berbagai pertanyaan2 sangat rekomended,unknown,5,Tokopedia,Positive,Lainnya,No,Hobi & Hiburan,No
bisa dipakai trusted seller recommended,unknown,5,Tokopedia,Positive,Lainnya,No,Hobi & Hiburan,No
mantulll recommended seller,unknown,5,Tokopedia,Positive,Lainnya,No,Hobi & Hiburan,No
maaf baru review respons seller sangat baik produk harganya termasuk murah dr agen2 lain recommended sangat,unknown,5,Tokopedia,Positive,Harga,No,Hobi & Hiburan,No
respon cepat dan ramah recommended,unknown,5,Tokopedia,Positive,Lainnya,No,Hobi & Hiburan,No
seller responsive recomended,unknown,5,Tokopedia,Positive,Lainnya,No,Hobi & Hiburan,No
thanks atas respon nya informasi yg diberikan jelas product nya oke bgt uda 2x order kesini barang yg di kirim rapi n cpt sampe nya,unknown,5,Tokopedia,Positive,Bentuk,No,Hobi & Hiburan,No
oke yah kakakkk biasa langganannnnnn,unknown,5,Tokopedia,Positive,Lainnya,No,Hobi & Hiburan,No
semoga lancar yah langganannnnn,unknown,5,Tokopedia,Positive,Lainnya,No,Hobi & Hiburan,No
pengiriman cepat buku dalam kondisi baik,unknown,5,Tokopedia,Positive,Lainnya,No,Hobi & Hiburan,No
puas cuma untuk kemasanya kurang aman ya karna tidak pakai bublewrap pake map coklat gitu mapnya sobek ujung nya untung bukunya aman,unknown,4,Tokopedia,Positive,Bentuk,No,Hobi & Hiburan,No
barang original dan masih segel proses cepat tidak sampai satu hari barang sudah sampai padahal pengiriman menggunakan bebas ongkir barang dibungkus dengan bubble wrap tebal saat pengiriman jadi aman,unknown,5,Tokopedia,Positive,Bentuk,No,Hobi & Hiburan,No
puas sih recomended bukunya,unknown,4,Tokopedia,Positive,Lainnya,No,Hobi & Hiburan,No
buku original harga sangat murah jauh dibandingkan ditempat lain seller ramah packing rapi buble wrapnya sangat tebel banget puas maksimal terima kasih seller,unknown,5,Tokopedia,Positive,Harga,No,Hobi & Hiburan,No
isi buku sangat berkualitas buku diterima baik walaupun packaging hanya dibungkus bubble wrap beruntung tidak basah kehujanan packaging perlu ditingkatkan keamanannya,unknown,4,Tokopedia,Positive,Bentuk,No,Hobi & Hiburan,No
buku pasti ori sesuai pesanan proses pengiriman cepat dapet harga murah pas bookcarnaval,unknown,5,Tokopedia,Positive,Bentuk,No,Hobi & Hiburan,No
sesuai deskripsi tapi pemrosesan untuk dikirim lama,unknown,4,Tokopedia,Positive,Bentuk,No,Hobi & Hiburan,No
mantab pengiriman cepat packaging terbaik,unknown,5,Tokopedia,Positive,Bentuk,No,Hobi & Hiburan,No
buku sedikit cacat di bagian kertas tapi overall mantap,unknown,4,Tokopedia,Positive,Rasa,No,Hobi & Hiburan,No
pengemasan cepat dan datang nya juga cepat thank you seller and kurir,unknown,5,Tokopedia,Positive,Lainnya,No,Hobi & Hiburan,No
barang tiba dengan cepat sesuai standar pengiriman tapi untuk kondisi buku ada cacat di tepi buku tapi gapapa,unknown,4,Tokopedia,Positive,Bentuk,No,Hobi & Hiburan,No
pengiriman cepat adminnya responsif buku kualitas bagus banget,unknown,5,Tokopedia,Positive,Bentuk,No,Hobi & Hiburan,No
bukunya sampai dengan selamattt tapi sayang banget di beberapa sudutnya ada sedikit damage,unknown,4,Tokopedia,Positive,Lainnya,No,Hobi & Hiburan,No
pengiriman cepat sampai dan baik,unknown,5,Tokopedia,Positive,Lainnya,No,Hobi & Hiburan,No
buku sampai dengan kondisi aman dan baik pengemasan dan pengiriman lumayan lama,unknown,4,Tokopedia,Positive,Lainnya,No,Hobi & Hiburan,No
barang nya cepat sampai dan nyampe di tangan aq dalam keadaaan baik tulisan nya juga jelas banget dan berwarna jadi ga bosen liat nya,unknown,5,Tokopedia,Positive,Bentuk,No,Hobi & Hiburan,No
maaf baru kasih ulasan buku nya bagus berwarna tulisan nya juga jelas tapi ada di brapa halaman lem nya gx kuat ya jadi pada copot lembaran nya seller dan kurir oke,unknown,4,Tokopedia,Positive,Bentuk,No,Hobi & Hiburan,No
sampai dengan selamat,unknown,5,Tokopedia,Positive,Lainnya,No,Hobi & Hiburan,No
buku udah pasti original dan sangat bagus dengan pengemasan super aman hanya saja pengirimannya lambat,unknown,4,Tokopedia,Positive,Bentuk,No,Hobi & Hiburan,No
packing aman pengiriman cepat barang sesuai foto dan deskripsi highly recommended,unknown,5,Tokopedia,Positive,Bentuk,No,Hobi & Hiburan,No
barang cepat sampe penjual fast respond cuma dpt produk yg covernya agak lecek,unknown,4,Tokopedia,Positive,Bentuk,No,Hobi & Hiburan,No
bagus barangnya ga cacat pelindungnya tebel pengirimannya cepet banget,unknown,5,Tokopedia,Positive,Bentuk,No,Hobi & Hiburan,No
defect dikit di ujungnya tp gpp,unknown,4,Tokopedia,Positive,Lainnya,No,Hobi & Hiburan,No
cepet banget pengirimannya pengemasannya pun cepat dan dengan plastik bubble yg tebel banget jd aman,unknown,5,Tokopedia,Positive,Bentuk,No,Hobi & Hiburan,No
pesanan aman dan pengirimannya cepet seller juga responsif bukunya ternyata gak tebel thanks seller bukunya sampe dalam keadaan aman sayang aja gak kebagian bookmarks nya periplus pdhl belanja banyak,unknown,4,Tokopedia,Positive,Lainnya,No,Hobi & Hiburan,No
bubble wrap tebal original kualitas baru dan baik,unknown,5,Tokopedia,Positive,Bentuk,No,Hobi & Hiburan,No
service pengiriman cepat,unknown,4,Tokopedia,Positive,Lainnya,No,Hobi & Hiburan,No
terimakasih barang sudah sampai dengan selamat,unknown,5,Tokopedia,Positive,Lainnya,No,Hobi & Hiburan,No
barang sudah sampai packing bagus,unknown,4,Tokopedia,Positive,Bentuk,No,Hobi & Hiburan,No
buku ori pengiriman cepat dan aman pakai bubble wrap,unknown,5,Tokopedia,Positive,Bentuk,No,Hobi & Hiburan,No
arrived safely yayy puas banget thank uuu mizan cantik banget bukunya ga ada defect apapun yuhu puass thank youu mizan,unknown,5,Tokopedia,Positive,Bentuk,No,Hobi & Hiburan,No
pengiriman standart dan buku sampai dengan aman,unknown,5,Tokopedia,Positive,Lainnya,No,Hobi & Hiburan,No
pengiriman cepat buku sampai dengan selamat keadaan buku baik baik saja buku tidak ada cacat dan kekurangan,unknown,5,Tokopedia,Positive,Lainnya,No,Hobi & Hiburan,No
pengiriman cepat packing rapi dan aman barang nya sesuai gambar maaf gak sempat di foto,unknown,5,Tokopedia,Positive,Bentuk,No,Hobi & Hiburan,No
barang sampe bungkusnya udh sobek untungnya bukunya masih aman walau ujungnya sedikit rusak,unknown,3,Tokopedia,Neutral,Lainnya,No,Hobi & Hiburan,No
ujungnya sedikit robek dan rusak tapi secara keseluruhan baik,unknown,3,Tokopedia,Neutral,Lainnya,No,Hobi & Hiburan,No
bonus kalender nya lecek2 buku ok,unknown,3,Tokopedia,Neutral,Lainnya,No,Hobi & Hiburan,No
barang nya sampe dengan baik tapi buku bukunya sangat mahal mungkin bisa di kurangin sedikit saya suka banget dengan bukunya dan sepertinya saya aka beli buku lagi di sini terima kasih,unknown,3,Tokopedia,Neutral,Harga,No,Hobi & Hiburan,No
saya kira bukunya gede ternyata kecil selain kecil tidak tebal juga untuk packing lebih di tingkatkan lagi karena bukunya ujungnya basah selebihnya termasuk respons bagus,unknown,3,Tokopedia,Neutral,Bentuk,No,Hobi & Hiburan,No
so far barang yg aku terima bagus no cacat tp barang ini agak cacat di covernya kynya dr pengiriman karena pas sampe packingnya dah kebuka gak tau kynya di sobek buat ngeliat isinya sm si kurir atau gmna jdnya bukunya kegesek huhu sedih sih tp untungnya cm cover doang gk sampe ke dalem,unknown,3,Tokopedia,Neutral,Bentuk,No,Hobi & Hiburan,No
fast reponse barang beberapa halaman ada yang blank,unknown,3,Tokopedia,Neutral,Lainnya,No,Hobi & Hiburan,No
barang bagus sesuai gambar tapi gaberwarna,unknown,3,Tokopedia,Neutral,Bentuk,No,Hobi & Hiburan,No
isi buku bagus saya beli sekalian minta disampul tetapi halaman halaman banyak yang menyatu harus kita potong dengan cutter atau pisau secara manual sebenarnya saya tidak masalah tetapi saran saya sebaiknya seller memeriksa kembali barang sebelum dikirimkan dan memberitahu apabila ada kecacatan kemudian bila ada konsumen yang chat setelah barang sampai jangan cuman diread saja semoga bisa jadi bahan intropeksi dan membuat tokonya lebih maju,unknown,3,Tokopedia,Neutral,Bentuk,No,Hobi & Hiburan,No
pengiriman lama cuma penjualnya responsif blm bisa kasih bintang,unknown,3,Tokopedia,Neutral,Lainnya,No,Hobi & Hiburan,No
bukunya sesuai pengiriman cepat namun diletakkan begitu saja di lantai tanpa pemberitahuan komunikasi dari kurir jika barang mau diletakkan dititipkan ada defect minor pada buku tolong tingkatkan lagi kualitas packaging dan koordinasi dengan kurir,unknown,3,Tokopedia,Neutral,Bentuk,No,Hobi & Hiburan,No
over all bagus hanya pengirimannya sedikit bermasalah terimakasih,unknown,3,Tokopedia,Neutral,Bentuk,No,Hobi & Hiburan,No
packing ok di dalem di kasih bubble wrap buku juga ok isinya gk ada yg cacat cuman syang pinggiran buku nya sedikit rusak overal cukup puas beli di sini tunggu orderan sya selanjutnya,unknown,3,Tokopedia,Neutral,Lainnya,No,Hobi & Hiburan,No
barang bagus sesuai dekripsi tapi sayang packingnya kurang rapi dan ada beberapa yang rusak yasinnya,unknown,3,Tokopedia,Neutral,Bentuk,No,Hobi & Hiburan,No
pengiriman cepat packing rapih buku masih tersegel dengan aman terimakasih banyak,unknown,5,Tokopedia,Positive,Bentuk,No,Hobi & Hiburan,No
kemasannya sangat bagus,unknown,5,Tokopedia,Positive,Bentuk,No,Hobi & Hiburan,No
barang sampai dengan aman,unknown,5,Tokopedia,Positive,Lainnya,No,Hobi & Hiburan,No
fast response pengiriman cepat packing aman dan rapi buku ori harga bersaing,unknown,5,Tokopedia,Positive,Bentuk,No,Hobi & Hiburan,No
sesuai ada kendala awalnya tapi terselesaikan dengan cepat dan tanpa repot,unknown,4,Tokopedia,Positive,Bentuk,No,Hobi & Hiburan,No
selama saya berbelanja di tokopedia ini adalah pesanan dengan layanan tercepat yang saya terima biasanya estimasi waktu pengiriman ke darah saya hari tapi paket business is fun hanya hari the best,unknown,5,Tokopedia,Positive,Lainnya,No,Hobi & Hiburan,No
mantaaapppp wajib dibaca ini mah,unknown,5,Tokopedia,Positive,Lainnya,No,Hobi & Hiburan,No
cepet nyampe seller oke,unknown,5,Tokopedia,Positive,Lainnya,No,Hobi & Hiburan,No
admin fast respon ramah bukunya ori diterima dalam keadaan tersegel dimasukan dus dibungkus bubble wrap sangat memuaskan terima kasih banyak,unknown,5,Tokopedia,Positive,Bentuk,No,Hobi & Hiburan,No
fast response cepat sampai sesuai pesanan recommended,unknown,5,Tokopedia,Positive,Bentuk,No,Hobi & Hiburan,No
cuma penyok penyok doang sisanya bagus kok,unknown,4,Tokopedia,Positive,Bentuk,No,Hobi & Hiburan,No
buku bagus baru cek sekilas dalamnya tapi gaada masalah sih keknya b4 karena detail covernya agak rusak gitu ya itu aja sih keluhannya,unknown,4,Tokopedia,Positive,Bentuk,No,Hobi & Hiburan,No
barang original packaging aman,unknown,4,Tokopedia,Positive,Bentuk,No,Hobi & Hiburan,No
barang original pengemasangan sangat baik dan sangat cepat seller sangat fast respon,unknown,5,Tokopedia,Positive,Bentuk,No,Hobi & Hiburan,No
barang yg diterima dalam kondisi baik pengirimannya lebih lama dari estimasi awal tp overall ok karena seller bantu informasikan kenapanya thank you,unknown,5,Tokopedia,Positive,Lainnya,No,Hobi & Hiburan,No
pengiriman cepat aman banyak bubble wrap harga pun lebih murah daripada competitor mantap,unknown,5,Tokopedia,Positive,Harga,No,Hobi & Hiburan,No
sdh 2x beli disini dan gak pernah ada masalah packaging dan pengiriman oke,unknown,5,Tokopedia,Positive,Bentuk,No,Hobi & Hiburan,No
bahasa indonesia diterima dengan baik barang bagus dan ori pengiriman cepat mantapp jiwaaa,unknown,5,Tokopedia,Positive,Bentuk,No,Hobi & Hiburan,No
brg sesuai deskripsi sukses selalu,unknown,5,Tokopedia,Positive,Bentuk,No,Hobi & Hiburan,No
pelayanannya mantap dan respon penjual cekatan serta pengirimannya yang singkat terimakasihhh atas layanan dan bonus buku cinta pergi,unknown,5,Tokopedia,Positive,Rasa,No,Hobi & Hiburan,No
komik asli pengemasan tebal diisi bubble wrap pengiriman cepat,unknown,5,Tokopedia,Positive,Bentuk,No,Hobi & Hiburan,No
produk asli penjual respondsif packaging rapi,unknown,5,Tokopedia,Positive,Bentuk,No,Hobi & Hiburan,No
barang bagus kualitas oke,unknown,4,Tokopedia,Positive,Bentuk,No,Hobi & Hiburan,No
sempat terkendala dgn pengiriman tapi dibayar dgn barang yang bagus dan packing nya rapih,unknown,4,Tokopedia,Positive,Bentuk,No,Hobi & Hiburan,No
bagus dan cepat,unknown,5,Tokopedia,Positive,Bentuk,No,Hobi & Hiburan,No
ok lah buku sesuai pesanan,unknown,4,Tokopedia,Positive,Bentuk,No,Hobi & Hiburan,No
bgs bgt anak2 suka sekali terimakasih,unknown,5,Tokopedia,Positive,Lainnya,No,Hobi & Hiburan,No
bukunya bagus bgt semoga anakku suka pengemasannya rapi dan cepat meskipun ada yg lecet dikit tp seller mau bertanggung jwb dengan ksh diskon respon sellernya ramah sekali thanks yaa,unknown,5,Tokopedia,Positive,Bentuk,No,Hobi & Hiburan,No
ramah pelayanan cepat packaging rapih dan aman pesanan pun sesuai dengan catatan terbaik request pake kertas kado dan kartu ucapan pun free of charge belum pernah failed sih beli disini,unknown,5,Tokopedia,Positive,Bentuk,No,Hobi & Hiburan,No
barang bagus sesuai deskripsi anakku senang banget harga murah pengiriman cepat,unknown,5,Tokopedia,Positive,Bentuk,No,Hobi & Hiburan,No
bukunya bagus dan harganya bersahabat banget bisa buat nambah perbendaharaan cerita si kecil,unknown,5,Tokopedia,Positive,Bentuk,No,Hobi & Hiburan,No
bagus bagusss semua warnanya menarik bikin anak senang liat2 gambarnya,unknown,5,Tokopedia,Positive,Bentuk,No,Hobi & Hiburan,No
bagus bgt bukunya suka makasih,unknown,5,Tokopedia,Positive,Bentuk,No,Hobi & Hiburan,No
barang aman dan sesuai pesanan,unknown,4,Tokopedia,Positive,Bentuk,No,Hobi & Hiburan,No
barang sesuai deskripsi makasih seller,unknown,5,Tokopedia,Positive,Bentuk,No,Hobi & Hiburan,No
cepet nyampenya bagus bukunya,unknown,4,Tokopedia,Positive,Bentuk,No,Hobi & Hiburan,No
puas barang diterima dengan kondisi baik dan tidak ada kendala,unknown,5,Tokopedia,Positive,Lainnya,No,Hobi & Hiburan,No
ada sedikit cacat selainnya oke,unknown,4,Tokopedia,Positive,Lainnya,No,Hobi & Hiburan,No
pesanan sesuai dengan apa yang diharapkan dan tidak mengecewakan mengenai barang tidak ada kecacatan sama sekali pengemasannya sangat rapi dan kuat pengirimannya cepat serta respon penjual cepat dan ramah semoga sukses selalu terimakasih,unknown,5,Tokopedia,Positive,Bentuk,No,Hobi & Hiburan,No
barangnya sesuai pesanan dan bagus banget tapi ada satu yg agak aus samping luar nya karena packibg kebuka,unknown,4,Tokopedia,Positive,Bentuk,No,Hobi & Hiburan,No
barang original berkualitas pengiriman cepat,unknown,5,Tokopedia,Positive,Bentuk,No,Hobi & Hiburan,No
terimakasih buku sudah sampai,unknown,4,Tokopedia,Positive,Lainnya,No,Hobi & Hiburan,No
pengiriman cepat dibungkus rapi bubble wrap tebel buku original udah disampul rapih bgt terbaik deh pokoknya,unknown,5,Tokopedia,Positive,Bentuk,No,Hobi & Hiburan,No
produk diterima kondisi baik pengiriman cepat dan packing rapi respon penjual oke,unknown,4,Tokopedia,Positive,Bentuk,No,Hobi & Hiburan,No
pengiriman cepat dan buku aman,unknown,5,Tokopedia,Positive,Lainnya,No,Hobi & Hiburan,No
sesuai dg deskrip yg jual packing bagus dan tidak ada cacat nanti sy mau pesan lagi,unknown,4,Tokopedia,Positive,Bentuk,No,Hobi & Hiburan,No
buku sampai hari setelah pemesanan lumayan cepat pengirimannya buku tiba dengan bubble wrap dan dalamnya masih dikemas dengan kardus lagi overall bagus,unknown,5,Tokopedia,Positive,Bentuk,No,Hobi & Hiburan,No
bukunya bagus original tapi sayang dapet yang binding bagian bawahnya kurang bagus,unknown,4,Tokopedia,Positive,Bentuk,No,Hobi & Hiburan,No
barang sesuai deskripsi,unknown,4,Tokopedia,Positive,Bentuk,No,F&B,No
barang sesuai dengan gambar harga murah tapi kualitas ga murahan pengiriman nya cepet oke bgt deh puass,unknown,5,Tokopedia,Positive,Harga,No,F&B,No
harga tdk mahal kualitas baik,unknown,5,Tokopedia,Positive,Harga,No,F&B,No
brg sesuai realpict kertasnya tebal puas belanja di toko ini terimakasih ukuran produk sesuai,unknown,5,Tokopedia,Positive,Bentuk,No,F&B,No
saya suka pelayanannya baik pengirimannya cepat packagingnya aman ada tulisan fragile handle with care saya suka barangnya cuma ada saran sebaiknya bagian atas di box tidak ditekuk jadi kelihatan sedikit tidak bagus dan tidak rapi tp selain itu baik,unknown,4,Tokopedia,Positive,Bentuk,No,F&B,No
alhamdulillah bagus material produk bagus produk sesuai produk berfungsi dengan baik,unknown,5,Tokopedia,Positive,Bentuk,No,F&B,No
material produk bagus kualitas produk bagus produk sesuai produk berfungsi dengan baik,unknown,4,Tokopedia,Positive,Bentuk,No,F&B,No
pengiriman cepat kualitas barang baik,unknown,5,Tokopedia,Positive,Bentuk,No,F&B,No
cukup baik hanya ukurannya tidak tercantumkan,unknown,4,Tokopedia,Positive,Bentuk,No,F&B,No
material produk bagus kualitas produk bagus ukuran produk sesuai produk original,unknown,5,Tokopedia,Positive,Bentuk,No,F&B,No
pengemasannya lama mungkin krn high order saya kira kualitasnya yg kaya gimana gt soalnya harganya diskon tapi saya tau itu cuma click bait aja pas cek toko lain harganya lebih miring padahal untungnya ada cashback produk dtg udah ga simetris mungkin kelamaan di kurir masa alamat saya dibilang negative address kalo komplain ke kurir kemana ya btw kualitas barang dgn harga segitu ya positive lah tebal blm dicobain buat masak thanks seller,unknown,4,Tokopedia,Positive,Harga,No,F&B,No
pengiriman super cepat barang sesuai pesannya,unknown,5,Tokopedia,Positive,Bentuk,No,F&B,No
pesanan di terima dengan baik maknyoss,unknown,5,Tokopedia,Positive,Lainnya,No,F&B,No
produk berfungsi dengan baik,unknown,4,Tokopedia,Positive,Lainnya,No,F&B,No
respon cepat produk sampai dengan cepat,unknown,3,Tokopedia,Neutral,Lainnya,No,F&B,No
berfungsi dengan baik dapat flashsale harga murah awalnya buat coba2 tapi ternyata oke bakal jadi andalan utk rebus telor,unknown,5,Tokopedia,Positive,Harga,No,F&B,No
barang tiba sesuai pesanan tinggal dipake masak deh terima kasih ya,unknown,4,Tokopedia,Positive,Bentuk,No,F&B,No
material produk bagus produk sesuai kualitas produk bagus produk berfungsi dengan baik,unknown,5,Tokopedia,Positive,Bentuk,No,F&B,No
mantap pas sih walau agak goyang2 ga lengket ke galon tpi speed air keluar cukup mulutnya mungkin yah agak kurang panjang dikit,unknown,4,Tokopedia,Positive,Bentuk,No,F&B,No
produk sesuai produk berfungsi dengan baik,unknown,4,Tokopedia,Positive,Bentuk,No,F&B,No
material produk bagus ukuran produk sesuai produk sesuai kualitas produk bagus,unknown,5,Tokopedia,Positive,Bentuk,No,F&B,No
material produk bagus ukuran produk sesuai,unknown,4,Tokopedia,Positive,Bentuk,No,F&B,No
barang dah sampai sesuai pesanan harga murah namun pengiriman agak lambat mungkin karena toko nya tutup selama beberapa hari gak masalah makasih gan,unknown,4,Tokopedia,Positive,Harga,No,F&B,No
material produk bagus kualitas produk bagus produk sesuai produk original,unknown,5,Tokopedia,Positive,Bentuk,No,F&B,No
barang bagus saran utk pengiriman tolong kotak nya dikasih tulisan fragile tadi punya saya di jatuhin di dalam pagar alhamdulillah gak pecah barangnya,unknown,4,Tokopedia,Positive,Bentuk,No,F&B,No
bgs brgnya semoga awet,unknown,4,Tokopedia,Positive,Bentuk,No,F&B,No
barang kondisi diterima baik dan aman saran aja mohon lebih cepat proses kirim nya dan klo di chat jgn respon nya lama sekali tks,unknown,3,Tokopedia,Neutral,Lainnya,No,F&B,No
tajam produk original produk sesuai kualitas produk bagus,unknown,5,Tokopedia,Positive,Bentuk,No,F&B,No
barang bagus dan sesuai,unknown,3,Tokopedia,Neutral,Bentuk,No,F&B,No
tajam kualitas produk bagus produk original produk sesuai,unknown,5,Tokopedia,Positive,Bentuk,No,F&B,No
produk sesuai deskripsi talenan tipis pisau tajam jadi enak untuk dipakai grip pada gagang terasa nyaman,unknown,4,Tokopedia,Positive,Bentuk,No,F&B,No
celemeknya tebal dan warna sesuai pesanan packingnya tebal berlapis lapis barang sampai tanpa rusak basah di toko ini juga banyak variasi celemeknya jadi bisa memilih sesuai kebutuhan sukses selalu untuk seller,unknown,5,Tokopedia,Positive,Bentuk,No,F&B,No
celemekny dah dateng packing hanya diberi kertas amplom coklat pengiriman cepat,unknown,4,Tokopedia,Positive,Lainnya,No,F&B,No
produk cukup bagus pas sesuai harga,unknown,3,Tokopedia,Neutral,Bentuk,No,F&B,No
barang sesuai pesanan dan telah diterima dengan baik terima kasih,unknown,5,Tokopedia,Positive,Bentuk,No,F&B,No
sesuai yang dipesan terima kasih,unknown,4,Tokopedia,Positive,Bentuk,No,F&B,No
barang bagus gambar sama aslinya sesuai,unknown,5,Tokopedia,Positive,Bentuk,No,F&B,No
bagus barang nya,unknown,4,Tokopedia,Positive,Bentuk,No,F&B,No
barang bagus sesuai dengan gambar,unknown,5,Tokopedia,Positive,Bentuk,No,F&B,No
mantap tajam kualitas produk bagus produk sesuai,unknown,5,Tokopedia,Positive,Bentuk,No,F&B,No
barang nya bagus sesuai dengan gambar dan tajam juga semoga awet deh pisau nya,unknown,4,Tokopedia,Positive,Bentuk,No,F&B,No
kualitas produk bagus,unknown,4,Tokopedia,Positive,Bentuk,No,F&B,No
material produk bagus produk sesuai kualitas produk bagus produk original,unknown,5,Tokopedia,Positive,Bentuk,No,F&B,No
pesanan cepat sampai d tujuan barang tiada kendala,unknown,4,Tokopedia,Positive,Lainnya,No,F&B,No
packing aman produk sesuai kualitas produk bagus,unknown,5,Tokopedia,Positive,Bentuk,No,F&B,No
mantaps murmer gede ga pake lengket2,unknown,5,Tokopedia,Positive,Rasa,No,F&B,No
material produk bagus ukuran produk sesuai kualitas produk bagus produk original,unknown,5,Tokopedia,Positive,Bentuk,No,F&B,No
selalu puas belanja disini packing aman sehingga brg diterima dlm keadaan baik tanpa cacat respon dan pengiriman cpt brg sesuai dengan deskripsi positive seller,unknown,5,Tokopedia,Positive,Bentuk,No,F&B,No
produk original kualitas produk bagus material produk bagus ukuran produk sesuai,unknown,5,Tokopedia,Positive,Bentuk,No,F&B,No
material produk bagus,unknown,5,Tokopedia,Positive,Bentuk,No,F&B,No
kualitas produk bagus,unknown,5,Tokopedia,Positive,Bentuk,No,F&B,No
rekomended seller barang sesuai deskripsi tingga dicoba saja niceee,unknown,4,Tokopedia,Positive,Bentuk,No,F&B,No
packing rapi suka barang bagus bgt semoga awet,unknown,4,Tokopedia,Positive,Bentuk,No,F&B,No
produk nya bagus sesuai deskripsi,unknown,5,Tokopedia,Positive,Bentuk,No,F&B,No
kualitas produk bagus,unknown,5,Tokopedia,Positive,Bentuk,No,F&B,No
material produk bagus produk original,unknown,5,Tokopedia,Positive,Bentuk,No,F&B,No
mantap recommended seller,unknown,5,Tokopedia,Positive,Rasa,No,F&B,No
material produk bagus kualitas produk bagus produk original ukuran produk sesuai overall recomended thx so much,unknown,5,Tokopedia,Positive,Bentuk,No,F&B,No
material produk bagus kualitas produk bagus ukuran produk sesuai produk original,unknown,5,Tokopedia,Positive,Bentuk,No,F&B,No
pengiriman cepat barang bagus semoga awet,unknown,4,Tokopedia,Positive,Bentuk,No,F&B,No
respon cepat packing pengiriman bagus buble wrap ny tebel jdi aman buat barangnya saya suka semoga barangnya awet dan brfungsi dgn baik recomended seller,unknown,4,Tokopedia,Positive,Bentuk,No,F&B,No
material produk bagus kualitas produk bagus produk original ukuran produk sesuai,unknown,5,Tokopedia,Positive,Bentuk,No,F&B,No
cuakeeeep maaf gapake poto barangnya oke bahannya baguuusss,unknown,5,Tokopedia,Positive,Bentuk,No,F&B,No
mantapppp build qualitynya josss pertahankan,unknown,5,Tokopedia,Positive,Rasa,No,F&B,No
baguus banget puaslah dengan carote ditunggu promo2nya lagi makasih ya,unknown,5,Tokopedia,Positive,Harga,No,F&B,No
kualitas produk bagus,unknown,5,Tokopedia,Positive,Bentuk,No,F&B,No
material produk bagus ukuran produk sesuai,unknown,5,Tokopedia,Positive,Bentuk,No,F&B,No
kualitas produk baik pengiriman hanya dengan box original dari pan nya,unknown,4,Tokopedia,Positive,Bentuk,No,F&B,No
ukuran produk sesuai,unknown,4,Tokopedia,Positive,Bentuk,No,F&B,No
produk bagus kualitas ok kuat dan pengiriman cepat packing aman,unknown,5,Tokopedia,Positive,Bentuk,No,F&B,No
sesuai pesanan kualitas,unknown,5,Tokopedia,Positive,Bentuk,No,F&B,No
bagus kokoh enggak yang lari larian rodanya,unknown,5,Tokopedia,Positive,Bentuk,No,F&B,No
ok barangnya murah meriah jadi gampang pindah pindahin gas galon dll,unknown,5,Tokopedia,Positive,Harga,No,F&B,No
barang sampai dengan aman dan cepat rekomen skali produknya,unknown,5,Tokopedia,Positive,Lainnya,No,F&B,No
barang sampai dgn aman dan dalam kondisi baik terimakasih sukses selalu,unknown,5,Tokopedia,Positive,Lainnya,No,F&B,No
pas bermanfaat jadi rapi dapurnya,unknown,4,Tokopedia,Positive,Bentuk,No,F&B,No
barang bagus pengiriman standar packaging rapi,unknown,4,Tokopedia,Positive,Bentuk,No,F&B,No
fast response sponge nya juga bagus satu sisinya kasar material produk bagus,unknown,5,Tokopedia,Positive,Bentuk,No,F&B,No
kualitas produk bagus produk sesuai,unknown,5,Tokopedia,Positive,Bentuk,No,F&B,No
respon cepat barang sesuai sipppppppppp,unknown,5,Tokopedia,Positive,Bentuk,No,F&B,No
material produk bagus kualitas produk bagus produk sesuai,unknown,5,Tokopedia,Positive,Bentuk,No,F&B,No
barang sdh diterima sesuai deskripsi dan pengiriman cepat thx,unknown,5,Tokopedia,Positive,Bentuk,No,F&B,No
nice product thanks to seller courier and tokopedia success,unknown,5,Tokopedia,Positive,Lainnya,No,F&B,No
respon cepat barang sesuai deskripsi busa cukup tebal semoga awet,unknown,4,Tokopedia,Positive,Bentuk,No,F&B,No
barang sdh diterima dalam kondisi baik semoga bs berfungsi spt yg diharapkan pengiriman cepat tks seller,unknown,4,Tokopedia,Positive,Lainnya,No,F&B,No
cepat pengirimannya packing aman,unknown,5,Tokopedia,Positive,Lainnya,No,F&B,No
barang diterima tanpa catat thanks yaaa,unknown,5,Tokopedia,Positive,Lainnya,No,F&B,No
respon seller cepat packing aman pengiriman cepat dan barangnya bagus,unknown,5,Tokopedia,Positive,Bentuk,No,F&B,No
barangnya bagus dan terlihat mewah designya juga keren pengiriman cepat dan di bungkus dengan rapi,unknown,5,Tokopedia,Positive,Bentuk,No,F&B,No
bagus bgt sesuai gambar pngiriman jg cpt,unknown,5,Tokopedia,Positive,Bentuk,No,F&B,No
barang sesuai gambar packing rapi pengiriman cepat,unknown,5,Tokopedia,Positive,Bentuk,No,F&B,No
pengirimannya sangat cepat baru pesan kemarin langsung datang esok harinya barangnya bagus semoga kualitasnya juga bisa awet,unknown,4,Tokopedia,Positive,Bentuk,No,F&B,No
lumayan barang berfungsi lucuuu,unknown,4,Tokopedia,Positive,Lainnya,No,F&B,No
produk berfungsi dengan baik produk sesuai udah dipake makasih yaa,unknown,5,Tokopedia,Positive,Bentuk,No,F&B,No
barang sangat bagus kualitas produk bagus,unknown,5,Tokopedia,Positive,Bentuk,No,F&B,No
dikirim dengan cepat untuk wilayar jaksel langsung dipakai den befungsi dengan baik recomended seller,unknown,5,Tokopedia,Positive,Bentuk,No,Elektronik,No
barang sesuai deskripsi recommended high quality product seller packaging ok,unknown,5,Tokopedia,Positive,Bentuk,No,Elektronik,No
pesanan dah sampai barangnya original barangnya mulus warna sesuai pesanan proses pesanan cepat packaging rapi packaging aman bisa fast charging kurir juga cepat trims ya,unknown,5,Tokopedia,Positive,Bentuk,No,Elektronik,No
pemrosesan serta pengiriman produk cepat padahal bukan di daerah jabodetabek produk diterima dengan sempurna buah micro usb data cable kualitas premium dan ada bonus kartu perdana smartfren trims,unknown,5,Tokopedia,Positive,Bentuk,No,Elektronik,No
bagus kabelnya cepet buat ngecas jozz,unknown,5,Tokopedia,Positive,Bentuk,No,Elektronik,No
barangnya original hemat listrik bahan kuat awet mutu terjamin sni penjualnya ramah banget packaging aman proses pesanan cepat gampang dipakai,unknown,5,Tokopedia,Positive,Bentuk,No,Elektronik,No
trnyata tanggal merah tetap melayani pengiriman dan benar lngsung dikirimkan by instant kurir pelayanan dan respon nya juara semoga awet dan fungsional,unknown,5,Tokopedia,Positive,Bentuk,No,Elektronik,No
alhamdulillah barang sesuai pesanan suaranya jelas ukurannya pas bisa dipanjangkan kabel tidak mudah putus menggunakan kabel yg lebar,unknown,5,Tokopedia,Positive,Bentuk,No,Elektronik,No
seller ramahhhhh banget fast respons menjawab pertanyaan buyer jadi buyer paham benar produk yg akan dibeli pengiriman cepat yg terpenting produknya bagus bgt berfungsi normal bisa atur semua warna termasuk rgb saat bermain dan putih saat bekerja warna putih menyala terang gampang connect ke wifi dan diatur di handphone aplikasi mudah digunakan memang ga salah pilih bardi yeayyyyy skrg kamar ada lampu rgb nya suka bgt sama ambience nya,unknown,5,Tokopedia,Positive,Bentuk,No,Elektronik,No
gampang dirakit desain elegan penjualnya ramah banget,unknown,5,Tokopedia,Positive,Bentuk,No,Elektronik,No
paket sudah diterima dalam kondisi aman lengkap dan tanpa cacat packing rapi dan aman pake bublewrap berfungsi normal ori masih segel dan harga bersahabat seller ok recomanded,unknown,5,Tokopedia,Positive,Bentuk,No,Elektronik,No
barangnya original ada garansi resmi suaranya jernih desainnya modern nyaman dipakai lama koneksi bluetooth kuat material premium baterai tahan lama noise cancellation mantap kabelnya kuat bass nya mantap suaranya gurih harganya terjangkau value for money koneksi ke apple lancar koneksi android lancar suaranya bersih nggak kresek kresek penjualnya ramah banget proses pesanan cepat,unknown,5,Tokopedia,Positive,Bentuk,No,Elektronik,No
barang sudah diterima dan berfungsi dengan baik terima kasih,unknown,5,Tokopedia,Positive,Lainnya,No,Elektronik,No
proses pesanan cepat respon penjualnya top packaging rapi,unknown,5,Tokopedia,Positive,Bentuk,No,Elektronik,No
proses pesanan cepat packaging aman packaging rapi,unknown,5,Tokopedia,Positive,Bentuk,No,Elektronik,No
barang dan pengiriman sesuai suara alarm kurang begitu kenceng alarm clock agak mengarah keatas jd display pd jam hanya akan terlihat lbh jelas bila posisi mata qta lbh tinggi dr posisi jam,unknown,4,Tokopedia,Positive,Bentuk,No,Elektronik,No
pengiriman cepat product aman dicoba bisa charge cm gak terlalu fast charging,unknown,4,Tokopedia,Positive,Lainnya,No,Elektronik,No
untuk barangnya sangat berkualitas akan tetapi pengirimnya yang agak lama terima kasih,unknown,4,Tokopedia,Positive,Bentuk,No,Elektronik,No
klaim produk order ditanggapi dg cepat dan diganti sesuai dg kualitas yg baik,unknown,4,Tokopedia,Positive,Bentuk,No,Elektronik,No
barang bagus pengiriman juga cepat cuma minus di packaging nya kurang rapi cuma pakai plastik tapi rekomen sih buat harga segini,unknown,4,Tokopedia,Positive,Bentuk,No,Elektronik,No
mantab produk sesuai deskripsi material produk krg rapi packing aman dan pengiriman cepat thx seller,unknown,4,Tokopedia,Positive,Bentuk,No,Elektronik,No
model dan warna aku suka tp pemasangan sedikit ribet moga ja awet,unknown,4,Tokopedia,Positive,Bentuk,No,Elektronik,No
barang mantapppp original robot harga juga lumayannnn okeee,unknown,4,Tokopedia,Positive,Rasa,No,Elektronik,No
bagus original suara lumayan semua touch control nya berfungsi dengan baik batre lumayan awet,unknown,4,Tokopedia,Positive,Bentuk,No,Elektronik,No
barangnya original mutu terjamin sni gampang dipakai hemat listrik modelnya keren hemat listrik,unknown,4,Tokopedia,Positive,Bentuk,No,Elektronik,No
barangnya berfungsi dengan baik semoga baterainya awet ya,unknown,4,Tokopedia,Positive,Bentuk,No,Elektronik,No
proses pesanan cepat packaging rapi,unknown,4,Tokopedia,Positive,Bentuk,No,Elektronik,No
sesuai dengan harga lumayan lah lebih kencang dari speaker hp,unknown,4,Tokopedia,Positive,Harga,No,Elektronik,No
harganya terjangkau koneksi android lancar,unknown,4,Tokopedia,Positive,Harga,No,Elektronik,No
produk cepat sampai dan sesuai deskripsi tapi chat nya slow respon overall bagus,unknown,4,Tokopedia,Positive,Bentuk,No,Elektronik,No
kesel ama durasi pengirimannya doang overall barangnya bagus kok,unknown,3,Tokopedia,Neutral,Bentuk,No,Elektronik,No
barang nya ok cuma proses kirim nya agak lama dan admin nya harus nya dichat dulu baru di proses barang nya,unknown,3,Tokopedia,Neutral,Lainnya,No,Elektronik,No
barang sangat lama datang dan ada sedikit penyot di bagian lampu indikator tapi alhamdulillah berfungsi dgn baik,unknown,3,Tokopedia,Neutral,Lainnya,No,Elektronik,No
suaranya jernih tp kurang keras dan casnya gk berfungsi tp gpp sy punya cas sndri proses pesanan cepat packaging aman packaging rapi,unknown,3,Tokopedia,Neutral,Bentuk,No,Elektronik,No
barangnya lumayan bagus hanya saja kurang bass nya,unknown,3,Tokopedia,Neutral,Bentuk,No,Elektronik,No
kurang bass tapi harganya terjangkau proses pesanan cepat,unknown,3,Tokopedia,Neutral,Harga,No,Elektronik,No
solatip nya kurang merekat tapi lampunya topp,unknown,3,Tokopedia,Neutral,Lainnya,No,Elektronik,No
kipas ok namun packingnya rusak dosnya sudah terbuka,unknown,3,Tokopedia,Neutral,Bentuk,No,Elektronik,No
ternyata kecil belum pasang semoga berfungsi baik,unknown,3,Tokopedia,Neutral,Bentuk,No,Elektronik,No
ini pembelian saya yang kedua kali pada saat saya terima kondisi segel sudah terbuka dan kartu garansi beda dengan unit yang saya sebelumnya meskipun garansi resmi indonesia dan unit ip cameranya berbahasa indonesia serta kondisi unit bisa dinyalakan saran saja sebelum barang dikirim disampaikan saja kondisinya supaya lebih transparan,unknown,3,Tokopedia,Neutral,Lainnya,No,Elektronik,No
full hd dan 2k hasil video nya masih noisy gak gitu jelas pun ada harga ada rupa overall masih acceptable di range harga ini,unknown,3,Tokopedia,Neutral,Harga,No,Elektronik,No
di aplikasinya gak bisa kelihatan kalo pintu lagi ke buka atau enggak tapi automationnya lumayan lengkapnlah,unknown,3,Tokopedia,Neutral,Rasa,No,Elektronik,No
berfungsi tapi sayangnya penyok,unknown,3,Tokopedia,Neutral,Lainnya,No,Elektronik,No
barang berfungsi dengan baik packaging aman barang mudah digunakan,unknown,5,Tokopedia,Positive,Bentuk,No,Elektronik,No
oke mantap pengiriman cepat seller ramah fast response produk sesuai harapan thanks,unknown,5,Tokopedia,Positive,Rasa,No,Elektronik,No
packaging rapi gampang dipakai desainnya elegan ada baret dikit tp masi ok lah overall,unknown,5,Tokopedia,Positive,Bentuk,No,Elektronik,No
fast respon barang bagus panasnya juga bagus,unknown,5,Tokopedia,Positive,Bentuk,No,Elektronik,No
alhamdulillah barang sudah diterima dg baik respon penjualnya top deh semoga makin sukses abang kurirnya ramah terimakasih,unknown,5,Tokopedia,Positive,Lainnya,No,Elektronik,No
barangnya original gampang dipakai ada garansi resmi penjualnya ramah banget,unknown,5,Tokopedia,Positive,Bentuk,No,Elektronik,No
barang bagus dan berfungsi dengan baik hasil pengepelan juga bersih pengiriman cepat,unknown,5,Tokopedia,Positive,Bentuk,No,Elektronik,No
segel rusak agak ragu sih dengan kualitas nya sempet komplain disertakan video unboxing saat paket datang tp sama penjual direspons negative yasudahlah kapok beli disini,unknown,1,Tokopedia,Negative,Bentuk,Yes,Elektronik,No
barang dateng pake kurir toko di unboxing trnyt ad lecet baret ampe besi ny keliatan sesuai dengan foto yg saya ambil dlm chat dgn owner tidak ad pertanggung jwban chat sy cm di read dr smnjk kmrn mlm april jam 8an mlm smpe skg tgl april jam 30an,unknown,2,Tokopedia,Negative,Bentuk,No,Elektronik,No
awalnya coba2 beli merk ini tapi ternyata kulkasnya ga bagus pada saat proses pendinginan kompressornya suranya keras berisik sumpah ganggu banget,unknown,2,Tokopedia,Negative,Rasa,No,Elektronik,No
baru datang saya rakit coba naikan kulkas baru sebentar kaki sudah patah al hasil tidak di pakai untung kulkas tidak jatuh,unknown,2,Tokopedia,Negative,Lainnya,No,Elektronik,No
barangnya ringkih bgt saya baru pake udh penyok pdhl saya pake untuk mesin cuci kg maap,unknown,1,Tokopedia,Negative,Lainnya,No,Elektronik,No
gak guna dibeli aplikasi semua gabisa moka cashlez semua gabisa dulu beli apa juga ga connect no recomended harga mahal support jelek,unknown,1,Tokopedia,Negative,Harga,No,Elektronik,No
dikirimnya lama plus batrenya cuma 1500mah alias tdk sesuai pic,unknown,2,Tokopedia,Negative,Bentuk,No,Elektronik,No
drawlernya ga bisa kebuka manual ataupun yg otomatis,unknown,3,Tokopedia,Neutral,Lainnya,No,Elektronik,No
lacinya sering macet tidak terbuka otomatis,unknown,1,Tokopedia,Negative,Lainnya,Yes,Elektronik,No
pakingnya kurang aman di pakein dus tipis doang pdahal elektronik dg barang riskan pecah kalo di tumpuk brng lain,unknown,3,Tokopedia,Neutral,Bentuk,No,Elektronik,No
tidak sesuai yang diharapkan volume tidak besar kencang,unknown,2,Tokopedia,Negative,Bentuk,Yes,Elektronik,No
ad retak di bagian kasingnya yg ad logo bluetooth nya untuk unit mp3 kit blom di tes mudah2han nyala setelah di tes ternyata gak ad suaranya padahal kalo pake modul mp3 lain nyala jadi keluar biaya 2x niat hemat malah buntung,unknown,1,Tokopedia,Negative,Harga,No,Elektronik,No
klo bisa di test dulu minimal nyala kondisi barang yg sampai ke saya tidak bisa nyala ada komponen dioda yg gak terpasang di power 5v input overall sih ok bisa sy perbaiki dari pada retur thanks,unknown,3,Tokopedia,Neutral,Bentuk,No,Elektronik,No
packing kurang rapi tidak aman dus penyok player hancur,unknown,2,Tokopedia,Negative,Bentuk,Yes,Elektronik,No
tidak sesuai deskripsi tidak sesuai gambar ada bbrapa tombol yg tidak berfungsi mau retur mau ganti dg model lain yg ada backlight ga masalah nambah biaya tp respon seller biikin kecewa,unknown,1,Tokopedia,Negative,Bentuk,Yes,Elektronik,Yes
banyak tombol yg rusak batre rusak tidak bisa di charge,unknown,1,Tokopedia,Negative,Lainnya,Yes,Elektronik,No
aplikasi banyak yang gak bisa kebuka cm bs youtube aja wirelles keyboard arah atas back dan angka tidak bisa kecewa tidak dilakukan pengecekan dlu sebelum dikirim niat mau nonton bein jadi tidak bisa remote mi boxnya jg tdk bisa,unknown,1,Tokopedia,Negative,Lainnya,Yes,Elektronik,No
tidak bisa upload atau transfer file dari komputer ke mp3 player padalhan sudah gonti usb cable data yg terbaik dan sudah update usb drive nya ternyata harus beli external memory card awalnya tertulis internal 4gb,unknown,2,Tokopedia,Negative,Lainnya,No,Elektronik,Yes
pengiriman cepet tapi qualitas barangnya jelek kekuatan baterai nya cuma bertahan menit klo dicas ada suara berdesis,unknown,2,Tokopedia,Negative,Bentuk,No,Elektronik,No
suara noise seperti saat sedang mencari saluran radio dan agak meletup2 sangat mengganggu padahal sedang berada pada mode bluetooth untuk mendengarkan musik bikin sakit telinga,unknown,2,Tokopedia,Negative,Lainnya,No,Elektronik,No
yg satu error mulu jadinya repot kadang hidupnya susah kalauoun hidup harusbpakai headset sebab mic nya nyala mati,unknown,3,Tokopedia,Neutral,Lainnya,No,Elektronik,No
nggak recomended saya sdh tes wtnya katany jarak 1km ini meter saja sdh gangguan,unknown,1,Tokopedia,Negative,Lainnya,No,Elektronik,No
ga bisa nyala mati2 suaranya,unknown,1,Tokopedia,Negative,Lainnya,Yes,Elektronik,No
seller 2x masalah dalam pengiriman barang pertama saya beli macam barang yg di kirim cuman macam kedua barang yg kurang sudah dikirim tetapi tidak seusai pesanan saya alhasil cuman barang yg saya pesan yg nyampe ngasih resi jg tidak sesuai di pengajuan komplain admin slow respon official store ga menjamin deh,unknown,1,Tokopedia,Negative,Bentuk,Yes,Elektronik,No
barang tdk bs di pake ring tune jg g bunyi kecewa,unknown,1,Tokopedia,Negative,Lainnya,Yes,Elektronik,Yes
barang tdk bisa dipakai suara tdk keluar sangat mengecewakan,unknown,1,Tokopedia,Negative,Lainnya,Yes,Elektronik,No
mic speakernya rusak suaranya terlampau kecil banget nyaris gak bisa dengar hmm not worth it gak di cek dulu sebelum kirim,unknown,2,Tokopedia,Negative,Harga,Yes,Elektronik,No
ujung kabel colokan dari gagang telepon ke pesawat telepon sudah tidak bisa terpasang sempurna,unknown,3,Tokopedia,Neutral,Bentuk,No,Elektronik,No
penjual kurang responsif saat diajukan pertanyaan tentang barang yg dikirim jd kecewa bngt ndak recomended sm penjual kyk gini saran bwt toko cari pegawai yang sikapnya enak dan responsif kepada pelanggan agar pelanggan merasa puas dan senang dengan pelayanan,unknown,1,Tokopedia,Negative,Rasa,Yes,Elektronik,No
sy pernah usaha jd sy tdk mau menjelekan usaha org sya toleransi klo pertama beli colokan rusak sy anggap kurir tpi transaksi ke ini lampu 2dari hanya nyala setengah bagaimana admin jualan tidak cek dulu sebelum pac d kirim jujur saya kecewa saya beli barang mungkin murah tapi bukan yg rusak donk cukup terakhir kali belanja di toko ini,unknown,1,Tokopedia,Negative,Harga,Yes,Elektronik,Yes
packing jelek brg dtng kotaknya penyot2 pesan bh rusak bh,unknown,1,Tokopedia,Negative,Bentuk,Yes,Elektronik,No
respon pengiriman sangat lambat status sengaja dirubah ke pengiriman agar tidak ada batas waktu batal otomatis tapi barang tidak dikirim kirim status berubah jadi pengiriman sampai resi keluar hari baru kurir berhasil pickup barang payah,unknown,1,Tokopedia,Negative,Lainnya,Yes,Elektronik,No
barang ga bisa dipake lampunya ga nyala dan sensornya rusak,unknown,1,Tokopedia,Negative,Lainnya,Yes,Elektronik,No
bagian magnet perekat tidak melekat dengan sempurna jadinya ketika ditempel dengan lampunya jatuh cukup kecewa karena bagian magnet dengan wadahnya ga melekat kuat jdnya buat rusak lampu kalau jatuh kelantai,unknown,3,Tokopedia,Neutral,Bentuk,No,Elektronik,No
tidak recommend banget pelayanan ngk bagus dan tidak sesuai di foto saya beli tetapi lampu mati satu dan tidak lengkap,unknown,1,Tokopedia,Negative,Bentuk,Yes,Elektronik,Yes
barang ada yg tidak dikirim penjual janji akan dikirim pada saat sy order berikutnya tetapi sampai order ke2 dateng tidak disertakan juga kekurangan barangnya penipu sellernya,unknown,1,Tokopedia,Negative,Lainnya,No,Elektronik,No
barang yg dikirim tidak dicoba terlebih dulu sehingga ada pcs yg tidak berfungsi mau diretur ongkir nya lebih mahal dr harga barang jadi kecewa,unknown,1,Tokopedia,Negative,Harga,Yes,Elektronik,No
barang gak berfungsi kalo mau dikirim cek dulu bos senter gak hidup udah di cas seharian packing juga tidak bagus jadi bungkusnya ada yg pecah,unknown,1,Tokopedia,Negative,Bentuk,No,Elektronik,No
harga murah tapi fisik yang di terima gaa sesuai harapan lampu di gagang gaa berfungsi zoom besar kecil gaa berfungsi lebih parah lagi saya udah kasih waktu jam untuk jawab keluhan saya via chat tapi seller slow slow aja padahal online utamain kepuasan pelanggan jangan hanya nyari keuntungan semata gaa bakal berkah,unknown,1,Tokopedia,Negative,Bentuk,Yes,Elektronik,Yes
jelek silikon pelindungnya setelah ditekuk gampang pecah jadi sobek gitu kualitas lamounya juga tidak sebaik yg saya bayangkan jauh dibawah kualitasnya philips,unknown,1,Tokopedia,Negative,Bentuk,No,Elektronik,No
barang sangat jelek tidak fungsi klaim tetap rusak mendingan jangan beli,unknown,1,Tokopedia,Negative,Bentuk,Yes,Elektronik,No
barangnya ada yg sobek diujung nya jadi macet ketika dinyalakan,unknown,3,Tokopedia,Neutral,Lainnya,No,Elektronik,No
lampu sudah di charge ga bisa menyala sama sekali padahal baru beli saya kecewa sekali penjual no respon,unknown,1,Tokopedia,Negative,Bentuk,Yes,Elektronik,Yes
di keterangannya kuat jam eh baru aja jam juga belum udah redup para,unknown,1,Tokopedia,Negative,Bentuk,No,Elektronik,No
untuk sekelas official store ini paling kacau sih packingnya bener2 cuma plastik item tipis kualitas trash bag dilakban asal asalan mending kalau ada tambah opsi bubble wrap,unknown,3,Tokopedia,Neutral,Bentuk,No,Elektronik,No
gada jam uda redup padahal cas nya seharian sebelum pemakaian pertama,unknown,2,Tokopedia,Negative,Lainnya,No,Elektronik,No
gak rekomendasi untuk beli disini ada masalah tapi seller ga jawab pesan tadinya ga mau pakai fitur komplain tokped karena gw kira seller bakal mau tanggung jawab tapi sampai pesanan otomatis selesai belum juga ada balasan buat pelajaran aja buat yang lain beli barang kaya gacha kalau lagi ga beruntung bisa dapat barang jelek dan ga bisa dituker,unknown,1,Tokopedia,Negative,Bentuk,Yes,Elektronik,No
lampu nya nyala tapi bentar aja tahan nya habis itu mati terus di colon lagi hidup trus bentar aja mati ngak tau salahnya dimana,unknown,1,Tokopedia,Negative,Lainnya,Yes,Elektronik,No
barang rusak ga bisa nyala sama sekali sebaiknya di coba dulu sebelum dikirim,unknown,1,Tokopedia,Negative,Bentuk,Yes,Elektronik,No
lampu rusak tidak bisa hidup dr awal lampu lg mati dan tdk bisa hidup setelah dipakai sehari,unknown,1,Tokopedia,Negative,Lainnya,Yes,Elektronik,No
ada aksesoris yang ga ada sama yang rusak kan harus nya ada pcs in cuma pcs lain kali tolong d check dlu ya,unknown,3,Tokopedia,Neutral,Bentuk,No,Fashion,No
di minta warna dusty sma abu abu di kirim abu abu ama pink,unknown,3,Tokopedia,Neutral,Bentuk,No,Fashion,No
pengiriman lama jam ok semoga awet,unknown,3,Tokopedia,Neutral,Bentuk,No,Fashion,No
klo mau kirim barang sebaiknya di cek dulu gan saya beli yg satu mati untuk saya harga segitu lumayan,unknown,3,Tokopedia,Neutral,Harga,No,Fashion,No
box nya gak di rakit,unknown,2,Tokopedia,Negative,Lainnya,No,Fashion,No
tdk sesuai pesanan,unknown,1,Tokopedia,Negative,Bentuk,No,Fashion,No
hati hati kalo beli barang di toko ini deskripsi penjual dan real barang datangnya harus jelas di lihat bacain aja tiap ada pembeli bintang komentar di produknya respon penjual gimana chat penjual ga mencerminkan seseorang yang baik,unknown,1,Tokopedia,Negative,Lainnya,No,Fashion,No
barang yang dikirim tidak sesuai walaupun tidak ada seharusnya warna jangan satu warna,unknown,2,Tokopedia,Negative,Bentuk,Yes,Fashion,No
beli pieces dgn catatan warna yg berbeda tapi datang dgn warna yg sama kesemuanya,unknown,1,Tokopedia,Negative,Bentuk,Yes,Fashion,No
tidak sesuai dengan yg dipesan harusnya hitam merah pengiriman lama,unknown,2,Tokopedia,Negative,Bentuk,Yes,Fashion,No
minta pink sama merah d kirim merah semua untung anaknya mau seller arogan jualnya memaksa saya mau warna yg sesuai kapok deh gak lagi lagi,unknown,1,Tokopedia,Negative,Bentuk,No,Fashion,No
kameranya jelek banget di deskripsi katanya bisa walkie talkie ternyata ga bs response penjual sangat lambat ga dapet sim card malah di ganti kaos kaki,unknown,2,Tokopedia,Negative,Bentuk,No,Fashion,No
sudah kali ganti kartu sinyalnya tidak ada terus sekali sinyal ada ngak bisa telp dan menerima telp,unknown,2,Tokopedia,Negative,Lainnya,No,Fashion,No
jam tangan nya rusak ga bisa dipakai sampai rumah anak sy menangis dan kecewa,unknown,1,Tokopedia,Negative,Lainnya,Yes,Fashion,Yes
celananya kekecilan sayang amet,unknown,3,Tokopedia,Neutral,Bentuk,No,Fashion,No
celanany ga masuk k kaki anak saya padahal pesannya udh d naikan ukuran,unknown,2,Tokopedia,Negative,Bentuk,No,Fashion,No
barang tidak sesuai no ya besar tp nyatanya kecil,unknown,2,Tokopedia,Negative,Bentuk,Yes,Fashion,No
bahanny ga enak,unknown,3,Tokopedia,Neutral,Rasa,No,Fashion,No
bahan panas ga menyerap keringat motif printan nya agak buram,unknown,3,Tokopedia,Neutral,Bentuk,No,Fashion,No
beli warna ungu kenapa warnanya jelek ya ungu pudar,unknown,3,Tokopedia,Neutral,Bentuk,No,Fashion,No
ini bukan kaos kaki tidak ada tumitnya sekali pakai langsung melar,unknown,1,Tokopedia,Negative,Lainnya,No,Fashion,No
tidak sesuai dengan apa yang dibayangkan,unknown,1,Tokopedia,Negative,Bentuk,Yes,Fashion,No
sandalnya licin anak berkali kali kepleset ketika jalan pakai sandal ini bawahnya licin sekali,unknown,3,Tokopedia,Neutral,Bentuk,No,Fashion,No
tidak sesuai ekspektasi saya bahan tipis cuma modelnya yg bagus,unknown,3,Tokopedia,Neutral,Bentuk,No,Fashion,No
bahan tipis kualitas buruk,unknown,1,Tokopedia,Negative,Bentuk,Yes,Fashion,No
tak seindah yg dibayangkan,unknown,1,Tokopedia,Negative,Lainnya,No,Fashion,No
tipis bagian dalam kurang rapi untuk harga segitu jadi mahal krn ga awet,unknown,1,Tokopedia,Negative,Bentuk,No,Fashion,No
maaf ya kak kasih bintang soalnya bagian dalam tas sobek terus reseletingnya dol susah dibuka tutup lain kali tolong cek dulu,unknown,3,Tokopedia,Neutral,Lainnya,No,Fashion,No
barangnya ga rapih terutama jahitannya dan masih ada benang yg ga beraturan,unknown,2,Tokopedia,Negative,Bentuk,No,Fashion,No
barang sudah sampai tapi tidak sesuai sample,unknown,2,Tokopedia,Negative,Bentuk,Yes,Fashion,No
pake seminggu udh rusak bahannya ada sambungan yang brudul ga bisa dijahit ulang waktu dtg masih rapi kecewa,unknown,2,Tokopedia,Negative,Bentuk,Yes,Fashion,Yes
tas nya kurang bagus how how,unknown,2,Tokopedia,Negative,Bentuk,No,Fashion,No
harga kualitas terlalu jauh harga tinggi vs kualitas rendah,unknown,2,Tokopedia,Negative,Harga,No,Fashion,No
psan warna pink yg di kirim warna biru bikin ank sya nangis gk maw pakek,unknown,1,Tokopedia,Negative,Bentuk,No,Fashion,No
kecewa jahitanya gak rapih trus itu peganganya amburadul,unknown,2,Tokopedia,Negative,Bentuk,Yes,Fashion,Yes
tas nya nggk bagus bahan sablonan nya maklum lah murahan,unknown,1,Tokopedia,Negative,Bentuk,No,Fashion,Yes
yang di pesan merah yg datang biru parah,unknown,2,Tokopedia,Negative,Lainnya,Yes,Fashion,No
produk sgt biasa jauh bgt bedanya sm foto dgn realnya pknya resleting biasa bahan kasar,unknown,3,Tokopedia,Neutral,Bentuk,No,Fashion,No
barang tidak sesuai gambar,unknown,1,Tokopedia,Negative,Bentuk,Yes,Fashion,No
slow respon kecewa berat sampe 1jam batal otomatis karna ga diproses,unknown,1,Tokopedia,Negative,Bentuk,Yes,Fashion,Yes
kartu tidak terdeteksi jadi jam gk cocok sudah coba2 cari di yutube tutorial tetap gk bisa akhirnya nyesel deh beli,unknown,2,Tokopedia,Negative,Bentuk,No,Fashion,No
barang tidak sesuai dgn pesanan pesanan imo z7 yg di kirim merk huangmi,unknown,1,Tokopedia,Negative,Bentuk,Yes,Fashion,No
jam nya mati tidak bisa di hidup kan sudah di tekan tombol on off komplain tidak ada respon tolong jgn jual jam mati rusak atau di cek dahulu sebelum di kirim,unknown,1,Tokopedia,Negative,Lainnya,Yes,Fashion,No
ternyata tidak sesuai tidak dpat dipakai,unknown,3,Tokopedia,Neutral,Bentuk,No,Fashion,No
ga tahan lama mgg setelah beli sudah rusak,unknown,2,Tokopedia,Negative,Bentuk,Yes,Fashion,No
barang lama dkirimnya beli tp 1nya rusak,unknown,1,Tokopedia,Negative,Lainnya,Yes,Fashion,No
jamnya susah sinyal mau pake kartu apapun tetap lemah sinyal jelek bgttt udh d komplain gada penyelesaian yg memuaskan,unknown,1,Tokopedia,Negative,Bentuk,Yes,Fashion,Yes
mengecewakan sama sekali tidak bisa digunaka,unknown,1,Tokopedia,Negative,Bentuk,Yes,Fashion,No
yg dipesan yg dtg barangnya beda ga ada konfirmasi mau retur juga mahal di ongkos sudah lah,unknown,3,Tokopedia,Neutral,Harga,No,Fashion,No
sayang banget dicuci pake mesin cuci langsung hancur,unknown,4,Tokopedia,Positive,Lainnya,No,Fashion,No
ternyata sablonnya tidak sesuai dengan gambar huhu,unknown,3,Tokopedia,Neutral,Bentuk,No,Fashion,No
sablonan kurang bagus pas di cuci ancur sablonannya,unknown,3,Tokopedia,Neutral,Bentuk,No,Fashion,No
begitu di cuci sablonan lepas,unknown,2,Tokopedia,Negative,Bentuk,No,Fashion,No
sablonan tidak bagus klo dicuci nempel,unknown,2,Tokopedia,Negative,Bentuk,No,Fashion,No
bahannya tipis bgt dipake panas sablonan juga jelek,unknown,2,Tokopedia,Negative,Bentuk,No,Fashion,No
maaf tp sablonnya bener2 ga layak,unknown,2,Tokopedia,Negative,Lainnya,No,Fashion,No
baju nya tipis model celana nya juga gak sama dengan di foto gak real fict mnurut saya sablon nya licin sekali cuci dijemur lengket dan lepas nyesel belanja di sini gak sesuai dgn expektasi saya,unknown,1,Tokopedia,Negative,Bentuk,No,Fashion,No
sablonnya jelek bgttttt,unknown,1,Tokopedia,Negative,Bentuk,No,Fashion,No
parah banget nih baju di cuci sekali langsung sablon nya ilangg rontok semua parah jelek kualitas nya,unknown,1,Tokopedia,Negative,Bentuk,Yes,Fashion,No
bahan nya tipis jahitan kurang rapi,unknown,3,Tokopedia,Neutral,Bentuk,No,Fashion,No
bahannya ternyata panas dan ga nyerap keringat yah namanya ada rupa ada harga,unknown,3,Tokopedia,Neutral,Harga,No,Fashion,No
saya kecewa bahan nya panas warna yg di kirim juga kurang menarik,unknown,2,Tokopedia,Negative,Bentuk,Yes,Fashion,Yes
bahan agak panas dn warnanya ga cocok,unknown,2,Tokopedia,Negative,Bentuk,No,Fashion,No
celana yang datang tidak sesuai dengan gambar di gambar motif kotak kotak yang datang polosan semua,unknown,1,Tokopedia,Negative,Bentuk,Yes,Fashion,No
sangat mengecewakan pesen kotak2 yg dateng celana stret buat renang engga bisa di pakai engga lgi bli di toko ini,unknown,1,Tokopedia,Negative,Lainnya,Yes,Fashion,No
pesan celana tidak sesuai dng yg dipesan kecewa,unknown,1,Tokopedia,Negative,Bentuk,Yes,Fashion,Yes
barang ga sesuai sama permintaan pdhl udh chat dl an untuk memastikan pesenan motif dan adh di ok in tp alah yg dtg tdk sesuain,unknown,1,Tokopedia,Negative,Bentuk,No,Fashion,No
kecewa th anakku umur bln gk muat kain gk halus gk melar tipis kecewa pokoknya,unknown,3,Tokopedia,Neutral,Bentuk,No,Fashion,No
yg dateng gambarnya ga sesuai,unknown,3,Tokopedia,Neutral,Bentuk,No,Fashion,No
kecil sekali sama ukuran singlet anak saya pas newborn masih gedean singlet newborn anak saya padahal di leterangan size nya th sayang banget padahal lucu,unknown,3,Tokopedia,Neutral,Bentuk,No,Fashion,No
bahan ny sih bagus cm sayang pesen nya datang ny d chat ke seller ny jg d d baca boro boro ada penjelasan seller g asiiiik g bs d ajak komunikasi,unknown,3,Tokopedia,Neutral,Bentuk,No,Fashion,No
barang tidak sesuai dengan foto,unknown,1,Tokopedia,Negative,Bentuk,Yes,Fashion,No
tak seperti diiklan,unknown,1,Tokopedia,Negative,Lainnya,No,Fashion,No
kirim celananya ga sesuai ukuran,unknown,1,Tokopedia,Negative,Bentuk,No,Fashion,No
psen yg mix dikirimnya warna orange,unknown,4,Tokopedia,Positive,Bentuk,No,Fashion,No
patah kaitannya gak bsa dipake deh,unknown,3,Tokopedia,Neutral,Lainnya,No,Fashion,No
pelayanan amat sangan gak oke,unknown,3,Tokopedia,Neutral,Lainnya,No,Fashion,No
barang okelah standard yg bikin males tokonya slow respooonn padahal sering online chat gak dibalas hr baru dikirim,unknown,3,Tokopedia,Neutral,Lainnya,No,Fashion,No
beli buah warna pink dikirimnya ungu tidak ada konfirmasi sebelumnya dan ketika saya ty di dm pun tidak dibalas ada gantungan masker yg putus juga tapi seller sama sekali tidak membalas dm saya ketika ditanya mengenai ini,unknown,2,Tokopedia,Negative,Bentuk,No,Fashion,No
udh bertahun2 belanja di tokped ga pernah ketemu seller model gini di chat dr awal sama sekali ga bales ampe nyanyi album saya di chat wakaka mesen hari kamis jam sampenya selasa malem butuh urgent bgt pdhl kapok dah bener2 worst seller,unknown,1,Tokopedia,Negative,Bentuk,No,Fashion,No
pengiriman lama sekali diconfirm tdk dibalas pdhal online negative service,unknown,1,Tokopedia,Negative,Lainnya,No,Fashion,No
ada pilihan mix warna yg dikirim warna biru padahal utk anak perempuan kecewa gk mau beli lagi dsini,unknown,1,Tokopedia,Negative,Bentuk,Yes,Fashion,Yes
warna pinknya tdk sesuai,unknown,4,Tokopedia,Positive,Bentuk,No,Fashion,No
tidak sama dgn gambar,unknown,3,Tokopedia,Neutral,Bentuk,No,Fashion,No
tidak sesuai gambar dan kecil,unknown,3,Tokopedia,Neutral,Bentuk,No,Fashion,No
kurang sesuai dengan deskripsi yg katanya muat untuk tahun anak tahun aja kekecilan panjangnya juga bukan hanya,unknown,3,Tokopedia,Neutral,Bentuk,No,Fashion,No
barangnya gak sesuai gambar biasa aja pantes hrg murah,unknown,3,Tokopedia,Neutral,Bentuk,No,Fashion,No
barang tidak sesuai dengan di foto leggingnya jg ada yg sobek,unknown,3,Tokopedia,Neutral,Bentuk,No,Fashion,No
respon lama proses lama not recomended,unknown,2,Tokopedia,Negative,Lainnya,No,Fashion,No
tipis banget ukurannya terlalu kecil tidak sesuai usia,unknown,2,Tokopedia,Negative,Bentuk,Yes,Fashion,No
warna tidak sesuai yaudalah drpd repot2 ngirim balik,unknown,2,Tokopedia,Negative,Bentuk,Yes,Fashion,No
baru d cobain langsung sobek tengahnya hahaaa maklumlah harga menentukan kualitas juga,unknown,1,Tokopedia,Negative,Harga,No,Fashion,No
bahan tipis gak sesuai motif garis spt foto minta pink dikirim warna merah cape deh mending fotonya diganti jgn pajang foto yg gak sesuai brg ready saya pesen 2polos strip yg 14rb yg 19rb cb dicek dulu dan minta warna pink,unknown,1,Tokopedia,Negative,Bentuk,No,Fashion,No
kecewa pesen barang yg dikirim cuma ga amanah banget semoga berkah aja deh,unknown,1,Tokopedia,Negative,Lainnya,Yes,Fashion,Yes
yg dipesan 5macam yg datang doraemon semua,unknown,2,Tokopedia,Negative,Lainnya,No,Fashion,No
barang tidak sesuai dengan pesanan,unknown,1,Tokopedia,Negative,Bentuk,Yes,Fashion,No
barangnya yg dikirim tidak sesuai dg pesanan saya pesan tas stitch dan pink minnie tp yg dikirim tas minion kedua duanya,unknown,1,Tokopedia,Negative,Bentuk,Yes,Fashion,No
tali tas nya mau putus,unknown,1,Tokopedia,Negative,Lainnya,No,Fashion,No
brg udah di terima pesan ny masing2 pcs tapi yg dtng malah doraemon semya padahal udah di chat sebelumny tlg sesuai orderan y jawab adminny y tapi dtngny malah lain,unknown,1,Tokopedia,Negative,Rasa,No,Fashion,No
ternyata tipis bahannya,unknown,3,Tokopedia,Neutral,Bentuk,No,Fashion,No
deskripsi warna kurang sesuai,unknown,3,Tokopedia,Neutral,Bentuk,No,Fashion,No
kurang bagus bahannya,unknown,3,Tokopedia,Neutral,Bentuk,No,Fashion,No
gk bisa di pakai tali krng panjang,unknown,2,Tokopedia,Negative,Bentuk,No,Fashion,No
sangat kecewa belanja di toko ini pesan masker yang sampai cuma tolong kalau packing barang sbelum di kirim teliti dlu dong jangan sampai mengecewakan pembeli termasuk saya,unknown,1,Tokopedia,Negative,Lainnya,Yes,Fashion,No
barang g smapai hilang di kurir uang refund,unknown,2,Tokopedia,Negative,Lainnya,Yes,Fashion,No
pesan lain warna dikirim warna yg sama kecewa seh tp ya sdhlah,unknown,1,Tokopedia,Negative,Bentuk,Yes,Fashion,Yes
penjual tidak membaca catatan yang diberikan pembeli,unknown,1,Tokopedia,Negative,Lainnya,No,Fashion,No
minta pcs dikirimnya pcs dan dikemasan paket tidak ada jumlah barang yang akan dikirim,unknown,1,Tokopedia,Negative,Bentuk,No,Fashion,No
masker kurang bagus bahannya kurang nyaman dan gampang sekali kusut pesan warna putih warna talinya hitam gak cocok sama warna maskernya,unknown,3,Tokopedia,Neutral,Bentuk,No,Fashion,No
barang gak sesuai order warna hitam polos yg dtg malah motif,unknown,2,Tokopedia,Negative,Bentuk,No,Fashion,No
jilbabya lecek dan banyak benang jahitan,unknown,1,Tokopedia,Negative,Bentuk,No,Fashion,No
bahan biasa gak seperti yg dibayangin,unknown,2,Tokopedia,Negative,Bentuk,No,Fashion,No
brg nya blm sampe dan blm diterima tp diaplikasi uda selesai aja kan aneh,unknown,1,Tokopedia,Negative,Lainnya,No,Fashion,No
barang nya gak saya terima tiba tiba saja ada nama penerima nya kecewa banget jadi nya walaupun si grtis dari penggunaan pertama tokopedia tapi kalau begini kan jadi males buat gunain tokopedia,unknown,1,Tokopedia,Negative,Lainnya,Yes,Fashion,Yes
saya nggak terima paketnya sama sekali saya minta lacak malah no respon,unknown,1,Tokopedia,Negative,Bentuk,No,Fashion,No
bahannya ga enak,unknown,2,Tokopedia,Negative,Rasa,No,Fashion,No
warna dusty difoto sm aslinya beda sama ada bagian atasan depan kotor seperti tinta bolpen,unknown,2,Tokopedia,Negative,Bentuk,No,Fashion,No
emang harus hati2 belanja online ya kayanya pas beli ga ada tuh foto mukena kombinasi tiba2 dikirim beda sama foto awal untung tes beli sebelum beli puluhan untuk dikasih keorang cukup sekali aja beli disini semoga bisa nemu toko yg amanah,unknown,2,Tokopedia,Negative,Bentuk,No,Fashion,No
megecewakan sy hendak tukar warna mbak nya iya aja eeh dikirimnya ttp warna yg salah padahal kalau tidak bisa ditukar kan bisa sy batalkan,unknown,1,Tokopedia,Negative,Bentuk,No,Fashion,No
order emerald dikirim tosca tanpa konfirmasi,unknown,2,Tokopedia,Negative,Lainnya,No,Fashion,No
sudah beli banyak untuk kebutuhan dikirim keluar negeri ternyata tidak bisa tukar warna padahal belum 30hari sesuai standard seharusnya masih bisa dilakukan refund warna pink terlalu kontras tidak sesuai pada gambar,unknown,1,Tokopedia,Negative,Bentuk,Yes,Fashion,No
pesan warna putih dan abu tapi yg datang warna salem dan abu kecewa karena penjual tidak konfirmasi sebelum dikirim,unknown,1,Tokopedia,Negative,Bentuk,Yes,Fashion,Yes
tolong di perhatikan bagian karet nya ini kebalik karetnya ga sm lurus jahit nya malah dkirimin brg reject,unknown,2,Tokopedia,Negative,Bentuk,No,Fashion,No
bahan jelek panas tipis,unknown,3,Tokopedia,Neutral,Bentuk,No,Fashion,No
barang belum diterima,unknown,1,Tokopedia,Negative,Lainnya,No,Fashion,No
warna tidak sesuai dengan digambar,unknown,2,Tokopedia,Negative,Bentuk,Yes,Fashion,No
lubang utk muka sempit ga enak,unknown,2,Tokopedia,Negative,Rasa,No,Fashion,No
baru terima paket siang ini beli mukena disini di iklan gak bilang klo tanpa tas saat komplain kenapa mukena kusut malah respon klo sdh dicuci dan disetrika apa masih kusut becanda nya bikin kesel nih penjual nya,unknown,1,Tokopedia,Negative,Lainnya,Yes,Fashion,No
tidak berfungsi dengan baik suka mati sendiri,unknown,2,Tokopedia,Negative,Lainnya,Yes,Fashion,No
barang nya tipis tapi y udhlah brg udh d terima,unknown,2,Tokopedia,Negative,Bentuk,No,Fashion,No
yg abu aga tebel bahannya yg hitam tipis bangt sedih,unknown,2,Tokopedia,Negative,Bentuk,No,Fashion,No
kirain bahannya katun ternyata tipis bangeet licin dan lemas kalau dibawa jalan kaki berisik bahannnya,unknown,1,Tokopedia,Negative,Bentuk,No,Fashion,No
paketan nya sudah hari belum sampai jg penjual d hub tidak bisa,unknown,1,Tokopedia,Negative,Lainnya,No,Fashion,No
lidah kerudung kelebaran,unknown,2,Tokopedia,Negative,Lainnya,No,Fashion,No
kecewa dipikir agar panjang dikit rupanya pendek maaf saya kasih bintang aja,unknown,2,Tokopedia,Negative,Bentuk,Yes,Fashion,Yes
spesifikasi barang kurang lengkap dipakai dewasa ngga bisa hanya sampai leher,unknown,2,Tokopedia,Negative,Lainnya,No,Fashion,No
padahal udah berekspektasi tinggi beli di sini karena official store nya eh tapi ternyata yg dikirim ga sesuai sama warna nya beli nya warna cream yg di kirim warna apaan kecewa bgt sih jujur karena ga konfirmasi dulu ke saya kalo mau di ganti warna nya lain kali lebih amanah ya kak jangan kirim barang yg ga sesuai warna kalo emang stock nya habis konfirmasi dulu hehehe makasih,unknown,2,Tokopedia,Negative,Bentuk,Yes,Fashion,Yes
ga sesuai warna pesanan,unknown,2,Tokopedia,Negative,Bentuk,No,Fashion,No
tdk sesuai warna pesanan,unknown,2,Tokopedia,Negative,Bentuk,No,Fashion,No
klik klaim hadiah rupiah dari tokopedia tapi malah tidak di kirim sampai satu minggu padahal stok masih ada sangat jelas masih tersedia di bar ijo dicek sedang dikirim dan ada nomor resi tapi tidak valid entah yang salah di seller atau ekspedisi mengecewakan pelanggan baru yang baru gabung di tokopedia semoga kedepannya tidak terjadi lagi,unknown,1,Tokopedia,Negative,Harga,Yes,Fashion,No
warna tidak sesuai dengan keinginan padahal sdh dichat,unknown,1,Tokopedia,Negative,Bentuk,Yes,Fashion,No
seneng liat mukenanya dtg tp jd sedih lihat tasnya tas rusak kok dijual,unknown,2,Tokopedia,Negative,Lainnya,Yes,Fashion,No
penjual memaksa untuk tidak mau membatalkan pesanan maen kirim aja padahal saya sudah ajukan pembatalan silahkan nikmati uang haram,unknown,1,Tokopedia,Negative,Rasa,Yes,Fashion,No
tidak suka dengan respon yg tidak bagus banget,unknown,1,Tokopedia,Negative,Bentuk,No,Fashion,No
saya beli tasbih digital berbeda warna tapi setelah saya terima barangnya tidak sesuai catatan yang saya kasih,unknown,2,Tokopedia,Negative,Bentuk,Yes,Fashion,No
cara bungkus nya hanya pakai plastik tipis saja dan dililit pakai lakban bening di buka pake tangan tidak bisa pas pake gunting sajadah ikut ke gunting karena bungkus nya tipis,unknown,2,Tokopedia,Negative,Bentuk,No,Fashion,No
order yg ke kurang memuaskan panjangnya beda ama pertama pesen padahal ukurannya l jg,unknown,2,Tokopedia,Negative,Bentuk,No,Fashion,No
pinknya tipis dan menerawang pengirimannya buruk barang baru dikirim minus beberapa jam sebelum batal otomatis padahal hari setelah order penjual sudah diingatkan via dm tapi malah disuruh sabar tanpa diberi alasan dan status barang masih tetap dalam proses mungkin nunggu orderan besar biar sekalian dikirim,unknown,2,Tokopedia,Negative,Bentuk,Yes,Fashion,No
warna salah pesan warna hitam dapat warna putih,unknown,1,Tokopedia,Negative,Bentuk,No,Fashion,No
proses packing lambat,unknown,1,Tokopedia,Negative,Lainnya,No,Fashion,No
gak sesuai gambar depan terlalu pendek,unknown,3,Tokopedia,Neutral,Bentuk,No,Fashion,No
terlalu tipis sekali untuk harga segitu seperti sehelai kain jilbab segi empat tdk sesuai ekspektasi,unknown,2,Tokopedia,Negative,Bentuk,No,Fashion,No
bahan tipis sekali,unknown,1,Tokopedia,Negative,Bentuk,No,Fashion,No
bahan terlalu tipis,unknown,1,Tokopedia,Negative,Bentuk,No,Fashion,No
baju tdk sesuai dgn gambar lebih pendek kantong kecil seperti baju anak2,unknown,2,Tokopedia,Negative,Bentuk,No,Fashion,No
jahitannya ngga rapih banyak benang2 yg belom kepotong ada juga benang yang copot,unknown,2,Tokopedia,Negative,Bentuk,No,Fashion,No
parah kecil banget padahal ukurannya l dan xl ini mah buat anak sd kaga bisa buat orang dewasa sekalipun dengan negativean kecil,unknown,2,Tokopedia,Negative,Bentuk,Yes,Fashion,No
beda yg dipesen sama yg datang,unknown,2,Tokopedia,Negative,Bentuk,No,Fashion,No
bajunya kok gak sesuai dg fotonya bahkan mereknya gak ada digunting,unknown,1,Tokopedia,Negative,Bentuk,No,Fashion,No
sangat amat kecewa beli baju dewasa yg dtng ukuran anak sd moga berkah tuh duit,unknown,1,Tokopedia,Negative,Bentuk,Yes,Fashion,No
jelek bgt bikin kecewa,unknown,1,Tokopedia,Negative,Bentuk,Yes,Fashion,Yes
jauh dari expektasi bahannya kucel,unknown,3,Tokopedia,Neutral,Bentuk,No,Fashion,No
pashminanya pendek gak seperti yang ada di deskripsi,unknown,2,Tokopedia,Negative,Bentuk,No,Fashion,No
barang ga sampai sudah ke ekspedisi juga ga ada udh minta kasih ulasan saja smoga yg nerima tuh barang berkah besok besok ga lagi beli disini,unknown,1,Tokopedia,Negative,Lainnya,No,Fashion,No
tidak ada talinya,unknown,2,Tokopedia,Negative,Lainnya,No,Fashion,No
agak kecewa sih jilbabnya ukuran kecil banget gak bisa dipakai untuk dewasa,unknown,2,Tokopedia,Negative,Bentuk,Yes,Fashion,No
not recommend gak sesuai sama harga beli di toko lain dengan harga sama kualitas jauh maaf review jujur,unknown,2,Tokopedia,Negative,Bentuk,No,Fashion,No
ada noda kuning di jilbab nya pendek kaku,unknown,1,Tokopedia,Negative,Bentuk,No,Fashion,No
maskernya agak kecil tdk sesuai harga,unknown,2,Tokopedia,Negative,Harga,No,Fashion,No
kecewa deh order warna hitam navy dikirim dua2nya warna navy alhamdulillah ga langsung beli banyak nyoba beli sedikit dulu,unknown,2,Tokopedia,Negative,Bentuk,Yes,Fashion,Yes
saya kecewa banget sih pesan maroon hijau army sama mint tapi tu semua dganti sama warna lain tanpa konfirmasi semoga bisa lebih teliti n komunikasi dg pembeli jika barang tidak tersedia,unknown,3,Tokopedia,Neutral,Bentuk,No,Fashion,No
yg direquest dgn yg dikirim beda warna tanpa ada konfirmasi,unknown,3,Tokopedia,Neutral,Bentuk,No,Fashion,No
warnanya tidak sesuai,unknown,2,Tokopedia,Negative,Bentuk,Yes,Fashion,No
pengiriman lama barang sesuai harga tlg qc nya lebih di perbaiki ada bolong2 bks jarum di jahitannya ada garis putih di kerudung abu yg lbh keliatan,unknown,2,Tokopedia,Negative,Harga,No,Fashion,No
pesannya cappucino datengnya ungu tua aduuhhhh jauh bngat baru pertama kali belanja udah mengecewakan,unknown,1,Tokopedia,Negative,Lainnya,Yes,Fashion,No
bahannya kurang bagus biasa aja,unknown,1,Tokopedia,Negative,Bentuk,No,Fashion,No
ada wrna yg salah jdi kecewa deh,unknown,1,Tokopedia,Negative,Lainnya,Yes,Fashion,Yes
saya pesan warna mustard tapi tidak sesuai,unknown,1,Tokopedia,Negative,Bentuk,Yes,Fashion,No
gk ada plat besinya cm ada label merk bahan,unknown,2,Tokopedia,Negative,Bentuk,No,Fashion,No
pengiriman lama udh gt gaktau deh bener atau gak admin nya wa aku blgnya warna jilbab yg ku pesan hbs trs ak udh pilih warna lain tp ujungnya yg dtg ttp aja warna yg kupilih awal knp bgtu ya kalo ada stocknya knp hrs berbelit smakin lama pengirimannya statusnya gagal trs lama bgt biasanya dari bandung gak selama ini ini krn adminnya japri di wa berbelit belit barang diskon ya gak gini juga lah hrs sama pelayanan nya jgn bikin kecewa,unknown,1,Tokopedia,Negative,Bentuk,Yes,Fashion,Yes
kecewa berat sama pedagang warna yg dibeli kosong dikirim tanpa konfirmasi pdhl sy sudh minta d cancel sudh dikirim baru bilang warna habis pdhl harga lumayan mahal dikirim warna senada 4pcs emang sy mau buat seragaman,unknown,1,Tokopedia,Negative,Bentuk,Yes,Fashion,Yes
produk tidak sesuai gambar harusnya gambar depan diganti karena jilbab ini tanpa plat dan hrusnya di deskripsi dituliskan kalau gambar didepan berbeda dgn produk supaya pembeli jg paham kalau produk yg dikirim dgn gambar depan berbeda harga lumayan mahal klo tanpa plat besinya bijaklah dlm berdagang apalagi utk merk yg sudah mulai besar dan dikenal masyarakat luas,unknown,1,Tokopedia,Negative,Bentuk,Yes,Fashion,No
warna yang datang beda sama asli diganti seh tp pas dateng bahannya tipissss banget nyesel deh,unknown,2,Tokopedia,Negative,Bentuk,No,Fashion,No
quality control ny tdk teliti yg kuning ada lubang ny sedikit,unknown,3,Tokopedia,Neutral,Lainnya,No,Fashion,No
kecewa sih padahal beli mau buat dikasih orang tapi malah ga dapet boxnya sebelumnya pernah beli diario x nagita slavina juga tapi dapet box kirain beli pas sale di tokopedia akan dapat boxnya juga ternyata malah ga dapet,unknown,3,Tokopedia,Neutral,Bentuk,No,Fashion,No
kata penjual biru muda ternyata biru tua tidak ada kemasan kotak hanya plastik biasa kain jilbab juga susah dibentuk sehingga tidak rapi tidak sesuai ekspektasi saya,unknown,1,Tokopedia,Negative,Bentuk,Yes,Fashion,No
salah kirim warna sy minta warna pink biru hitam yg dikirim merah hijau hitam lampu led tdk nyala,unknown,3,Tokopedia,Neutral,Bentuk,No,Fashion,No
pembelian yg ini sy kecewa krn lampunya nggak nyala jg cetekan yg tdk buny,unknown,3,Tokopedia,Neutral,Lainnya,No,Fashion,No
warna tidak sesuai permintaan padahal sudah di beri note tetap saja dikirim warna random,unknown,3,Tokopedia,Neutral,Bentuk,No,Fashion,No
penjual ga selektif asal kirim dapet barang yang kondisi case nya udh rusak,unknown,3,Tokopedia,Neutral,Bentuk,No,Fashion,No
yg dikirim russakkkkk guys ampun dahh,unknown,1,Tokopedia,Negative,Lainnya,No,Fashion,No
produk yg dikirim tdk on alias mati produk rusak yg dikirim sbg konsumen sy dirugikan,unknown,1,Tokopedia,Negative,Lainnya,Yes,Fashion,No
jahitannya berantakan banget gak kenceng aku benyeng dikit udah pada copot jahitannya sedih,unknown,2,Tokopedia,Negative,Bentuk,No,Fashion,No
bawahannya ada bolong pengen retur tapi sayang ongkirnya buat kirim balik ke tokonya jauh di tasikmalaya tolong sebelum kirim di cek dulu kualitasnya biar ga gini,unknown,2,Tokopedia,Negative,Harga,Yes,Fashion,No
bahan tipis jahitan y kasar pokok y sy k cewa,unknown,2,Tokopedia,Negative,Bentuk,No,Fashion,No
kali ini kecewa kurang puas beli mukena dsini packing standar banyak noda kotor di bawahan mukena bagian atasan mukena bnyak benang keluar jd kurang rapih bahan seperti panas karna kasar bahan y warna pink y tidak soft seperti gambar maaf pink y seperti warna taplak meja hajatan selera sih klo sya ga suka beli saat flash sale ukr sih besar cukup untuk orang bb 70kg,unknown,2,Tokopedia,Negative,Bentuk,Yes,Fashion,No
barang sesuai ekpektasi terimakasih,unknown,5,Tokopedia,Positive,Bentuk,No,Fashion,No
jahitannya rapi ukuran sesuai nyaman dipakai modelnya keren,unknown,5,Tokopedia,Positive,Bentuk,No,Fashion,No
kaos kakinya sesuai dengan deskripsi,unknown,5,Tokopedia,Positive,Bentuk,No,Fashion,No
mantap nyaman dipake bahan premium semoga awet dan selalu diskon harganya,unknown,5,Tokopedia,Positive,Bentuk,No,Fashion,No
packing rapi barang sesuai deskripsi mantep lah,unknown,5,Tokopedia,Positive,Bentuk,No,Fashion,No
produk yg bagus walau datang nya telat banget tapi gak kecewa lah sama produk dengan harga yg sangat murah,unknown,5,Tokopedia,Positive,Harga,No,Fashion,No
kainnya gk tipis standar tebal batik biasa adem lembut variant yg dikirim penjual sesuai,unknown,5,Tokopedia,Positive,Bentuk,No,Fashion,No
puas banget murah tapi ga murahan gradasi warnanya elegan melebihi ekspektasi saya,unknown,5,Tokopedia,Positive,Bentuk,No,Fashion,No
pas untuk ukuran kaki juga bahan sesuai dengan harga dan cukup tebal,unknown,5,Tokopedia,Positive,Bentuk,No,Fashion,No
positive seller fast respon fast delivery rapih tidak cacat positive product diterima sesuai gambar serta deskripsi recommeded seller,unknown,5,Tokopedia,Positive,Bentuk,No,Fashion,No
baguss barangnya original semua lengkap dgn garansi diproses nya juga cepat thank you,unknown,5,Tokopedia,Positive,Bentuk,No,Fashion,No
harga worth it kualitas nya bagus nyaman digunakan tidak ada masalah dengan tali,unknown,5,Tokopedia,Positive,Harga,No,Fashion,No
awet banget ni strap nya enak juga tebel jadi ga takut putus,unknown,5,Tokopedia,Positive,Rasa,No,Fashion,No
produk anak bangsa yang super keren banget desainnya very nice and helpful seller terima kasiiih we love it so muuuuch,unknown,5,Tokopedia,Positive,Bentuk,No,Fashion,No
diterima dengan baik dalam bungkusan yang rapi sekarang jadi strap masker favorit,unknown,5,Tokopedia,Positive,Bentuk,No,Fashion,No
modelnya keren luarnya tebal tapi dalemannya cukup tipis entah akan lama atau tidak bertahannya,unknown,4,Tokopedia,Positive,Bentuk,No,Fashion,No
tingkatkan lagi kualitas barangnya masih banyak benang keluar namun cukup baik,unknown,4,Tokopedia,Positive,Bentuk,No,Fashion,No
sesuai deskripsi packingnya rapi thanks,unknown,4,Tokopedia,Positive,Bentuk,No,Fashion,No
besar sekali ukurannya jadi nggak kepake longgar pas saya pakai,unknown,4,Tokopedia,Positive,Bentuk,No,Fashion,No
overall semua oke seller respon dan pengiriman tapi utk talinya kurang kuat baru beberapa x pake sudah putus next agar dibagusin lg ya thx,unknown,4,Tokopedia,Positive,Bentuk,No,Fashion,No
bahan halus ketebalan seperti batik pada umumnya motif keren akan lebih baik lagi kalo respon chatnya lebih responsif,unknown,4,Tokopedia,Positive,Bentuk,No,Fashion,No
secara keseluruhan sudah bagus namun bagian dalam kadang suka copot copot,unknown,4,Tokopedia,Positive,Bentuk,No,Fashion,No
pengiriman agak kurang cepat tidak sesuai dengan estimasi di toko tapi barangnya ok sesuai specs dan tidak mengecewakan,unknown,4,Tokopedia,Positive,Bentuk,No,Fashion,No
barang sesuai gambar pengirimannya bisa lebih dipercepat akan lebih mantap,unknown,4,Tokopedia,Positive,Bentuk,No,Fashion,No
sweater nya lumayan hanya ada sedikit miskomunikasi tapi ya sudahlah terimakasih ya,unknown,4,Tokopedia,Positive,Lainnya,No,Fashion,No
bagus sesuai ekspetasi original pengiriman cepat cuma pada bagian tombol adjust agak masuk kedalam jadi agak susah ditekan kalau tombolnya bagus aku langsung kasih bintang hehehe,unknown,4,Tokopedia,Positive,Bentuk,No,Fashion,No
produk ok sesuai ekspektasi terima kasih,unknown,4,Tokopedia,Positive,Bentuk,No,Fashion,No
jahitannya rapi bahannya lembut,unknown,4,Tokopedia,Positive,Bentuk,No,Fashion,No
barang sampai dengan selamat dompet nya keren bingkisan premium seperti dompet mahal,unknown,5,Tokopedia,Positive,Harga,No,Fashion,No
modelnya keren jahitannya rapi potongannya rapi ukuran sesuai tidak kaku nyaman dipakai bahannya lembut,unknown,5,Tokopedia,Positive,Bentuk,No,Fashion,No
ukuran sesuai modelnya keren potongannya rapi nyaman dipakai jahitannya rapi,unknown,5,Tokopedia,Positive,Bentuk,No,Fashion,No
fast respon sesuai pesanan kualitas bagus semoga makin berkah,unknown,4,Tokopedia,Positive,Bentuk,No,Fashion,No
barang sampai dengan selamat cakep juga modelnya dan tidak pernah kecewa dengan produk eiger,unknown,5,Tokopedia,Positive,Bentuk,No,Fashion,No
nyaman dipakai bahannya kuat muat banyak barang potongannya rapi jahitannya rapi ukuran sesuai resletingnya lancar bahannya ringan modelnya keren,unknown,5,Tokopedia,Positive,Bentuk,No,Fashion,No
overall semua oke seller respon dan pengiriman tapi untuk talinya kurang kuat baru beberapa kali pake sudah putus next agar dibagusin lagi ya,unknown,3,Tokopedia,Neutral,Bentuk,No,Fashion,No
alhamdulillah memuaskan walau sempet kehabisan stok tapi gamasalah diganti sama model lain juga bagus kualitasnya mantap pelayanan juga ramah mungkin respon nya aja perlu di tingkatkan lagi,unknown,5,Tokopedia,Positive,Bentuk,No,Fashion,No
sepatunya cukup bagus namun ketika sampai ternyata sepatunya agak mletot dan terlalu berat untuk ukuran sepatu lari tapi harganya sudah sesuai,unknown,3,Tokopedia,Neutral,Bentuk,No,Fashion,No
bukan jam harga mahal yg didiskon tapi jam yang sesuai harga beli dan kualitasnya,unknown,3,Tokopedia,Neutral,Harga,No,Fashion,No
sudah terpasang dgn kaca sesuai ukuran yg dipesan rapi dan kaya kaca mata mahal mantab thanks too buat cairan lens cleaner nya,unknown,5,Tokopedia,Positive,Bentuk,No,Fashion,No
saya puas dengan kacamatanya lagi pikir kalau pakai kaca asli ok tidak harganya memang sedikit lebih mahal dibanding yg lain tapi so far kualitas bagus ringan pula enak dipakai,unknown,5,Tokopedia,Positive,Bentuk,No,Fashion,No
respon cepat barang sesuai pesanan moga awet,unknown,5,Tokopedia,Positive,Bentuk,No,Fashion,No
seller ramah pengiriman cepat gak nyangka ternyata paketnya bagus banget dan kacamatanya memang sangat berguna buat orang yang sering pakai hp,unknown,5,Tokopedia,Positive,Bentuk,No,Fashion,No
barang sesuai deskripsi bagus murah packing dan lainnya rapi recommended bgt deh,unknown,5,Tokopedia,Positive,Bentuk,No,Fashion,No
gak nyesel beli di sini sudah harga terjangkau kualitas bagus rekomendit banget deh pokok nya buat beli disini dan juga lengkap lagi happy belanja di sini,unknown,5,Tokopedia,Positive,Harga,No,Fashion,No
packing nya rapi bngt pengiriman cepat kurirnya jg ramah recommended,unknown,5,Tokopedia,Positive,Bentuk,No,Fashion,No
tebal berkualitas jaketnya stylish keren modelnya,unknown,5,Tokopedia,Positive,Bentuk,No,Fashion,No
ukuran fit dipakai nyaman dipakai jaketnya stylish packaging aman proses pesanan cepat keren modelnya,unknown,5,Tokopedia,Positive,Bentuk,No,Fashion,No
barang sesuai pesanan namun utk saya pilih xl agak kegedean mungkin lebih tepatnya l,unknown,5,Tokopedia,Positive,Bentuk,No,Fashion,No
produk sesuai deskripsi sdh diterima aman tks,unknown,5,Tokopedia,Positive,Bentuk,No,Fashion,No
terima kasih brang bagus harga murah cepet lagi cod lagi siip,unknown,5,Tokopedia,Positive,Harga,No,Fashion,No
bahan bagus sesuai pesanan packing rapi recommended seller,unknown,5,Tokopedia,Positive,Bentuk,No,Fashion,No
bagus bangettt bahan lumayan teball sukaa padahal murahh tapi kualitas lumayan lahhh tapiii sukaaaa,unknown,5,Tokopedia,Positive,Bentuk,No,Fashion,No
seller fast respon barang cepat sampai packing rapi barang sdh dicoba sesuai order nyaman dipake makasih nowway,unknown,5,Tokopedia,Positive,Bentuk,No,Fashion,No
sukaaaa makanya beli lagi total udh punya pcs suami bilang model dan bahan bagus nyaman dipakai warnanya oke2 respon penjual mengirimkan barang super cepat,unknown,5,Tokopedia,Positive,Bentuk,No,Fashion,No
jujur utk harga segini sudah melebihi ekspektasi saya nyaman dan jahitan rapi ga ada yg brodol2,unknown,5,Tokopedia,Positive,Bentuk,No,Fashion,No
jahitannya rapi ukuran sesuai bahan agak panas tp masih nyaman dipakai sesuailah dengan harganya trims ya seller,unknown,5,Tokopedia,Positive,Bentuk,No,Fashion,No
bagus banget bahan nya juga adem ini bakal jadi langganan saya order baju tidur untuk suami,unknown,5,Tokopedia,Positive,Bentuk,No,Fashion,No
harga oke dan bahannya halus adem di pakai recommended bgt buat yg lagi cari piyama,unknown,5,Tokopedia,Positive,Bentuk,No,Fashion,No
bahan bagus kain bisa melebar dan elastis,unknown,5,Tokopedia,Positive,Bentuk,No,Fashion,No
peasanan cpt smp kemasanya rapi brangnya bagus,unknown,5,Tokopedia,Positive,Bentuk,No,Fashion,No
bahannya adem halus ukuran besar gambar sesuai ngak sempat foto,unknown,5,Tokopedia,Positive,Bentuk,No,Fashion,No
respon cepat kemasan rapi harga murah barang istimewa,unknown,5,Tokopedia,Positive,Harga,No,Fashion,No
terima kasih paketnya sudah sampai barangnya bagus banget sesuai dengan foto dan muat pakai baju ini senang banget ramah orangnya juga,unknown,5,Tokopedia,Positive,Bentuk,No,Fashion,No
respon cepat paket nya juga rapi dan dikirim dengan baik terima kasih,unknown,5,Tokopedia,Positive,Bentuk,No,Fashion,No
masya allah saya kira bahan nya kaku ternya nya bahannya lembut dan nyaman di pake sama suami bisa2 langganan nih pelayanan nya juga memuaskan pokonya,unknown,5,Tokopedia,Positive,Bentuk,No,Fashion,No
bahan nya enak dan adem bakal langganan ini kak biar motif nya beda dr yg aq pesan no prob yg penting bahan enak buat tidur dan harga terjangkau,unknown,5,Tokopedia,Positive,Harga,No,Fashion,No
seller ramah dan fast response packaging rapih dan kualitas kaos ok bakal beli lagi,unknown,5,Tokopedia,Positive,Bentuk,No,Fashion,No
worth it lah sesuai harganya fast respon dari penjual fast shipping juga recomend thanks,unknown,5,Tokopedia,Positive,Harga,No,Fashion,No
mantap proses pengemasan dan pengirimannya cepat produknya juga nyaman bahannya,unknown,5,Tokopedia,Positive,Bentuk,No,Fashion,No
barang bagus motif nya jg cantik respond penjual cepat,unknown,5,Tokopedia,Positive,Bentuk,No,Fashion,No
respon cepat segera diproses pengiriman rapi cepat piyama sesuai nyaman digunakan adminnya ada inisiatif untuk mengirimkan warna piyama yang berbeda,unknown,5,Tokopedia,Positive,Bentuk,No,Fashion,No
cepat amat sampai paketnya bahan satin bagus dan halus ramah banget orangnya,unknown,5,Tokopedia,Positive,Bentuk,No,Fashion,No
repeat order seller komunikatif pengiriman cepat fast response,unknown,5,Tokopedia,Positive,Lainnya,No,Fashion,No
kainnya adem lembut tipis nyaman lah klo buat tidur terimakasih,unknown,5,Tokopedia,Positive,Bentuk,No,Fashion,No
piyama kualitas seller responsive prosesnya cepat pengiriman juga cepat sampainya di manado semoga next order bisa sebagus ini yah terima kasih,unknown,5,Tokopedia,Positive,Bentuk,No,Fashion,No
bahannya adem lembut cocok dipakai dalam ruangan ber ac dan bisa terhindar dari gigitan nyamuk jadi rencana mau order warna lain lagi,unknown,5,Tokopedia,Positive,Bentuk,No,Fashion,No
piyamanya bagus sudah beli ke x harga murah pengiriman cepat seller rekomendasi,unknown,5,Tokopedia,Positive,Harga,No,Fashion,No
mantab pengiriman cepat bahan tebal tapi tidak panas jahitan rapi harga murah,unknown,5,Tokopedia,Positive,Bentuk,No,Fashion,No
cepat respon baju tidur yg datang sesuai deskripsi ukuran dan gambar 3xl bahan kaos katun,unknown,5,Tokopedia,Positive,Bentuk,No,Fashion,No
kemasan rapi n baju sesuai pesanan serta pengiriman cepat makasih,unknown,5,Tokopedia,Positive,Bentuk,No,Fashion,No
entah sudah berapa kali saya belanja dari frayday tidak pernah dikecewakan sama sekali bahan adem dan tahan lama d,unknown,5,Tokopedia,Positive,Bentuk,No,Fashion,No
seller bertanggung jawab bahan celana adem recommended,unknown,5,Tokopedia,Positive,Bentuk,No,Fashion,No
oke banget barang lembut anti bakteri barang premium enak dipake deh saya udah beli sekali beli murah tapi gak murahan yakin,unknown,5,Tokopedia,Positive,Rasa,No,Fashion,No
kali ke pesen kaos kaki disini bahan bagus dan enak banget dipakai harga super terjangkau dan pengiriman cepat,unknown,5,Tokopedia,Positive,Harga,No,Fashion,No
sesuai pesanan bahan nyaman dipakai penjual fast respon packing juga rapiii,unknown,5,Tokopedia,Positive,Bentuk,No,Fashion,No
mantaps barang respon pengirimannya harganya juga murah,unknown,5,Tokopedia,Positive,Harga,No,Fashion,No
produk sesuai pengiriman cepat packing aman recommended seller,unknown,5,Tokopedia,Positive,Bentuk,No,Fashion,No
gokil harga murah kualitas oke punya,unknown,5,Tokopedia,Positive,Harga,No,Fashion,No
recommended seller produk sesuai dengan yang dijelaskan oleh seller pengiriman dan respon seller super duper cepat,unknown,5,Tokopedia,Positive,Bentuk,No,Fashion,No
nyaman dipakai halus juga kerenlah muat untuk kaki saya yang panjang,unknown,5,Tokopedia,Positive,Bentuk,No,Fashion,No
kaget pas dateng ternyata bahannya bagus kualitasnya bagus padahal harganya murah wk,unknown,5,Tokopedia,Positive,Bentuk,No,Fashion,No
bisa muat sampai ukuran kaki no suami saya suka ga tebel ga tipis nyaman lembut positive,unknown,5,Tokopedia,Positive,Bentuk,No,Fashion,No
mantap sesuai dengan yang saya pesan packing rapih pengemasan dan pengiriman cepat terima kasih seller,unknown,5,Tokopedia,Positive,Bentuk,No,Fashion,No
packing rapi barang aman kwalitas cukup baik pengiriman cukup cepat harga sesuai barang ori thank u seller toped dan jasa pengiriman positive job,unknown,5,Tokopedia,Positive,Bentuk,No,Fashion,No
barang sesuai kualitasnya pelayanan toko bagus dan responsif,unknown,5,Tokopedia,Positive,Bentuk,No,Fashion,No
kualitas kaos kakinya bagus dan tebal,unknown,5,Tokopedia,Positive,Bentuk,No,Fashion,No
respon cepat barang sesuai pesanan bahannya adem tebalnya pas packing aman recommended,unknown,5,Tokopedia,Positive,Bentuk,No,Fashion,No
seller responsif sekalii kaos kaki nyaman bgt dipake terima kasih,unknown,5,Tokopedia,Positive,Bentuk,No,Fashion,No
sesuai deskripsi pesanan bahan lembut nyaman dipakai sesuai harga,unknown,5,Tokopedia,Positive,Bentuk,No,Fashion,No
bahan bagus agak tebal spertinya ga cepet longgar halus breathable panjang pengiriman super cepat penjual sangat komunikatif smoga barang awet puas belanja di toko ini thanks,unknown,5,Tokopedia,Positive,Bentuk,No,Fashion,No
oke sih ini bahannya enak buat dipakai tebal tipisnya jg perfect buat sy ga ketebelan ga ketipisan,unknown,5,Tokopedia,Positive,Bentuk,No,Fashion,No
bahannya adem tebalnya pas jahitan rapi sudah lngganan beli d sini dan selalu repeat order recomended seeller,unknown,5,Tokopedia,Positive,Bentuk,No,Fashion,No
pengiriman cepat barang lumayan,unknown,5,Tokopedia,Positive,Lainnya,No,Fashion,No
bahannya adem warnanya cantik tebalnya pas jahitan rapi,unknown,5,Tokopedia,Positive,Bentuk,No,Fashion,No
barang bagus sesuai kualitas dan harga proses dan respon agak lambat mesti diingatkan dulu,unknown,4,Tokopedia,Positive,Bentuk,No,Fashion,No
produk bgs packing bgs pengiriman cpt,unknown,4,Tokopedia,Positive,Lainnya,No,Fashion,No
produknya sesuai gambar,unknown,4,Tokopedia,Positive,Bentuk,No,Fashion,No
pengirimannya cepat barang bagus tapi ukuran maksimal sepertinya jadi tidak muat,unknown,3,Tokopedia,Neutral,Bentuk,No,Fashion,No
bahannya enak gak gerah dipakainya,unknown,5,Tokopedia,Positive,Bentuk,No,Fashion,No
beli buat ibu saya muat sampai ukuran besar waktu dikomplain ada yg cacat seller cepet respon diganti dgn yg baru terimakasih,unknown,5,Tokopedia,Positive,Bentuk,No,Fashion,No
puas banget kaos kakinya bagus,unknown,5,Tokopedia,Positive,Bentuk,No,Fashion,No
warnanya cantik bahannya adem tebalnya pas jahitan rapi ini keren banget si harga terjangkau kualitasnya oke pelayanannya okee,unknown,5,Tokopedia,Positive,Bentuk,No,Fashion,No
warna sesuai ada karet di bagian belakang spy kaos kaki tdk mudah lepas,unknown,4,Tokopedia,Positive,Bentuk,No,Fashion,No
sesuai pesanan trmksi,unknown,4,Tokopedia,Positive,Bentuk,No,Fashion,No
warna kaoskaki sesuai pesanan,unknown,4,Tokopedia,Positive,Bentuk,No,Fashion,No
packing rapi proses pengiriman cepat,unknown,5,Tokopedia,Positive,Bentuk,No,Fashion,No
bagus strap nya seller jg krmnya cepat,unknown,5,Tokopedia,Positive,Bentuk,No,Fashion,No
kualitas nya bagus warna2 nya sesuai dengan yg di etalase pengiriman cepat banget thank you,unknown,5,Tokopedia,Positive,Bentuk,No,Fashion,No
pembelian yg kesekian kali disini,unknown,5,Tokopedia,Positive,Lainnya,No,Fashion,No
bgs cepat respon dan pengirimanny,unknown,4,Tokopedia,Positive,Lainnya,No,Fashion,No
barang sesuai gambar dan deskripsi namun tali nya kependekan,unknown,4,Tokopedia,Positive,Bentuk,No,Fashion,No
ternyata kecil hanya cocok buat anak anak kl buat dewasa kepala besar terlalu nyekek tapi warna bagus sesuai pesanan,unknown,3,Tokopedia,Neutral,Bentuk,No,Fashion,No
ckup bagus terimakasih,unknown,3,Tokopedia,Neutral,Bentuk,No,Fashion,No
wah alhamdulillah sampai dengan aman bubble wrap tebal banget suka sama modelnya kelihatan mevvah banget juara seller,unknown,5,Tokopedia,Positive,Bentuk,No,Fashion,No
bagus bngt cmn klau bisa dpercepat pengirimannya ya kak lain kali,unknown,5,Tokopedia,Positive,Bentuk,No,Fashion,No
alhamdulillah sudah sampai sabuknya keren cepet nyampenya pada hal baru kemaren sore pesannya,unknown,4,Tokopedia,Positive,Lainnya,No,Fashion,No
barang sudah sampai sesui dengan pesana,unknown,3,Tokopedia,Neutral,Lainnya,No,Fashion,No
barangnya sesuai dgn yg ditawarkan bagus,unknown,5,Tokopedia,Positive,Bentuk,No,Fashion,No
enak dipakai jahitannya rapi,unknown,5,Tokopedia,Positive,Bentuk,No,Fashion,No
bahannya adem jahitannya rapi tidak menerawang enak dipakai,unknown,4,Tokopedia,Positive,Bentuk,No,Fashion,No
bahan bagus hanya di bagian jahitan mudah lepas,unknown,3,Tokopedia,Neutral,Bentuk,No,Fashion,No
ukuran sesuai ringan dipakai warnanya bagus,unknown,5,Tokopedia,Positive,Bentuk,No,Fashion,No
ini sudah ke berapa kalinya beli daster disini dan selalu puas thanks yaa,unknown,5,Tokopedia,Positive,Lainnya,No,Fashion,No
ringan dipakai ukuran sesuai bahan menyerap menerawang sih in mah sesuai harga lah,unknown,4,Tokopedia,Positive,Bentuk,No,Fashion,No
brg sudah smpai dg aman peking rapi kualitas bahan sesuai harga,unknown,5,Tokopedia,Positive,Bentuk,No,Fashion,No
barang sampai dengan selamat jumlahnya pas motifnya bener bener random jadi pas untuk dijadiin bingkisan bahannya tipis tapi bagus,unknown,4,Tokopedia,Positive,Bentuk,No,Fashion,No
harga barang bagus bnget dan sesuai harga warnanya aja cepet pudar sekali cuci aja udah langsung berubah,unknown,3,Tokopedia,Neutral,Bentuk,No,Fashion,No
kualitas bahan bagus jahitannya rapi warnanya cantik model celananya cantik nyaman dipakai bahan menyerap keringat ukuran sesuai tidak menerawang bahannya adem bahannya lembut udh punya warna navy dan dark grey pengen lagi warna lain bagus pake banget,unknown,5,Tokopedia,Positive,Bentuk,No,Fashion,No
barang diterima dengan baik dan di packing rapi sesuai deskripsi ada jahitan kurang rapi di bagian kaki tp no probs,unknown,4,Tokopedia,Positive,Bentuk,No,Fashion,No
nyaman dipakai jamnya bagus banget warnanya cantik produk sesuai dengan foto,unknown,5,Tokopedia,Positive,Bentuk,No,Fashion,No
jamnya bagus banget produk sesuai dengan foto nyaman dipakai,unknown,4,Tokopedia,Positive,Bentuk,No,Fashion,No
bagus dengan hrg segitu cuman trnyata kecil aku kira agak gede,unknown,4,Tokopedia,Positive,Bentuk,No,Fashion,No
sepatunya enteng solnya empuk nyaman dipakai ukurannya sesuai desainnya sporty proses pesanan cepat warnanya cantik packaging aman,unknown,5,Tokopedia,Positive,Bentuk,No,Fashion,No
ukurannya lebih kecil dari pada umumnya sisanya ok,unknown,4,Tokopedia,Positive,Bentuk,No,Fashion,No
pelayanan ramah fast respon cuma packing nya kok mohon maaf kerdus nya lecek lecek gitu ya kurang rapih overall oke lah trims,unknown,3,Tokopedia,Neutral,Bentuk,No,Fashion,No
desainnya cantik potongannya rapi,unknown,5,Tokopedia,Positive,Bentuk,No,Fashion,No
kualitas produk bagus desainnya cantik warnanya cantik,unknown,5,Tokopedia,Positive,Bentuk,No,Fashion,No
ada karat sedikit di bagian resletingnya sama jaitan sedikit kurang rapih di bagian dlm tapi overall bagus sih,unknown,4,Tokopedia,Positive,Bentuk,No,Fashion,No
sesuai pesanan cuma tempat kartu kurang lebar,unknown,4,Tokopedia,Positive,Bentuk,No,Fashion,No
potongannya rapi ukurannya sesuai warnanya cantik bahannya adem produk berkualitas produk sesuai dengan foto,unknown,5,Tokopedia,Positive,Bentuk,No,Fashion,No
mantab berkwalitaswarnanya cantik potongannya rapi ukurannya sesuai bahannya adem produk berkualitas produk sesuai dengan foto,unknown,5,Tokopedia,Positive,Bentuk,No,Fashion,No
ukurannya sesuai bahannya adem produk sesuai dengan foto,unknown,5,Tokopedia,Positive,Bentuk,No,Fashion,No
beli beda warna tp sama sis nya dikirim warna yg sama udah terlanjur dipack sama sis nya diganti ovo lho ke saya padahal sy terima barang tanggung jawab sekalii celana sesuai deskripsi,unknown,5,Tokopedia,Positive,Bentuk,No,Fashion,No
sudah terima packingnya rapi bahannya lembut enak dipake kurir yg selalu ramah mkshpotongannya rapi,unknown,5,Tokopedia,Positive,Rasa,No,Fashion,No
ukurannya ada yg besar ada yg kecil tapi lumayan dengan harga segitu makasih ya,unknown,4,Tokopedia,Positive,Bentuk,No,Fashion,No
ukurannya sesuai bahannya adem produk sesuai dengan foto warnanya cantik,unknown,4,Tokopedia,Positive,Bentuk,No,Fashion,No
produk sesuai dengan foto,unknown,4,Tokopedia,Positive,Bentuk,No,Fashion,No
kualitas produk bagus jahitan rapi potongannya rapi desainnya cantik,unknown,5,Tokopedia,Positive,Bentuk,No,Fashion,No
kualitas produk bagus jahitan rapi desainnya cantik cm kekurangannya kl isi banyak kartu jd sesak hehe,unknown,5,Tokopedia,Positive,Bentuk,No,Fashion,No
terimakasih banyak kak pengiriman cepatt,unknown,5,Tokopedia,Positive,Lainnya,No,Fashion,No
desainnya cantik warnanya cantik kualitas produk bagus,unknown,5,Tokopedia,Positive,Bentuk,No,Fashion,No
barangnya udh sampe suka banget sama dompetnya bahannya jga bagus semoga aweeettt bagus bgt kualitas produk bagus desainnya cantik warnanya cantik jahitan rapi bahannya lembut,unknown,4,Tokopedia,Positive,Bentuk,No,Fashion,No
jahitan rapi potongannya rapi warnanya cantik,unknown,4,Tokopedia,Positive,Bentuk,No,Fashion,No
barang sesuai gambar paking rapih,unknown,4,Tokopedia,Positive,Bentuk,No,Fashion,No
ukuran sesuai tidak menerawang bahan menyerap keringat jahitannya rapi warnanya bagus,unknown,5,Tokopedia,Positive,Bentuk,No,Fashion,No
trimaksih daster sudah sampai dapat grtisan dari toped jdi gak perlu komplain aneh2 nmnya grtisan yg datang emang gak sesuai sih sma gambar bagus bahannya tebel trnyata gak nerawang ringan dipakai tidak menerawang ukuran sesuai warnanya bagus bahan menyerap keringat jahitannya rapi,unknown,5,Tokopedia,Positive,Bentuk,No,Fashion,No
asli bagus bgt,unknown,5,Tokopedia,Positive,Bentuk,No,Fashion,No
bagus bangett makasii dpt hadiah dr tokpedddddtidak menerawang ukuran sesuai ringan dipakai warnanya bagus bahan menyerap keringat jahitannya rapi,unknown,5,Tokopedia,Positive,Bentuk,No,Fashion,No
paket cepat sampai bagus danrapih trimakasih kakak warnanya bagus ukuran sesuai jahitannya rapi,unknown,4,Tokopedia,Positive,Bentuk,No,Fashion,No
lumayan bagus bahan a cpt jga proses pengiriman a,unknown,4,Tokopedia,Positive,Bentuk,No,Fashion,No
barang bagus meskipun agak panas,unknown,4,Tokopedia,Positive,Bentuk,No,Fashion,No
bahan menyerap keringat ringan dipakai,unknown,3,Tokopedia,Neutral,Bentuk,No,Fashion,No
semurah ini dan sebagus ini maaf ya telat baru ada kuota bajunya lagi dijemur ringan dipakai jahitannya rapi ukuran sesuai warnanya bagus bahan menyerap keringat tidak menerawang,unknown,5,Tokopedia,Positive,Bentuk,No,Fashion,No
bagus sangat cepat sampai barang juga daster bali adem di pakainya barang sesuai keinginan terimakasih tokopedia,unknown,5,Tokopedia,Positive,Bentuk,No,Fashion,No
sesuai foto sampainya lebih cepat dari yg dijadwalkan,unknown,5,Tokopedia,Positive,Bentuk,No,Fashion,No
ringan dipakai jahitannya rapi warnanya bagus,unknown,5,Tokopedia,Positive,Bentuk,No,Fashion,No
jahitannya rapi warnanya bagus,unknown,4,Tokopedia,Positive,Bentuk,No,Fashion,No
bahan nya bagus banget,unknown,4,Tokopedia,Positive,Bentuk,No,Fashion,No
pengiriman cepat packaging rapi produk sesuai pesanan kualitas produk sesuai harga,unknown,5,Tokopedia,Positive,Bentuk,No,Fashion,No
enakkk dipakenyaa bahannya bagus bahannya adem modelnya kekinian tidak menerawang warnanya cantik jahitannya rapi enak dipakai,unknown,5,Tokopedia,Positive,Bentuk,No,Fashion,No
bahannya adem enak dipakai modelnya kekinian jahitannya rapi bahan menyerap keringat tidak menerawang,unknown,5,Tokopedia,Positive,Bentuk,No,Fashion,No
bahannya adem stretch worth to buy utk harga segini yg hitam lebih bagus dibanding yg putih,unknown,5,Tokopedia,Positive,Harga,No,Fashion,No
kaosnya enak di pakainya,unknown,4,Tokopedia,Positive,Rasa,No,Fashion,No
ukuran sesuai cuma agak tipis mgkn krn warna putih sesuai lah utk hrg segitu tq selller,unknown,4,Tokopedia,Positive,Bentuk,No,Fashion,No
cepet pengiriman nya bahannya lumayan tebel mudah2an nyerap keringet,unknown,4,Tokopedia,Positive,Bentuk,No,Fashion,No
kualitas bahan bagus nyaman dipakai tidak menerawang,unknown,5,Tokopedia,Positive,Bentuk,No,Fashion,No
nyaman dipakai kualitas bahan bagus bahannya adem,unknown,5,Tokopedia,Positive,Bentuk,No,Fashion,No
kualitas bahan bagus nyaman dipakai jahitannya rapi warnanya cantik ukuran sesuai bahannya lembut model celananya cantik,unknown,5,Tokopedia,Positive,Bentuk,No,Fashion,No
kualitas bahan bagus nyaman dipakai jahitannya rapi ukuran sesuai warnanya cantik bahannya lembut bahannya adem tidak menerawang bahan menyerap keringat,unknown,5,Tokopedia,Positive,Bentuk,No,Fashion,No
paket telah sampai sesuai hargalah,unknown,4,Tokopedia,Positive,Harga,No,Fashion,No
warnanya agak kurang sesuai gambar tapi overall bagus,unknown,4,Tokopedia,Positive,Bentuk,No,Fashion,No
bahan adem tapi tipis sekali terawang klo dipakai sesuai dg harga lah bahannya adem,unknown,3,Tokopedia,Neutral,Bentuk,No,Fashion,No
jahitannya rapi warnanya cantik ukuran sesuai semoga tetep amanah sukses selalu mksh,unknown,5,Tokopedia,Positive,Bentuk,No,Fashion,No
bagus sesuai gambar mantapp,unknown,5,Tokopedia,Positive,Bentuk,No,Fashion,No
jahitannya rapi ukuran sesuai modelnya cantik warnanya cantik nyaman dipakai bahannya adem,unknown,5,Tokopedia,Positive,Bentuk,No,Fashion,No
jahitannya rapi warnanya cantik bahannya lembut ukuran sesuai nyaman dipakai modelnya cantik bahannya adem,unknown,4,Tokopedia,Positive,Bentuk,No,Fashion,No
real pict pengiriman cepat pengemasan rapi worth it lah hrga segitu pasti next order,unknown,4,Tokopedia,Positive,Harga,No,Fashion,No
barang bagus kiriman cepat,unknown,5,Tokopedia,Positive,Bentuk,No,Hobi & Hiburan,No
barang sesuai harga lumayan bagus,unknown,5,Tokopedia,Positive,Harga,No,Hobi & Hiburan,No
barang sesuai harga,unknown,4,Tokopedia,Positive,Harga,No,Hobi & Hiburan,No
kualitas sesuai harga respon seller ok tks,unknown,4,Tokopedia,Positive,Harga,No,Hobi & Hiburan,No
barang sudah diterima sesuai deskripsi repon cepat paking bagus terima kasih,unknown,4,Tokopedia,Positive,Bentuk,No,Hobi & Hiburan,No
packing rapi respon cepatt,unknown,5,Tokopedia,Positive,Bentuk,No,Hobi & Hiburan,No
barang sesuai deskripsi,unknown,5,Tokopedia,Positive,Bentuk,No,Hobi & Hiburan,No
harga kualitas barang sesuai terima kasih seller sukses tokopedia,unknown,5,Tokopedia,Positive,Bentuk,No,Hobi & Hiburan,No
murah cepat sesuai,unknown,4,Tokopedia,Positive,Harga,No,Hobi & Hiburan,No
barangnya cepat sampai terimakasih,unknown,4,Tokopedia,Positive,Lainnya,No,Hobi & Hiburan,No
order 2pcs sempat khawatir krn pas sampai sudut packing bubble wrap agak robek sptnya sempat terbanting kotaknya jg penyok2 tp alhamdulillah warna biru berfungsi dgn baik walaupun tutup bagian bwhnya sempat agak lepas warna hitam hidup mati suara jg kurang nyaring stlh di charge sempat sesekali hidup mati alhamdulillah suara agak gedean walaupun tdk senyaring warna biru overall lumayan bagus sesuai harga terimakasih,unknown,4,Tokopedia,Positive,Bentuk,No,Hobi & Hiburan,No
barang sesuai pesanan,unknown,4,Tokopedia,Positive,Bentuk,No,Hobi & Hiburan,No
lansung coba positive bos,unknown,5,Tokopedia,Positive,Lainnya,No,Hobi & Hiburan,No
udah dateng proses cepet thankyouu,unknown,5,Tokopedia,Positive,Lainnya,No,Hobi & Hiburan,No
barang sesuai gambar sipp,unknown,5,Tokopedia,Positive,Bentuk,No,Hobi & Hiburan,No
barang berfungsi dengan baik recommended seller,unknown,5,Tokopedia,Positive,Lainnya,No,Hobi & Hiburan,No
thanks barang udh sampe cepet bgd tp maaf blm coba barangnya dan blm sempat foto kurir juga oke thanks gan moga bermanfaat,unknown,4,Tokopedia,Positive,Lainnya,No,Hobi & Hiburan,No
barang bagus dan cepat sekali sampainya ke cianjur hanya hari best seller,unknown,4,Tokopedia,Positive,Bentuk,No,Hobi & Hiburan,No
mantap pengiriman luarbiasa cepat barang oke,unknown,4,Tokopedia,Positive,Rasa,No,Hobi & Hiburan,No
barang cepat datang respon penjual bagus dan semoga bisa,unknown,5,Tokopedia,Positive,Bentuk,No,Hobi & Hiburan,No
berfungsi dengan baik,unknown,5,Tokopedia,Positive,Lainnya,No,Hobi & Hiburan,No
paking rapih kondisi barang datang mantap kualitas sesuai harga joss,unknown,5,Tokopedia,Positive,Bentuk,No,Hobi & Hiburan,No
fast respond packingnya bagus rapih barang yg dikirim sesuai pesanan terima kasih,unknown,5,Tokopedia,Positive,Bentuk,No,Hobi & Hiburan,No
bagus simple cuma menurut saya kurang keras suaranya tapi bagus,unknown,4,Tokopedia,Positive,Rasa,No,Hobi & Hiburan,No
pengiriman cepat packing rapih dan aman kualitas suara standar sebanding dengan harga,unknown,5,Tokopedia,Positive,Bentuk,No,Hobi & Hiburan,No
bagus mantab jernih,unknown,4,Tokopedia,Positive,Bentuk,No,Hobi & Hiburan,No
barang bagus banget asli dengan harga sgni dpt quality wireless microphone kek gni the best,unknown,5,Tokopedia,Positive,Bentuk,No,Hobi & Hiburan,No
produk mantap packingnya bagus,unknown,5,Tokopedia,Positive,Rasa,No,Hobi & Hiburan,No
pesanan sdh diterima dlm keadaan baik dan cpt sampainya dpt bonus stik terima kasih seller dan kurir,unknown,5,Tokopedia,Positive,Lainnya,No,Hobi & Hiburan,No
produk sudah diterima dan dicek sesuai dengan deskripsi dan gambar produk sudah dites dicoba dan dapat berfungsi baik,unknown,5,Tokopedia,Positive,Bentuk,No,Hobi & Hiburan,No
pengiriman barang cepat dan sesuai spec barang,unknown,5,Tokopedia,Positive,Bentuk,No,Hobi & Hiburan,No
barang sesuai keinginan thx toko pedia,unknown,4,Tokopedia,Positive,Bentuk,No,Hobi & Hiburan,No
barang sudah sampai nanti di update bintang mau cek kondisi barang dulu,unknown,4,Tokopedia,Positive,Lainnya,No,Hobi & Hiburan,No
lumayan lah buat pemanasan,unknown,4,Tokopedia,Positive,Lainnya,No,Hobi & Hiburan,No
barang sesuai thank you,unknown,4,Tokopedia,Positive,Bentuk,No,Hobi & Hiburan,No
bagus barangnya cocok untuk latihan sticking ini untuk anak saya,unknown,5,Tokopedia,Positive,Bentuk,No,Hobi & Hiburan,No
bagus barang sampai cepat,unknown,5,Tokopedia,Positive,Bentuk,No,Hobi & Hiburan,No
trima kasih szsdrum barang sdh sampai sukses terus szsdrum,unknown,5,Tokopedia,Positive,Lainnya,No,Hobi & Hiburan,No
pantulan bagus lumayan lah,unknown,4,Tokopedia,Positive,Bentuk,No,Hobi & Hiburan,No
barang sudah di terima cuman ini ada bagian yang ngelupas di kayunya tp ok lah terima kasih,unknown,4,Tokopedia,Positive,Bentuk,No,Hobi & Hiburan,No
safety packaging terima kasih banyak semoga awet top seller,unknown,5,Tokopedia,Positive,Bentuk,No,Hobi & Hiburan,No
barang bagus packing rapih mantap biar bintang yang berbicara,unknown,5,Tokopedia,Positive,Bentuk,No,Hobi & Hiburan,No
saya puas barangnya bagus sampai saat tidak ada masalah,unknown,5,Tokopedia,Positive,Bentuk,No,Hobi & Hiburan,No
produknya bagus dan berfungsi dengan baik,unknown,4,Tokopedia,Positive,Bentuk,No,Hobi & Hiburan,No
positive product sesuai deskripsi,unknown,4,Tokopedia,Positive,Bentuk,No,Hobi & Hiburan,No
barang sudah di trima dgn baik dan rapi suara nya oke thanks,unknown,4,Tokopedia,Positive,Bentuk,No,Hobi & Hiburan,No
barangnya ga dikirim sampai hari ini,unknown,1,Tokopedia,Negative,Lainnya,No,Hobi & Hiburan,No
tidak sesuai ekspektasi suara mic tetap kecil ga ada perubahan,unknown,1,Tokopedia,Negative,Bentuk,Yes,Hobi & Hiburan,No
mengecewakan belanja disini barang tidak sampai ganti2kurir gak jelas penjual gak koperatif,unknown,1,Tokopedia,Negative,Lainnya,Yes,Hobi & Hiburan,No
penjual adalah calo jual barang orang lain di chat gak jelas hati2lah,unknown,1,Tokopedia,Negative,Lainnya,No,Hobi & Hiburan,No
ngga cocok sama hp realme pro ngga konek manual pake bahasa china sulit dipahami,unknown,2,Tokopedia,Negative,Bentuk,No,Hobi & Hiburan,No
gk nyalah parah,unknown,2,Tokopedia,Negative,Lainnya,Yes,Hobi & Hiburan,No
deskripsi produk tdk jelas usb tdk cocok di hp samsung,unknown,2,Tokopedia,Negative,Lainnya,No,Hobi & Hiburan,No
pas pertama datang barang nggak berfungsi coba2 lagi akhirnya sempat berfungsi suara keterima dgn baik transaksi langsung saya klik selesai tapi besoknya ternyata error lagi sampai sekarang sebetulnya di sisi penjual nggak ada masalah pertanyaan dijawab dgn baik cuma produk error setlh transaksi diklik selesai nggak yakin juga bakal bisa diretur kepaksa ulasan diedit jadi bintang jadi balik lagi deh pake yg model kabel,unknown,1,Tokopedia,Negative,Bentuk,Yes,Hobi & Hiburan,No
barang nya sdh di coba tapi tdk bisa berpungsi dgn baik nggak bisa conek dgn iphone sy,unknown,1,Tokopedia,Negative,Lainnya,No,Hobi & Hiburan,No
baru dipake 6x charger indikator udh ga nyala udh ga bisa dipake gimana ini sampe sekarang belum ada tindakan nyata pengurusan garansi,unknown,1,Tokopedia,Negative,Lainnya,No,Hobi & Hiburan,No
barang rusak di jual emang ngehek,unknown,1,Tokopedia,Negative,Lainnya,Yes,Hobi & Hiburan,No
produk ada goresan ga rapi dan ada kotoran di pinggirannya kiriman cepat smpe,unknown,2,Tokopedia,Negative,Bentuk,No,Hobi & Hiburan,No
barangnya bgus cman saya kurang puas dgn pakingya gak rapi sama sekali sticknyapun cpot tolong perbaiki lagi byar tokonya laris,unknown,2,Tokopedia,Negative,Bentuk,No,Hobi & Hiburan,No
kurang suka bau karetnya sangat menyengat,unknown,2,Tokopedia,Negative,Rasa,No,Hobi & Hiburan,No
barang sampainya lama sekali respon penjual lambat mengecewakan,unknown,1,Tokopedia,Negative,Lainnya,Yes,Hobi & Hiburan,No
qualitas jelek sekali bau seperti cat pad ya bergelombang,unknown,1,Tokopedia,Negative,Rasa,Yes,Hobi & Hiburan,No
pengirimannya sih cepat tapi barangnya bruntusan gitu teman saya juga beli drum pad bahan karet dari malang tapi alus kok ini yg saya beli malah bruntusan begitu ekspetasi saya tadinya bagus malah dapatnya yg jelekkan tdk sesuai foto yg di pajang oleh penjual,unknown,1,Tokopedia,Negative,Bentuk,No,Hobi & Hiburan,Yes
barang tidak sesuai dengan yg di iklankan seperti nya bekas,unknown,1,Tokopedia,Negative,Bentuk,Yes,Hobi & Hiburan,No
barang tidak sesuai gambar yang ditawarkan,unknown,1,Tokopedia,Negative,Bentuk,Yes,Hobi & Hiburan,No
banyak yang tergores seperti bekas habis itu bagian bawah kayunya patah,unknown,2,Tokopedia,Negative,Bentuk,No,Hobi & Hiburan,No
maap agak kecewa krn yg saya terima beda sama gambar bagian alas tdk bevel spt gambar,unknown,2,Tokopedia,Negative,Bentuk,Yes,Hobi & Hiburan,No
kata teman yg terjun di dunia musik barangnya kurang memuaskan mohon diperbaiki lagi produknya thx,unknown,2,Tokopedia,Negative,Lainnya,No,Hobi & Hiburan,No
kondisi drum pad nggak rapih masih banyak lem belepotan,unknown,2,Tokopedia,Negative,Bentuk,No,Hobi & Hiburan,No
file cd kosong tidak rekomendasi,unknown,1,Tokopedia,Negative,Lainnya,Yes,Hobi & Hiburan,No
respon sangat lama sekali no recomended,unknown,2,Tokopedia,Negative,Lainnya,No,Hobi & Hiburan,No
barang tidak sesuai dengan warna saya mesan hitam di kasih warna brown pengiriman lama tp barang bagus,unknown,2,Tokopedia,Negative,Bentuk,Yes,Hobi & Hiburan,No
sangat tidak recommended,unknown,1,Tokopedia,Negative,Lainnya,Yes,Hobi & Hiburan,No
pianika awalnya tuts nada ga bunyi lalu suaranya kecil dan hilang di chat no respon padahal lagi online,unknown,2,Tokopedia,Negative,Bentuk,Yes,Hobi & Hiburan,No
pesan warna biru dikirim warna pink padahal buat anak cowok packing lelet sampai jam kecewa,unknown,2,Tokopedia,Negative,Bentuk,Yes,Hobi & Hiburan,Yes
seller kurang komunikatif saya pesan warna biru tapi dikirim warna pink dan tanpa pemberitahuan sebelumnya karena saya beli untuk kado jadi tidak utk digunakan sendiri mohon kedepannya diperbaiki,unknown,2,Tokopedia,Negative,Bentuk,No,Hobi & Hiburan,No
selangnya robek tasnya jg robel di sudut,unknown,1,Tokopedia,Negative,Lainnya,No,Hobi & Hiburan,No
barang yang diterima dalam kondisi yang tidak diinginkan pecah di salah satu tuts nya,unknown,1,Tokopedia,Negative,Lainnya,No,Hobi & Hiburan,No
gk di kirim uang gojek hilang dehhh,unknown,1,Tokopedia,Negative,Lainnya,Yes,Hobi & Hiburan,No
customer servis pesan same day delivery baru nyampe besoknya itu pun malam ketika di komplen cuci tangan ga mau tau really negative ga akan beli barang lagi di tokopedia,unknown,1,Tokopedia,Negative,Lainnya,No,Hobi & Hiburan,No
barang minggu baru nyampe itu pun saya harus 2x ke jne pedati urusin baru barang sampai evaluasi bos biar nggk gini lagi cape ribet urusinnya nggk dpt apa2,unknown,1,Tokopedia,Negative,Lainnya,No,Hobi & Hiburan,No
saat di charger kenapa gak bisa hidup tolong beri solusi saya tidak bisa pake,unknown,2,Tokopedia,Negative,Lainnya,No,Hobi & Hiburan,No
kecewa suara rekaman kecil sekali,unknown,2,Tokopedia,Negative,Bentuk,Yes,Hobi & Hiburan,Yes
sayang sekali mau tukar kerana ada yg tak fungsi tapi mahal di ongkir,unknown,2,Tokopedia,Negative,Harga,No,Hobi & Hiburan,No
build quality kurang ok,unknown,2,Tokopedia,Negative,Lainnya,No,Hobi & Hiburan,No
kualitas jelek suara mic udah max suara kecil,unknown,1,Tokopedia,Negative,Bentuk,No,Hobi & Hiburan,No
kecewa sama barangnya suara yang di keluarin ga bisa gede padahal udah paling maksimal,unknown,1,Tokopedia,Negative,Bentuk,Yes,Hobi & Hiburan,Yes
barang tidak bisa di atur echo sudah di putar tpi tetep tidak ada effect tombol joga tidak bisa di pencet pokoknya mengecewakan,unknown,1,Tokopedia,Negative,Lainnya,Yes,Hobi & Hiburan,No
produk tiruan cacad gx bisa ricord untuk pembeli lain sebaiknya jangan beli produk ini kalo tidak ingin rugi lebih baik beli merk taffware atau taffstudio yang sudah lama produksi v8 casing boleh sama tp kualitas jauh sekali dri pada buang buang duit clip on aja bisa ricord suara ini suondcard gx bisa product sangat gx jelas,unknown,1,Tokopedia,Negative,Bentuk,Yes,Hobi & Hiburan,No
noise banget suranyaa gabisa dipake,unknown,2,Tokopedia,Negative,Lainnya,No,Hobi & Hiburan,No
lubang microfonnya error bunyi nging terus jadi gabisa dipakai,unknown,2,Tokopedia,Negative,Lainnya,Yes,Hobi & Hiburan,No
tidak untuk rekomended suara ancur nois nya kacau nyesel kualitas ga bagus ga kepake,unknown,2,Tokopedia,Negative,Bentuk,No,Hobi & Hiburan,No
ga bisa di pakai,unknown,1,Tokopedia,Negative,Lainnya,No,Hobi & Hiburan,No
sesuai dengan harga kualitas sangat buruk pas saya colok ke komputer saya terus colokin headphone jack ke port headphone jack di usb nya saya punya headset nyala yang kanan doang headset saya pas dicolokin di hedphone jack biasa dua dua nya nyala kualitas mic juga sangat buruk bener bener jangan beli beli vention sound card aja kualitas lebih bagus tapi lebih mahal sedikit apalagi tidak sesuai dengan foto keliatan lebih murah aduh saya ilang ribuan untuk ini,unknown,1,Tokopedia,Negative,Bentuk,Yes,Hobi & Hiburan,Yes
beli baru hari pake stik yg 1nya malah eror suka mencet sendiri kecewa dah,unknown,2,Tokopedia,Negative,Lainnya,Yes,Elektronik,Yes
tiba tiba patah dasar baut patah ane lem aja moga masih bisa terpakai mo di balikin rugi di ongkir terima nasib aja,unknown,1,Tokopedia,Negative,Rasa,No,Elektronik,No
barang yang sampai cacat tidak ngisi baterai stick nya,unknown,1,Tokopedia,Negative,Lainnya,Yes,Elektronik,No
bisa hidup tapi ga bisa ngecharge di biarkan seharian batetai tidak terisi berharap banyak sama alat ini supaya stick nya anak anak bisa terpakai nya,unknown,2,Tokopedia,Negative,Bentuk,No,Elektronik,No
charging awal dkrim tp indikator ga nyala dgnti charging baru tp seluruh ongkir dibebankan k konsumen,unknown,2,Tokopedia,Negative,Harga,No,Elektronik,No
respon baik packing baik tapi perlu para pembeli tahu kalau barang ini ada masalah harus kirim ke medan pas ada masalah waduh ngotot nya minta ampun coba pikir pakai logika mana ada firmware update no dan setelah update bisa hilang dan update lagi herannya kaga percaya sama costumer yang beli barang dan bayar ongkir ke medan akhirnya barang tetap tidak di perbaiki atau di tukar alasannya di periksa di sana tidak ada masalah ya silahkan saja buat yang mau belanja tapi tolong teliti,unknown,3,Tokopedia,Neutral,Harga,No,Elektronik,No
ternyata stick ga dikirim pake dus nya kyk beli barang bekas ga sesuai deskripsi,unknown,1,Tokopedia,Negative,Bentuk,No,Elektronik,No
beli dua yang satu jelek eror sama analog g bisa balik lagi kecewa saya,unknown,1,Tokopedia,Negative,Bentuk,Yes,Elektronik,Yes
tulisannya 64gb tapi isinya cuma 8gb disuruh di cek kagak di cek cape dweh,unknown,1,Tokopedia,Negative,Lainnya,No,Elektronik,No
memorynya sdh ke buka wktu sya trima tdk ada segelan kondisi sdh agak busam aku coba sdh kali blm bisa dipakai,unknown,2,Tokopedia,Negative,Lainnya,No,Elektronik,No
seller lumayan responsif kualitas brg sesuai harga so so lah dicek di browser ps2 nya kebaca mb tp kalo udah dipake save di game cuman kebaca mb ga semua game bisa ngebaca mc nya sayangnya game game yg top yg ga mau ngebaca mc nya kaya god of war,unknown,3,Tokopedia,Neutral,Harga,No,Elektronik,No
mau order warna hitam kosong deskripsi produk ada minta di cancel tetep hajar dr penjual packing rapi tapi experience buruk,unknown,2,Tokopedia,Negative,Bentuk,Yes,Elektronik,No
tidak pas terlalu longgar membuat nintendo switch teroyak oyak di dalam pouch,unknown,2,Tokopedia,Negative,Bentuk,No,Elektronik,No
audio keluar gambar tidak settingan di ps juga sudah di ganti bukan rgb lagi tetap tidak keluar gambarnya,unknown,1,Tokopedia,Negative,Lainnya,No,Elektronik,No
maaf barang berfungsi tapi sayang kalo d pake d tv beresolusi fhd gambar tetep pecah,unknown,3,Tokopedia,Neutral,Lainnya,No,Elektronik,No
pembelian ke besok2 packingnya tolong di benahi cuma bubble doang lakban seadanya bolong sebelah,unknown,3,Tokopedia,Neutral,Lainnya,No,Elektronik,No
memorynya g bisa diread sama pspnya padahal udah diganti sama memory lain,unknown,3,Tokopedia,Neutral,Bentuk,No,Elektronik,No
tidak sesuai foto tdk ada tulisan photofast bahan tipis ringkih,unknown,3,Tokopedia,Neutral,Bentuk,No,Elektronik,No
barang yang diterima cacat pada analog untuk komplain tetap dilayani tetapi dari saya sendiri tidak kirim kesana karena ribet dalam ongkir dan pengiriman nya lain kali tdk apa apa di buka segelnya untuk di cek analognya sehingga tidak perlu masalah complain dan kirim balik sana lagi terima kasih,unknown,2,Tokopedia,Negative,Harga,Yes,Elektronik,No
gabisa dimainin di ios versi dan keatasnya maksimum ios versi selain itu gabisa dipake,unknown,1,Tokopedia,Negative,Lainnya,No,Elektronik,No
dapet barang gak bagus analog kiri gabisa buat jalan ke serong kanan atau kiri mau retur ribet seller slow respon alhasil cuma jadi pajangan aja nih stick edit setelah seminggu analog gabisa jalan sama sekalii penjual sama sekali ga responn nyesel,unknown,1,Tokopedia,Negative,Bentuk,Yes,Elektronik,No
setelah hari pakai gamepad bagian kanannya mati ketika direnggangkan kecewa seller berbelit belit,unknown,1,Tokopedia,Negative,Lainnya,Yes,Elektronik,No
buat emulator delay parah sama deadzone di dua analog di emu ppsspp dan beberapa emu yg saya coba intinya gak rekomen buat yg main emulator,unknown,1,Tokopedia,Negative,Bentuk,Yes,Elektronik,No
respone sellernya sangat cepat tapi ga bisa dipasang di hp saya dideskripsi inch bisa eh ternyata pas dateng di pasang di hp samsung a70 ga muat dan pas baca dalemnya maks ktnya inch sama buat maen cod rada ngadat pas maen ml lancar jaya padahal pengen maen cod nya,unknown,3,Tokopedia,Neutral,Bentuk,No,Elektronik,No
baru pake hari dah ga bisa on pdhal sdh di charge penuh baterenya kecewa x not recommended seller barang refurbish kualitas jelek,unknown,1,Tokopedia,Negative,Bentuk,Yes,Elektronik,Yes
kenapa tombol kananny gerak sendiri gk bisa balik ke kiri seperti lengket gitu mau ngirim videony tpi gk bisa,unknown,2,Tokopedia,Negative,Lainnya,No,Elektronik,No
untuk respon penjual bagus tapi kondisi barang biasa aja bahkan agak rusak bagian tombol dan kadang mati sendiri saat menjalankan game,unknown,2,Tokopedia,Negative,Bentuk,Yes,Elektronik,Yes
baru pakai beberapa minggu saja kabel usb nya udah nga bisa nge charge dan yg pasti kabel nya harus khusus beli di tempat dia bagi kalian yg mau beli mikir2 dulu de mending beli stick yg lain tanya sama admin nya solusi harus beli dan harganya seratus ribu quality cemen kek gini di kasih harga segitu mikir donk,unknown,1,Tokopedia,Negative,Bentuk,No,Elektronik,No
beli dua rencana nya buat jaga jaga kalo salah satu nya rusak eh bener aja dua dua nya gak mau nyolok stik ps dengan sempurna ke converter nya mau retur produk udah kadung males untuk penjual sebelum kirim barang tolong dong di qc lebih maksimal lagi,unknown,1,Tokopedia,Negative,Lainnya,Yes,Elektronik,No
untuk kalian yang beli buat windows saya saranin jangan karena saya coba di windows mencet mencet sendiri terus padahal stik ps2 saya masih baru dan di coba di ps2 baik baik saja,unknown,1,Tokopedia,Negative,Lainnya,No,Elektronik,No
pengiriman cepat berfungsi tapi harus dikaretin klo ngga longgar jadi ngga bisa di pake,unknown,2,Tokopedia,Negative,Bentuk,No,Elektronik,No
pelayanan seller positive sayang converternya ga bisa dipake alias error beli error nya,unknown,3,Tokopedia,Neutral,Lainnya,No,Elektronik,No
barangnya tidak seperti barang baru dan tanpa kemasan pabrik,unknown,1,Tokopedia,Negative,Bentuk,No,Elektronik,No
console sebelah kanan analoq ya drift sendiri lecet juga ng recommend deh kapok,unknown,1,Tokopedia,Negative,Lainnya,No,Elektronik,No
tidak diinfo dent dent ny tidak memberikan kejelasan msalah battery cukup kecewa tpi mesin jalan dengan baik batt capacity tidak beset kanan bawah pesok bag monitor atas dan bawah,unknown,3,Tokopedia,Neutral,Lainnya,No,Elektronik,No
barang cacad banyak dent kabel usb adapter gk jalan,unknown,1,Tokopedia,Negative,Lainnya,No,Elektronik,No
tolong gan ps3 nya ga mw tampilkab gambar di tv pakai hdmi lampu power yg merah kedap kedip trus,unknown,1,Tokopedia,Negative,Lainnya,No,Elektronik,No
sangat buruk menanggapi respon pembeli n katanya ada garansi tapi ada kerusakan malah tidak direspon,unknown,1,Tokopedia,Negative,Lainnya,Yes,Elektronik,No
awalnya bintang setelah beberapa bulan pakai ternyata ada part yang hilang seperti baut,unknown,2,Tokopedia,Negative,Rasa,Yes,Elektronik,No
gan kok ps nya baru kok udah mati2 sendiri tiba tiba tombol hijaunya tiba tiba merah trus mati,unknown,2,Tokopedia,Negative,Lainnya,Yes,Elektronik,No
barang sampah kecewa belanja disini modbo rusak kok dikirim,unknown,1,Tokopedia,Negative,Lainnya,Yes,Elektronik,Yes
tombol rt tidak berfungsi mau retur ongkir bolak balik setengah harga stick nya kecewa aja gk di test dulu sebelum pengiriman,unknown,2,Tokopedia,Negative,Harga,Yes,Elektronik,No
produk telah sampai tapi pas sampe malah ada yg cacat di bagian analog kanan ada yg pecah,unknown,2,Tokopedia,Negative,Bentuk,Yes,Elektronik,No
hati yang belanja disini suka kirim barang sembarangan baru lama lagi buat returnya toko tidak niat kek gitu mau nipu tanpa video unboxing pasti ngk bs retur jadi ingat selalu video di toko ini penipuan tokonya,unknown,1,Tokopedia,Negative,Bentuk,Yes,Elektronik,Yes
seller tidak ramah sedikitpun saya mau batal dulu baru nambah pesanan biar hemat ongkir seller tidak mau menerima pengajuan pembatalan saya katanya harus check out ulang lg dgn dana lbh besar di deskripsi produk jg ga ada aturan ini ya ga mau lah nanti dikirim dua2nya sama seller rese macam gini rugi dobel nanti tokped juga tidak bisa membantu sedikitpun cuman suruh diskusiin aja terus sama penjual keras kepala macam ini very not recommended kapok,unknown,1,Tokopedia,Negative,Harga,No,Elektronik,Yes
benar benar mengecewakan pelayanan lambat sekali,unknown,1,Tokopedia,Negative,Lainnya,Yes,Elektronik,No
tolong di cek dulu sebelum kirim power yg satu keluar asap untung ganti kapasitor sendiri bisa,unknown,3,Tokopedia,Neutral,Bentuk,No,Elektronik,No
beli pcs pcs tidak berfungsi barang disegel service dan pernah bongkaran komplain dipusat resolusi tidak dtanggapi,unknown,1,Tokopedia,Negative,Lainnya,Yes,Elektronik,No
gamepad sampai dengan packing std gamepad satu normal namun yang satunya l2 dan r2 hilang entah kemana sudah di cek memang tidak ada apakah kesalahan pembuatan di pabrik atau memang produk gagal semoga untuk ditingkatkan ketilitian dalam pengiriman sebelum sampai ke tangan konsumen jadi stik atau gamepadnya terpaksa main pakai l2 dan r2 cabutan dari stik lain yang beda merek dan warnanya hitam padahal gamepad normal sayangnya tombol r2 dan l2 missing hilang semoga gamepadnya awet makasih y,unknown,3,Tokopedia,Neutral,Bentuk,No,Elektronik,No
brg dtg dengan kondisi stick nya ga ok kenapa penjual ga d periksa dl yak trus minta tukar tp ga mao tanggung bersama ongkir nya donk emg penjual ga mao rugi ya mao ga mao byr uang xtra utk ongkir sana sini tukar stick smoga kedepannya bs lbh baik,unknown,2,Tokopedia,Negative,Harga,No,Elektronik,No
batery remote stick cepet habis signal remote juga kadang ada kadang tidak ada apa ada ide agar awet dan signal stabil,unknown,3,Tokopedia,Neutral,Bentuk,No,Elektronik,No
lumayan biar pelayanan ala kadarnya tapi di saat main kadang layar loss signal dari wii console nya trus kenapa harus beli hardisk yang begitu besar kalau isi 500game cuma 60gb,unknown,3,Tokopedia,Neutral,Bentuk,No,Elektronik,No
beli pd gosong semua baru apa bekas nih biasanya beli ga gini untung asuransi hari,unknown,1,Tokopedia,Negative,Lainnya,No,Elektronik,No
semua tombol x tidak berfungsi sama sekali jadi mubazir sekali,unknown,1,Tokopedia,Negative,Bentuk,Yes,Elektronik,No
ulasan hanya untuk product saja bukan untuk toko ya karena respon toko cukup baik produk ini kekurangannya adalah battery yg tidak bagus pengiriman pertama battery tidak dapat charging sy return datang product pengganti sempat sy pakai harian setelah itu battery keok dan gk mau charge gk bisa dipakai lagi entah produk yg dikirim kesaya kebetulan yg cacat atau memang product gamesir t4 tidka bagus,unknown,2,Tokopedia,Negative,Bentuk,Yes,Elektronik,No
baru di pakai dgn pemakaian prinegativei standar jam perhari hari sudah rusak mengecewakan mutu barangnya saya beli tinggal sisa satu lagi utk membuktikan kwalitas stik ini brp hari tahan,unknown,3,Tokopedia,Neutral,Bentuk,No,Elektronik,No
sayang banget analog kanan sama tombol arah ngga berfungsi alangkah baiknya di tes dulu sebelum kirim,unknown,2,Tokopedia,Negative,Bentuk,No,Elektronik,No
barang tidak sesuai tidak transfaran dan tidak menyala,unknown,1,Tokopedia,Negative,Bentuk,Yes,Elektronik,No
niat mau main di televisi tapi sama sekali gak bs tampil di tv mau return kondisi bgini susah kemana2 jadi yasudahlah,unknown,1,Tokopedia,Negative,Bentuk,Yes,Elektronik,No
sayang banget analog kanan sama tombol arah ngga berfungsi alangkah baiknya di tes dulu sebelum kirim,unknown,2,Tokopedia,Negative,Bentuk,No,Elektronik,No
baru di pakai dgn pemakaian prinegativei standar jam perhari hari sudah rusak mengecewakan mutu barangnya saya beli tinggal sisa satu lagi utk membuktikan kwalitas stik ini brp hari tahan,unknown,3,Tokopedia,Neutral,Bentuk,No,Elektronik,No
beli tidak bisa wong rusak bilangnya sudah dicek tapi kok ga bisa ya,unknown,1,Tokopedia,Negative,Lainnya,Yes,Elektronik,No
saya kasih bintang dulu soalnya analog atau yang bulet kanannya itu longgar dan agak ke atas,unknown,2,Tokopedia,Negative,Bentuk,No,Elektronik,No
produk masih di pakek sehari lo bayangin udah rusak analog nya wkwk asem tenan wkwk,unknown,3,Tokopedia,Neutral,Bentuk,No,Elektronik,No
saya beli mohon maaf sebelumnya sudah saya minta tolong untuk mencoba tes fisik dulu sebelum kirim tdk tahu d coba atau belum tp sepertinya tdk d coba alhasil ada yang cacat ujung2nya pembeli harus return itu hal yang merepotkan pembeli maaf saya beri 2b,unknown,2,Tokopedia,Negative,Bentuk,Yes,Elektronik,No
masak barangnya yang di kirim rusak gak bisa di gunakan dan orangnya gak ngerespon chat saya dan saya minta ganti gak mau yaudah deh biar tuhan yang iklaskan,unknown,1,Tokopedia,Negative,Lainnya,Yes,Elektronik,No
kasi bintang ya yg sebelah kanan gak terlalu berfungsi dengan baik lain kali di cek dengan baik,unknown,3,Tokopedia,Neutral,Lainnya,No,Elektronik,No
yg sebelah kiri triggernya ga sensitif jadi cuma kepake sebelah doang,unknown,3,Tokopedia,Neutral,Lainnya,No,Elektronik,No
jika saya pake satu berfungsi dengan baik tapi jika pakai dua duamya sering kepencet sendiri,unknown,3,Tokopedia,Neutral,Lainnya,No,Elektronik,No
paketany ru nyampe lgsung di cek salah satu stik na analog na rusak diorder yg ke 2x na tolong jk order lg tolong dicek kondisi stiknya sblum dikirim terimakasih,unknown,3,Tokopedia,Neutral,Lainnya,No,Elektronik,No
sedih liat analog kirinya akan lebih baik apabila di kirim kaya analog kanan,unknown,3,Tokopedia,Neutral,Lainnya,No,Elektronik,No
barang tidak berfungsi sama sekali seperti membeli barang rusak,unknown,1,Tokopedia,Negative,Bentuk,Yes,Elektronik,No
mohon maaf produknya tidak bisa dipakai sudah install sesuai dengan petunjuk tp ga bisa juga insya allah ikhlas,unknown,1,Tokopedia,Negative,Bentuk,No,Elektronik,No
salah satu stik tidak berfungsi coba chat penjual tidak direspon,unknown,1,Tokopedia,Negative,Lainnya,Yes,Elektronik,No
barang hanya dpt berfungsi beberapa hari terus mati tdk dpt signal dan ketika brg diretur ternyata sama aja mati lagi tdk da signal,unknown,1,Tokopedia,Negative,Bentuk,Yes,Elektronik,No
nyala tapi item putih dari customer service cuman bilang diotak atik lagi kak padahal uda sejam putar2 kabelnya dicolokan tvnya could have been a better service,unknown,3,Tokopedia,Neutral,Lainnya,No,Elektronik,No
review jujur ya port untuk kontroler player nya nggak berfungsi sudah coba tanya ke seller but no respon sudah coba reset colok cabut dan pindah2in kontroler tp tetap nggak berfungsi thanks,unknown,3,Tokopedia,Neutral,Lainnya,No,Elektronik,No
paking barangnya kurang bagus nyampe barang adaptor didalam udah pecah sampe sekarang belum bisa dicoba,unknown,1,Tokopedia,Negative,Bentuk,No,Elektronik,No
colokan adaptor mengalami kerusakan respon seller butuh berhari2 diajak diskusi untuk cara memperbaiki sendiri tidak dibalas akhirnya repair sendiri,unknown,2,Tokopedia,Negative,Lainnya,Yes,Elektronik,No
mohon maaf saya kasih bintang karena ada beberapa kendala tidak disertakan batery di nunchaku sedikitpun ataupun intruksi menggunakan batery jenis apa mohon dibuat panduan ringkas ketika di menu awal untuk mulai permainan harus kemana dan nantinya tampilan seperti apa karena dengan tidak ada panduanya seringkali hang usb tidak terbaca bahkan gambar semut yang solusinya usb tersebut dilepas dan dipasang kembali baru bisa untuk sensor saya mendapat sedikit retak untuk kedepanya mohon bisa di infokan bila ada minus,unknown,3,Tokopedia,Neutral,Bentuk,No,Elektronik,No
nunchuck nya ga berfungsi mohon diperhatikan kembli barang yg dikirimkan agar pelanggan tdk kecewa,unknown,3,Tokopedia,Neutral,Lainnya,No,Elektronik,No
saya minat membeli disini karena ada konfirm game ultraman evolution dengan jawaban ada donk setelah barang sampai ternyata tidak ada sungguh mengecewakan terima kasih hati hati kalo konfirmasi kelengkapan barang tidak semua pembeli fokus ke ps2 nya perhatikan permintaan game nya,unknown,1,Tokopedia,Negative,Lainnya,Yes,Elektronik,No
saat di unboxing barang terlihat bagus tpi pas baru di cek dengan seksama sticknya hancur dan bautnya hilang padahal packingan menggunakan kayu dan tidak ada penyok ps baru di coba banyak game yg tidak mau serta dalam waktu mnt ps langsung mati sendiri saat saya coba cek masalahnya ternyata kipas ps tidak menyala saat saya tanya ke penjual ternyata ps hanya di cek sekedarnya saja dan setelah saya komplain saya disuruh mengembalikan ksana untuk di cek dan ongkir pp saya tanggung sendiri sangat miris saya sangat percaya dengan toko meskipun ada ulasan yg buruk tpi saya tetap percaya dan tenyata barang yg datang sangat tdk memuaskan,unknown,1,Tokopedia,Negative,Bentuk,Yes,Elektronik,No
banyak sekali game yang nge hang dan game yang sama tapi direname munkin biar banyak aja gamenya padahal ada game yang sama stick nya ada yang error ketika game yang ada effect vibrationnya harusnya dicoba dulu sebelum pengiriman,unknown,2,Tokopedia,Negative,Bentuk,Yes,Elektronik,No
ps nya ga awet belom ada bulan udah rusak padahal pemakaian biasa aja malah jarang di pake tau2 rusak sendiri,unknown,2,Tokopedia,Negative,Bentuk,Yes,Elektronik,No
game tdk terlalu sesuai dgn request sya dan gamenya terlalu sedikit dan ya ini msih ditest smua dan game yg brsmlh bru downhill dan slnjtnya akan di cek lgi jdi menurut sya kepuasan pelanggan itu hrus di no kan ya,unknown,3,Tokopedia,Neutral,Bentuk,No,Elektronik,No
beli dateng nya malah pas di buka udah exited banget jadi negativemood tenyata cuman,unknown,1,Tokopedia,Negative,Bentuk,No,Elektronik,No
koneksi perangkat susah kalaupun konek seringkali putus buku petunjuk minim info pdhal beli pilihan yg paling mahal apa saya saja yg terima barang spt ini,unknown,3,Tokopedia,Neutral,Harga,No,Elektronik,No
barang diterima dengan baik tapi sayang baterenya uda soak,unknown,3,Tokopedia,Neutral,Lainnya,No,Elektronik,No
sering disconnect kadang tidak berfungsi autocatch,unknown,3,Tokopedia,Neutral,Lainnya,No,Elektronik,No
produk tidak ori kw tidak bekerja dengan baik dikirim pgp tidak bekerja di hp saya lenovo n advan cuma jadi bangkai after sales buruk respon seller kurang no recommended,unknown,1,Tokopedia,Negative,Bentuk,Yes,Elektronik,No
sebenernya kualitas barang nya bagus build quality oke lah utk barang rekondisi utk memainkan game tidak ada masalah masalahnya barang ini bahasa jepang dan di keterangan deskripsi tidak dijelaskan setelah barang sampai saya chat seller dengan balasan yg slow respon dan jawaban seadanya dikatakan bahasa tidak bisa diganti mohon dituliskan kekurangan2 pada deskripsi dan lebih fast respon kalau ada pembeli yg complain,unknown,2,Tokopedia,Negative,Bentuk,No,Elektronik,Yes
tidak ada mc 8gb seperti deskripsi iklan di paket yg saya terima hanya ada r4 sama charger plus adapter micro sd tulisan happy box mau komplen terlanjur klik terima barang dan komplen pun akan percuma karena mc barang kecil ujungnya saya yang disangka pura2 ga terima,unknown,2,Tokopedia,Negative,Bentuk,No,Elektronik,No
ada kesalahan di mc dan hardisknya gak bisa digunain jd nya psnya masa gak ke isi game atau mc nya ngeblank padahal belinya bkn dgn duit yg sdikit dan harus beli kabel lagi karna salah kirim udah gt isi game sndri jadinya kecewaaaaa sumpah,unknown,1,Tokopedia,Negative,Lainnya,Yes,Elektronik,No
banyak game yang rusak beberapa game tidak bisa di save biarlah saya ngga akan protes apa pun tapi saya harap seller lebih cek dan ricek barang sebelum kirim kalau sudah sampai tapi barang rusak kaya gini yang rugi konsumen bukan seller apa lagi pembeli yang jauh dari luar kota seperti saya,unknown,1,Tokopedia,Negative,Lainnya,Yes,Elektronik,No
baru kali pake udah rusak dibalikin ke tokonya saya minta cepet dibetulin dan dikirim hari ini juga orangnya langsung pulang ditelpon gak response,unknown,1,Tokopedia,Negative,Lainnya,Yes,Elektronik,No
paking oke bagus mohon perbaikan stik bergetar terus tanpa henti mesin agak sering hang mau ganti game mohon diperbaiki gan selisih ongkir juga trims,unknown,3,Tokopedia,Neutral,Harga,No,Elektronik,No
barang dtang posisi baterai ksong berarti barang tidak d cek dulu d gambar warna biru cerah dtg wrna biru gelap layar lcet mna buat kado ultah ank ga suka,unknown,1,Tokopedia,Negative,Bentuk,No,Elektronik,No
banyak baret baterai low padahal udah di ingatkan cek qc yaudahh ya jualan yg laku asal kesohor,unknown,1,Tokopedia,Negative,Lainnya,No,Elektronik,No
barang ok tetapi batrai bocor parah tdk ada niat memberi batrai yg baru stiap x maen ga ada jam lngsng habis di cas jg lampu slalu merah,unknown,1,Tokopedia,Negative,Lainnya,Yes,Elektronik,No
beda sma yg di gambar pdahal udh pernh pesen skali di sni,unknown,3,Tokopedia,Neutral,Lainnya,No,Elektronik,No
barang tidak sesuai deskripsi bukan fast charger saya sudah coba di hp saya yang mendukung fast charger tapi setelah memakai kabel ini jadi normal charger bkn fast charger,unknown,3,Tokopedia,Neutral,Bentuk,No,Elektronik,No
barang rusak di charge hp nggak ngisi udah ngisi ee tau tau ngilang susut lagi di kirain changer di coba dgn kabel lain bagus besoknya di coba lagi msh juga begitu ya ternyata barangnya yg tidak bagus,unknown,2,Tokopedia,Negative,Bentuk,Yes,Elektronik,Yes
baru d pake seminggu rusak,unknown,1,Tokopedia,Negative,Lainnya,Yes,Elektronik,No
kualitas jelek ngak mau pakai di smartphone,unknown,1,Tokopedia,Negative,Bentuk,No,Elektronik,No
ngga bs charging sama sekali boro2 fast charging kecewa udah pake kepala charger semia ngga bs charging colok ke laptop yg ngga koneksi atau charging,unknown,1,Tokopedia,Negative,Bentuk,Yes,Elektronik,Yes
sidik jari masih ada jdi layar kusam saja karna banyak sentuhan terus efek kaya kertas nya gue rasa ga ada ngaruh nya ga ada tuh kesan paperlike nya tidak kaya deskripsi dan fotonya cuma sebatas pelindung anti gores aja si ini rasanya,unknown,3,Tokopedia,Neutral,Bentuk,No,Elektronik,No
untuk barang dengan harga yang cukup mahal saya berekspektasi tidak ada air bubble pada pinggiran lobang home button dan kamera saya sudah coba beberapa kali untuk memperbaikinya tetapi sepertinya bukan salah pada pemasangannya,unknown,2,Tokopedia,Negative,Harga,No,Elektronik,No
barang datang dalam keadaan terlipat gak bisa sama sekali dipakai,unknown,1,Tokopedia,Negative,Bentuk,No,Elektronik,No
saya sangat kecewa beli di toko ini seenak sendiri menaikan harga padahal sudah deal beli ditambah lagi admin nya sangat tidak ramah official store kok pelayanan seperti tidak profesional sangat tidak direkomendasikan membeli di sini pasti kecewa,unknown,1,Tokopedia,Negative,Rasa,Yes,Elektronik,No
pengiriman lelet request warna g di acc sangat kecewa,unknown,1,Tokopedia,Negative,Bentuk,Yes,Elektronik,No
pelayanan admin sangat parah no respon,unknown,1,Tokopedia,Negative,Lainnya,Yes,Elektronik,No
pengalaman buruk belanja di toko official barang di terima dalam keadaan tidak menyala dan tidak mau bertanggung jawab replacement saya ajukan sendiri ke servis center setelah barang pengganti datang plastik wrap dan segel berbeda dengan yg dikirim seller ntah repack barang yg bermasalah atau memang beda batch tapi respon seller ini menurut saya sangat tidak profesional apalagi sekelas official store,unknown,1,Tokopedia,Negative,Bentuk,Yes,Elektronik,No
obeng bintang nya kurang nyaman untuk dipegang ujung obeng bintang mesti diratain dlu ada sisa potongan,unknown,3,Tokopedia,Neutral,Bentuk,No,Elektronik,No
pengungkitnya mudah patah kualitas plastik kurang bagus,unknown,3,Tokopedia,Neutral,Bentuk,No,Elektronik,No
obengnya ngga bisa kepakai kualitas rendah,unknown,1,Tokopedia,Negative,Bentuk,No,Elektronik,No
dipenjualan tertulis obeng magnet bohong obengnya ga magnet sama sekali akan sulit untuk yang baru belajar jika tidak memiliki alat yang lengkap kecewa parah,unknown,1,Tokopedia,Negative,Bentuk,Yes,Elektronik,Yes
barang jelek sesuai harga,unknown,1,Tokopedia,Negative,Harga,No,Elektronik,No
kualitas lcd sangat tipis sehingga home button jadi lebih tinggi dari pada layar respond cepat tetapi admin tidak menjawab pertanyaan saya dengan benar,unknown,3,Tokopedia,Neutral,Bentuk,No,Elektronik,No
kualitasnya parah keteken langsung pecah,unknown,2,Tokopedia,Negative,Bentuk,Yes,Elektronik,No
sangat mengecewakan dan tidak profesional niat membeli layar hp yg terkirim speaker i phone,unknown,2,Tokopedia,Negative,Bentuk,Yes,Elektronik,No
touchscreenya tidak fungsi saran aja sebelum dikasih ke konsumen ada baiknya di tes terlebih dahulu,unknown,1,Tokopedia,Negative,Lainnya,No,Elektronik,No
barang tidak berfungsi sangat buruk sekali,unknown,1,Tokopedia,Negative,Lainnya,Yes,Elektronik,No
tidak sesuai spesifikasi abis itu mau komplain tidak di layani bahaya sekali,unknown,1,Tokopedia,Negative,Bentuk,Yes,Elektronik,No
saya dikasih lcd rusak di touch gak bisa layar awal awal oke tapi dua hari kemudian ada garis horizontal di tengah layar besok hari nya layar shadow akhirnya saya pake lcd yg lama penjual banyak alasan saya sbg pembeli malah disalahkan pada pemasangan jangan beli disini cukup saya aja jadi korban,unknown,1,Tokopedia,Negative,Bentuk,Yes,Elektronik,No
pokoknya jangan ada yg beli disini barang rusak mau minta klaim tpi seller banyak alasan padahal stiker garansi blm rusak damage mohon dipikir kembali kalau mau beli disini,unknown,1,Tokopedia,Negative,Lainnya,Yes,Elektronik,No
ngisi powerbanknya lama bgt sampe jam lebih pas di coba charge ke hape jg lama jam lebih lebih lama dr ngecharge ke listrik langsung,unknown,2,Tokopedia,Negative,Bentuk,No,Elektronik,No
alatnya sering mati sendiri kak,unknown,2,Tokopedia,Negative,Lainnya,Yes,Elektronik,No
unreliable walau dptnya flash sale 69rb tetep gak worth cuma sekedar charge yg ringan saja mgkn ok,unknown,1,Tokopedia,Negative,Harga,No,Elektronik,No
produk mengecewakan kecewa awalnya sih oke tpi setelah seminggu pemakaian entah kenapa g bisa di cas sudh saya coba berkali kli tetep g bisa di cas saya sangat kecewa dengan produk ini kwalitasnya kurang bagus,unknown,1,Tokopedia,Negative,Bentuk,Yes,Elektronik,No
gak bisa di pake kecewa jadi barang sampah deh,unknown,1,Tokopedia,Negative,Lainnya,Yes,Elektronik,No
sangat sangat mengecewakan gak bisa di cas powerbank dan kata nya garansi malah ongkos kirim kita di suruh tanggung sendiri ya rugi parah lah ongkir dari batam itu kesitu belum lagi kenak pajak ditanya solusi lain gak respon,unknown,1,Tokopedia,Negative,Rasa,Yes,Elektronik,No
jangan tergiur dengan promo saya beli cpt habis dan ngecas powerbank nya lama,unknown,1,Tokopedia,Negative,Harga,No,Elektronik,No
baru satu hari pemakaian kabel chargernya udah gabisa dipake,unknown,3,Tokopedia,Neutral,Lainnya,No,Elektronik,No
pengiriman tidak sesuai estimasi,unknown,2,Tokopedia,Negative,Bentuk,Yes,Elektronik,No
pesan hitam di kirim putih lama proses pesanan nya,unknown,2,Tokopedia,Negative,Lainnya,No,Elektronik,No
tidak sesuai dengan kapasitas yg tertera di boxnya kecewa pokoknya kalo bisa gue balikin gue balikin dah,unknown,1,Tokopedia,Negative,Bentuk,Yes,Elektronik,Yes
powerbank nya tidak bisa berfungsi baterai full charge tapi sewaktu disambungkan ke handphone handphone tidak tercharge,unknown,1,Tokopedia,Negative,Lainnya,No,Elektronik,No
tdk sesuai gbr deskripsi,unknown,3,Tokopedia,Neutral,Bentuk,No,Elektronik,No
fitur kurang memuaskan hanya sedikit seperti band yang sebelumnya belum layar sentuh full tidak sesuai dengan harganya,unknown,3,Tokopedia,Neutral,Bentuk,No,Elektronik,No
gak sesuai harga malah kualitas nol,unknown,2,Tokopedia,Negative,Harga,No,Elektronik,No
barangnya gak berfungsi,unknown,1,Tokopedia,Negative,Lainnya,No,Elektronik,No
toko gak bertanggung jawab barang rusak yang dikirim minta tolong barang diganti aja alasannya banyak banget dan sampe skr juga barang yang saya beli gak di ganti2 benar2 gak ada tanggung jawabnya sama sekali nih toko,unknown,1,Tokopedia,Negative,Bentuk,Yes,Elektronik,No
bagaimana gak kecewa sampai sekarang jam tangannya gak nyala udah d cas beberapa kali bahkan seharian tetap gak nyala saya kecewa,unknown,1,Tokopedia,Negative,Lainnya,Yes,Elektronik,No
ribet pemakaian gk di saranin beli,unknown,2,Tokopedia,Negative,Lainnya,No,Elektronik,No
pelayanan tidak baik terdapat page flicker crash di kindle yang dibeli setelah di complaint pihak penjual bilang itu hal yang normal dan disetiap kindle memang memiliki page flicker crash namun di deskripsi produk tidak di jelaskan tentang hal itu di complaint baru di jelasin kalo itu normal hati hati dalam memesan minta deskripsi secara rinci dan detail sebelum membeli karena ini produk elektronik yang butuh di cek devicenya dan lain lain,unknown,1,Tokopedia,Negative,Rasa,No,Elektronik,No
seller tdk bertanggung jwb kindlenya baru dibeli terus rusak pembelian okt okt kindle nya rusak katanya ad garansi hari bgtu di message whatsapp cuma di read ga bertanggung jawab banget hati2 ya kalau mau beli disini after sale service nya sgt tidak bagus gabisa dipake deh kindle nya sayang banget padahal uda capek2 nabung smoga dpt karma nya sndri deh,unknown,1,Tokopedia,Negative,Bentuk,Yes,Elektronik,No
baru hari pemakaian kindle paperwhite nya rusak penjual tidak mau di return dan bantu klaim garansi sedih bangettt,unknown,1,Tokopedia,Negative,Lainnya,Yes,Elektronik,No
packing hanya buble wrap lain kali tambahkan kardus komunikasikan pengiriman dengan jelas biar tidak repot masa dikirim terpisah case nya mana ngga instan dan ngga bisa dicancel,unknown,2,Tokopedia,Negative,Bentuk,No,Elektronik,No
seller tidak jujur pengiriman super lama pdhl pesen gojek instant di hari pemesanan di info kalau ada suara marhaba hello krn ketekan pdhl seumur2 beli apple ga pernah ada kasus bs ketekan kalau belum dibuka sdh blg juga kalau saya ga mau barang yg ini karena menurut saya aneh katanya blm dibuka tp mana bs ada suara tiba2 muncul dr factorynya masa eh hari itu gak kunjung dikirim tp bilangnya udh dikirim nyatanya ditunggu smp batterynya habis baru dikirim keesokan harinya dipikir saya ga pernah beli barang apple kayanyaa barang baru apple itu selalu dikasih batt minimal bgt dr full ini ga bs nyala sama sekali hehe mau boongin saya yahh udh cukup beli sekali aja disini,unknown,1,Tokopedia,Negative,Bentuk,No,Elektronik,Yes
barang sampai tapi banyak yang tergores dan penyok di penyangga nya,unknown,3,Tokopedia,Neutral,Lainnya,No,Elektronik,No
gimana mau dipake orang buat letak hpnya aja ngga ada percuma,unknown,3,Tokopedia,Neutral,Lainnya,No,Elektronik,No
barang gampang rusak,unknown,3,Tokopedia,Neutral,Lainnya,No,Elektronik,No
barang tidak dibungkus bubble sampai rumah pecah dech nanya sama penjual ktnya tidak bisa claim walaupun ada video unboxing ga papa itung2 sedekah aja ke tokonya tapi kwalitas tripotnya bagus dan kokoh,unknown,2,Tokopedia,Negative,Bentuk,No,Elektronik,Yes
barang tidak sesuai pesanan tempat penyimpan hp nya tidak ada kecewa,unknown,2,Tokopedia,Negative,Bentuk,Yes,Elektronik,No
salah satu kakinya ada yg bengkok jadi gabisa dipake udah minta refund tetep gabisa yasudahlah,unknown,2,Tokopedia,Negative,Lainnya,Yes,Elektronik,No
tertera harga aslinya 110rb kirain barangnya kualitas premium lah minimal ternyata yg dateng barang kualitas rendah packing nya juga asal2an payah,unknown,1,Tokopedia,Negative,Bentuk,No,Elektronik,No
kecewa sudah di tunggu hampir sebulan barang gak sampe malah return,unknown,1,Tokopedia,Negative,Lainnya,Yes,Elektronik,Yes
saya tidak menerima produk sama sekali dari kurir dan kurir tidak menelfon saya kalo barang sudah diantarkan dan dititipkan di siapa karena saya belum menerima paket saya saya mengajukan komplain,unknown,1,Tokopedia,Negative,Bentuk,Yes,Elektronik,No
barang kw kalau original bagian ujung colokan lightning nya berwarna abu kalau ini wrna putih di plat usb jg seperti gbr produk yg palsu bagian kiri adalah produk yg dibeli di toko ini yg kanan adalah kabel original saat beli hp,unknown,3,Tokopedia,Neutral,Bentuk,No,Elektronik,No
socket ujung kendor tidak ori,unknown,3,Tokopedia,Neutral,Bentuk,No,Elektronik,No
waktu sampe udah rusak,unknown,2,Tokopedia,Negative,Lainnya,Yes,Elektronik,No
baru 2x pake nge cas dan rusak,unknown,2,Tokopedia,Negative,Lainnya,Yes,Elektronik,No
kabel nya kurang bagus buat ngecas nymbung masuk keluar lagi,unknown,2,Tokopedia,Negative,Bentuk,No,Elektronik,No
aktual nya barang tidak diterima padahal ini order ke untuk alamat dan penerima yang sama,unknown,1,Tokopedia,Negative,Bentuk,No,Elektronik,No
jelek mudah rusak,unknown,1,Tokopedia,Negative,Bentuk,Yes,Elektronik,No
microphone tidak bekerja sisi kiri kurang bassnya,unknown,4,Tokopedia,Positive,Lainnya,No,Elektronik,No
kualitas barang kurang baik,unknown,3,Tokopedia,Neutral,Bentuk,No,Elektronik,No
yg sebelah kanan ga bisa pas di telinga udh dicoba org hasilx sama ga bisa pas jadi dengarx ga maksimal,unknown,3,Tokopedia,Neutral,Bentuk,No,Elektronik,No
pesen warna merah yg dateng warna hitam padahal udaj konfirmasi di chat,unknown,3,Tokopedia,Neutral,Bentuk,No,Elektronik,No
pengirimannya cepet tapi barangnya tidak sesuai ekspektasi,unknown,2,Tokopedia,Negative,Bentuk,Yes,Elektronik,No
pertama pake normal baru menit volume suka kecil sendiri liat riview disini jg banyak masalah barangnya nasib barang promo,unknown,2,Tokopedia,Negative,Harga,No,Elektronik,Yes
plastik sdh terbuka saat barang datang tidak tersegel dan minta nya warna biru dpt nya warna hitam,unknown,1,Tokopedia,Negative,Bentuk,No,Elektronik,No
pengiriman sangat lama diluar estimasi yg tercantum,unknown,1,Tokopedia,Negative,Lainnya,No,Elektronik,No
baru dateng baru di coba malah udah copot yg bagian kanan udah coba di perbaiki trus coba di pake lagi masih copot juga,unknown,1,Tokopedia,Negative,Lainnya,No,Elektronik,No
segel beda seharusnya segel sein seperti yg kecil seller kurang paham instruksi seperti barang repack,unknown,3,Tokopedia,Neutral,Bentuk,No,Elektronik,No
pengiriman lama minta nota pembelian tidak di kasi,unknown,2,Tokopedia,Negative,Lainnya,No,Elektronik,No
ga ada kartu garansi alasannya kalo resmi ga ada kartu garansinya aduh boong bgt temen saya sales samsung dan ttp ada dari awal dus udah letoy bgt dan robek2 ini bukan krn kurir soalnya logika aja bubble wrap tebel kok dus robek sedangkan bubble wrap ga robek sama sekali ga ada headset casan ga di plastik kertas bawaan semua cuma pake kertas tipis kaya hvs glossy bener2 kaya kotak bikina sendiri saya udah chat penjual jg ga ada penyelesaian hpnya sih ga ada lecet baret atau apapun smoga awet dan bener asli,unknown,2,Tokopedia,Negative,Bentuk,No,Elektronik,No
ribet pelayanan mengecewakan,unknown,2,Tokopedia,Negative,Lainnya,Yes,Elektronik,No
penyok parah banget gk layak jual dan sobek parah padahal udh sering beli dikasihnya jelek banget gg bang,unknown,1,Tokopedia,Negative,Bentuk,Yes,Elektronik,No
sangat kecewa dengan barang yg di terima segel samsung sudah terbuka katanya dari sananya di dlm plasti segel ada kartu byu sudah di buka segel pelaatiknya yg makin parah layar banyak sidik jari tertinggal baru buka curiga curang tokonya barang mukin di tukar2 sama yg kw seperti kepala carger kabel dll hati2 di toko ini harus lebih waspada dan di tanya detail kedua penjelasan juga gak bisa selalu bilang gak tau kaka dari sana dari sana kalo dari samsung asli sesuai pembicaraan buat apa samsung buat segel bahkan ada tulisan jangan terima segel rusak kurang baik pokonya toko ini ngerasa barang bekas,unknown,1,Tokopedia,Negative,Bentuk,Yes,Elektronik,No
mudah copot di dasbord lemnya kgk kuat,unknown,3,Tokopedia,Neutral,Bentuk,No,Elektronik,No
barangnya rusak kak harus diservis dulu,unknown,3,Tokopedia,Neutral,Lainnya,No,Elektronik,No
aku baru pakai sebentar patah,unknown,2,Tokopedia,Negative,Lainnya,No,Elektronik,No
tidak terlalu nempel dan susah nempel di dashboard,unknown,2,Tokopedia,Negative,Lainnya,No,Elektronik,No
bahan dan konstruksinya tidak kuat mudah patah,unknown,1,Tokopedia,Negative,Bentuk,No,Elektronik,No
seller very slow response semua step selalu last minute baru lanjut ketika official store lain hanya butuh maks hari barang sampai setelah order ini baru diterima setelah hari,unknown,3,Tokopedia,Neutral,Lainnya,No,Elektronik,No
yg micro ini sering rusak coba di tingkatkn lg kualitasnya,unknown,3,Tokopedia,Neutral,Bentuk,No,Elektronik,No
tidak berfungsi dengan baik,unknown,3,Tokopedia,Neutral,Lainnya,No,Elektronik,No
belum seminggu udah ga fungsi,unknown,2,Tokopedia,Negative,Lainnya,No,Elektronik,No
pelayanan kurang cepat dan ramah,unknown,2,Tokopedia,Negative,Lainnya,No,Elektronik,No
awalnya seneng karena barang cepat sampai dan bagus ternyata belum sampai sebulan sudah rusak ga bisa dipake lg,unknown,1,Tokopedia,Negative,Bentuk,Yes,Elektronik,Yes
sebentar pakai sudah patah aku pikir besi ternyata plastik,unknown,1,Tokopedia,Negative,Bentuk,No,Elektronik,No
yg sebelah cuma hidup sebentar trs mati dan terasa panas kaya ada yg konslet,unknown,2,Tokopedia,Negative,Rasa,Yes,Elektronik,No
mati sebelah kecewa pedahal udah kek percaya,unknown,2,Tokopedia,Negative,Lainnya,Yes,Elektronik,Yes
prtama brgnya dtg cman bsa nyala sebelah dan gk bsa charge mnta garansi tuker baru malah lbh parah gk bsa nyala kduanya gila lah kapok buangin uang aja,unknown,1,Tokopedia,Negative,Lainnya,Yes,Elektronik,No
pengiriman lama charger tidak fast charging,unknown,1,Tokopedia,Negative,Lainnya,No,Elektronik,No
baru dipakai bulan sudah rusak,unknown,1,Tokopedia,Negative,Lainnya,Yes,Elektronik,No
satu pcs dipakai jam panas satu lagi tidak bisa fast charging dibuang ke tong sampah langsung,unknown,1,Tokopedia,Negative,Lainnya,No,Elektronik,No
desain ergonomis gampang dipakai,unknown,5,Tokopedia,Positive,Bentuk,No,Ibu & Bayi,No
barang sesuai dan bagus,unknown,5,Tokopedia,Positive,Bentuk,No,Ibu & Bayi,No
desain ergonomis tekstur empuk bayi jadi tenang gampang dipakai,unknown,5,Tokopedia,Positive,Rasa,No,Ibu & Bayi,No
gampang dipakai tekstur empuk,unknown,5,Tokopedia,Positive,Rasa,No,Ibu & Bayi,No
mantab dah si kecil suka terima kasih seller ama pengiriman nya terima kasih toko pedia,unknown,5,Tokopedia,Positive,Bentuk,No,Ibu & Bayi,No
seller responsif barang cukup baik dan sesuai harga bisa dilihat antar sambungannya kurang pas saran saya beli warna gelap agar sela2 sambungan matras tidak tampak overall saya cukup puas kok thx seller,unknown,4,Tokopedia,Positive,Bentuk,No,Ibu & Bayi,No
menggunakan bahan alami tidak memicu alergi tanpa bahan pengawet aman untuk bayi,unknown,5,Tokopedia,Positive,Bentuk,No,Ibu & Bayi,No
barang bagus packing rapih dan aman harga murah pegiriman cepat thank u seller,unknown,5,Tokopedia,Positive,Bentuk,No,Ibu & Bayi,No
aman untuk bayi trimakasih,unknown,5,Tokopedia,Positive,Lainnya,No,Ibu & Bayi,No
produk ok packing bagus pengiriman cepat,unknown,5,Tokopedia,Positive,Bentuk,No,Ibu & Bayi,No
respon dan proses cepat pengiriman juga toko rekomendasi,unknown,5,Tokopedia,Positive,Lainnya,No,Ibu & Bayi,No
barang datang sesuai pesanan dan gambar di etalase juga penjelasan penjual puass aman untuk bayi,unknown,5,Tokopedia,Positive,Bentuk,No,Ibu & Bayi,No
proses cepat pengiriman juga cepat dapet promo juga thanks seller,unknown,4,Tokopedia,Positive,Harga,No,Ibu & Bayi,No
pengirimannya cepat rapi makasih,unknown,4,Tokopedia,Positive,Bentuk,No,Ibu & Bayi,No
pengiriman cepat admin ramah langganan dah kedepannya,unknown,5,Tokopedia,Positive,Lainnya,No,Ibu & Bayi,No
ukurannya pas cepat menyerap tidak membuat lecet dapat bonus terima kasih yaa,unknown,5,Tokopedia,Positive,Bentuk,No,Ibu & Bayi,No
barang sesuai pesanan kualitas bagus baik mantap packing juga oke seller ramah pengiriman juga cepat fast respons recommended seller pokoknya,unknown,5,Tokopedia,Positive,Bentuk,No,Ibu & Bayi,No
ukurannya pas cepat menyerap tidak membuat lecet udah langganan harga murah dpt yg lagi trs dikasi sample susu sukses selalu seller,unknown,5,Tokopedia,Positive,Harga,No,Ibu & Bayi,No
trimkasih bonus nya,unknown,5,Tokopedia,Positive,Lainnya,No,Ibu & Bayi,No
barang udah sampai dan diterima sesuai pesanan top markotop gan mantap lah pkk nya gan thx u gan,unknown,5,Tokopedia,Positive,Rasa,No,Ibu & Bayi,No
produk bagus ukuran pas original,unknown,5,Tokopedia,Positive,Bentuk,No,Ibu & Bayi,No
kualitas barang bagus dengan harga yg worth the money bahan nya halus dan tidak gatal kata istri saya,unknown,5,Tokopedia,Positive,Bentuk,No,Ibu & Bayi,No
korset paling mantap gak gatal dan nutup perut sepenuhnya ga lepas2 juga saat duduk,unknown,5,Tokopedia,Positive,Rasa,No,Ibu & Bayi,No
respon cepat dan barang cepat sampai terima kasih,unknown,5,Tokopedia,Positive,Lainnya,No,Ibu & Bayi,No
nyaman bagus ini udah turun size dari l yg kmren beli yg size l mamaku yg pake nyaman jg katanya thanks mamaway,unknown,5,Tokopedia,Positive,Bentuk,No,Ibu & Bayi,No
nyaman digunakan membantu mengecilkan perut setelah melahirkan,unknown,5,Tokopedia,Positive,Bentuk,No,Ibu & Bayi,No
ini enak bgt di pakai setelah caesar di pakai saat duduk jg nyaman tidak bikin sakit rekomen pokok nya,unknown,5,Tokopedia,Positive,Rasa,No,Ibu & Bayi,No
packing supeeerr rapi dan aman sampai rumah thank you seller semakin lancar usahanya,unknown,5,Tokopedia,Positive,Bentuk,No,Ibu & Bayi,No
mantulllll tidak memicu alergi menggunakan bahan alami aman untuk bayi tanpa bahan pengawet,unknown,5,Tokopedia,Positive,Bentuk,No,Ibu & Bayi,No
packing sangat aman selalu puas thx seller sukses,unknown,5,Tokopedia,Positive,Lainnya,No,Ibu & Bayi,No
pengiriman sangat cepat respon penjual juga baik packing amat bangt terima kasih seller,unknown,5,Tokopedia,Positive,Lainnya,No,Ibu & Bayi,No
terima kasih atas pelayanannya yang baik dan cepat senang belanja di sini semoga sukses selalu untuk tokopedianya,unknown,5,Tokopedia,Positive,Lainnya,No,Ibu & Bayi,No
bakal langganan packing amaannnnnnn,unknown,5,Tokopedia,Positive,Lainnya,No,Ibu & Bayi,No
puas blnj disni bsok bli lgi peking jga bgus free kardus dan bubble didlamnya trimksih,unknown,5,Tokopedia,Positive,Lainnya,No,Ibu & Bayi,No
barang sesuai dan pengiriman cepat,unknown,4,Tokopedia,Positive,Bentuk,No,Ibu & Bayi,No
baik packing aman pengiriman cepat,unknown,5,Tokopedia,Positive,Lainnya,No,Ibu & Bayi,No
faster better cheaper,unknown,5,Tokopedia,Positive,Lainnya,No,Ibu & Bayi,No
anak saya dari lahir sampai skrg setia pakai ini suka sekali,unknown,5,Tokopedia,Positive,Lainnya,No,Ibu & Bayi,No
paket sampai dgn selamat semoga cocok,unknown,4,Tokopedia,Positive,Lainnya,No,Ibu & Bayi,No
menggunakan bahan alami melembabkan kulit bayi aman buat kulit bayi nggak memicu alergi penjualnya ramah banget,unknown,5,Tokopedia,Positive,Bentuk,No,Ibu & Bayi,No
thankyou sesuai pesanan pengemasan jg cepat,unknown,5,Tokopedia,Positive,Bentuk,No,Ibu & Bayi,No
saya sudah langganan beli transpulmin baby di toko ini menarini health beauty dan juga produk lainnya respon toko cepat dan transpulmin baby ini sangat cocok dgn kulit bayi cepat meredakan flu batuk pada bayi menngunakan bahan alami melembabkan kulit bayi aman buat kulit bayi tanpa bahan pengawet dan tidak memicu alergi pokoknya mantul deh,unknown,5,Tokopedia,Positive,Bentuk,No,Ibu & Bayi,No
menggunakan bahan alami aman buat kulit bayi nggak lengket nggak memicu alergi melembabkan kulit bayi tanpa bahan pengawet packaging rapi packaging aman respon penjualnya top proses pesanan cepat penjualnya ramah bange,unknown,5,Tokopedia,Positive,Bentuk,No,Ibu & Bayi,No
menggunakan bahan alami melembabkan kulit bayi tanpa bahan pengawet aman buat kulit bayi nggak lengket nggak memicu alergi proses pesanan cepat penjualnya ramah banget respon penjualnya top packaging aman packaging rapi,unknown,4,Tokopedia,Positive,Bentuk,No,Ibu & Bayi,No
menggunakan bahan alami nggak memicu alergi tanpa bahan pengawet,unknown,4,Tokopedia,Positive,Bentuk,No,Ibu & Bayi,No
sesuai deskripsi aman buat kulit bayi melembabkan kulit bayi nggak memicu alergi nggak lengket,unknown,4,Tokopedia,Positive,Bentuk,No,Ibu & Bayi,No
barang ori bagus banget selalu pake ini dari bayiku lahir cuma pengiriman nya lamaaman buat kulit bayi menggunakan bahan alami nggak lengket melembabkan kulit bayi nggak memicu alergi packaging aman,unknown,5,Tokopedia,Positive,Bentuk,No,Ibu & Bayi,No
packing super aman dan rapih per kaleng per kardus yg di lapisi bubble wrap tebal pada kaleng nya lalu kardus dijadikan awalnya sempat ragu aman ga pesan susu pakai jasa kirim reguler karna biasa pakai instant dan ternyata alhamdulillah ga penyok sama sekali pesan kaleng sukses selalu seller,unknown,5,Tokopedia,Positive,Bentuk,No,Ibu & Bayi,No
sampai dengan baik banget dan exp masih lama di kemas sangat baik setiap susu di beri babel warp dan dikardusin satu2 baru di kardusin lagi jadi satu ok semua terimakasih,unknown,5,Tokopedia,Positive,Lainnya,No,Ibu & Bayi,No
mantab dikardusin satu2 dan di babblewrap lg murah lg,unknown,5,Tokopedia,Positive,Harga,No,Ibu & Bayi,No
pengiriman cepat dan packing juga rapi,unknown,5,Tokopedia,Positive,Bentuk,No,Ibu & Bayi,No
produk original harga murah packing bagus dan pengiriman cepat,unknown,5,Tokopedia,Positive,Harga,No,Ibu & Bayi,No
mantaaappp biasanya langganan,unknown,5,Tokopedia,Positive,Lainnya,No,Ibu & Bayi,No
nyaman banget dipakai kualitas bahan bagus tetap bisa gerak maksimal,unknown,5,Tokopedia,Positive,Bentuk,No,Ibu & Bayi,No
bahan tebal dan nyaman di pakai,unknown,5,Tokopedia,Positive,Bentuk,No,Ibu & Bayi,No
kainnya lembut dan stretchy ada hooknya yang bisa ditarik jadi kalau celana kegedean masih bisa disesuaikan dengan ukuran perut yg sekarang ini all size dan pas banget bahannya juga tebal jadi dipakai ga nerawang,unknown,5,Tokopedia,Positive,Bentuk,No,Ibu & Bayi,No
nyaman banget dipakai tetap bisa gerak maksimal kualitas bahan bagusbkn legging yg tipis mantaaap,unknown,5,Tokopedia,Positive,Bentuk,No,Ibu & Bayi,No
bahannya enak bagus dan nyaman,unknown,4,Tokopedia,Positive,Bentuk,No,Ibu & Bayi,No
bahannya bagus adem,unknown,4,Tokopedia,Positive,Bentuk,No,Ibu & Bayi,No
nyaman banget dipakai kualitas bahan bagus,unknown,5,Tokopedia,Positive,Bentuk,No,Ibu & Bayi,No
nyaman banget dipakai tetap bisa gerak maksimal kualitas bahan bagus,unknown,5,Tokopedia,Positive,Bentuk,No,Ibu & Bayi,No
suka bahannya modelnya harganya pun terjangkau,unknown,5,Tokopedia,Positive,Harga,No,Ibu & Bayi,No
sesuai dengan pesanan bahan halus kayaknya adem,unknown,5,Tokopedia,Positive,Bentuk,No,Ibu & Bayi,No
thankyou seller bahannya adem cocok buat anak anak sengaja ambil size yg lebih gede biar di pake lama,unknown,5,Tokopedia,Positive,Bentuk,No,Ibu & Bayi,No
barang bagus dan pengiriman cepat,unknown,5,Tokopedia,Positive,Bentuk,No,Ibu & Bayi,No
bahan nyaman adem hepi harga worth it dpt diskon,unknown,5,Tokopedia,Positive,Harga,No,Ibu & Bayi,No
bagussss sukakakkk ntah udh brp kali order bahannya bagus adem n nyaman dan harga promonya mantulll,unknown,5,Tokopedia,Positive,Bentuk,No,Ibu & Bayi,No
bajunya bagus bahannya adem oke banget,unknown,4,Tokopedia,Positive,Bentuk,No,Ibu & Bayi,No
selalu puas beli disini cepet sampai packing rapih dpt hadiah pula,unknown,5,Tokopedia,Positive,Bentuk,No,Ibu & Bayi,No
memuaskan seperti bisanya alhamdulillah dpt hadiah,unknown,5,Tokopedia,Positive,Lainnya,No,Ibu & Bayi,No
pengiriman cepat packaging sangat aman langsung dikasi member vip thanks abbot jika bisa harga dtoko cabang disamakan dengan pusat,unknown,5,Tokopedia,Positive,Bentuk,No,Ibu & Bayi,No
suka produknya abbott indonesiapackingan bagus,unknown,5,Tokopedia,Positive,Bentuk,No,Ibu & Bayi,No
barang rapih diproses cepat,unknown,5,Tokopedia,Positive,Bentuk,No,Ibu & Bayi,No
klo produk udh pasti bgs krn original pengiriman nya jg bgs hari ini order bsk bisa lgs nyampe tks,unknown,5,Tokopedia,Positive,Bentuk,No,Ibu & Bayi,No
packing rapih dan aman sampai tujuan hadiah pun dapat,unknown,5,Tokopedia,Positive,Bentuk,No,Ibu & Bayi,No
dah ke2 x nya beli dsni selalu puas packing rapih pengiriman cepat jg respon penjual cepat memang gak dapt free apapun gak pa pa yg penting harganya murah dari tempat lain,unknown,5,Tokopedia,Positive,Harga,No,Ibu & Bayi,No
pengemasan okepenjual responnya bagusharga bersahabat pengantaran cepat puas belanja di sini,unknown,5,Tokopedia,Positive,Harga,No,Ibu & Bayi,No
barang sesuai pesanan pengirimancepat pengemasan okey makasih,unknown,5,Tokopedia,Positive,Bentuk,No,Ibu & Bayi,No
ukurannya pas cepat menyerap tidak membuat lecet,unknown,5,Tokopedia,Positive,Bentuk,No,Ibu & Bayi,No
packing rapih pengiriman juga lumayan cepat,unknown,5,Tokopedia,Positive,Bentuk,No,Ibu & Bayi,No
pengiriman lumayan cepat saya sukaa gak slah ukuran juga,unknown,4,Tokopedia,Positive,Bentuk,No,Ibu & Bayi,No
sangat memuaskan dan cpt smpe,unknown,4,Tokopedia,Positive,Lainnya,No,Ibu & Bayi,No
produk sesuai pesanan,unknown,4,Tokopedia,Positive,Bentuk,No,Ibu & Bayi,No
bahannya nyaman nyaman di punggung beban tersebar merata desain ergonomis gampang dipakai penjualnya ramah banget bahannya fleksibel,unknown,5,Tokopedia,Positive,Bentuk,No,Ibu & Bayi,No
bahannya nyaman nyaman di punggung nyaman di punggung desain ergonomis desain ergonomis beban tersebar merata beban tersebar merata gampang dipakai gampang dipakai bahannya fleksibel penjualnya ramah banget proses pesanan cepat proses pesanan cepat packaging aman packaging rapi packaging rapi respon penjualnya top,unknown,5,Tokopedia,Positive,Bentuk,No,Ibu & Bayi,No
bahannya nyaman nyaman di punggung packaging aman gampang dipakai packaging rapi bahannya fleksibel penjualnya ramah banget desain ergonomis proses pesanan cepat,unknown,5,Tokopedia,Positive,Bentuk,No,Ibu & Bayi,No
bagus banget dan nyaman untuk baby sangat worth it dengan harganya bahannya nyaman desain ergonomis nyaman di punggung gampang dipakai beban tersebar merata bahannya fleksibel proses pesanan cepat penjualnya ramah banget packaging aman packaging rapi respon penjualnya top,unknown,5,Tokopedia,Positive,Bentuk,No,Ibu & Bayi,No
nyaman di punggung penjualnya ramah banget,unknown,5,Tokopedia,Positive,Bentuk,No,Ibu & Bayi,No
bahannya nyaman nyaman di punggung gampang dipakai,unknown,4,Tokopedia,Positive,Bentuk,No,Ibu & Bayi,No
gampang dipakai nyaman di punggung,unknown,4,Tokopedia,Positive,Bentuk,No,Ibu & Bayi,No
bahannya nyaman beban tersebar merata bahannya fleksibel gampang dipakai desain ergonomis nyaman di punggung,unknown,5,Tokopedia,Positive,Bentuk,No,Ibu & Bayi,No
sesuai order modelnya bagus dan nyaman cepat dan aman,unknown,5,Tokopedia,Positive,Bentuk,No,Ibu & Bayi,No
barang sudah diterima dalam kondisi baik packing aman makasi,unknown,5,Tokopedia,Positive,Lainnya,No,Ibu & Bayi,No
bahannya nyaman nyaman di punggung desain ergonomis beban tersebar merata proses pesanan cepat,unknown,5,Tokopedia,Positive,Bentuk,No,Ibu & Bayi,No
bagus dan cepat,unknown,5,Tokopedia,Positive,Bentuk,No,Ibu & Bayi,No
bahannya nyaman nyaman di punggung gampang dipakai desain ergonomis beban tersebar merata,unknown,5,Tokopedia,Positive,Bentuk,No,Ibu & Bayi,No
bahannya nyaman penjualnya ramah banget nyaman di punggung packaging aman,unknown,5,Tokopedia,Positive,Bentuk,No,Ibu & Bayi,No
produk sesuai deskripsi dan normal no minus wow diluar ekspetasi semua fitur berfungsi baik packing aman harga terjangkau seller agak slow respon,unknown,5,Tokopedia,Positive,Harga,No,Elektronik,No
produk sesuai deskripsi semua fitur berfungsi baik awalnya takut ya karena ulasannya kebanyakan pada penyok tapi ini pas sampee aman kok gaiss aku checkoutnya sama bubble wrap dan sampe dengan aman barangnya juga baguss lumayan kokoh harganya murah lampunya juga terang makasiih seller seneng bangeet,unknown,5,Tokopedia,Positive,Bentuk,No,Elektronik,No
semua fitur berfungsi baik hanya sayangnya ada beberapa bagian tripod yg penyok dan ada bagian kaca ringlight yg retak mungkin pas pengiriman ya tapi overall alat berfungsi dengan baik,unknown,5,Tokopedia,Positive,Bentuk,No,Elektronik,No
produk sesuai deskripsi semua fitur berfungsi baik ukurannya sesuai bahannya bagus wow diluar ekspetasi,unknown,5,Tokopedia,Positive,Bentuk,No,Elektronik,No
seller ramah responsif order bayar langsung dikirim pengiriman hari sampai kain bagus green screen berfungsi sangat baik terima kasih,unknown,5,Tokopedia,Positive,Bentuk,No,Elektronik,No
kain green screen nya datang sesuai deskripsi walaupun kainnya agak tipis tp gpp masih bisa dipakai dengan baik,unknown,5,Tokopedia,Positive,Bentuk,No,Elektronik,No
bebas bahan kimia proses cepat hemat listrik boros listrik bisa muat banyak gampang dibawa bawa bahan kokoh gampang dipakai penjualnya ramah banget proses pesanan cepat packaging aman packaging rapi respon penjualnya top,unknown,5,Tokopedia,Positive,Bentuk,No,Elektronik,No
produk bagus harga ramah dompet panjang tongkat 100cm ada sisi satu untuk menggosok kotoran di kaca satu sisi lagi untuk menyapu semua kotoran,unknown,5,Tokopedia,Positive,Bentuk,No,Elektronik,No
produk nya ok kaca bersih karet nya ok kain pembersih nya ok jg bersihin kaca walopun di awal sudah dipasang,unknown,5,Tokopedia,Positive,Bentuk,No,Elektronik,No
admin super responsif cartridge berfungsi dengan baik sayang bgt cuma bisa ngasih bintang,unknown,5,Tokopedia,Positive,Lainnya,No,Elektronik,No
mantap dapet harga yg miring pengiriman sehari kemudian lgsg sampee packing aman dan rapih expired juga masih makasihhh,unknown,5,Tokopedia,Positive,Bentuk,No,Elektronik,No
penjualnya cukup baik namun untuk berikutnya tolong dibungkus dengan kardus supaya aman dan diberikan tanda bahwa paketnya dilarang ditimpah dan dijemur berlebihan mengingat isinya itu film kamera,unknown,5,Tokopedia,Positive,Lainnya,No,Elektronik,No
toko alat ukur dan repeater memang oke nih layanannya responsif dan cepat kirim dengan aman produk drone fpv s89 lumayan untuk santai bermain camera di udara perlu fine tuning aja untuk posisi stabil karena bobot ringan waspada kalo tiupan angin mulai berisik drone tello gw sebelumnya lenyap kebawa angin kencang di perbukitan sibea bea bulan lalu enjoy playing this cheap drone thank you boss,unknown,5,Tokopedia,Positive,Bentuk,No,Elektronik,No
best seller terima kasih untuk pengiriman cepat semuanya bekerja senang memesan dari anda terima kasih,unknown,5,Tokopedia,Positive,Lainnya,No,Elektronik,No
mantap mudah2 an awet ya barangnya sesuai gambar packingnya aman produk sesuai deskripsi,unknown,5,Tokopedia,Positive,Bentuk,No,Elektronik,No
cocok buat bersihin layar hp yang cepat kotor karena kena keringat gara gara main game atau dipakai telepon cairan pembersihnya bening dan setelah disemprotkan bentuknya jadi semacam embun gitu dan engga berbau bentuk alatnya compact dan sekilas mirip vape tapi mungkin ukurannya agak awkward untuk disimpan di saku kecil engga besar juga engga pengirimannya juga cepat overall puas belanja barang ini di sini,unknown,5,Tokopedia,Positive,Bentuk,No,Elektronik,No
barang nya sesuai deskripsi dan foto bener2 bersih saat di coba dpat bebas ongkir jga dan cpat smpai terimakasih tokopedia dan seller,unknown,5,Tokopedia,Positive,Bentuk,No,Elektronik,No
cepat sekali pengirimannya sudah di coba produk sesuai deskripsi praktis dibawa kemana2 skrg sudh gk lagi layar hp yg kotor dan brminyak,unknown,5,Tokopedia,Positive,Bentuk,No,Elektronik,No
alhamdulillah untuk pengiriman yang kedua tidak pecah dan aman sampai tujuan,unknown,5,Tokopedia,Positive,Lainnya,No,Elektronik,No
bagus pengiriman rapi cuma ga sameday ya kayanya kemarin saya minta same day tapi suka sama sellernya sesuai ekspetasi,unknown,5,Tokopedia,Positive,Bentuk,No,Elektronik,No
bagus bgt seller baikbgt minta tolong kirim hari ini karena buru2 buat kado lgsg dikirim dan hasil cetak fotonya jg bagusbgt,unknown,5,Tokopedia,Positive,Bentuk,No,Elektronik,No
baguuus kuat kokoh cuma emang gabisa sejajar lurus kalau mau foto dari atas keliatan kaki bawahnya harus agak dinaikin dikit hp nya overall okee,unknown,5,Tokopedia,Positive,Bentuk,No,Elektronik,No
kualitas bagus pengirman cepat dan pelayanan cukup baik terima kasih,unknown,5,Tokopedia,Positive,Bentuk,No,Elektronik,No
isi lengkap tidak ada yg patah dapat dusnya juga setelah dirakit berfungsi baik,unknown,5,Tokopedia,Positive,Lainnya,No,Elektronik,No
walaupun dapat saat harga flash sale tetapi kualitas barang nya tetap bagus dan struktur nya kokoh utk smartphone pada umum nya,unknown,5,Tokopedia,Positive,Bentuk,No,Elektronik,No
barang sudah sampai pelayanan cepat sekali packing aman dan barang sesuai deskripsi terimakasih dan sukses selalu yaa,unknown,5,Tokopedia,Positive,Bentuk,No,Elektronik,No
gimbal yang sangat cocok utk iphone dan hp flagship yang sudah memiliki stabilisasi bagus sehingga gimbal ini hanya penambah support supaya lbh stabil samsung note berfungsi dengan baik dengan catatan tdk boleh menggunakan casing jika mau menggunakan casing maka bantalan pad nya harus dilepas bs dilihat pada foto fungsi zoom berfungsi dengan baik fungsi mode video ke kamera juga berfungsi dengan baik ganti kamera depan dg belakang juga berfungsi dengan baik cuma jika menggunakan hp murah seperti xiaomi note gambarnya lebih goyang ketimbang pake hp flagship stabilisasi ketika tongkat tongsis dipanjangkan tidak direkomendasikan kalau digunakan sambil berjalan hasilnya tidak terlalu stabil bahkan jika tongsisnya dimajukan 1cm saja hasilnya sudah ga bgt stabil,unknown,4,Tokopedia,Positive,Bentuk,No,Elektronik,No
barang sudah sampai pelayanan cepat sekali packing aman dan barang sesuai deskripsi terimakasih dan sukses selalu yaa,unknown,5,Tokopedia,Positive,Bentuk,No,Elektronik,No
produk sesuai deskripsi semua fitur berfungsi baik walopun packing sederhana n kreseknya jebol karna but over all barang berfungsi dengan baik thx recomended seller,unknown,5,Tokopedia,Positive,Bentuk,No,Elektronik,No
pengantaran tepat waktu packaging rapih barang juga dalam kondisi bagus,unknown,5,Tokopedia,Positive,Bentuk,No,Elektronik,No
mantap sesuai normal bisa digunakan semoga awet batrainya cr2032 langsung include,unknown,5,Tokopedia,Positive,Bentuk,No,Elektronik,No
paket sudah sampai dan sesuai dengan pesanan remote shutter nya berfungsi dengan baik dan tidak ribet kalok mau dipakai praktis dibawa kemana,unknown,5,Tokopedia,Positive,Bentuk,No,Elektronik,No
terimakasih barangnya sudahsampai dan sangat bagus berguna baget sihh ini pengiriman juga cepat,unknown,5,Tokopedia,Positive,Bentuk,No,Elektronik,No
pengiriman cepat pengemasan aman mudah dipasang dan digunakan bonus backgroundnya juga banyak hasil fotonya cukup memuaskan bagi saya hanya saja saya tidak begitu yakin dengan ketahanan bahannya apabila dilakukan copot pasang berulang kali tapi secara keseluruhan bagus dan memuaskan,unknown,5,Tokopedia,Positive,Bentuk,No,Elektronik,No
barang sudah sampai di rumah tidak ada kerusakan sama sekali saat pengiriman dan setelah dicoba sangat memuaskan terima kasih,unknown,5,Tokopedia,Positive,Bentuk,No,Elektronik,No
saya senang produknya dipaketkan dengan rapi dan tidak ada cacat recommended,unknown,5,Tokopedia,Positive,Bentuk,No,Elektronik,No
pengiriman cepat harganya murah kualitas oke masih diplastik ini saya foto setelah dikeluarin dari plastik pembungkusnya kainnya lembut dan berukuran kecil jadi mudah dibawa ke mana mana,unknown,5,Tokopedia,Positive,Bentuk,No,Elektronik,No
respon dan pengiriman sangat cepat sangat rekomen dan pasti akan belanja di toko ini lagi,unknown,5,Tokopedia,Positive,Bentuk,No,Elektronik,No
respon seller cukup baik proses pengiriman baik kurir pengiriman cepat produk untuk stock semoga cocok pakai,unknown,4,Tokopedia,Positive,Lainnya,No,Elektronik,No
senang sekali karena sekarang untuk produk ini packingnya tidak dilakban lakban lagi sudah dimasukkan plastik per pack,unknown,5,Tokopedia,Positive,Bentuk,No,Elektronik,No
barang dalam kondisi prima nyampenya juga cepet cuma sehari terima kasih seller,unknown,5,Tokopedia,Positive,Lainnya,No,Elektronik,No
produk sesuai deskripsi pemasangan mudah kualitas gambar bagus pakai aplikasi v380 pro,unknown,5,Tokopedia,Positive,Bentuk,No,Elektronik,No
sedikit ada kendala tapi semuanya sudah normal kembali makasih respon toko percakapan baik,unknown,4,Tokopedia,Positive,Lainnya,No,Elektronik,No
barang ok pengiriman lamaa konfirmasi aja butuh hari packing ga banget ga pake buble,unknown,4,Tokopedia,Positive,Lainnya,No,Elektronik,No
pembelian kedua sayang kabel ga sesuai jadi beli kabel dulu tapi produk masih ok berfungsi dengan baik terima kasih,unknown,4,Tokopedia,Positive,Bentuk,No,Elektronik,No
brg berfungsi dg baik walau terkendala diawal cara pengoprasian tp stlah jam mncba akhirnya bisa smoga awet,unknown,4,Tokopedia,Positive,Bentuk,No,Elektronik,No
pesen jam terus jam kurang barang udah sampe karena pake gosend instant dapet potongan gosend instant 30rb jadi cuman bayar harga refill instaxnya doang thankyou kakk,unknown,5,Tokopedia,Positive,Harga,No,Elektronik,No
uda 2x beli di toko ini dan puas banget banget adminnya baik banget karna butuh cepet dan selalu response thank you,unknown,5,Tokopedia,Positive,Lainnya,No,Elektronik,No
ini juga sama krn pesannya barengan packing baik tp sbnernya bs suapaya aman di bubble wrap aja sedikit mungkin ya soalnya saya pake grab express klo di masukin ke kantong doang kyknya kurang aman aja tapi produk bagus ga ada kerusakan respon penjual cepat,unknown,4,Tokopedia,Positive,Bentuk,No,Elektronik,No
baru transfer satu jam kemudian barang nyampe cepat bat ya walaupun harga go send sdikit rada mahal recommended seller nih gaes makasih ya sis semoga makin banyak diskon d,unknown,4,Tokopedia,Positive,Harga,No,Elektronik,No
respon cepat gosend ke pamulang cepat dapat diandalkan tepat saat dibutuhkan kualitas okeee bgt untuk harga segitu hasil juga cukup memuaskan thank youuu,unknown,5,Tokopedia,Positive,Harga,No,Elektronik,No
penjual bisa menjaga kualitas barang dan pengirimannya yang cepat ini kali kedua pesen disini terimakasih ya,unknown,5,Tokopedia,Positive,Bentuk,No,Elektronik,No
bulan lalu beli sepaket sama standnya jadinya sampe lama ke kupang ntt krn buru free ongkir wkwk kainnya emg tipe kasar di tangan tapi justru cocok dipake green screen krn ga gampang robek n kotor pake rekam video juga ngejreng pas lah kalo beli sama standnya jangan lupa beli jepitnya juga,unknown,5,Tokopedia,Positive,Bentuk,No,Elektronik,No
green screen sudah nyampe bahan cukup tebal mirip ntah sama dengan positiveie bag yg bagus warna hijau cerah oke lah buat green screen,unknown,5,Tokopedia,Positive,Bentuk,No,Elektronik,No
barang yang dikirim mantapp bahannya tebal dan tahan air cocok utk di air seller juga fast respon thx u,unknown,5,Tokopedia,Positive,Bentuk,No,Elektronik,No
lumayan ckup bgus sesuai hrga lah ya agk tipis yg hitam tp bgus kok semoga gk rembes dpake hujan2,unknown,5,Tokopedia,Positive,Bentuk,No,Elektronik,No
kualitas mantap walau agak kotor dan ada banyak goresan tp udah uji coba aman kiriman cepat ga nunggu lama pokoknya best recomend,unknown,5,Tokopedia,Positive,Bentuk,No,Elektronik,No
kualitas barang sesuai dengan harganya cukup bagus hanya dibagian saat memasang kepala untuk pegangan ponsel saja yg sedikit harus menekan kepalanya ke bagian mur nya,unknown,4,Tokopedia,Positive,Bentuk,No,Elektronik,No
tripodnya berkualitas produk sesuai deskripsi packingnya aman cuma sayang gak tau kenapa bagian tengahnya gak bisa di pasang gak ngait di aluminiumnya malah lepas terus gak bisa nahan beban hp paling bs di lem dlu bru di pakai thank s tokopedia dan toko yg terkait smga lancar usahanya overall bgs,unknown,5,Tokopedia,Positive,Bentuk,No,Elektronik,No
semuanya bagus tripod nya kokoh pengemasan aman rapih pokoknya seneeeeeng bgt makasih tokopedia,unknown,5,Tokopedia,Positive,Bentuk,No,Elektronik,No
lumayan sebagai pengguna baru cuman bayar ongkir ribu pengiriman cepet kualitas harga untuk hp oke asal ga ada angin kenceng soalnya materialnya harga nya untuk dslr gak rekomen,unknown,4,Tokopedia,Positive,Harga,No,Elektronik,No
sudah diterima packingnya rapih tebal bungkusnya double buble warping jd aman isinya sellernya fast respon fast delivery positive job mksh buat agan sellernya dan abang kurir yg ramah,unknown,5,Tokopedia,Positive,Bentuk,No,Elektronik,No
respon admin oke ekspedisi kurir aman packing ergonomis dan selamat sampai tujuan minus tidak ada perbandingan barang sesuai foto testi saya harga dan barang sesuai dan baterai normal ya gan,unknown,5,Tokopedia,Positive,Bentuk,No,Elektronik,No
packing bagus reson penjual cepat baterai sudah dicoba berfungsi normal hanya saja tadi waktu buat ngerekam video sempat tiba tiba ngedrop auto kamera mati sekarang baru dicas semoga nanti normal lagi,unknown,5,Tokopedia,Positive,Bentuk,No,Elektronik,No
pengiriman cepat packaging oke seller ramah recommended sih udah berkali kali beli di sini kualitas juga oke mantapp min tingkatkan,unknown,5,Tokopedia,Positive,Bentuk,No,Elektronik,No
sedikit seret kalo dipadukan dengan produk original pake sedikit kekuatan bisa masuk overall puas sekali dengan produk bahan dan finishing bagus haturnuhun,unknown,5,Tokopedia,Positive,Bentuk,No,Elektronik,No
barang sampai tepat waktu aman dan rapih mantap gan dapet bonus lagi the bast pokoknya kalian wajib blanja di olshop ini boz makasih barangnya,unknown,5,Tokopedia,Positive,Bentuk,No,Elektronik,No
produk sampai dengan baik dan dikemas dengan rapi dan kedap sesuai deskripsi dan tanpa cacat harga produk yg ditawarkan wajar response seller juga cepat dan pengiriman juga relatif cepat terima kasih dan sukses selalu,unknown,5,Tokopedia,Positive,Bentuk,No,Elektronik,No
kemasan bubble wrap rapih tapi kardusnya sedikit penyok tapi arm bracket nya baik saja langsung dipasang tripodnya kokoh produk sesuai,unknown,5,Tokopedia,Positive,Bentuk,No,Elektronik,No
pro harga kaget flash sale respon seller cepat dlm proses konstruksi hampir seluruh nya dari logam kecuali mic holder con base plate tipis baut ball head tidak presisi jadi harus ganti modif baut konektor arm uk 8x16tpi bkn jd kurang compactible holder hp kurang panjang jd kl hp berat suka jatuh jika posisi menghadap ke bawah,unknown,5,Tokopedia,Positive,Bentuk,No,Elektronik,No
packing dan kemasan baik dan aman jumlah order sesuai dan telah diterima komplit terima kasih semoga batere dan lainnya awet digunakan,unknown,5,Tokopedia,Positive,Bentuk,No,Elektronik,No
udah di tes baterai compatibel ane pake dslr 1100d,unknown,5,Tokopedia,Positive,Lainnya,No,Elektronik,No
mantap barang ga mengecewakan sumpah di sony a5100 ku awet jg btrenya lebih lama daripada btre ori malah,unknown,5,Tokopedia,Positive,Bentuk,No,Elektronik,No
mantap harga dan kualitas sebanding lebih worth it daripada battery ori nya btw padahal beda durasi battery ny cm beda belasan menit tp harganya beda ratusan ribu mending pake battery powerextra tp beli banyak,unknown,5,Tokopedia,Positive,Harga,No,Elektronik,No
setelah hari penantian akhirnya tiba juga barang udah di cek kondisi baterai aman charger aman all safe terima kasih,unknown,5,Tokopedia,Positive,Lainnya,No,Elektronik,No
plastiknya cukup tebal desainnya keliatan cukup kokoh langsung dipakai utk zoom hape stabil mudah2an awet,unknown,5,Tokopedia,Positive,Bentuk,No,Elektronik,No
sesuai dengan harga dan yg paling penting pelayanan cepat bagi saya yg dropshiper sangat terbantu terima kasih ka,unknown,5,Tokopedia,Positive,Harga,No,Elektronik,No
kainnya tebel murah dan manfaat utk menutup latar belakang ketika zoom meeting pengiriman juga cepat makasih,unknown,5,Tokopedia,Positive,Harga,No,Elektronik,No
luarbiasaaa udh 2x beli di toko ini penjualnya ngerti kebutuhan sy butuh urgent hari minggu tetap dihandle pdhl hrsnya libur dan pake sameday tp nyampenya ekspress dari jaksel bekasi puji tuhan thanks so much seller dan kurir sameday gbu,unknown,5,Tokopedia,Positive,Lainnya,No,Elektronik,No
mantap hijau terang cuman sayang agak kelipet kotak kotak jadinya gatau cara ngelurusinnya gimana disetrika kayaknya lengket,unknown,5,Tokopedia,Positive,Rasa,No,Elektronik,No
sudah kesekian kalinya pesen green screen di sini dan tetap selalu puas dengan pelayanan dan produknya,unknown,5,Tokopedia,Positive,Lainnya,No,Elektronik,No
seller ramah pengirimannya juga cepat dan barangnya mantap positive banget tokonya,unknown,5,Tokopedia,Positive,Rasa,No,Elektronik,No
saya tidak pernah dikecewakan oleh toko ini pokoknya untuk urusan videografi dan fotografi saya senang belanja di sini,unknown,5,Tokopedia,Positive,Lainnya,No,Elektronik,No
flash yg simple pengaturannya harga terjangkau buat pemula oke lah sayang saya sudah pro hehehe,unknown,5,Tokopedia,Positive,Harga,No,Elektronik,No
kameranya bagus banget pengirimannya cepat penjualnya juga ramah banget suka banget belanja disini,unknown,5,Tokopedia,Positive,Bentuk,No,Elektronik,No
kameranya berfungsi untuk kualitas gambar tentunya sesuai harga ya seperti kamera anak sejenis sayangnya kabelnya kotor sekali seperti bekas sudah coba dibersihkan juga tidak bisa,unknown,4,Tokopedia,Positive,Bentuk,No,Elektronik,No
jkt bdg cmn butuh waktu semalem packing nya mntp pack nya rapi kgak d lecet suara nya enak bet buat rekaman fingerstyle akustik gatau dah mntp pokoknya,unknown,5,Tokopedia,Positive,Rasa,No,Elektronik,No
proses kemas kirim lumayan cpt packaging bubble wrap tipis sesama jakarta masih aman dus agak penyok kualitas barang aman berfungsi compatoble dg cam iphone tanpa apps tambahan tapi kalau mau dengar hasil rekaman copot mic dulu,unknown,5,Tokopedia,Positive,Bentuk,No,Elektronik,No
barang original sudah di cek keasliannya sudah di coba dan berfungsi dengan baik pengiriman menggunakan pos indonesia gilaaaa cepet nya ampun dah gak ada obat beli sabtu sampe purwokerto hari minggu gilaaaaa hari cooooy wow diluar ekspetasi semua fitur berfungsi baik produk sesuai deskripsi suaranya bagus dan jernih,unknown,5,Tokopedia,Positive,Bentuk,No,Elektronik,No
alhamdulillah barang sampai di tgl isi dusnya instruction manual book kartu garansi stiker boya tas kecil boya seperangkat mic batereinya jack adaptor kayaknya untuk koneksi ke amplifier,unknown,5,Tokopedia,Positive,Bentuk,No,Elektronik,No
kualitas produk bagus butuh waktu agak lama untuk ngecharge berhubung lampunya kecil jadi cahayanya ga semerata kalau pakai ringlight tapi cukup okay karena ringkes dan bisa di bawa kemana saja,unknown,5,Tokopedia,Positive,Bentuk,No,Elektronik,No
puas banget barang sesuai harapan kualitas bahan bagus dan kokoh response penjual sangat baik cepat terima kasih banyak gan sukses selalu ya,unknown,5,Tokopedia,Positive,Bentuk,No,Elektronik,No
sblmnya maaf boxnya gasempet difoto tapi packingnya rapih bre walau bukan pakai bubble wrap tpi tebel dan aman dari guncangan dan benturan padahal isinya juga kokoh harga udah murah pelayanan juga terbaik dari sellernya gila sih pokoknya juara sih ini build nya kokoh besi dan kontrolnya agak sulit btw krn hanya cukup control di sikunya tapi kalau dh terbiasa sih enak aja,unknown,5,Tokopedia,Positive,Bentuk,No,Elektronik,No
tripodnya mantap dipakai sesuai kebutuhan ygbsederhana untuk taro hp dan kamera buat suting dan foto sederhana mumpuni banget budget fits the function keren,unknown,5,Tokopedia,Positive,Rasa,No,Elektronik,No
tripodnya terasa sturdy cukup ringan tapi tanpa manual seller fast response,unknown,4,Tokopedia,Positive,Rasa,No,Elektronik,No
kualitasnya bagus kaki kaki tripodnya kuat bahan tasnya juga bagus tebal sehingga tidak mudah sobek,unknown,5,Tokopedia,Positive,Bentuk,No,Elektronik,No
sip lah barang sesuai bahannya spundbond pesen dpt ukuran 110cm 160cm hanya saja di beberapa bagian ada yg sobek sedikit overall positive thanks impodio,unknown,5,Tokopedia,Positive,Bentuk,No,Elektronik,No
dengan harga segitu kualitas spundbondnya uda bagus packingnya rapi jadi g sampe kusut kainnya,unknown,5,Tokopedia,Positive,Bentuk,No,Elektronik,No
produk sesuai deskripsi cuma bagian lipatannya tidak mudah hilang walaupun sudah disetrika jdnya agak kliatan bagian lipatan saat difoto,unknown,4,Tokopedia,Positive,Bentuk,No,Elektronik,No
pesanan sesuai warnanya cuman bahannya tipis banget ya kalau dipakai foto masih tembus bagian belakang tapi kualitas menyesuaikan harga sih,unknown,5,Tokopedia,Positive,Bentuk,No,Elektronik,No
barang sesuai kualitas oke rekomendasi seller ni,unknown,5,Tokopedia,Positive,Bentuk,No,Kesehatan & Kecantikan,No
lucu bgt warnanya recommended harga murah tapi ngga murahan next bakal order lagi,unknown,5,Tokopedia,Positive,Harga,No,Kesehatan & Kecantikan,No
barang dah sampe suka banget sama barang nya kurir juga ramah,unknown,5,Tokopedia,Positive,Bentuk,No,Kesehatan & Kecantikan,No
murah banget kualitas bagus nyaman dipake,unknown,5,Tokopedia,Positive,Bentuk,No,Kesehatan & Kecantikan,No
sudah saya terima belom tau kwalitasnya semoga awet en bener2 bagus thks alls,unknown,4,Tokopedia,Positive,Bentuk,No,Kesehatan & Kecantikan,No
lumayan bagus isi banyak dan bahanny karet lentur banget pas banget di tangan,unknown,4,Tokopedia,Positive,Bentuk,No,Kesehatan & Kecantikan,No
barang sesuai packing aman cepat sampai,unknown,5,Tokopedia,Positive,Bentuk,No,Kesehatan & Kecantikan,No
baguss sukaa bgttt next mau order lagi,unknown,5,Tokopedia,Positive,Bentuk,No,Kesehatan & Kecantikan,No
bahan jepitnya bagus awet dipake gak mudah rusak,unknown,5,Tokopedia,Positive,Bentuk,No,Kesehatan & Kecantikan,No
udah pembelian ke awet dan tahan lama gak gampang rusak paling beli lagi karena ilang ato dipinjem gak dibalikin,unknown,5,Tokopedia,Positive,Bentuk,No,Kesehatan & Kecantikan,No
sdh order ke harga murah pengemasan super aman tidak pernah ada yg rusak sy terima,unknown,5,Tokopedia,Positive,Harga,No,Kesehatan & Kecantikan,No
bagus kencang sayangnya ada yang patah,unknown,4,Tokopedia,Positive,Bentuk,No,Kesehatan & Kecantikan,No
barangnya bagus banget kak tahan lama jg,unknown,4,Tokopedia,Positive,Bentuk,No,Kesehatan & Kecantikan,No
warnanya lucu lembut di kulit proses pesanan cepat,unknown,5,Tokopedia,Positive,Bentuk,No,Kesehatan & Kecantikan,No
gampang dipakai lembut di kulit proses pesanan cepat penjualnya ramah banget warnanya lucu barangnya awet respon penjualnya top packaging aman packaging rapi,unknown,5,Tokopedia,Positive,Bentuk,No,Kesehatan & Kecantikan,No
warnanya lucu lembut di kulit gampang dipakai sepertinya bakal langganan disini bner2 puas dg pelayanan dan semuanya barang ori bagus sucses terus yaa,unknown,5,Tokopedia,Positive,Bentuk,No,Kesehatan & Kecantikan,No
warnanya lucu barang sesuai dan cepat sampai,unknown,4,Tokopedia,Positive,Bentuk,No,Kesehatan & Kecantikan,No
barang sesuai deskripsi dan pengiriman tepat waktu sesuai harapan terima kasih,unknown,4,Tokopedia,Positive,Bentuk,No,Kesehatan & Kecantikan,No
teksturnya keras hasilnya awet beneran waterproof gampang dipakai gampang dibawa bawa proses pesanan cepat penjualnya ramah banget packaging aman packaging rapi respon penjualnya top,unknown,5,Tokopedia,Positive,Bentuk,No,Kesehatan & Kecantikan,No
gampang dibawa bawa hasilnya awet packaging aman gampang dipakai,unknown,5,Tokopedia,Positive,Bentuk,No,Kesehatan & Kecantikan,No
teksturnya creamy gampang dipakai packaging aman,unknown,5,Tokopedia,Positive,Rasa,No,Kesehatan & Kecantikan,No
gampang dipakai gampang dibawa bawa packaging aman,unknown,5,Tokopedia,Positive,Bentuk,No,Kesehatan & Kecantikan,No
teksturnya keras hasilnya tebal gampang dipakai gampang dibawa bawa packaging aman proses pesanan cepat,unknown,4,Tokopedia,Positive,Rasa,No,Kesehatan & Kecantikan,No
gampang dipakai packaging aman proses pesanan cepat gampang dibawa bawa tapi syg pas baru nyampe dibuka udh patah,unknown,4,Tokopedia,Positive,Bentuk,No,Kesehatan & Kecantikan,No
aku doang yang ngerasa apa gimaba tapi warna yang ini ga terlalu out as much i expected tapi overall i loved it,unknown,3,Tokopedia,Neutral,Rasa,No,Kesehatan & Kecantikan,No
warnanya soft baguus sukaaa harga terjangkau buat ganti2 warna kuku,unknown,5,Tokopedia,Positive,Harga,No,Kesehatan & Kecantikan,No
warnanya cantik baunya tidak menyengat harga terjangkau pengiriman cepat packing aman,unknown,5,Tokopedia,Positive,Harga,No,Kesehatan & Kecantikan,No
diluar ekspektasi mirip banget sama yg biasa aku beli di drugstore dgn harga 150rb huhu serius iseng beli gegara bnyk review yg blg bagus apalagi harga 6rb klo ga cocok ga sakit hati ga taunya bagusss cepet kering ga gumpal,unknown,5,Tokopedia,Positive,Bentuk,No,Kesehatan & Kecantikan,No
lom coba tp seperti nya warna bagus pengiriman standar packing rapi tks,unknown,4,Tokopedia,Positive,Bentuk,No,Kesehatan & Kecantikan,No
respon chat cepat recomended seller packing rapi,unknown,5,Tokopedia,Positive,Bentuk,No,Kesehatan & Kecantikan,No
pengiriman cepat packaging rapih prodak ok,unknown,5,Tokopedia,Positive,Bentuk,No,Kesehatan & Kecantikan,No
packagingnya rapi dan aman harganya ok dan bagus sesuai dekripsi,unknown,4,Tokopedia,Positive,Bentuk,No,Kesehatan & Kecantikan,No
bagus kuteknya dan pengiriman respon penjual okey nyesel pesan next time order lagi thx,unknown,4,Tokopedia,Positive,Bentuk,No,Kesehatan & Kecantikan,No
kualitas sesuai harga,unknown,3,Tokopedia,Neutral,Harga,No,Kesehatan & Kecantikan,No
proses pesanan cepat packaging aman packaging rapi hasilnya matte aplikator mudah dipakai thank you beli lg ah warna lain,unknown,5,Tokopedia,Positive,Bentuk,No,Kesehatan & Kecantikan,No
pengiriman lumayan cepetttt proses agak lama paking bagusss pake dus harga pas lg promooo respon cepettt aplikator mudah dipakai desainnya mewah,unknown,5,Tokopedia,Positive,Bentuk,No,Kesehatan & Kecantikan,No
pengiriman cepat bgt mantap sukses selalu yaaa,unknown,5,Tokopedia,Positive,Rasa,No,Kesehatan & Kecantikan,No
aplikator mudah dipakai hasilnya tahan lama hasilnya matte desainnya mewah nggak cepat pudar nggak bikin bibir kering packaging aman proses pesanan cepat packaging rapi respon penjualnya top,unknown,5,Tokopedia,Positive,Bentuk,No,Kesehatan & Kecantikan,No
hasilnya tahan lama desainnya mewah,unknown,4,Tokopedia,Positive,Bentuk,No,Kesehatan & Kecantikan,No
bagus banget hasilnya matte dan ga kering di bibir di kulit gelap juga cocok dan tadi dicoba pake masker ga nyeplak lipstiknya cuma sayang warnya merahnya kurang nyala dibanding lipcream matte yg impulse tapi overall oke kok kalo make over keluarin warna baru lagi yang merahnya lebih nyala bakal order,unknown,4,Tokopedia,Positive,Bentuk,No,Kesehatan & Kecantikan,No
hasilnya tahan lama hasilnya matte nggak cepat pudar packaging aman proses pesanan cepat,unknown,5,Tokopedia,Positive,Bentuk,No,Kesehatan & Kecantikan,No
hasilnya tahan lama proses pesanan cepat packaging rapi respon penjualnya top,unknown,5,Tokopedia,Positive,Bentuk,No,Kesehatan & Kecantikan,No
original pengemasan dan pengiriman standar siiiipplll,unknown,5,Tokopedia,Positive,Bentuk,No,Kesehatan & Kecantikan,No
thankyou madame gie barang sudah sampai dan sesuai pesanan aku suka,unknown,5,Tokopedia,Positive,Bentuk,No,Kesehatan & Kecantikan,No
murah meriah jd lgsg beli ccok nih buat yg bibir nya kering kya aku lumayan buat pelembab bibir ga perlu mahal,unknown,5,Tokopedia,Positive,Harga,No,Kesehatan & Kecantikan,No
seneng bgt nyampe nya cepettttttttt,unknown,5,Tokopedia,Positive,Lainnya,No,Kesehatan & Kecantikan,No
oke barang ny lumayan sesuai dgn harga,unknown,4,Tokopedia,Positive,Harga,No,Kesehatan & Kecantikan,No
salah kirim barang dan sudah dibantu bisa retur namun setelah retur ternyata barang yg dikirim rusak retak isi dalam eye shadow nya ini menunggu utk retur kembali semoga dapat dibantu utk bisa retur kembali,unknown,3,Tokopedia,Neutral,Lainnya,No,Kesehatan & Kecantikan,No
barang tidak sesuai pesanan mohon pendataan barang lebih cermat lagi,unknown,1,Tokopedia,Negative,Bentuk,Yes,Kesehatan & Kecantikan,No
barang tidak sampai hilang di ekspedisi antar aja padahal beli pas harga promo sekarang mau beli lagi udah harga normal huhuu,unknown,4,Tokopedia,Positive,Harga,No,Kesehatan & Kecantikan,No
sedih ga dapet gratisannya padhl yg lainnya pd dapet,unknown,4,Tokopedia,Positive,Harga,No,Kesehatan & Kecantikan,No
yg satu kuasnya diangkat sudah dalam keadaan patah lepas brushnya nyemplung di dalam mohon dicek kembali sblm dikirim,unknown,3,Tokopedia,Neutral,Bentuk,No,Kesehatan & Kecantikan,No
expirednya bentar lagi,unknown,3,Tokopedia,Neutral,Lainnya,No,Kesehatan & Kecantikan,No
pengiriman lamaaaaaaaaaaa banget hampir seminggu,unknown,3,Tokopedia,Neutral,Lainnya,No,Kesehatan & Kecantikan,No
kecewa padahal udah batalkan pesanan karena ada masalah produk tapi masih aja dikirim entah gak mau ribet sama sekali atau admin cuma terima pesanan langsung kemas big no buat sekelas official store poin plusnya produk yg dikirim sesuai dengan yang dipesan,unknown,3,Tokopedia,Neutral,Bentuk,No,Kesehatan & Kecantikan,No
barang sampenya lama box diterima dalam kondisi yang sudah rusak padahal mau buat kado,unknown,2,Tokopedia,Negative,Lainnya,Yes,Kesehatan & Kecantikan,No
status pesanan sudah selesai dati kemarin sore tapi ternyata produknya belum saya terima sampai hari ini,unknown,2,Tokopedia,Negative,Lainnya,No,Kesehatan & Kecantikan,No
barang ga sampai tp pesanan sudah diselesaikan karena otomatis,unknown,1,Tokopedia,Negative,Lainnya,Yes,Kesehatan & Kecantikan,No
kw kirim brg bekas dan rusak serta tdk menerima komplain kapok bgt ga bkl lnja lg dsni,unknown,1,Tokopedia,Negative,Bentuk,Yes,Kesehatan & Kecantikan,No
pesan yg eyeliner putih yg dateng malah yg itemmm hmmmmm tolong lebih teliti,unknown,4,Tokopedia,Positive,Lainnya,No,Kesehatan & Kecantikan,No
jujur kecewa karena yg di kirim bukam choco brown tapi yg di kirim malah sunny gold,unknown,3,Tokopedia,Neutral,Lainnya,No,Kesehatan & Kecantikan,No
pengiriman pertama sudah expired barang diganti baru tp expired nya terlalu mepet jarak bulan ke tanggal expired seharusnya dicek dulu sebelum dikirim ke pembeli,unknown,3,Tokopedia,Neutral,Lainnya,No,Kesehatan & Kecantikan,No
kurang lengkap eyeliner milky white nya tidak ada,unknown,2,Tokopedia,Negative,Lainnya,No,Kesehatan & Kecantikan,No
pesen white silver yg dikirim white red kecewa ga sesuai pesanan,unknown,2,Tokopedia,Negative,Bentuk,Yes,Kesehatan & Kecantikan,Yes
seller tidak bertanggung jawab,unknown,1,Tokopedia,Negative,Lainnya,No,Kesehatan & Kecantikan,No
kalo mau kirim baca note nya dong masa tiga2 nya dikirim warna sama trus fungsinya catatan buat apa,unknown,1,Tokopedia,Negative,Bentuk,No,Kesehatan & Kecantikan,No
orgdapet barang nya bgs tapi saya dapet yg patah,unknown,2,Tokopedia,Negative,Lainnya,No,Kesehatan & Kecantikan,No
raknya pecah packingnya gak ada pengamanan,unknown,2,Tokopedia,Negative,Lainnya,No,Kesehatan & Kecantikan,No
packingnya cuma kardus aja jadi ada bagian laci yg pecah,unknown,2,Tokopedia,Negative,Lainnya,No,Kesehatan & Kecantikan,No
sudah jelas2 pilih varian hitam yg dikirim putih ya kalo toh habis kan bisa di komunikasikan kpda buyer buat apa ada fitur chat jgn asal kirim aja mau komplen juga males ribet,unknown,1,Tokopedia,Negative,Lainnya,No,Kesehatan & Kecantikan,No
di gambar kelihatan besar tapi kenyataannya kecil sekali kaya mainan sampai sekarang bingung untuk makainya buat pakai apa tanggung sekli kecuali buat naro benang mungkin berpungsi nyesel banget telah beli kotak ini,unknown,1,Tokopedia,Negative,Bentuk,No,Kesehatan & Kecantikan,No
pesen warna putih loh yg dateng item,unknown,1,Tokopedia,Negative,Bentuk,No,Kesehatan & Kecantikan,No
diluar expektasi saya benar benar ukuran super mini tidak ada bedanya dengan box kontener yg di pasar yg tingkt cma karena ada space diatas itu saja kelebihanya saya ukur lebarnya cuma sejengkal antar jempol ibu jari dan dan jari tengah benar benar kecil dengan harg lumayan mahal,unknown,1,Tokopedia,Negative,Bentuk,No,Kesehatan & Kecantikan,Yes
di deskripsi produk 10gr tp real yg diterima 8gr,unknown,2,Tokopedia,Negative,Lainnya,No,Kesehatan & Kecantikan,No
tidak sesuai udh belanjaa 300rb an nggak ada free gift yg diberikan tidak sesuai halaman utama,unknown,1,Tokopedia,Negative,Bentuk,Yes,Kesehatan & Kecantikan,No
gak bersegel di packing luar dan dalam produk nya tidak bersegel info dari admin seller setelah chat produk memang tidak bersegel dan info nya di klaim oleh admin penjual original agar di cantum kan di deskripsi agar pembeli jadi tau dan layak jadi pilihan atau tidak nya untuk di kulit wajah nya,unknown,1,Tokopedia,Negative,Bentuk,No,Kesehatan & Kecantikan,No
belum dicoba pengiriman lama,unknown,4,Tokopedia,Positive,Lainnya,No,Kesehatan & Kecantikan,No
awalnya dikirim kurang untung ada video unbox proses komplain nya lama barangnya bagus tp pelayanan tokonya jelek,unknown,3,Tokopedia,Neutral,Bentuk,No,Kesehatan & Kecantikan,No
masalah pada pengiriman seperti biasa,unknown,3,Tokopedia,Neutral,Lainnya,No,Kesehatan & Kecantikan,No
niatnya sihh baik dibonusin creative planting kit tp kayaknya ga dipikirin matang2 ngemasnya gimana biar ga berantakan di dalam box nya alhasil justru barang2 yg dipesen jadi kotor kena tumpahan pasir,unknown,2,Tokopedia,Negative,Bentuk,No,Kesehatan & Kecantikan,No
pesanan udh selesai apaan orang barang tidak di terima sudah ajukan komplain nungguin lama sampe saiki ga dpt barang malah di minta penilaian barang berat deh,unknown,1,Tokopedia,Negative,Bentuk,Yes,Kesehatan & Kecantikan,No
jumlahnya tidak sesuai dgn promonya setelah sy terima dibuka jumlahnya hanya yg seharusnya,unknown,1,Tokopedia,Negative,Bentuk,Yes,Kesehatan & Kecantikan,No
setelah pake masker nya kulit merasa alergi ampe kemerahan lalu membengkak saya bingung harus gimana,unknown,1,Tokopedia,Negative,Rasa,No,Kesehatan & Kecantikan,No
pembelian kedua tapi kali ini kecewa banget segelnya sudah terbuka maskernya crumpled dan karena beli yg hitam jadi ga keliatan apakah ini beneran masker baru atau bukan sudah kotor,unknown,3,Tokopedia,Neutral,Bentuk,No,Kesehatan & Kecantikan,No
banyak masker yg jahitan lemnya lepas,unknown,3,Tokopedia,Neutral,Bentuk,No,Kesehatan & Kecantikan,No
kurang pas di wajah kaya kurang keatas gitu karetnya sakit kelamaan,unknown,3,Tokopedia,Neutral,Bentuk,No,Kesehatan & Kecantikan,No
pesen putih yg sampai hitam giliran sy mau balikin boleh sih ditukar sm yg putih tapi ongkir mereka gak mau tanggung sama jg boong padahal jelas2 mereka blg kesalahan mmg pada mereka,unknown,2,Tokopedia,Negative,Harga,No,Kesehatan & Kecantikan,No
kualitas menurun sambungan bagian tengah mudah sobek,unknown,1,Tokopedia,Negative,Bentuk,No,Kesehatan & Kecantikan,No
ga tau dmn kendalanya tp barangnya sampe ke rumah lama bgt molor 2hr dr estimasi sampai,unknown,3,Tokopedia,Neutral,Lainnya,No,Kesehatan & Kecantikan,No
kemasannya memakai plastik mudah mangap rawan bocor tidak sebanding dengan harganya,unknown,3,Tokopedia,Neutral,Bentuk,No,Kesehatan & Kecantikan,No
pengemasan lambat banget pengiriman lamaaaaaa,unknown,1,Tokopedia,Negative,Lainnya,No,Kesehatan & Kecantikan,No
barang tiba sudah bocor dan botol sudah kosong padahal kardus dan bubble wrap masih utuh jelas tutup botolnya tidak ada segel penjual berdalih kesalahan pada pihak ekspedisi dan harus klaim asuransi saya sudah lengkapi permintaan asuransi upload ktp foto produk video tapi klaim todak disetujui dan dana diteruskan ke penjual sangat kecewa sekelas official store servisnya seperti ini,unknown,1,Tokopedia,Negative,Lainnya,Yes,Kesehatan & Kecantikan,No
packing kardusnyasperti udh di buka gk rapih,unknown,1,Tokopedia,Negative,Bentuk,No,Kesehatan & Kecantikan,No
waktu beberapa bulan yg lalu beli yg twin pack tapi bukan varian yg ini sih tapi itu isinya penuh yg sekarang ini isinya sedikit bgt tepos kyk dikurangin gitu sebelum dikirim dan yg dulu itu masih ada segel plastiknya yg ini enggak parah sih,unknown,2,Tokopedia,Negative,Bentuk,Yes,Kesehatan & Kecantikan,No
padahal barang belum diproses tapi tidak bisa mengajukan pembatalan karena salah barang alhasil tidak cocok dan jerawatan pake produk ini,unknown,2,Tokopedia,Negative,Lainnya,No,Kesehatan & Kecantikan,No
ko ga membantu dalam masalah jerawat malah nambah banyak,unknown,1,Tokopedia,Negative,Lainnya,No,Kesehatan & Kecantikan,No
parah sekali pengiriman barang kurang masih gak percaya sama konsumen malas belanja lagi walaupun dapat hadiah free percuma yg free gak di kirim,unknown,1,Tokopedia,Negative,Bentuk,Yes,Kesehatan & Kecantikan,No
kualitas barang mengecewakan tidak menampakkan nama besar onemed,unknown,2,Tokopedia,Negative,Bentuk,Yes,Kesehatan & Kecantikan,No
pesan box yang disegel plastik hanya buah yang lain tidak ada segel ini apa maksudnya ya kenapa dibedakan seperti ini bagaimana higenitas masker ini,unknown,2,Tokopedia,Negative,Bentuk,No,Kesehatan & Kecantikan,No
talinya ud putus kok dimasukin lagi,unknown,1,Tokopedia,Negative,Lainnya,No,Kesehatan & Kecantikan,No
entah knp skrg proses orderannya lama banget,unknown,1,Tokopedia,Negative,Lainnya,No,Kesehatan & Kecantikan,No
bau nya mengganggu,unknown,3,Tokopedia,Neutral,Rasa,No,Kesehatan & Kecantikan,No
terlalu tipis tidak seperti masker medis yang saya kenal,unknown,3,Tokopedia,Neutral,Bentuk,No,Kesehatan & Kecantikan,No
aromanya aneh tidak seperti lemongrass yg pernah saya beli,unknown,2,Tokopedia,Negative,Rasa,No,Kesehatan & Kecantikan,No
wanginya ga sesuai harapan kaya bau ikan teri,unknown,2,Tokopedia,Negative,Rasa,No,Kesehatan & Kecantikan,No
aromanya bikin pusing dan mual,unknown,1,Tokopedia,Negative,Rasa,No,Kesehatan & Kecantikan,No
wangi amis tdk seperti merk lain,unknown,1,Tokopedia,Negative,Rasa,No,Kesehatan & Kecantikan,No
ga jelas aromanya,unknown,1,Tokopedia,Negative,Rasa,No,Kesehatan & Kecantikan,No
kurang suka wangi lemon grass terasa panas saat terhirup,unknown,3,Tokopedia,Neutral,Rasa,No,Kesehatan & Kecantikan,No
kualitas aroma tidak sesuai ekspektasi,unknown,3,Tokopedia,Neutral,Bentuk,No,Kesehatan & Kecantikan,No
saran saja kepada pihak penjual untuk cek terlebih dahulu barang yg mau dikirim jangan barang yg gak sesuai dikirim makan waktu saja,unknown,1,Tokopedia,Negative,Bentuk,No,Kesehatan & Kecantikan,No
botol pecah pakingnya zonk bgt,unknown,1,Tokopedia,Negative,Lainnya,No,Kesehatan & Kecantikan,No
sudah jelas di foto botol pecah masa barang pecah harus tetap di kirim ke toko nya kalau tidak di kirim tidak akan di ganti barang atau kembali kan uang,unknown,1,Tokopedia,Negative,Lainnya,No,Kesehatan & Kecantikan,No
kecewaaaaaaa botol pecah ngenes bangeett,unknown,1,Tokopedia,Negative,Lainnya,Yes,Kesehatan & Kecantikan,Yes
saya pesan imboost kids syrup tp yg dikirim tablet hisap pengiriman juga sangat lama very negative service,unknown,1,Tokopedia,Negative,Lainnya,No,Kesehatan & Kecantikan,No
kirim barang yg dikirim salah kata maaf pun nggak ada barang lama sudah diterima barang baru kirimnya lama ongkir juga nggak tanggung jawab official store koq pelayanannya kaya begini bikin kecewa banget,unknown,1,Tokopedia,Negative,Harga,Yes,Kesehatan & Kecantikan,Yes
kecewa krn barang di dlm box ketika dibuka sudah pecah botol pecah dibagian bawah sehingga isinya tdk ada yg tersisa,unknown,1,Tokopedia,Negative,Lainnya,Yes,Kesehatan & Kecantikan,Yes
pengiriman lama tidak teliti barang yang dikirim kurang buang2 waktu,unknown,2,Tokopedia,Negative,Lainnya,No,Kesehatan & Kecantikan,No
lambreta lamaa banget ga rekomen mending beli di store lain officialny parah layanannya senin malam order rabu sore baru sampai,unknown,1,Tokopedia,Negative,Lainnya,Yes,Kesehatan & Kecantikan,No
pengiriman lambat sampe sekarang dana saya belum dikembalikan harusnya penjual info kalo barang tdk ada atau uang dikembalikan samoe skr ga diaksi parah,unknown,1,Tokopedia,Negative,Lainnya,Yes,Kesehatan & Kecantikan,No
kalo malas macking daftar tokocabang aja bro biar konsumen puas anda pun gak perlu bayar pegawai untuk handle pengemasan barang packing kok jelek bgt,unknown,3,Tokopedia,Neutral,Harga,No,Kesehatan & Kecantikan,No
seperti biasa pengiriman dan pelayanan lama pdhl officiall store,unknown,3,Tokopedia,Neutral,Lainnya,No,Kesehatan & Kecantikan,No
kok setelah pakai efeknya tdk seperti sy pakai flimty sebelumnya gak tahu ini bukan asli atau kenapa kalau bisa di jawab alasannya knp bisa begitu,unknown,2,Tokopedia,Negative,Bentuk,No,Kesehatan & Kecantikan,No
bau parfum coffeenya kurang enak untuk alat nya banyak baret2,unknown,2,Tokopedia,Negative,Rasa,No,Kesehatan & Kecantikan,No
smart schedule nya ga bisa nyala di aplikasi nya failed terus,unknown,2,Tokopedia,Negative,Lainnya,No,Kesehatan & Kecantikan,No
ga efek buang duit mending beli parfum smprot biasa,unknown,1,Tokopedia,Negative,Lainnya,No,Kesehatan & Kecantikan,No
barang yg dikirim ga ada remote nya ga lg belanja disini toko kurang teliti,unknown,1,Tokopedia,Negative,Lainnya,No,Kesehatan & Kecantikan,No
wangi tidak begitu enak tidak ada isi ulang nya,unknown,2,Tokopedia,Negative,Rasa,No,Kesehatan & Kecantikan,No
perlu hampir minggu buat packing dengan alasan overload minggu loh mingguuuuu,unknown,2,Tokopedia,Negative,Lainnya,No,Kesehatan & Kecantikan,No
wanginya kurang enak,unknown,2,Tokopedia,Negative,Rasa,No,Kesehatan & Kecantikan,No
jujur lumayan kecewa banget dengan claim wangi mint eucalyptus pasti yang kebayang wangi kyk minyak kayu putih gitu tapi pas datang bener2 ga ada wangi mint atau eucalyptusnya atau mmng aku idung ak yang salah cium yang jelas wanginya bikin eneg dan pusing bukan nyegerin kayak minuak kayu putih terus ga dapet free pouch juga,unknown,1,Tokopedia,Negative,Bentuk,Yes,Kesehatan & Kecantikan,Yes
aroma bikin pusing,unknown,1,Tokopedia,Negative,Rasa,No,Kesehatan & Kecantikan,No
aroma nya tipis sekali,unknown,1,Tokopedia,Negative,Rasa,No,Kesehatan & Kecantikan,No
tiap belanja pasti ribut karena sampai lokasi hancur buat pembeli lainnya karena seller tidak mau bertanggung jawab dan menyerahkan pada asuransi spt pd screenshoot jika saat terima uda diraba kemasan hancur kembalikan langsung pada kurir daripada saat dikomplain jawabannya spt pd screenshoot ini asuransi katanya ribetnya tuh klaim asuransi,unknown,1,Tokopedia,Negative,Bentuk,Yes,Kesehatan & Kecantikan,No
ga sesuai pesanan,unknown,1,Tokopedia,Negative,Bentuk,No,Kesehatan & Kecantikan,No
barang diterima kusut packing tidak rapi,unknown,1,Tokopedia,Negative,Bentuk,No,Kesehatan & Kecantikan,No
respon admin buruk benar sprti ulasan yg lain seakan chat dg robot sdh note buat jual mnta packing aman malah dtg penyok2 exp minta lama minimal sprti review yg lain okt eh malah sengaja dikirim experience bulan juli deskripsi mmg bulan juli ketawalah skrg para admin pt bayer nnti pasti dtg saat menangisss,unknown,1,Tokopedia,Negative,Bentuk,Yes,Kesehatan & Kecantikan,No
salep nya di bikin dulu jadi lama baru sampe beli tgl eh tgl baru sampe untung salep doang kalo obat mah keburu mati yg sakit mending beli di toko obat dah,unknown,1,Tokopedia,Negative,Lainnya,Yes,Kesehatan & Kecantikan,No
promo ngawur asa kejar diskon spesial lebih mahal dr promo reguler,unknown,1,Tokopedia,Negative,Harga,No,Kesehatan & Kecantikan,No
respon lama tidak koperatif,unknown,1,Tokopedia,Negative,Lainnya,No,Kesehatan & Kecantikan,No
beli bungkus ada yg bahan plastik pembungkus nya beda dan kebuka sobek,unknown,2,Tokopedia,Negative,Bentuk,No,Kesehatan & Kecantikan,No
kecewa banget waktu datang plastik seal ga rapet dan dialamnya banyak banget semut banyak banget komplain ke penjual malahan ga di tanggep bilangnya ga mungkin ada semut malahan komplain pembeli alasan ini itu mana mungkin sih ga di semutin ini aja goji berrynya ga kering packingnya penuh angin gitu ga seal rapet hey penjual jangan lupa tuh customer service walaupun jualan bisa salah paling ga bisa bilang sorry atau ikut prihatin tapi jangan seperti penjual ini malahan ga peduli begitu parah banget gila jarang mau tulis panjang2 ribet apalagi beli barang yang simple2 gini tapi ini keterlaluan banget ga recommend terakhir mau urusan sama nih toko,unknown,1,Tokopedia,Negative,Bentuk,Yes,Kesehatan & Kecantikan,Yes
isiny hancur akar2ny gingseng hancur jadi sprt barang udah lama,unknown,3,Tokopedia,Neutral,Lainnya,No,Kesehatan & Kecantikan,No
bungkusannya ga kuat pecah,unknown,3,Tokopedia,Neutral,Bentuk,No,Kesehatan & Kecantikan,No
msker tipis biasa aja krg berasa aman tuk saat pndemi mlh lbh ccok yg biasa sy bli pkai mhalll hrganya tuk produk lokal kualitas biasa,unknown,2,Tokopedia,Negative,Bentuk,No,Kesehatan & Kecantikan,No
tipis bener terakhir beli ga setipis ini,unknown,2,Tokopedia,Negative,Bentuk,No,Kesehatan & Kecantikan,No
bahannya berbeda dengan yg dulu dulu dalam putih sekarang tidak jadi panas kasar dan gatal gamau beli lg disini nyesel kualitas dah turun beda jauh,unknown,1,Tokopedia,Negative,Bentuk,Yes,Kesehatan & Kecantikan,No
kualitas tali jelek masker nya cukup tipis dengan harga lumayan mahal agak ga worth it aja,unknown,1,Tokopedia,Negative,Harga,No,Kesehatan & Kecantikan,No
tipis banget dan talinya beneran sekendor itu tapi tali ga masalah si yang penting ketebalannua ini sama aja tebelnya kaya masker yg wrna biru ijo itu awalnya baca komen ga percaya soalnya evo lumayan mereknya ternyata beneran tipis bngt,unknown,1,Tokopedia,Negative,Bentuk,No,Kesehatan & Kecantikan,No
kali ini belanja disini sangat mengecewakan free ongkir biasanya dikirim dng si cepat reguler tapi kali ini dikirimnya dengan si cepat halu kardus penyok terbuka berantakan sangat buruk dan jenis delivery tidak sesuai dengan yg ada diaplikasi,unknown,1,Tokopedia,Negative,Bentuk,Yes,Kesehatan & Kecantikan,No
tipis agak kaku jadi dipakai kurang nyaman,unknown,3,Tokopedia,Neutral,Bentuk,No,Kesehatan & Kecantikan,No
saya sungguh kecewa dg membeli masker produk ini krn isinya yh seharusnya dos pieces ternyata ada pieces masker tdk ada talinya shg tdk bisa digunakan sebagaimana mestinya mohon perhatiannya tks,unknown,2,Tokopedia,Negative,Lainnya,Yes,Kesehatan & Kecantikan,Yes
box tidak disegel dan masker di dlmnya tidak dibungkus plastik jadi ragu apakah maskernya higienis dan steril,unknown,2,Tokopedia,Negative,Bentuk,No,Kesehatan & Kecantikan,No
dusnya robek dan terbuka kemasannyaa,unknown,3,Tokopedia,Neutral,Bentuk,No,Kesehatan & Kecantikan,No
jujur sy ragu dalam box tidak ada plastik masih kalah sama yg di bwh sensi ya lebih ke higienisnya sih,unknown,3,Tokopedia,Neutral,Bentuk,No,Kesehatan & Kecantikan,No
kecewa karna pesen barangnya yg hitam tapi dikirim nya yg masker medis karet warna hijau kok ngga bener gitu ya pelayanannya ckckck,unknown,1,Tokopedia,Negative,Bentuk,Yes,Kesehatan & Kecantikan,Yes
penjual sama sekali tdk memperhatikan catatan pembeli malahan menyalahkan pembeli,unknown,1,Tokopedia,Negative,Bentuk,No,Kesehatan & Kecantikan,No
warna kuning hanya samar2 jadi spt warna putih saja kecewa tdk spt gambar dikotak,unknown,3,Tokopedia,Neutral,Bentuk,No,Kesehatan & Kecantikan,No
terlalu tipis tali earloop longgar,unknown,2,Tokopedia,Negative,Bentuk,No,Kesehatan & Kecantikan,No
masker tertipis yang pernah saya beli,unknown,2,Tokopedia,Negative,Bentuk,No,Kesehatan & Kecantikan,No
wangi tapi bukan wangi peppermint tidak sesuai pesanan apalagi sdh beli botol,unknown,2,Tokopedia,Negative,Bentuk,Yes,Kesehatan & Kecantikan,No
cairan ini ga cocok untuk xiaomi f600 hancur diffuser nya rupanya cairan ini mengandung oil yg buat korosi material f600 dan garansi diffuser nya pun jd void parah ah,unknown,1,Tokopedia,Negative,Bentuk,Yes,Kesehatan & Kecantikan,No
wanginya bikin enek dan pusing,unknown,3,Tokopedia,Neutral,Rasa,No,Kesehatan & Kecantikan,No
salah kirim barang tidak sesuai diskripsi,unknown,2,Tokopedia,Negative,Bentuk,Yes,Kesehatan & Kecantikan,No
barang tidak sesuai dikasih masker yang lebih murah hrganya,unknown,1,Tokopedia,Negative,Bentuk,Yes,Kesehatan & Kecantikan,No
proses dan pengiriman lama gak recomended buat yg ingin cepat dapat vitamin di masa pandemic kaya skrg,unknown,2,Tokopedia,Negative,Lainnya,No,Kesehatan & Kecantikan,No
pengiriman lama padahal butuh urgent,unknown,2,Tokopedia,Negative,Lainnya,No,Kesehatan & Kecantikan,No
kurang teliti kirain produk asli ex aussie ternyata ex kalbe kemasan label merk sama bikin misleading gak worth it 330rb per pcs pdhal ex import 350rb per 150pcs gak recommend,unknown,2,Tokopedia,Negative,Bentuk,No,Kesehatan & Kecantikan,No
jangan lagi deh beli disini udah minta pembatalan karena mau ganti alamat tapi hebatnya seller bisa menolak pembatalan secara sepihak tanpa konfirmasi,unknown,1,Tokopedia,Negative,Lainnya,No,Kesehatan & Kecantikan,No
pelayanan sangat2 buruk sekali sangat tdk menghargai customer jd males belanja lg disini,unknown,1,Tokopedia,Negative,Harga,Yes,Kesehatan & Kecantikan,No
proses pengiriman lambat banget dan balasan chat lambat bangeeet juga minta cancel gak bisa,unknown,1,Tokopedia,Negative,Lainnya,No,Kesehatan & Kecantikan,No
super kecewa botolnya pecah sampe bikin tangan luka chat penjual katanya salah kurir bikin komplain susah krn ga divideoin kl liat packingnya cm pake bubble wrap tipis wajar kl pecah krn di dlm kotak agak longgar krn cm ngandelin bubble wrap dikit aja kappk lah belanja disini lg terpaksa nyari toko lain ato merk lain utk kebutuhan vitamin,unknown,1,Tokopedia,Negative,Bentuk,Yes,Kesehatan & Kecantikan,Yes
kali ini saya kecewa dengan program promonya yang kurang jelas bagi saya sehingga saya terjebak solusi atas keluhan juga mengecewakan,unknown,2,Tokopedia,Negative,Harga,Yes,Kesehatan & Kecantikan,Yes
promo yang ditawarkan marketing s3 payah alibinya free gimmick hanya berlaku pada toko di wilayah tangerang sedangkan barang yang di tawarkan di toko tangerang tidak ada free gimmick tersebut tapi kenapa dicantumkan di toko cabang aneh sekali,unknown,2,Tokopedia,Negative,Harga,No,Kesehatan & Kecantikan,No
uda biasa blanja di abbot baru kali ini dateng penyok semua ga tau ini promo gara2 emang abisin stok penyok atau toko cabangnya yg bermasalah yg uda pasti ngga bakal belanja lagi di toko cabang d,unknown,2,Tokopedia,Negative,Harga,No,Kesehatan & Kecantikan,No
ga ada hadiahnya saya baca pembeli lain dari beberapa bulan lalu pun banyak yang kecewa promo hadiah harusnya lebih jelas supaya tidak mengecewakan,unknown,2,Tokopedia,Negative,Harga,Yes,Kesehatan & Kecantikan,Yes
pdhl beli tanggla bilang ada souvenir ternyata dtg cm susu nya doank aaa payah,unknown,2,Tokopedia,Negative,Lainnya,No,Kesehatan & Kecantikan,No
packagingnya payah saya pesan kaleng yg satu pecah dan tidak mau diganti csnya minta bukti foto dan video sudah saya kirimkan tapi tetap minta terus dan akhirnya mereka menyudahi komplain saya secara sepihak,unknown,1,Tokopedia,Negative,Bentuk,Yes,Kesehatan & Kecantikan,No
sngt mengecewakn berhrap dpt hadiahnya ternyata tdk ada sblm belanja sy chat ke pusat ternyata dikirimnya dri kantor cabang sy tahu nya bhw sy belanja nya di off store bukan dri cabang pengirimn dri kntr cabang tdk ada promo hadiah jdi yg mau beli produk susu jk di etalase ada hadiahnya tanykn sejelas2nya dikirim nya drmn kt sebgai konsumen harus jg kritis biarlah hnya sy yg kecewa jgn ikut yg lainnya yg sdh langgann minum susu ini tetap sehat,unknown,1,Tokopedia,Negative,Harga,Yes,Kesehatan & Kecantikan,Yes
tidak dapat hadiah dan tidak di info kalau hadiahnya tidak ada mengecewakan tidak sesuai dgn poto,unknown,1,Tokopedia,Negative,Bentuk,Yes,Kesehatan & Kecantikan,No
barang tidak sesuai,unknown,2,Tokopedia,Negative,Bentuk,Yes,Kesehatan & Kecantikan,No
sangat kecewa produk terkesan sudah dipacking ulang lembaran dan berat tidak sesuai dengan yang seharusnya,unknown,1,Tokopedia,Negative,Bentuk,Yes,Kesehatan & Kecantikan,No
beli tgl dikirim tgl lelet mana free buku gambar ga dikasih klo ga ada bilang bro jgn diem aja udah beli no free sama sekali jgn beli disini lg,unknown,1,Tokopedia,Negative,Bentuk,No,Kesehatan & Kecantikan,No
pesan dikasih ar colouring book nya cuma dan lg diganti ludo pengemasan paket sangat buruk hadiahnya di tekuk2,unknown,1,Tokopedia,Negative,Lainnya,Yes,Kesehatan & Kecantikan,No
kecewa hadiahnya tdk dtg sesuai info dan tdk dikbrin jg tdk ada,unknown,1,Tokopedia,Negative,Bentuk,Yes,Kesehatan & Kecantikan,Yes
tapi ga dapat bonusnya huhu,unknown,3,Tokopedia,Neutral,Lainnya,No,Kesehatan & Kecantikan,No
tdk dpt hadiah,unknown,3,Tokopedia,Neutral,Lainnya,No,Kesehatan & Kecantikan,No
maaf saya kasih bintang karena paketnya tidak sampai ke saya langsung sempat nyasar ke tempat lain karena penerimanya sama dengan nama saya untungnya penerimanya langsung menghubungi saya tapi pas saya ambil ternyata isi nya cuma box sesuai foto padahal saya pesan box si penerima mengaku tidak mengambil box sisanya alamat bisa tidak sampai ke saya karena label alamatnya tidak dibungkus pakai lakban kertas bening jadinya berdebu kena air bisa pudar kan,unknown,1,Tokopedia,Negative,Bentuk,Yes,Kesehatan & Kecantikan,No
konsumen ga dianggap attitude merupakan hal pokok dan semestinya tetap dinomorsatukan,unknown,1,Tokopedia,Negative,Lainnya,No,Kesehatan & Kecantikan,No
layanan seller sangat jelektidak ada pemberitahuan di deskripsi toko atau di deskripsi produk kalau order diatas jam di proses besok karena alasan overload penjual telat memproses order konsumen tidak mungkin memahami kasus overload seharusnya kalau overload produk tidak di munculkan atau toko stop terima orderan jangan konsumen jadi korban overload sellersaya order dengan ongkir reguler tapi hasilnya sama dengan free ongkir ini namanya bentuk penipuan ke konsumentokopedia sebagai platform harusnya berhati hati dengan seller yang tidak memberikan pelayanan terbaik,unknown,1,Tokopedia,Negative,Bentuk,Yes,Kesehatan & Kecantikan,Yes
pengemasan lama pengiriman lama sekali bangett pelayanan buruk admin burukk barang penyokk,unknown,1,Tokopedia,Negative,Lainnya,Yes,Kesehatan & Kecantikan,No
ternyata blackmores nya lengket tidak bisa dikonsumsi parah bangettt walaupun dalam keadaan tersegel dalemnya lengket2 semua sudah kapsulnya tidak bisa dikeluarkan boro2 dikonsumsi dicongkel pake garpu garpunya yg bengkok,unknown,1,Tokopedia,Negative,Lainnya,Yes,Kesehatan & Kecantikan,No
kualitas produk diragukan dan sudah komplain tapi jawaban kurang membantu,unknown,1,Tokopedia,Negative,Bentuk,Yes,Kesehatan & Kecantikan,No
pengiriman lambat sekali sangat mengecewakan ada pilihan pengiriman next day yg berarti pesanan akan sampai h setelah pembayaran dilakukan tapi baru sampai hari itupun karena berkali kali dikomplain melalui whatsapp dan kolom chat di tokopedia,unknown,1,Tokopedia,Negative,Harga,Yes,Kesehatan & Kecantikan,No
toko tidak mengirim2kan barang smpai gagal pickup 3x entah apa yg membuat kendala toko admin toko sangat tidak profesional entah mmg pada gak bener saya jg tdk tahu yang jelas semua berbelit2 dan gak jelas pesan hari minggu dikirim hari rabu ini toko official store tapi sepertinya perlu dipertimbangkan lagi krna pelayanan sangat tidak baik sepertinya para pekerjanya yg gk bener bungkus juga cm kardus doang tanpa dilapis apapun,unknown,1,Tokopedia,Negative,Lainnya,Yes,Kesehatan & Kecantikan,No
kondisi barang agak kotor sulit dibersihkan,unknown,2,Tokopedia,Negative,Bentuk,No,Perabotan,No
saat diterima kotak sudah kebuka ada botol yang gak ada tutupnya,unknown,2,Tokopedia,Negative,Lainnya,No,Perabotan,No
diterima dalam keadaan dus terbuka biasanya dus nya rapih tebel di packing bagus sekarang diterima dalam keadaan dus kebuka sobek dan penyok dapet bonus tp lecek kelipet karna packing ga niat di untel2 sama barang nya kaya ga niat ngasih jd ga berguna bonus nya padahal bagus,unknown,1,Tokopedia,Negative,Bentuk,No,Perabotan,Yes
udah di notes jangan pake solatip lakban kaleng nya jadi rusak krn nempel2 bekas selotipnya jd gak enak di pegang nya pas nyemprot belajar dr request costumerlah,unknown,3,Tokopedia,Neutral,Rasa,No,Perabotan,No
alat pelnya bagus tp dr barang yg saya pesan cm dikirim item alat pel aja jepitan jemurannya gak dikirim padahal di innvoicenya ditulis items dan trnyt penjualnya malah kasar yah pake ngancem kl ksh bintang mrk tdk akan bantu ngecek ke bagian pengiriman,unknown,1,Tokopedia,Negative,Bentuk,No,Perabotan,Yes
barang yg dikirim beda jauh jepitan jemuran hilang udh uang sy gak kembali,unknown,1,Tokopedia,Negative,Lainnya,Yes,Perabotan,No
mudah n awet tp kainnya kurang nyerap kalo di lantai granit masih ninggalin bekas,unknown,3,Tokopedia,Neutral,Bentuk,No,Perabotan,No
sory harus kasih bintang krna pengiriman salah sampai kali kirim sebaiknya diperhatikan lagi bagian pengirimannya,unknown,2,Tokopedia,Negative,Lainnya,No,Perabotan,No
seller sih ok pengiriman cepat barang import mungkin waktu cek produksi kurang teliti kepala sapu sering lepas karena tidak bisa terkait sempurna mau saya coba lem nanti,unknown,2,Tokopedia,Negative,Bentuk,No,Perabotan,No
barang tidak di dobel bungkus dengan plastik atau bubble wrap sehingga hancur saat diterima beruntung isinya masih lengkap namun besi nya penyok,unknown,3,Tokopedia,Neutral,Bentuk,No,Perabotan,No
barang tidak lengkap packing asal asalan sdh chat katanya kekurangannya mau dikirim ternyata cuma janji barang kurang bagus,unknown,2,Tokopedia,Negative,Bentuk,No,Perabotan,No
baiknya sblm dikirimkan di cek dulu karena ada part yang hilang jadi tidak bisa berfungsi seller nawarin untuk tukar barang tapi ongkir ke bali sama aja kayak beli baru,unknown,3,Tokopedia,Neutral,Harga,No,Perabotan,No
raknya letoy bgt kalo naro sepatu lebih dari pasang takut roboh kirain kuat ternyata letoy bgt,unknown,2,Tokopedia,Negative,Bentuk,No,Perabotan,No
bahan sangat mudah bengkok pdhl hanya sepatu sambungan mudah lepas,unknown,3,Tokopedia,Neutral,Bentuk,No,Perabotan,No
bahan kulitnya panas kursi kurang empuk standar aj,unknown,3,Tokopedia,Neutral,Bentuk,No,Perabotan,No
ada harga ada kualitas maaf terlalu rentan bahan nya ga bisa dipasang ring perasan nya,unknown,2,Tokopedia,Negative,Bentuk,No,Perabotan,No
warnanya lucu kecil dan ringan tp jd keliatan ga kokoh kayak mudah rusak barang datangnya kayak ga baru banyak yg lecet di body embernya tangkainya mesti di wrapping biar ga gesek ke body ember,unknown,2,Tokopedia,Negative,Bentuk,Yes,Perabotan,No
tidak ada lapisan pelindung sama sekali entah itu plastik ataupun wraping dus yg diterima dalam keadaan penyok ember banyak lecet pengiriman sangat lama dari hari minggu sampe nya hari rabu padahal masih sama jakarta padahal beli nya di toko official resmi lebih bagus beli di toko yg biasa sebelumnya saya beli ditoko yg biasa buat hadiah hari sampe harga lebih murah packing bagus ini toko resmi malah hancur mana buat hadiah lagi tutup aja tokonya,unknown,1,Tokopedia,Negative,Bentuk,Yes,Perabotan,Yes
katanya bisa ditempel ditembok tapi tempelannya kotor banget udh dicuci jg tetep kotor jadi gak melekat sama sekali sangat disayangkan karna harga nya lumayan mahal utk yg kualitas yg seperti ini,unknown,1,Tokopedia,Negative,Bentuk,No,Perabotan,No
ternyata setelah mau dipakai baru ngeh kalau boxnya yg dikirim bagian engsel belakang pecah payah deh qcnya tdk melihat klo ada yg pecah,unknown,1,Tokopedia,Negative,Lainnya,No,Perabotan,No
kunci bagian depan kendur alias tidak kencang dan respon seller sangat tidak memuaskan,unknown,2,Tokopedia,Negative,Lainnya,No,Perabotan,No
kecewa beli tempat masker pcs yg dtg cuma karna ga ada video unboxing hanya foto saja jd ga bisa diklaim lumayan ambil untung lebih dr yg ga bikin video unboxing ya ka harusnya teliti sebelum mengirim,unknown,1,Tokopedia,Negative,Lainnya,Yes,Perabotan,Yes
kurang responsif barang sampai tidak lengkap ada tulisan refund komplain hanya disuruh bersabar ditunggu sampai hari itikad baik tidak ada juga pengembalian dana nya,unknown,1,Tokopedia,Negative,Lainnya,Yes,Perabotan,No
bentuknya bagus cuman g nyimpen memory kalau mati listrik atau abis batre mesti setting ulang jam tanggal alarm dll,unknown,2,Tokopedia,Negative,Bentuk,Yes,Perabotan,Yes
belum sebulan pemakaian lampu pada jam dan indikatornya sudah mati dan tidak berfungsi lagi padahal jam tidak pernah jatuh atau terkena percikan air sebelum mati jam hanya bisa menyala paling lama hari setelah batre dicas penuh jadi tidak sesuai dengan iklannya yg bisa bertahan belasan hari,unknown,2,Tokopedia,Negative,Bentuk,Yes,Perabotan,No
pesen hitam dikirim putih parah mau direturn ngga keburu soalnya barang tsb buat kado ultah hr ini makanya saya pake same day padahal sdh sy ingatkan loh tolong dicheck dulu sebelum dikirim,unknown,1,Tokopedia,Negative,Lainnya,Yes,Perabotan,No
awalnya saya memberikan rating bagus karena pada pertama kali diffuser menyala dengan baik saya menerima produk tanggal februari dan langsung saya coba hasilnya bagus lalu saya ikuti petunjuk mematikan dan pembersihannya produk ini saya nyalakan kembali hari ini tanggal februari kedua kali mist sudah tidak keluar dan tombol on tidak menyala saya mengajukan komplain di chat dan balasan dari pihak uchii mengatakan produk yang sudah lebih dari hari tidak dapat dikomplain sangat disayangkan karena ini produk elektronik jawaban lainnya dari pihak uchii juga sangat tidak proffesional apakah karena saya membeli pada saat diskon lalu dikirimkan produk yang sudah rusak harusnya lebih bertanggung jawab kalau tidak ada penggantian minimal perbaikan,unknown,1,Tokopedia,Negative,Harga,Yes,Perabotan,Yes
gak ngerti model kardusnya kyk apa ada tanduknya tp kotaknya gak disesuaikan kardusnya sampai bolong tanduknya patah pdhl bubble warpnya udh bnyk bngt jd kardus kemasannya yg gak diperuntukan utk barangnya better dikeluarkan packing kardus ulang biar aman,unknown,3,Tokopedia,Neutral,Bentuk,No,Perabotan,No
beli barang yg dikirim beda tinggi tdk sesuai pulak pdhl sdh klik ukuran dan hrg nya pun mahal jd penjual yg jujur lah biar hslnya pun berkah,unknown,2,Tokopedia,Negative,Bentuk,No,Perabotan,No
kurang cm sih dari pesanan panjang sebelah sama agak kurang rapi jahitan bawahnya diperbaiki lagi kedepannya thanx,unknown,3,Tokopedia,Neutral,Bentuk,No,Perabotan,No
review barang kualitas bahannya cukup bagus tapi gak empuk gmn jg sih kalo duduk lama pantat pun masih terasa panas review penjual pesan sabtu siang hr rabu dpnnya baru dikirim pdhal butuh cepat buat yg lagi sakit maaf ya gak bs kasih bintang,unknown,2,Tokopedia,Negative,Bentuk,No,Perabotan,Yes
beli pertama warna biru packing hanya plastik hitam kurir instant datang2 lemas katanya paket sempat jatuh dan terseret sedikit plastik dan bantal sobek kurir beratnggung jawab dan pesankan lagi warna hitam pakai toko online lain hari ini tiba sama aja cuma dimasukkan plastik kresek padahal bukan instant dan setelah dibuka ada sobek pada sarung bantalnya boleh sedikit usaha bungkus agak tebalan lah pakai bubble wrap murah kok kalau yang pertama pakai bubble wrap pasti ngga akan sobek plastik dan sarung bantalnya barang lumayan karena pelit packing ya beginilah,unknown,2,Tokopedia,Negative,Bentuk,No,Perabotan,No
sayang banget tidak bisa ditukar resleting rusak negative quality maaf saya kecewa,unknown,1,Tokopedia,Negative,Lainnya,Yes,Perabotan,Yes
koper penyok dari awal sdh pengen nambah bubble dus soalnya pengiriman luar jabodetabek smoga jd evaluasi seller,unknown,3,Tokopedia,Neutral,Lainnya,No,Perabotan,No
seller responsif packing aman pengiriman cepat sayangnya barang tidak dicek dgn teliti sebelum di kirim ke pembeli sehingga tidak sadar akan ada cacat produk keinginan saya utk retur barang akan tetapi dikarenakan hari jumat saya harus pakai barangnya maka tidak saya retur,unknown,3,Tokopedia,Neutral,Rasa,No,Perabotan,No
barang ngga sesuai minta warna hitam yg dikirim warna biru pas chat tulisannya all ready stock ujung2nya bilang barang yg diinginkan habis lalu main kirim yang tidak sesuai dgn permintaan,unknown,1,Tokopedia,Negative,Bentuk,Yes,Perabotan,No
saya beli tapi dua nya gk bisa digunakan di colokan dirumah saya sudah sy coba di colokan yg berbeda tapi tetap tidak bisa masuk,unknown,3,Tokopedia,Neutral,Bentuk,No,Perabotan,No
harga terjangkau tetapi ada dua adaptor yg tidak bisa berfungsi tidak ada power sama sekali setelah di cek engineering saya jg sama sekali tidak bisa di betulkan please check properly before you sent the packages and make sure all the item works,unknown,2,Tokopedia,Negative,Harga,No,Perabotan,No
datang dlm keadaan gagang bengkok pecah gak niat banget packingnya minimal digulung pakai kardus bekas lah biar gak rusak produknya belanja di official store kok seperti belanja di toko biasa gak sempat difoto barang langsung dibuang masuk tempat sampah sebagus apapun produk yg dibuat kalau pengiriman dan packing tidak aman tdk ada gunanya,unknown,1,Tokopedia,Negative,Bentuk,Yes,Perabotan,Yes
kecewa order disini beli produk kenmaster tapi yg dikirim label yang berbeda dengan foto di etalase produk bulu tipis dan ternyata gagang tidak bisa diperpanjang pula,unknown,1,Tokopedia,Negative,Bentuk,Yes,Perabotan,Yes
pengiriman cepat namun saya baru sempat susun dua minggu setelah barang sampai tapi ternyata cube kurang sekitar piece cube polos jadinya lemarinya tidak kokoh berharap penjual bisa mengirim part ke kuranganya supaya saya perbaiki bintangnya ketika barang berudi terima saran saya harus ada tabel verifikasi jumlah part dan asesoris nya di sini tidak ada cara pasang tidak di berikan dengan jelas jika ini merek resmi bisa di komplain ke lembaga perlindungan konsumen indonesia,unknown,1,Tokopedia,Negative,Bentuk,Yes,Perabotan,No
agak kecewa sih di gambar bisa tarok tas aslinya mleot klu beban berat gantungan baju nggak bisa lah kecuali gantungan ukuran kecil bahan nya tipis tp gitu lah,unknown,2,Tokopedia,Negative,Bentuk,Yes,Perabotan,No
penguncinya kurang baris cuma muat baris saja baris setelah gak ada penguncinya jadi gak kepake yng baris sisanya kardus padahal utuh kayaknya kurang lengkap pas nyiapkan kadung klik tetima mohon lain kali di cek teliti sebelum kirim,unknown,3,Tokopedia,Neutral,Bentuk,No,Perabotan,No
datang barang bagian samping agak bonyok dan terbuka pas bongkar beberapa sekat ada yg terkelupas terkena gesekan entah karena apa ada juga satu sekat yang tidak rapi pada bagian press resin nya untuk sekat bagian depannya ada yg penyok pada bagian resinnya semoga kedepannya bisa di check lagi quality controlnya di tingkatkan,unknown,3,Tokopedia,Neutral,Bentuk,No,Perabotan,No
bahan tipis penyok2 karena packing yg ga jelas padahal udah sengaja peser kerdus ternyata di kirim cuma selembar dan ga guna,unknown,1,Tokopedia,Negative,Bentuk,No,Perabotan,No
kotak tidak dapat dirakit bahan terlalu tipis dan ada bagian yang patah ketika diterima krn packing tdk baik saya tdk komplain krn unt un boxing barang murah hanya wasting time bulan ini saya belanja item tiap barang un boxing waduh repot,unknown,1,Tokopedia,Negative,Bentuk,Yes,Perabotan,No
dari kaca plastik yang saya pesan rusak itu berarti barang yang saya terima adalah barang cacat toko ini tidak bisa dipercaya dan hanya menawarkan ganti rugi sebesar ribu per item barang rusak atau sekitar dari harga beli saja itupun melalui proses yang berbelit belit jadilah toko yang bisa dipercaya,unknown,1,Tokopedia,Negative,Bentuk,Yes,Perabotan,No
barang tidak sesuai dgn yg di gambar bukan plastik keras dan sepertinya tidak bisa utk menumpuk sepatu bingung cara merakitnya plastiknya mudah meleyot sangat tidak puas,unknown,1,Tokopedia,Negative,Bentuk,Yes,Perabotan,No
sudah kuduga kalau beli banyak pasti ada beberapa yang barangnya dikasih dalam kondisi cacat dan ternyata beneran dong wkwk yang pecah malah barang di urutan ke dari total item yang saya order kualitas barang ternyata hanya plastik tipis tidak sesuai perkiraan saya karena yang ditampilkan toko hanya tampilan depan saja overall i wouldn t recommend this to y all,unknown,1,Tokopedia,Negative,Bentuk,Yes,Perabotan,No
tidak ada outer box fastener padahal sudah di note untuk dipastikan ke komponen lengkap barang sudah banyak goresan segel kertas sobek padahal rencana mau pesen banyak buat souvenir,unknown,2,Tokopedia,Negative,Bentuk,No,Perabotan,No
barang terlihat murahan sangat keset dan sulit saat ingin membuka payung maupun menutup payung nyesel deh beli,unknown,2,Tokopedia,Negative,Harga,No,Perabotan,No
kecewa barang gak sampe toko nya gak mau tanggung jawab dan respon nya lama bgt bener bener kecewa jgn beli disini lagi untuk kalian yang baca komen ini respon nya lama bgt dari delivery nya juga kacau nyasarin barang dan gak mau tanggung jawab beli barang tapi barangnya gak sampe bener bener kecewa,unknown,1,Tokopedia,Negative,Bentuk,Yes,Perabotan,Yes
warna yang datang tidak sesuai pesanan walaupun sudah menulis catatan cancel kalau warna pilihan memang tidak ada,unknown,3,Tokopedia,Neutral,Bentuk,No,Perabotan,No
pesan lampu bubble wrap tp bubble wrapnya dijadikan untuk pelanggan lain mungkin pesan bubble wrapnya saja,unknown,1,Tokopedia,Negative,Lainnya,No,Perabotan,No
sedikit masukan klw utk buble warp agar bagian dalam juga di bungkus jika ada pemesanan brg yg dibungkus bersamaan dgn lampun yg mudah pecah terima kasih,unknown,3,Tokopedia,Neutral,Bentuk,No,Perabotan,No
barang sampai dengan selamat cuman packing aja yg kurang nambah buble tapi buble nya dikit banget sama aja kaya packing biasa,unknown,3,Tokopedia,Neutral,Bentuk,No,Perabotan,No
kebanyakan panjual yang tokonya sudah diamon barang yang di kirim tidak di cek kondiri barang masih berfungsi apa tidak ini barang di kirim tidak berfungsi pas di buka tali perekat sudah putus sama aja jual sampah buat buyer yang lain mohon jangan di beli di toko ini saya dan anda pasti sangat kecewa jangan pernah order di toko ini barang sampah buang buang waktu dan uang aja mending kalau barang berfungsi tapi ini sama sekali rusak tidak bisa di pakai,unknown,1,Tokopedia,Negative,Bentuk,Yes,Perabotan,No
bintang satu ya chargernya patah gak bisa digunakan akhirnya harus cari charger lain charger nya ada di dalam alatnya jadi jelas bukan kesalahan pengiriman,unknown,1,Tokopedia,Negative,Lainnya,No,Perabotan,No
satu dr humidifier diffuser yg sy beli saat saya mulai pasang hari ini di kantor setelah bbrp saat mengeluarkan bunyi yg luarbiasa brisik waduh sy shock dan kecewa bngt while produk lainnya type sama works well butuh kebesaran hati penjual utk menukar item yg tdk sesuai spec ini,unknown,1,Tokopedia,Negative,Bentuk,Yes,Perabotan,Yes
barang cuma bs dipakai seminggu uap nya gk muncul lagi kecewa banget jadi gk bs diapa2in buat yg lain jgn karna murah beli ya barang cm tahan seminggu,unknown,1,Tokopedia,Negative,Harga,Yes,Perabotan,Yes
dapet yang error nilai ppm kebaca dalam ribuan kualitasnya jeles banget gak dicek dulu sebelum dikirim kecewa dan gak akan beli lagi disini,unknown,1,Tokopedia,Negative,Bentuk,Yes,Perabotan,No
parah bener gan barangnya melenceng jauh dari alat yg merk lain tempat baterai sudah berkarat karena murah jadi ya masih cukup kl bintang no komplain mahal di ongkir baliknya anggep saja apes,unknown,2,Tokopedia,Negative,Harga,Yes,Perabotan,No
jangan tergoda harga murah ternyata tidak sesuai antara barang dengan deskripsi deskripsi tertulis paket termasuk sarung kulit ternyata tidak ada seller hanya meminta pengiriman kembali barangnya tanpa ada permintaan maaf dan proses penyelesaiannya membutuhkan waktu dan biaya lagi sehingga tidak saya kembalikan menyesal beli disini,unknown,1,Tokopedia,Negative,Harga,Yes,Perabotan,No
kualitas gunting kurang bagus krn gunting rumputnya tdk tajam itu disebabkan krn antara bilah gunting nya tdk rapat sehingga ada celah yg mengakibatkan guntingan g maksimal utk penjual responsif tp barang kurang memuaskan,unknown,2,Tokopedia,Negative,Bentuk,No,Perabotan,No
berat ngga tajam buat potong daun aja ngga bisa,unknown,2,Tokopedia,Negative,Bentuk,No,Perabotan,No
pengiriman cepat tapi ga tajam sama skali bahkan untuk ranting kecil sekalipun butuh tenaga lumayan saat digunting,unknown,3,Tokopedia,Neutral,Bentuk,No,Perabotan,No
barang tidak sesuai gambar bukan original kaitan plastik semua di gambar kaitan stenless besi,unknown,2,Tokopedia,Negative,Bentuk,Yes,Perabotan,No
buckle pengaitnya ga kuat percuma jadi strap,unknown,3,Tokopedia,Neutral,Bentuk,No,Perabotan,No
pesen yg besar sama yg kecil warna putih yg kecil warnanya kusem cenderung warna kuning kaya plastik murah beda ga kaya saya pertamakali pesen di sini terus tipis banget,unknown,1,Tokopedia,Negative,Bentuk,No,Perabotan,No
pengepakannya kurang saveti sehingga barang di terima dalam keadaan rusak pecah dan retak jd tidak mungkin bisa terpakai,unknown,1,Tokopedia,Negative,Lainnya,Yes,Perabotan,No
diterima dalam keadaan packing terbuka dan terlihat sudah pecah komplain tapi harus kembaliin barang malah ribet dan jadi repot sendiri,unknown,2,Tokopedia,Negative,Lainnya,Yes,Perabotan,No
produk ada yang cacat bolong dari pabriknya pengemasan kurang aman barang ada yang pecah karena bantingan benturan,unknown,3,Tokopedia,Neutral,Lainnya,No,Perabotan,No
ini pembelian saya yg kedua pmbelian yg sbelumnya potnya semua bagus yg kedua ni saya beli pot dan kyk ada bekas tembelan plastik retak saya beli dan semuanya sprti ini,unknown,3,Tokopedia,Neutral,Bentuk,No,Perabotan,No
barang kurang mulus beli dua dua duanya ada sobekan di bantal bagian belakang,unknown,2,Tokopedia,Negative,Lainnya,No,Perabotan,No
barang dibungkus pakai bubblewarp trs pecah gatau dari jasa kirimnya atau pengemasannya selain itu jasa kirimnya lama bgt asli lumayan kecewa,unknown,3,Tokopedia,Neutral,Bentuk,No,Perabotan,No
pesannya warna putih datengnya abu2 ini sudah kedua kalinya yg pertama saya balikin ke gudang sarinah trs ternyata warna putih nggak ada jadi saya di refund uang yg kedua pesen lg warna putih datengnya abu2 tp ya sudah lah saya sudah lelah,unknown,2,Tokopedia,Negative,Bentuk,Yes,Perabotan,No
pecah gagang seller ga mau tanggung jawab sampe akhirnya tokopedia yang memutuskan bisa direfund,unknown,1,Tokopedia,Negative,Lainnya,Yes,Perabotan,No
duh kok ga belajar dr pengalaman ya banyak yg complain datangnya dalam keadaan retak sy kira sudah diperbaiki pelayanannya,unknown,1,Tokopedia,Negative,Lainnya,No,Perabotan,No
pembelian kesekian kalinya dan biasanya dikemas pake kardus tapi yang dikirim cuma pake bubble wrap dan pecah lagi ajukan barang rusak katanya bukan kesalahan toko tapi pas dicek masa patahannya serpihannya kurang saya coba satuin tapi ada bagian yang memang ngak ada apa di pengiriman mereka buka bubble wrap terus diganti gitu,unknown,1,Tokopedia,Negative,Bentuk,Yes,Perabotan,No
barang yang dikirimkan tidak dapat berfungsi dengan baik karena 6lonjor pipa pendek sehingga tidak dapat dipasang baut juga tidak lengkap,unknown,1,Tokopedia,Negative,Bentuk,No,Perabotan,No
kualitas produk sangat mengecewakan bahan yang di gunakan tipis barang datang dengan keadaan begitu dan tidak di ganti baru,unknown,1,Tokopedia,Negative,Bentuk,Yes,Perabotan,No
mur sama bautnya kurang dan penjual pertama bilang akan respon setelah 7hari setelah minggu masih aja ga ada solusi disuruh kirim balik bagian jemuran padahal yang kurang cuma mur sama baut dibikin ribet akhirnya itu bagian bawah ga bisa dipake kurang profesional penanganannya,unknown,1,Tokopedia,Negative,Rasa,No,Perabotan,No
barang tdk lengkap sdh lama lapor tp sampai saat ini belum di kirim2 sdh sering ditanyakan tp hanya janji2 aja,unknown,1,Tokopedia,Negative,Lainnya,No,Perabotan,No
rangka besi sangat tipis dan lemah tertulis bahwa berat maksimum yang dapat ditopang adalah 40kg tapi belum sampai 10kg saja sudah ambruk karena keberatan,unknown,2,Tokopedia,Negative,Bentuk,No,Perabotan,Yes
barang robek krn jahitan tdk rapi selebihnya baik,unknown,1,Tokopedia,Negative,Bentuk,No,Perabotan,No
barang yg dikirim tidak sesuai motifnya dg yg dipesan kmd diminta untuk mengirim balik brg tsb untuk ditukar tapi tdk sy lakukan krn terlalu banyak effortnya kekurir dan bayar ongkir lagi yg semuanya bukan krn salah customer tapi seller yg ceroboh mengirim barang tp customer yg kena ongkir retur dan effort tuk ke kurir ditengah pandemi,unknown,1,Tokopedia,Negative,Harga,Yes,Perabotan,No
barang nya robek dan penyok2 di chat ke penjualnya malah bilang wajar karna produksi masal trus tulisannya pake capslock semua tanpa bilang maaf krna produksi masal ini malah kebablasan capslock kan sebelum di kirim harus nya di cek dulu mana posisinya kebalik yg bagian dalam diluar ngebaliknya kan susah kaku,unknown,3,Tokopedia,Neutral,Lainnya,No,Perabotan,No
talinya gak ada satu jadi gak bisa diikatkan dibagian belakang jadi keliatan gak pas,unknown,3,Tokopedia,Neutral,Bentuk,No,Perabotan,No
respon kurang brg tdk sesuai deskripsi dan tdk ada solusi tdk ada respon akhir dr si penjual,unknown,1,Tokopedia,Negative,Bentuk,No,Perabotan,No
lebih kecil ndak muat di mesin cuci elextrolux overal bhanya bagus anti air,unknown,3,Tokopedia,Neutral,Bentuk,No,Perabotan,No
barangnya agak ringkih dan kecil dan saat masang perlu hati2 krn besi2nya agak tajam krn saat kita masang kmrn jari2 kami sempat tergores,unknown,3,Tokopedia,Neutral,Bentuk,No,Perabotan,No
hari ini baru terpasang ternyata ada satu palang yg ukuran pendek cacat bengkok dan cedok bekas besi ditekuk akhirnya saya pindah posisi palang tersebut dibagian tengah dalam secara keseluruhan barang baik mungkin perlu ditingkatkan qc nya saja,unknown,2,Tokopedia,Negative,Bentuk,Yes,Perabotan,No
saya kecewa dengan kualitas barangnya kualitas stainles steelnya sih oke tapi batang yang ada penyangga yang bagian bawah panjangnya kurang tidak bisa disambung kualitas mur rendah mudah bengkok dan patah alhasil jemuran saya tidak dapat dirakit,unknown,2,Tokopedia,Negative,Bentuk,Yes,Perabotan,Yes
barangnya jelek banget ada lubang yg posisinya gak presisi malah jd gk bisa dimasukin bautnya aneh padahal,unknown,1,Tokopedia,Negative,Rasa,No,Perabotan,No
ada yg baru 1x dipake penyangga plastiknya sudah keluar dari keranjangnya sobek jaringnya sedangkan yang lain pun engga sampai minggu sudah keluar penyangganya kualitasnya tolong di tingkatkan,unknown,2,Tokopedia,Negative,Bentuk,No,Perabotan,No
pesanan tidak lengkap lebih dari pcs tidak dikirim,unknown,1,Tokopedia,Negative,Lainnya,No,Perabotan,No
barang yg dikirim patah tdk bisa digunakan,unknown,1,Tokopedia,Negative,Lainnya,No,Perabotan,No
packingnya tdk rapi hanya dibungkus plastik hitam saja pada saat sy terima bungkusannya sudah robek2 dan di salah satu sulingnya ada mata kaitannya yg tidak ada,unknown,3,Tokopedia,Neutral,Bentuk,No,Perabotan,No
maaf cuma bs kasih bintang saya dpt barang yg penyok dan pelor hilang respon dan pengiriman jg lambat,unknown,3,Tokopedia,Neutral,Lainnya,No,Perabotan,No
ada yg patah gantungannya,unknown,3,Tokopedia,Neutral,Lainnya,No,Perabotan,No
terjemahannya berantakan bgt mending beli yg versi inggrisnya aja,unknown,2,Tokopedia,Negative,Lainnya,No,Hobi & Hiburan,No
pengiriman lamaaaaaaaaaaaaa ditanya dulu baru sadar,unknown,3,Tokopedia,Neutral,Lainnya,No,Hobi & Hiburan,No
packing perbaiki buku datang sudah penyok,unknown,3,Tokopedia,Neutral,Lainnya,No,Hobi & Hiburan,No
parah sih bukunya ada yang sobek lain kali cek dulu kondisi bukunya sebelum kirim,unknown,3,Tokopedia,Neutral,Lainnya,No,Hobi & Hiburan,No
penyok packingnya juga kurang aman,unknown,3,Tokopedia,Neutral,Lainnya,No,Hobi & Hiburan,No
packingnya kurang memuaskan,unknown,3,Tokopedia,Neutral,Lainnya,No,Hobi & Hiburan,No
bukunya pas dibuka agak kotor gtu terus ada beberapa penyokan disisi buku,unknown,3,Tokopedia,Neutral,Bentuk,No,Hobi & Hiburan,No
bubble wrap mana bukunya jadi kena benturan,unknown,3,Tokopedia,Neutral,Lainnya,No,Hobi & Hiburan,No
respon cepat cuma buku sampul hardcovernya penyok2 ada beberapa halaman sekitar halaman yang posisinya kebalik balik,unknown,3,Tokopedia,Neutral,Bentuk,No,Hobi & Hiburan,No
barang sampai dengan kondisi hancur packing luar tidak ada sobek,unknown,2,Tokopedia,Negative,Lainnya,Yes,Hobi & Hiburan,No
ada beberapa kalimat yang kosong saya cukup kecewa dan hal itu sangat menggangu saya ketika membaca,unknown,3,Tokopedia,Neutral,Lainnya,No,Hobi & Hiburan,No
buku yang sampai warna kertas agak kuning kaya kertas buram,unknown,3,Tokopedia,Neutral,Bentuk,No,Hobi & Hiburan,No
jasa pengiriman nya di ganti tanpa konfirmasi kurang memuaskan,unknown,3,Tokopedia,Neutral,Lainnya,No,Hobi & Hiburan,No
sorry cuma kasih bintang sebetulnya mau bintang tp aku tambah krn respon adminnya yg ramah sm cepat sengaja beli di official shop berharap cepat karena mau buat kado temen tp malah bikin kecewa karena salah kirim novel jadi retur makan proses jd gagal buat kado yah i know maybe human error cuma aku cm pesen satu dan salah semoga lebih teliti lagi kedepannya yamin,unknown,3,Tokopedia,Neutral,Lainnya,No,Hobi & Hiburan,No
halo penerbit haru bukunya sampai dengan cepat tapi pengemasannya sangat kurang mohon menggunakan bubble wrap supaya tidak terjadi kerusakan dalam pengiriman sangat disayangkan pengemasannya tidak ada pengamanannya jadi buku yg saya terima sedikit kurang baik terimakasih,unknown,3,Tokopedia,Neutral,Lainnya,No,Hobi & Hiburan,No
proses barang sampe pengirimanmya lamaaa,unknown,3,Tokopedia,Neutral,Lainnya,No,Hobi & Hiburan,No
penjual kurang ramah,unknown,3,Tokopedia,Neutral,Lainnya,No,Hobi & Hiburan,No
kualitas kurang bagus kertasnya tipis bukan buku original,unknown,3,Tokopedia,Neutral,Bentuk,No,Hobi & Hiburan,No
penjual tidak ramah,unknown,3,Tokopedia,Neutral,Lainnya,No,Hobi & Hiburan,No
pengirimannya gimana ya ini sayang bgt bukunya jadi cacat gitu jadi keliatan bekas padahal buat kado,unknown,2,Tokopedia,Negative,Lainnya,Yes,Hobi & Hiburan,No
banyak halaman terulang malu saya pas kasih hadiah,unknown,1,Tokopedia,Negative,Bentuk,No,Hobi & Hiburan,No
pegawai nya kurang fokus nih pengiriman kurang satu bukunya kirim lagi dengn nama yang lain lagi,unknown,2,Tokopedia,Negative,Lainnya,No,Hobi & Hiburan,No
pengirimannya lama banget,unknown,1,Tokopedia,Negative,Lainnya,No,Hobi & Hiburan,No
waktu datang plastiknya sudah sobek dan akhirnya bukunya kotor tolong lain kali di cek lagi sebelum dikirim,unknown,2,Tokopedia,Negative,Bentuk,No,Hobi & Hiburan,No
kecewa pesanan sama barang yang dikirim tidak sesuai,unknown,1,Tokopedia,Negative,Bentuk,Yes,Hobi & Hiburan,Yes
barangnya ga sampe ga ada return dari pihak yg bersangkutan,unknown,1,Tokopedia,Negative,Lainnya,Yes,Hobi & Hiburan,No
sampul gompal gompal kayak barang reject,unknown,2,Tokopedia,Negative,Lainnya,No,Hobi & Hiburan,No
barang tidak di kirim sampai sekarang respon penjual payah dan mengecewakan bikin kapok kalau barang nggak ada tolong uang ku di kembalikan,unknown,1,Tokopedia,Negative,Lainnya,Yes,Hobi & Hiburan,No
kecewa sih pas dibuka ada bagian yg rusak entah ketika pengiriman utau memang kondisi bukunya,unknown,2,Tokopedia,Negative,Bentuk,Yes,Hobi & Hiburan,Yes
sampul gue yang dikasih ga bagus ada bagian peyot padahal gue beli buku baru,unknown,1,Tokopedia,Negative,Bentuk,No,Hobi & Hiburan,No
pengirimannya koq lama bgt ya order kamis br dikirim senin itupun setelah dichat tny kapan dikirim alhasil gagal memberi kejutan tolong perbaiki kinerjanya ya,unknown,2,Tokopedia,Negative,Lainnya,Yes,Hobi & Hiburan,No
buku yang saya pesan terdapat halaman yang kosong bagaimana cara menukarkannya,unknown,1,Tokopedia,Negative,Lainnya,No,Hobi & Hiburan,No
chatt hampir ga ada respond,unknown,2,Tokopedia,Negative,Lainnya,No,Hobi & Hiburan,No
prosesnya dan sampainya lama eh datang2 bukunya penyok,unknown,1,Tokopedia,Negative,Lainnya,No,Hobi & Hiburan,No
untuk sampulnya kenapa tidak pakai hard cover saja hard cover dilapis soft cover seperti ini kesannya berantakan untuk pembatas bukunya cepat lepas bahkan pd hari pertama saya baca buku ini,unknown,2,Tokopedia,Negative,Bentuk,No,Hobi & Hiburan,No
penjual sangat tidak responsif pengiriman sangat lama pengen di cancel awalnya namun karena sudah sangat menginginkannya jadi ya sudahlah,unknown,1,Tokopedia,Negative,Lainnya,No,Hobi & Hiburan,No
bukunya asli atau ga sih kok kualitas kertas jelek ga berwarna lalu ucapan terimakasihnya masa disecarik kertas kecil terpisah gitu ga dijilid bersamaan delivery ok bgt cepat sampai respon penjual cepat hanya kecewa dengan kualitas barangnya saja dengan harga segitu kualitas jelek,unknown,2,Tokopedia,Negative,Bentuk,Yes,Hobi & Hiburan,Yes
kecewa kali bru beli aja udh lepas halaman pertama ntah buku asli atau g nih packing jg kurang,unknown,1,Tokopedia,Negative,Bentuk,Yes,Hobi & Hiburan,Yes
overpriced analisanya kurang dalam kualitas hard cover kurang bagus masa begitu sampe lgsg penyok,unknown,2,Tokopedia,Negative,Bentuk,No,Hobi & Hiburan,No
buku ini belum saya terima,unknown,1,Tokopedia,Negative,Lainnya,No,Hobi & Hiburan,No
kualitas cetakan buku kurang baik,unknown,2,Tokopedia,Negative,Bentuk,No,Hobi & Hiburan,No
cetakanya gak bagus sama sekali gak sesuai harga,unknown,1,Tokopedia,Negative,Bentuk,No,Hobi & Hiburan,No
pelayanan ny kurang ramah,unknown,2,Tokopedia,Negative,Lainnya,No,Hobi & Hiburan,No
produk belum diterima tetapi status sudah diterima pengiriman barangnya gak jelas,unknown,1,Tokopedia,Negative,Lainnya,No,Hobi & Hiburan,No
cetakan buku nya tdk bagus,unknown,2,Tokopedia,Negative,Bentuk,No,Hobi & Hiburan,No
ini seller tidak berkualitas jawab lama dan barang yg dikirim tidak semua nya dan bertahap x kirim buang waktu nunggu padahal sebelum pesan bilang ready stock dan ongkos kirim yg dibayar sameday ternyata dikirim berhari2 kemudian tidak recommended seller jangan buang waktu anda dengan seller ini,unknown,1,Tokopedia,Negative,Harga,Yes,Hobi & Hiburan,No
ada halaman yg hilang,unknown,2,Tokopedia,Negative,Lainnya,Yes,Hobi & Hiburan,No
cover buku gak bagus lem nya kualitas buruk sehingga cover dengan bukunya lepas kualitas tulisan seperti fotokopi tidak rekomended untuk beli di sini,unknown,1,Tokopedia,Negative,Bentuk,Yes,Hobi & Hiburan,No
terjemahannya nggak pas,unknown,2,Tokopedia,Negative,Bentuk,No,Hobi & Hiburan,No
tidak ada pengaman sama sekali bubblewrap juga gaada,unknown,3,Tokopedia,Neutral,Bentuk,No,Hobi & Hiburan,No
bukunya original bagus tidak ada cacat sayangnya saja respon dari penjual lama sekali bahkan tdk di respon,unknown,3,Tokopedia,Neutral,Bentuk,No,Hobi & Hiburan,No
ujung hardcover pada penyok,unknown,3,Tokopedia,Neutral,Bentuk,No,Hobi & Hiburan,No
sudah nga secepat dan serapi dulu,unknown,3,Tokopedia,Neutral,Bentuk,No,Hobi & Hiburan,No
ujung buku rusak padahal sudah mahal beli buku import,unknown,2,Tokopedia,Negative,Harga,Yes,Hobi & Hiburan,No
pengiriman lambat sekali hari stok tidak jelas penjual bingung sendiri apakah stok masih ready atau tidak,unknown,2,Tokopedia,Negative,Lainnya,No,Hobi & Hiburan,No
kertas daur ulang jadi sedih ga puas,unknown,3,Tokopedia,Neutral,Lainnya,No,Hobi & Hiburan,No
awalnya salah kirim judul dulu jadi lama bolak balikin yang salah kirim dulu semoga kedepannya ga kejadian lagi ya ke customer lain,unknown,3,Tokopedia,Neutral,Lainnya,No,Hobi & Hiburan,No
bukunya penyok diujung atas kebuka dikit plastiknya pas nyampe,unknown,4,Tokopedia,Positive,Bentuk,No,Hobi & Hiburan,No
kecewa banget barang lecet dan ada noda di sampul depan belakang pengiriman lama banget pake kurir antaraja hih buat adminnya kalo barang jelek gini jangan dikirim jadi malas mo baca bukunya,unknown,2,Tokopedia,Negative,Bentuk,Yes,Hobi & Hiburan,Yes
lama sekali sampainya pesan rabu baru hari senin sampai,unknown,3,Tokopedia,Neutral,Lainnya,No,Hobi & Hiburan,No
komiknya ada yg udah kuning kertasnya stok lama sepertinya,unknown,3,Tokopedia,Neutral,Lainnya,No,Hobi & Hiburan,No
minta warna coklat dikirim hitam bilangnya ready,unknown,1,Tokopedia,Negative,Bentuk,No,Hobi & Hiburan,No
kwalitas nya rendah,unknown,2,Tokopedia,Negative,Bentuk,No,Hobi & Hiburan,No
agak kecewa pesan biru atau hitam datang yg warna merah,unknown,2,Tokopedia,Negative,Bentuk,Yes,Hobi & Hiburan,No
lama pengiriman atc di hari itu juga tpi gak di kirim2 beberpa hr dlu br di kirim,unknown,3,Tokopedia,Neutral,Lainnya,No,Hobi & Hiburan,No
saya mesan dua malah dikirim cuma satu,unknown,1,Tokopedia,Negative,Lainnya,No,Hobi & Hiburan,No
ada bekas sobek di bagian belakang meskipun itu sobek kecil tapi tatap saja saya sedikit kurang puas terimakasih,unknown,2,Tokopedia,Negative,Bentuk,No,Hobi & Hiburan,No
pinggiran buku sobek mungkin karna packagingnya,unknown,3,Tokopedia,Neutral,Bentuk,No,Hobi & Hiburan,No
buku gambarnya di gulung alhasil jadi melengkung semua,unknown,3,Tokopedia,Neutral,Lainnya,No,Hobi & Hiburan,No
material dan packaging nya bagus dan rapih tapi halaman di bukunya banyak banget yang kebalik2 halaman yg harusnya ada di awal malah ada di akhir buku jadi ada yang harusnya di tengah buku malah di akhir buku jadi bacanya pindah pindah bingung dan ga nyaman,unknown,2,Tokopedia,Negative,Bentuk,No,Hobi & Hiburan,Yes
ad bbrp yang tidak berfungsi,unknown,2,Tokopedia,Negative,Lainnya,Yes,Hobi & Hiburan,No
gagang tlp ny patah,unknown,3,Tokopedia,Neutral,Lainnya,No,Hobi & Hiburan,No
baru beli seminggu yg lalu cuma pake bentar pas mau pake lagi uda ga bunyi,unknown,3,Tokopedia,Neutral,Bentuk,No,Hobi & Hiburan,No
well hari baru sampe fix pesanan terlama di tokped saya sobek pula bungkusnya ok thanks sampai dsini,unknown,1,Tokopedia,Negative,Lainnya,No,Hobi & Hiburan,No
packingnya ga rapi ada yg ga ketutup jadinya kena hujan sekitar buku rusak,unknown,2,Tokopedia,Negative,Bentuk,Yes,Hobi & Hiburan,No
beli sabtu sampainya kamis lama betul,unknown,2,Tokopedia,Negative,Lainnya,No,Hobi & Hiburan,No
lagi musim hujan tidak dibungkus yang aman dan rapat jadi air hujannya masuk,unknown,2,Tokopedia,Negative,Lainnya,No,Hobi & Hiburan,No
cepat pwngirima tp sayanng beli buku tp ada buku yang sebagian halamannya kepotong sehinggaa buku tsbut jd tidak bs dipakaii sy sudah keburu konfirmasi penerimaan tanpa melihat bukunya dl stlah konfirmasi dgn penjual alias japri jawaban kurang memuaskan,unknown,2,Tokopedia,Negative,Lainnya,No,Hobi & Hiburan,No
buku sesuai dgn harganya colorfull dan harga ekonimis hanya sj ada buku yg bbrp halamannya kosong sprti yg buki zebra hampir sebagian halaman kosong sis sy beli buah blm semua sy cek sis,unknown,3,Tokopedia,Neutral,Harga,No,Hobi & Hiburan,No
seller tidak ramah,unknown,1,Tokopedia,Negative,Lainnya,No,Hobi & Hiburan,No
bukunya kena rembesan minyak bungkus bublewrapnya parah banget kena minyaknya sampai isolasinya pada copot sebenernya lumayan kecewa sihh cuma karna memang kena waktu di ekspedisi jd bukan kesalahan seller next semoga bungkus bukunya bisa lebih secure lg,unknown,3,Tokopedia,Neutral,Rasa,No,Hobi & Hiburan,No
bukunya sampe di makassar rusak ujungnya baru sempat unpack entah cara packing nya kurang tebel or kurirnya bermasalah agak ga rela sih soalnya bukunya lumayan mahal,unknown,3,Tokopedia,Neutral,Harga,No,Hobi & Hiburan,No
ada halaman yang hilang masa dari halaman langsung lompat ke halaman mohon di cek kembali setiap halamannya dong kalo sudah dicetak,unknown,1,Tokopedia,Negative,Lainnya,Yes,Hobi & Hiburan,No
konten bukunya banyak yang salah materi twk banyak yang salah kunci jawabannya juga sedih banget padahal buat belajar,unknown,1,Tokopedia,Negative,Lainnya,No,Hobi & Hiburan,No
packing kurang rapih pinggir buku menjadi rusak,unknown,3,Tokopedia,Neutral,Bentuk,No,Hobi & Hiburan,No
pelayanan penjual nya jelek slow respon banget,unknown,1,Tokopedia,Negative,Bentuk,No,Hobi & Hiburan,No
pengiriman lama lokasi toko saya di jakarta ternyata di kirim dari yogyakarta,unknown,3,Tokopedia,Neutral,Lainnya,No,Hobi & Hiburan,No
awal saya chat seller sudah kecewa karena seller sangat tidak ramah ketika barang datang saya kecewa melihat pengemasan hanya menggunakan kertas bekas lapis dan plastik buku yg ada di dalam pun dalam kondisi kotor,unknown,1,Tokopedia,Negative,Bentuk,Yes,Hobi & Hiburan,Yes
bukunya cepet rontok lem nya ga kuat,unknown,1,Tokopedia,Negative,Bentuk,No,Hobi & Hiburan,No
review jujur ya yg kasih bintang mungkin biar masih dpt garansi kali ya buku nya fotokopian nya gk bagus dapet cd begini lagi kalo mau sekedar ambil buku cliff boleh lah tapi kalo buat kenyamanan baca mending cari yg lain,unknown,2,Tokopedia,Negative,Bentuk,No,Hobi & Hiburan,Yes
tulisannya kayak kopian atau cetakan ulang,unknown,2,Tokopedia,Negative,Lainnya,No,Hobi & Hiburan,No
buku kondisinya kurang baik ada sobeknya dan juga audio rusak mesti download sendiri,unknown,2,Tokopedia,Negative,Lainnya,Yes,Hobi & Hiburan,No
kondisi buku krg bagus dan ada halaman tdk bs terbaca balasan penjual yg seenak jidatnya,unknown,2,Tokopedia,Negative,Rasa,No,Hobi & Hiburan,Yes
bagian dalam cover kotor halaman terakhir kotor juga packaging kurang aman jd bagian atas buku agak terlipat,unknown,3,Tokopedia,Neutral,Bentuk,No,Hobi & Hiburan,No
pengemasannya seadanya lembukunya juga mudah patah cdnya gak diplastikin diselipin aja dibukunya semoga dapat dipebaki yah,unknown,3,Tokopedia,Neutral,Bentuk,No,Hobi & Hiburan,No
toko tdk kooperatif pesanan duplikasi di minta cancel tapi tetap saja dikirim maaf terpaksa saya kasih bintang kwalitas barang biasa saja,unknown,1,Tokopedia,Negative,Bentuk,No,Hobi & Hiburan,No
kertas nya jelek tinta cetakan ada yang hampir tidak jelas di baca,unknown,3,Tokopedia,Neutral,Bentuk,No,Hobi & Hiburan,No
packing tdk dikemas dan asal kirim lgsung pdhal kondisi dusnya sudah rusak mgkin karena harga barangnya murah rp jd tdk dikemas rapih,unknown,3,Tokopedia,Neutral,Harga,No,F&B,No
timernya kurang tepat,unknown,3,Tokopedia,Neutral,Lainnya,No,F&B,No
lampu indikator tdk bekerja,unknown,3,Tokopedia,Neutral,Lainnya,No,F&B,No
cepet banget rusaknya baru sebulan pake gak bisa nyala,unknown,3,Tokopedia,Neutral,Lainnya,No,F&B,No
barang yang dikirimkan tidak sesuai dengan orderan saya ditanya pihak maxim tidak ada balasan sama sekali hanya dibaca saja dari pihak tokopedia pun sudah dikomplain malah transaksinya selesai dan dananya diteruska ke maxim lalu barang saya yang kurang bagaimana tokopedia bilang dichat saja pintar sekali jawabannya sudah saya komplain kalo penjual tidak merespon bobrok sekali sistemnya,unknown,1,Tokopedia,Negative,Bentuk,Yes,F&B,No
cepet karatan dan agak ribet perawatannya,unknown,3,Tokopedia,Neutral,Lainnya,No,F&B,No
sebenarnya utk kualitas produk bagus original tp kecewa sm pelayanannya admin slow respon banget negative respon orderan udh diproses tp resi invalid waktu pengiriman via ekspedisi cepat yg lama proses di intern admin official store,unknown,3,Tokopedia,Neutral,Bentuk,No,F&B,No
dipakai sekali saja sudah rusak tidak mau menyala maaf saya ksh bintang,unknown,1,Tokopedia,Negative,Lainnya,Yes,F&B,No
toples ada yang penyok belum dipakai semua dr pcs tapi gpp msh berfungsi,unknown,3,Tokopedia,Neutral,Lainnya,No,F&B,No
harus lebih kompak lagi antara owner admin perhatikan stock barang jangan kecewakan konsumen terima kasih,unknown,3,Tokopedia,Neutral,Lainnya,No,F&B,No
baru dipakai kali dah metong,unknown,2,Tokopedia,Negative,Lainnya,No,F&B,No
anti lengketnya ok hanya saja woknya sangat ringan kl masak yg sedikit pancinya bergeser2 hrs dipegang terus dan yg plg buat kecewa lapisan bawah wok langsung terkelupas pdhl wokny hanya bergeser sedikit krn sy sll masak sll sambil megang woknya smg anti lengketnya jg awet,unknown,3,Tokopedia,Neutral,Bentuk,No,F&B,No
barang ny bagus tp kirim ny lama serasa po pdhal ikut baru dkirim tggl kecewa,unknown,3,Tokopedia,Neutral,Rasa,No,F&B,No
karet filternya kurang,unknown,1,Tokopedia,Negative,Bentuk,No,F&B,No
packing pengiriman kurang aman hanya dilapisi plastik tipis sehingga dpt menyebabkan kerusakan pada produk dan produk yg saya terima mengalami lekukan pada tutup dan menimbulkan bercak sehingga tidak bisa menutup rapat sehingga untuk ke depan mohon dapat memberikan packing yg lbh aman agar penjual dan konsumen sama2 nyaman,unknown,2,Tokopedia,Negative,Bentuk,Yes,F&B,No
warnanya cantik tpi syg kurang tajem kupas kulit bawang aja sma potong tomat pisau yg kecilnya gk bsa,unknown,3,Tokopedia,Neutral,Bentuk,No,F&B,No
kemasan kotaknya ada yg penyok dan robek tp pisaunya aman padahal mau buat hadiah temen,unknown,3,Tokopedia,Neutral,Bentuk,No,F&B,No
kurang puas nya sih krn barang yg di beli tidak ada stok nya tp gpp lah diganti dgn barang yg setara trims,unknown,3,Tokopedia,Neutral,Lainnya,No,F&B,No
barang bagus tapi estimasi tiba dilokasi tidak sesuai di aplikasi semoga pelayanannya dapat ditingkatkan,unknown,3,Tokopedia,Neutral,Bentuk,No,F&B,No
bahan katun sy pikir anti air ternyata tidak sy beli minta warna hitam dan abu eh di kasihnya abu semua,unknown,3,Tokopedia,Neutral,Bentuk,No,F&B,No
responnya sangat lambat padahal udah request untuk kirim pagi tapi justru sampai siang blm juga dikirim lain kali tolong diperhatikan lagi,unknown,3,Tokopedia,Neutral,Lainnya,No,F&B,No
kecewa banget barang rusak di jual lain kali kalo jual barang yang jujur jgn barang rusak yang di jual ya,unknown,1,Tokopedia,Negative,Lainnya,Yes,F&B,Yes
pencetannya agak keras jd tkt cepat rusak terus airnya jd bau plastik tidak dapat dipakai,unknown,2,Tokopedia,Negative,Rasa,Yes,F&B,No
bahan plastiknya tdk stretch kaku dan tidak bagus aluas tdk bs melekat spt plastiknya stretch biasanya not recommended,unknown,1,Tokopedia,Negative,Bentuk,No,F&B,Yes
bahan tipis sekali dan cepat habis,unknown,2,Tokopedia,Negative,Bentuk,No,F&B,No
barang pecah bagian atas kecewa,unknown,1,Tokopedia,Negative,Lainnya,Yes,F&B,Yes
engsel di penutupnya patah terpaksa coba beli lem buat dibenerin karena ga bisa ketutup mungkin dr pas pengirimannya saran aja pada saat ngirim mungkin sebaiknya tutupnya dipisahin sama bodynya,unknown,2,Tokopedia,Negative,Bentuk,No,F&B,No
ternyata tdk seampuh iklannya noda panci msh tetap ada,unknown,1,Tokopedia,Negative,Lainnya,No,F&B,No
sudah dicoba dan tidak efek sama sekali untuk proses pengiriman dari penjual cepat terima kasih,unknown,2,Tokopedia,Negative,Bentuk,No,F&B,No
cepet banget kepotek terus ancur,unknown,1,Tokopedia,Negative,Lainnya,No,F&B,No
pengiriman sangat lama,unknown,1,Tokopedia,Negative,Lainnya,No,F&B,No
barang tdk sesuai yg sy pesan otomatis tdk bisa dipakai,unknown,1,Tokopedia,Negative,Bentuk,Yes,F&B,No
pelayanan nya kurang baik barang juga salah kirim dari awal udah dibilang malah dikirim,unknown,2,Tokopedia,Negative,Lainnya,Yes,F&B,No
ada yg cacatt satu lubang,unknown,1,Tokopedia,Negative,Lainnya,Yes,F&B,No
respon cepat packing rapih kecewa lubang teflonnya ngelupas,unknown,2,Tokopedia,Negative,Bentuk,Yes,F&B,Yes
barang di kirim tidak sesuai gambar yg di pesan,unknown,1,Tokopedia,Negative,Bentuk,Yes,F&B,No
material produk bagus ukuran produk sesuai warna produk sesuai tapi sayang karetnya kurang baik krn masih bocor saat test simpan air,unknown,2,Tokopedia,Negative,Bentuk,No,F&B,Yes
baru dibuka dan ditutup lagi sudah patah kualitas jelek banget,unknown,1,Tokopedia,Negative,Bentuk,No,F&B,No
barang tidak sesuai gambar payah,unknown,2,Tokopedia,Negative,Bentuk,Yes,F&B,No
mesen apa yang dateng apa ngk jelas nih toko periksa lah invoice nya kalo mau dikirm tuh barang bikin kecewa aja,unknown,1,Tokopedia,Negative,Lainnya,Yes,F&B,Yes
sangat tipis keterangan besi tp yg dikrim aluminium tipis dan lembek,unknown,2,Tokopedia,Negative,Bentuk,No,F&B,No
sama dengan spos cuci piring yg lain cuma lebih mahal aja,unknown,2,Tokopedia,Negative,Harga,No,F&B,No
dudukan tatakan kompornya diterima sudah patah akhirnya harus ke tukang las benerin lg keluar duit lg,unknown,2,Tokopedia,Negative,Lainnya,No,F&B,No
packing sangat kacau hanya bubble wrap tipis sehingga koper rusak,unknown,2,Tokopedia,Negative,Bentuk,Yes,F&B,No
barangnya lumayan tp kecewa sama respon penjual yg tidak membantu dan makin kecewa dengan pihak ekspedisi barang ga dikirim2 smpai saya harus ambil sendiri,unknown,1,Tokopedia,Negative,Bentuk,Yes,F&B,No
barang datang dalam keadaan penyok,unknown,2,Tokopedia,Negative,Lainnya,No,F&B,No
barangnya baret dan gak mulus,unknown,1,Tokopedia,Negative,Lainnya,No,F&B,No
barangnya palsu atau gimana kok lengket saya pernah beli tefal saus pan tapi engga lengket jangan mau beli produk ini lapor tokopedia aja mending ya,unknown,1,Tokopedia,Negative,Bentuk,Yes,F&B,No
barang penyokkkkk ga bisa di ganti krn tdk unboxing record,unknown,1,Tokopedia,Negative,Lainnya,No,F&B,No
abis pencet beli eh cek di ternyata lebih murah produk dibawah ekspetasi,unknown,3,Tokopedia,Neutral,Harga,No,F&B,No
proses pengiriman yg sangat lama,unknown,2,Tokopedia,Negative,Lainnya,No,F&B,No
pembelian ke rada kecewa baut pegangan uda doll nih drat nya sudah di kencangkan baut nya tp ttp pegangan nya goyah gak kokoh produk reject,unknown,2,Tokopedia,Negative,Rasa,Yes,F&B,Yes
kecewa krn pd saat brg tsb sampai kami tdk ada dirmh dan oleh kurir paketnya dilempar yg mengakibatkan bodi wajan tsb penyok,unknown,2,Tokopedia,Negative,Lainnya,Yes,F&B,Yes
packing tebel double bubble wrap kardus di dlm juga utuh tp barang yg datang penyok artinya brg sudah cacat saat dikirim lokasi sy dkt dng tefal jd pengiriman cepat sy join tokopedia dr dan blja 4x sehari jd bs bedain brg rusak krn pengiriman atau memang sudah cacat sy punya video unboxingnya tp krn susah skali upload foto video untuk complain dan beli krn event akhir thn jd ya sudahlah tp produk rusak jng menyalahkan ekspedisi lbh baik tulis di deskripsinya promo cuci gudang brg tidak dapat dikembalikan jd kita para pembeli jg gak expect too much dpt brg cacat terima resiko ps spt biasa admin pasti membalas ulasan dengan mohon respon chat dari kami kenyataan mrk tdk pernah menghubungi pembeli jika produk cacat bintang untk admin produk,unknown,1,Tokopedia,Negative,Harga,Yes,F&B,No
barang tidak diterima sampai sekarang order dari bulan mei skrg sudah agustus,unknown,1,Tokopedia,Negative,Lainnya,No,F&B,No
barang tidak datang proses refund memakan waktu lebih dr bulan sama sekali tidak memuaskan,unknown,1,Tokopedia,Negative,Bentuk,Yes,F&B,No
saat diterima tutup wajan ad yg bermasalah dan di wajannya ad goresan bermasalahnya bukan krn proses pengiriman tapi emang dari sononya cacat kecewa dengan respon penjual yang bilang goresannya g masalah padahal saya kan beli baru beli wajan anti gores malah terima yang bergores dan kualitas bermasalah lgs ajukan komplain sdh terima wajannya lagi yang tidak gores cuma tetep bbrp yg mengecewakan kecewa jadi lama dan saya harus repot ngurus pengembalian barangnya kalau mw jual yang diskon jangan kasih yang kualitasnya g bagus atau sampaikan aja produknya ad bbrp bermasalah makanya dikasih diskon resiko beli online semoga awet,unknown,2,Tokopedia,Negative,Bentuk,Yes,F&B,Yes
gagang patah coba dilem pakai lem cina blm tau kuat apa ngga,unknown,2,Tokopedia,Negative,Bentuk,No,F&B,No
official store aja spt ini gmn klo beli di toko lain udh smp taun baru ga ada penyelesaian dr pembelian awal desember sy udh ingatkan pdhl pastikan brg bgs pas sampai besoknya lgsg sy keluhkan tutupnya ga bs dipasang tgl toko menyatakan bersedia kirim tutup yg baru semua ada buktinya di chat saya tp bukan main bertele2 ga menawarkan solusi nyata saya beli pan ini krn butuh yg ada tutup kacanya malah dikirim tutup yg ga bs dipasang brand dan pelayanan kualitas rendah pengalaman yg sangat mengecewakan mengirim barang ga berfungsi namanya penipuan ga akan beli carote lg ga akan saya rekomendasi,unknown,1,Tokopedia,Negative,Bentuk,Yes,F&B,No
miring dan penyok,unknown,1,Tokopedia,Negative,Lainnya,No,F&B,No
dipakai untuk mindahin tabung gas kg sangat seret susah maju karena rodanya tidak jalan bobot tabung gas terlalu berat not recommended utk tabung gas kg mungkin untuk yang lbh ringan bisa lancar rodanya berputar,unknown,1,Tokopedia,Negative,Bentuk,No,F&B,Yes
busa tipis ukuran kecil sekali pakai sobek harga mahal,unknown,1,Tokopedia,Negative,Bentuk,No,F&B,No
baru pakai beberapa kali sponnya terpisah jadi lemnya tidak bagus,unknown,1,Tokopedia,Negative,Bentuk,No,F&B,No
bagian tombol ada kempot parah pabrikan tidak jaga mutu,unknown,2,Tokopedia,Negative,Lainnya,Yes,F&B,No
ada cacat sedikit dan overpriced untuk plastik seperti itu,unknown,3,Tokopedia,Neutral,Harga,No,F&B,No
tadiinya mau pesen beda model tp g bisa kata selernya terpaksa pakai dah mau gmn lg,unknown,1,Tokopedia,Negative,Bentuk,No,F&B,No
ga suka barangnya,unknown,1,Tokopedia,Negative,Lainnya,No,F&B,No
barang kurang bagus bocor dibagian saluran keluar saat di operasikan,unknown,2,Tokopedia,Negative,Bentuk,No,F&B,No
sudah macet harus di ketok2 dulu baru nyala mesin,unknown,2,Tokopedia,Negative,Lainnya,No,F&B,No
gak fungsi walau udah di charge seharian apes aja ini mah,unknown,2,Tokopedia,Negative,Lainnya,No,F&B,No
barang ngk bisa berfungsi setelah di cek ic mati jadi beli barang untuk di buang tolong dong klau kirim barang di cek tes dulu sangat kecewaaa,unknown,1,Tokopedia,Negative,Lainnya,Yes,F&B,No
produk tidak bagus,unknown,1,Tokopedia,Negative,Bentuk,No,F&B,No
barang rusak tidak bisa adi charge sehinga tidak bisa dipakai respon penjual sangat lambat saya kecewa sbgi pembeli,unknown,1,Tokopedia,Negative,Lainnya,Yes,F&B,No
saya beli item ini tetapi pompa elektrik ini tidak bisa di charge sehingga tidak bisa di pakai pihak penjual tidak ada respon tidak bisa membantu saya sangat kecewa not recomendded,unknown,1,Tokopedia,Negative,Lainnya,Yes,F&B,No
pecah packing kurang aman,unknown,2,Tokopedia,Negative,Lainnya,No,F&B,No
kemahalan dilihat dr barangnya kecil dan tidak kokoh,unknown,2,Tokopedia,Negative,Harga,No,F&B,No
bahan jelek dan kurang kokoh,unknown,1,Tokopedia,Negative,Bentuk,No,F&B,No
packing tdk ada sudah tau pengiriman jauh tp tdk dilapisi pelindung sisi2 sudut barang rusak,unknown,1,Tokopedia,Negative,Bentuk,Yes,F&B,No
ternyata ukurannya kecil di bawah harapan,unknown,2,Tokopedia,Negative,Bentuk,No,F&B,No
hmmmm barang kurang kokoh tidak bisa utk menyimpan barang berat doyong kemahalan utk tingkat kekokohan seperti ini sorry,unknown,2,Tokopedia,Negative,Harga,No,F&B,No
gak sesuai ekspektasi klo buat simpan barang2 yg agak berat kurang recomended dan prosesnya lama klo prosesnya gak sampe hari mungkin sampe lebih cepat kali ya,unknown,2,Tokopedia,Negative,Bentuk,No,F&B,No
proses dan respon nya lama,unknown,1,Tokopedia,Negative,Lainnya,No,F&B,No
jelek banyak penyok sana sini sangat mengecewakan,unknown,1,Tokopedia,Negative,Bentuk,Yes,F&B,No
over price dgn kualitas barang yg tidak kokoh dan melorot2 untuk seller ini saya review jujur ya jgn sembarangan bilang gak jujur harga anda sama kualitas gak sesuai yg gak jujur adalah anda sendiri yg membujuk saya via chat merubah review dengan iming2 free gift saya tolak krn itu membohongi diri saya sendiri berarti gak semua review itu asli mgkn sebagian bujukan seller untuk merubah review spy terlihat bagus pdhl mgkn kasusnya sama dengan saya kecewa dgn produk yg over price,unknown,1,Tokopedia,Negative,Bentuk,Yes,F&B,Yes
barang rusak pisau ada yg patah ada bekas goresan pisau sayang banget quality kontrolnya buruk,unknown,2,Tokopedia,Negative,Lainnya,Yes,F&B,No
yang datang merk buck i entah karena promo atau apa tapi belum sempat take a picture nanti saya update lagi ulasanya barusan saya search buck i knife lebih murah kalau memang mau ngadain promo jual barang yang bener saya kecewa sekali dengan brand gm yang sudah saya percaya berkali kali,unknown,2,Tokopedia,Negative,Harga,Yes,F&B,Yes
terakhir chat sekaligus memastikan bilangnya merek gm bear yg akan dikirim ternyata kardusnya ajah yg merek gm bear tp isinya merek lain buck i barang datang ga sesuai kesepakatan ini mah bohong namanya,unknown,2,Tokopedia,Negative,Bentuk,Yes,F&B,No
barang tidak sesuai dengan produk yang dipesan gm bear set pisau tapi yg datang terkirim merk buck i,unknown,2,Tokopedia,Negative,Bentuk,Yes,F&B,No
barang biasa aja bahan kurang bgitu bagus,unknown,2,Tokopedia,Negative,Bentuk,No,F&B,No
pisaunya tidak tajam sama sekali,unknown,1,Tokopedia,Negative,Bentuk,No,F&B,No
barang tidak sesuai antara yang dijual dan yang di terima,unknown,1,Tokopedia,Negative,Bentuk,Yes,F&B,No
toko penipu tipu harga tipu merk semoga dapat karmanya amin,unknown,1,Tokopedia,Negative,Harga,Yes,F&B,No
pesanan tidak sesuai barang yang dipesan adalah merk gm bear warna putih tapi yang dikirim merk buck warna hitam saya sangat kecewa,unknown,1,Tokopedia,Negative,Bentuk,Yes,F&B,No
pengiriman cepat barangnya kurang oke tutupnya ga menutup rapat di satu sisi,unknown,3,Tokopedia,Neutral,Lainnya,No,Elektronik,No
kurang ya jamnya harusny dijelasin display jam gk selalu hidup harus di idupin dulu,unknown,3,Tokopedia,Neutral,Rasa,No,Elektronik,No
produk sdg smp dan sy tes tp tidak terbaca fast charging di hp,unknown,3,Tokopedia,Neutral,Lainnya,No,Elektronik,No
baru hari barang sudah rusak padahal pemakaian normal saya kirim balik barang nya ke penjual katanya masuk garansi toko dan akan di service tapi sudah bulan masih belum ada kejelasan juga jadi sementara saya kasih bintang dulu sampai saya terima kembali barang nya dengan keaadaan normal dan berfungsi,unknown,1,Tokopedia,Negative,Lainnya,Yes,Elektronik,No
barang baru diterima dicoba ternyata sudah rusak masak nasi tidak panas setelah dibawa ke service center ternyata heating element nya yang rusak dan harus nunggu service minggu dan tidak bisa ganti baru padahal barang baru datang dicoba sudah rusak sekarang kondisi belum megang rice cookernya masih nunggu diservice repot juga service adanya diluar kota,unknown,1,Tokopedia,Negative,Lainnya,Yes,Elektronik,No
rice cooker baru beli tp nasi bau dan berair tp tidak bs di ganti barang baru dr toko ini tidak seperti toko2 lain yg kalo barang rusak itungan hari ada garansi toko bs di tukar dgn yg baru bukan diservice seperti yg di sarankan toko saya sudah bawa ke service center dan hari ini nasinya tetap basah jujur saya kecewa krn saya memilih toko ini biar kl kenapa2 ngak ribet ternyata saya salah saya beli rice cooker mahal menurut saya agar bisa punya rice cooker bagus tp nyatanya seperti ini saya sangat kecewa,unknown,2,Tokopedia,Negative,Rasa,Yes,Elektronik,Yes
salah satu unitnya kedip2 harus di ketok2 dlu baru nyala ntar kedip2 lagi malahan gak nyala harus di ketok2 lg lampunya satu unitnya lagi perfect tidak ada masalah thanks,unknown,3,Tokopedia,Neutral,Lainnya,No,Elektronik,No
lampunya berfungsi nyala lumayan remang remang kekuatan batere di jemur seharian cuma jam barang yg sampai soket bautnya patah jadi sedikit terbuka,unknown,3,Tokopedia,Neutral,Rasa,No,Elektronik,No
harga di struk yang dimasukkan di kotaknya beda dengan harga yang ditampilkan di tokopedia kok bisa harganya lebih mahal ya di struk beda jauh harganya,unknown,3,Tokopedia,Neutral,Harga,No,Elektronik,No
barang dtg tidak sesuai yg dikasih tahu admin nya bilang rice cooker 2liter ternyata barang yg dikirim liter,unknown,3,Tokopedia,Neutral,Bentuk,No,Elektronik,No
barang cepat panas dan rusak,unknown,2,Tokopedia,Negative,Lainnya,Yes,Elektronik,No
pengiriman lama banget kurirnya gagal pickup terus setrikanya ternyata besar dan lumayan berat packingnya tipiss cuma bublewrap selapis kualitas strikanya jg kurang menurutku soalnya ga terlalu panas jd lama setrikanya,unknown,3,Tokopedia,Neutral,Bentuk,No,Elektronik,No
ternyata tidak bisa dipakai di redmi 3s tetapi di laptop bisa tidak sesuai harapan,unknown,3,Tokopedia,Neutral,Bentuk,No,Elektronik,No
barangnya datang sesuai dgn pesan dan estimasi waktunya pas banget mantap cuman sayang speaker sebelah kiri gk berfungsi yg bersuara hnya sbelah kanan,unknown,3,Tokopedia,Neutral,Bentuk,No,Elektronik,No
lampunya sering error padahal terhubung ke wifi saklar hidup tapi dihidupin di hp gak mau nyala,unknown,3,Tokopedia,Neutral,Lainnya,No,Elektronik,No
baru sampe brgnya cepet sih tp pas dipasang kipasnya bunyi plus gak ada mur dan baut utk pengikat tutup kipasnya,unknown,3,Tokopedia,Neutral,Rasa,No,Elektronik,No
beli pcs yang satu normal tanpa kendala yang lagi stuck house cartridge nya gak mau ke tengah step nya sama dengan yang normal ikutin manual,unknown,3,Tokopedia,Neutral,Bentuk,No,Elektronik,No
alat bagus tapi gak bisa dipakai lama dipakai kurang dari menit udah overload dan harus nunggu kerjaan bersih2 jadinya memakan waktu yg lama sekali,unknown,3,Tokopedia,Neutral,Bentuk,No,Elektronik,No
barang di kirim tanpa bubble pdhl sdh info kalau mendung gelap bahkan gerimis kecil tp tetap di kirim tanpa di lapis apa pun dus kalau kena air bkl robel dan tembus,unknown,3,Tokopedia,Neutral,Bentuk,No,Elektronik,No
terlalu ringan ada suara glodak glodak saat di hidupkan ga proper sbg penyedot debu baik setara penyedot debu murmer hanya design saja yg dijual,unknown,3,Tokopedia,Neutral,Bentuk,No,Elektronik,No
ya utk harga 100an lumayan worth cuma rgb kanan dan kiri ga selaras sih sama ada deflect gara gara pengiriman mungkin,unknown,3,Tokopedia,Neutral,Harga,No,Elektronik,No
maaf bintang nya cmn casan nya gk bisa di pakai sudah saya coba berkali kali baru mnt batok casan nya panas bgt klo di pake takut meledak untuk pngiriman dan respon oke,unknown,2,Tokopedia,Negative,Lainnya,No,Elektronik,No
toko paling ga niat jualan beli tanggal baru dkirim tanggal barang sih bagus tapi pelayanan ngga banget sesuai review di bawah,unknown,2,Tokopedia,Negative,Bentuk,No,Elektronik,No
barangnya tidak berfungsi boxnya sudah kebuka,unknown,2,Tokopedia,Negative,Lainnya,Yes,Elektronik,No
penggunaan di hp samsung kualitas suara baik kualitas mic standar menuju buruk suara harus keras baru bisa terdengar oleh lawan bicara pengguanan di macbook ketika terhubung kualitas suara baik namun selalu terputus tidak stabil koneksinya sehingga tidak bisa digunakan buat temen temen yang perlu connect ke laptop gitu mending cari tws lain deh soalnya koneksinya ke laptop enggak stabil sekian,unknown,2,Tokopedia,Negative,Rasa,Yes,Elektronik,Yes
dari lampu yg nyala cuma yg nya mati padahal udah dijemur dulu sblm dipasang tadi siang kecewa ya,unknown,2,Tokopedia,Negative,Bentuk,Yes,Elektronik,Yes
yang penting keluar suara deh soal kualitas suara maaf ya mungkin mirip sama mainan anak anak berbentuk handphone,unknown,2,Tokopedia,Negative,Bentuk,No,Elektronik,No
pesan yang satu setengahnya mati,unknown,2,Tokopedia,Negative,Lainnya,Yes,Elektronik,No
klamaan di pengiriman pesen urgent pagi2 pke ojek online biar lngsng smpe malah dikirim pke tiki bsk nya br smpe,unknown,2,Tokopedia,Negative,Lainnya,No,Elektronik,No
pengunci baling baling nya tidakk ada next dicek dengan teliti lah sbelum kirim bagus cocok dengan kipas angin lama yang rusak,unknown,2,Tokopedia,Negative,Bentuk,Yes,Elektronik,No
barang pecah ndak tau dr seller apa ekspedisinya sayangnya saya selesaikan transaksinya sblm diunboxing bgtu dibuka malah pecah barang cm dilapisi satu lapis bublewarp tipis overall kecewa,unknown,2,Tokopedia,Negative,Bentuk,Yes,Elektronik,Yes
barang sesuai deskripsi dan berfungsi dengan baik cuma tidak puas dg pelayanan dari penjual pesanan diproses h dan di pick up h itu pun sesudah dikomplen baru bergerak,unknown,2,Tokopedia,Negative,Bentuk,No,Elektronik,No
barang tidak bisa digunakan dan tidak ada cd driver nya,unknown,2,Tokopedia,Negative,Lainnya,No,Elektronik,No
pengiriman lambat dan toko gak ramah dalam komunikasi,unknown,2,Tokopedia,Negative,Lainnya,No,Elektronik,No
kayaknya dapat yg baterai yg jelek atau drop males kirim balik tp masih bisa digunakan cuma setiap kali jalan harus setting tanggal dan jam mulu tombol charge juga warna merah gak pernah nyala,unknown,2,Tokopedia,Negative,Bentuk,No,Elektronik,No
salah kirim barang yang dikirim item harga jauh lebih murah smart breaker transaksi sudah terlanjur diselesaikan karena sudah beli beberapa kali dan biasa tidak ada masalah,unknown,1,Tokopedia,Negative,Harga,Yes,Elektronik,No
baru dipakai malam langsung ngedrop,unknown,1,Tokopedia,Negative,Lainnya,No,Elektronik,No
barang printer yang di kirim rusak admin online tapi tidak mau membalas chat dan pertanyaan saya untuk claim garansi,unknown,1,Tokopedia,Negative,Lainnya,Yes,Elektronik,No
baru dipakai 1x tidak sampai menit penghisapnya mati total,unknown,1,Tokopedia,Negative,Lainnya,Yes,Elektronik,No
beli tanggal agustus tp tanggal september sdh error di bagian driving wheels akhirna ditanggal itu jg sya kirim t9 nya ke service centre di tangerang hari kemudian t9 kembali di tgn sya tp kemudian error lg di tanggal september kali ini error di bagian sensor dmn deebot selalu bilang ozmo pro is being installed please move to the non carpet area pdhal ozmo pro tdk sedang di attach ke t9 nya dikarnakan hal ini lampu pd deebot akhirna suka bergonta ganti jd biru putih biru putih dan semalaman itu voice report terus menerus bunyi seperti itu kalau dsuru bawa service lg maap saja sya bakalan tdk mao berhubung ongkosna yg sgt mahal jd untuk sementara ya sya hanya bs matikan voice reportna dl aja biar ga terganggu overall agak mengecewakan t9 ini dibandingkan t8 aivi dan t9 jauh tdk tahan banting baru pake sebulan tp sdh byk sekali errornya bener2 nyesel jg belinya maaap cuma bs kasi bintang segene krn ktdkpuasan saya kl memang mao consider beli robot beli baik beli t8 series aja lebi tahan banting soale,unknown,1,Tokopedia,Negative,Harga,Yes,Elektronik,No
barang baru sampe trus dicoba awal nya bagus tiba tiba mesin nya mati udah dicoba berkali kali tetap ga hidup seller di chat tidak respon dana sudah diterima seller tokopedia ga bisa bantu komplain saya kecewa sekali sudah hari sejak komplain saya cuma disuruh nunggu katanya di cek tiap hari saya tanya masih dicek ga pernah sekalipun duluan kasih info soal barang saya selalu saya yg tanya duluan jadi kapan penyelesaian nya baru sekali ini belanja di tokopedia kena seller ga bagus begini minta refund ga ditanggapi barang saya juga ga tau kemana dan diapain saya beli baru tapi kayak beli barang refurbish yg ga dikirim dikirim menyebalkan,unknown,1,Tokopedia,Negative,Bentuk,Yes,Elektronik,Yes
saran buat toko kalau bisa pengiriman nya jangan lewat antaraja kalau bisa disarankan pegiriman nya lewat yg lain aja,unknown,1,Tokopedia,Negative,Lainnya,No,Elektronik,No
lampu tidak berfungsi sebagaimana mestinya tidak bisa berganti warna maupun dimatikan padahal sudah mengeklik tombol dpi dan memakai software juga warna merah menyakitkan di mata saya dan malah mirip mouse 10an ribu sudah mengirim pesan ke seller tapi tidak ada respon selama lebih dari jam terpaksa saya kasih bintang saya baru kali ini membeli produk dari aula dan merasa kecewa padahal saya sendiri termasuk pengguna gear dari aula,unknown,1,Tokopedia,Negative,Rasa,Yes,Elektronik,Yes
packing seadanya bubble hanya selapis saja ditambah lapisan plastik hasilnya barang diterima dalam keadaan patah,unknown,1,Tokopedia,Negative,Bentuk,No,Elektronik,No
barang yg dibeli sama sekali tdk berfungsi utk komplain hrs ada video unboxing pdhal bukan kerusakan fisik beli dari official store ternyata sama sekali tdk menjamin kualitas barang,unknown,1,Tokopedia,Negative,Bentuk,Yes,Elektronik,No
dlm ordernya sdh sy tambah bubble wrap rp tp dikirimnya tanpa bubble lagian ordernya pagi2 n minta spy dikirimnya lbh cepat instant ternyata tibanya jam 16an,unknown,1,Tokopedia,Negative,Lainnya,No,Elektronik,No
baru seminggu pemakaian sudah tidak bisa nyala sebelah,unknown,1,Tokopedia,Negative,Lainnya,No,Elektronik,No
barangnya saya terima dalam keadaan pecah di bagian sudut padahal posisi itu dilapis gabus pelindungnya loh jadi saya berasumsi kalau barangnya memang sudah pecah dari sebelum dikirim bukan saat ekspedisi sayang lupa videokan saat unboxing,unknown,1,Tokopedia,Negative,Bentuk,No,Elektronik,No
sama sekali ga bisa dipakai pas dicolokin ke laptop bisa nyala abis masukin cd cd tidak terbaca pas mau dikeluarin cd nya ga bisa skrg cd saya masih didalem external cd ini hadeehh jadi nambah urusan,unknown,1,Tokopedia,Negative,Bentuk,No,Elektronik,Yes
ini produk ga diragukan sensornya hampir ga ada delay dieksekusinya mantap,unknown,5,Tokopedia,Positive,Rasa,No,Elektronik,No
suaranya mantap packaging aman barang mudah digunakan,unknown,5,Tokopedia,Positive,Rasa,No,Elektronik,No
barang sesuai deskripsi berfungsi dgn baik makasih jga untuk responnya yg sangat baik,unknown,5,Tokopedia,Positive,Bentuk,No,Elektronik,No
produknya dipaketkan dengan rapi dan tidak ada cacat recommended,unknown,5,Tokopedia,Positive,Bentuk,No,Elektronik,No
pasangnya gampang bahannya kokoh barangnya original proses pesanan cepat packaging aman packaging rapi respon penjualnya top penjualnya ramah banget,unknown,5,Tokopedia,Positive,Bentuk,No,Elektronik,No
beli ezviz c6n dan sudah terpasang dua duanya mudah untuk dipasang sendiri dan di setting sendiri barang original gambar cukup jelas pan and tilt sangat membantu untuk menemukan sudut pandang yang optimal untuk memantau terima kasih seller,unknown,5,Tokopedia,Positive,Bentuk,No,Elektronik,No
sangt bermanfaat kamera bisa digerakan putar kiri kanan naik turun ada mengirim suara audio gambar kamera juga bagus,unknown,5,Tokopedia,Positive,Bentuk,No,Elektronik,No
saya puas dengan pelayanan dari tokoh ini awalnya saya chat pertanyakan ketersediaan barang ini ready tapi begitu saat pengiriman barang tidak tersedia saya diberikan solusi barang dengan model dan tipe yang berbeda namun tokoh langsung menyediakan barang sesuai permintaan saya walaupun tidak sesuai dengan estimasi waktu yang saya pesan sameday akhirnya barang pesanan saya di kirim juga sesuai dengan harapan saya terima kasih seller doa kita bersama semoga makin sukses dan barang awet saya pakai terima kasih seller god jobsbisa muat banyak barangnya original mutu terjamin sni ada garansi resmi gampang dipakai desainnya elegan hemat listrik,unknown,5,Tokopedia,Positive,Bentuk,No,Elektronik,No
pengalaman pertama beli kulkas secara online alhamdulillah pengiriman dan pengemasan baik produk diterima dng baik tanpa kerusakan dan kualitas produk bagus harga lebih miring dibanding beli langsung ke toko,unknown,5,Tokopedia,Positive,Bentuk,No,Elektronik,No
kulkas saat ini kondisi bagus semoga awet tidak ada kendala2 yang saya suka banget toko ini aja sendiri h lebaran yang sanggup kirim di hari yang sama pesen jam jam nyampe mantaaaap thx seller,unknown,5,Tokopedia,Positive,Bentuk,No,Elektronik,No
pengiriman cepat dan aman barang sesuai deskripsi bagian ujungnya terbuat dari plastik tapi cukup kokoh perakitan mudah cuma modal obeng tips jangan dikencengin dulu semua bautnya kecuali kalau sudah fixed dgn ukuran kaki mesin cuci recommended,unknown,5,Tokopedia,Positive,Bentuk,No,Elektronik,No
dua hari udah sampe gampang banget di rakit besinya lumayan kokoh dan sellernya sangat ramah terima kasih,unknown,5,Tokopedia,Positive,Bentuk,No,Elektronik,No
barang sesuai untuk ukuran mesin cuci tabung pas banget terima kasih tokopedia buat seller semoga sukses terus tokonya,unknown,5,Tokopedia,Positive,Bentuk,No,Elektronik,No
paket sudah diterima dan di test lancar tanpa macet pokoknya recommended buat yang byari printer connect cash drawer ya panda aja setting nya jg gampang,unknown,5,Tokopedia,Positive,Lainnya,No,Elektronik,No
seller ramah sabar jawab semua pertanyaan barang sampai tepat waktu mesin sudah dicoba dpt bekerja dgn baik semoga awet thanks,unknown,5,Tokopedia,Positive,Bentuk,No,Elektronik,No
alhamdulillah bos barangnya sesuai pesanan nyampe dalam waktu hari luar biasa terima kasih banyak semoga lancar jaya dan untuk teman teman jangan ragu untuk belanja di toko ini terima kasih,unknown,5,Tokopedia,Positive,Bentuk,No,Elektronik,No
barang nya jos berfungsi dengan baik kualitas oke jadi membantu saya banget cuma awal pakek bingung kok gk bisa buka otomatisnya eh app saya ternyata yg gk suport cash drawernya mantul dah,unknown,5,Tokopedia,Positive,Bentuk,No,Elektronik,No
barangnya bagus praktis dan harganya murah ga salah pilih produk dari blueprint original merk respon penjual cepat dan ramah rrcommended,unknown,5,Tokopedia,Positive,Bentuk,No,Elektronik,No
barang sangat bagus no lecet no rusak super sekaliii terimakasih sukses selalu jaga kesehatan,unknown,5,Tokopedia,Positive,Bentuk,No,Elektronik,No
ditrima barangnya dg baik dan memuaskan trimakasi ya toko pedia smg sukses trus,unknown,5,Tokopedia,Positive,Lainnya,No,Elektronik,No
5jam lgsg sampe packing aman buble warp kondisi barang sudah dicoba mantab lancar bagus hasilnya penjual fast respon terima kasih seller,unknown,5,Tokopedia,Positive,Bentuk,No,Elektronik,No
mantap barang cepet sampenya seller positive respon harga pass kualitas oke rekomen banget pokoknya,unknown,5,Tokopedia,Positive,Bentuk,No,Elektronik,No
respon sangat profesional dan siap membantu dng semua pertanyaan pengiriman sangat cepat dan kwalitas barangnya sesuai,unknown,5,Tokopedia,Positive,Bentuk,No,Elektronik,No
mesin sesuai yg dibutuhkan cs nya juga ramah menjawab semua pertanyaan apa yg kita butuhkan,unknown,5,Tokopedia,Positive,Bentuk,No,Elektronik,No
barang sampai dengan selamat fungsi insya allah berjalan dengan baik tinggal penggunaannya masih belum mahir barang oke mantap,unknown,5,Tokopedia,Positive,Rasa,No,Elektronik,No
pelayanan sangat memuaskan dan memberikan yang terbaik penjual sangat responsif untuk menjelaskan kalau di tanyain,unknown,5,Tokopedia,Positive,Lainnya,No,Elektronik,No
mudah digunakan suara yang dihasilkan jernih produk berfungsi dengan baik,unknown,5,Tokopedia,Positive,Lainnya,No,Elektronik,No
barangnya bagus bagus sesuai pesanan harganya terjangkau dan berkualitas terimakasih banyak tokopedia kurir dan seller,unknown,5,Tokopedia,Positive,Bentuk,No,Elektronik,No
jos mantap udah saya tes nya normal semua tinggal coba hasil suaranya aja moga suaranya juga tanpa kendala,unknown,5,Tokopedia,Positive,Rasa,No,Elektronik,No
suara yang dihasilkan jernih kalau ditambahkan kit giga bass tambah glerr ditambah lg preeamp mic tr bisa buat karaoke,unknown,5,Tokopedia,Positive,Lainnya,No,Elektronik,No
berfungsi dngn baik playanan toko ini sangat bagus saya saran kan belanja ditoko ini gak bikin kecewa pelanggan best of the best lah toko ini,unknown,5,Tokopedia,Positive,Bentuk,No,Elektronik,No
barang sesuai gambar cuman perlu adaptor 12v lagi supaya bisa nyala terima kasih juga buat kurirnya,unknown,4,Tokopedia,Positive,Bentuk,No,Elektronik,No
maaf br review skr barang sesuai lsg dipakai gk ada masalah seller nya cepet ngerespon nya yg pasti remote nya keren recomended banget tks,unknown,5,Tokopedia,Positive,Bentuk,No,Elektronik,No
seller positive mini wireless keyboard berfungsi dengan baik terima kasih,unknown,5,Tokopedia,Positive,Lainnya,No,Elektronik,No
terima kasih barang yg d terima bagus berfungsi semua packingnya juga oke jd barang aman sampai d rmh tanpa ada kerusakan,unknown,5,Tokopedia,Positive,Bentuk,No,Elektronik,No
keren banget barangnya batrenya sumpah awet banget volumenya juga gede dan ringan cocok banget dibawa untuk lari atau work out makasi min,unknown,5,Tokopedia,Positive,Bentuk,No,Elektronik,No
barang sdh di terima dgn selamat dan barang nya muantaaap sekali maju dan terus berkembang buat toko nya,unknown,5,Tokopedia,Positive,Lainnya,No,Elektronik,No
makasi gan barang dah sampai aman dan langsung dipakai barangnya bagus slalu memuaskan terus belanja disini,unknown,5,Tokopedia,Positive,Bentuk,No,Elektronik,No
produk berfungsi dengan baik seller sangat komunikatif dan informatif dari proses pemilihan paket yang sesuai kebutuhan sampai dengan cara penggunaannya dipandu pengiriman sangat cepat padahal menggunakan yang bebas ongkir dari jakarta ke surabaya alatnya kecil dan praktis tapi sangat fungsional nggak hanya untuk nonton film tapi juga live channel dalam dan luar negeri waktu pertama tanya2 hanya nyari buat netflix nba tv dan amazon prime dapatnya lebih tapi jangan lupa ya kerja alat ini benar2 tergantung koneksi internet kita dia makin oke semuanya kalau internet kita top juga,unknown,5,Tokopedia,Positive,Bentuk,No,Elektronik,No
barangnya original produk berfungsi dengan baik suara yang dihasilkan jernih mudah digunakan asli ga nyesel transaksi disini agan seller mau jelasin sejelas2nya masalah produk dan variasi2nya sampe cara penggunaan alatnya sehingga berfungsi semuanya,unknown,5,Tokopedia,Positive,Bentuk,No,Elektronik,No
suara yang dihasilkan jernih garansi resmi mudah digunakan seller sangat komunikatif dan detail dalam menjelaskan fitur yang bisa digunakan untuk streaming tv maupun film sangat recommended untuk hobby nya nonton produk berfungsi dengan baik barangnya original,unknown,5,Tokopedia,Positive,Bentuk,No,Elektronik,No
recommend banget beli disini respon cepet banget ga ada itungan menit dikasih best price harga ok mau tanya apapun di respon sampe di kasih no wa dan sabar banget tungguin semua sampe ok di call sampe menit jarang2 ketemu yg begini thanks banget ya puas banget dan recommend banget,unknown,5,Tokopedia,Positive,Harga,No,Elektronik,No
solusi untuk yang pingin punya smart tv tanpa harus beli smart tv barang berfungsi seperti seharusnya,unknown,5,Tokopedia,Positive,Lainnya,No,Elektronik,No
mantab deh sesuai ekspektasi lancar jaya ga ngelag meski ram cuma 2gb mungkin krn sudah di optimize dari mi nya ui juga lebih simple dr tv box lain overall puas,unknown,5,Tokopedia,Positive,Bentuk,No,Elektronik,No
highly recomend mantap seller ini pengiriman super kilat cuma 1x24jam sampai ada yg kurang kirim saya wa cepat dibalas dan langsung dikirim kekurangannya ramah respon sangat baik,unknown,5,Tokopedia,Positive,Rasa,No,Elektronik,No
barang sampai dengan baik produk cukup bagus suara tidak melengking radio cukup jernih semoga bermanfaat,unknown,5,Tokopedia,Positive,Bentuk,No,Elektronik,No
alhamdulillah paket sampai dgn cepat suaranya jernih juga ibu saya seneng bisa denger radio rodja lagi seller ramah dan responsif semoga awet produknya semoga berkah untuk seller,unknown,5,Tokopedia,Positive,Bentuk,No,Elektronik,No
ditinjau dr kesesuaian dg deskripsi fungsional produk dan rekomendasi produk adalah tepat sesuai dan baik,unknown,5,Tokopedia,Positive,Bentuk,No,Elektronik,No
sesuai dengan deskripsi penjua sudah dites fungsi dan beberapa fiturnya dan berjalan dg baik kualitas suara tidak mengecewakan harga yg cukup menarik itupun masih diberi bonus kecil recomend jd best seller in toped,unknown,5,Tokopedia,Positive,Bentuk,No,Elektronik,No
akhirnya kesampaian juga punya mp3 player terima kasih sudah menyediakan produk ini sangat mudah di gunakan,unknown,5,Tokopedia,Positive,Lainnya,No,Elektronik,No
seperti biasa pesanan cepat seller juga fast respon,unknown,5,Tokopedia,Positive,Lainnya,No,Fashion,No
harga murah kualitas baik,unknown,4,Tokopedia,Positive,Harga,No,Fashion,No
terimakasih recommended seller,unknown,5,Tokopedia,Positive,Lainnya,No,Fashion,No
pengiriman cepat barang sesuai,unknown,4,Tokopedia,Positive,Bentuk,No,Fashion,No
kecepatan pengiriman baik packing rapi pesanan sesuai tx seller,unknown,5,Tokopedia,Positive,Bentuk,No,Fashion,No
jepitan nya bagus2 canti anakku suka,unknown,4,Tokopedia,Positive,Bentuk,No,Fashion,No
bagus bgt topi nya nnti mau bli lgi ahh,unknown,5,Tokopedia,Positive,Bentuk,No,Fashion,No
topinya bagus bahan nya,unknown,4,Tokopedia,Positive,Bentuk,No,Fashion,No
bahan bagus kualitas bagus sesuai harga,unknown,5,Tokopedia,Positive,Bentuk,No,Fashion,No
harga sesuai barang yah,unknown,4,Tokopedia,Positive,Harga,No,Fashion,No
jamnya berfungsi normal ukuran sesuai keren banget modelnya,unknown,5,Tokopedia,Positive,Bentuk,No,Fashion,No
jamnya berfungsi normal bahannya bagus ukuran sesuai nyaman dipakai lama,unknown,4,Tokopedia,Positive,Bentuk,No,Fashion,No
barangnya udah kami terima terimakasih gan,unknown,5,Tokopedia,Positive,Lainnya,No,Fashion,No
barang bagus cuma kurang teliti saat pengiriman kabel charger salah yang magnetik tapi dapat kabel charger usb selain it ok lah,unknown,4,Tokopedia,Positive,Bentuk,No,Fashion,No
lumayan buat dipake hari2 tp ga ada certificatenya,unknown,3,Tokopedia,Neutral,Lainnya,No,Fashion,No
topi nya lembut tapi warna tidak sesuai dgn foto,unknown,3,Tokopedia,Neutral,Bentuk,No,Fashion,No
kualitas sesuai harganya,unknown,3,Tokopedia,Neutral,Harga,No,Fashion,No
ukuran sesuai bahannya tebal packaging nya rapi respon penjualnya top,unknown,5,Tokopedia,Positive,Bentuk,No,Fashion,No
bahan dan model bagus hanya saja size terlalu kecil udah up size masih ngepas modelnya kekinian,unknown,5,Tokopedia,Positive,Bentuk,No,Fashion,No
ukuran sesuai bahannya tebal modelnya kekinian jahitannya rapi nyaman dipakai si kecil packaging nya rapi,unknown,5,Tokopedia,Positive,Bentuk,No,Fashion,No
ukuran sesuai nyaman dipakai si kecil bahannya tebal jahitannya rapi modelnya kekinian packaging nya rapi proses pesanan cepat packaging aman,unknown,5,Tokopedia,Positive,Bentuk,No,Fashion,No
ukuran sesuai packaging nya rapi,unknown,4,Tokopedia,Positive,Bentuk,No,Fashion,No
dikabarin yg elephant size 4l kosong minta ganti chevron yg penting bs kembaran kk adek bisa dongs gausah diraguin bahannya pasti adem,unknown,5,Tokopedia,Positive,Bentuk,No,Fashion,No
barang sesuai deskripsi seller fast response delivery cepat,unknown,5,Tokopedia,Positive,Bentuk,No,Fashion,No
mantap barang sudah sampai dgn harga yg sangat ekonomis tapi kualitas barang tdk ekonomis recommended seller nih,unknown,5,Tokopedia,Positive,Harga,No,Fashion,No
mantap barang cepat sampai dan murah,unknown,5,Tokopedia,Positive,Rasa,No,Fashion,No
agak tipis tapi ok lha,unknown,4,Tokopedia,Positive,Bentuk,No,Fashion,No
bahan tipis seller ramah ekspedisi cpt,unknown,4,Tokopedia,Positive,Bentuk,No,Fashion,No
cakep banget tp salah pilih size mash kegedean di anak tp anak super happy thanks,unknown,5,Tokopedia,Positive,Lainnya,No,Fashion,No
ukuran sesuai nyaman dipakai si kecil bahannya berkualitas proses pesanan cepat empuk buat jalan modelnya keren,unknown,5,Tokopedia,Positive,Bentuk,No,Fashion,No
ukuran sesuai bahannya berkualitas nyaman dipakai si kecil modelnya keren,unknown,5,Tokopedia,Positive,Bentuk,No,Fashion,No
empuk buat jalan bahannya berkualitas modelnya keren bahannya ngga mengecewakan tapi ukuran nya kegedean padahal sudah saya ukur sebelum nya tapi ngga masalah bisa buat jangka panjang,unknown,4,Tokopedia,Positive,Bentuk,No,Fashion,No
nyaman dipakai si kecil ukuran sesuai bahannya tebal bahannya berkualitas empuk buat jalan modelnya keren motifnya kekinian,unknown,4,Tokopedia,Positive,Bentuk,No,Fashion,No
proses cepat jahitan rapih,unknown,5,Tokopedia,Positive,Bentuk,No,Fashion,No
mantaaaaap jaya gan sukses dalam bisnis ini sangat penting untuk menjaga kualitas terbaik dan termurah dengan fitur rentang pencarian harga,unknown,5,Tokopedia,Positive,Harga,No,Fashion,No
barang sesuai foto kualitas lumayan sesuai harga sejauh ini oke lah kalo brgtuu sukses selalu,unknown,5,Tokopedia,Positive,Harga,No,Fashion,No
pengiriman cepat harga murah bahan sesuai harga,unknown,4,Tokopedia,Positive,Harga,No,Fashion,No
barang sesuai keinginan pengiriman cepat,unknown,4,Tokopedia,Positive,Bentuk,No,Fashion,No
barang sesuai pesanan,unknown,5,Tokopedia,Positive,Bentuk,No,Fashion,No
puas banget sesuai pesanan terima kasih,unknown,5,Tokopedia,Positive,Bentuk,No,Fashion,No
makasih ka barang ok,unknown,5,Tokopedia,Positive,Lainnya,No,Fashion,No
barang bagus sesuai harga fast respon,unknown,4,Tokopedia,Positive,Harga,No,Fashion,No
pengiriman cepat tas tak mengecewakan,unknown,4,Tokopedia,Positive,Lainnya,No,Fashion,No
respon cepat barang sesuai pesanan,unknown,5,Tokopedia,Positive,Bentuk,No,Fashion,No
alhamdulillah terimkasih seller tas nya bagus bnget anak saya suka dan langsung dipakai sekolah seller ramah dan proses pengirimanya cepat bikin puas pembeli saya doakan sukses selalu untuk usahanya semoga semakin maju,unknown,5,Tokopedia,Positive,Bentuk,No,Fashion,No
tas nya bagus banget bahannya juga tebel pengiriman barang juga cepat,unknown,5,Tokopedia,Positive,Bentuk,No,Fashion,No
barang cepet pengirimanya sesuai pesanan,unknown,4,Tokopedia,Positive,Bentuk,No,Fashion,No
pengiriman cepat dan barang bagus dan murah,unknown,4,Tokopedia,Positive,Harga,No,Fashion,No
dengan harga segini barang yg didapat cukup memuaskan,unknown,4,Tokopedia,Positive,Harga,No,Fashion,No
bagus bajunya buat sehari hari anak,unknown,5,Tokopedia,Positive,Bentuk,No,Fashion,No
wajar lah harga segitu mah baguss,unknown,5,Tokopedia,Positive,Harga,No,Fashion,No
bagus kak baju nya jahitan nya rapi cocok untuk pakaian sehari hari harga sesuai pelayanan nya bagus,unknown,5,Tokopedia,Positive,Bentuk,No,Fashion,No
bahannya sih bagus sesuai pesanan mudah an muat ya soalnya buat kado trmksh,unknown,5,Tokopedia,Positive,Bentuk,No,Fashion,No
baju bagus tanpa cacat dan harga bersahabat,unknown,5,Tokopedia,Positive,Harga,No,Fashion,No
kualitas sesuai harga pengiriman cepat,unknown,4,Tokopedia,Positive,Harga,No,Fashion,No
kualitas barang sesuai harga bahan lumayan halus tapi sablon agak kasar sepertinya jangan di cuci dengan mesin cuci pengiriman cepat,unknown,4,Tokopedia,Positive,Bentuk,No,Fashion,No
sablonnya pudar dan tipis bahannya tipis but worth it for the price,unknown,3,Tokopedia,Neutral,Harga,No,Fashion,No
celananya sudah dicuci dan dipake ma anakku dan puas banget ma produknya walopun harganya murah tapi tetep oke koq produknya jahitannya juga rapi bahannya memang random dan ga bisa milih tapi masih sepadan banget ma harganya pengirimannya juga cukup cepat thanks seller,unknown,5,Tokopedia,Positive,Bentuk,No,Fashion,No
terimakaasih pesanan sudah sampai pas buat anak2,unknown,5,Tokopedia,Positive,Bentuk,No,Fashion,No
kain adem jahitan bagus ukuran pas positive,unknown,5,Tokopedia,Positive,Bentuk,No,Fashion,No
buat gonta ganti main sehari2 ga usah beli yg ratusan ribu mending buat belanja dapur proses delivery cepet mantab,unknown,5,Tokopedia,Positive,Lainnya,No,Fashion,No
mantep banget bahan adem harga murah langsung dipake anak saya thanks seller,unknown,5,Tokopedia,Positive,Harga,No,Fashion,No
sesuai pesanan motif garis dan polos bahan sesuai hrg mksh,unknown,4,Tokopedia,Positive,Bentuk,No,Fashion,No
lumayanlah sesuai harga,unknown,4,Tokopedia,Positive,Harga,No,Fashion,No
lumayan lah buat harian kualitas sesuai harga,unknown,4,Tokopedia,Positive,Harga,No,Fashion,No
lumayan sesuai hrg pengiriman cepat,unknown,3,Tokopedia,Neutral,Bentuk,No,Fashion,No
lucuuu banget gambarnya tapi bahannya tipis ya gapapa biar adem thanks seller,unknown,5,Tokopedia,Positive,Bentuk,No,Fashion,No
barang sesuai pesanan dan pengiriman cepat terima kasih yaa,unknown,5,Tokopedia,Positive,Bentuk,No,Fashion,No
istri saya suka sekali motif hewannya bagus tidak terlihat seperti sablon murahan katanya pakai singlet aja gausah pake baju juga terlihat bagus packing rapi pengiriman cepat,unknown,5,Tokopedia,Positive,Bentuk,No,Fashion,No
bagus motif a lucuu lucyuu seller jg baik pengiriman jg kilat mksh banyak yah sis sukses trs,unknown,5,Tokopedia,Positive,Bentuk,No,Fashion,No
singletnya lucu bahannya lumayan adem buat se hari2 aga tipis sampainya cepat recomended tokonya,unknown,5,Tokopedia,Positive,Bentuk,No,Fashion,No
penjual ramah n fast respon,unknown,4,Tokopedia,Positive,Lainnya,No,Fashion,No
bagus barangnya cepet nyampeknya,unknown,4,Tokopedia,Positive,Bentuk,No,Fashion,No
bahan oke packing rapi dan cepat sampai,unknown,4,Tokopedia,Positive,Bentuk,No,Fashion,No
kerennnnnnnn bgt celananya harganya murahhhh bgt,unknown,5,Tokopedia,Positive,Harga,No,Fashion,No
proses cepat celana lumayan bagus makasih selleer,unknown,5,Tokopedia,Positive,Bentuk,No,Fashion,No
bahannya halus jahitan juga rapi untuk harga segitu uda oke banget,unknown,5,Tokopedia,Positive,Bentuk,No,Fashion,No
cakep beneran pas buat anak aq sesuai umur next order lagee,unknown,5,Tokopedia,Positive,Bentuk,No,Fashion,No
barangnya bagus sesuai dengan harapan saya terima kasih,unknown,5,Tokopedia,Positive,Bentuk,No,Fashion,No
harga oke kualitas barang oke kecepatan pengiriman oke,unknown,4,Tokopedia,Positive,Harga,No,Fashion,No
sesuai randomnya bahan sesuai expektasi terima kasih,unknown,4,Tokopedia,Positive,Bentuk,No,Fashion,No
dengan harga segitu lumayan bagus suka,unknown,4,Tokopedia,Positive,Harga,No,Fashion,No
pengiriman cepat packaging hanya satu lapisan warna tidak sesuai pesanan tapi no problem,unknown,5,Tokopedia,Positive,Bentuk,No,Fashion,No
suka banget sama strap maskernya lucu bagus bangett recommended bgt bakalan jdi langganan sihhh,unknown,5,Tokopedia,Positive,Bentuk,No,Fashion,No
harga murah lucu cepat kirim sukses ya,unknown,5,Tokopedia,Positive,Harga,No,Fashion,No
bagus pengiriman jg cepat enak untuk dipakai anak ringan,unknown,5,Tokopedia,Positive,Bentuk,No,Fashion,No
puas sekali saya pesan pcs semuanya pas qty nya dan tidak ada yg cacat per ada mainan nya pengiriman brg juga cepat terima kasih yaahh seller untuk harga segini sih murah sekalii,unknown,5,Tokopedia,Positive,Harga,No,Fashion,No
minta pink dikasi ungu tp ya udah lah bagus juga,unknown,4,Tokopedia,Positive,Bentuk,No,Fashion,No
barang diterima dengan baik kualitas baik pengiriman cepat makasih,unknown,5,Tokopedia,Positive,Bentuk,No,Fashion,No
pengiriman cepat produk nyaman buat dipakai dirumah,unknown,5,Tokopedia,Positive,Bentuk,No,Fashion,No
barang sudah sampai sesuai dengan pesanan recommended,unknown,5,Tokopedia,Positive,Bentuk,No,Fashion,No
ukurannya sesuai anak saya bahannya bagus anak saya suka makasih ya,unknown,5,Tokopedia,Positive,Bentuk,No,Fashion,No
bahan adem pengiriman lumayan cepat,unknown,5,Tokopedia,Positive,Bentuk,No,Fashion,No
lumayan bahannya dan harganya murah,unknown,4,Tokopedia,Positive,Harga,No,Fashion,No
barang oke sesuai pesanan,unknown,4,Tokopedia,Positive,Bentuk,No,Fashion,No
lucu tasnya murah sesuai harga sih kualitasnya pas juga dianak saya,unknown,5,Tokopedia,Positive,Harga,No,Fashion,No
positive job respon cepat paket cepat sampai,unknown,5,Tokopedia,Positive,Lainnya,No,Fashion,No
barangnya sesuai gambar lucu jga dipke anak saya,unknown,5,Tokopedia,Positive,Bentuk,No,Fashion,No
barangnya bagus lucu semoga ada versi besarnya untuk anak kelas sd gitu hehehe,unknown,4,Tokopedia,Positive,Bentuk,No,Fashion,No
sesuai deskripsi dan pesanan terimakasih,unknown,5,Tokopedia,Positive,Bentuk,No,Fashion,No
puas dengan barangnya,unknown,4,Tokopedia,Positive,Lainnya,No,Fashion,No
tks barang sudah sampai,unknown,4,Tokopedia,Positive,Lainnya,No,Fashion,No
rapi dan enak dipakai,unknown,5,Tokopedia,Positive,Rasa,No,Fashion,No
bagus mudah mudahan awet,unknown,4,Tokopedia,Positive,Bentuk,No,Fashion,No
bagus banget barang nya aku kan pake promo lagi jadi nya terjangkau banget buat anak sekolah kaya aku,unknown,5,Tokopedia,Positive,Harga,No,Fashion,No
bahan model dan warnanya bagus respon penjual cepat harga bersaing dengan kompetitor kemasannya juga bagus,unknown,5,Tokopedia,Positive,Bentuk,No,Fashion,No
bahannya sedikit kaku tapi gpp tebal,unknown,4,Tokopedia,Positive,Bentuk,No,Fashion,No
tidak menerawang mudah dibentuk nyaman dipakai jahitan rapi bahannya adem,unknown,5,Tokopedia,Positive,Bentuk,No,Fashion,No
bahannya adem nyaman dipakai agak menerawang dan tipis,unknown,4,Tokopedia,Positive,Bentuk,No,Fashion,No
barangnya bagus sesuai pesanan,unknown,5,Tokopedia,Positive,Bentuk,No,Fashion,No
yeay paketan sudah sampe lama tapi baru sempet review semoga dipakenya nyaman dan enak karena belum sempet dibuka,unknown,4,Tokopedia,Positive,Rasa,No,Fashion,No
packaging rapi barang sesuai pesanan ekspektasi bahannya lembut ringan jahitannya rapi dan warnanya cantik,unknown,5,Tokopedia,Positive,Bentuk,No,Fashion,No
barangnya bagus harganya murah,unknown,5,Tokopedia,Positive,Harga,No,Fashion,No
bahannya tipis agak kasar pengiriman cepet,unknown,4,Tokopedia,Positive,Bentuk,No,Fashion,No
pengiriman oke produk datang dalam kondisi baik jumlah benar tetapi warna salah gapapa makasih yaa,unknown,4,Tokopedia,Positive,Bentuk,No,Fashion,No
bahannya tebal bahannya lembut warnanya cantik anti slip ukuran sesuai,unknown,5,Tokopedia,Positive,Bentuk,No,Fashion,No
pesen kemarin dateng hari ini cepet banget sajadahnya bagus bulunya halus terus busanya beneran tebel semoga sholat saya bisa terus khusyukk karena sajadah ini aamiin terima kasih seller bahannya tebal bahannya lembut ukuran sesuai warnanya cantik anti slip,unknown,5,Tokopedia,Positive,Bentuk,No,Fashion,No
alhamdulillah cepat sekali pengirimannya seller ramah packing rapi produk kondisi sangat baik tebalnya pas dan bahannya ok sesuai perkiraan terima kasih,unknown,5,Tokopedia,Positive,Bentuk,No,Fashion,No
pengiriman dan baramg sesuai yg diharapkan,unknown,4,Tokopedia,Positive,Bentuk,No,Fashion,No
sesuai dengan pesanan,unknown,5,Tokopedia,Positive,Bentuk,No,Fashion,No
positive sesuai pesanan terima kasih pas ank sya suka,unknown,4,Tokopedia,Positive,Bentuk,No,Fashion,No
packing rapi barang lumayan,unknown,4,Tokopedia,Positive,Bentuk,No,Fashion,No
barang sesuai deskripsi mukena nya tebal toko nya sangat rekomended,unknown,5,Tokopedia,Positive,Bentuk,No,Fashion,No
masyaaallah bagusss muraaahhhh jangan ragu order mukenah disini asli sd survey bbrp seller offline n online disini murah harganya barang sama dg yg diluaran yg harga mahal jangan ragu beli ditoko ini ya,unknown,5,Tokopedia,Positive,Harga,No,Fashion,No
bahan bagus sih tapi warna foto sm asli beda,unknown,3,Tokopedia,Neutral,Bentuk,No,Fashion,No
warnanya beda dgn gambar tidak menerawang bahannya adem nyaman dipakai,unknown,4,Tokopedia,Positive,Bentuk,No,Fashion,No
bahannya tebal warnanya cantik tidak licin ukuran sesuai modelnya simple bahannya adem,unknown,5,Tokopedia,Positive,Bentuk,No,Fashion,No
tidak licin pembelian ke sekian bagus warna sesuai gambar,unknown,5,Tokopedia,Positive,Bentuk,No,Fashion,No
terima kasih pesanan sesuai dan bagus maaf inner nya sdh di pake si kakak,unknown,4,Tokopedia,Positive,Bentuk,No,Fashion,No
enak bahannya pas banget bagussss pengiriman juga cpt bgtt sampe gainget pesen paket wkwk,unknown,5,Tokopedia,Positive,Bentuk,No,Fashion,No
barang bagus pet nya tebel,unknown,4,Tokopedia,Positive,Bentuk,No,Fashion,No
lumayan sesuai harga makasi,unknown,4,Tokopedia,Positive,Harga,No,Fashion,No
bagus buat harga 35rb an bahan lumayan halus tidak kaku tidak terlalu tipis tidak menerawang sepertinya nyaman dipakai,unknown,5,Tokopedia,Positive,Bentuk,No,Fashion,No
sdh kali belanja fast respons amanah,unknown,5,Tokopedia,Positive,Lainnya,No,Fashion,No
celana nya nyaman tapi kalo bisa sakunya ada kiri dan kanan agar balance kalo simpan sesuatu di saku tks sukses maju terus,unknown,4,Tokopedia,Positive,Bentuk,No,Fashion,No
pesanan sdh diterima dengan baik,unknown,4,Tokopedia,Positive,Lainnya,No,Fashion,No
pengiriman sangat cepat masker jahitannya rapi dan bahan kain baik,unknown,5,Tokopedia,Positive,Bentuk,No,Fashion,No
warna sesuai pic cantik,unknown,5,Tokopedia,Positive,Bentuk,No,Fashion,No
masker bagus sesuai harga,unknown,4,Tokopedia,Positive,Harga,No,Fashion,No
bahannya adem jahitan rapi,unknown,5,Tokopedia,Positive,Bentuk,No,Fashion,No
ukuran sesuai modelnya cantik bahannya adem istri suka banget,unknown,5,Tokopedia,Positive,Bentuk,No,Fashion,No
bahannya adem warnanya cantik ukuran sesuai terimakasih,unknown,5,Tokopedia,Positive,Bentuk,No,Fashion,No
tidak menerawang ukuran sesuai bahannya adem jahitan rapi warnanya cantik modelnya cantik,unknown,5,Tokopedia,Positive,Bentuk,No,Fashion,No
mantab bahannya adem ukuran sesuai modelnya cantik warnanya cantik jahitan rapi tidak menerawang,unknown,5,Tokopedia,Positive,Bentuk,No,Fashion,No
tidak menerawang modelnya cantik bahannya adem warnanya cantik ukuran sesuai jahitan rapi,unknown,5,Tokopedia,Positive,Bentuk,No,Fashion,No
alhamdulillah bisa dpt traktiran dari tokopedia semoga kemudian hari walaupun ngasih gratisan harus sesuai ukuran juga tapi gak papa makasih buat seller yg udah rela ngasih gratis bisa kepakek utk di rumah aja warnanya cantik tidak menerawang,unknown,4,Tokopedia,Positive,Bentuk,No,Fashion,No
suka jilbabnya bagus nyaman dipake,unknown,4,Tokopedia,Positive,Bentuk,No,Fashion,No
barang sesuai deskripsipenjual ramah dan fast respon,unknown,5,Tokopedia,Positive,Bentuk,No,Fashion,No
bahannya lembut anti slip ukuran sesuai bahannya tebal warnanya cantik,unknown,5,Tokopedia,Positive,Bentuk,No,Fashion,No
warnanya cantik ukuran sesuai bahannya lembut maaf foto nya pocketnya aja sajadahnya sedang dicuci,unknown,5,Tokopedia,Positive,Bentuk,No,Fashion,No
barang sesuai pengiriman cepat makasih,unknown,4,Tokopedia,Positive,Bentuk,No,Fashion,No
alhamdulillah paketan nya sudah sampai sesuai gambar nya trimakasih,unknown,4,Tokopedia,Positive,Bentuk,No,Fashion,No
respon cepat barang bagus,unknown,4,Tokopedia,Positive,Bentuk,No,Fashion,No
bahan berkualitas ukuran sesuai warnanya sesuai potongannya rapi modelnya keren bahan menyerap keringat,unknown,5,Tokopedia,Positive,Bentuk,No,Fashion,No
produk sesuai ekspektasi dan pengiriman barang cepat pokoknya recommended dah,unknown,5,Tokopedia,Positive,Bentuk,No,Fashion,No
modelnya keren ukuran sesuai bahan berkualitas potongannya rapi bahan menyerap keringat warnanya sesuai,unknown,5,Tokopedia,Positive,Bentuk,No,Fashion,No
bahan berkualitas ukuran sesuai modelnya keren warnanya sesuai potongannya rapi,unknown,5,Tokopedia,Positive,Bentuk,No,Fashion,No
barang nya bagus kain elastis mantap,unknown,4,Tokopedia,Positive,Bentuk,No,Fashion,No
barang sudah sampai dengan baik packing rapih dan baik terima kasih,unknown,4,Tokopedia,Positive,Bentuk,No,Fashion,No
tidak menerawang jahitan rapi mudah dibentuk warnanya cantik nyaman dipakai,unknown,5,Tokopedia,Positive,Bentuk,No,Fashion,No
jahitan rapi modelnya cantik nyaman dipakai bahannya adem tidak menerawang,unknown,5,Tokopedia,Positive,Bentuk,No,Fashion,No
suka banget makasih kak,unknown,5,Tokopedia,Positive,Lainnya,No,Fashion,No
alhamdulilah jilbabnya bagus nggak nerawang dapat diskon juga dari tokped makasii seller,unknown,5,Tokopedia,Positive,Harga,No,Fashion,No
tidak menerawang mudah dibentuk jahitan rapi bahannya adem nyaman dipakai modelnya cantik warnanya cantik,unknown,4,Tokopedia,Positive,Bentuk,No,Fashion,No
nyaman dipakai modelnya cantik,unknown,5,Tokopedia,Positive,Bentuk,No,Fashion,No
modelnya cantik bahannya adem nyaman dipakai jahitan rapi warnanya cantik mudah dibentuk,unknown,5,Tokopedia,Positive,Bentuk,No,Fashion,No
jahitan rapi warnanya cantik mudah dibentuk,unknown,5,Tokopedia,Positive,Bentuk,No,Fashion,No
jahitan rapi modelnya cantik warnanya cantik terimakasih kk,unknown,5,Tokopedia,Positive,Bentuk,No,Fashion,No
tidak menerawang mudah dibentuk warnanya cantik pesanan cepat sampai baru pertama belanja d toko ini tidak mengecewakan,unknown,4,Tokopedia,Positive,Bentuk,No,Fashion,No
warnanya cantik pengirimannya cpettt makaci pak kurir ujan2 d anterin,unknown,4,Tokopedia,Positive,Bentuk,No,Fashion,No
masker nyaman dipakainya tidak sesak bagus,unknown,5,Tokopedia,Positive,Bentuk,No,Fashion,No
enak dipakai cocok dengan wajah sy mantap,unknown,5,Tokopedia,Positive,Rasa,No,Fashion,No
bahan tebal bagus cepat sampai terima kasih,unknown,5,Tokopedia,Positive,Bentuk,No,Fashion,No
mksh paket dah sampai dengan cepat bahannya bagus saya suka,unknown,5,Tokopedia,Positive,Bentuk,No,Fashion,No
barang bagus sesuai pesana pengiriman cepat positive job,unknown,4,Tokopedia,Positive,Bentuk,No,Fashion,No
barang sesuai gambar mantul cepat nyampe puas banget,unknown,4,Tokopedia,Positive,Bentuk,No,Fashion,No
tidak menerawang nyaman dipakai mudah dibentuk modelnya cantik bahannya adem jahitan rapi warnanya cantik,unknown,5,Tokopedia,Positive,Bentuk,No,Fashion,No
bahannya adem nyaman dipakai,unknown,5,Tokopedia,Positive,Bentuk,No,Fashion,No
tidak menerawang mudah dibentuk nyaman dipakai jahitan rapi bahannya adem warnanya cantik modelnya cantik,unknown,5,Tokopedia,Positive,Bentuk,No,Fashion,No
barang bagus bahannya adem modelnya cantik,unknown,5,Tokopedia,Positive,Bentuk,No,Fashion,No
bagus admin garcep warna kosong langsung konfirmasibahannya adem jahitan rapi warnanya cantik,unknown,4,Tokopedia,Positive,Bentuk,No,Fashion,No
makasiih krudung nya bagus istri saya sangat suka,unknown,4,Tokopedia,Positive,Bentuk,No,Fashion,No
tidak menerawang nyaman dipakai bahannya adem jahitan rapi,unknown,5,Tokopedia,Positive,Bentuk,No,Fashion,No
tidak menerawang mudah dibentuk jahitan rapi nyaman dipakai warnanya cantik modelnya cantik bahannya adem,unknown,5,Tokopedia,Positive,Bentuk,No,Fashion,No
jahitan rapi warnanya cantik,unknown,5,Tokopedia,Positive,Bentuk,No,Fashion,No
bahannya adem jahitan rapi tidak menerawang mudah dibentuk warnanya cantik nyaman dipakai,unknown,5,Tokopedia,Positive,Bentuk,No,Fashion,No
tidak menerawang bahannya adem,unknown,5,Tokopedia,Positive,Bentuk,No,Fashion,No
mantap hijabnyaaa enaaaaaak dipakai adeeeeem,unknown,5,Tokopedia,Positive,Rasa,No,Fashion,No
ternyata tidak full leather cukup kecewa karena tidak full leather seller tidak kasih info berapa bagian pakai kanvas berapa pakai kulit,unknown,3,Tokopedia,Neutral,Bentuk,No,Fashion,No
beli barang tapi barang nya sendiri tidak pernah datang sementara status selesai pengembalian uang belum juga dilakukan sampai saat ini,unknown,1,Tokopedia,Negative,Lainnya,No,Fashion,No
bagian saku kiri kemeja nampak sobek tidak dijahit ada bolong sehingga kami harus menjahit saku kemeja kiri ini semoga untuk pembeli berikutnya cacat pada pakaian ini dapat diperbaiki atau tidak dijual kepada pembeli jadi tidak mengulangi lagi kesalahan yang sama terima kasih atas waktu perhatiannya,unknown,1,Tokopedia,Negative,Bentuk,Yes,Fashion,No
respon seller cepat proses pengiriman cepat model bahan ok cuma kualitas jahitannya silahkan lihat gambar deh banyak kerutan di jahitan pundak lengan kerah jadi bingung mau pake bajunya gk dipake mubazir dipake ya malu juga mohon jadi perhatian bagi seller terima kasih,unknown,2,Tokopedia,Negative,Bentuk,No,Fashion,No
pesan warna putih karena yg putih kosong dialihkan ke hitam ee yg datang merah maron pusiiing kayaknya ngak siap melayani,unknown,3,Tokopedia,Neutral,Bentuk,No,Fashion,No
packaging nya cuma plastik item itupun sobek pas baru diterima,unknown,3,Tokopedia,Neutral,Bentuk,No,Fashion,No
saya pesan hitam yang dikirim warna kopi next please lebih teliti lagi kalau warna hitam nya gak ada please di info,unknown,2,Tokopedia,Negative,Bentuk,No,Fashion,No
jahitan tidak pas kancing celana tidak kuat sorry tapi ini jujur,unknown,1,Tokopedia,Negative,Bentuk,No,Fashion,No
dapet celana yang gak ada kancingnya sangat disayangkan,unknown,1,Tokopedia,Negative,Lainnya,No,Fashion,No
ukuran tidak konsisten pembelian pertama kedua memuaskan pembelian ke kebesaran padahal size nya selalu stelah komplain pembelian ke dan tidak ada komplain tapi di pembelian ke ini kebesaran lagi,unknown,2,Tokopedia,Negative,Bentuk,Yes,Fashion,Yes
pesen warna hitam yang datang gold padahal sudah konfirm by wa barang datang ada peyok kiri dan kanan kecewa,unknown,1,Tokopedia,Negative,Bentuk,Yes,Fashion,Yes
respon sebenernya cepet tapi pas sampe barang nya ada penyok dikit tp g masalah pengajuan komplain krna sleting g bisa ternyata banyak lem tembak pada nempel nutupin jalan sleting dan akhirnya benerin sendiri untuk kuncian sampai sekrang g bisa padahal kode,unknown,2,Tokopedia,Negative,Bentuk,Yes,Fashion,No
kopernya penuh lecet lecet dan terkelupas dimana mana,unknown,2,Tokopedia,Negative,Bentuk,No,Fashion,No
salah satu putarannya kunci los hingga kunci jd tdk terpakai tp sy males return mungkin sesuai harga x ya utk respon sich oke tp tdk ada say sorry dr penjual,unknown,2,Tokopedia,Negative,Harga,Yes,Fashion,No
barang sudah sampai tujuan hanya saja sebelum dikirim mohon perhatikan barangnya terlebih dahulu,unknown,3,Tokopedia,Neutral,Lainnya,No,Fashion,No
ada beberapa yang jahitan tidak rapih,unknown,3,Tokopedia,Neutral,Bentuk,No,Fashion,No
pengiriman oke jahitannya oke cuma pas dapet yang kancingnya rusak,unknown,3,Tokopedia,Neutral,Bentuk,No,Fashion,No
bagian dalam berantakan semua benang nya seandainya bisa lebih bagus tambah mahal sedikit pasti banyak yg mau ini bagus luar nya,unknown,3,Tokopedia,Neutral,Bentuk,No,Fashion,No
fittingnya kurang sesuai dgn apa yg diharapkan sih tapi bahannya enak lah,unknown,3,Tokopedia,Neutral,Bentuk,No,Fashion,No
yang kids bener yg besar beda bahan dan sangat tipis padahal yg besar pesan yg ada katupnya tapi ini kagak,unknown,3,Tokopedia,Neutral,Bentuk,No,Fashion,No
proses packing sangat lambat,unknown,2,Tokopedia,Negative,Lainnya,No,Fashion,No
barang nya kotor banyak bintik hitam dan bintik putih mungkin jamuran,unknown,2,Tokopedia,Negative,Bentuk,No,Fashion,No
jamnya biasa aja saya tidak tahu kenapa bisa harga awalnya sejutaan mungkin teknik marketingnya seperti itu,unknown,2,Tokopedia,Negative,Harga,No,Fashion,No
barang sudah sampai beberapa hari tapi baru hari ini sempat dibuka dan mau dipakai ternyata ada jahitan di dalam yg terbuka negative quality control,unknown,2,Tokopedia,Negative,Bentuk,No,Fashion,No
topinya warnanya pudar dan gak sesuai dengan pic kecewa terimakasih,unknown,2,Tokopedia,Negative,Bentuk,Yes,Fashion,Yes
jahitan tidak rapih ada jahitan sambungan depan dan samping,unknown,1,Tokopedia,Negative,Bentuk,No,Fashion,No
ada sedikit cacat lipatan jahitannya,unknown,3,Tokopedia,Neutral,Bentuk,No,Fashion,No
kenapa dikirim yg robek begini apa ga dicek dulu sblm dikirimmurah sih emg tp jgn barang rusak yg dikirim min,unknown,1,Tokopedia,Negative,Harga,Yes,Fashion,No
maaf kualitas buruk bahan tipis lingkar kepala gak bisa disetel kecil,unknown,1,Tokopedia,Negative,Bentuk,Yes,Fashion,No
untuk pengatur besar topinya dari plastik dan gampang putus,unknown,2,Tokopedia,Negative,Bentuk,No,Fashion,No
tampilan si ok banget tapi bahan tipis banget masa baru dipake pemakaian normal dua minggu jahitannya udah sobek sendiri,unknown,2,Tokopedia,Negative,Bentuk,No,Fashion,No
maaf kepada seller hanya bisa memberikan bintang disebabkan barang yg dipesan tidak sesuai dgn yg diterima pesannya kepala gesper yg hitam polos sesuai gambar dgn kode namun yg di terima bermotif jadi tidak sesuai harapan mau ajuin komplain juga malas karena saya anggap gak terlalu penting semoga kedepannya seller lebih baik lagi dalam pelayanan,unknown,2,Tokopedia,Negative,Bentuk,Yes,Fashion,No
kualitas barang jelek penguncinya sudah patah saat baru dibuka,unknown,1,Tokopedia,Negative,Bentuk,No,Fashion,No
udah 2x beli ga awet banget yg pertama rusak rel nya macet beli lagi eh relnya kendor ga mau kenceng beltnya,unknown,1,Tokopedia,Negative,Bentuk,Yes,Fashion,No
ikat pinggangnya sendiri sih baiklah yang masalah kepala ikat pinggangnya yang saya terima dibeberapa bagian cat mengelupas hal lain setelah dipake susah dilepas ungkitan untuk menaikkan penahan ikat pinggangnya tidak mau terangkat repot saat mau ganti pakaian,unknown,3,Tokopedia,Neutral,Bentuk,No,Fashion,No
to be honest barang rusak tangkai patah dikirim saya salah juga pas buka ga di video unboxing but overall sangat sangat mengecewakan sih kualiatas barang ini toko padahal sudah di kasih notes waktu pemesanan harap di check dulu min barang sebelum dikirim kapok sih klo saya,unknown,1,Tokopedia,Negative,Bentuk,Yes,Fashion,No
pesen apa datengnya apa untung masih menang argumen waktu komplain tapi terpaksa nerima barang dengan refund dipotong harga barang yg dikirim seller enak untung buyer tetep rugi,unknown,1,Tokopedia,Negative,Rasa,Yes,Fashion,No
frame kacamata nya kurang bagus tipis sptnya gampang patah ngakbseperti kacamata pada umumnya,unknown,3,Tokopedia,Neutral,Bentuk,No,Fashion,No
gak sesuai yg di pesannya merk apa malah yg di kirim nya dompet ginian sdh gitu rugi banyak pas di retur gak di ganti ongkir nya,unknown,1,Tokopedia,Negative,Bentuk,Yes,Fashion,No
beli 10pcs hampir rusak semua bentuknya dan toko terus berdalih ya udah utk pelajaran aja utk yg mau beli,unknown,1,Tokopedia,Negative,Bentuk,Yes,Fashion,No
trimakasih barang sudah sampai tapi sayang kulitnya ada yang cacat,unknown,3,Tokopedia,Neutral,Bentuk,No,Fashion,No
produk swallow tp ukuran yg dikirim tdk sesuai deskripsi saya tanya seller ga respon payah,unknown,1,Tokopedia,Negative,Bentuk,No,Fashion,No
barangnya kurang sesuai dgn permintaan sudah saya setujui berubah jumlah dan ukuran tp ternyata dikirim ada yg dirubah lg tanpa persetujuan,unknown,2,Tokopedia,Negative,Bentuk,No,Fashion,No
baru pake hr ud robek,unknown,2,Tokopedia,Negative,Lainnya,No,Fashion,No
kualitasnya sangat jelek sebanding dengan harganya baru minggu saya pakai sudah robek2 dengan sendirinya,unknown,1,Tokopedia,Negative,Bentuk,No,Fashion,No
ukuran 6xl seperti ukuran m saat digunakan kurang nyaman sempit banget celana dalamnya terutama saat bergerak sambungan tengah yang dijahit juga kurang panjang jadi rasanya sempit banget,unknown,2,Tokopedia,Negative,Bentuk,No,Fashion,No
yang motif ada yg cacat minta motif dikasih dan polos kwalitas kurang bagus maklum barang china masih bagus buatan lokal,unknown,1,Tokopedia,Negative,Bentuk,Yes,Fashion,No
barang tidak sesuai yg dipesan sarung tangan n yg dikirim peluru tolong lebih teliti merespon pesanan,unknown,1,Tokopedia,Negative,Bentuk,Yes,Fashion,No
knuckles karetnya agak kurang nyaman terus pelayananya slow respon,unknown,3,Tokopedia,Neutral,Bentuk,No,Fashion,No
baru pakai di resleting depan langsung rusak gambar bagian belakang kotor,unknown,1,Tokopedia,Negative,Bentuk,Yes,Fashion,No
barang sampai dg cepat ttp dlm kondisi basah dan bau apek kenapa bisa begitu ya padahal didalam plastik,unknown,3,Tokopedia,Neutral,Rasa,No,Fashion,No
polanya kurang pas negativean pas tapi lengan terlalu kecil,unknown,3,Tokopedia,Neutral,Bentuk,No,Fashion,No
saya tulis dicatatan hitam dan putih tapi yang dikirim hitam semua apa gunanya catatan lagian ini kaos kaki anak sd ga muat di kaki orang dewasa,unknown,1,Tokopedia,Negative,Bentuk,No,Fashion,No
saya order hitam pcs dan abu abu 2pcs yang datang justru sebaliknya hitam 2pcs dan abu abu 4pcs,unknown,1,Tokopedia,Negative,Lainnya,No,Fashion,No
kaos kaki sangat tipis saat sudah transaksi respon penjual sangat lambat proses pengiriman,unknown,1,Tokopedia,Negative,Bentuk,No,Fashion,No
maaf kak kok sy pesen celana yg warna abu malah dapet kaos dalem ya mohon dibantu dong ka soalnya sy g enak ke sepupu sy tdnya mau ngasih celana malah dtgnya kaos dalem,unknown,1,Tokopedia,Negative,Rasa,No,Fashion,No
bahan celananya sangat amat tipis dan menerawang gak sesuai gambar di gambar kayak katun tebal gitu tapi aslinya yg dikirim tipis dan gak banget ya maaf,unknown,1,Tokopedia,Negative,Bentuk,No,Fashion,No
pesan warna coklat yg sampai warna abu abu lain kali tolong klo mau jualan lebih profesional lagi,unknown,1,Tokopedia,Negative,Bentuk,No,Fashion,No
sangat tipis bisa di terawang bagusan leging ibu2 di pinggir jalan ini mah sangat tidak recommend over price nyesel bgt gw,unknown,1,Tokopedia,Negative,Bentuk,No,Fashion,Yes
barang yg dikirim gk sesuai modelnya,unknown,1,Tokopedia,Negative,Bentuk,No,Fashion,No
respons penjual lemot seperti ogah2an melayani bahan kaos mudah melar apalagi pakai mesin cuci,unknown,1,Tokopedia,Negative,Bentuk,No,Fashion,No
bahannya tipis dan ukuran xl nya kekecilan terlalu sempit utk dipakai,unknown,3,Tokopedia,Neutral,Bentuk,No,Fashion,No
ukuran xl baju oke tapi celananya tdk xl kekecilan baju bisa pakai celana tidak baju yg dikirim celananya robek pas di jahitan tdk di check dulu sblm kirim,unknown,3,Tokopedia,Neutral,Bentuk,No,Fashion,No
bahannya dicuci luntur mengenai baju yg lain,unknown,3,Tokopedia,Neutral,Bentuk,No,Fashion,No
bahan nya panas dan kegedean banget gak sesuai dengan berat negativean yg d estimasikan,unknown,2,Tokopedia,Negative,Bentuk,No,Fashion,No
luntur terus meski sdh bbrp kali d cuci,unknown,3,Tokopedia,Neutral,Lainnya,No,Fashion,No
ga amanah toko nya awal nya bilang ready ukuran nya setelah transaksi bilang kosong stok nya coba bilang dari awal kalo ukuran yg di ingikan kosong pembeli bisa pindah ke penjual lain pengiriman nya juga lelet,unknown,1,Tokopedia,Negative,Bentuk,No,Fashion,No
barang tidak sesuai dengan pesanan sy pesan warna hitam ukuran l di kirimnya hijau ukuran xl dan sy pesan warna hijau ukuran m di kirim nya ukuran l tingkat kan pelayanan bos semoga di pesanan berikutnya sesuai ya,unknown,3,Tokopedia,Neutral,Bentuk,No,Fashion,No
brang dtg warna nya sesuai pesanan tp karatan dan kotor,unknown,2,Tokopedia,Negative,Bentuk,No,Fashion,No
barang tidak sesuai yg di pesan warna pudar kancing yg di pesan yg di kirim model kancing,unknown,1,Tokopedia,Negative,Bentuk,Yes,Fashion,No
ga sesuai permintaan udh jelas2 dikasi keterangan orderannya dan di chat biar inget eeh malah barang yg datang warna tdk sesuai dengan jumlah warna yg diinginkan pengen cepet ngirim aja ini lapaknya klo ga punya stok jgn di approve,unknown,2,Tokopedia,Negative,Bentuk,No,Fashion,No
celana semua tidak seperti orderan minta nomer dan malah dikasih dan,unknown,2,Tokopedia,Negative,Lainnya,No,Fashion,No
celana ukuran tidak akurat,unknown,3,Tokopedia,Neutral,Bentuk,No,Fashion,No
respon cepat tp sayang tdk sesuai harapan ukuran s nya besar kantong kiri kanan terlalu bawah tanda pangkat di pundak sebelah kiri tidak simetris miring sebelah kanan posisi kancing tdk pas sehingga melengkung kesannya yg menjahit asal asalan tidak rekomendasi,unknown,2,Tokopedia,Negative,Bentuk,Yes,Fashion,No
alas sepatu tipis dipakai bulan sudah aus padahal make ny jarang,unknown,3,Tokopedia,Neutral,Bentuk,No,Fashion,No
warnanya ga sesuai photo di deskripsi warna sepatu di deskripsi aga crem yang dateng abu2x gelap,unknown,2,Tokopedia,Negative,Bentuk,No,Fashion,No
baru di pake sekali udah robek sol nya,unknown,2,Tokopedia,Negative,Lainnya,No,Fashion,No
sepatu nya sudah sampai cuma tdk sesuai pesanan sy seharus nya dan tapi dikasihnya dan jdi ada yg ga muat dipakai nya seharusny ada pemberitahuan dlu lain kali lebih teliti lagi gan klo untuk kwalitas nya bagus hanya disayangkan masalah nomer nya aja,unknown,3,Tokopedia,Neutral,Bentuk,No,Fashion,No
bertanya dijawab ready dikirim tuker ga boleh kecewa sangat,unknown,1,Tokopedia,Negative,Lainnya,Yes,Fashion,No
bolong dikitt lama lama bisa lebar nih orderan kali ini yaa agak kecewa,unknown,3,Tokopedia,Neutral,Lainnya,No,Fashion,No
saya tulis ukuran yg di butuhkan macam yg saya terima ini hanya macam ngga bisa kita pake semua,unknown,2,Tokopedia,Negative,Bentuk,No,Fashion,No
mesan hijau dikasih abu abu ukuran sama apa gak baca pesanannya kalau memang gaada ya dijelaskan saja kn lebih enak,unknown,3,Tokopedia,Neutral,Bentuk,No,Fashion,No
minta size dikirim semuanya tanpa ada konfirmasi dahulu,unknown,3,Tokopedia,Neutral,Lainnya,No,Fashion,No
tolong diperhatikan barang yg akan dikirim layak tidak pesanan yg sy kirim sudah sesuai dari warna dan size tapi barangnya kusam seperti sendal bekas,unknown,3,Tokopedia,Neutral,Bentuk,No,Fashion,No
lumayan tapi kalau dipake jalan jauh suka lecet pas jepit jempol dan kaki telunjuk terasa sakit,unknown,3,Tokopedia,Neutral,Rasa,No,Fashion,No
barang yg dikirim hrsnya di cek dulu konsumen kan byr bukan gratis masa paku rivert nya yg sebelah ada tutup penahannya yg sebelahnya nggak ada tutup penahannya jadi copotlah klo di pake gimana sih,unknown,1,Tokopedia,Negative,Harga,No,Fashion,No
satu lobang tali sepatunya besar sekali seperti lobang di tusuk dua pulpen sepatunya tidak di cek pada saat mau di kirim,unknown,1,Tokopedia,Negative,Bentuk,No,Fashion,No
kecewa belinya asli packing berantakan kardus penyok bawahnya udh kuning kuning kaya bekas di pakai kecewalah pokonya tolonglah di bagusin,unknown,1,Tokopedia,Negative,Bentuk,Yes,Fashion,Yes
posisi kancing dan lubamg kancing tidak sejajar jadi saat dikancing bajunya panjang sebelah dan bagian leher tidak rata,unknown,3,Tokopedia,Neutral,Bentuk,No,Fashion,No
ganti bintang jadi bintang aja lah pelayanan sangat buruk sampe salah warna hal yg fatal sekali,unknown,1,Tokopedia,Negative,Bentuk,Yes,Fashion,No
yg dipesan kerah tinggi yg dtg pendek biasa,unknown,1,Tokopedia,Negative,Bentuk,No,Fashion,No
minta size yg dikirim size kebesaran gk bs saya pakai bagaimna,unknown,3,Tokopedia,Neutral,Bentuk,No,Fashion,No
gk ada kotak sepatunya beli sepatu harus nya ada kotak ini malah plastik kresek doang,unknown,1,Tokopedia,Negative,Bentuk,No,Fashion,No
iklannya seragam pgri kemeja hem katun pria tp ternyata bahannya bukan katun smg ke depan deskripsi sama dg iklannya shg pelanggan tidak kecewa lo,unknown,2,Tokopedia,Negative,Bentuk,Yes,Fashion,No
bahannya tipis dan jahitannya kurang rapi,unknown,3,Tokopedia,Neutral,Bentuk,No,Fashion,No
baru beli dan dibuka sudah ada noda hitam yg sangat terlihat untuk di kemeja putih di cuci tidak bisa hilang,unknown,2,Tokopedia,Negative,Lainnya,Yes,Fashion,No
jahitannya banyak yg ga rapi kain agak nerawang,unknown,2,Tokopedia,Negative,Bentuk,No,Fashion,No
kekecilan ukuran tidak sesuai deskripsi,unknown,1,Tokopedia,Negative,Bentuk,Yes,Fashion,No
tidak dikemas dobel plastik seperti beli gorengan dan jahitan ada yg tidak rapih,unknown,3,Tokopedia,Neutral,Bentuk,No,Fashion,No
pelayanan buruk tidak ada respon warna baju tdk sesuai di wa dan chat via toped gg ada respon beda jauh sama yg saya punya yg beli d toko ini,unknown,1,Tokopedia,Negative,Bentuk,Yes,Fashion,Yes
harganya terlalu mahal untuk kualitas setipis itu tapi gpp deh semoga nanti lebih murah,unknown,3,Tokopedia,Neutral,Harga,No,Fashion,No
di kirimnya yg hidden bukan yg semata kaki kecewa,unknown,1,Tokopedia,Negative,Lainnya,Yes,Fashion,Yes
bahannya kelihatan murah,unknown,3,Tokopedia,Neutral,Harga,No,Fashion,No
minta yg biru di kasih toska,unknown,3,Tokopedia,Neutral,Lainnya,No,Fashion,No
baru mau di pake clipnya copot,unknown,3,Tokopedia,Neutral,Lainnya,No,Fashion,No
kan pesanan nya wrn yellow yg dikirim graay sih hmmm,unknown,3,Tokopedia,Neutral,Lainnya,No,Fashion,No
saya pesan yg putih biasa kenapa di kirim yg ini tidak sesuai,unknown,2,Tokopedia,Negative,Bentuk,Yes,Fashion,No
barang dikirim tidak sesuai jumlah pesanan,unknown,1,Tokopedia,Negative,Bentuk,Yes,Fashion,No
gak sesuai ekspektasi ternyata di ol shop lain harga jauh banget lebih murah,unknown,1,Tokopedia,Negative,Harga,No,Fashion,No
baru diple ps mau buka cantelannya patah,unknown,1,Tokopedia,Negative,Lainnya,No,Fashion,No
pesan yang sampai semoga berkah deh yg curangin,unknown,1,Tokopedia,Negative,Lainnya,No,Fashion,No
ukuran tidak sesuai,unknown,3,Tokopedia,Neutral,Bentuk,No,Fashion,No
barang chat no resp,unknown,3,Tokopedia,Neutral,Lainnya,No,Fashion,No
warna tidak sesuai pesenan,unknown,3,Tokopedia,Neutral,Bentuk,No,Fashion,No
ga sesuai expetasi lebih mirip singlet drpd tanktop beli putih hitam yg dikirim hitam semua pdhal sblm order sdh tanya saat cekout jg yg dipilih hitam putih packing rapi pengiriman agak lama penjual responsif,unknown,3,Tokopedia,Neutral,Bentuk,No,Fashion,No
kurang sesuai ekspetasi,unknown,3,Tokopedia,Neutral,Bentuk,No,Fashion,No
pengiriman lama sekali respon penjual jg lambat,unknown,2,Tokopedia,Negative,Lainnya,No,Fashion,No
bahan bukan katun asli,unknown,2,Tokopedia,Negative,Bentuk,No,Fashion,No
bahannya luntur agak lebih tipis dari yg tempat lain,unknown,3,Tokopedia,Neutral,Bentuk,No,Fashion,No
barang asli nya tak seindah yg difoto,unknown,3,Tokopedia,Neutral,Bentuk,No,Fashion,No
bahan terlalu tipis jahitan kurang kuat bs cpt sobek,unknown,2,Tokopedia,Negative,Bentuk,No,Fashion,No
ini jg sy tdk rekomend krn body sy tinggi jd klu dpke pendek sy gak nyaman klu berkeringat itu basah banget spt disiram air ini mungkin krn bahanya yg sutra jpg oy tangannya jg pendek bingit maaf y,unknown,2,Tokopedia,Negative,Bentuk,No,Fashion,No
kurang bagus kurang pas sama fotonya,unknown,1,Tokopedia,Negative,Bentuk,No,Fashion,No
parah amat d kirimnya baju bekas klo mau jualan yg bener bu,unknown,1,Tokopedia,Negative,Lainnya,Yes,Fashion,No
kain jarik nya tipiiis banget kalo untk acara resmi lebih baik cari yang lain aja ada harga emang ada kwalitas,unknown,3,Tokopedia,Neutral,Bentuk,No,Fashion,No
untuk kain jarik batik agak kecewa sih saya pesen yang warna tapi dikasih yang klasik bahan agak kasar dan tidak panjang kainnya memang sih sesuai harga tapi yasudah gpp thanks,unknown,3,Tokopedia,Neutral,Bentuk,No,Fashion,No
ternyata kainnya kasar bgt dan tidak menyerap keringat,unknown,2,Tokopedia,Negative,Bentuk,No,Fashion,No
ibarat bli kcing dlm karung kainya tipis kyak kulit bwang trus nerawang bnget pokok nya gk bgus bngt kcewa,unknown,1,Tokopedia,Negative,Bentuk,No,Fashion,No
ini pembelian ke2 sblmnya sdh beli yg army suka bgt makanya beli lg yg light grey ternyata size nya beda sm yg army pdhl pilihnya jg all size yg grey stlh dipake br sadar ada jahitan tdk rapi spt itu perlu ditingkatkan lg bagian qc nya nii,unknown,3,Tokopedia,Neutral,Bentuk,No,Fashion,No
menurut saya barangnha kurang bagus sorry banget ya biasa belanja disini barangnya bagus bngt tp untuk ini kurang celana ini sering banget aku pake karena enak dan nyaman dan seminggu aku cuci 1x tapi bahannya jadi jelek gampang robek dan jadi kayak digambar ini,unknown,3,Tokopedia,Neutral,Bentuk,No,Fashion,No
kualitas produk kurang memuaskan,unknown,3,Tokopedia,Neutral,Bentuk,No,Fashion,No
bahannya beda dari orderan yg warna coklat dan baru di pakai sekali langsung robek,unknown,2,Tokopedia,Negative,Bentuk,No,Fashion,No
bru dipake 2x udh robek sana sini trus kek keluar karet2 warna kuning gituu ngga lagi deh,unknown,2,Tokopedia,Negative,Bentuk,No,Fashion,No
komplain krn jam di setting masi tidak menyala jawaban dr admin hanya ok,unknown,1,Tokopedia,Negative,Lainnya,Yes,Fashion,No
barang tidak sesuai gambar mengecewakan,unknown,1,Tokopedia,Negative,Bentuk,Yes,Fashion,No
kecewa beli nya pcs tetapi yang datang hanya pcs,unknown,1,Tokopedia,Negative,Lainnya,Yes,Fashion,Yes
salah kirim bisa sih diselesaikan baik baik tapi males aja,unknown,3,Tokopedia,Neutral,Lainnya,No,Fashion,No
warna nya cantik tp potongannya ga rapi jd sperti barang reject gtu maaf ya tp sy ga puas sih dg barang ini,unknown,3,Tokopedia,Neutral,Bentuk,No,Fashion,No
waktu itu beli di e commerce sebelah bagus banget jahitannya rapi tapi kenapa pas beli di sini jahitannya nggak rapi kayak buru2 buatnya serius sih agak kecewa padahal udah excited banget semoga pas mau beli lagi nggak kayak gini ya,unknown,2,Tokopedia,Negative,Bentuk,Yes,Fashion,Yes
gimana bisa miring begitu plus udh di wanti2 alamat kirim kantor tutup jam terus libur akhir tahun udh ditanya udh konfirmasi katanya bisa sblm jam sampe pake sameday ini nyampe nya jam malem gw nungguin di warkop depan kantor yg udh gelap tolonglah kalo udh di notice gitu pilih sameday grab gojek jgn pake anteraja yg transit sana transit sini kalo emg ga bisa ga usah diiyakan pas nanya jam sampe apa enggak kecewa,unknown,2,Tokopedia,Negative,Bentuk,Yes,Fashion,No
ukurannya tidak sesuai harapan,unknown,2,Tokopedia,Negative,Bentuk,Yes,Fashion,No
saya membeli sepatu yang sama dengan ukuran berbeda yang dikirim adalah sepatu no dan pengajuan klaim adalah penukaran namun malahan yang diterima uang ini benar benar merugikan pelanggan sekalipun saya dapat order kembali namun ada biaya ongkir yang harus ditanggung kualitas sepatu no pun tidak prima daerah tongue jahitannya loncat pengalaman ini benar benar mengecewakan,unknown,1,Tokopedia,Negative,Bentuk,Yes,Fashion,No
boleh murah tp jangan murahan produk masih banyak reject nya jahitan berantakan sol banyak longgar dan tidak rapih pengiriman pun di reschedule di pending se suka hati penjual tanpa memberikan alasan sebab yg jelas packaging tidak rapih anehnya foto tidak bisa di upload,unknown,1,Tokopedia,Negative,Bentuk,No,Fashion,Yes
gak rapih bgt dalemnya kayak gak di qc atau ntah karena diskon jadi barang yang agak rusak cukup kecewa sih,unknown,3,Tokopedia,Neutral,Bentuk,No,Fashion,No
tampak luar ok cuma resletingnya ga bisa dibuka gerigi resletingnya sudah rusak,unknown,3,Tokopedia,Neutral,Lainnya,No,Fashion,No
kecewa nih beda bentuknya sama yg mini mochi produksi sebelumnya jd sempit n kurang cantik yg baru,unknown,2,Tokopedia,Negative,Bentuk,Yes,Fashion,Yes
tasnya bagus ringan dan elegan tapi sayang dateng2 pas dibuka jahitan sebelah kanan sudah pada copot jdi lgsg saya bawa ke permak tas,unknown,3,Tokopedia,Neutral,Bentuk,No,Fashion,No
bahanya jelek harganya sdh mahal,unknown,1,Tokopedia,Negative,Harga,No,Fashion,No
barangnya jelek cepet rusak baru pake sehari talinya sudah mau lepas,unknown,3,Tokopedia,Neutral,Bentuk,No,Fashion,No
tidak sesuai gambar,unknown,3,Tokopedia,Neutral,Bentuk,No,Fashion,No
bahannya jujur kurang puas warna sih oklah,unknown,3,Tokopedia,Neutral,Bentuk,No,Fashion,No
brg sudah sampai dgn cepat cm sehari tp sy kecewa krn sy minta warna di mix tp yg dtg cm wrn hitam next cb dichek permintaan pembeli ya kak ckp sekali sj belinya deh,unknown,3,Tokopedia,Neutral,Bentuk,No,Fashion,No
bahan panas tipis gatal kalau dipakai lebih dari 1jam,unknown,2,Tokopedia,Negative,Bentuk,No,Fashion,No
privasi nya gak terjaga pas ngambil nya kan jadi malu ada bacaan celana dalam wanita kalau yang beginian tolong di jaga privasi udah lah paket nya smlm di titipkan ke orang pula,unknown,2,Tokopedia,Negative,Bentuk,No,Fashion,No
gimana ini ya saya beli celana dalam hitam grey pink kok ukuran nya beda beda yang pink paling gede grey kecil banget,unknown,2,Tokopedia,Negative,Bentuk,No,Fashion,No
produknya mudah rusak dan kalo kena kuku dan yg tajam2 runcing langsung robek dan benangnya terurai mau komplain udah terlanjur dibuka dan dipakai semua barang nya saya merasa dirugikan apalagi saya biasa beli yg bermerek walaupun mahal puas ini saya coba beli produk ini malah bikin habis uang saya harus beli lagi cd skrg,unknown,1,Tokopedia,Negative,Bentuk,Yes,Fashion,Yes
diskon nya nipu barang nya ternyata sesuai dengan harga,unknown,1,Tokopedia,Negative,Harga,No,Fashion,No
kecil tipis dan kualitas jahit buruk,unknown,1,Tokopedia,Negative,Bentuk,Yes,Fashion,No
kancing nya baru bbrp kali pake copot kurang kuat,unknown,3,Tokopedia,Neutral,Bentuk,No,Fashion,No
kurang puas sama dompetnya,unknown,3,Tokopedia,Neutral,Bentuk,No,Fashion,No
dompetnya kecil bahannya tipis,unknown,3,Tokopedia,Neutral,Bentuk,No,Fashion,No
coklat asli hitam ga tau itu asli apa palsu ya yg hitam beli disini bahan kaku embos ga ada di dalam saku untuk uang hanya ada tdk seperti yg coklat pokoknya beda banget sama yg coklat yg bahannya lebih halus lentur dan jahitan lebih rapih,unknown,2,Tokopedia,Negative,Bentuk,Yes,Fashion,No
barang ga sampai gara gara sicepat ngilangin barangnya dan dana pengembalian belom masuk juga admin membantu tapi pas komplain selesai dan dananya ga masuk ga dibales lagi chatnya,unknown,1,Tokopedia,Negative,Bentuk,Yes,Fashion,No
belinya dikirim kurang teliti dalam mengirim pesanan,unknown,1,Tokopedia,Negative,Lainnya,No,Fashion,No
gx recomended barang jelek dikirim gx sesuai warna pemesan jg sudah chat dl kynya ready di pesanan jg sudah sy sertakan catatan kirim warna born tp dikirim warna gx jelas gx recomended pokoknya mending cr toko lain itu sy ada catatan di pemesanan tp penjual gx baca detail,unknown,1,Tokopedia,Negative,Bentuk,No,Fashion,No
bahan tipis kayaknya ga bisa di pakai,unknown,3,Tokopedia,Neutral,Bentuk,No,Fashion,No
yaampunnn mentang rp x nih yah krna penguna baru baju sih baju tapi gimna mau dipake lobang lehernya itu kecill amed anak yg tahun pun gak bisa pakai padahal mah lumayan lah bahannya walaupun tipis,unknown,3,Tokopedia,Neutral,Bentuk,No,Fashion,No
barangnya gx sesuai sama yg d gambar,unknown,3,Tokopedia,Neutral,Bentuk,No,Fashion,No
enggak sesuai sama yg digambar,unknown,2,Tokopedia,Negative,Bentuk,No,Fashion,No
dasternya adem ya iyalah pada bolong sobek gitu ya jelas ademnya mentang2 gretongan haahaaa parah asli,unknown,1,Tokopedia,Negative,Bentuk,Yes,Fashion,No
auhh bgt sma yg d gambar mentang2 pngguna baru dpt grtisan eh dpt nya daster 10rban d loak lucu tokped apa toko nya nih gak mau rugi gak smpet foto sya ksihkan sma nenek sya ampunn dah,unknown,1,Tokopedia,Negative,Lainnya,No,Fashion,No
jelek bgt nyesal jadi nya,unknown,1,Tokopedia,Negative,Bentuk,No,Fashion,No
tidak sebagus di gambar kain tepi di neci aja bukan di jahit lipat ya harga segitu,unknown,3,Tokopedia,Neutral,Bentuk,No,Fashion,No
ukuran gak sesuai jumbonya kecil,unknown,2,Tokopedia,Negative,Bentuk,No,Fashion,No
ukuran kecil banget katanya jumbo xxl,unknown,1,Tokopedia,Negative,Bentuk,No,Fashion,No
tak sesuai gambar ini gada dijahit cuman disambung pake obras bahannya tipis kecewa,unknown,1,Tokopedia,Negative,Bentuk,Yes,Fashion,Yes
bahannya terlalu tipis,unknown,1,Tokopedia,Negative,Bentuk,No,Fashion,No
bahannya katun tapi kurang adem,unknown,3,Tokopedia,Neutral,Bentuk,No,Fashion,No
ga sesuai produknya sma di photo bahannya kasar dan sama sekali tidak menyerap keringat jadi tidak nyaman dipakainya sejak beli lalu dicuci baru dipakai barusan banget dan terpaksa harus dibuka lg krna gerah ga kepake deh jadinya,unknown,2,Tokopedia,Negative,Bentuk,No,Fashion,No
bahan nya tipis nyesel beli harusnya test dulu hahaha maaf ya cuma bisa kasih bintang,unknown,2,Tokopedia,Negative,Bentuk,No,Fashion,No
tidak sesuai dengan foto,unknown,3,Tokopedia,Neutral,Bentuk,No,Fashion,No
kurang puas krn bahannya beda dengan yg digambar ekspektasi bahan tebal ternyt tipis bgt,unknown,3,Tokopedia,Neutral,Bentuk,No,Fashion,No
jualan yg jujur ya gan barang tidak sesuai dengan gambar barang yg biasa saya beli sesuai dgn gambar yg dipajang ini saya lgs order yg ternyata dibawah ekspektasi saya gambar kanan adalah barang original sesuai display,unknown,3,Tokopedia,Neutral,Bentuk,No,Fashion,No
tipis banget dan transparan,unknown,2,Tokopedia,Negative,Bentuk,No,Fashion,No
tipis bgt jelek,unknown,1,Tokopedia,Negative,Bentuk,No,Fashion,No
warnanya tidak sesuai gmbar,unknown,4,Tokopedia,Positive,Bentuk,No,Fashion,No
yg direquest sama dikirim warnanya beda,unknown,3,Tokopedia,Neutral,Bentuk,No,Fashion,No
menyesaalllll ternyata bahan sama aja dengan yang harga 30rb,unknown,2,Tokopedia,Negative,Bentuk,No,Fashion,No
brang nya kurang item beli yg dtng,unknown,2,Tokopedia,Negative,Lainnya,No,Fashion,No
gak sesuai dengan gambar promo contoh nya di gbar promo ada pcs warna yg berbeda trus pas datang barang kok ke nya semua warnanya sama semua,unknown,2,Tokopedia,Negative,Bentuk,Yes,Fashion,No
gak ad solusi semoga uang ny berkah ya mba,unknown,1,Tokopedia,Negative,Lainnya,No,Fashion,No
yg di pesan warna ngga sesuai klu memang ngga ada bilang aja ngga ada jgn bilang ada saya ini beli bukan minta,unknown,1,Tokopedia,Negative,Bentuk,No,Fashion,No
barang bagus tapi sangat mengecewakan sekali pesan rok hanya di kirim yg lg entah kemana gk ada responnya lg yg jelas tidak ada etika baik buat buat ngirim rok sy yg lg main curang sy merasa di tipu dan sy sangat sangat kecewa saran sy barang bagus tolong imbangin dengan kejujuran biar berkah salam jujur jngan main curang,unknown,1,Tokopedia,Negative,Rasa,Yes,Fashion,Yes
baru dipake sekali sobek pantatnya padahal agak kebesaran sizenya,unknown,2,Tokopedia,Negative,Bentuk,No,Fashion,No
penjual jawab pertanyaan pelanggan kurang sopan,unknown,2,Tokopedia,Negative,Lainnya,No,Fashion,No
barang tidak sesuai deskripsi,unknown,2,Tokopedia,Negative,Bentuk,Yes,Fashion,No
kecewa sih pesannya l5 iya l5 tapi berasa itu celana xl kecil amat heedewhh bikin kecewa sama ini toko mana bahannya tipis juga,unknown,1,Tokopedia,Negative,Bentuk,Yes,Fashion,Yes
bahannya jelek pokoknya kecewaaaa aja,unknown,1,Tokopedia,Negative,Bentuk,Yes,Fashion,Yes
tempat colokannya gk sesuai masa mic nya berfungsi dilubang headset sedangkan lubang micnya tidak berfungsu,unknown,2,Tokopedia,Negative,Bentuk,No,Hobi & Hiburan,No
chat gk pernah di balas tidak recommend untuk beli,unknown,2,Tokopedia,Negative,Lainnya,No,Hobi & Hiburan,No
dicharge lampu tidak nyala sama sekali tidak bisa dipakai mau dikembalikan berat di ongkir harusnya sebelum dikirim dites dulu toh packaginya tidak ada segel dites dulu boleh kayaknya sayangnya bintang minimal not recommend,unknown,1,Tokopedia,Negative,Bentuk,Yes,Hobi & Hiburan,No
jangan beli di toko ini udah etikat baik ngasih penjelasan colokan mic di soundcard nya gak berfungsi tapi pesan yg berkali cuma di read gak ad tanggapan bener mbak atau mas tolong jualan yg amanah transaksi jualbeli akan berkah dan sah kalo sama saling menguntungkan saya bener2 gak ikhlas gak akan berkah jualan anda mksh,unknown,1,Tokopedia,Negative,Bentuk,Yes,Hobi & Hiburan,No
baru dipake beberapa hari udah rusak aja,unknown,1,Tokopedia,Negative,Lainnya,Yes,Hobi & Hiburan,No
tidak bisa hidup,unknown,1,Tokopedia,Negative,Lainnya,No,Hobi & Hiburan,No
untuk jepit ke mejanya loss ga bisa ngunci sudah di coba dengan seal tape tapi terlalu longgar sehingga tidak bisa nge lock untuk boom arm nya bagus sayang jadi bingung pakenya karna ga bisa ngelock,unknown,2,Tokopedia,Negative,Bentuk,No,Hobi & Hiburan,Yes
kurang bagus kurang klop,unknown,2,Tokopedia,Negative,Bentuk,No,Hobi & Hiburan,No
baru hari udh ga ngegrip,unknown,1,Tokopedia,Negative,Bentuk,No,Hobi & Hiburan,No
setelah dipakai selama beberapa hari suara menjadi tidak jelas apakah produk ini ori saya liat di sarung seruling itu bukan made in indonesia tetapi di serulingnya itu made in indonesia apa itu yamaha kw,unknown,2,Tokopedia,Negative,Bentuk,No,Hobi & Hiburan,No
lamaaa bangettt respons nya,unknown,1,Tokopedia,Negative,Lainnya,No,Hobi & Hiburan,No
selang beda dengan yg di produk pianika original yg spare part selang ini lebih lembek mouth piece nya juga ada pecah di bagian pinggir,unknown,2,Tokopedia,Negative,Bentuk,No,Hobi & Hiburan,No
ga mungkin barang baru jijik liatnya ada kaya kotoran cair dan ini pun baru keluar dari bungkusan buang,unknown,1,Tokopedia,Negative,Bentuk,No,Hobi & Hiburan,No
selangnya longar untuk pianika yamaha original jadinya gak bisa dipake,unknown,1,Tokopedia,Negative,Bentuk,No,Hobi & Hiburan,No
tipis banget bahan parasutnya dan tidak ada keterangan penjelasan tebal atau tipisnya mungkin seller perlu perjelas,unknown,1,Tokopedia,Negative,Bentuk,No,Hobi & Hiburan,No
barang lama sampai tidak sesuai dengan timeline,unknown,2,Tokopedia,Negative,Bentuk,Yes,Hobi & Hiburan,No
packingnya jelek barang sampai sudah rusak,unknown,2,Tokopedia,Negative,Bentuk,Yes,Hobi & Hiburan,No
kalo udah bayar dicuekin sama penjualnya chat januari di respon order januari jam siang dengan kurir grab same day barang sampai januari jam sore kalo ujung ujungnya gak sampai tujuan di hari yg sama ngapain bayar ongkir mahal pakai grab,unknown,1,Tokopedia,Negative,Harga,No,Hobi & Hiburan,No
aftersalesnya parah penjual ga baca chat dan ga bales lg janji tinggal janji,unknown,1,Tokopedia,Negative,Lainnya,Yes,Hobi & Hiburan,No
saya sangat kecewa dengan attitude dan respon penjual di awal confirm standbook warna putih tetapi saat kedatangan warna hitam saat di tanyakan slow response sangat berbeda sekali saat sebelum pembelian yaitu bisa fast response dan tidak ada bahasa maaf sama sekali hati hati beli di toko ini sakit hati dengan attitude dan tidak beretika sama sekali ga rekomendasi,unknown,1,Tokopedia,Negative,Bentuk,Yes,Hobi & Hiburan,No
busa gak rata motongnya ada busa yg telurnya kempes,unknown,2,Tokopedia,Negative,Lainnya,No,Hobi & Hiburan,No
barang yg saya terima dari hanya kondisi masih bagus dan layak pakai,unknown,1,Tokopedia,Negative,Bentuk,No,Hobi & Hiburan,Yes
ada busa yg telurnya kempes,unknown,1,Tokopedia,Negative,Lainnya,No,Hobi & Hiburan,No
ukurannya gak sesuai deskripsi gk ada 30cm dan juga gk 2m parah sih beli produk berbesa tapi gk rata semua potongannya,unknown,1,Tokopedia,Negative,Bentuk,Yes,Hobi & Hiburan,No
gak bisa untuk semua merek keyboard,unknown,2,Tokopedia,Negative,Lainnya,No,Hobi & Hiburan,No
produk yg dikirim berbeda dgn foto yg tertera,unknown,2,Tokopedia,Negative,Bentuk,Yes,Hobi & Hiburan,No
penjual tidak komunikatif,unknown,1,Tokopedia,Negative,Lainnya,No,Hobi & Hiburan,No
secara barang tidak ada masalah saya bicara tentang respon penjual yang sangat lambat saya sampai mengajukan pembatalan secara tiba2 di respon saran saya tolong responsif dalam penjualan online ini banyak yang jual sustain keyboard jadi menurut saya jgn menyepelekan karena toko anda jual sudah banyak customer butuh kejelasan saat membeli barangnya dalam hal ini sya sudah bertanya lebih dari 8x sehari mengenai pengirimannya saya kecewa dan kapok belanja disini,unknown,1,Tokopedia,Negative,Lainnya,Yes,Hobi & Hiburan,Yes
barang rusak setelah seminggu respon penjual buruk katanya garansi chat saja tidak dibalas garansi bohong pikir lg deh klo mau beli disini,unknown,1,Tokopedia,Negative,Lainnya,Yes,Hobi & Hiburan,No
speaker dan mic nya ga bunyi,unknown,2,Tokopedia,Negative,Lainnya,No,Hobi & Hiburan,No
ga kerekam suaranya,unknown,2,Tokopedia,Negative,Lainnya,No,Hobi & Hiburan,No
udah di hubungkan ama hp n tablet tetep gak bisa,unknown,1,Tokopedia,Negative,Lainnya,No,Hobi & Hiburan,No
memang sih murah barangnya tp boleh lah ya komplain btw ini sy yg ga bisa make nya apa barangnya yg rusak ya udh pake splitter jg ga fungsi,unknown,1,Tokopedia,Negative,Harga,Yes,Hobi & Hiburan,No
jelek banget mic nya gak nyala kabel cuman cm akhirnya cuma dipake bando nya doang dan mic pake lavalier yang ada,unknown,1,Tokopedia,Negative,Bentuk,No,Hobi & Hiburan,No
mic ga berfungsi,unknown,1,Tokopedia,Negative,Lainnya,No,Hobi & Hiburan,No
mic tdk berfungsi dgn baik rusak gak bunyi,unknown,1,Tokopedia,Negative,Lainnya,Yes,Hobi & Hiburan,No
kirim barang tanpa diperiksa lg tidak bisa di pungsikan colokan kabel cas ggk di bisa masukkan kelubang utk cas nya jd ggk bisa ngecas,unknown,2,Tokopedia,Negative,Lainnya,No,Hobi & Hiburan,No
kualitas kurang bagus,unknown,2,Tokopedia,Negative,Bentuk,No,Hobi & Hiburan,No
ga berfungsi dengan baik,unknown,2,Tokopedia,Negative,Lainnya,No,Hobi & Hiburan,No
jelas2 udah pilih varian biru dan di catatan juga ditulis warna biru eeehh kok ya tanpa konfirmasi dikirim warna putih ya sudah lah males komplen,unknown,1,Tokopedia,Negative,Bentuk,No,Hobi & Hiburan,No
mic nya gak respon,unknown,1,Tokopedia,Negative,Lainnya,No,Hobi & Hiburan,No
barang ga ada yg bisa di pake,unknown,1,Tokopedia,Negative,Lainnya,No,Hobi & Hiburan,No
bahannya jelek baru pake sehari sdh rusak,unknown,1,Tokopedia,Negative,Bentuk,Yes,Hobi & Hiburan,No
tidak ada pengaruh besar kecil suara,unknown,2,Tokopedia,Negative,Bentuk,No,Hobi & Hiburan,No
suaranya tetep ae kecil,unknown,2,Tokopedia,Negative,Bentuk,No,Hobi & Hiburan,No
gak bisa dipake bunyi kemeresek,unknown,2,Tokopedia,Negative,Lainnya,No,Hobi & Hiburan,No
kualitas ok respond penjual cepat sekali,unknown,5,Tokopedia,Positive,Bentuk,No,Hobi & Hiburan,No
mantap rekomendasi dah thank s,unknown,5,Tokopedia,Positive,Rasa,No,Hobi & Hiburan,No
micnya bagus sayang mini tripodnya ringkih banget punya saya sudah patah btw saya beli mau coba saya gunakan mics dlm pc di mac os micnya terdetect hanya jadi device saja karena product id yg sama walau sudah di colok 22nya semoga ada update firmware terkait ini krn di beberapa usb mic lain devicenya otomatis terdetect walau dipasang usb mic secara bersamaan,unknown,5,Tokopedia,Positive,Bentuk,No,Hobi & Hiburan,No
barang yang dipesan sesuai datang dengan selamat,unknown,5,Tokopedia,Positive,Bentuk,No,Hobi & Hiburan,No
fiturnya cukup bagus sesuai harga,unknown,4,Tokopedia,Positive,Harga,No,Hobi & Hiburan,No
suaranya bagus jernih tapi buat discord kayaknya kurang deh untuk rekam audio padahal bagus worth the price,unknown,4,Tokopedia,Positive,Harga,No,Hobi & Hiburan,No
barang bagus sesuai harga pengiriman cepat pesen malem pas paginya sampe,unknown,5,Tokopedia,Positive,Bentuk,No,Hobi & Hiburan,No
bagus kokoh sellernya ramah beut eyyy puas deh bakal repurchase lagi,unknown,5,Tokopedia,Positive,Bentuk,No,Hobi & Hiburan,No
barang sesuai deskripsi,unknown,4,Tokopedia,Positive,Bentuk,No,Hobi & Hiburan,No
nyampenya cepet kualitas seusai,unknown,4,Tokopedia,Positive,Bentuk,No,Hobi & Hiburan,No
barang sdh diterima dlm kondisi baik packing bagus rapi pengiriman cepat mksh,unknown,4,Tokopedia,Positive,Bentuk,No,Hobi & Hiburan,No
barang lumayan bagus respon penjual cepat,unknown,4,Tokopedia,Positive,Bentuk,No,Hobi & Hiburan,No
mantap meskipun bahannya bukan metal tapi cukup kuat udah dicoba sampe fret pun suaranya ga sember perlu diingat ini capo gitar akustik ya bukan klasik jadi bentuknya karetnya agak melengkung menyesuaikan bentuk fret akustik bukan datar kyk gitar klasik,unknown,5,Tokopedia,Positive,Bentuk,No,Hobi & Hiburan,No
barang sudah sampai,unknown,5,Tokopedia,Positive,Lainnya,No,Hobi & Hiburan,No
pelayanan memuaskan dan barang sesuai,unknown,5,Tokopedia,Positive,Bentuk,No,Hobi & Hiburan,No
barangnya sampai dgn selamat bonus pic pengirimannya aman capo plastik motif kayu bantalannya karet semoga awet,unknown,4,Tokopedia,Positive,Bentuk,No,Hobi & Hiburan,No
dari segi estetik bagus banget tapi cengkramannya kurang jadi kalo di pake kadang suaranya geter meskipun bisa dipake dengan harga segitu sangat worth it apalagi designnya yang elegant,unknown,4,Tokopedia,Positive,Harga,No,Hobi & Hiburan,No
terima kasih telah menjual seruling yamaha ori dan barang cepat tiba dalam keadaan baik,unknown,5,Tokopedia,Positive,Bentuk,No,Hobi & Hiburan,No
bagus produknya fast delivery thank you seller,unknown,5,Tokopedia,Positive,Bentuk,No,Hobi & Hiburan,No
respon cepat kiriman cepat barang sesuai recommended seller,unknown,5,Tokopedia,Positive,Bentuk,No,Hobi & Hiburan,No
pesanan sudah diterima bagus dan sesuai thxxxxxxxxxxxxxxxxxxxxxxxxx,unknown,4,Tokopedia,Positive,Bentuk,No,Hobi & Hiburan,No
pengiriman cepat datang sesuai pesanan dan dibungkus dengan rapi terima kasih y barang sdh diterima dgn baik,unknown,4,Tokopedia,Positive,Bentuk,No,Hobi & Hiburan,No
bahannya bagus seler ramah,unknown,5,Tokopedia,Positive,Bentuk,No,Hobi & Hiburan,No
barang berfungsi dgn baik pengiriman super cepat,unknown,5,Tokopedia,Positive,Lainnya,No,Hobi & Hiburan,No
trima kasih respon cepat barang sampai dgn selamat,unknown,5,Tokopedia,Positive,Lainnya,No,Hobi & Hiburan,No
barang berfungsi baik semoga awet,unknown,4,Tokopedia,Positive,Bentuk,No,Hobi & Hiburan,No
sesuai pesanan tidak ada yg rusak,unknown,4,Tokopedia,Positive,Bentuk,No,Hobi & Hiburan,No
pengiriman barang cepat dan kualitas mantap sesuai dengan harga,unknown,4,Tokopedia,Positive,Bentuk,No,Hobi & Hiburan,No
bagus dan rapi pengiriman juga cepat,unknown,5,Tokopedia,Positive,Bentuk,No,Hobi & Hiburan,No
respon baik mutu lumayan hrg terjangkau,unknown,5,Tokopedia,Positive,Harga,No,Hobi & Hiburan,No
rapi dan pas banget,unknown,5,Tokopedia,Positive,Bentuk,No,Hobi & Hiburan,No
bahannya sama persis kayak sarung motor pengiriman cepat ya lumayan lah untuk harga segini,unknown,4,Tokopedia,Positive,Bentuk,No,Hobi & Hiburan,No
sesuai pesanan kualitas barang sesuai dengan harga terima kasih,unknown,4,Tokopedia,Positive,Bentuk,No,Hobi & Hiburan,No
pas dan simpel,unknown,4,Tokopedia,Positive,Bentuk,No,Hobi & Hiburan,No
sesuai deskripsi packing positive,unknown,5,Tokopedia,Positive,Bentuk,No,Hobi & Hiburan,No
ini pembelian ke tidak mengecewakan belum di unboxing makasih banget bang next order lagi,unknown,5,Tokopedia,Positive,Lainnya,No,Hobi & Hiburan,No
ya cukup puas makasih,unknown,5,Tokopedia,Positive,Lainnya,No,Hobi & Hiburan,No
aman sampai tujuan dan cepat tinggal buka packingan blum sy cek mdh2an tidak ada yg sobek trims bos next order lagi,unknown,4,Tokopedia,Positive,Lainnya,No,Hobi & Hiburan,No
bagus sekali pengiriman cepat,unknown,5,Tokopedia,Positive,Bentuk,No,Hobi & Hiburan,No
barang sdh tiba dengan selamat trimakasih,unknown,5,Tokopedia,Positive,Lainnya,No,Hobi & Hiburan,No
besi tebal sesuai deskripsi foto,unknown,5,Tokopedia,Positive,Bentuk,No,Hobi & Hiburan,No
pengiriman cepat kualitas sangat bagus gak ada yg cacat packingan sangat kuat dan rapih kokoh banget gak nyangka gede banget tks sukses selalu,unknown,5,Tokopedia,Positive,Bentuk,No,Hobi & Hiburan,No
mantap bagus dan teba,unknown,5,Tokopedia,Positive,Rasa,No,Hobi & Hiburan,No
barang udah nyampe makasih broo,unknown,4,Tokopedia,Positive,Lainnya,No,Hobi & Hiburan,No
barang ok pengiriman cepat recommended seller,unknown,5,Tokopedia,Positive,Lainnya,No,Hobi & Hiburan,No
joystick berfungsi dengan baik plug and play build quality kokoh terdeteksi dengan baik di steam,unknown,5,Tokopedia,Positive,Bentuk,No,Elektronik,No
all positive overall feelnya enak dulu sempet punya aga nyesel juga dulu sempet jual dri build quality beda lah sama controller dng harga yg sama better banget feel kerasa kokohnya buat housingnya,unknown,5,Tokopedia,Positive,Rasa,No,Elektronik,No
garansi resmi packing bagus harganya bersaing kelengkapan sesuai,unknown,5,Tokopedia,Positive,Bentuk,No,Elektronik,No
bintang karena packing ga pake bubble wrap walaupun sampai dengan selamat tanpa ccd penjual fast respon proses barang sesuai dan terdeteksi sebagai xbox controller colok langsung pakai tanpa perlu config,unknown,4,Tokopedia,Positive,Bentuk,No,Elektronik,No
cepat sekali pengirimannya seller ramah kualitas barangnya mulus recommended,unknown,5,Tokopedia,Positive,Bentuk,No,Elektronik,No
stik berfungsi normal sudah coba connect ke pc windows maupun macos bigsur semua aman plug n play di steam dan apple arcade packaging rapih seller fast response,unknown,5,Tokopedia,Positive,Bentuk,No,Elektronik,No
barang original beli yg asia dpt reg asia jpn overall lancar udh seminggu pakai normal barang bener mulus dan ori bagus smoga awet terus tingkatkan pelayanan nya gan,unknown,5,Tokopedia,Positive,Bentuk,No,Elektronik,No
penjual sangat fast respon dan kualitas barang sangat bagus sesuai dengan spesifikasi tanpa ada cacat,unknown,5,Tokopedia,Positive,Bentuk,No,Elektronik,No
bertanya apapun selalu di jawab dengan lengkap dan sabar barang cepat sampai packing rapih terima kasih untuk admin nya,unknown,5,Tokopedia,Positive,Bentuk,No,Elektronik,No
harganya bersaing kelengkapan sesuai plus bonus cantik diproses kurang dr jam lightning fast sudah dites dan berfungsi normal thank you seller,unknown,5,Tokopedia,Positive,Bentuk,No,Elektronik,No
sellernya responsif banget semua pertanyaaan dijawab pengiriman sameday nyampenya juga sameday mantep rekomen deh ni tokonya,unknown,5,Tokopedia,Positive,Lainnya,No,Elektronik,No
keren banget adminnya dibantuin dari awal sampai akhir hehe fast respon juga ini gamenya bisa semua yaa,unknown,5,Tokopedia,Positive,Lainnya,No,Elektronik,No
garansi resmi kelengkapan sesuai garansi internasional harganya bersaing,unknown,5,Tokopedia,Positive,Harga,No,Elektronik,No
brgnya cpt sampai packing maxi trims utk seller toko recommend,unknown,5,Tokopedia,Positive,Lainnya,No,Elektronik,No
puas pengiriman cepat barang datang tanpa cacat pengemasan bagus trmksh,unknown,5,Tokopedia,Positive,Bentuk,No,Elektronik,No
packingnya rapi dan aman pakai bubblewrap kualitasnya bagus udah dicoba dan berfungsi semua gak ada kendala tombolnya empuk dan tidak keras top markotop lah,unknown,5,Tokopedia,Positive,Bentuk,No,Elektronik,No
barangnya ok kemasannya tidak ada rusak joycon ungu sebelah kanan sempat tidak terdeteksi namun setelah re insert joyconnya dua kali akhirnya berfungsi so no issue there harganya bersaing sellernya fast response terima kasih,unknown,5,Tokopedia,Positive,Harga,No,Elektronik,No
delivery packing mantap pengiriman cepat barang build quality mantap solid responsif juga kyknya beneran ori rumble ada amiibo ke detect klik home button auto on,unknown,5,Tokopedia,Positive,Rasa,No,Elektronik,No
packing baik pengiriman cepatt udh kali belanja di toko ini dan selalu puas dengan pelayanannya terima ksih yah,unknown,5,Tokopedia,Positive,Lainnya,No,Elektronik,No
sudah beberapa kali belanja disini dan tidak pernah mengecewakan baik pelayanan maupun produk dan packaging nya barang sesuai dengan yang di request original packaging nya bagus dengan bubble wrap yang tebal juga dilapisi kardus jadi aman deh selama pengiriman,unknown,5,Tokopedia,Positive,Bentuk,No,Elektronik,No
barang sesuai pesanan pengiriman cepat pengemasan sangat bagus bubble wrap tebal,unknown,5,Tokopedia,Positive,Bentuk,No,Elektronik,No
alhamdulillah mendarat dgn mulus smuanya berfungsi dgn baik dan bs d mainkan d tv jg tp stik controllernya emang keras sih jd cpt pegel,unknown,4,Tokopedia,Positive,Rasa,No,Elektronik,No
kelengkapan sesuai harganya bersaing harus dimodif casingnya biar bisa masuk ke ps2 seri,unknown,5,Tokopedia,Positive,Harga,No,Elektronik,No
awalnya saya kira belum dibuka untuk diisi freemcboot tyt sudah dibuka tinggal tes di mesin thx,unknown,5,Tokopedia,Positive,Lainnya,No,Elektronik,No
paket sampai barang sesuai pesanan bisa dipakein di scph bisa untuk boot hdd internal cuma mesti konfigurasi ulang di chip matrix nya terimakasih semoga awet,unknown,4,Tokopedia,Positive,Bentuk,No,Elektronik,No
barang sesuai build qualitynya cukup oke respon seller jg cepat overall selalu puas belanja disini thx,unknown,5,Tokopedia,Positive,Bentuk,No,Elektronik,No
kualitas kokoh slot cartridge nya terbuat dari karet jadi gampang masukinnya dan ga bikin cartridgenya lecet ukurannya juga compact bgt gampang dibawa kemana mana dan ga menuh menuhin tempat motifnya juga bukan cuma gambar atau stiker tapi bener2 timbul dari bahan karet,unknown,5,Tokopedia,Positive,Bentuk,No,Elektronik,No
bagus lah ini tombol nya anti kepencet sendiri karna kalau mau pause play mesti double tap beda sama yg under 200rban atau merk n kia kualitas bahan bagus harganya bersaing packing bagus kelengkapan sesuai,unknown,5,Tokopedia,Positive,Bentuk,No,Elektronik,No
barangnya bagus pengirimannya cepat cuma kekurangan agan satu ini yaitu terlalu baik dan ramah bahkan pengiriman di hari minggupun dijalankan tuhan memberkati sehat dan sukses selalu terima kasih,unknown,5,Tokopedia,Positive,Bentuk,No,Elektronik,No
saran dikasih logo tulisan 1more di silikon nya terus untuk indikator charge dikasih lubang biar keliatan jelas ngecas ngga overall puas sama barangnya,unknown,5,Tokopedia,Positive,Bentuk,No,Elektronik,No
overall keren paking aman seller ramah n fast respond jga,unknown,5,Tokopedia,Positive,Lainnya,No,Elektronik,No
untuk barang nya lumayan bagus wkwk ada harga ada kualitas ga masalah respon barang nya juga cukup bagus sensitif nya,unknown,5,Tokopedia,Positive,Bentuk,No,Elektronik,No
packing rapi barang sesuai produk fast respon chat pesanan 24jam sampai top markotop,unknown,5,Tokopedia,Positive,Bentuk,No,Elektronik,No
seller responsif dan membimbing step by step sampai bisa,unknown,5,Tokopedia,Positive,Lainnya,No,Elektronik,No
gameny aman buat online offline anak saya suka banget mainnya trims seller,unknown,5,Tokopedia,Positive,Lainnya,No,Elektronik,No
akhirnya bisa main mc online bareng temen sellernya benar benar baik ngasih panduannya jelas banget mantab pokoknya,unknown,5,Tokopedia,Positive,Lainnya,No,Elektronik,No
terpercaya ori fast respond ditunjukan caranya sampai akhir pokoknya the best deh recommended banget,unknown,5,Tokopedia,Positive,Bentuk,No,Elektronik,No
barang mulus packingan ok kelengkapan barang juga ok tinggal kendala di tv sendiri wkwkwk untuk masalah ps2nya rekomendasi lah bagi yg mau beli ps2 disini,unknown,5,Tokopedia,Positive,Bentuk,No,Elektronik,No
trm ksh brgnya sdh smp pengiriman cepat kmrn pesan hari ini sampai double bubblewrap penjual responsif dlm qa kurir oke lah via cod,unknown,5,Tokopedia,Positive,Lainnya,No,Elektronik,No
packing bubble ok kualitas barang sesuai harga makasih gan,unknown,5,Tokopedia,Positive,Harga,No,Elektronik,No
untuk harga sgitu bolehlah dan penjual juga menjelaskan cara pakai dengan jelas dan teliti,unknown,5,Tokopedia,Positive,Harga,No,Elektronik,No
respon seller ok barang sesuai deskripsi dan mudah pemasangan sejauh ini puas saran membangun untuk stik ps bawaan bisa ditingkatkan atau ada pilihan upgrade stik overall worth untuk harga segini pengiriman tiba sesuai jadwal meski di akhir,unknown,4,Tokopedia,Positive,Harga,No,Elektronik,No
bagus angin nya terasa kuat tapi belum kebiasa ama getarannya doang yang agak kuat,unknown,5,Tokopedia,Positive,Bentuk,No,Elektronik,No
sudah diterima semoga awet packing bagus kelengkapan sesuai,unknown,5,Tokopedia,Positive,Bentuk,No,Elektronik,No
barang sudah diterima sudah dites dan berfungsi dg baik mantaaaaap recomended seller,unknown,5,Tokopedia,Positive,Lainnya,No,Elektronik,No
buat xiaomi 9t cocok tombolnya empuk bentuknya keren,unknown,5,Tokopedia,Positive,Rasa,No,Elektronik,No
barang sesuai pesanan mantap dipakai sdh prnh pny sblmny tp ilang makany beli lg barang yg sama triger super awet dn oke bs sgala jenis smartphone tebal gw salut sm kecepatan proses kemasan dn waktu kirimny toko ini rekomen bgt bsk gw beli lg dehh,unknown,5,Tokopedia,Positive,Bentuk,No,Elektronik,No
tiap kali beli barang selalu research dulu this one bener bener top dibanding yg lain ada harga ada kualitas pernah beli yg 20k dan cepet bgt rusak and slip kl yg ini solid and the best thanks gan,unknown,5,Tokopedia,Positive,Harga,No,Elektronik,No
packaging ok sealed mulus sampai dengan selamat thank you,unknown,5,Tokopedia,Positive,Bentuk,No,Elektronik,No
mantab sesuai pesanan respon cukup sigap dan cukup informatif package rapih aman kondisi barang bagus segel sempat kendala gosend error jd baru besoknya hari sabtu di proses sigap bantu proses cepat akhirnya bs diantar sabtu juga thanks,unknown,5,Tokopedia,Positive,Bentuk,No,Elektronik,No
sudah tidak perlu diragukan lagi seller ini mantap dah tinggal tunggu waktu kosong untuk main zelda botw ini baru tes masuk dan nyalakan saja berjalan lancar normal belum sempat main semoga tidak ada kendala packing superrrr aman dan kondisi bnib segel aman,unknown,5,Tokopedia,Positive,Rasa,No,Elektronik,No
gueeeercep pol nanya2 di jam jam transaksi jam barang udah sampe dari tangerang ke sudirman packing terbukti aman karena saat pengiriman terjadi hujan instant courier pas unboxing isi paket tetap kering sukses terus gan recsel,unknown,5,Tokopedia,Positive,Bentuk,No,Elektronik,No
bisa dimainkan dan aman sellernya juga oke akunnya juga gk pernah antri selama ini oke2 aja,unknown,5,Tokopedia,Positive,Lainnya,No,Elektronik,No
mantabb selernya baik banget penyabar sampe salah paham tapi selernya tetep profesional dan baik hati positive seler game nya seru kelengkapan sesuai produk terbaru,unknown,5,Tokopedia,Positive,Bentuk,No,Elektronik,No
respon sellernya cepet banget malem aja diladenin dikasih panduan install pula bwt yg pemula pasti kebantu banget mantaapp gan,unknown,5,Tokopedia,Positive,Bentuk,No,Elektronik,No
berfungsi dengan baik kualitas print juga bagus dan lebih enak disimpen karna ada sleeves nya,unknown,5,Tokopedia,Positive,Bentuk,No,Elektronik,No
barang ok worth the money pengiriman ok yang jelas itu amiibo card sesuai dengan layered armor yang didapatkan jadi ok dont be afraid,unknown,5,Tokopedia,Positive,Harga,No,Elektronik,No
kartunya berfungsi baik kualitas printing dan kartunya juga bagus cuma kalau mau buat collectible card agak kurang di design designnya cm croping dari yg udah ada jadi proporsinya kurang bagus yang keluaran baru monster hunter stories malah cropping dari foto blister figur amiibo yg asli jadi msh keliatan ada blister nya sama lobang gantungannya,unknown,5,Tokopedia,Positive,Bentuk,No,Elektronik,No
kualitas bahan bagus kelengkapan sesuai packing bagus seller sangat fast respon recomended,unknown,5,Tokopedia,Positive,Bentuk,No,Elektronik,No
amazing respon seller cepat barang ori seperti di foto dan sesuai deskripsi proses pengiriman kilat banget thank you yaa kak sukses selalu,unknown,5,Tokopedia,Positive,Bentuk,No,Elektronik,No
produk sesuai foto console yg dipakaikan hardcase pas masuk ke dalam pouch packing aman pengiriman cepat terima kasih,unknown,5,Tokopedia,Positive,Bentuk,No,Elektronik,No
produk diterma dengan baik pengirimannya juga luar biasa cepat dicoba juga pas banget untuk nintendonya,unknown,5,Tokopedia,Positive,Bentuk,No,Elektronik,No
pengiriman amat sangat cepat dan packingnya juga rapi dan bagus harganya ok banget dan yang pasti original ga nyesel belanja disini karena semuanya thank you to the seller,unknown,5,Tokopedia,Positive,Bentuk,No,Elektronik,No
gamepad mantap tombolnya jg enak tp sayang ukurannya kekecilan packing jg aman dan pengiriman cepad,unknown,5,Tokopedia,Positive,Bentuk,No,Elektronik,No
barang sampai dengan aman walau pengiriman antar pulau review hari pemakaian kualitas yang ngagetin dengan range harga segini apalagi saya beli saat diskon tombolnya tinggi tactile analognya responsif dan sensitif l r3 nya clicky trigger dan bumper enak dipencet linear triggernya juga beneran fungsi ga cuma embel embel nama rumble atau getarnya juga fitur tambahan yang bagus build qualitynya terasa premium ga kopong dengan body yang doff finish jadi enak dipegang kabelnya juga braided tapi layoutnya yang lumayan lebar agak sulit buat yang tangannya kecil dan d pad nya sayangnya juga bukan yang terbaik buat jempol lu kelamaan pake karna pinggirannya yang tajem sama bentuknya yang salib jadi rada renggang di bagian serong jempol lu bakal terasa sakit kalo terusan geser geser mencet d pad nya apalagi saya prinegativei yang pakai controller ini buat main game gelut walau gitu saya ga nyesel beli ini untuk range harganya kualitasnya tetep ngangetin setara dengan controller konsol ori recommended product,unknown,5,Tokopedia,Positive,Bentuk,No,Elektronik,No
sudah dicoba untuk hari dan controller tidak ada masalah masih berfungsi dengan baik feel tombolnya oke lah cocok buat saya yang suka main game sebagai casual,unknown,5,Tokopedia,Positive,Lainnya,No,Elektronik,No
1st impresi nya kok joystick nya waktu di pegang rasanya kecil bgt beda dari tetangga nya tapi begitu in ke game nya baru berasa enak luar biasa button rt lt dll nya empukk bgt karena sy main game nya efootball jadi begitu tekan sedikit pake perasaan di button r r nya beehhh mantep bgt analog nya juga bikin nyaman di awal sering kepelarakw tapi lambat laun ter biasa pokoknya ini joystick beneran mantul deh jgn ragu buat order,unknown,5,Tokopedia,Positive,Rasa,No,Elektronik,No
keren bener2 cepet kirimnya ga sampe menit bayar langsung pesanan dalam perjalanan packaging juga rapih,unknown,5,Tokopedia,Positive,Bentuk,No,Elektronik,No
barang sesuai deskripsi dan tersegel original pengiriman tepat waktu sesuai janji layanan mantap terima kasih banyak,unknown,5,Tokopedia,Positive,Bentuk,No,Elektronik,No
mantap biar bisa bernostalgia eranya masih maen rame dulu pas jaman masih liburan sekolah,unknown,5,Tokopedia,Positive,Rasa,No,Elektronik,No
mantap akhirnya bisa ngerasain juga main games dengan biaya murah terima kasih bosque semoga tokonya lancar jaya,unknown,5,Tokopedia,Positive,Rasa,No,Elektronik,No
setelah bayar langsung dikasih akses proses cepat kelengkapan sesuai admin membantu sekali dlm tanya jawab terima kasih,unknown,5,Tokopedia,Positive,Harga,No,Elektronik,No
udh 2x beli disini seperti biasa pelayanannya puas banget bakal jadi pelanggan setia sepertinya wkwk,unknown,5,Tokopedia,Positive,Bentuk,No,Elektronik,No
seller super ramah nanya apapun dibalas kooperatif sukses terus gaaaan mantap,unknown,5,Tokopedia,Positive,Rasa,No,Elektronik,No
bagi yang mau beli game pass bagus nih di toko ini di layani sampai selesai makasih ngab,unknown,5,Tokopedia,Positive,Bentuk,No,Elektronik,No
seller fast respon nice packing kardus bubble wrap game udah pasti lancar jaya,unknown,5,Tokopedia,Positive,Bentuk,No,Elektronik,No
kelengkapan sesuai game nya seru gaming terbaik untuk kesekian kalinya beli dsni yang tentu aj selalu memuaskan memuaskan dan memuaskan intinya seller responsif seller yang ramah komunikatif bgt dah packing jg rapi bgt proteksi untuk pengiriman sangat terjaga barang yang sesuai original dong pastinya proses pengiriman yang cepat terus dapet lagi bonus tumbler nya luar biasa sekali thanks yh gan buat lo pada yang mau beli dsni langsung aj gk ush ragu2 sangat recomended sekali tidak akan mengecewakan perfect mantap top markotop the best of the best sekali lagi thanks yh gan sukses selalu dah,unknown,5,Tokopedia,Positive,Bentuk,No,Elektronik,No
barang sebenarnya sudah sampai tadi sore cuman baru ta unboxing dan mainkan malam ini sukaaa recommended ni toko,unknown,5,Tokopedia,Positive,Lainnya,No,Elektronik,No
panduan instal nya lengkap gamenya bagus sellernya fast respon mantap suksess terus,unknown,5,Tokopedia,Positive,Rasa,No,Elektronik,No
flash disknya sudah sampai dengan selamat packingnya aman bgt rapi dan game aman bisa dimainkan kayaknya dapet bonus game jg di dalamnya terima kasih kak kelengkapan sesuai gamenya seru,unknown,5,Tokopedia,Positive,Bentuk,No,Elektronik,No
recommended komunikasi lancar instruksi jelas game nya gampang diinstall kapan kapan ke sini lagi terima kasih,unknown,5,Tokopedia,Positive,Lainnya,No,Elektronik,No
admin ditanya2 respon cpt dan ramah barang cpt sampe sampe dgn rapih tata cara install lengkap dijelasin sisanya dipandu sangat sangat membantu dan baik adminnya rekomended bgt next pasti beli2 disini lg puas bgt,unknown,5,Tokopedia,Positive,Bentuk,No,Elektronik,No
puas lah fast response cuman masih sering close sendiri saking sibuk belum sempat dicek recommended seller gaming terbaik game nya seru,unknown,5,Tokopedia,Positive,Lainnya,No,Elektronik,No
alhamdulillah setelah jam lebih total downloadnya akhirnya bisa terbang juga agan seller sgt responsive terutama adminnya guidance nya very clear semoga pmdg boeing 73x bisa segera release ya,unknown,5,Tokopedia,Positive,Lainnya,No,Elektronik,No
mantap sekali broooo penjual ramah sabar dan jika ada masalah pasti ditangani arigatooo,unknown,5,Tokopedia,Positive,Rasa,No,Elektronik,No
pengiriman cepat dan packing sangat rapi walau hanya beli item saja rekom bgt gaes,unknown,5,Tokopedia,Positive,Bentuk,No,Elektronik,No
respon cepat pengiriman cepat sampai dengan baik dan bisa dimainkan,unknown,5,Tokopedia,Positive,Lainnya,No,Elektronik,No
barangnya bagus banget semoga aweet kalo aweet gua bakalan beli lagi dimari buat cadangaan,unknown,5,Tokopedia,Positive,Bentuk,No,Elektronik,No
beli satu stik ps2 alhamdulillah sampai dengan keadaan baik bahkan packingnya pun juga pakai bubble wrap rapi saat ini stik ps2nya sudah saya coba pakai selama kurang lebih 3minggu lebih stik nya berfungsi dengan normal dan baik saja dengan catatan saya pakai buat main game yg ringan saja seperti misalnya bukan game yg bertipe membutuhkan ritme kecepatan menggerakkan analog dan juga bukan menekan tombol yg keras dan berkali misalnya game fighting hanya saya gunakan buat main game bertipe casual saja itu saja terimakasih,unknown,5,Tokopedia,Positive,Bentuk,No,Elektronik,No
build quality cakep stik normal smua pengiriman gak sampai 24jam recomended bgt,unknown,5,Tokopedia,Positive,Lainnya,No,Elektronik,No
selalu puas dgn pelayanan seller pengirimannya cpt dan harga kompetitif serta mumpung lg ada update next gen,unknown,5,Tokopedia,Positive,Harga,No,Elektronik,No
pelayanan mantap langsung kirim dan sampainya cepet banget packingnya juga ok banget,unknown,5,Tokopedia,Positive,Rasa,No,Elektronik,No
mantap terima kasih seller order kemarin sore jam sudah tiba k daerah garut barang sesuai deskripsi,unknown,5,Tokopedia,Positive,Bentuk,No,Elektronik,No
barangnya mantabs bingit tokonya recommended banget,unknown,5,Tokopedia,Positive,Lainnya,No,Elektronik,No
barang bagus cm ternyata kecil gk seperti yg di bayangin tp anak q suka cm yg kecewa kabel chargernya gk ada,unknown,4,Tokopedia,Positive,Bentuk,No,Elektronik,No
lcd nya kurang bagus lumayan buat hiburan tapi layarnya kecil kabel casan berfungsi tapi ga dikasih colokannya semoga amanah terus gan,unknown,4,Tokopedia,Positive,Bentuk,No,Elektronik,No
barang sesuai pesanan udh di coba oke packing rapih mksh,unknown,5,Tokopedia,Positive,Bentuk,No,Elektronik,No
mantapp paling terjangkau diantara seller lain bener bener baru sudah dimainkan tidak ada masalah,unknown,5,Tokopedia,Positive,Rasa,No,Elektronik,No
packing oke bgt gak asal plastik doang tp ada buble dus cokpat kasetnya oke tp sayang gak ada kertas manual nya,unknown,5,Tokopedia,Positive,Bentuk,No,Elektronik,No
game lancar kondisi box dan game cartridges mulus pengiriman super cepat seller yg super responsive thanks gan recommended bgt beli game disini,unknown,5,Tokopedia,Positive,Lainnya,No,Elektronik,No
produk dan layanan bagus serta terpercaya,unknown,5,Tokopedia,Positive,Bentuk,No,Elektronik,No
seller fast respon pengiriman super cepat,unknown,5,Tokopedia,Positive,Lainnya,No,Elektronik,No
kemasannya bagus kualitas nya bagus kabelnya tebal suka warna nya biru muda semoga awet terima kasih seller,unknown,4,Tokopedia,Positive,Bentuk,No,Elektronik,No
bagus ori banget dan cepat pengiriman barang nya thanks,unknown,4,Tokopedia,Positive,Bentuk,No,Elektronik,No
pesen kabel data sesuai deskripsi tapi lagi barang lain packing aman pengiriman cepat yang nyiapin barang kurang teliti overall ok lah,unknown,3,Tokopedia,Neutral,Bentuk,No,Elektronik,No
pemasangan mudah karena aksesoris pembantunya lengkap produk juga sesuai ekspektasi,unknown,5,Tokopedia,Positive,Bentuk,No,Elektronik,No
produk bagus enak buat dipake nulis,unknown,5,Tokopedia,Positive,Rasa,No,Elektronik,No
permukaan screen guard agak kasar tisu basah nya sdh kering packing aman dan pengiriman cepat,unknown,4,Tokopedia,Positive,Bentuk,No,Elektronik,No
produk ok cuman teksturnya terlalu kasar overall positive thanks seller,unknown,4,Tokopedia,Positive,Rasa,No,Elektronik,No
barangnya original berfungsi dengan baik,unknown,5,Tokopedia,Positive,Bentuk,No,Elektronik,No
imei terdaftar di kemenperin barangnya original penjualnya ramahbanget barangnya mulus proses pesanan cepat berfungsi dengan baik packaging rapi ada garansi ibox,unknown,5,Tokopedia,Positive,Bentuk,No,Elektronik,No
saat unit ada masalah seller bersedia membantu mengatasi terima kasih banyak,unknown,4,Tokopedia,Positive,Lainnya,No,Elektronik,No
barangnya original ada garansi ibox imei terdaftar di kemenperin masih ada greenpeel barangnya mulus sinyal aman berfungsi dengan baik,unknown,4,Tokopedia,Positive,Bentuk,No,Elektronik,No
overall puas cuman sayang salah kirim warna,unknown,3,Tokopedia,Neutral,Bentuk,No,Elektronik,No
barangnya original ada garansi resmi kelengkapan sesuai kemasan disegel warna sesuai pesanan spesifikasi sesuai suara jernih berfungsi dengan baik barangnya mulus kamera tajam proses pesanan cepat packaging rapi packaging aman respon penjualnya top penjualnya ramah banget baterai awet,unknown,5,Tokopedia,Positive,Bentuk,No,Elektronik,No
barangnya original kemasan disegel proses pesanan cepat respon penjualnya top,unknown,5,Tokopedia,Positive,Bentuk,No,Elektronik,No
barang ori bagus sesuai pesanan packing rapih buble wrap tebel jadi barang aman hanya terkendala di jasa pengiriman,unknown,4,Tokopedia,Positive,Bentuk,No,Elektronik,No
kemasan disegel spesifikasi sesuai warna sesuai pesanan,unknown,4,Tokopedia,Positive,Bentuk,No,Elektronik,No
super kereen seller deh ini terima kasih bantuannya,unknown,5,Tokopedia,Positive,Lainnya,No,Elektronik,No
mantap sangat bermanfaat,unknown,5,Tokopedia,Positive,Rasa,No,Elektronik,No
pencongkel nya ringkih sekali pakai patah overall sesuai harga,unknown,4,Tokopedia,Positive,Harga,No,Elektronik,No
recommended seller fast respons kualitas barang cukup sesu i harga terimakasih,unknown,4,Tokopedia,Positive,Harga,No,Elektronik,No
touch screen lancar layar sensitif respon penjualnya top,unknown,5,Tokopedia,Positive,Bentuk,No,Elektronik,No
penjualnya ramah banget proses pesanan cepat layar sensitif packaging rapi touch screen lancar ada garansi toko,unknown,5,Tokopedia,Positive,Bentuk,No,Elektronik,No
brang sampe walau agak lama terimkasih,unknown,4,Tokopedia,Positive,Lainnya,No,Elektronik,No
orderan sesuai dan kualitasnya juga ok pengiriman tidak terlalu lama,unknown,4,Tokopedia,Positive,Bentuk,No,Elektronik,No
makasih barang sudah mendarat dengan selamat,unknown,5,Tokopedia,Positive,Lainnya,No,Elektronik,No
barang sesuai pesanan packing rapi pas dicoba ok buat isi ulang dn charge pengiriman sesuai estimasi,unknown,5,Tokopedia,Positive,Bentuk,No,Elektronik,No
mantap benar deh gak rugi dah beli disini cepat sampai dengan selamat barangnya langsung bisa digunakan,unknown,4,Tokopedia,Positive,Rasa,No,Elektronik,No
mantap sesuai respon cepat semoga awet,unknown,4,Tokopedia,Positive,Bentuk,No,Elektronik,No
hampir sempurna packing nya doang yg kurang aman dr benturan,unknown,5,Tokopedia,Positive,Lainnya,No,Elektronik,No
penjual sangat fast respon dan dari proses sampai pengiriman juga cepat pelayanan dan produk sangat memuaskan,unknown,5,Tokopedia,Positive,Lainnya,No,Elektronik,No
pengiriman cepat power banknya berfungsi baik mudah awet mantap,unknown,5,Tokopedia,Positive,Rasa,No,Elektronik,No
barang oke recomended seller dah,unknown,4,Tokopedia,Positive,Lainnya,No,Elektronik,No
pengiriman telat sehari tapi barangnya bagus,unknown,4,Tokopedia,Positive,Bentuk,No,Elektronik,No
orderan sdh dterima dgn baik fungsi sangat baik respon dan pengiriman sangat cepat terima kasih,unknown,5,Tokopedia,Positive,Lainnya,No,Elektronik,No
baru coba satu sip mantul mudah mudahan yg satunya jg berfungsi sesuai deskripsi thanks gan,unknown,5,Tokopedia,Positive,Bentuk,No,Elektronik,No
barang sangat bagus pengiriman baik smg awett,unknown,4,Tokopedia,Positive,Bentuk,No,Elektronik,No
barang sampai dan sesuai harapan,unknown,4,Tokopedia,Positive,Bentuk,No,Elektronik,No
ada garansi resmi barangnya original baterai awet fitur mudah digunakan penjualnya ramah banget,unknown,5,Tokopedia,Positive,Bentuk,No,Elektronik,No
packaging aman packaging rapi proses pesanan cepat barangnya original,unknown,5,Tokopedia,Positive,Bentuk,No,Elektronik,No
respon penjualnya top,unknown,4,Tokopedia,Positive,Lainnya,No,Elektronik,No
sesuai deskripsi barang sampai dgn keadaan baikpackaging aman respon penjualnya top barangnya original,unknown,4,Tokopedia,Positive,Bentuk,No,Elektronik,No
original amazon proses pesanan cepat packaging aman packaging rapi respon penjualnya top gampang dibawa bawa enak buat baca,unknown,5,Tokopedia,Positive,Bentuk,No,Elektronik,No
gampang dibawa bawa muat banyak buku enak buat baca packaging aman packaging rapi,unknown,5,Tokopedia,Positive,Bentuk,No,Elektronik,No
proses pesanan cepat packaging aman packaging rapi,unknown,5,Tokopedia,Positive,Bentuk,No,Elektronik,No
barang ori bagus masih segel sejauh ini berfungsi dengan baik,unknown,5,Tokopedia,Positive,Bentuk,No,Elektronik,No
nomor seri terdaftar barangnya original berfungsi dengan baik packaging aman,unknown,5,Tokopedia,Positive,Bentuk,No,Elektronik,No
ipad ketiga yang dibeli di seller ini dan selalu memuaskan bisa mengakomodir pembelian yang mendadak dan minta dikirim langsung besokannya highly recommended,unknown,5,Tokopedia,Positive,Lainnya,No,Elektronik,No
produk diterima dengan baikk sayangnya box banyak yang penyok kalau bisa tambahkan opsi tambah bubble wrap tidak apa2 tambah biaya agar buyer menerima box dalam keadaan sempurna,unknown,4,Tokopedia,Positive,Harga,No,Elektronik,No
mantul boskuhhh barang istimewa,unknown,5,Tokopedia,Positive,Lainnya,No,Elektronik,No
kualitasnya bagus berfungsi dengan baik,unknown,5,Tokopedia,Positive,Bentuk,No,Elektronik,No
kakinya gampang diatur berfungsi dengan baik kualitas sesuai harga,unknown,5,Tokopedia,Positive,Harga,No,Elektronik,No
berfungsi dengan baik kualitas sesuai harga penjualnya ramah banget proses pesanan cepat respon penjualnya top,unknown,5,Tokopedia,Positive,Harga,No,Elektronik,No
build kokoh kakinya gampang diatur berfungsi dengan baik berfungsi dengan baik,unknown,4,Tokopedia,Positive,Bentuk,No,Elektronik,No
penjualnya ramah respon penjualnya bagus proses pesanan cepat,unknown,4,Tokopedia,Positive,Bentuk,No,Elektronik,No
pengiriman nya cepet tapi packing nya gak aman banget soalnya cuman dipacking sama plastik tanpa bubble wrap maupun kardus tapi over all bagus sih ini juga dapet gratis dari tokopedia terimakasih tokopedia,unknown,4,Tokopedia,Positive,Bentuk,No,Elektronik,No
proses pesanan cepat kualitas sesuai harga berfungsi dengan baik,unknown,3,Tokopedia,Neutral,Harga,No,Elektronik,No
pengiriman cepat kabel sesuai plus dikasih bonus pelindung kabel top lah,unknown,5,Tokopedia,Positive,Bentuk,No,Elektronik,No
respond dan pengiriman cepat barang ok,unknown,5,Tokopedia,Positive,Lainnya,No,Elektronik,No
barang cet sampai thanks seller fast respon nya,unknown,5,Tokopedia,Positive,Lainnya,No,Elektronik,No
positive quality ada bonus pelindung kabel,unknown,5,Tokopedia,Positive,Bentuk,No,Elektronik,No
palsu tapi bisa dipakai dan harga terjangkau,unknown,4,Tokopedia,Positive,Harga,No,Elektronik,No
kabel nya original hanya untuk iphone seri tinggi harus di bolak balik saat di cas baru bisa masuk,unknown,4,Tokopedia,Positive,Bentuk,No,Elektronik,No
semoga cepat awet barang sesuai,unknown,4,Tokopedia,Positive,Bentuk,No,Elektronik,No
barangnya original ada garansi resmi suaranya jernih noise cancellation mantap harganya terjangkau nggak kresek kresek penjualnya ramah banget proses pesanan cepat,unknown,5,Tokopedia,Positive,Harga,No,Elektronik,No
suaranya jernih nyaman dipakai lama bass nya mantap,unknown,5,Tokopedia,Positive,Rasa,No,Elektronik,No
barangnya original suaranya jernih,unknown,5,Tokopedia,Positive,Bentuk,No,Elektronik,No
barangnya original suaranya jernih desainnya modern suaranya bersih nggak kresek kresek,unknown,5,Tokopedia,Positive,Bentuk,No,Elektronik,No
dapat bekerja dengan baik dan nyaman di kuping bassnya mantaap,unknown,4,Tokopedia,Positive,Bentuk,No,Elektronik,No
suara yang dihasilkan oke dan jelas tidak terdpat maslah mkasih,unknown,4,Tokopedia,Positive,Lainnya,No,Elektronik,No
paket sdh sy terima belum dicoba smg anak sy suka semoga berfungsi dan awet makasih ya kak,unknown,4,Tokopedia,Positive,Bentuk,No,Elektronik,No
barangnya original kemasan disegel tapi kok gk ad buku garansi y sma anti gores sofkeswarna sesuai pesanan,unknown,5,Tokopedia,Positive,Bentuk,No,Elektronik,No
mantap langsung sampai,unknown,5,Tokopedia,Positive,Rasa,No,Elektronik,No
barangnya original warna sesuai pesanan suara jernih penjualnya ramah banget packaging aman respon penjualnya top,unknown,5,Tokopedia,Positive,Bentuk,No,Elektronik,No
barangnya original ada garansi resmi kemasan disegel spesifikasi sesuai barangnya mulus kelengkapan sesuai warna sesuai pesanan berfungsi dengan baik penjualnya ramah banget proses pesanan cepat packaging aman packaging rapi,unknown,5,Tokopedia,Positive,Bentuk,No,Elektronik,No
thanks sukses terus,unknown,4,Tokopedia,Positive,Lainnya,No,Elektronik,No
ada garansi resmi kelengkapan sesuai kemasan disegel spesifikasi sesuai,unknown,4,Tokopedia,Positive,Bentuk,No,Elektronik,No
barang cepat sampai tp ad sedikit keteken kardus hpnya semoga gk kenapa hpnya,unknown,4,Tokopedia,Positive,Lainnya,No,Elektronik,No
build kokoh kualitas bahan bagus bisa nahan beban hp proses pesanan cepat,unknown,5,Tokopedia,Positive,Bentuk,No,Elektronik,No
sudah dibuka dicoba pasang kuat nempelnya kunciannya jg stabil bongkar pasang hp nya gampang penjual jg responsif,unknown,5,Tokopedia,Positive,Bentuk,No,Elektronik,No
kualitas bahan bagus proses pesanan cepat packaging aman packaging rapi,unknown,5,Tokopedia,Positive,Bentuk,No,Elektronik,No
respon penjualnya top packaging aman proses pesanan cepat kualitas bahan bagus,unknown,5,Tokopedia,Positive,Bentuk,No,Elektronik,No
kualitas bahan bagus,unknown,4,Tokopedia,Positive,Bentuk,No,Elektronik,No
tingginya pas bisa nahan beban hp packaging aman gampang dipasang kualitas bahan bagus proses pesanan cepat,unknown,4,Tokopedia,Positive,Bentuk,No,Elektronik,No
pengiriman super cepet super recommended bgt cepat mengisi daya terima kasih,unknown,5,Tokopedia,Positive,Lainnya,No,Elektronik,No
bagus banget kabel nya ada rgb nya pengiriman nya juga cepet terima kasih banyak,unknown,5,Tokopedia,Positive,Bentuk,No,Elektronik,No
product sesuai deskripsi packing rapih beneran fast charging terima kasih baseus,unknown,5,Tokopedia,Positive,Bentuk,No,Elektronik,No
barang telah sampai semoga awet terima kasih,unknown,5,Tokopedia,Positive,Bentuk,No,Elektronik,No
berfungsi dengan baik fast charge jalan,unknown,4,Tokopedia,Positive,Lainnya,No,Elektronik,No
sesuai dg deskripsi produk,unknown,4,Tokopedia,Positive,Bentuk,No,Elektronik,No
lain x waktu pengiriman harap lebih cepat yg lainnya sdh bagus,unknown,3,Tokopedia,Neutral,Bentuk,No,Elektronik,No
brang bagus kbel bisa cuma kalo di pake panas di pegangan lampunnya,unknown,3,Tokopedia,Neutral,Bentuk,No,Elektronik,No
barangnya original ada garansi resmi suaranya jernih koneksi bluetooth kuat nyaman dipakai lama material premium,unknown,5,Tokopedia,Positive,Bentuk,No,Elektronik,No
seller bertanggung jawab keren,unknown,5,Tokopedia,Positive,Lainnya,No,Elektronik,No
kualitas suara bagus kualitas built jg bagus dan kualitas battey ok banget cuma kekurangannya dia ngga ada mic spertinya krn device saya tidak detek mic jd kalo dipake telponan hrs ttp pake mic internal dari device tapi enak buat sekedar denger musik nonton dan maen game,unknown,5,Tokopedia,Positive,Bentuk,No,Elektronik,No
barangnya original desainnya modern,unknown,5,Tokopedia,Positive,Bentuk,No,Elektronik,No
lumayan lah untuk harga segini,unknown,4,Tokopedia,Positive,Harga,No,Elektronik,No
pengiriman tiba sesuai jadwal barang sudah saya coba dan berfungsi dengan baik smoga awet ya,unknown,4,Tokopedia,Positive,Bentuk,No,Elektronik,No
pelayanan gercep dan mantep cuman kualitas suara kurang tapi buat harga 100rban mah mantep,unknown,4,Tokopedia,Positive,Harga,No,Elektronik,No
sy sudah pesan kemarin paket itu yang bagus jadi pesan tambah pket lagi ininya kotol2 dan rusak,unknown,2,Tokopedia,Negative,Bentuk,Yes,Ibu & Bayi,Yes
pesan hijau yg dtg hitam,unknown,1,Tokopedia,Negative,Lainnya,No,Ibu & Bayi,No
sangat kecewa dengan pelayanan nya,unknown,1,Tokopedia,Negative,Lainnya,Yes,Ibu & Bayi,No
beli sabtu proses senin kirim selasa rabu sampai padahal ada beli minggu kirim minggu nyampe senin gak lagi lagi beli disin,unknown,2,Tokopedia,Negative,Lainnya,No,Ibu & Bayi,No
layanan pengiriman kurang memuaskan kardus dlm keadaan penyok untung bagian dalam tidak pecah secara saya order product cair,unknown,2,Tokopedia,Negative,Lainnya,No,Ibu & Bayi,No
alamak buset packingnya kurang rapi di bungkus plastik putih transparan aja harusnya di bungkus plastik hitam aja biar rapih,unknown,2,Tokopedia,Negative,Bentuk,No,Ibu & Bayi,No
pengemasan cepat pngrimn cepat produknyq beda kualitasnya yg ini kapasnya tipis bgt dan gmpng bocor klihatn nerwang gx rata kpasnya d tgh gx ada kapasnya pnts murah yahh kemasn jg bolong biasanya sya beli gx kya gni amet maaf ksh bntang,unknown,2,Tokopedia,Negative,Bentuk,No,Ibu & Bayi,No
ampuuuunnn dibngkus pake plastik bening jdi malu krn diperumahan ada yg jual tp mlh beli online soalnya paket dtng ditaruh di kursi pos satpam khusus buat semua paket seperumahan mikir2 klo mau beli disini lgi,unknown,1,Tokopedia,Negative,Bentuk,No,Ibu & Bayi,No
gak ada packingnya blas cuma di kasih tempelan doang,unknown,1,Tokopedia,Negative,Lainnya,No,Ibu & Bayi,No
packingnya kurang memuaskan,unknown,3,Tokopedia,Neutral,Lainnya,No,Ibu & Bayi,No
pengiriman dibungkus plastik bening doang,unknown,3,Tokopedia,Neutral,Bentuk,No,Ibu & Bayi,No
saya bru pakai hari tp sdh berbulu dan kelipet2,unknown,2,Tokopedia,Negative,Lainnya,No,Ibu & Bayi,No
klaim produknya tdk mengkerut trnyata baru bbrp hari dipake korsetnya mengkerut bikin ga nyaman sadd,unknown,2,Tokopedia,Negative,Bentuk,No,Ibu & Bayi,No
maaf ganti ulasan hasil dr produk stlh brp minggu dipake ga worth it dr segi harga yg mehong buang duit,unknown,1,Tokopedia,Negative,Harga,No,Ibu & Bayi,No
harga juta tapi packagingnya cuma pakai selembaran plastik kebangetan bgt deh huhuuu sampe dirumah dus korsetnya sampe penyok2,unknown,1,Tokopedia,Negative,Bentuk,No,Ibu & Bayi,No
po udah sebulan gak sampai cm d kirim voucher dan di janjikan minggu k bulan juni di kirim cuman sampe skrg udh akhir bulan juni blm terima juga di chat gak balas,unknown,1,Tokopedia,Negative,Lainnya,No,Ibu & Bayi,No
gak pernah saya kasih bintang ke toko manapun tapi untuk x ini saya kecewa barang saya yg minyak kayu putih gak di kirim semoga berkah ka walau cuma uang sgitu dan gak lagi2 belanja di toko yg gak amanah ini,unknown,1,Tokopedia,Negative,Bentuk,Yes,Ibu & Bayi,Yes
tidak recommended hanya memikirkan untung tidak memikirkan keluhan konsumen,unknown,1,Tokopedia,Negative,Lainnya,Yes,Ibu & Bayi,No
kapok beli disini,unknown,1,Tokopedia,Negative,Lainnya,No,Ibu & Bayi,No
official store produknya cuman d bungkus plastik sebercanda itu tokopedia lolosin ini toko jadi official store,unknown,1,Tokopedia,Negative,Bentuk,No,Ibu & Bayi,No
barangnya ancur cuman d bungkus plastik dengan harga segitu kualitas toko official store tp barang d terima ancur mah kapok,unknown,1,Tokopedia,Negative,Bentuk,No,Ibu & Bayi,No
packing cm kresek tipis jd dus nya rusak gini kurang recomended cara packing aplg buat produk yg mudah rusak gini hadehh kecewa,unknown,1,Tokopedia,Negative,Bentuk,Yes,Ibu & Bayi,Yes
sangat amat kecewa tidak layak jual,unknown,1,Tokopedia,Negative,Lainnya,Yes,Ibu & Bayi,No
packingnya cm kresek krg aman jd pas dateng peot pdhl buat d jual haduhh,unknown,2,Tokopedia,Negative,Bentuk,No,Ibu & Bayi,No
produk dikirim tidak lengkap,unknown,1,Tokopedia,Negative,Lainnya,No,Ibu & Bayi,No
admin cs nya ga nyambung ditanya apa jawab nya apa,unknown,2,Tokopedia,Negative,Lainnya,No,Ibu & Bayi,No
kurang cocok utk bayi kulit sensitif bbrp kali pakai kulit bayi jd beruntusan,unknown,3,Tokopedia,Neutral,Bentuk,No,Ibu & Bayi,No
botolnya kurang proper mudah sekali tumpah,unknown,3,Tokopedia,Neutral,Lainnya,No,Ibu & Bayi,No
negative bgt botol nya jadi gak praktis tumpah2 gitu kaya bocor liat review emang masalahnya di botol ehh ternyata bener paraaaah sih menurut aku botolnya oil nya lumayan lah,unknown,2,Tokopedia,Negative,Bentuk,No,Ibu & Bayi,No
pernah tanya kapan expd nya katanya ternyata exp kesel aja uda bela2in beli disini yg jauh lebih mahal dr toko lain demi dapet expd,unknown,1,Tokopedia,Negative,Harga,No,Ibu & Bayi,No
pengiriman lama kemasan penyok parah,unknown,2,Tokopedia,Negative,Bentuk,Yes,Ibu & Bayi,No
belinya transpulmin baby yg sampe transpulmin kids sorry dksih bintang biar ada perbaikan kedepannya thx,unknown,2,Tokopedia,Negative,Lainnya,No,Ibu & Bayi,No
proses konfirmasi lama chat gk di balas,unknown,1,Tokopedia,Negative,Lainnya,No,Ibu & Bayi,No
kecewa dan sangat tdk puas dgn pelayanan sejak tgl setelah order barang saat itu status masih menunggu konfirmasi jadi artinya belum diproses oleh penjual saya melakukan pembatalan karena saya ingin mengganti produk yg akan saya beli di toko yg sama saya konfirmasi penjual melalu chat sampai 3x untuk minta proses pembatalan sampai malam hari sebelum tidur status masih menunggu konfirmasi yg artinya pesanan saya belum diproses tp kemudian tgl juli pagi penjual mengubah statusnya menjadi diproses yg artinya penjual tidak berkenan melakukan pembatalan dan status diubah jadi menunggu kurir masih ditanggal pagi tapi sampai tgl barang belum dikirim dan status masih menunggu kurir status pengiriman tidak terupdate penjual menyalahkan pihak provider pengiriman barang baru dikirim setelat saya lapor ke pihak tokopedia,unknown,1,Tokopedia,Negative,Bentuk,Yes,Ibu & Bayi,No
adminnya lambat barang juga tidak sampai di tangan saya setelah menunggu hampir minggu padahal saya ada transaksi dari beberapa toko di hari yang sama dan semuanya sudah sampai maksimal hari setelah saya pesan dari pihak kurir katanya udah sampai dan diterima keluarga dekat padahal nama penerimanya aja ga kenal terus komplain ke toped baru direspon setelah hampir mggu dan akhirnya diputuskan dari pihak toped untuk direfund,unknown,1,Tokopedia,Negative,Bentuk,Yes,Ibu & Bayi,Yes
beli dsni sih pengen free giftnya sebenernya jadi buruan bayar saat masih ada gambar free gift lunch bag nya tapi kecewa sangat ternyata pihak penjual baru konfirmasi kalau free gift bagnya telah habis saat barang udah dlm proses pengantaran dan blg klo d ganti dg free gift lain ehh ternyata cuma dapat tumbler dr lactamil jujur kecewa padahal bela2in beli d lapak ini krn udh punya royal swimmng pool dr lapak oyen n biru,unknown,2,Tokopedia,Negative,Harga,Yes,Ibu & Bayi,No
barang penyok gaes klo dari ekspedisi kardus harusnya rusak nah ini kardusnya tebal dan masih mulus returan sy dari toko sebelah dibalikin lewat toped mana bohong lagi foto yg dikirim ke tokopedia care bukan foto paket saya untung asuransi mau terima claim jadi hati2 gaes nutrilon sudah mulai tidak amanah,unknown,1,Tokopedia,Negative,Bentuk,Yes,Ibu & Bayi,Yes
ga sesuai dengan yg di posting,unknown,1,Tokopedia,Negative,Bentuk,No,Ibu & Bayi,No
hadiah gak di kirim toko offical tapi gak amanah kapok dah,unknown,1,Tokopedia,Negative,Lainnya,No,Ibu & Bayi,No
lain kali lebih teliti tolong dicek dulu sebelum barang dikirim jgn sampe salah pesan nutrilon sebanyak kaleng tp yg dikirim satunya nutrilon,unknown,1,Tokopedia,Negative,Lainnya,No,Ibu & Bayi,No
barang pertama yang pertama pesan sama2 leging dengan kode item yang sama tapi kedua kalinya saya pesan barang berbeda bahan berbeda kecewa sekali,unknown,2,Tokopedia,Negative,Bentuk,Yes,Ibu & Bayi,Yes
langsung sobek pas pertama kali di pake,unknown,2,Tokopedia,Negative,Bentuk,No,Ibu & Bayi,No
baru pakai sekali langsung koyak bahan tipis pengiriman lama chat ga pernah di bls ga recommended,unknown,2,Tokopedia,Negative,Bentuk,No,Ibu & Bayi,No
ga ngerti kenapa bagian karetnya melilit dan ga bisa dilurusin udah nyoba diputer puter tapi tetep ga bisa sedih asli,unknown,2,Tokopedia,Negative,Bentuk,No,Ibu & Bayi,No
baru dipake lngsung sobek bahanya tipis,unknown,2,Tokopedia,Negative,Bentuk,No,Ibu & Bayi,No
kecewa bangett beli dan lgsg bayar di tanggal agustus dan skrg di tanggal september barang masih belum diterima melakukan complaint setelah minggu dr tanggal pemesanan krn masih sabar dipikir ada kendala skrg udh hampir sebulan masih dibilang follow up terus dan tiba2 status pesanan yg tadinya complaint malah selesai ngga paham jdnya ini gimana penyelesaiannya,unknown,1,Tokopedia,Negative,Harga,Yes,Ibu & Bayi,Yes
aduh parah deh kualitasnya respons konfirmasi order sampe hari paa barang datang baru jg dipakai jam masa bolong pas bagian miss v nya ckckckc kecewa banget trus bahannya jg nerawang alias tipis dan pengait bagian perutnya jg gmpang lepas hadeuh kapok beli produk mamas choice deh,unknown,1,Tokopedia,Negative,Bentuk,Yes,Ibu & Bayi,Yes
proses pengiriman lama bahan tipis,unknown,3,Tokopedia,Neutral,Bentuk,No,Ibu & Bayi,No
biasa aja harga lebih mahal dri toko sebelah,unknown,3,Tokopedia,Neutral,Harga,No,Ibu & Bayi,No
kurang suka sama kainnya,unknown,3,Tokopedia,Neutral,Bentuk,No,Ibu & Bayi,No
warnanya kusam ternyata,unknown,2,Tokopedia,Negative,Bentuk,No,Ibu & Bayi,No
hati2 beli produk nya jangan sampai kecewa berharap dapat hadiah nya malahan zonk niat belanja di official store nya malah dikirim dr toko cabang ga dpt deh hadiah nya,unknown,1,Tokopedia,Negative,Lainnya,Yes,Ibu & Bayi,No
saya sunggu sangat kecewa dengan pediasure,unknown,1,Tokopedia,Negative,Lainnya,Yes,Ibu & Bayi,No
pesan dari kota tangerang tiba2 dikirim dari toko cabang hadiah tidak ada uda komplain dan banding tanggapan tokopedia n official store tidak baik belanja ditoko online lain ga pernah trik ky gini uda salah ga mau ngaku salah pas cekout uda ulang2 diliat bener ini kirim dari kota tangerang sudah screenshot juga itu yg dibeli saya juga bisa liat mana yg toko cabang mana yg dari tangerang hati hati utk pembeli lain jangan sampai ada yg kena ky saya,unknown,1,Tokopedia,Negative,Bentuk,Yes,Ibu & Bayi,No
pas chekout kemarin tulisanny dapet cashback ribu pas barang udh dpt kok koinnya cashback ny berubah hanya dpt ribu kecewa banget bulan depan ganti susu dari kalbe aja lah,unknown,1,Tokopedia,Negative,Harga,Yes,Ibu & Bayi,Yes
tertulis dapat hadiah taunya bohong loh g dapat apa2 bonusnya gk datang,unknown,1,Tokopedia,Negative,Lainnya,Yes,Ibu & Bayi,No
ga sesuai dengan banner nya katanya free teflon tapi teflon tidak dikirim sangat kecewa,unknown,2,Tokopedia,Negative,Bentuk,Yes,Ibu & Bayi,No
sangat mengecewakan mengira dapat bonus ternyata zonk gara2 penawaran paksa ektra shipping hati2 guys sama jebakan free ongkir ini yg ternyata menghilangkan menghapu bonus,unknown,1,Tokopedia,Negative,Harga,Yes,Ibu & Bayi,No
gak dpat tefal seperti info dan gak ada konfirmasi terkait hal ini udah beli beberp kali sesuai tp kali ini sama sekali tidak sesuai mending official store ecommerce lain buruk sangat buruk,unknown,1,Tokopedia,Negative,Bentuk,Yes,Ibu & Bayi,No
bohong gak dapat hadiah kapok beli d sini,unknown,1,Tokopedia,Negative,Lainnya,Yes,Ibu & Bayi,No
belanja harus hati2 tidak jelas sangat kecewa untuk belanja kali ini,unknown,1,Tokopedia,Negative,Lainnya,Yes,Ibu & Bayi,No
pesenan sy g di respon giliran sy cancel langsung di respon dan di kirim dan juga bicaranya ngajak ribut kapok sy belanja sprti ini jika msh ada toko ky gini lagi berhenti sy pake aplikasi tokped,unknown,1,Tokopedia,Negative,Lainnya,No,Ibu & Bayi,No
pampers nya yaampun di packing asal asalan sampe kebuka danpampersnya pun sobek jujur kecewa banget,unknown,1,Tokopedia,Negative,Lainnya,Yes,Ibu & Bayi,Yes
kenapa pesananya ndk sesuai ukuran yg di pesan klo stok kosong ya di ubah,unknown,1,Tokopedia,Negative,Bentuk,No,Ibu & Bayi,No
pesanan ndk sesuai pesen m di kirim l,unknown,1,Tokopedia,Negative,Bentuk,No,Ibu & Bayi,No
box hancur padahal customer beli untuk kado mengecewakan masa bungkus cuma pake plastik tipis toko besar tapi gak modal bubble wrap,unknown,2,Tokopedia,Negative,Bentuk,Yes,Ibu & Bayi,No
box nya rusak padahal pesenan orang buat kado mengecewakan,unknown,2,Tokopedia,Negative,Lainnya,Yes,Ibu & Bayi,No
kardus rusak packing jelek,unknown,2,Tokopedia,Negative,Bentuk,Yes,Ibu & Bayi,No
seller tidak responsive pesan dan pengajuan pembatalan selisih menit malah ditolak pengajuannya padahal udah chat pengen ganti tipe barang sama alamat pengiriman tapi gak diwaro payah,unknown,1,Tokopedia,Negative,Bentuk,No,Ibu & Bayi,No
packingnya jelek sekali handling produknya tidak bagus mau kasih kado ke orang masa kardusnya jelek begini biki malu aja,unknown,1,Tokopedia,Negative,Bentuk,Yes,Ibu & Bayi,No
pihak toko lama dalam mengirim barang warna barang tidak sesuai,unknown,1,Tokopedia,Negative,Bentuk,Yes,Ibu & Bayi,No
kecewa berat kardus rusak padahal untuk kado,unknown,1,Tokopedia,Negative,Bentuk,Yes,Ibu & Bayi,Yes
pesan abu abu yg dtg pink yakali bapak pake pink kalo mmg abu abu habis ada loh fitur chat untuk konfirmasi ke pembeli bersedia ganti warna atau tidak3 kardus rusak barang lama dijual kembali penjual tidak meminta maaf atas kesalahan yg dilakukan dan tidak memberikan solusi atas kekeliruan yg terjadi penjual prosesnya lama banget beli jumat pagi diproses senin alasannya sabtu minggu libur kayak pns ya barangnya gak nyaman banget sakit kalo dipake terutama di bagian panggul kesimpulannya not recommended seller at all,unknown,1,Tokopedia,Negative,Bentuk,Yes,Ibu & Bayi,Yes
kecewa dengan waktu pengiriman order jam sengaja pilih sameday biar hari itu juga sampainya karena butuh cepat gendongan ini malah dikirim hari berikutnya kalau tidak bisa kirim di hari yang sama tidak perlu diaktifkan pilihan kurir samedaynya atau infokan untuk sameday itu maksimal order jam berapa baru bisa dikirim di hari yang sama,unknown,1,Tokopedia,Negative,Bentuk,Yes,Ibu & Bayi,Yes
penjual tidak ramah,unknown,1,Tokopedia,Negative,Lainnya,No,Ibu & Bayi,No
barang datang dng dus yg tidak layak banget buat kado jd malu dgn kondisi mengenaskan,unknown,2,Tokopedia,Negative,Lainnya,No,Ibu & Bayi,No
paket datang kardus penyok robek malu klo buat kado udah banyak yg gini kenapa tidak ada perbaikan dr mooimom,unknown,2,Tokopedia,Negative,Lainnya,No,Ibu & Bayi,No
saya nyesel pake yg same day rugi dikirimnya lama,unknown,2,Tokopedia,Negative,Lainnya,No,Ibu & Bayi,No
untuk pengiriman antar pulau penjual hanya packing dg lapis kresek alhasil dusnya babakbelur penyok sobek sana sini padahal ini mau utk kado barang2 kecil saja di olshop lain dipakein bubble wrap kotak double mana lama bgt baru dikirim order sabtu dikirim senin shame on you,unknown,1,Tokopedia,Negative,Bentuk,No,Ibu & Bayi,No
ini buat kado loh masa dusnya hancur seperti ini,unknown,1,Tokopedia,Negative,Lainnya,Yes,Ibu & Bayi,No
paraahh bgt box hipseat tdk sesuai dgn yg saya pesan box rusak banget padahal kemasan luar rapih itu berarti box sdh rusak sblm dikirim tapi maksa dikirim ke cust bahan nya agak kasar ga lembut saya khawatir ini gak ori walopun lg promo tp tolong diberesin dong pengemasan nya masa salah box gimana sih,unknown,1,Tokopedia,Negative,Bentuk,Yes,Ibu & Bayi,No
berat barang di deskripsi 5kg padahal berat asli barang dari kurir saat diterima cuma 1kg jadi ongkir sangat mahal dari kenyataan dan harus mengajukan komplain dll untuk bisa dapat refund ongkir merepotkan,unknown,1,Tokopedia,Negative,Harga,Yes,Ibu & Bayi,No
packingnya sangat jelek barang yg diterima kotaknya sudah peot peot karena rencananya barang ini untuk hadiah,unknown,3,Tokopedia,Neutral,Bentuk,No,Ibu & Bayi,No
kemasannya kurang baikk kotakya gak rapih seperti bekas pada hal mau buat kado,unknown,2,Tokopedia,Negative,Bentuk,No,Ibu & Bayi,No
pesanan tdk sesuai minta biru diksh pink buat anak laki laki seller ngga bisa baca kayanya mengecewakan sekali brg juga ngga bagus bagus amat standar,unknown,2,Tokopedia,Negative,Bentuk,Yes,Ibu & Bayi,No
pesen bak mandi dikirim strap ngaco ditanyain bolak balik malah kaga ada solusi akhirnya saya beli strapnha lagi baru dikirim bak lain kali kalo salah ya akuin salah,unknown,1,Tokopedia,Negative,Lainnya,No,Ibu & Bayi,No
order pink dateng biru males balikin krna rugi ongkir terpaksa terima apa ada y,unknown,1,Tokopedia,Negative,Harga,No,Ibu & Bayi,No
warna tidak sesuai yang diinfokan,unknown,1,Tokopedia,Negative,Bentuk,Yes,Ibu & Bayi,No
kusutt datengnya pink padahal sudah d notr biruu ga bisa baca kayanya ni penjual,unknown,1,Tokopedia,Negative,Lainnya,No,Ibu & Bayi,No
pelayanan tokonya sampah,unknown,1,Tokopedia,Negative,Lainnya,No,Ibu & Bayi,No
selang nya bolong ada titik harusnya sebelum kirim di cek dulu,unknown,1,Tokopedia,Negative,Lainnya,No,Ibu & Bayi,No
kecewa karena penjual tidak melakukan req yang saya minta beli gendongan ini untuk kado karena bisa req untuk ucapannya makanya saya beli disini saya sudah minta untuk difotokan kartunya sebelum dikirim ke teman saya janjinya mau difotokan ternyata tidak sehingga teman saya yang menerima barangnya sampai bingung ini pengirimnya siapa setelah hari barang tiba saya wa ke teman saya dan dia menceritakan bahwa tidak ada tulisan apapaun didalam paketnya jadi dia bingung ini dari siapa tolong ya kedepannya setiap permintaan itu kalau sudah janji bisa dilakukan ditepati kalau memang dari awal tidak bisa melakukan saya tidak akan beli disini,unknown,2,Tokopedia,Negative,Lainnya,Yes,Ibu & Bayi,Yes
barang sampe dengan sobek gw di kasih barang rijek kacau ni seller,unknown,2,Tokopedia,Negative,Bentuk,No,Ibu & Bayi,No
sori bahan ternyata jelek malu buat kado ke org mana dudukan pke sterofoam lg,unknown,1,Tokopedia,Negative,Bentuk,No,Ibu & Bayi,No
barang tidak ok,unknown,1,Tokopedia,Negative,Lainnya,No,Ibu & Bayi,No
sangat mengecewakan hipseat dan baby carrier tidak bisa disambung karena tidak ada safety lock antara hipseat dan baby carrier dan hood pelindung kepala bayi tidak tersedia semoga kedepannya deskrepsikan produk apa adanya sehingga konsumen mengerti dan paham produck yg anda jual,unknown,1,Tokopedia,Negative,Bentuk,Yes,Ibu & Bayi,No
ganti mengunakan sirclo packing susu hancur semuapayah kotak rusak semua,unknown,1,Tokopedia,Negative,Lainnya,Yes,Ibu & Bayi,No
cukup sekali aja beli disini barang baru dikirim setelah hari order di chat gak direspon packaging terkesan asal cukup tau aja,unknown,1,Tokopedia,Negative,Bentuk,No,Ibu & Bayi,No
yang bener aja dong saya beli susu masa kemasannya kaya gini bener2 kecewa sudah mah ya lama dtgnya pas di open box kok hancur gini,unknown,1,Tokopedia,Negative,Bentuk,Yes,Ibu & Bayi,Yes
gausah beli ringlight disini yg dikirim barang rusak ringlightnya mati packingan tipis buat tripodnya bengkok pengembalian dana ribet saya ga terlalu masalah dgn tripodnya tapi ini ringlightnya gabisa dipake sm sekali saya mau kembaliin ringlight aja malah di persulit nyesel beli disini buang2 duit buang2 waktu,unknown,1,Tokopedia,Negative,Bentuk,Yes,Elektronik,No
barang dikirim tidak lengkap nggak ada phone holdernya jadi hp gak bisa dipasang sudah chat tapi respon lambat seolah sengaja dimepetin dengan durasi waktu selesai otomatis,unknown,2,Tokopedia,Negative,Bentuk,Yes,Elektronik,No
barang datang dalam keadaan dilipat padahal ada catatan barang digulung jangan dilipat,unknown,1,Tokopedia,Negative,Lainnya,No,Elektronik,No
bagi temen mending ga usah beli drone disini drone yang saya pakai baru dipakai hari terbangnya udah miring pas take off malah jungkir balik sendiri baling baling kadang mati kadang hidup chat ke penjual cuma diread dan ga direspon klo ada bintang mah udah tak kasi bintang ni toko ga niat jualan,unknown,1,Tokopedia,Negative,Bentuk,Yes,Elektronik,No
motor depan sebelah kanan cepat panas dan sekarang tdk berpungsi motor belakang kiri jg sama,unknown,1,Tokopedia,Negative,Bentuk,No,Elektronik,No
drone sulit dikendalikan take off selalu miring wlpun ud kalibrasi sesuai kertas petunjuk menu app android bhs inggris tapi pesan errornya bahasa mandarin gak bisa baca,unknown,3,Tokopedia,Neutral,Bentuk,No,Elektronik,No
sangat kecewa belanja disini response sangat lambat order instant courier di kirim besok nya sore pula aduuuuh official store tapi pelayanan nya kayak gini its not recomended deh,unknown,1,Tokopedia,Negative,Lainnya,Yes,Elektronik,No
kurang cocok pake samsung s21 ultra hp nya berat gimbalnya miring2,unknown,3,Tokopedia,Neutral,Bentuk,No,Elektronik,No
kecewa banget masa yang datang cuma tripot nya ada ngga ada ring light nya tripotnya pun pada patah,unknown,1,Tokopedia,Negative,Lainnya,Yes,Elektronik,Yes
judul deskripsi misleading bikin org salah paham udah keburu yg nyampe nggak sesuai pesanan ini blm pasti dpt right light ya hati2 kl beli,unknown,1,Tokopedia,Negative,Bentuk,No,Elektronik,No
awal dikirim brg sih packing rapih ya tp ada bocel sm kaki tripod karetnya ada yg ilang trs saya balikim barangnya saya kasih bubble wrap buat balikin tp seller kirim brg barunya sama sekali ga pake bubble wrap alhasil banyak lecet penyok2 dibilang dr seller ktnya hrs xtra bubble wrap tau gt saya balikinnya gausa make bubble wrap,unknown,3,Tokopedia,Neutral,Bentuk,No,Elektronik,No
barang mau dikirim pakai ekspedisi ke luar kota tapi tidak dibungkus plastik background basah akhirnya tidak bisa dipakai sama sekali,unknown,1,Tokopedia,Negative,Bentuk,No,Elektronik,No
hasil potongan produk tidak rapih kancing pengait tidak pas latar background kekecilan batok charger lampu cepat panas mengakibatkan lampunya kelap kelip setelah pemakaian menit,unknown,1,Tokopedia,Negative,Bentuk,No,Elektronik,No
barang yang dikirim kotor dan bekas double tape sudah terbuka dan ada rambut deskripsi padahal baru bukan bekas,unknown,1,Tokopedia,Negative,Bentuk,No,Elektronik,No
case kardusnya dah lama dan robek di box nya ada bekas karat dan strip led cuma ternyata,unknown,2,Tokopedia,Negative,Bentuk,No,Elektronik,No
jujur kecewa pengiriman sangat terlambat lampu led kualitasnya sangat buruk pakai kurang lebih menit langsung mati tak terpakai lagi akrilik hitam seperti yang dijanjikan tidak ada ada harga ada rupa it s a negative negative deal afterall,unknown,2,Tokopedia,Negative,Harga,Yes,Elektronik,Yes
barang di terima banyak yg bocor keluar dan banyak yg kosong barang tidak sesuai deskripsi,unknown,2,Tokopedia,Negative,Bentuk,Yes,Elektronik,No
silica gel nya lembab packing kurang rapat dan rapih seharusnya di packing dengan rapat,unknown,3,Tokopedia,Neutral,Bentuk,No,Elektronik,No
packing kurang baik untuk silica gel hanya dibungkus plastik dan plastiknya di hekter sehingga udara bisa keluar masuk mestinya di seal supaya kedap udar,unknown,3,Tokopedia,Neutral,Bentuk,No,Elektronik,No
barang oke tapi seller packingnya asal kemasannya bocor silica gelnya jadi keluar semua apa gunanya lagi silica gelnya sudah terkena udara tida direkomendasikan buat beli disini,unknown,1,Tokopedia,Negative,Bentuk,No,Elektronik,No
product ok lah tp sayang ada beberapa sachet nya yg sobek jadi di dalam nya beraktakan gel,unknown,3,Tokopedia,Neutral,Lainnya,No,Elektronik,No
udah sering beli banyak bahkan tapi untuk yg sekarang sangat kecewa sekali karena ada satu yg gagal depan belakang sama sayangnya ketika ditanya malah disuruh nunggu tapi tidak ada jawaban sampai sekarang tau gitu di komplain,unknown,1,Tokopedia,Negative,Bentuk,Yes,Elektronik,No
aduk ka kenapa ya makin ke sini pengiriman barang nya makin jelek barang banyak yg keriput kusut rusak tolong dong ke depannya di perbaiki,unknown,2,Tokopedia,Negative,Bentuk,Yes,Elektronik,No
barang tidak lengkap sudah coba kirim video unboxing tapi ga bisa2 masuk sudah minta nomer wa dan email agar bisa kirim videonya tapi tidak direspon dan sudah balas email ke tokopedia juga tapi tidak di balas percuma barang nya juga tidak bisa di pakai karena tidak lengkap padahal di gambar tertera free,unknown,1,Tokopedia,Negative,Lainnya,No,Elektronik,No
barangnya ringkih gampang patah pengunci tidak paten bahan kurang bagus ya mungkin sesuai sama harganya kliatan kaya diskon padahal harga normal untuk kualitas segitu ini yg buat g bintang lah,unknown,2,Tokopedia,Negative,Bentuk,No,Elektronik,No
sepertinya kali ini berlaku prinsip harga sesuai kualitas waktu cek awal udah feeling ga enak krn ada bantal kaki yg lepas lanjut kemudian tiang penyangga bagian tengah lepas lanjut penghubung tiang tidak bisa dicantolin saya coba masih biaa di pake ada sedikit harapan tapi tidak lama kemudian mur untuk penopang hape lepas pada saat proses pasang hape jadi totally ga bisa di pake yahhh anggap aja hitung2 amal deh pengalaman aja untuk tokonya no comment sih krn ga komunikasi lebih,unknown,2,Tokopedia,Negative,Bentuk,No,Elektronik,No
baterainya yang saya dapet rusak pantes pas di charge ga penuh penuh pas dicoba ternyata gabisa fisik baterainya juga agak kembung,unknown,1,Tokopedia,Negative,Bentuk,Yes,Elektronik,No
kurang bagus kualitas nya kemaren beli ditoko sebelah harga sama kualitas lumayan yg ini boros dan bikin kamera jadi over heat,unknown,1,Tokopedia,Negative,Bentuk,No,Elektronik,No
pengiriman sangat lama padahal didalam jabodetabek begitu barang sampai ada satu yg cacat kayak ada bagian belum selesai finishing alhasil harus motong bagian yg berlebih terus di amplas perekat 3m nya juga sulit dikelupas mohon kedepannya sebelum barang dikirim dicek dulu udh ada barang yg cacat juga ini,unknown,2,Tokopedia,Negative,Bentuk,Yes,Elektronik,No
produk memang sesuai deskripsi penjual harga jg terjangkau pengiriman pun cepat tapi kualitas produknya berbeda dgn original bawaan spt tingkat presisi antar bagian maupun finishing nya agak keras diputar2 utk setting bautnya pun yg panjang padahal original nya yg panjang hanya utk kamera saja sehingga menjadi pemberat di helm,unknown,2,Tokopedia,Negative,Bentuk,Yes,Elektronik,No
barang rusak pesen tgl tgl baru sempet pake buat wedingan pas mau di cas lagi udah drop gabisa isi daya hadehh cuma kepake sekali tok,unknown,2,Tokopedia,Negative,Bentuk,Yes,Elektronik,No
tidak ada rincian cara penggunaan nya tidak ada keterangan alat pendukung utk hp dan kamera jadi ngga ngerti saya klo di pake ke hp gmn caranya cara tinggiin tripod nya gimn,unknown,2,Tokopedia,Negative,Lainnya,No,Elektronik,No
kamera yang saya beli baru dipakai hari sudah layarnya rusak dengan harga yg cukup mahal barangnya tidak bagus mutunya,unknown,2,Tokopedia,Negative,Harga,Yes,Elektronik,No
packing kurang aman handle patah emang bahan plastiknya ringkih sih maklum pengiriman lumayan cepat,unknown,3,Tokopedia,Neutral,Bentuk,No,Elektronik,No
brangnya ringkih baru dateng uda pecah part padahal kemasan uda oke next time di cek dlu sebelum kirim,unknown,3,Tokopedia,Neutral,Bentuk,No,Elektronik,No
barang yg dikirim tidak sesuai pesanan salah warna harap bisa lebih teliti lg dan merespon komplain dgn lebih tanggap,unknown,3,Tokopedia,Neutral,Bentuk,No,Elektronik,No
produk sih bagus hanya seller tidak teliti mbaca pesanan salah ukurannya jadinya saya yang susah,unknown,3,Tokopedia,Neutral,Bentuk,No,Elektronik,No
sorry banget nih namanya review kan harus jujur ya agak kecewa sama warnanya aja pesannya mustard yg dateng orange kupikir salah kirim ternyata menurut penjualnya mustard kayak gitu warnanya padahal klo pun salah kirim saya gak nuntut apa apa,unknown,2,Tokopedia,Negative,Bentuk,Yes,Elektronik,No
bahannya jelek yah memang sesuai dgn harganya sih lipatannya terlalu kentara akhirnya tidak bisa dipakai,unknown,2,Tokopedia,Negative,Bentuk,No,Elektronik,No
prod dikirim dgn dilipat tdk digulung padahal utk background foto jadinya ada bekas lipatan permananen,unknown,1,Tokopedia,Negative,Lainnya,No,Elektronik,No
cepet nyampe karena pake yg kiriman sehari mic nya ga bsa dpake chat ke penjualnya bilang nya itu cuma bonusan so emang klo bonusan harus dkasi yg rusak,unknown,1,Tokopedia,Negative,Lainnya,Yes,Elektronik,No
dalam kondisi mati lampu hijaunya tetap hidup sampai sampai batrainya berkurang tampa di pakai,unknown,1,Tokopedia,Negative,Lainnya,Yes,Elektronik,No
produk yang saya terima kondisi motor sabliziernya kurang baik al hasil video bukannya jadi mulus malah unstableized,unknown,3,Tokopedia,Neutral,Lainnya,No,Elektronik,No
barang sampe cepat packaging rapi dan aman cuma sayang bbrp fitur seperti tombol trigger dan ai lock nya ga bisa tanya ke toko mesti hub garansinya toko ga bisa bantu mohon maaf ya kasih bintangnya karena saya kurang puas trimakasih,unknown,3,Tokopedia,Neutral,Bentuk,No,Elektronik,No
saya melihat review produk ini hasil suara kualitas di youtube lumayan bagus tapi kenapa berbeda ya ketika beli barang nya noise nya masih terdengar meskipun pakai deadcat di indoor dan ga compatible juga sama splitter jack,unknown,3,Tokopedia,Neutral,Bentuk,No,Elektronik,No
kabel jack nya sangat tidak bagus saya colok ke mic nya tidak terbaca saya coba colok ke speaker harus di teken biar nyala suara untuk mic nya bagus tapi saya harus pake jack yang lain,unknown,1,Tokopedia,Negative,Bentuk,No,Elektronik,No
barang tidak sesuai yg diiklannkan sdh di tukar yg baru tapi sama payahnya tidak peka dan tidak copartble untuk beberapa merk,unknown,1,Tokopedia,Negative,Bentuk,Yes,Elektronik,No
suaranya gk bs bersih ada noise hasilnya lebih bagus ngerekam pakai headset iphone drpd pakai ini,unknown,1,Tokopedia,Negative,Bentuk,No,Elektronik,Yes
tidak bisa digunakan secara native harus menggunakan aplikasi tertentu tidak disebutkan di deskripsi windshield rusak on arrival,unknown,1,Tokopedia,Negative,Lainnya,Yes,Elektronik,No
saya sudah tulis motif iron cement tapi ternyata ga ke save penjual ga tanya motif dulu malah langsung kirim motif acak,unknown,3,Tokopedia,Neutral,Lainnya,No,Elektronik,No
udah bbrp kali beli disini di app ijo oren puas dgn barangnya hanya saja di pembelian terakhir ini kecewa sih saya beli oyster cement dengan asumsi warnanya abu muda seperti dove grey cement hanya saja lebih mulus teksturnya sprti di katalog sudah saya cari referensi foto2 ulasan juga blm menemukan foto realnya jadi saya order saja ternyata pas datang hasilnya jauh lebih kuning dari bayangan lalu saya bandingkan dengan dove grey cement saya dari pembelian sebelumnya tnyata beda banget photo attached mgkn lain kali seller kalo foto produknya disetting dulu lighting white balancenya supaya akurat netral warnanya antar produk seller jg kurang komunikatif sblmnya pernah minta foto produknya yg lebih jelas zoom in tidak diberikan bagi customer selanjutnya pls note oyster cement sprti ini ya plus point packing rapi pengiriman cepat,unknown,3,Tokopedia,Neutral,Bentuk,No,Elektronik,No
barang udah sampai tapi kondisinya sobek,unknown,3,Tokopedia,Neutral,Lainnya,No,Elektronik,No
agak penyok dikit yg sebelah kiri usb gak berfungsi jadi mesti ganti usb sendiri,unknown,3,Tokopedia,Neutral,Lainnya,No,Elektronik,No
barang sampai kabel yg dikasih rusak jadi harus pakai kabel lain biar lampu nyala mungkin next qc nya bs di tingkatkan,unknown,3,Tokopedia,Neutral,Lainnya,No,Elektronik,No
barang berfungsi norma kecuali kabel usb nya rusak jadi saya pake kabel usb hp komplen ke toko hanya minta maaf tidak menawarkan untuk diganti tolong cek dulu sebelum dikirim tks,unknown,2,Tokopedia,Negative,Lainnya,Yes,Elektronik,No
barang sdh dtg packing rapih tapi led nya tdk nyala brg dtg ketika sy lg travelling pas di coba led tdk nyala dan di hubungi tokonya tdk mau bertanggung jawab krn status order telah selesai selayaknya brg di test dahulu sebelum dikirim ke pembeli utk memastikan semua berfungsi,unknown,2,Tokopedia,Negative,Bentuk,No,Elektronik,No
miniboxnya sih ok lampu led berfungsi dan menyala semua tapi kabel usbnya bengkok jadi ga bisa masuk ke kepala charger jadi tidak bisa berfungsi dengan baik jadi saya pakai kabel charger hp saya komplain dengan maksud tinggal kirim saja kabelnya tapi ini malah minta bukti unboxing lah memang saya youtuber hrs ada video unboxing klo belanja online fyi ya kemasan dari ekspedi baik tidak ada rusak klo masalah didalemnya bengkok ya saya gak tau,unknown,1,Tokopedia,Negative,Bentuk,Yes,Elektronik,No
pengiriman cepat tp kurang teliti saat dikirim macro lensnya tidak ada saya cuma dapet fish eye sama wide angle padahal macro lens yg saya mau mohon dicek dulu seblm dikirim agak kecewa,unknown,2,Tokopedia,Negative,Bentuk,Yes,Elektronik,No
respon cepat sayang lensa macro nya ada baret masih dimaklumi lah karena murah tp berharap kualitas barang bisa lebih baik,unknown,2,Tokopedia,Negative,Harga,No,Elektronik,No
barang sudah sampai tapi salah satu lensanya ada yang tergores ditengahnya,unknown,2,Tokopedia,Negative,Lainnya,No,Elektronik,No
qc oh qc lensa dalamnya pecah katnya udah cek qc picking asal padahal udah nambah buble wrap perbaiki pelayanan,unknown,1,Tokopedia,Negative,Lainnya,No,Elektronik,No
toko terbodoh yang pernah ada packing ancur tidak di packing sama sekali barang rusak pesanan tidak sesuai tujuan saya membeli di toko bodoh ini adalah membeli usb mini fan sebelum order tanya apakah barang ini ready toko menjawab ready hasilnya paket sampe di rumah di selipin uang refund usb mini fan tersebut klk barang kosong cancel aja tolol saya harap para customer berpikir berkali kali untuk belanja di toko tolol ini dari pada kecewa setelah membeli nya terimakasih,unknown,1,Tokopedia,Negative,Bentuk,Yes,Elektronik,Yes
semoga bisa ditingkatkan lagi qcnya packing baik dengan bubblewrap jadi tidak mungkin patah dari pengiriman sayang saya tidak ada video unboxing karena sebelumnya pernah beli dan sangat aman mungkin saat jepit waktu packing posisinya tidak pas jadi ujungnya gompal,unknown,3,Tokopedia,Neutral,Bentuk,No,Elektronik,No
packingnya kurang banget ujung2nya pd lecet jumlah lengkap sesuai order,unknown,3,Tokopedia,Neutral,Bentuk,No,Elektronik,No
murah sesuai harga tapi barangnya kerass banget butuh tangan dan ringan gak berat jd utk harga murah begini ya gausah ekspektasi tinggi2,unknown,2,Tokopedia,Negative,Harga,No,Elektronik,No
keras sekali sampai tangan sakittt yg dijual paket bagus yg dijual lepasnya beda bgt nyesel beli banyak,unknown,1,Tokopedia,Negative,Bentuk,No,Elektronik,Yes
sudah dtrima barusan ada cacat goresan2 jadi ga mulus kesan spt bekas ketara tapi y sudahlh thanks,unknown,3,Tokopedia,Neutral,Lainnya,No,Elektronik,No
kurang bagus buat kamera mirrorless masih goyang goyang,unknown,2,Tokopedia,Negative,Bentuk,No,Elektronik,No
unboxing barang setelah seminggu karena dr luar kota kecewa bgt sy beli barang ditoko ini satu tripod ini satu lagi cover plastik anti air pas diunboxing ternyata yg dikirim cuma tripod aja cover plastiknya tidak ada emang harga murah gak sebrapa tapi kualitas toko harusnya diutamakan gak tau gak teliti atau sengaja gak dikirim yg pasti costumer udah dirugikan waspada yg belanja online power negativege gak ngejamin trust seller,unknown,1,Tokopedia,Negative,Bentuk,Yes,Elektronik,Yes
kecewa barang tdk lengkap tdk ada holder u mohon dipetiksa sbelum kirim anak saya nangis dan marah,unknown,1,Tokopedia,Negative,Lainnya,Yes,Elektronik,Yes
barang kualitas jelek kaki patah banyak pecah sedikit ditekuk pecah dan copot blum sempet pake udh tak buang aja,unknown,1,Tokopedia,Negative,Bentuk,No,Elektronik,No
ukuran mur di kepala gorillanya ga sesuai dgn ukuran mur utk holder handpone begitu jg dgn kamera saya sgt mengecewakan jd sama sekali tak bs digunakan tolong ksh solusi dong,unknown,1,Tokopedia,Negative,Bentuk,Yes,Elektronik,No
kurang tau karena apa yg jelas sampai dirumah saya cek gorilla pod nya ternyata sudah ada yg pecah menjadikan kakinya gampang copot,unknown,1,Tokopedia,Negative,Bentuk,No,Elektronik,No
gan ini gimana ya gorrilapod nya ga cocok sm kamera saya bahkan untuk bawaannya aja ga bisa masuk ga sesuai yang di gorillapod terlalu besar padahal saya sudah diskusi tanya apakah bisa untuk fuji xa dan agan jawab bisa ini kebesaran ga muat di lubangnya di lubang untuk jd tongsis hp pun ga bisa dipasang barangnya bagus tapi ga sesuai dan gak bisa saya gunakan jadinya,unknown,2,Tokopedia,Negative,Bentuk,No,Elektronik,Yes
barang hilang tidak sampai tujuan resi nyangkut di agen kurir sempat kontak cs dan cs mau tanyakan ke rekannya dulu tapi sampai sekarang tidak ada kejelasan sayang sekali untung ini barang murah jadi sy jg tidak rugi2 amat,unknown,1,Tokopedia,Negative,Harga,Yes,Elektronik,No
gampang lepas dan kurang nge grip di new fujifilm x t3 saya,unknown,2,Tokopedia,Negative,Bentuk,No,Elektronik,No
lehernya patah seller nya ga bisa ganti rugi gatau di cek dulu apa ngga sebelum di kirim,unknown,1,Tokopedia,Negative,Lainnya,No,Elektronik,No
barangnya tidak berfungsi dengan baik kakinya ga bisa di kunci yg lainnya oke,unknown,1,Tokopedia,Negative,Lainnya,Yes,Elektronik,No
setelah beberapa lama barang sudah agak rusak padahal pemakaian jarang,unknown,2,Tokopedia,Negative,Lainnya,Yes,Elektronik,No
kaki tripod rusak tdk bs terkunci di angkat lsg turun,unknown,1,Tokopedia,Negative,Lainnya,Yes,Elektronik,No
uda di noted tulung di cek baik baik mungkin drivernya kali ya yg patahin j hook patah 3m rusak kyk keteken kucel mirip duit lama pembelian pertama memuaskan knpa yg kedua begini x tulung di cek lebih teliti lagi yah,unknown,3,Tokopedia,Neutral,Lainnya,No,Elektronik,No
bahannya kurang kuat sehingga pada saat mau pasang ke quick mount malah patah mekanisme penguncinya,unknown,3,Tokopedia,Neutral,Bentuk,No,Elektronik,No
pengiriman cepat cma packingnya ndak rapi trus barangnya mudah patah blom di pkai sudah patah,unknown,3,Tokopedia,Neutral,Bentuk,No,Elektronik,No
kecewa karna tidak teliti saya pesan 2pcs yang dikirim cuman pcs emang akhirnya dikirim ulang tapi tetap kecewa karna berakibat keterlambatan datang dan tidak bisa di bawa pulang kampung saran agar lebih teliti lagi walaupun barang murah,unknown,1,Tokopedia,Negative,Harga,Yes,Elektronik,Yes
deskripsi diameter depan filter keliru sehingga ketika saya pasangkan lenshood ataupun lenscap gak cocok,unknown,2,Tokopedia,Negative,Bentuk,No,Elektronik,No
lcd kamera lepas dari posisinya semoga lebih teliti dalam memelih barang sebelum dikirim atau dicek,unknown,3,Tokopedia,Neutral,Bentuk,No,Elektronik,No
sebenernya kualitasnya oke sih tp nggak bisa masuk ke kamera yg biasanya pake phantom power,unknown,3,Tokopedia,Neutral,Bentuk,No,Elektronik,No
barang sampai dengan selamat mic berfungsi tapi emang kualitasnya tidak sampai bisa meredam suara di sekitar,unknown,3,Tokopedia,Neutral,Bentuk,No,Elektronik,No
respon seller bagus tapi produknya tidak suaranya kecil masih kalah dengan mic hp internal harga sangat tidak sesuai dengan kualitas,unknown,3,Tokopedia,Neutral,Bentuk,No,Elektronik,No
ga dipacking dikirim pke boxnya gitu aja benyek parah isinya ky barang bekas jg bnyk bgt baretnya sama ada noda apaan gitu kaya gel2 jorok bgt,unknown,3,Tokopedia,Neutral,Bentuk,No,Elektronik,No
barang tiba terlepas beberapa bagian ada jg bagian yg hilang entah dari toko atau dari jasa pengiriman yg krg baik,unknown,3,Tokopedia,Neutral,Bentuk,No,Elektronik,No
untuk produk untung datang nya bagus untuk pengemasan buruk banget bsa di bilang nggak layak dan agak penyok kotak nya kayak bekas pakai,unknown,3,Tokopedia,Neutral,Bentuk,No,Elektronik,No
barang bagus pengiriman cepat sayang packaging seada adanya pesanan untuk menambahkan bubble wrap juga tidak diindahkan respon juga tidak bagus,unknown,3,Tokopedia,Neutral,Bentuk,No,Elektronik,No
tidak berfungsi mau retur tapi berat di ongkir mungkin kedepannya boleh di test terlebih dahulu sebelum kirim,unknown,2,Tokopedia,Negative,Harga,Yes,Elektronik,No
sangat kecewa pengiriman lama banget barang nya juga rusak dan penyok jangan tergiur sama harga murah ya teman teman,unknown,1,Tokopedia,Negative,Harga,Yes,Elektronik,No
lemah tidak kuat berdiri apalagi utk posisi menunduk sedikit saja sudah mau jatuh tidak kuat menahan berat hp,unknown,1,Tokopedia,Negative,Bentuk,No,Elektronik,No
sesuai harganya build quality nya kurang bagus material bodi nya dari plastik jadinya kurang kuat nahan beban hp yg agak besar kadang bisa jatuh tripod nya kalau hp nya di posisi nunduk setelah tahun pemakaian batang mount nya patah note di foto saya pasangin tripod nya dgn holder merek lain holder bawaannya kurang bagus,unknown,2,Tokopedia,Negative,Bentuk,No,Elektronik,No
kualitasnya mengecewakan blm dipake sudah rusak bola joinnya,unknown,1,Tokopedia,Negative,Bentuk,Yes,Elektronik,No
sering goyang katanya sih bahan nya dari aluminium ternyata plastik kecewa saya beli tripod ini,unknown,1,Tokopedia,Negative,Bentuk,Yes,Elektronik,Yes
barang jelek belom d pake udah pada patah,unknown,1,Tokopedia,Negative,Bentuk,No,Elektronik,No
sebenernya barangnya ok tapi pengirimannya lama banget pesan tgl masa sampainya tgl,unknown,5,Tokopedia,Positive,Lainnya,No,Kesehatan & Kecantikan,No
jumlahnya pas pcs buat ngiket rambut juga pas ga kekencengan cuma ya kalo boleh saran tambahin bubble wrap biar lebih safety pouch nya kegunting jadinya pengemasan juga agak lama,unknown,3,Tokopedia,Neutral,Bentuk,No,Kesehatan & Kecantikan,No
barang yg sampai tidak sesuai pesanan,unknown,3,Tokopedia,Neutral,Bentuk,No,Kesehatan & Kecantikan,No
barang tidak d kirim komplain tidak d respon,unknown,1,Tokopedia,Negative,Lainnya,Yes,Kesehatan & Kecantikan,No
proses pengirimannya cepat warna sesuai pesanan hitam doff tapi kenapa doffnya ada yg bocel jd nga sesuai ekspektasi deh,unknown,4,Tokopedia,Positive,Bentuk,No,Kesehatan & Kecantikan,No
chat saya di read tapi tidak dibalas krn foto paket jedai dengan barang yg datang tidak sama kecewa tidak ada pertanggung jawaban setidaknya balas chat itu etikat yang baik,unknown,3,Tokopedia,Neutral,Bentuk,No,Kesehatan & Kecantikan,No
minta warna hitam doff malah dikirim warna warni semua tanpa konfirmasi,unknown,3,Tokopedia,Neutral,Bentuk,No,Kesehatan & Kecantikan,No
bahannya plastik semua ga seperti yang lain yang agak melamin dan berkilau,unknown,2,Tokopedia,Negative,Bentuk,No,Kesehatan & Kecantikan,No
saya pesan paket yg paket tidak sesuai pesanan,unknown,2,Tokopedia,Negative,Bentuk,Yes,Kesehatan & Kecantikan,No
barang tidak sesuai yang dipesan pesan yang aneka warna ternyata yang datang hitam smua,unknown,1,Tokopedia,Negative,Bentuk,Yes,Kesehatan & Kecantikan,No
baru sekali pake pas dicuci robek,unknown,4,Tokopedia,Positive,Bentuk,No,Kesehatan & Kecantikan,No
pesanan diproses sangat lama,unknown,4,Tokopedia,Positive,Lainnya,No,Kesehatan & Kecantikan,No
seharusnya cute tapi sayangnya ada noda noda kuning di beauty blendernya,unknown,3,Tokopedia,Neutral,Lainnya,No,Kesehatan & Kecantikan,No
agak cacat dikit spongenya kirain pas nyampe bener2 mulus gak ada cacat nya,unknown,3,Tokopedia,Neutral,Bentuk,No,Kesehatan & Kecantikan,No
barang yg di datang tdk sesuai pesanan proses komplain sangat lma dan berbelit belit,unknown,1,Tokopedia,Negative,Bentuk,Yes,Kesehatan & Kecantikan,No
kardusnya penyot packingnya kurang aman terus katanya dpat gratis 10pc masker padahl gak ada,unknown,1,Tokopedia,Negative,Harga,No,Kesehatan & Kecantikan,No
salah kasih wrna ak pesen brown yang datang grey huhu,unknown,3,Tokopedia,Neutral,Lainnya,No,Kesehatan & Kecantikan,No
barangnya sih bagus cuma sellernya aja yg nyebelin maksudnya pengen ganti alamat doang tp malah ga bisaa,unknown,2,Tokopedia,Negative,Bentuk,No,Kesehatan & Kecantikan,Yes
kualitas produk bgs sebenarnya tapi sayangnya isi pensil alisnya patah2 ajukan komplain n seller mau tukarkan tapi kan repot pembeli hrs krm balik lagi barangnya yg ga seberapa kalo dituker n dtg brg rusak lg kan apes bikin kerjaan namanya saran aja klo bs gnti lsg ke pembeli tanpa hrs retur2 krn nama brand ini lumayan baik n marketnya bsr kalo ga bs gnti stdknya kompensasi potongan hrga klo pembeli hrs krm balik lagi pensil alis rusak yg hrganya 10rban lebih keknya mending ikhlaskan aja kebetulan dpet brg cacat,unknown,2,Tokopedia,Negative,Bentuk,Yes,Kesehatan & Kecantikan,No
pesan godly grey malah datang nya lovely brown gak teliti banget admin nya,unknown,2,Tokopedia,Negative,Lainnya,No,Kesehatan & Kecantikan,No
ada satu yang salah dong pengirimanya gimana kurang teliti,unknown,2,Tokopedia,Negative,Lainnya,No,Kesehatan & Kecantikan,No
utk pencil alis nya yg matic sampai di tempat patah free kaca ny pecah,unknown,1,Tokopedia,Negative,Bentuk,Yes,Kesehatan & Kecantikan,No
ga ngerti konsepnya gimana pas dibuka pensilnya langsung patah gini hadeh,unknown,1,Tokopedia,Negative,Bentuk,No,Kesehatan & Kecantikan,No
sedih kirang pensil alis tolong lebih teliti lagi,unknown,1,Tokopedia,Negative,Lainnya,No,Kesehatan & Kecantikan,No
ada shade yg salah kirim,unknown,4,Tokopedia,Positive,Lainnya,No,Kesehatan & Kecantikan,No
aromanya kurang enak dan terlalu menyengat,unknown,3,Tokopedia,Neutral,Rasa,No,Kesehatan & Kecantikan,No
kuasnya kurang bagus terlalu tebal,unknown,3,Tokopedia,Neutral,Bentuk,No,Kesehatan & Kecantikan,No
jauh dari warna difoto,unknown,2,Tokopedia,Negative,Bentuk,No,Kesehatan & Kecantikan,No
barang yg dikirim tdk sesuai harusnya cat kuku yg datangnya eyesedo,unknown,1,Tokopedia,Negative,Bentuk,No,Kesehatan & Kecantikan,No
kecewa banget pengiriman hanya dibungkus buble wrap doang sehinga ptodak ada yg pecah dan ada prodak yg bocor tetap dikirim ketika dikomplain disuruh kirim balik bayar ongkosnya rp ribu tapi dikembalikan hanya rp ribu sj quality kontrolnya jelek pengemasan nya seadanya sj,unknown,1,Tokopedia,Negative,Harga,Yes,Kesehatan & Kecantikan,Yes
barang yg dikirim tidak sesuai dengan barang yg dipesan,unknown,1,Tokopedia,Negative,Bentuk,Yes,Kesehatan & Kecantikan,No
tidak komunikatif wrn yg di pilih ga ada sdh chat conform minta kirim yg ada aja yg ga ada ga usa kirim malah di kirim wrn asal,unknown,4,Tokopedia,Positive,Lainnya,No,Kesehatan & Kecantikan,No
barang dateng tidak sesuai dengan pesanan beda warna,unknown,4,Tokopedia,Positive,Bentuk,No,Kesehatan & Kecantikan,No
barang tidak sesuai orderan,unknown,2,Tokopedia,Negative,Bentuk,Yes,Kesehatan & Kecantikan,No
kuteknya bahannya gak bagus,unknown,1,Tokopedia,Negative,Bentuk,No,Kesehatan & Kecantikan,No
cepet kelupas br pake berapa jam doang padahal mnding revlon sklian terjamin bgs,unknown,1,Tokopedia,Negative,Bentuk,No,Kesehatan & Kecantikan,No
beli barang hanya dikirim saat komplain dijanjikan barang akan dikirim yg kurangnya ternyata dikembalikan uang sangat mengecewakan sepertinya tidak mau rugi bayar ongkir lagi jd barang tdk dikirim,unknown,1,Tokopedia,Negative,Harga,Yes,Kesehatan & Kecantikan,No
pengemasan perlu ditingkatkan,unknown,4,Tokopedia,Positive,Lainnya,No,Kesehatan & Kecantikan,No
warnanya tdk sesuai ekspektasi,unknown,3,Tokopedia,Neutral,Bentuk,No,Kesehatan & Kecantikan,No
ga tahan lama ternyata kalo dipake makan masih jauh tahan lama merk sebelah,unknown,3,Tokopedia,Neutral,Bentuk,No,Kesehatan & Kecantikan,No
maaf bukan ingin menjelekan tp uang melayang barang tak sampai,unknown,2,Tokopedia,Negative,Bentuk,No,Kesehatan & Kecantikan,No
pengiriman sehari awalnya beli ini krn ekspektasi kaya di review youtuber yg bilang awet ga kering ga lengket kalo di ketup tapi semua itu ga bnr hanya ringan wrn oxidize turun menggelap makan nasi sama ayam aja udh ilang bener setengah di bibir bawah,unknown,2,Tokopedia,Negative,Bentuk,No,Kesehatan & Kecantikan,No
warna tdk sesuai dg yg diinginkan,unknown,2,Tokopedia,Negative,Bentuk,No,Kesehatan & Kecantikan,No
barang yg dikirim gak sesuai promosi mengecewakan sekali,unknown,1,Tokopedia,Negative,Harga,Yes,Kesehatan & Kecantikan,No
sangat mengecewakan barang dikirim tidak sesuai dengan deskripsi permintaan pembeli,unknown,1,Tokopedia,Negative,Bentuk,Yes,Kesehatan & Kecantikan,No
sudah sampai tapi tutupnya pecah,unknown,3,Tokopedia,Neutral,Lainnya,No,Kesehatan & Kecantikan,No
hanya dikirim tutupnya saja,unknown,2,Tokopedia,Negative,Lainnya,No,Kesehatan & Kecantikan,No
parahhh barang rusak retak di komplain malah urusannya sgt ribet tidak akan beli lagi d sini,unknown,1,Tokopedia,Negative,Lainnya,Yes,Kesehatan & Kecantikan,No
mengecewakan barangnya yang datang,unknown,1,Tokopedia,Negative,Lainnya,Yes,Kesehatan & Kecantikan,No
ada shimmer packaging aman proses pesanan cepat packaging rapi,unknown,5,Tokopedia,Positive,Bentuk,No,Kesehatan & Kecantikan,No
respon penjualnya top proses pesanan cepat packaging rapi packaging aman penjualnya ramah banget,unknown,5,Tokopedia,Positive,Bentuk,No,Kesehatan & Kecantikan,No
ada shimmer cocok buat warm tone,unknown,4,Tokopedia,Positive,Lainnya,No,Kesehatan & Kecantikan,No
cocok buat warm tone hasilnya awet cocok buat cool tone cocok di kulit kering cocok di kulit normal cocok di kulit kombinasi,unknown,4,Tokopedia,Positive,Bentuk,No,Kesehatan & Kecantikan,No
beneran waterproof bulu mata jadi lentik proses pesanan cepat packaging aman nggak menggumpal gampang dibersihkan packaging rapi,unknown,5,Tokopedia,Positive,Bentuk,No,Kesehatan & Kecantikan,No
pengiriman cepat pesanan sesuai gak ada cacat packing aman,unknown,5,Tokopedia,Positive,Bentuk,No,Kesehatan & Kecantikan,No
selalu repurchase deh buat produk ini selain untuk bulu mata ini juga oke banget buat ngerapihin alis akuuu dan tentunya terlihat natural yaaa,unknown,5,Tokopedia,Positive,Bentuk,No,Kesehatan & Kecantikan,No
bulu mata jadi lentik packaging rapi packaging aman proses pesanan cepat aplikator mudah dipakai,unknown,4,Tokopedia,Positive,Bentuk,No,Kesehatan & Kecantikan,No
thankyou produknya bagus banget seperti biasa dapet bonus foundation juga dan shadenya pun cocok tapi pengiriman agak sedikit lama,unknown,4,Tokopedia,Positive,Bentuk,No,Kesehatan & Kecantikan,No
warnanya pekat penjualnya ramah banget desainnya lucu packaging aman packaging rapi respon penjualnya top proses pesanan cepat desainnya mewah aplikator mudah dipakai cocok di kulit kering cocok di kulit berminyak,unknown,5,Tokopedia,Positive,Bentuk,No,Kesehatan & Kecantikan,No
packaging aman packaging rapi desainnya lucu respon penjualnya top maap fotonya burem soalnya ss dari video unboxing,unknown,5,Tokopedia,Positive,Bentuk,No,Kesehatan & Kecantikan,No
cocok di kulit kering aplikator mudah dipakai packaging rapi packaging aman respon penjualnya top,unknown,5,Tokopedia,Positive,Bentuk,No,Kesehatan & Kecantikan,No
warnanya pekat aplikator mudah dipakai proses pesanan cepat,unknown,5,Tokopedia,Positive,Bentuk,No,Kesehatan & Kecantikan,No
desainnya mewah aplikator mudah dipakai,unknown,4,Tokopedia,Positive,Bentuk,No,Kesehatan & Kecantikan,No
aplikator mudah dipakai desainnya lucu warnanya pekat,unknown,4,Tokopedia,Positive,Bentuk,No,Kesehatan & Kecantikan,No
barangnya bagus cuman agak berdebu aja,unknown,5,Tokopedia,Positive,Bentuk,No,Kesehatan & Kecantikan,No
barang sesuai harapan muat banyak barang sehingga membuat meja rias lebih rapi,unknown,5,Tokopedia,Positive,Bentuk,No,Kesehatan & Kecantikan,No
barang sesuai pengiriman cepat recommended,unknown,5,Tokopedia,Positive,Bentuk,No,Kesehatan & Kecantikan,No
makasih gun barang nya udh sampai sesuai pesanan,unknown,5,Tokopedia,Positive,Bentuk,No,Kesehatan & Kecantikan,No
barangny persis di gambar sesuai dg pesanan,unknown,4,Tokopedia,Positive,Bentuk,No,Kesehatan & Kecantikan,No
barangnya cukup bagus,unknown,4,Tokopedia,Positive,Bentuk,No,Kesehatan & Kecantikan,No
barang sesuai pesanan free sticker lucu packing kurang aman tp barang mulus no cacat tp bnyk debu ny jd harus di bersihin lg supaya bersih,unknown,4,Tokopedia,Positive,Bentuk,No,Kesehatan & Kecantikan,No
packaging rapi proses pesanan cepat packaging aman gampang dibawa bawa,unknown,5,Tokopedia,Positive,Bentuk,No,Kesehatan & Kecantikan,No
pengiriman cepat pesanan sesuai gak ada cacat packing aman,unknown,5,Tokopedia,Positive,Bentuk,No,Kesehatan & Kecantikan,No
coverage nya full proses pesanan cepat packaging aman awet buat seharian,unknown,5,Tokopedia,Positive,Bentuk,No,Kesehatan & Kecantikan,No
awet buat seharian puff nya mudah dipakai gampang dibawa bawa makeup jadi tahan lama proses pesanan cepat packaging aman,unknown,5,Tokopedia,Positive,Bentuk,No,Kesehatan & Kecantikan,No
gampang dibawa bawa terlalu imut ukurannya,unknown,4,Tokopedia,Positive,Bentuk,No,Kesehatan & Kecantikan,No
gampang dibawa bawa awet buat seharian proses pesanan cepat,unknown,4,Tokopedia,Positive,Bentuk,No,Kesehatan & Kecantikan,No
penjualnya ramah banget packaging aman,unknown,4,Tokopedia,Positive,Bentuk,No,Kesehatan & Kecantikan,No
proses pesanan cepat terima kasih,unknown,5,Tokopedia,Positive,Lainnya,No,Kesehatan & Kecantikan,No
packaging simpel penjualnya ramah banget proses pesanan cepat packaging aman packaging rapi respon penjualnya top,unknown,5,Tokopedia,Positive,Bentuk,No,Kesehatan & Kecantikan,No
packaging simpel proses pesanan cepat packaging aman packaging rapi,unknown,5,Tokopedia,Positive,Bentuk,No,Kesehatan & Kecantikan,No
nyaman di kulit kulit jadi glowing penjualnya ramah banget packaging simpel packaging aman,unknown,5,Tokopedia,Positive,Bentuk,No,Kesehatan & Kecantikan,No
pengiriman lambat tidak sesuai jadwal tetapi puas,unknown,4,Tokopedia,Positive,Bentuk,No,Kesehatan & Kecantikan,No
barang aman cuman pengiriman lama,unknown,4,Tokopedia,Positive,Lainnya,No,Kesehatan & Kecantikan,No
barang sesuai diskripsi kulit muka jd bersih lembut d halus rekomen bwt cowok mantabs,unknown,4,Tokopedia,Positive,Bentuk,No,Kesehatan & Kecantikan,No
cepet bgt pengiriman ny cma shari nyampee masker ny enak bgt d pake mudah an jerawat ku g muncul lginyaman di kulit proses pesanan cepat,unknown,5,Tokopedia,Positive,Bentuk,No,Kesehatan & Kecantikan,No
nyaman di kulit packaging simpel proses pesanan cepat packaging aman packaging rapi,unknown,5,Tokopedia,Positive,Bentuk,No,Kesehatan & Kecantikan,No
proses pesanan cepat packaging aman,unknown,5,Tokopedia,Positive,Bentuk,No,Kesehatan & Kecantikan,No
nyaman di kulit proses pesanan cepat packaging aman packaging rapi respon penjualnya top,unknown,5,Tokopedia,Positive,Bentuk,No,Kesehatan & Kecantikan,No
orderan sesuai dan packing juga aman,unknown,4,Tokopedia,Positive,Bentuk,No,Kesehatan & Kecantikan,No
barangnya bagus tebal dapet best deal juga kmrn mama suka aku pun suka,unknown,4,Tokopedia,Positive,Bentuk,No,Kesehatan & Kecantikan,No
puas selalu belanja disini,unknown,5,Tokopedia,Positive,Lainnya,No,Kesehatan & Kecantikan,No
cepat meresap packaging baik tidak bocor pengiriman jg cepat beli karena ntn live di tokped thanks seller,unknown,5,Tokopedia,Positive,Bentuk,No,Kesehatan & Kecantikan,No
baru mau nyoba varian micelar water nya semoga cocok kayak varian micro essence nya loreal ini dapat harga diskon pulak makin cintaaa pengiriman juga aman dan tepat waktu terimakasih tokped dan loreal,unknown,5,Tokopedia,Positive,Harga,No,Kesehatan & Kecantikan,No
barang udah nyampe makasih gan,unknown,4,Tokopedia,Positive,Lainnya,No,Kesehatan & Kecantikan,No
tepat waktu harga cukup bersahabat masih dpt bonus jg,unknown,4,Tokopedia,Positive,Harga,No,Kesehatan & Kecantikan,No
mantap datang lengkap sesuai dengan orderan saya dan saya puas belanja disini selama dapat cashback gede,unknown,5,Tokopedia,Positive,Rasa,No,Kesehatan & Kecantikan,No
baguuussss packing rapui cepat sampai terimakasih seller sukses selaluu,unknown,5,Tokopedia,Positive,Lainnya,No,Kesehatan & Kecantikan,No
pengemasan rapi dan aman hny pengiriman yg agak lewat krn sdh kemalaman jd tunggu berikutnya baru sampai tks,unknown,5,Tokopedia,Positive,Bentuk,No,Kesehatan & Kecantikan,No
masker sudah sampai sesuai pesanan packing baik sukses selalu kak makasih,unknown,5,Tokopedia,Positive,Bentuk,No,Kesehatan & Kecantikan,No
kiriman sdh sampai proses n pengiriman cepat barang bagus sesuai pesanan n packing rapih terima kasih kak,unknown,5,Tokopedia,Positive,Bentuk,No,Kesehatan & Kecantikan,No
barang ok pengiriman cepat packaging aman dan rapi,unknown,5,Tokopedia,Positive,Bentuk,No,Kesehatan & Kecantikan,No
mantep pake segel asli,unknown,5,Tokopedia,Positive,Bentuk,No,Kesehatan & Kecantikan,No
selalu pilih daily masker onemed tapi packing dan pengiriman harus lebih dipercepat lagi top pokoknya terimakasih,unknown,4,Tokopedia,Positive,Lainnya,No,Kesehatan & Kecantikan,No
pengiriman cepat kualitas barang bagus wanginya juga oke,unknown,5,Tokopedia,Positive,Bentuk,No,Kesehatan & Kecantikan,No
barang sesuai pesanan diantar sesuai waktu yg dijanjikan recommended seller,unknown,5,Tokopedia,Positive,Bentuk,No,Kesehatan & Kecantikan,No
baunya sereh bangett buat yg suka cocok nihh pengiriman rapih n aman,unknown,5,Tokopedia,Positive,Bentuk,No,Kesehatan & Kecantikan,No
kemasan rapih pengiriman cepat semoga cocok,unknown,4,Tokopedia,Positive,Bentuk,No,Kesehatan & Kecantikan,No
penjual koperatif pengiriman lmyn cpt bau ny harum seperti di hotel,unknown,4,Tokopedia,Positive,Rasa,No,Kesehatan & Kecantikan,No
pengiriman cepat packing aman produk disukai enak dan melengkapi asupan nutrisi yang diperlukan untuk pertumbuhan dan menjaga kesehatan,unknown,5,Tokopedia,Positive,Rasa,No,Kesehatan & Kecantikan,No
mantaap barang datang dengab cepat,unknown,5,Tokopedia,Positive,Lainnya,No,Kesehatan & Kecantikan,No
produk sudah di terima dgn baik exp aman masih jauh thx soho,unknown,5,Tokopedia,Positive,Lainnya,No,Kesehatan & Kecantikan,No
barang sudah sampai packing aman pke bublewrap pengiriman cepat pesan kmren pgi tdi pgi udh datang lgi kurir ramah dan langganan terimakasih tokopedia,unknown,5,Tokopedia,Positive,Lainnya,No,Kesehatan & Kecantikan,No
stok vitamin wajib di luar permaduan ikhtiar menjaga kesehatan sempat ketar ketir karna packing hnya bubble wrap tnp dus air pouch tp pas unboxing alhamdulillah aman semua ed jauh smp dlm keadaan selamat thanks bgt seller,unknown,5,Tokopedia,Positive,Bentuk,No,Kesehatan & Kecantikan,No
alhamdulillah barang dtg dlam keadaan aman tidak pecah,unknown,4,Tokopedia,Positive,Lainnya,No,Kesehatan & Kecantikan,No
tq paket na sudah sampe smoga soho sering2 promo ya,unknown,5,Tokopedia,Positive,Harga,No,Kesehatan & Kecantikan,No
baik cepat pengiriman,unknown,5,Tokopedia,Positive,Lainnya,No,Kesehatan & Kecantikan,No
produk mantap sesuai deskripsi dan foto seller garcep tokopedia terbaik mampir mampir ke lapak kita juga ya gaes untuk produk bagus dengan harga spesial lainnya,unknown,5,Tokopedia,Positive,Bentuk,No,Kesehatan & Kecantikan,No
udah langgganan banget belanja imboost disini semoga laris manis jualannya ya kak terima kasih,unknown,5,Tokopedia,Positive,Rasa,No,Kesehatan & Kecantikan,No
barang sesuai pesanan dan dikirim cepat,unknown,5,Tokopedia,Positive,Bentuk,No,Kesehatan & Kecantikan,No
kualitas produk sangat bagus respon penjual sangat cepat dan ramah pengiriman aman sampai tujuan terima kasih tokopedia,unknown,5,Tokopedia,Positive,Bentuk,No,Kesehatan & Kecantikan,No
barang diterima dengan baik terimakasihh ya semoga bermanfaat,unknown,5,Tokopedia,Positive,Lainnya,No,Kesehatan & Kecantikan,No
kualitas produk sangat bagus respon penjual sangat ramah,unknown,5,Tokopedia,Positive,Bentuk,No,Kesehatan & Kecantikan,No
kirim cepat barang ori paking rapi,unknown,5,Tokopedia,Positive,Bentuk,No,Kesehatan & Kecantikan,No
puas ini mao pesen lagi ya kak,unknown,5,Tokopedia,Positive,Lainnya,No,Kesehatan & Kecantikan,No
kesekian kalinya pesen ini produk sangat bagus untuk membantu proses diet dan pengiriman sangat cepat,unknown,5,Tokopedia,Positive,Bentuk,No,Kesehatan & Kecantikan,No
pelayanan cepat barang sesuai dan service bagus,unknown,5,Tokopedia,Positive,Bentuk,No,Kesehatan & Kecantikan,No
selalu terbaik barang dan pelayannya memuaskan as always,unknown,5,Tokopedia,Positive,Lainnya,No,Kesehatan & Kecantikan,No
respon penjual cepat dan ramah,unknown,5,Tokopedia,Positive,Lainnya,No,Kesehatan & Kecantikan,No
suka banget sm flimty krn membantu memperlancar bab rasanya enak mudah untuk dibawa pengiriman cepat penjual ramah thank you kak semoga sukses usahanya,unknown,5,Tokopedia,Positive,Rasa,No,Kesehatan & Kecantikan,No
makasih seller ramah recomended seller tx u shakernya ya bisa buat langganan nih,unknown,5,Tokopedia,Positive,Lainnya,No,Kesehatan & Kecantikan,No
sesuai pesanan cepat proses kirim sdh sampai lgsg dipasang thanks seller,unknown,5,Tokopedia,Positive,Bentuk,No,Kesehatan & Kecantikan,No
barang sesuai dengan deskripsi dan berfungsi dengan baik paketnya dikirim dengan rapi terima kasih,unknown,5,Tokopedia,Positive,Bentuk,No,Kesehatan & Kecantikan,No
mantap pengiriman instan seller fast respon,unknown,5,Tokopedia,Positive,Rasa,No,Kesehatan & Kecantikan,No
berfungsi dengan baik packing aman,unknown,5,Tokopedia,Positive,Lainnya,No,Kesehatan & Kecantikan,No
bagus so far berfungsi dengan baik,unknown,5,Tokopedia,Positive,Bentuk,No,Kesehatan & Kecantikan,No
barang sudah sampai dengan cepat sesuai dengan deskripsi produk berfungsi dengan baik packingnya rapih dan dibungkus dengan tebal recommended banget,unknown,5,Tokopedia,Positive,Bentuk,No,Kesehatan & Kecantikan,No
packing bagus barang pesan sampai dgn cepat terima kasih banyak,unknown,5,Tokopedia,Positive,Bentuk,No,Kesehatan & Kecantikan,No
wanginya enak respon seller n pengiriman cepat,unknown,5,Tokopedia,Positive,Rasa,No,Kesehatan & Kecantikan,No
wanginya enak bangeettttt,unknown,5,Tokopedia,Positive,Rasa,No,Kesehatan & Kecantikan,No
puasss banget packing aman barang diterima dengan selamat thank you,unknown,5,Tokopedia,Positive,Lainnya,No,Kesehatan & Kecantikan,No
puas barang cepat sampai dan sesuai yg di harapkan,unknown,5,Tokopedia,Positive,Bentuk,No,Kesehatan & Kecantikan,No
packing rapih aman makasih,unknown,5,Tokopedia,Positive,Bentuk,No,Kesehatan & Kecantikan,No
mkkasih admin daper harga murah paketan sama cdr n redoxon,unknown,5,Tokopedia,Positive,Harga,No,Kesehatan & Kecantikan,No
pengiriman okay packing aman barang sesuai deskripsi,unknown,5,Tokopedia,Positive,Bentuk,No,Kesehatan & Kecantikan,No
mantap sesuai pesanan trimakasih,unknown,5,Tokopedia,Positive,Rasa,No,Kesehatan & Kecantikan,No
pengiriman cepat bangeett packing aman walo dapet flash sale tapi expired masih lama,unknown,5,Tokopedia,Positive,Lainnya,No,Kesehatan & Kecantikan,No
pesenan sesuai packing paket aman seller baik pengiriman cepat recommended tksh seller,unknown,5,Tokopedia,Positive,Bentuk,No,Kesehatan & Kecantikan,No
pesanan sudah diterima dengan baik terima kasih,unknown,5,Tokopedia,Positive,Lainnya,No,Kesehatan & Kecantikan,No
herbal lengkap dengan harga oke sudah langganan ini foto kalo sudah saya masak jadi tim ayam obat,unknown,5,Tokopedia,Positive,Harga,No,Kesehatan & Kecantikan,No
puas bangat obat nya fres n cepet sampe paking ok tq,unknown,5,Tokopedia,Positive,Lainnya,No,Kesehatan & Kecantikan,No
mantapp rasanyaa bakal repeat order,unknown,5,Tokopedia,Positive,Rasa,No,Kesehatan & Kecantikan,No
bagussss selalu repat order,unknown,5,Tokopedia,Positive,Bentuk,No,Kesehatan & Kecantikan,No
kesekian kalinya order disini gingseng nya ckup membantu untuk menaikkan imun tubuh dalam kondisi saat ini selain bisa digunakan untuk soup ayam bisa juga direbus dan diminum air rebusannya thank you,unknown,5,Tokopedia,Positive,Lainnya,No,Kesehatan & Kecantikan,No
selalu terdepan response sangat cepat barang dikirim sangat cepat sukses selalu,unknown,5,Tokopedia,Positive,Lainnya,No,Kesehatan & Kecantikan,No
yeay dapet harga diskon beli box sampai tepat waktu terima kasih,unknown,5,Tokopedia,Positive,Harga,No,Kesehatan & Kecantikan,No
respon seller tepat waktu barang sesuai pesanan,unknown,5,Tokopedia,Positive,Bentuk,No,Kesehatan & Kecantikan,No
pengiriman cepat barang sesuai pesanan dan terbungkus dengan rapi recomended,unknown,5,Tokopedia,Positive,Bentuk,No,Kesehatan & Kecantikan,No
produk original packing aman jadi kardus engga penyok mantabs lah,unknown,5,Tokopedia,Positive,Bentuk,No,Kesehatan & Kecantikan,No
pengiriman aman dan lmyn cepat barang diterima jg bagus,unknown,5,Tokopedia,Positive,Bentuk,No,Kesehatan & Kecantikan,No
masker terfavorit ga bikin uap dikacamata dan sangat nyaman dipakai harga oke banget sekarang mantap,unknown,5,Tokopedia,Positive,Bentuk,No,Kesehatan & Kecantikan,No
barang diterima dgn kondisi baik produknya bagus cocok dan sudah bbrp kali beli,unknown,5,Tokopedia,Positive,Bentuk,No,Kesehatan & Kecantikan,No
barang selalu ok sdh repeat order bbrp kali selalu ok,unknown,5,Tokopedia,Positive,Lainnya,No,Kesehatan & Kecantikan,No
packing rapi barang sesuai pesanan,unknown,5,Tokopedia,Positive,Bentuk,No,Kesehatan & Kecantikan,No
mantap barangnya next order lagi barangnya original,unknown,5,Tokopedia,Positive,Rasa,No,Kesehatan & Kecantikan,No
pengiriman kilat cepet banget nyampenya beli malem dan saat itu juga langsung dikirim harga juga jauh lbh murah terima kasih,unknown,5,Tokopedia,Positive,Harga,No,Kesehatan & Kecantikan,No
pengiriman cepat respon penjual cepat,unknown,4,Tokopedia,Positive,Lainnya,No,Kesehatan & Kecantikan,No
bahan bagus dengan harga terjangkau,unknown,5,Tokopedia,Positive,Harga,No,Kesehatan & Kecantikan,No
mantab fast response terima kasih,unknown,5,Tokopedia,Positive,Lainnya,No,Kesehatan & Kecantikan,No
bagus dan murah harganya oke buat sekali pakai worthed,unknown,5,Tokopedia,Positive,Harga,No,Kesehatan & Kecantikan,No
barang ok sampai lengkap sesuai pesanan pengemasan sangat rapi dan aman pengiriman cepat terima kasih,unknown,5,Tokopedia,Positive,Bentuk,No,Kesehatan & Kecantikan,No
respon cepat packing ok rapi orderan sesuai,unknown,4,Tokopedia,Positive,Bentuk,No,Kesehatan & Kecantikan,No
sesuai gambar dan order packing nya bagus mantap gan,unknown,4,Tokopedia,Positive,Bentuk,No,Kesehatan & Kecantikan,No
wanginya segeerr nyaman buat baby saya klo lagi bapil packaging rapih seller ramaah thank you sukses terus yaa,unknown,5,Tokopedia,Positive,Bentuk,No,Kesehatan & Kecantikan,No
mantap wangi nya segerrr,unknown,5,Tokopedia,Positive,Rasa,No,Kesehatan & Kecantikan,No
seller ramah dan informatif proses dan delivery cepat packing rapih dan secure thanks for the sample bonus,unknown,5,Tokopedia,Positive,Bentuk,No,Kesehatan & Kecantikan,No
komunikasi dan response seller cepet banget packing rapi dan aman recommended deh,unknown,5,Tokopedia,Positive,Bentuk,No,Kesehatan & Kecantikan,No
seller responsif dlm mengupdate status pesanan packing produk rapi essential oilnya benar2 pure dari aromanya,unknown,5,Tokopedia,Positive,Rasa,No,Kesehatan & Kecantikan,No
masker cocok untuk aktivitas sehari hari,unknown,5,Tokopedia,Positive,Lainnya,No,Kesehatan & Kecantikan,No
maskernya rapet packaging rapi lengkap dengan kotak masih berprelastik,unknown,5,Tokopedia,Positive,Bentuk,No,Kesehatan & Kecantikan,No
barang bagus packing rapi pengiriman cepat,unknown,5,Tokopedia,Positive,Bentuk,No,Kesehatan & Kecantikan,No
bagus suka udah x pesen di sini ketagihan bahan alus,unknown,5,Tokopedia,Positive,Bentuk,No,Kesehatan & Kecantikan,No
nyaman dipakai kemasan bagus pengiriman super,unknown,5,Tokopedia,Positive,Bentuk,No,Kesehatan & Kecantikan,No
proses nya sngt cepat terima kasih respon nya,unknown,5,Tokopedia,Positive,Lainnya,No,Kesehatan & Kecantikan,No
nicee ada segel plastik jg jadi aman dan asli,unknown,5,Tokopedia,Positive,Bentuk,No,Kesehatan & Kecantikan,No
cepet banget proses kirimnya pelayanan terbaik,unknown,5,Tokopedia,Positive,Lainnya,No,Kesehatan & Kecantikan,No
slalu beli di official shop ga pernah kecewa makasi seller,unknown,5,Tokopedia,Positive,Lainnya,No,Kesehatan & Kecantikan,No
barang sudah diterima dengan baik dan response seller cepat thanks ya gan,unknown,5,Tokopedia,Positive,Lainnya,No,Kesehatan & Kecantikan,No
recomended pelayanan memuaskan respon pengiriman cepat,unknown,5,Tokopedia,Positive,Lainnya,No,Kesehatan & Kecantikan,No
bagus packing dan barangnya,unknown,5,Tokopedia,Positive,Bentuk,No,Kesehatan & Kecantikan,No
packingnya rapi bagus barangnya pengiriman cepat sellernya responsive ok banget deh bakal pesen lagi makasih seller,unknown,5,Tokopedia,Positive,Bentuk,No,Kesehatan & Kecantikan,No
produk sesuai deskripsi packing rapi dan aman dengan dus dan bubble wrap pengiriman cepat pagi pesan sore sampai,unknown,5,Tokopedia,Positive,Bentuk,No,Kesehatan & Kecantikan,No
cepat dan packing amanah bgt kualitas susu sdh terjamin enak dan bermanfaat thanks,unknown,5,Tokopedia,Positive,Rasa,No,Kesehatan & Kecantikan,No
pengirimannya cepat packingannya bgs,unknown,5,Tokopedia,Positive,Lainnya,No,Kesehatan & Kecantikan,No
barang nya sesuai yang di foto dan ternyata kualitasnya jauh lebih baik di banding yang saya pikirkan,unknown,5,Tokopedia,Positive,Bentuk,No,Perabotan,No
bahan nyan lembut dan empuk enak dan tidur jadi lebih enak gak pegel pegel lagi pas bangun tidur bye bye salah bantal material bagus dan halus ukuran sesuai bagus banget harga terjangkau,unknown,5,Tokopedia,Positive,Bentuk,No,Perabotan,No
kualitas product bagus material bagus recomended terimakasih untuk tokopedia dan miniso karena saya dapat tong sampah plastik nya gratis semoga berkah untuk saya dan untuk tokopedia dan miniso tong sampah nya sampai dalam keadaan utuh dan masih bagus serta nyaman digunakan dan mungil juga dan bahan nya lembut soft doft yaa jadi kalau dimainkan anak tidak akan melukai apabila tidak rusak seperti pecah dan semoga awet menemaniku sampai hari yang akan datang,unknown,5,Tokopedia,Positive,Bentuk,No,Perabotan,No
rumah rapi dan nyaman rekomen material produk bagus produk sesuai murah respon seller kiriman cepat packingnya sangat aman banyak cashback cashbacknya bisa buat belanja yang lain lagi gratis ongkir pastinya bahannya lumayan bagus oke oke oke lah pokoknya demikian ulasan saya tidak terlalu panjang dan lebar mungkin cukup sampai sini aja kali ya terimakasih sudah menyimak review sekian dan saya ucapkan terimakasih banyak ingat tetap patuhi protokol kesehatan gunakan masker dan jaga jarak,unknown,5,Tokopedia,Positive,Bentuk,No,Perabotan,No
paaaaas banget ukurannya buat gantiin tempat sampah lama barang bagus warna cantik miniso ga pernah ngecewain sihkualitas product bagus material bagus harga terjangkau recomended,unknown,5,Tokopedia,Positive,Bentuk,No,Perabotan,No
mantap dettol packaging super aman pakai air bag prosesnya cepat wanginya enak,unknown,5,Tokopedia,Positive,Rasa,No,Perabotan,No
produk sesuai harga terjangkau kualitas sangat bagus adminnya ramah dan responsif banget sempat ada kendala di pengiriman tapi tetap mau repot2 usahain pengiriman lain biar barangnya tetap sampai di rumah pembeli packingnya juga aman bangett makasih banyakk,unknown,5,Tokopedia,Positive,Harga,No,Perabotan,No
baunya sedikit sevenarnya segar tapi lebih kuat dibanding disinfektan lainnya jadi lebih awet tapi ga kuat di hidung,unknown,4,Tokopedia,Positive,Rasa,No,Perabotan,No
ukuran nya kecil tapi bagus untuk mengeringkan beberapa barang,unknown,5,Tokopedia,Positive,Bentuk,No,Perabotan,No
menyerap air dgn baik cuman ukurannya kecil banget jd kalau untuk mengeringkan banyak piring butuh lebih dr satu,unknown,5,Tokopedia,Positive,Bentuk,No,Perabotan,No
seller responsif order diproses segera dan kirim tiba tepat waktu bahan lap sangat baik menyerap air dan ukuran lap pas utk lap dapur terima kasih,unknown,5,Tokopedia,Positive,Bentuk,No,Perabotan,No
mantul banget response dan pelayanan seller ini lho dalam kurun waktu hari paketnya tiba di rumah sepertinya tahu aja kalo emang ditungguin,unknown,5,Tokopedia,Positive,Lainnya,No,Perabotan,No
kantong sampahnya tebel ga bocor ga rembes kualitas oke banget saya selalu beli disini,unknown,5,Tokopedia,Positive,Bentuk,No,Perabotan,No
plastik yang uk 50x75 itu tebel bnget bagus yang uk 40x60 agak tipis pengiriman cepat lumayan thanks,unknown,4,Tokopedia,Positive,Bentuk,No,Perabotan,No
fix aku cinta sama ini produk bahannya solid dan bekerja sesuai deskripsi bakal beli lagi,unknown,5,Tokopedia,Positive,Bentuk,No,Perabotan,No
bagus banget harganya murah tp kualitasnya ternyata bagus banget designnya juga keren en berfungsi sesuai iklannya recommended banget pengiriman jg cepat dan aman thx ya,unknown,5,Tokopedia,Positive,Bentuk,No,Perabotan,No
ringan bgt enak dipakainya dan batang pel nya kokoh ga nyangka harga semurah ini tp kualitasnya bagus bgt pel an nya bs mutar derajat bikin gampang ngepelnya ga harus manuver belok2 bikin pegal,unknown,5,Tokopedia,Positive,Bentuk,No,Perabotan,No
barang sdh nyampe dgn baik senang banget terima paketnya semoga sapunya awet terima kasih bersih bersih rumah bersih rapi bebas debu,unknown,5,Tokopedia,Positive,Bentuk,No,Perabotan,No
respon dan pengiriman cepat barang sesuai pesanan lengkap dan tidak ada yang patah atau pecah hanya pengemasannya yang sangat tidak aman,unknown,4,Tokopedia,Positive,Bentuk,No,Perabotan,No
gagang sapu terlalu pendek packaging kurang rapi dan aman tapi so far brg sampe dgn selamat,unknown,4,Tokopedia,Positive,Bentuk,No,Perabotan,No
raknya bagus simpel walau masangnya agak susah pengiriman cepat recomended,unknown,5,Tokopedia,Positive,Bentuk,No,Perabotan,No
bersih dari debu sekali jalan bagus dan pengiriman ok sih rapi dlm box,unknown,5,Tokopedia,Positive,Bentuk,No,Perabotan,No
mantaap semoga awet murah meriah tp fungsi nya sangat mbantu sekali utk pekerjaan rumah lbh irit pemakaian superpel jadi nya,unknown,5,Tokopedia,Positive,Harga,No,Perabotan,No
paketnya udah dibubble wrap tapi tetep aja penyok syukur dalemnya gpp berfungsi dengan baik tapi entah nggak disemprot aernya rembes ke lantai untuk qualitynya oke aja sesuai harga lah,unknown,4,Tokopedia,Positive,Harga,No,Perabotan,No
bahannya kuat dan kokoh meski berat bebannya packingnya rapi ngga rusak atau cacat pengirimannya cepat barangnga original,unknown,5,Tokopedia,Positive,Bentuk,No,Perabotan,No
seller komunikatif dan koperatif harga kompetitif kursi sangat nyaman dipakai apalagi untuk wfh harapan saya semoga barangnya kuat dan awet,unknown,5,Tokopedia,Positive,Bentuk,No,Perabotan,No
sesuai pic dan bisa disetting rebahannya sesuai kemauan kita walaupun tdk otomatis krn harus agak didorong dan ndak ngunci tp overall nyaman,unknown,5,Tokopedia,Positive,Bentuk,No,Perabotan,No
puas banget dengan sofa nya bagus dan adminnya sangat membantu saya minta tolong sebelum tahun baru dan benar hari ini barang langsung sampai terima kasih banyak,unknown,5,Tokopedia,Positive,Bentuk,No,Perabotan,No
pesennya tosca yg datang ungu hehehe tp soal produk tdk diragukan lg memuaskan kualitas product bagus,unknown,4,Tokopedia,Positive,Bentuk,No,Perabotan,No
masyaallah bagus payung nya untuk pertama kali gunain tokopedia langsung beli payung ditoko ini tidak mengecewakan pokok nya barang nya masyaallah bagus,unknown,4,Tokopedia,Positive,Bentuk,No,Perabotan,No
payungnya bagus tapi warnanya seharusnya yg ungu tapi yg dtg pink btw terima kasih buat hadiah pembelian pertamanya kualitas product bagus recomended material bagus,unknown,5,Tokopedia,Positive,Bentuk,No,Perabotan,No
sudah sampai ya handuknya pengiriman cepat harga bersaing kualitas bagus cocok buat traveling atau buat ganti2 warnanya sesuai yg diminta cerah warnanya proses cepat pengiriman pake antar aja bagus ramah kurirnya terimakasih seller toped dan kurirnya ya salam sehat dan sukses yaa,unknown,5,Tokopedia,Positive,Bentuk,No,Perabotan,No
handuk cantik material bagus harga terjangkau thanks traktirannya tokped handuknya lumayan mau upload foto keterangan eror mulu,unknown,4,Tokopedia,Positive,Bentuk,No,Perabotan,No
pel nya lebih kecil dibanding dengn spin mop merk lain jadi kalo nyimpen ga ngabisin banyak space bahan lumayan tebel,unknown,5,Tokopedia,Positive,Bentuk,No,Perabotan,No
barang dateng dengan kondisi baik pengiriman sesuai estimasi dan seller fast respon terima kasih,unknown,5,Tokopedia,Positive,Bentuk,No,Perabotan,No
harga terjangkau produk sesuai kualitas sangat bagus pengiriman cukup responsif terima kasih yaa sehat sehat selalu utk seller dan team,unknown,5,Tokopedia,Positive,Bentuk,No,Perabotan,No
alhamdulillah produk ini sangat membantu yang biasanya membersihkan wc pakai sikat berisik kerak tertinggal pada sikat kelihatan kotor sekarang tergantikan dengan cooger sikat toilet ini bahan karetnya membantu saya membersihkan wc disegala waktu tidak lagi membangunkan anak saya yang masih bayi karena berisik bunyi sikat saat membersihkan toilet ember mandi bahkan bisa membersihkan disela sela bagian dalam dudukan wc yang tidak bisa dijangkau sikat toilet konvensional sedikit tips untuk menempelkan ke dinding keramik kamar mandi setelah dibersihkan dengan lap kering tisu kering bisa ditambahkan hair dryer korek api dibagian yang akan ditempel perekatnya cara menempelkannya seperti memasang pelindung kaca layar hp dikeluarkan bagian udara didalamnya dengan cara menempelkan bagian atas bagian bawah tergantung mana duluan gosok2 pakai jari kuku udara didalamnya sampai tidak ada udara didalam perekatnya cooger emang sesuai sama slogannya rekomended jelas,unknown,5,Tokopedia,Positive,Bentuk,No,Perabotan,No
alhamdulillah barang datang dengan kondisi baik tidak penyok tdk retak atau patah dan barangny sesuai dgn foto bahan produk jg bagus seller fast respon thanx,unknown,5,Tokopedia,Positive,Bentuk,No,Perabotan,No
pengemasan cepet banget dan sangat baik pengiriman jgn diragukan cepet bgt pake instant bener bener instan jam pesen sampe mantul produk kualitas bagus,unknown,5,Tokopedia,Positive,Bentuk,No,Perabotan,No
produk sesuai material produk bagus cocok untuk di jadikan tmpt penyimpanan masker jadi lbh rapi dan enak di lihat gampang untuk mengambil masker,unknown,5,Tokopedia,Positive,Bentuk,No,Perabotan,No
barang sesuai dengan pesanan kotak maskernya lucu terima kasih,unknown,5,Tokopedia,Positive,Bentuk,No,Perabotan,No
mantap keren cuma harus colok listrik kalau mau pakai fitur always on kalau pake batre aaa 3biji harus dipencet dulu baru nyala,unknown,5,Tokopedia,Positive,Rasa,No,Perabotan,No
berfungsi seluruh fiturnya dan juga tombolnya jamnya bisa diatur dengan mudah dan designya minimalis yang sangat bagus,unknown,5,Tokopedia,Positive,Bentuk,No,Perabotan,No
produknya bagus pengiriman cepat fast respost saran aja bagi pembeli klau buka pelastik pembungkus kaca jamnya pelannya overall this store are positive thank you,unknown,5,Tokopedia,Positive,Bentuk,No,Perabotan,No
barang bagus sesuai deskripsi tinggal setting sesuai kertas petunjuk pengiriman cuma sehari pdahal jkt sby kalo mati bakal ke reset ulang mantap,unknown,5,Tokopedia,Positive,Bentuk,No,Perabotan,No
wekernya bagus gampang settingnya baca petunjuk jangan males rgb lightingnya juga masuk di body warna hitamnya barangnya irit space dan yang paling penting angka di led nya gampang kebaca waktu terang,unknown,5,Tokopedia,Positive,Bentuk,No,Perabotan,No
bagus nih sensor nya ok bgt pilihan suara utk alarm jg oke lah akirnya dpt alarm clock yg sesuaiiii,unknown,5,Tokopedia,Positive,Bentuk,No,Perabotan,No
ahannya bagus model juga unik cakep adminnya sangat ramah serta cepat responnya terima kasih triple w official,unknown,5,Tokopedia,Positive,Bentuk,No,Perabotan,No
jam digital unik ini lebih ke fungsi alaram yg lengkap syg tdk ad fungsi penunjuk tgl bln dan tahun petunjuk di deskripsi sangat membantu permudah mengenal fungsi2 jam alarm ini respon penjual dan pengiriman cepat thanks,unknown,5,Tokopedia,Positive,Lainnya,No,Perabotan,No
pengiriman cepat packing rapi dan aman kardus packing tebal plus bubble wrap barang sudah dicoba dan semua berfungsi dengan baik thank you so much seller,unknown,5,Tokopedia,Positive,Bentuk,No,Perabotan,No
begitu datang ini langsung dicobain semua berfungsi baik saya suka karena mist nya lembut dan modelnya itu lho keren banget puas dan semoga awet respon proses pengiriman toko cepat dan kemasan aman terima kasih banyak untuk bonusnya ya,unknown,5,Tokopedia,Positive,Bentuk,No,Perabotan,No
akhirnya kesampaian dpat produk ini dengan harga yang pas barangnya juga memuaskan desain sangat unik sangat cocok buat relaxing terima kasih,unknown,5,Tokopedia,Positive,Bentuk,No,Perabotan,No
puas sekaliii dpt harga flash sale semua berfungsi sesuai deskripsi disfuser bbrp tetes aja harummm,unknown,5,Tokopedia,Positive,Bentuk,No,Perabotan,No
barang sampai dgn baik tidak ada cacat ternyata barangnya kecil juga tp ttep memuaskan dan bekerja juga dgn baik,unknown,5,Tokopedia,Positive,Bentuk,No,Perabotan,No
lucuu bangett pengirimannya cepat sellernya responsif banget subuh2 di chat jg dijawab soalnya aku liat ini uda dr malam banget sih kirain bakal baru dijawab agak siang trnyata subuh uda dijawab informatif banget ngsh tau klo dikasih oil agak berkabut kirain bakal lbh berkabut dr ini trnyata kabutnya cm kyk difoto seneng deh lampunya jg terang klo di tmpt gelap makasihh yaa,unknown,5,Tokopedia,Positive,Lainnya,No,Perabotan,No
sumpah ini bagus keren packing rapi bgt product aman sdh di test berfungsi cloud nya bnyk ga basah ga ada noise filter dpt pc pake battery jd praktis ditaro dmn aja top thanks seller,unknown,5,Tokopedia,Positive,Bentuk,No,Perabotan,No
bahannya bagus jahitan rapi tebal tdk menerawang udah 3x beli di toko ini dan hasilnya memuaskan respon penjual cepat dan kiriman jg cepat,unknown,5,Tokopedia,Positive,Bentuk,No,Perabotan,No
pengiriman cpt produknya bagus bahannya tebal tidak menerawang warnanya juga bagus puas pokoknya sukses buat tokonya,unknown,5,Tokopedia,Positive,Bentuk,No,Perabotan,No
harga terjangkau recomended warna sesuai pengiriman cepat bener2 blackout tambah sukses tokonya saya sudah pesan satu lagi buat disebelahnya,unknown,5,Tokopedia,Positive,Harga,No,Perabotan,No
awal nya ragu maza sih dgn harga segitu produk yg di tawarkan bs mantap apalagi sy org ny sangat selektif dlm memilih produk utk di beli begitu paket mendarat sy lgsg unboxing ternyta di luar ekpetasi sy produk benar benar sangat berkualitas gel nya sangat lembut sangat nyaman saat duduk duduk lama ga sakit lebar ny juga mantap no endorse ya ini benar murni sy sebagai pembeli jangan ragu untuk membeli di lapak penjual ini sangay rekomen banget,unknown,5,Tokopedia,Positive,Rasa,No,Perabotan,No
barang diterima dg aman udah di tes duduk pake dimobil nyaman dan kualitasnya bagus dan tebal dulu pembelian pertama di toko ini juga tahunan yg lalu danvalas duduk silikonnya yg lama masih tebal sama seperti barunya rekomendasi bgt buat yg nyari alas duduk silikon silakan mampir di toko ini seller juga fast respon,unknown,5,Tokopedia,Positive,Bentuk,No,Perabotan,No
baru dicoba untuk alas duduk beberapa jam so far lumayan nyaman tapi masih belum terbiasa selain empuk juga bikin posisi duduk jadi tambah tinggi,unknown,5,Tokopedia,Positive,Rasa,No,Perabotan,No
alhamdulillah barang diterima dlm keadaan baik cuma lecet dikit tpi gak ngaruh dianter pakai mobil juga rekomended warna sesuai harga terjangkau,unknown,5,Tokopedia,Positive,Harga,No,Perabotan,No
harga terjangkau rekomended warna sesuai pengiriman cepat cm 2hari sampe fast respon dr seller kondisi barang utuh bagus warna nya cantikk banget kurirnya jg baik nelp smpe 4x mastiin alamatnya tq seller fotonya gada adanya video jdi aku ss dr video,unknown,5,Tokopedia,Positive,Bentuk,No,Perabotan,No
puas banget dengan harga segini worth it banget sih respon penjual juga baik order pagi siang udh sampe pake kurir instan recommended,unknown,5,Tokopedia,Positive,Harga,No,Perabotan,No
pengiriman sesuai estimasi kemasan paket bagus n rapi tas gadget ditrima dlm kondisi baik tidak ada yg rusak kualitas produk bagus bentuk warna n ukuran sesuai deskripsi,unknown,5,Tokopedia,Positive,Bentuk,No,Perabotan,No
ok nih seal tutup nya juga kuat pas di pencet2 utk keluarin angin dari kantong gak kebuka harga murah pula,unknown,5,Tokopedia,Positive,Harga,No,Perabotan,No
ok barangnya walau keliatan plastiknya agak murahan tapi fungsinya cukup baik buat over steker adaptor kabel laptop,unknown,5,Tokopedia,Positive,Harga,No,Perabotan,No
puas sekali dengan seller tineco sangat fast response barang yg dikirimkan jg dengan quality baik proper,unknown,5,Tokopedia,Positive,Lainnya,No,Perabotan,No
packingnya best banget deh pokoknya aman kotak juga di double in ada sterofoam didalam kotak jadi botol aman,unknown,5,Tokopedia,Positive,Lainnya,No,Perabotan,No
produk sangat bagus utk lantai marmer dan parket lantai lgsg bersih dan kinclong penggunaan juga hemat,unknown,5,Tokopedia,Positive,Harga,No,Perabotan,No
harganya ok banget dengan keiritan solution tineco ini lantai jd keset bersih dan wanginya ga lebay mantap,unknown,5,Tokopedia,Positive,Rasa,No,Perabotan,No
bagus halus ringan teleskopik gagangnya jadi terasa kurang kokoh dibanding gagang biasa,unknown,5,Tokopedia,Positive,Bentuk,No,Perabotan,No
lembut banget bagus pegannya juga nyaman bobotnya sedang ngga berat juga ngga yg ringan2 banget,unknown,5,Tokopedia,Positive,Bentuk,No,Perabotan,No
bahan plastiknya bagus banget emang the best quality dah polypropylene terus warnanya lucuuu,unknown,5,Tokopedia,Positive,Bentuk,No,Perabotan,No
proses cepat paket dikemas dengan baik dan sampai dengan aman desain dan warna cantik dan minimalis tidak boros tempat dan cocok untuk di kamar tidur,unknown,5,Tokopedia,Positive,Bentuk,No,Perabotan,No
keren sampai langsung pasang jepitannya kelebihan satu lemari gampang dirakit warna sesuai kualitas ok kokoh mantap mantap,unknown,5,Tokopedia,Positive,Bentuk,No,Perabotan,No
ngerakit nya susah2 gampang alhamdulillah cakeb produk sesuai tq seller tq tokped,unknown,5,Tokopedia,Positive,Bentuk,No,Perabotan,No
barangnya bagus dengan harga yang bisa dibilang murah ya ini sangat recomended membeli rak ini karena sepatu jadi tidak gampang berdebu,unknown,5,Tokopedia,Positive,Harga,No,Perabotan,No
barang sesuai deskripsi baguss lucu bisa dibawa kemana mana mudah an awet,unknown,5,Tokopedia,Positive,Bentuk,No,Perabotan,No
barangnya buat kado sih bagus yg terima keliatan happy kualitas product bagus harga terjangkau recomended,unknown,5,Tokopedia,Positive,Harga,No,Perabotan,No
paket cepat sampai dan terbungkus rapih dengan bubble terima kasih toped kurir dan sellerkualitas product bagus material bagus harga terjangkau recomended,unknown,5,Tokopedia,Positive,Bentuk,No,Perabotan,No
packing ok seller lekas kirim berguna buat organize koper biar gak acak acakan semoga awet thank you seller,unknown,5,Tokopedia,Positive,Bentuk,No,Perabotan,No
barang sesuai pesanan tp seller luar biasa responnya cepat n barang sdh sampai lebih cepat dr estimasi sukses selalu n sehat selalu y gan terimakasih,unknown,5,Tokopedia,Positive,Bentuk,No,Perabotan,No
terima kasih untuk menjual travel pouch set dgn berbagai ukuran dan bahan bagus tidak bau plastik barang cepat tiba dan dalam keadaan baik terima kasih,unknown,5,Tokopedia,Positive,Bentuk,No,Perabotan,No
barang sudah diterima bagus dlm keadaan baik warna jg sesuai dg yg diinginkan bungkusnya juga bagus mantap suka deh makasih penjual makasih tokopedia,unknown,5,Tokopedia,Positive,Bentuk,No,Perabotan,No
pengirimannya cepat besok langsung sampai nggak expect apa apa sebenernya tapi ternyata baguus bahannya lembut banget gelap oke buat nutup mata ternyata ada gelnya juga kirain gaada hehe overall worth it siih first impression nya baguus,unknown,5,Tokopedia,Positive,Harga,No,Perabotan,No
produk berfungsi dengan baik harga sesuai dan kualitas baik packing rapi banget dan proses pengiriman juga cepat seller sangat responsif dan ramah pesanan juga sesuai tidak kurang sedikitpun semoga awet terimakasih banyak,unknown,5,Tokopedia,Positive,Bentuk,No,Perabotan,No
bahannya enak lembut ada gel di dalamnya talinya bisa diatur dan gk mengganggu pas tidur packing rapih pengiriman cepat langsung proses ketika jam kerja respon seller juga cepat dan ramah,unknown,5,Tokopedia,Positive,Bentuk,No,Perabotan,No
terima kasih gan barang diterima aman dan berfungsi baik sesuai pesanan kondisi aman semua lampu menyala tambahan packing kardus dan bubble wrap ini sangat membantu,unknown,5,Tokopedia,Positive,Bentuk,No,Perabotan,No
sip paket sampai dengan selamat semoga berfungsi dengan baik terima kasih seller fast responnya,unknown,5,Tokopedia,Positive,Lainnya,No,Perabotan,No
waktu dites pake tongkat jepretannya mantep bgt cuma pas beneran dikasi umpan buat tikus setelah semalem umpannya ngilang tapi ga ada tikus yg ketangkep,unknown,5,Tokopedia,Positive,Bentuk,No,Perabotan,No
barusan saya tes untuk ambil sampah di sungai dekat rumah untuk kekuatan daya cekram si alatnya masuk akal untuk harga segini untuk ambil plastik mudah tapi untuk ambil sampah kain atau sampah yg udah kekubur agak sulit karena kurang kuat cekramannya,unknown,5,Tokopedia,Positive,Bentuk,No,Perabotan,No
barangnya sudah sampai dan diterima dengan baik sudah dicoba dan berfungsi dengan baik cocok untuk ambil barang dibawah tidak perlu menunduk dan jepitnya lumayan kuat semoga awet barangnya,unknown,5,Tokopedia,Positive,Bentuk,No,Perabotan,No
produk sesuai berguna utk bersihin sampah di jalan depan rumah pengiriman cepat respon seller cepat packing dus bubble wrap tebal thx,unknown,5,Tokopedia,Positive,Bentuk,No,Perabotan,No
harga bersaing barang sesuai pesanan saya nambah extra packing kardus dan bubble wrap supaya barang aman dan benar sampai dengan selamat alhamdulillaah saya sengaja beli dengan tujuan untuk mungut sampah puntung rokok dan saya tanyakan ke seller apakah bisa kemudian seller menjawab bisa setelah sampai saya tes dan berhasil bisa untuk mungut sampah puntung rokok memakainya mudah hanya saja lumayan juga ya ternyata beratnya kalo sudah lama megangnya pegel juga hehe anyways terima kasih ya seller,unknown,5,Tokopedia,Positive,Bentuk,No,Perabotan,No
beli ini krn anak istri mau liburan di jakarta cari2 ketemu toko ini dengan harga yg masih ramah kantong untuk pelayanan toko bagus cepet packaging nya juga rapih aman banget recomended seller untuk difusser nya berfungsi dengan baik untuk kualitas diffuser nya sendiri termasuk kokoh ya dengan harga segini puas benget sih pas udah nyobain semoga bisa tahan lama difusser nya,unknown,5,Tokopedia,Positive,Bentuk,No,Perabotan,No
pengemasan barang baik kondisi barang jg utuh tanpa cacat berfungsi normal dan lancar respon dan servis dari seler juga baik,unknown,5,Tokopedia,Positive,Lainnya,No,Perabotan,No
mungil tapi bekerja dng baik dan murahh terjangkau pas dng kebutuhan,unknown,5,Tokopedia,Positive,Harga,No,Perabotan,No
produk sesuai deskripsi packing aman terlindung pengiriman cepat toko penjual responsif alat sudah dicoba dan berfungsi sangat direkomendasikan,unknown,5,Tokopedia,Positive,Bentuk,No,Perabotan,No
