Review_Text,Review_Processed,Review_Date,Rating_Score,Platform_Source,Sentiment_Label,Review_Aspect,Crisis_Flag,Business_Category,Is_Sarcasm
kualitas barangnya mengecewakan,kualitas barang kecewa,unknown,1,Tokopedia,Negative,Bentuk,Yes,Perabotan,No
saya sungguh kecewa dg membeli masker produk ini krn isinya yh seharusnya dos pieces ternyata ada pieces masker tdk ada talinya shg tdk bisa digunakan sebagaimana mestinya mohon perhatiannya tks,sungguh kecewa dg beli masker produk isi yh dos pieces pieces masker tali shg mesti perhati tks,unknown,2,Tokopedia,Negative,Lainnya,Yes,Kesehatan & Kecantikan,Yes
terima kasih pesanan sesuai dan bagus maaf inner nya sdh di pake si kakak,terima kasih pesan sesuai bagus maaf inner pake si kakak,unknown,4,Tokopedia,Positive,Bentuk,No,Fashion,No
klaim produknya tdk mengkerut trnyata baru bbrp hari dipake korsetnya mengkerut bikin ga nyaman sadd,klaim produk kerut trnyata bbrp dipake korset kerut bikin nyaman sadd,unknown,2,Tokopedia,Negative,Bentuk,No,Ibu & Bayi,No
pas mantab sebelumnya sempat keabisan stock tapi akhirnya skrg kebagian juga,pas mantab abis stock skrg bagi,unknown,5,Tokopedia,Positive,Bentuk,No,Hobi & Hiburan,No
barang tdk bisa dipakai suara tdk keluar sangat mengecewakan,barang pakai suara kecewa,unknown,1,Tokopedia,Negative,Lainnya,Yes,Elektronik,No
review barang kualitas bahannya cukup bagus tapi gak empuk gmn jg sih kalo duduk lama pantat pun masih terasa panas review penjual pesan sabtu siang hr rabu dpnnya baru dikirim pdhal butuh cepat buat yg lagi sakit maaf ya gak bs kasih bintang,review barang kualitas bahan bagus empuk gmn duduk pantat panas review jual pesan sabtu siang hr rabu dpnnya kirim pdhal butuh cepat sakit maaf bs kasih bintang,unknown,2,Tokopedia,Negative,Bentuk,No,Perabotan,Yes
mantaab p00000l udh langganan keluarga sangat syukaaaa trims,mantaab p00000l langgan keluarga syukaaaa trims,unknown,5,Tokopedia,Positive,Lainnya,No,F&B,No
produk mengecewakan kecewa awalnya sih oke tpi setelah seminggu pemakaian entah kenapa g bisa di cas sudh saya coba berkali kli tetep g bisa di cas saya sangat kecewa dengan produk ini kwalitasnya kurang bagus,produk kecewa kecewa oke minggu pakai cas sudh coba kali kli tetep cas kecewa produk kwalitasnya bagus,unknown,1,Tokopedia,Negative,Bentuk,Yes,Elektronik,No
kirim cepat barang ori paking rapi,kirim cepat barang original paking rapi,unknown,5,Tokopedia,Positive,Bentuk,No,Kesehatan & Kecantikan,No
mantap gan produk original barang sesuai deskripsi produk berfungsi dengan baik,mantap gan produk original barang sesuai deskripsi produk fungsi,unknown,5,Tokopedia,Positive,Bentuk,No,Perabotan,No
barangnya oke dan harganya jg terjangkau packingnya rapi bgt jempolan sellernya,barang oke harga jangkau packingnya rapi jempol sellernya,unknown,5,Tokopedia,Positive,Harga,No,Kesehatan & Kecantikan,No
mantap dettol packaging super aman pakai air bag prosesnya cepat wanginya enak,mantap dettol packaging super aman pakai air bag proses cepat wangi,unknown,5,Tokopedia,Positive,Rasa,No,Perabotan,No
respon cepet ramah solutif kerjaan cepet banget harga kompetitif kerenn recommended seller,respon cepet ramah solutif kerja cepet harga kompetitif kerenn recommended seller,unknown,5,Tokopedia,Positive,Harga,No,Perlengkapan Kantor,No
puas pengiriman cepat barang datang tanpa cacat pengemasan bagus trmksh,puas kirim cepat barang cacat kemas bagus trmksh,unknown,5,Tokopedia,Positive,Bentuk,No,Elektronik,No
bagus bajunya buat sehari hari anak,bagus baju hari anak,unknown,5,Tokopedia,Positive,Bentuk,No,Fashion,No
airo ini punya customer service yang super duper bagus kapanpun saya punya pertanyaan mereka selalu jawab dengan okey produknya pun bagus puas banget love airo,airo customer service super duper bagus okey produk bagus puas love airo,unknown,5,Tokopedia,Positive,Bentuk,No,Elektronik,No
barang rekondisi lain kali jualan yang jujur bos jangan barang bekas direkondisi,barang rekondisi jual jujur bos barang bekas direkondisi,unknown,1,Tokopedia,Negative,Lainnya,No,Perabotan,No
klo mau kirim barang sebaiknya di cek dulu gan saya beli yg satu mati untuk saya harga segitu lumayan,kirim barang cek gan beli mati harga segitu lumayan,unknown,3,Tokopedia,Neutral,Harga,No,Fashion,No
barang datang dalam keadaan terlipat gak bisa sama sekali dipakai,barang lipat pakai,unknown,1,Tokopedia,Negative,Bentuk,No,Elektronik,No
pengemasan cepet banget dan sangat baik pengiriman jgn diragukan cepet bgt pake instant bener bener instan jam pesen sampe mantul produk kualitas bagus,kemas cepet kirim jgn ragu cepet pake instant bener bener instan jam sen mantap produk kualitas bagus,unknown,5,Tokopedia,Positive,Bentuk,No,Perabotan,No
mksshhh pelangganku syuukkkaaaa,mksshhh langgan syuukkkaaaa,unknown,5,Tokopedia,Positive,Lainnya,No,Lainnya,No
barang tidak d kirim komplain tidak d respon,barang kirim komplain respon,unknown,1,Tokopedia,Negative,Lainnya,Yes,Kesehatan & Kecantikan,No
mudah copot tidak lengket di kaca mobil atau spion,mudah copot lengket kaca mobil spion,unknown,1,Tokopedia,Negative,Bentuk,No,Otomotif,No
penjual apaan barang gak diterima diajukan pengembalian dana malah hr ini dapat notif sdh selesai dan dana akan diteruskan ke penjual woi balikan dana saya,jual barang terima aju kembali dana hr notif selesai dana terus jual woi balik dana,unknown,1,Tokopedia,Negative,Lainnya,No,Kesehatan & Kecantikan,No
pas untuk ukuran kaki juga bahan sesuai dengan harga dan cukup tebal,pas ukur kaki bahan sesuai harga tebal,unknown,5,Tokopedia,Positive,Bentuk,No,Fashion,No
tripodnya terasa sturdy cukup ringan tapi tanpa manual seller fast response,tripod sturdy ringan manual seller fast response,unknown,4,Tokopedia,Positive,Rasa,No,Elektronik,No
barang mantap anak saya suka dah gitu pengiriman cepat banget hari ini pesan besok dah sampe,barang mantap anak suka dah gitu kirim cepat pesan besok dah,unknown,5,Tokopedia,Positive,Rasa,No,Hobi & Hiburan,No
desain ergonomis gampang dipakai,desain ergonomis gampang pakai,unknown,5,Tokopedia,Positive,Bentuk,No,Ibu & Bayi,No
tiba2 selesai padahal gak ada barang yang datang sama sekali penipu ya,tiba2 selesai barang tipu,unknown,1,Tokopedia,Negative,Bentuk,No,Hobi & Hiburan,No
beratnya tidak sesuai katanya dirubah kok ga ada perbaikan dalam hal berat produk dan packing pdhl sy mau blanja banyak tapi mhl diongkir pdhl berat riil nya jauuh dari estimasi,berat sesuai rubah baik berat produk packing pdhl blanja mhl diongkir pdhl berat riil jauuh estimasi,unknown,1,Tokopedia,Negative,Bentuk,Yes,F&B,No
saya kecewa banget sih pesan maroon hijau army sama mint tapi tu semua dganti sama warna lain tanpa konfirmasi semoga bisa lebih teliti n komunikasi dg pembeli jika barang tidak tersedia,kecewa pesan maroon hijau army mint tu dganti warna konfirmasi moga teliti komunikasi dg beli barang sedia,unknown,3,Tokopedia,Neutral,Bentuk,No,Fashion,No
trimaksih daster sudah sampai dapat grtisan dari toped jdi gak perlu komplain aneh2 nmnya grtisan yg datang emang gak sesuai sih sma gambar bagus bahannya tebel trnyata gak nerawang ringan dipakai tidak menerawang ukuran sesuai warnanya bagus bahan menyerap keringat jahitannya rapi,trimaksih daster grtisan toped jdi komplain aneh2 nmnya grtisan sesuai sma gambar bagus bahan tebel trnyata nerawang ringan pakai terawang ukur sesuai warna bagus bahan serap keringat jahit rapi,unknown,5,Tokopedia,Positive,Bentuk,No,Fashion,No
green screen sudah nyampe bahan cukup tebal mirip ntah sama dengan positiveie bag yg bagus warna hijau cerah oke lah buat green screen,green screen bahan tebal ntah positiveie bag bagus warna hijau cerah oke green screen,unknown,5,Tokopedia,Positive,Bentuk,No,Elektronik,No
ketahanan wangi tidak seperti claim yg di sebutkan 12jam,tahan wangi claim sebut 12jam,unknown,1,Tokopedia,Negative,Rasa,No,Kesehatan & Kecantikan,No
mantaapp ringan rasanyaa mantul produk dalam negeri,mantaapp ringan rasanyaa mantap produk negeri,unknown,5,Tokopedia,Positive,Rasa,No,Lainnya,No
g dikirim sm bubble wrap t t,kirim sm bubble wrap,unknown,1,Tokopedia,Negative,Lainnya,No,Lainnya,No
bahan ny sih bagus cm sayang pesen nya datang ny d chat ke seller ny jg d d baca boro boro ada penjelasan seller g asiiiik g bs d ajak komunikasi,bahan bagus cm sayang sen chat seller baca boro boro jelas seller asiiiik bs ajak komunikasi,unknown,3,Tokopedia,Neutral,Bentuk,No,Fashion,No
mantap sesuai cepat sampai kualitas cakep juga,mantap sesuai cepat kualitas cakep,unknown,5,Tokopedia,Positive,Bentuk,No,Perabotan,No
maennanya macet g bisa nutup mulutnya kecewa,maennanya macet nutup mulut kecewa,unknown,1,Tokopedia,Negative,Lainnya,Yes,Hobi & Hiburan,Yes
bagus cepat packaging aman,bagus cepat packaging aman,unknown,5,Tokopedia,Positive,Bentuk,No,Kerajinan & Pesta,No
seluruh barang diterima dalam keadaan baik dan sesuai deskripsi terima kasih,barang terima sesuai deskripsi terima kasih,unknown,5,Tokopedia,Positive,Bentuk,No,Hobi & Hiburan,No
mantab berfungsi dengan mantab proses pengiriman cepat top,mantab fungsi mantab proses kirim cepat top,unknown,5,Tokopedia,Positive,Lainnya,No,Perabotan,No
enggak sesuai sama yg digambar,sesuai gambar,unknown,2,Tokopedia,Negative,Bentuk,No,Fashion,No
barang di kirim tidak sesuai gambar yg di pesan,barang kirim sesuai gambar pesan,unknown,1,Tokopedia,Negative,Bentuk,Yes,F&B,No
barang yg dikirim ga ada remote nya ga lg belanja disini toko kurang teliti,barang kirim remote lg belanja toko teliti,unknown,1,Tokopedia,Negative,Lainnya,No,Kesehatan & Kecantikan,No
enak enak enak enak sekali uda order a aja kali disini dan pasti akan reorder terus thank u sukses selalu,uda order reorder thank sukses,unknown,5,Tokopedia,Positive,Rasa,No,F&B,No
pesan warna biru dikirim warna pink padahal buat anak cowok packing lelet sampai jam kecewa,pesan warna biru kirim warna pink anak cowok packing lelet jam kecewa,unknown,2,Tokopedia,Negative,Bentuk,Yes,Hobi & Hiburan,Yes
mengecewakan sih seller kurang friendly,kecewa seller friendly,unknown,1,Tokopedia,Negative,Lainnya,Yes,Hobi & Hiburan,No
pengungkitnya mudah patah kualitas plastik kurang bagus,ungkit mudah patah kualitas plastik bagus,unknown,3,Tokopedia,Neutral,Bentuk,No,Elektronik,No
pengiriman cepet banget bahan dan kualitas bagus banget,kirim cepet bahan kualitas bagus,unknown,5,Tokopedia,Positive,Bentuk,No,Otomotif,No
bahannya luntur agak lebih tipis dari yg tempat lain,bahan luntur tipis,unknown,3,Tokopedia,Neutral,Bentuk,No,Fashion,No
mantap barang cepat sampai dan murah,mantap barang cepat murah,unknown,5,Tokopedia,Positive,Rasa,No,Fashion,No
barang jadi lebih aman dan pembeli tenang,barang aman beli tenang,unknown,5,Tokopedia,Positive,Lainnya,No,Lainnya,No
sampe cepet makasihh yahh anak aku seneng bangettt,cepet makasihh yahh anak neng bangettt,unknown,5,Tokopedia,Positive,Lainnya,No,Hobi & Hiburan,No
jahitannya rapi bahannya lembut,jahit rapi bahan lembut,unknown,4,Tokopedia,Positive,Bentuk,No,Fashion,No
sudah beberapa kali belanja disini dan tidak pernah mengecewakan baik pelayanan maupun produk dan packaging nya barang sesuai dengan yang di request original packaging nya bagus dengan bubble wrap yang tebal juga dilapisi kardus jadi aman deh selama pengiriman,belanja kecewa layan produk packaging barang sesuai request original packaging bagus bubble wrap tebal lapis kardus aman kirim,unknown,5,Tokopedia,Positive,Bentuk,No,Elektronik,No
bagus so far berfungsi dengan baik,bagus so far fungsi,unknown,5,Tokopedia,Positive,Bentuk,No,Kesehatan & Kecantikan,No
barang sesuai deskripsi mukena nya tebal toko nya sangat rekomended,barang sesuai deskripsi mukena tebal toko rekomended,unknown,5,Tokopedia,Positive,Bentuk,No,Fashion,No
saya belom menerima paket ini kenapa sudah selesai yah gimana sih,bom terima paket selesai yah gimana,unknown,1,Tokopedia,Negative,Lainnya,No,Hobi & Hiburan,No
okeeee siiipps kereeennn abis utk tempatbhotwhealsnya gan,okeeee siiipps kereeennn abis tempatbhotwhealsnya gan,unknown,5,Tokopedia,Positive,Lainnya,No,Hobi & Hiburan,No
barangnya udah kami terima terimakasih gan,barang terima terimakasih gan,unknown,5,Tokopedia,Positive,Lainnya,No,Fashion,No
solusi untuk yang pingin punya smart tv tanpa harus beli smart tv barang berfungsi seperti seharusnya,solusi pingin smart tv beli smart tv barang fungsi,unknown,5,Tokopedia,Positive,Lainnya,No,Elektronik,No
kurang puas nya sih krn barang yg di beli tidak ada stok nya tp gpp lah diganti dgn barang yg setara trims,puas barang beli stok gpp ganti barang tara trims,unknown,3,Tokopedia,Neutral,Lainnya,No,F&B,No
barang yg saya terima tidak sesuai pesanan barang yg saya order adalah ukuran 58x40 tapi yg datang adalah ukuran 57x30 dan tidak ada merek kecewa bgt dan tidak mau order lagi,barang terima sesuai pesan barang order ukur 58x40 ukur 57x30 merek kecewa order,unknown,1,Tokopedia,Negative,Bentuk,Yes,Perlengkapan Kantor,No
produk sesuai deskripsi penjual penjual komunikatif dan cekatan semoga tidak ada kendala saat pemakaian thanks seller,produk sesuai deskripsi jual jual komunikatif cekat moga kendala pakai thanks seller,unknown,5,Tokopedia,Positive,Bentuk,No,Hobi & Hiburan,No
barang sesuai keinginan pengiriman cepat,barang sesuai kirim cepat,unknown,4,Tokopedia,Positive,Bentuk,No,Fashion,No
barang berfungsi dgn baik pengiriman super cepat,barang fungsi kirim super cepat,unknown,5,Tokopedia,Positive,Lainnya,No,Hobi & Hiburan,No
barang bagus motif nya jg cantik respond penjual cepat,barang bagus motif cantik respond jual cepat,unknown,5,Tokopedia,Positive,Bentuk,No,Fashion,No
ternyata tidak sesuai tidak dpat dipakai,sesuai dpat pakai,unknown,3,Tokopedia,Neutral,Bentuk,No,Fashion,No
maaf ya kak kasih bintang soalnya bagian dalam tas sobek terus reseletingnya dol susah dibuka tutup lain kali tolong cek dulu,maaf kak kasih bintang tas sobek reseletingnya dol susah buka tutup tolong cek,unknown,3,Tokopedia,Neutral,Lainnya,No,Fashion,No
terimakasih paketnya sudah saya terima sukses terus ya,terimakasih paket terima sukses,unknown,5,Tokopedia,Positive,Lainnya,No,Kesehatan & Kecantikan,No
barang bagus banget asli dengan harga sgni dpt quality wireless microphone kek gni the best,barang bagus asli harga sgni quality wireless microphone kek gni the best,unknown,5,Tokopedia,Positive,Bentuk,No,Hobi & Hiburan,No
love it product bagus worth it thank you,love it product bagus worth it thank you,unknown,5,Tokopedia,Positive,Harga,No,Elektronik,No
barang rusak dikirim,barang rusak kirim,unknown,1,Tokopedia,Negative,Lainnya,Yes,Otomotif,No
spray air tdk keluar embun,spray air embun,unknown,1,Tokopedia,Negative,Lainnya,No,Perabotan,No
bagus kotaknya harga nya murah pengiriman cepet,bagus kotak harga murah kirim cepet,unknown,5,Tokopedia,Positive,Harga,No,Kerajinan & Pesta,No
bagus dan sesuai pesanan,bagus sesuai pesan,unknown,5,Tokopedia,Positive,Bentuk,No,Lainnya,No
pelayanan nya gak seperti biasanya php,layan php,unknown,1,Tokopedia,Negative,Lainnya,No,Lainnya,No
gada jam uda redup padahal cas nya seharian sebelum pemakaian pertama,gada jam uda redup cas hari pakai,unknown,2,Tokopedia,Negative,Lainnya,No,Elektronik,No
admin super responsif cartridge berfungsi dengan baik sayang bgt cuma bisa ngasih bintang,admin super responsif cartridge fungsi sayang ngasih bintang,unknown,5,Tokopedia,Positive,Lainnya,No,Elektronik,No
order 30pcs datangnya 29pcs ketahuan nya setelah dibongkar dan diberesin masuk ke kotak ada satu kemasan yg isinya cuma complain ditolak krn gaada video unboxing ternyata unilever official account pun tak bisa dipercaya,order 30pcs datang 29pcs tahu bongkar resin kotak kemas isi complain tolak gaada video unboxing unilever official account percaya,unknown,1,Tokopedia,Negative,Bentuk,No,Kesehatan & Kecantikan,No
gps adas gak berfungsi jawaban penjual bertele2 jt cm kamera biasa mahal,gps adas fungsi jual bertele2 jt cm kamera mahal,unknown,1,Tokopedia,Negative,Harga,No,Otomotif,No
produk sesuai deskripsi kualitas produk bagus karetnya tebal buatannya rapi halus thanks seller for flash sale,produk sesuai deskripsi kualitas produk bagus karet tebal buat rapi halus thanks seller for flash sale,unknown,5,Tokopedia,Positive,Bentuk,No,Otomotif,No
gak pernah saya kasih bintang ke toko manapun tapi untuk x ini saya kecewa barang saya yg minyak kayu putih gak di kirim semoga berkah ka walau cuma uang sgitu dan gak lagi2 belanja di toko yg gak amanah ini,kasih bintang toko mana kecewa barang minyak kayu putih kirim moga berkah ka uang sgitu lagi2 belanja toko amanah,unknown,1,Tokopedia,Negative,Bentuk,Yes,Ibu & Bayi,Yes
minta pink dikasi ungu tp ya udah lah bagus juga,pink kasi ungu bagus,unknown,4,Tokopedia,Positive,Bentuk,No,Fashion,No
seperti biasa pesanan cepat seller juga fast respon,pesan cepat seller fast respon,unknown,5,Tokopedia,Positive,Lainnya,No,Fashion,No
barang nya bagus sesuai dengan gambar dan tajam juga semoga awet deh pisau nya,barang bagus sesuai gambar tajam moga awet pisau,unknown,4,Tokopedia,Positive,Bentuk,No,F&B,No
bagaimana gak kecewa sampai sekarang jam tangannya gak nyala udah d cas beberapa kali bahkan seharian tetap gak nyala saya kecewa,kecewa jam tangan nyala cas hari nyala kecewa,unknown,1,Tokopedia,Negative,Lainnya,Yes,Elektronik,No
pembelian kedua semoga sehat lagi kucingnya,beli moga sehat kucing,unknown,5,Tokopedia,Positive,Lainnya,No,Perawatan Hewan,No
kalo malas macking daftar tokocabang aja bro biar konsumen puas anda pun gak perlu bayar pegawai untuk handle pengemasan barang packing kok jelek bgt,malas macking daftar tokocabang bro biar konsumen puas bayar pegawai handle kemas barang packing jelek,unknown,3,Tokopedia,Neutral,Harga,No,Kesehatan & Kecantikan,No
bahannya adem enak dipakai modelnya kekinian jahitannya rapi bahan menyerap keringat tidak menerawang,bahan adem pakai model kini jahit rapi bahan serap keringat terawang,unknown,5,Tokopedia,Positive,Bentuk,No,Fashion,No
barang sesuai gambar mantul cepat nyampe puas banget,barang sesuai gambar mantap cepat puas,unknown,4,Tokopedia,Positive,Bentuk,No,Fashion,No
ada satu yang salah dong pengirimanya gimana kurang teliti,salah pengirimanya gimana teliti,unknown,2,Tokopedia,Negative,Lainnya,No,Kesehatan & Kecantikan,No
respon seller dan pengiriman cepat paket aman produk baru dicoba dan blm bener tau efektif atau ngga botol aman gak bocor dan sprayernya bagus thanks a lot seller,respon seller kirim cepat paket aman produk coba bener tau efektif botol aman bocor sprayernya bagus thanks lot seller,unknown,5,Tokopedia,Positive,Bentuk,No,Perawatan Hewan,No
barangnya original suaranya jernih,barang original suara jernih,unknown,5,Tokopedia,Positive,Bentuk,No,Elektronik,No
gampang dibawa bawa awet buat seharian proses pesanan cepat,gampang bawa bawa awet hari proses pesan cepat,unknown,4,Tokopedia,Positive,Bentuk,No,Kesehatan & Kecantikan,No
proses pengiriman mengecewakan sebagai customer sangat merasa tdk dibantu ketika bertanya penjual merespon dengan kurang baik so sad,proses kirim kecewa customer bantu jual merespon so sad,unknown,1,Tokopedia,Negative,Rasa,Yes,Hobi & Hiburan,No
barang cepet pengirimanya sesuai pesanan,barang cepet pengirimanya sesuai pesan,unknown,4,Tokopedia,Positive,Bentuk,No,Fashion,No
ngga cocok sama hp realme pro ngga konek manual pake bahasa china sulit dipahami,cocok hp realme pro konek manual pake bahasa china sulit paham,unknown,2,Tokopedia,Negative,Bentuk,No,Hobi & Hiburan,No
ampun dah ini packing terasal yg pernah gua terima ini klu patah gimana awas aja isinya rusak pas gua pake ya,ampun dah packing asal gua terima klu patah gimana awas isi rusak pas gua pake,unknown,2,Tokopedia,Negative,Rasa,Yes,Elektronik,No
agak kecewa karna isinya tumpah sampai setengah dan pengiriman juga lama,kecewa karna isi tumpah kirim,unknown,1,Tokopedia,Negative,Lainnya,Yes,Otomotif,No
pesan godly grey malah datang nya lovely brown gak teliti banget admin nya,pesan godly grey lovely brown teliti admin,unknown,2,Tokopedia,Negative,Lainnya,No,Kesehatan & Kecantikan,No
barang sesuai deskripsi pengiriman cepat,barang sesuai deskripsi kirim cepat,unknown,5,Tokopedia,Positive,Bentuk,No,Hobi & Hiburan,No
murah meriah tp bagus nyaman dipakai tulisan jg terlihat lebih rapih,murah riah bagus nyaman pakai tulis rapih,unknown,5,Tokopedia,Positive,Bentuk,No,Perlengkapan Kantor,No
toko penipu tipu harga tipu merk semoga dapat karmanya amin,toko tipu tipu harga tipu merk moga karma amin,unknown,1,Tokopedia,Negative,Harga,Yes,F&B,No
nyaman di kulit proses pesanan cepat packaging aman packaging rapi respon penjualnya top,nyaman kulit proses pesan cepat packaging aman packaging rapi respon jual top,unknown,5,Tokopedia,Positive,Bentuk,No,Kesehatan & Kecantikan,No
dipakai untuk mindahin tabung gas kg sangat seret susah maju karena rodanya tidak jalan bobot tabung gas terlalu berat not recommended utk tabung gas kg mungkin untuk yang lbh ringan bisa lancar rodanya berputar,pakai mindahin tabung gas kg seret susah maju roda jalan bobot tabung gas berat not recommended tabung gas kg lbh ringan lancar roda putar,unknown,1,Tokopedia,Negative,Bentuk,No,F&B,Yes
enak bahannya pas banget bagussss pengiriman juga cpt bgtt sampe gainget pesen paket wkwk,bahan pas bagussss kirim cpt bgtt gainget sen paket wkwk,unknown,5,Tokopedia,Positive,Bentuk,No,Fashion,No
barang sudah sampai pelayanan cepat sekali packing aman dan barang sesuai deskripsi terimakasih dan sukses selalu yaa,barang layan cepat packing aman barang sesuai deskripsi terimakasih sukses yaa,unknown,5,Tokopedia,Positive,Bentuk,No,Elektronik,No
packing kardusnyasperti udh di buka gk rapih,packing kardusnyasperti buka rapih,unknown,1,Tokopedia,Negative,Bentuk,No,Kesehatan & Kecantikan,No
bahan tipis kayaknya ga bisa di pakai,bahan tipis kayak pakai,unknown,3,Tokopedia,Neutral,Bentuk,No,Fashion,No
expirednya bulan sekarang bulan coba dikonfirmasi dulu habis kek gitu ga malu kah toko resmi ambil pahalanya aja malas ongkir bolak balik,expirednya coba konfirmasi habis kek gitu malu kah toko resmi ambil pahala malas ongkos kirim bolak,unknown,1,Tokopedia,Negative,Harga,No,Kesehatan & Kecantikan,No
barangnya bagus bangett grafir photo dan namanya presisi sesuai orderan dikirim hingga keluar pulau jg packing sangat aman respon seller jg baik dan pengiriman cepat,barang bagus bangett grafir photo nama presisi sesuai order kirim pulau packing aman respon seller kirim cepat,unknown,5,Tokopedia,Positive,Bentuk,No,Lainnya,No
terima kasih paketnya sudah sampai barangnya bagus banget sesuai dengan foto dan muat pakai baju ini senang banget ramah orangnya juga,terima kasih paket barang bagus sesuai foto muat pakai baju senang ramah orang,unknown,5,Tokopedia,Positive,Bentuk,No,Fashion,No
mantab barang nya oke punya,mantab barang oke,unknown,5,Tokopedia,Positive,Lainnya,No,Elektronik,No
penjual ok barang nya bagus dan kurirnya pun juara mantap deh sukses terus ya kaaa,jual oke barang bagus kurir juara mantap sukses kaaa,unknown,5,Tokopedia,Positive,Rasa,No,Kerajinan & Pesta,No
paket sampai barang sesuai pesanan bisa dipakein di scph bisa untuk boot hdd internal cuma mesti konfigurasi ulang di chip matrix nya terimakasih semoga awet,paket barang sesuai pesan dipakein scph boot hdd internal mesti konfigurasi ulang chip matrix terimakasih moga awet,unknown,4,Tokopedia,Positive,Bentuk,No,Elektronik,No
beli mahal2 malah sering tiba2 ngeblur kalau dipakai zoom terus menghubungi cs nya suruh klaim garansi aja minta alamat ga dikasih2 hadeuhh webcam jutaan kualitas sampah,beli mahal2 tiba2 ngeblur pakai zoom hubung cs suruh klaim garansi alamat dikasih2 hadeuhh webcam juta kualitas sampah,unknown,1,Tokopedia,Negative,Harga,No,Elektronik,No
bolong coy packing parah bgttttt lakban semua jadi robek2 ketika dicabut,bolong coy packing parah bgttttt lakban robek2 cabut,unknown,1,Tokopedia,Negative,Lainnya,Yes,Kerajinan & Pesta,No
merek kereta nya beda banget sama di gambar yg dijual merek yg dijual keluaran china dan bukan merek thomas train set tapi thamos train set rel kretanya juga gk bisa rata stabil kalo nyari kualitas mending cari yang lain saya aja ketipu sebenrnya gk liat review dulu mgkn kalo penjualnya ngasih barang yg sesuai gambar saya bakal puas,merek kereta beda gambar jual merek jual keluar china merek thomas train set thamos train set rel kretanya rata stabil nyari kualitas mending cari tipu sebenrnya liat review mgkn jual ngasih barang sesuai gambar puas,unknown,1,Tokopedia,Negative,Bentuk,Yes,Hobi & Hiburan,No
pengiriman telat sehari tapi barangnya bagus,kirim telat hari barang bagus,unknown,4,Tokopedia,Positive,Bentuk,No,Elektronik,No
sudah diterima dengan baik produk sesuai dan nyaman dipakai terima kasih,terima produk sesuai nyaman pakai terima kasih,unknown,5,Tokopedia,Positive,Bentuk,No,Hobi & Hiburan,No
ukuran karet sesuai mantul dan waktu pengiriman lebih cepat dari jadwalnya mantap dah is the best,ukur karet sesuai mantap waktu kirim cepat jadwal mantap dah is the best,unknown,5,Tokopedia,Positive,Bentuk,No,Hobi & Hiburan,No
nyaman dipakai bahannya enak fitting buat lari banget kekecilan sebenernya tapi tenang ada garansi hari bisa tuker size produk original,nyaman pakai bahan fitting lari kecil sebenernya tenang garansi tuker size produk original,unknown,5,Tokopedia,Positive,Bentuk,No,Hobi & Hiburan,No
gampang dibawa bawa hasilnya awet packaging aman gampang dipakai,gampang bawa bawa hasil awet packaging aman gampang pakai,unknown,5,Tokopedia,Positive,Bentuk,No,Kesehatan & Kecantikan,No
bagus bgt bukunya suka makasih,bagus buku suka makasih,unknown,5,Tokopedia,Positive,Bentuk,No,Hobi & Hiburan,No
packing kurang baik untuk silica gel hanya dibungkus plastik dan plastiknya di hekter sehingga udara bisa keluar masuk mestinya di seal supaya kedap udar,packing silica gel bungkus plastik plastik hekter udara mesti seal kedap udar,unknown,3,Tokopedia,Neutral,Bentuk,No,Elektronik,No
amazing respon seller cepat barang ori seperti di foto dan sesuai deskripsi proses pengiriman kilat banget thank you yaa kak sukses selalu,amazing respon seller cepat barang original foto sesuai deskripsi proses kirim kilat thank you yaa kak sukses,unknown,5,Tokopedia,Positive,Bentuk,No,Elektronik,No
bisa hidup tapi ga bisa ngecharge di biarkan seharian batetai tidak terisi berharap banyak sama alat ini supaya stick nya anak anak bisa terpakai nya,hidup ngecharge biar hari batetai isi harap alat stick anak anak pakai,unknown,2,Tokopedia,Negative,Bentuk,No,Elektronik,No
diluar expektasi saya benar benar ukuran super mini tidak ada bedanya dengan box kontener yg di pasar yg tingkt cma karena ada space diatas itu saja kelebihanya saya ukur lebarnya cuma sejengkal antar jempol ibu jari dan dan jari tengah benar benar kecil dengan harg lumayan mahal,luar expektasi ukur super mini beda box kontener pasar tingkt cma space atas kelebihanya ukur lebar jengkal jempol jari jari tengah harg lumayan mahal,unknown,1,Tokopedia,Negative,Bentuk,No,Kesehatan & Kecantikan,Yes
ukuran xl baju oke tapi celananya tdk xl kekecilan baju bisa pakai celana tidak baju yg dikirim celananya robek pas di jahitan tdk di check dulu sblm kirim,ukur xl baju oke celana xl kecil baju pakai celana baju kirim celana robek pas jahit check sblm kirim,unknown,3,Tokopedia,Neutral,Bentuk,No,Fashion,No
barang tidak sampai kembalikan uang saya,barang kembali uang,unknown,1,Tokopedia,Negative,Lainnya,Yes,Perlengkapan Kantor,No
barangnya original kemasan disegel tapi kok gk ad buku garansi y sma anti gores sofkeswarna sesuai pesanan,barang original kemas segel ad buku garansi sma anti gores sofkeswarna sesuai pesan,unknown,5,Tokopedia,Positive,Bentuk,No,Elektronik,No
sangat kecewa harga mahal keong nya sangat kecil tolong jangan sampai tertipu dengan gambar,kecewa harga mahal keong tolong tipu gambar,unknown,1,Tokopedia,Negative,Harga,Yes,Perawatan Hewan,No
makin butek jangan beli guys,butek beli guys,unknown,2,Tokopedia,Negative,Lainnya,Yes,Perabotan,No
manchapppp sy suka rekomen seller,manchapppp suka rekomen seller,unknown,5,Tokopedia,Positive,Lainnya,No,Lainnya,No
mantap jgn ragu2 langsung saja booking recommended,mantap jgn ragu2 booking recommended,unknown,5,Tokopedia,Positive,Rasa,No,Hobi & Hiburan,No
barang sdh dtg packing rapih tapi led nya tdk nyala brg dtg ketika sy lg travelling pas di coba led tdk nyala dan di hubungi tokonya tdk mau bertanggung jawab krn status order telah selesai selayaknya brg di test dahulu sebelum dikirim ke pembeli utk memastikan semua berfungsi,barang dtg packing rapih led nyala brg dtg lg travelling pas coba led nyala hubung toko tanggung status order selesai layak brg test kirim beli fungsi,unknown,2,Tokopedia,Negative,Bentuk,No,Elektronik,No
barang sesuai gambar pengiriman juga cepat,barang sesuai gambar kirim cepat,unknown,5,Tokopedia,Positive,Bentuk,No,Hobi & Hiburan,No
barang kurang bagus bocor dibagian saluran keluar saat di operasikan,barang bagus bocor bagi salur operasi,unknown,2,Tokopedia,Negative,Bentuk,No,F&B,No
terlalu tipis tidak seperti masker medis yang saya kenal,tipis masker medis kenal,unknown,3,Tokopedia,Neutral,Bentuk,No,Kesehatan & Kecantikan,No
maaf saya kasih bintang karena paketnya tidak sampai ke saya langsung sempat nyasar ke tempat lain karena penerimanya sama dengan nama saya untungnya penerimanya langsung menghubungi saya tapi pas saya ambil ternyata isi nya cuma box sesuai foto padahal saya pesan box si penerima mengaku tidak mengambil box sisanya alamat bisa tidak sampai ke saya karena label alamatnya tidak dibungkus pakai lakban kertas bening jadinya berdebu kena air bisa pudar kan,maaf kasih bintang paket nyasar terima nama untung terima hubung pas ambil isi box sesuai foto pesan box si terima aku ambil box sisa alamat label alamat bungkus pakai lakban kertas bening debu air pudar,unknown,1,Tokopedia,Negative,Bentuk,Yes,Kesehatan & Kecantikan,No
whiteboard melengkung alumunium bengkok skrup hilang mutu rendah sekali jauh dari gambar deskripsi,whiteboard lengkung alumunium bengkok skrup hilang mutu rendah gambar deskripsi,unknown,1,Tokopedia,Negative,Lainnya,Yes,Perlengkapan Kantor,No
dipenjualan tertulis obeng magnet bohong obengnya ga magnet sama sekali akan sulit untuk yang baru belajar jika tidak memiliki alat yang lengkap kecewa parah,jual tulis obeng magnet bohong obeng magnet sulit ajar milik alat lengkap kecewa parah,unknown,1,Tokopedia,Negative,Bentuk,Yes,Elektronik,Yes
megecewakan sy hendak tukar warna mbak nya iya aja eeh dikirimnya ttp warna yg salah padahal kalau tidak bisa ditukar kan bisa sy batalkan,megecewakan tukar warna mbak iya eeh kirim ttp warna salah tukar batal,unknown,1,Tokopedia,Negative,Bentuk,No,Fashion,No
baru di pake sekali udah robek sol nya,pake robek sol,unknown,2,Tokopedia,Negative,Lainnya,No,Fashion,No
rasanya kaya buav ta gk worth it,kaya buav ta worth it,unknown,1,Tokopedia,Negative,Harga,No,F&B,Yes
yg dikirim botol tdk sesuai photo produk,kirim botol sesuai photo produk,unknown,3,Tokopedia,Neutral,Bentuk,No,Kesehatan & Kecantikan,No
pengiriman lama cuma penjualnya responsif blm bisa kasih bintang,kirim jual responsif kasih bintang,unknown,3,Tokopedia,Neutral,Lainnya,No,Hobi & Hiburan,No
chat tidak di balas kuota yang di janjikan 50gb nya tidak masuk hancur la parah parah,chat balas kuota janji 50gb hancur la parah parah,unknown,1,Tokopedia,Negative,Lainnya,Yes,Elektronik,No
pengiriman lama banget kurirnya gagal pickup terus setrikanya ternyata besar dan lumayan berat packingnya tipiss cuma bublewrap selapis kualitas strikanya jg kurang menurutku soalnya ga terlalu panas jd lama setrikanya,kirim kurir gagal pickup setrika lumayan berat packingnya tipiss bublewrap selap kualitas strikanya turut panas jd setrika,unknown,3,Tokopedia,Neutral,Bentuk,No,Elektronik,No
barang datang dengan cepat tapi salah barang yang datang malah ab wheel aa,barang cepat salah barang ab wheel aa,unknown,1,Tokopedia,Negative,Lainnya,No,Hobi & Hiburan,No
packing berantakan ada yg bocir tumpah semua,packing beranta bocir tumpah,unknown,1,Tokopedia,Negative,Lainnya,No,Kesehatan & Kecantikan,No
wow designnya bagus banget pengiriman cepat kualitas bagussss banget bisa di scan juga dan ini beneran mirip kartu uno asli mudah2an ga ketukar ya kayaknya bakal repeat order pakai design lain deh thanks seller,wow designnya bagus kirim cepat kualitas bagussss scan beneran kartu uno asli mudah2an tukar kayak repeat order pakai design thanks seller,unknown,5,Tokopedia,Positive,Bentuk,No,Kerajinan & Pesta,No
packaging gk aman bgt bubble wrap tipis alhasil kemasan barang agak penyok pas dateng thank god barangnya aman ini official store seharusnya lebih baik lagi fix min next duh,packaging aman bubble wrap tipis alhasil kemas barang penyok pas dateng thank god barang aman official store fix min next duh,unknown,2,Tokopedia,Negative,Bentuk,No,Elektronik,No
kartunya kw semua katanya ori gimana sih,kartu palsu original gimana,unknown,1,Tokopedia,Negative,Bentuk,No,Hobi & Hiburan,No
ga amanah toko nya awal nya bilang ready ukuran nya setelah transaksi bilang kosong stok nya coba bilang dari awal kalo ukuran yg di ingikan kosong pembeli bisa pindah ke penjual lain pengiriman nya juga lelet,amanah toko bilang ready ukur transaksi bilang kosong stok coba bilang ukur ingikan kosong beli pindah jual kirim lelet,unknown,1,Tokopedia,Negative,Bentuk,No,Fashion,No
barang sampai tepat waktu aman dan rapih mantap gan dapet bonus lagi the bast pokoknya kalian wajib blanja di olshop ini boz makasih barangnya,barang waktu aman rapih mantap gan bonus the bast pokok wajib blanja olshop boz makasih barang,unknown,5,Tokopedia,Positive,Bentuk,No,Elektronik,No
jelek panjang dan lebar gak rata akhirnya bukan terlihat bagus malah terlihat jelek akhirnya saya copot,jelek lebar rata bagus jelek copot,unknown,1,Tokopedia,Negative,Bentuk,No,Perabotan,No
produk sesuai deskripsi talenan tipis pisau tajam jadi enak untuk dipakai grip pada gagang terasa nyaman,produk sesuai deskripsi talenan tipis pisau tajam pakai grip gagang nyaman,unknown,4,Tokopedia,Positive,Bentuk,No,F&B,No
barang tidak sesuai orderan,barang sesuai order,unknown,2,Tokopedia,Negative,Bentuk,Yes,Kesehatan & Kecantikan,No
proses cepat pengiriman cepat packaging sangat aman barang terjamin tdk ada bocor,proses cepat kirim cepat packaging aman barang jamin bocor,unknown,5,Tokopedia,Positive,Bentuk,No,Perawatan Hewan,No
terbaik lah pokoknya packing lakban doang rapih banget keren lakbannya juga rekat banget,baik pokok packing lakban doang rapih keren lakbannya rekat,unknown,5,Tokopedia,Positive,Bentuk,No,Perlengkapan Kantor,No
tidak sesuai spesifikasi abis itu mau komplain tidak di layani bahaya sekali,sesuai spesifikasi abis komplain layan bahaya,unknown,1,Tokopedia,Negative,Bentuk,Yes,Elektronik,No
bahan oke joss lahh,bahan oke joss lahh,unknown,5,Tokopedia,Positive,Bentuk,No,Hobi & Hiburan,No
sangat kecewa banget,kecewa,unknown,1,Tokopedia,Negative,Lainnya,Yes,Kesehatan & Kecantikan,No
respon penjualnya top packaging aman proses pesanan cepat kualitas bahan bagus,respon jual top packaging aman proses pesan cepat kualitas bahan bagus,unknown,5,Tokopedia,Positive,Bentuk,No,Elektronik,No
mantab barang susuai pesanan tepat waktu,mantab barang susuai pesan waktu,unknown,5,Tokopedia,Positive,Lainnya,No,Lainnya,No
dapat kain microfiber fungsi mau dicoba dulu kalo buat sekarang biar tokonya joss,kain microfiber fungsi coba biar toko joss,unknown,5,Tokopedia,Positive,Bentuk,No,Otomotif,No
kecewa barang pas sampai gak bisa dipakai,kecewa barang pas pakai,unknown,1,Tokopedia,Negative,Bentuk,Yes,Hobi & Hiburan,Yes
data sering error dan hilang,data error hilang,unknown,1,Tokopedia,Negative,Lainnya,Yes,Elektronik,No
barang dipesan tanggal baru dikirim tgl mantep ga tuh mantep ga tuh,barang pes tanggal kirim tgl mantep tuh mantep tuh,unknown,1,Tokopedia,Negative,Lainnya,No,Perlengkapan Kantor,No
pengiriman super cepat barang bagus recommended seller thanks,kirim super cepat barang bagus recommended seller thanks,unknown,5,Tokopedia,Positive,Bentuk,No,Elektronik,No
mantap wangi nya segerrr,mantap wangi segerrr,unknown,5,Tokopedia,Positive,Rasa,No,Kesehatan & Kecantikan,No
barangnya ternyata berkualitas walaupun harganya cukup miring warnanya pun bagus gak kelihatan kayak barang murah puassss,barang kualitas harga miring warna bagus barang murah puassss,unknown,5,Tokopedia,Positive,Bentuk,No,Perawatan Hewan,No
kualitas produk sangat mengecewakan bahan yang di gunakan tipis barang datang dengan keadaan begitu dan tidak di ganti baru,kualitas produk kecewa bahan tipis barang ganti,unknown,1,Tokopedia,Negative,Bentuk,Yes,Perabotan,No
murah cepat sesuai,murah cepat sesuai,unknown,4,Tokopedia,Positive,Harga,No,Hobi & Hiburan,No
sprti barang bekas,sprti barang bekas,unknown,3,Tokopedia,Neutral,Lainnya,No,Hobi & Hiburan,No
kurang puas sama dompetnya,puas dompet,unknown,3,Tokopedia,Neutral,Bentuk,No,Fashion,No
luar biasa proses ya cepet banget ng sampe jam langsung di proses ng seperti lapak yg satu lagi yg di tanggerang pengiriman juga cepet banget recomended banget,proses cepet ng jam proses ng lapak tanggerang kirim cepet recomended,unknown,5,Tokopedia,Positive,Lainnya,No,Perabotan,No
barang sesuai deskripsi dan tersegel original pengiriman tepat waktu sesuai janji layanan mantap terima kasih banyak,barang sesuai deskripsi segel original kirim waktu sesuai janji layan mantap terima kasih,unknown,5,Tokopedia,Positive,Bentuk,No,Elektronik,No
sdh pembelian berulang2 lumpianya enak packingnya bgs penjual responsif dan pengiriman cpt,beli berulang2 lumpia packingnya bagus jual responsif kirim cpt,unknown,5,Tokopedia,Positive,Rasa,No,F&B,No
sedikit masukan klw utk buble warp agar bagian dalam juga di bungkus jika ada pemesanan brg yg dibungkus bersamaan dgn lampun yg mudah pecah terima kasih,masuk klw buble warp bungkus mesan brg bungkus sama lam mudah pecah terima kasih,unknown,3,Tokopedia,Neutral,Bentuk,No,Perabotan,No
thanks sukses terus,thanks sukses,unknown,4,Tokopedia,Positive,Lainnya,No,Elektronik,No
kecewa sih pesannya l5 iya l5 tapi berasa itu celana xl kecil amat heedewhh bikin kecewa sama ini toko mana bahannya tipis juga,kecewa pesan l5 iya l5 asa celana xl heedewhh bikin kecewa toko bahan tipis,unknown,1,Tokopedia,Negative,Bentuk,Yes,Fashion,Yes
fast respon barang bagus recommend,fast respon barang bagus recommend,unknown,5,Tokopedia,Positive,Bentuk,No,Perlengkapan Kantor,No
bahan sepatu jelek bahan kalep cpt rusak,bahan sepatu jelek bahan kalep cpt rusak,unknown,1,Tokopedia,Negative,Bentuk,Yes,Hobi & Hiburan,No
sangat jelek krn kiriman tidak lengkap,jelek kirim lengkap,unknown,1,Tokopedia,Negative,Bentuk,No,Perawatan Hewan,No
harga terjangkau produk sesuai kualitas sangat bagus pengiriman cukup responsif terima kasih yaa sehat sehat selalu utk seller dan team,harga jangkau produk sesuai kualitas bagus kirim responsif terima kasih yaa sehat sehat seller team,unknown,5,Tokopedia,Positive,Bentuk,No,Perabotan,No
saya tidak menerima barang,terima barang,unknown,1,Tokopedia,Negative,Lainnya,No,Kerajinan & Pesta,No
ada sedikit cacat selainnya oke,cacat selain oke,unknown,4,Tokopedia,Positive,Lainnya,No,Hobi & Hiburan,No
teksturnya creamy gampang dipakai packaging aman,tekstur creamy gampang pakai packaging aman,unknown,5,Tokopedia,Positive,Rasa,No,Kesehatan & Kecantikan,No
maaf bukan ingin menjelekan tp uang melayang barang tak sampai,maaf jelek uang layang barang,unknown,2,Tokopedia,Negative,Bentuk,No,Kesehatan & Kecantikan,No
bahannya beda dari orderan yg warna coklat dan baru di pakai sekali langsung robek,bahan beda order warna coklat pakai robek,unknown,2,Tokopedia,Negative,Bentuk,No,Fashion,No
barang bosok sekali pake rusak mau claim dijawab berbelit ama adminnya,barang bosok pake rusak claim belit ama adminnya,unknown,1,Tokopedia,Negative,Lainnya,Yes,Elektronik,No
bagus dengan hrg segitu cuman trnyata kecil aku kira agak gede,bagus hrg segitu cuman trnyata gede,unknown,4,Tokopedia,Positive,Bentuk,No,Fashion,No
barang nya jos berfungsi dengan baik kualitas oke jadi membantu saya banget cuma awal pakek bingung kok gk bisa buka otomatisnya eh app saya ternyata yg gk suport cash drawernya mantul dah,barang jos fungsi kualitas oke bantu pakek bingung buka otomatis eh app suport cash drawernya mantap dah,unknown,5,Tokopedia,Positive,Bentuk,No,Elektronik,No
produk original efektif menyaring kotoran produk berfungsi dengan baik barang sesuai deskripsi,produk original efektif nyaring kotor produk fungsi barang sesuai deskripsi,unknown,5,Tokopedia,Positive,Bentuk,No,Perabotan,No
barang g smapai hilang di kurir uang refund,barang smapai hilang kurir uang refund,unknown,2,Tokopedia,Negative,Lainnya,Yes,Fashion,No
pesanan sudah diterima bagus dan sesuai thxxxxxxxxxxxxxxxxxxxxxxxxx,pesan terima bagus sesuai thxxxxxxxxxxxxxxxxxxxxxxxxx,unknown,4,Tokopedia,Positive,Bentuk,No,Hobi & Hiburan,No
barang dah lama benyek benyek ada kerusakan ga diganti pengemasan buruk harap menjadi pelajaran,barang dah benyek benyek rusak ganti kemas buruk harap ajar,unknown,1,Tokopedia,Negative,Lainnya,Yes,Perabotan,No
barang bagus tapi sangat mengecewakan sekali pesan rok hanya di kirim yg lg entah kemana gk ada responnya lg yg jelas tidak ada etika baik buat buat ngirim rok sy yg lg main curang sy merasa di tipu dan sy sangat sangat kecewa saran sy barang bagus tolong imbangin dengan kejujuran biar berkah salam jujur jngan main curang,barang bagus kecewa pesan rok kirim lg mana responnya lg etika ngirim rok lg main curang tipu kecewa saran barang bagus tolong imbangin jujur biar berkah jujur jngan main curang,unknown,1,Tokopedia,Negative,Rasa,Yes,Fashion,Yes
dikirim bor nya kurang satu terus bukannya tinggal ngirim yang kurang saya harus ngirim balik kotak buang2 ongkir sengaja dibikin repot,kirim bor tinggal ngirim ngirim kotak buang2 ongkos kirim sengaja bikin repot,unknown,2,Tokopedia,Negative,Harga,No,Perabotan,No
sy pesan warna merah metalik tp dikirim hitam padahal sebelum dikirim sy sdh chat penjual,pesan warna merah metalik kirim hitam kirim chat jual,unknown,1,Tokopedia,Negative,Bentuk,No,Perabotan,No
barangnya tidak seperti barang baru dan tanpa kemasan pabrik,barang barang kemas pabrik,unknown,1,Tokopedia,Negative,Bentuk,No,Elektronik,No
mantap barang ori packing oke harga promo muraj sering sering aja promo ya,mantap barang original packing oke harga promo muraj promo,unknown,5,Tokopedia,Positive,Harga,No,F&B,No
pengiriman cepat dan packing aman dapat harga flashsale,kirim cepat packing aman harga flashsale,unknown,5,Tokopedia,Positive,Harga,No,Hobi & Hiburan,No
packagingnya payah saya pesan kaleng yg satu pecah dan tidak mau diganti csnya minta bukti foto dan video sudah saya kirimkan tapi tetap minta terus dan akhirnya mereka menyudahi komplain saya secara sepihak,packagingnya payah pesan kaleng pecah ganti csnya bukti foto video kirim sudah komplain,unknown,1,Tokopedia,Negative,Bentuk,Yes,Kesehatan & Kecantikan,No
seller very slow response semua step selalu last minute baru lanjut ketika official store lain hanya butuh maks hari barang sampai setelah order ini baru diterima setelah hari,seller very slow response step last mute official store butuh maks barang order terima,unknown,3,Tokopedia,Neutral,Lainnya,No,Elektronik,No
jumlahnya pas pcs buat ngiket rambut juga pas ga kekencengan cuma ya kalo boleh saran tambahin bubble wrap biar lebih safety pouch nya kegunting jadinya pengemasan juga agak lama,pas pcs ngiket rambut pas kenceng saran tambahin bubble wrap biar safety pouch gunting kemas,unknown,3,Tokopedia,Neutral,Bentuk,No,Kesehatan & Kecantikan,No
rasanya tidak sesuai ekspektasi bener kecewa yang emak hanya valrhona chocolate sisanya gak enak semua intinya kecewa,sesuai ekspektasi bener kecewa emak valrhona chocolate sisa inti kecewa,unknown,2,Tokopedia,Negative,Rasa,Yes,F&B,Yes
bisa muat sampai ukuran kaki no suami saya suka ga tebel ga tipis nyaman lembut positive,muat ukur kaki no suami suka tebel tipis nyaman lembut positive,unknown,5,Tokopedia,Positive,Bentuk,No,Fashion,No
brg sesuai pic kurir sll yg terbaik sudah langganan,brg sesuai pic kurir sll baik langgan,unknown,5,Tokopedia,Positive,Bentuk,No,Lainnya,No
pengiriman cepat packing aman barang bagus sesuai deskripsi terimakasih,kirim cepat packing aman barang bagus sesuai deskripsi terimakasih,unknown,5,Tokopedia,Positive,Bentuk,No,Kerajinan & Pesta,No
sesuai order modelnya bagus dan nyaman cepat dan aman,sesuai order model bagus nyaman cepat aman,unknown,5,Tokopedia,Positive,Bentuk,No,Ibu & Bayi,No
susah bgt pasangnya gak kuat menahan airnya,susah pasang kuat tahan air,unknown,1,Tokopedia,Negative,Bentuk,No,Perabotan,No
rasanya ngadi2 sumpah kayak pake saos sambel kyk gapake gochujang gochugaru yang biasa makan kimchi asli korea pasti gaakan suka pengiriman super lelet pesen hr rabu br dtg hari minggu gils,ngadi2 sumpah pake saos sambel gapake gochujang gochugaru makan kimchi asli korea gaakan suka kirim super lelet sen hr rabu br dtg minggu gils,unknown,1,Tokopedia,Negative,Bentuk,No,F&B,No
lubang nya jelek bgt,lubang jelek,unknown,2,Tokopedia,Negative,Bentuk,No,Lainnya,No
alat linting nya patah rusak,alat linting patah rusak,unknown,1,Tokopedia,Negative,Lainnya,Yes,Lainnya,No
harga bersaing barang sesuai pesanan saya nambah extra packing kardus dan bubble wrap supaya barang aman dan benar sampai dengan selamat alhamdulillaah saya sengaja beli dengan tujuan untuk mungut sampah puntung rokok dan saya tanyakan ke seller apakah bisa kemudian seller menjawab bisa setelah sampai saya tes dan berhasil bisa untuk mungut sampah puntung rokok memakainya mudah hanya saja lumayan juga ya ternyata beratnya kalo sudah lama megangnya pegel juga hehe anyways terima kasih ya seller,harga saing barang sesuai pesan nambah extra packing kardus bubble wrap barang aman selamat alhamdulillaah sengaja beli tuju mungut sampah puntung rokok seller seller tes hasil mungut sampah puntung rokok maka mudah lumayan berat megangnya gel hehe anyways terima kasih seller,unknown,5,Tokopedia,Positive,Bentuk,No,Perabotan,No
roti keras gak enak,roti keras,unknown,1,Tokopedia,Negative,Rasa,No,F&B,No
barang penyokkkkk ga bisa di ganti krn tdk unboxing record,barang penyokkkkk ganti unboxing record,unknown,1,Tokopedia,Negative,Lainnya,No,F&B,No
produk bagus sesuai pesanan fast response pengiriman cepat 1hr,produk bagus sesuai pesan fast response kirim cepat 1hr,unknown,5,Tokopedia,Positive,Bentuk,No,Perlengkapan Kantor,No
gagang sapu terlalu pendek packaging kurang rapi dan aman tapi so far brg sampe dgn selamat,gagang sapu pendek packaging rapi aman so far brg selamat,unknown,4,Tokopedia,Positive,Bentuk,No,Perabotan,No
tidak ada dlm box,dlm box,unknown,1,Tokopedia,Negative,Lainnya,No,Lainnya,No
barang tidak lengkap,barang lengkap,unknown,1,Tokopedia,Negative,Lainnya,No,Perabotan,No
kualitas bahan bagus proses pesanan cepat packaging aman packaging rapi,kualitas bahan bagus proses pesan cepat packaging aman packaging rapi,unknown,5,Tokopedia,Positive,Bentuk,No,Elektronik,No
informasi produk berbeda dengan deskripsi produk yang dijual saran untuk yang lain hati2lah memahami supaya tidak kecewa,informasi produk beda deskripsi produk jual saran hati2lah paham kecewa,unknown,1,Tokopedia,Negative,Bentuk,Yes,Perabotan,No
kualitas jelek suara mic udah max suara kecil,kualitas jelek suara mic max suara,unknown,1,Tokopedia,Negative,Bentuk,No,Hobi & Hiburan,No
menggunakan bahan alami tidak memicu alergi tanpa bahan pengawet aman untuk bayi,bahan alami picu alergi bahan awet aman bayi,unknown,5,Tokopedia,Positive,Bentuk,No,Ibu & Bayi,No
produk diterima dengan baikk sayangnya box banyak yang penyok kalau bisa tambahkan opsi tambah bubble wrap tidak apa2 tambah biaya agar buyer menerima box dalam keadaan sempurna,produk terima baikk sayang box penyok tambah opsi bubble wrap apa2 biaya buyer terima box sempurna,unknown,4,Tokopedia,Positive,Harga,No,Elektronik,No
parah pesan warna hitam atau biru dikirim kuning semua buta warna apa seller nya udah gt lama banget diproses nya,parah pesan warna hitam biru kirim kuning buta warna seller gt proses,unknown,1,Tokopedia,Negative,Bentuk,Yes,Otomotif,No
bahannya enak bagus dan nyaman,bahan bagus nyaman,unknown,4,Tokopedia,Positive,Bentuk,No,Ibu & Bayi,No
barang kurang pcs yg dtg dan kualitasnya jelek sekali dari bahannya potongan yg g rapi dan ketelabalan yg g sesuai mm di deskripsinya ternyata g sampai setebal itu,barang pcs dtg kualitas jelek bahan potong rapi tabal sesuai mm deskripsi setebal,unknown,1,Tokopedia,Negative,Bentuk,Yes,Perabotan,No
kualitas produk bgs sebenarnya tapi sayangnya isi pensil alisnya patah2 ajukan komplain n seller mau tukarkan tapi kan repot pembeli hrs krm balik lagi barangnya yg ga seberapa kalo dituker n dtg brg rusak lg kan apes bikin kerjaan namanya saran aja klo bs gnti lsg ke pembeli tanpa hrs retur2 krn nama brand ini lumayan baik n marketnya bsr kalo ga bs gnti stdknya kompensasi potongan hrga klo pembeli hrs krm balik lagi pensil alis rusak yg hrganya 10rban lebih keknya mending ikhlaskan aja kebetulan dpet brg cacat,kualitas produk bagus sayang isi pensil alis patah2 aju komplain seller tukar repot beli hrs krm barang dituker dtg brg rusak lg apes bikin kerja nama saran bs gnti lsg beli hrs retur2 nama brand lumayan marketnya bsr bs gnti stdknya kompensasi potong hrga beli hrs krm pensil alis rusak hrganya 10rban kek mending ikhlas dpet brg cacat,unknown,2,Tokopedia,Negative,Bentuk,Yes,Kesehatan & Kecantikan,No
packaging aman barang berfungsi dengan baik,packaging aman barang fungsi,unknown,5,Tokopedia,Positive,Bentuk,No,Hobi & Hiburan,No
order yg k2 ko sy sangat kecewa bungkus sudah pecah kopi berhamburan k mna gak tau ini kesalahan dr selese seler atau kurir,order k2 ko kecewa bungkus pecah kopi hambur mna tau salah selese seler kurir,unknown,1,Tokopedia,Negative,Lainnya,Yes,F&B,No
ternyata tidak full leather cukup kecewa karena tidak full leather seller tidak kasih info berapa bagian pakai kanvas berapa pakai kulit,full leather kecewa full leather seller kasih info pakai kanvas pakai kulit,unknown,3,Tokopedia,Neutral,Bentuk,No,Fashion,No
berfungsi seluruh fiturnya dan juga tombolnya jamnya bisa diatur dengan mudah dan designya minimalis yang sangat bagus,fungsi fiturnya tombol jam atur mudah designya minimal bagus,unknown,5,Tokopedia,Positive,Bentuk,No,Perabotan,No
seller komunikatif produk bahannya bagus warnanya jg keren pengiriman tepat waktu instalasi mudah packaging sangat aman box dan dikasih buble wrap thanks jg bonusnya,seller komunikatif produk bahan bagus warna keren kirim waktu instalasi mudah packaging aman box kasih buble wrap thanks bonus,unknown,5,Tokopedia,Positive,Bentuk,No,Perawatan Hewan,No
kelengkapan sesuai harganya bersaing harus dimodif casingnya biar bisa masuk ke ps2 seri,lengkap sesuai harga saing dimodif casingnya biar ps2 seri,unknown,5,Tokopedia,Positive,Harga,No,Elektronik,No
lidah kerudung kelebaran,lidah kerudung lebar,unknown,2,Tokopedia,Negative,Lainnya,No,Fashion,No
cepat sekali pengirimannya sudah di coba produk sesuai deskripsi praktis dibawa kemana2 skrg sudh gk lagi layar hp yg kotor dan brminyak,cepat kirim coba produk sesuai deskripsi praktis bawa kemana2 skrg sudh layar hp kotor brminyak,unknown,5,Tokopedia,Positive,Bentuk,No,Elektronik,No
tidak ada mc 8gb seperti deskripsi iklan di paket yg saya terima hanya ada r4 sama charger plus adapter micro sd tulisan happy box mau komplen terlanjur klik terima barang dan komplen pun akan percuma karena mc barang kecil ujungnya saya yang disangka pura2 ga terima,mc 8gb deskripsi iklan paket terima r4 charger plus adapter micro sd tulis happy box komplen lanjur klik terima barang komplen mc barang ujung sangka pura2 terima,unknown,2,Tokopedia,Negative,Bentuk,No,Elektronik,No
kurang responsif barang sampai tidak lengkap ada tulisan refund komplain hanya disuruh bersabar ditunggu sampai hari itikad baik tidak ada juga pengembalian dana nya,responsif barang lengkap tulis refund komplain suruh sabar tunggu itikad kembali dana,unknown,1,Tokopedia,Negative,Lainnya,Yes,Perabotan,No
kesan pertama gak baik parkiran gojek menjadi tanggung jawab pembeli kapok ah beli ditoko ini lagi semoga lancar aja bos,kesan parkir gojek tanggung beli kapok ah beli toko moga lancar bos,unknown,1,Tokopedia,Negative,Lainnya,No,Kerajinan & Pesta,No
fast response pengiriman cepat packing aman dan rapi buku ori harga bersaing,fast response kirim cepat packing aman rapi buku original harga saing,unknown,5,Tokopedia,Positive,Bentuk,No,Hobi & Hiburan,No
bocor payahlah ga di periksa dulu,bocor payah periksa,unknown,1,Tokopedia,Negative,Lainnya,No,Hobi & Hiburan,No
barang sampai dengan selamat mic berfungsi tapi emang kualitasnya tidak sampai bisa meredam suara di sekitar,barang selamat mic fungsi kualitas redam suara,unknown,3,Tokopedia,Neutral,Bentuk,No,Elektronik,No
saya belum terima barang sampai tgl pdhl diperkirakan sampai tanggal status pengiriman sudah sampai di pembeli padahal belum minta update hari jawaban sama aja saya minta uang saya kembali aja,terima barang tgl pdhl tanggal status kirim beli update uang,unknown,1,Tokopedia,Negative,Bentuk,No,Kesehatan & Kecantikan,No
suka banget wangi bgt teksturnya juga bagus bangeetpacking rapi,suka wangi tekstur bagus bangeetpacking rapi,unknown,5,Tokopedia,Positive,Rasa,No,Hobi & Hiburan,No
as always gapernah gagal belanja sini thanks ggs,as always gapernah gagal belanja thanks ggs,unknown,5,Tokopedia,Positive,Lainnya,No,Elektronik,No
keripik tempe pecah2 packingnya kopong edit rasanya juga asin banget beh ga recommended yah mecin banyak orang juga tau bisa dikomplain bahkan ga pake asuransi pun bisa komplain cuma worth ga sama waktu yg dihabiskan buat komplain penjual yg ga bisa terima kritik ga layak dapat bintang maap yah perbaikin lg packingnya ekspedisi manapun kalo packing keripik pake plastik setengah kosong ga padat ya ancur koclak2 dalam dus mau pake buble juga mubazir,keripik tempe pecah2 packingnya kopong edit asin beh recommended yah mecin tau komplain pake asuransi komplain worth waktu habis komplain jual terima kritik layak bintang maap yah perbaikin lg packingnya ekspedisi mana packing keripik pake plastik kosong padat ancur koclak2 dus pake buble mubazir,unknown,1,Tokopedia,Negative,Rasa,Yes,F&B,No
baru pake bulan sensornya udah jelek suka kemana2,pake sensor jelek suka kemana2,unknown,1,Tokopedia,Negative,Bentuk,No,Elektronik,Yes
nggak recomended saya sdh tes wtnya katany jarak 1km ini meter saja sdh gangguan,recomended tes wtnya katany jarak 1km meter ganggu,unknown,1,Tokopedia,Negative,Lainnya,No,Elektronik,No
beli sabtu proses senin kirim selasa rabu sampai padahal ada beli minggu kirim minggu nyampe senin gak lagi lagi beli disin,beli sabtu proses senin kirim selasa rabu beli minggu kirim minggu senin beli sin,unknown,2,Tokopedia,Negative,Lainnya,No,Ibu & Bayi,No
packing nya jelek casing nya penyok kualitas jg kurang bbrp tidak pas ditempat nya,packing jelek casing penyok kualitas bbrp pas tempat,unknown,2,Tokopedia,Negative,Bentuk,No,Perabotan,No
mantap kipasnya kenceng barangnya berkualitas sesuai sama harga,mantap kipas kenceng barang kualitas sesuai harga,unknown,5,Tokopedia,Positive,Bentuk,No,Elektronik,No
overall memuaskan layar bagus walau menurut saya ipsnya ga sebagus ips tv warna sudah bagus ga oversaturated brightness sangat terang buat di pakai dalam gelap tetap silau biar brightness udah layar bisa di putar cm di kaki saja gampang kedorong refresh rate terbukti cepat buat fps sudah mantab kalau asa softwarenya mungkin lebih bagus lagi jd setting ga perlu lewat tombol di belakang dpt kabel display port desain keren hampir bezelless nice,overall muas layar bagus ipsnya bagus ips tv warna bagus oversaturated brightness terang pakai gelap silau biar brightness layar putar cm kaki gampang dorong refresh rate bukti cepat fps mantab asa softwarenya bagus jd setting tombol kabel display port desain keren bezelless nice,unknown,5,Tokopedia,Positive,Bentuk,No,Elektronik,No
untuk jepit ke mejanya loss ga bisa ngunci sudah di coba dengan seal tape tapi terlalu longgar sehingga tidak bisa nge lock untuk boom arm nya bagus sayang jadi bingung pakenya karna ga bisa ngelock,jepit meja loss ngunci coba seal tape longgar nge lock boom arm bagus sayang bingung pakenya karna ngelock,unknown,2,Tokopedia,Negative,Bentuk,No,Hobi & Hiburan,Yes
packaging baik barang utuh dan sudah dikirim ke anggoto keluarga isoman semoga membantu pemulihan sering promo ya real food sukses selalu,packaging barang utuh kirim anggoto keluarga isoman moga bantu pulih promo real food sukses,unknown,5,Tokopedia,Positive,Harga,No,F&B,No
suaranya gk bs bersih ada noise hasilnya lebih bagus ngerekam pakai headset iphone drpd pakai ini,suara bs bersih noise hasil bagus ngerekam pakai headset iphone drpd pakai,unknown,1,Tokopedia,Negative,Bentuk,No,Elektronik,Yes
alhamdulillah barang sesuai pesanan suaranya jelas ukurannya pas bisa dipanjangkan kabel tidak mudah putus menggunakan kabel yg lebar,alhamdulillah barang sesuai pesan suara ukur pas panjang kabel mudah putus kabel lebar,unknown,5,Tokopedia,Positive,Bentuk,No,Elektronik,No
barang sesuai dengan deskripsi dan berfungsi dengan baik paketnya dikirim dengan rapi terima kasih,barang sesuai deskripsi fungsi paket kirim rapi terima kasih,unknown,5,Tokopedia,Positive,Bentuk,No,Kesehatan & Kecantikan,No
sukaaa bangett kakanya ramahh bgt dan responsif jugaaaa thank uuu,sukaaa bangett kakanya ramahh responsif jugaaaa thank uuu,unknown,5,Tokopedia,Positive,Lainnya,No,Hobi & Hiburan,No
kualitas produk bagus,kualitas produk bagus,unknown,4,Tokopedia,Positive,Bentuk,No,F&B,No
ahh selalu memuaskan belanja disini,ahh muas belanja,unknown,5,Tokopedia,Positive,Lainnya,No,Lainnya,No
barang cepat sampe penjual fast respond cuma dpt produk yg covernya agak lecek,barang cepat jual fast respond produk covernya lecek,unknown,4,Tokopedia,Positive,Bentuk,No,Hobi & Hiburan,No
beli kotak isi total buah pie terdapat buah pie yang sudah jamuran padahal paket langsung dibuka sesaat setelah diantar kurir dan expire date juga masih bulan lebih coba cek ulasan banyak pembeli juga mengalami kendala pie berjamur jelek sekali kontrol kualitas pie susu ini kasian reputasi toko ini ikutan rusak gara gara produk yang tidak dijaga reputasinya oleh pemilik produk maaf ya kaka penjual ini ulasan jujur mungkin bisa disampaikan kepada produsen produk agar memperbaiki kontrol kualitas produknya,beli kotak isi total buah pie buah pie jamur paket buka antar kurir expire date coba cek ulas beli alami kendala pie jamur jelek kontrol kualitas pie susu kasi reputasi toko ikut rusak gara gara produk jaga reputasi milik produk maaf kaka jual ulas jujur produsen produk baik kontrol kualitas produk,unknown,1,Tokopedia,Negative,Bentuk,Yes,F&B,No
pengiriman cepat packing rapi dan aman kardus packing tebal plus bubble wrap barang sudah dicoba dan semua berfungsi dengan baik thank you so much seller,kirim cepat packing rapi aman kardus packing tebal plus bubble wrap barang coba fungsi thank you so much seller,unknown,5,Tokopedia,Positive,Bentuk,No,Perabotan,No
nyaman di kulit kulit jadi glowing penjualnya ramah banget packaging simpel packaging aman,nyaman kulit kulit glowing jual ramah packaging simpel packaging aman,unknown,5,Tokopedia,Positive,Bentuk,No,Kesehatan & Kecantikan,No
harga murah deh packing aman banget dilapisi bubble wrap yang sangat tebal juga dus yang tebal,harga murah packing aman lapis bubble wrap tebal dus tebal,unknown,5,Tokopedia,Positive,Harga,No,Perawatan Hewan,No
ada garansi resmi barangnya original baterai awet fitur mudah digunakan penjualnya ramah banget,garansi resmi barang original baterai awet fitur mudah jual ramah,unknown,5,Tokopedia,Positive,Bentuk,No,Elektronik,No
terbukti menumbuhkan rambut beli yg ke kalinya ini,bukti tumbuh rambut beli kali,unknown,5,Tokopedia,Positive,Lainnya,No,Kesehatan & Kecantikan,No
saya beli mohon maaf sebelumnya sudah saya minta tolong untuk mencoba tes fisik dulu sebelum kirim tdk tahu d coba atau belum tp sepertinya tdk d coba alhasil ada yang cacat ujung2nya pembeli harus return itu hal yang merepotkan pembeli maaf saya beri 2b,beli maaf tolong coba tes fisik kirim coba coba alhasil cacat ujung2nya beli return repot beli maaf 2b,unknown,2,Tokopedia,Negative,Bentuk,Yes,Elektronik,No
sudah x belanja tp yg ini sanngat kecewa sekali,belanja sanngat kecewa,unknown,1,Tokopedia,Negative,Lainnya,Yes,Perabotan,No
pesan lain warna dikirim warna yg sama kecewa seh tp ya sdhlah,pesan warna kirim warna kecewa seh sdhlah,unknown,1,Tokopedia,Negative,Bentuk,Yes,Fashion,Yes
kemasan bubble wrap rapih tapi kardusnya sedikit penyok tapi arm bracket nya baik saja langsung dipasang tripodnya kokoh produk sesuai,kemas bubble wrap rapih kardus penyok arm bracket pasang tripod kokoh produk sesuai,unknown,5,Tokopedia,Positive,Bentuk,No,Elektronik,No
pelayanan terbaik dan barang original,layan baik barang original,unknown,5,Tokopedia,Positive,Bentuk,No,Hobi & Hiburan,No
dikasi bonus gratisan hair mask serie expert tapi uda expire barangnya pas dipake bikin kepala ketombean kl ga niat ngasih gratisan mending ga usah sih drpd bikin rusak rambut orang,kasi bonus gratis hair mask serie expert uda expire barang pas dipake bikin kepala ketombe kl niat ngasih gratis mending drpd bikin rusak rambut,unknown,1,Tokopedia,Negative,Harga,Yes,Kesehatan & Kecantikan,No
barang yang dikirim kotor dan bekas double tape sudah terbuka dan ada rambut deskripsi padahal baru bukan bekas,barang kirim kotor bekas double tape buka rambut deskripsi bekas,unknown,1,Tokopedia,Negative,Bentuk,No,Elektronik,No
produk sesuai material produk bagus cocok untuk di jadikan tmpt penyimpanan masker jadi lbh rapi dan enak di lihat gampang untuk mengambil masker,produk sesuai material produk bagus cocok jadi tmpt simpan masker lbh rapi gampang ambil masker,unknown,5,Tokopedia,Positive,Bentuk,No,Perabotan,No
masak barangnya yang di kirim rusak gak bisa di gunakan dan orangnya gak ngerespon chat saya dan saya minta ganti gak mau yaudah deh biar tuhan yang iklaskan,masak barang kirim rusak orang ngerespon chat ganti yaudah biar tuhan iklaskan,unknown,1,Tokopedia,Negative,Lainnya,Yes,Elektronik,No
warnanya agak kurang sesuai gambar tapi overall bagus,warna sesuai gambar overall bagus,unknown,4,Tokopedia,Positive,Bentuk,No,Fashion,No
layanan cs sangat mengecewakan,layan cs kecewa,unknown,1,Tokopedia,Negative,Lainnya,Yes,F&B,No
ternyata kainnya kasar bgt dan tidak menyerap keringat,kain kasar serap keringat,unknown,2,Tokopedia,Negative,Bentuk,No,Fashion,No
barang cepat panas dan rusak,barang cepat panas rusak,unknown,2,Tokopedia,Negative,Lainnya,Yes,Elektronik,No
tepat waktu harga cukup bersahabat masih dpt bonus jg,waktu harga sahabat bonus,unknown,4,Tokopedia,Positive,Harga,No,Kesehatan & Kecantikan,No
bahan tipis gak sesuai motif garis spt foto minta pink dikirim warna merah cape deh mending fotonya diganti jgn pajang foto yg gak sesuai brg ready saya pesen 2polos strip yg 14rb yg 19rb cb dicek dulu dan minta warna pink,bahan tipis sesuai motif garis spt foto pink kirim warna merah cape mending foto ganti jgn pajang foto sesuai brg ready sen 2polos strip 14rb 19rb cb cek warna pink,unknown,1,Tokopedia,Negative,Bentuk,No,Fashion,No
respon seller sangat baik catnya tidak berbau warnanya sesuai order cheese cruse pakingnya sangat baik semoga pas diaplikasikan tidak mengecewakan hasilnya gosend nya juga tepat waktu terima kasih,respon seller cat bau warna sesuai order cheese cruse paking moga pas aplikasi kecewa hasil gosend waktu terima kasih,unknown,5,Tokopedia,Positive,Bentuk,No,Perabotan,No
bungkusannya kaya dah pernah di buka asal aslan lecek smua fotonya,bungkus kaya dah buka aslan lecek smua foto,unknown,1,Tokopedia,Negative,Lainnya,No,Lainnya,No
cepatt nya ga ada ahlakkk fast respon barang besttt moga cocokkk,cepatt ahlakkk fast respon barang besttt moga cocokkk,unknown,5,Tokopedia,Positive,Lainnya,No,Kesehatan & Kecantikan,No
barang bagus sesuai harga fast respon,barang bagus sesuai harga fast respon,unknown,4,Tokopedia,Positive,Harga,No,Fashion,No
thanks atas respon nya informasi yg diberikan jelas product nya oke bgt uda 2x order kesini barang yg di kirim rapi n cpt sampe nya,thanks respon informasi product oke uda 2x order kesini barang kirim rapi cpt,unknown,5,Tokopedia,Positive,Bentuk,No,Hobi & Hiburan,No
dapet yang error nilai ppm kebaca dalam ribuan kualitasnya jeles banget gak dicek dulu sebelum dikirim kecewa dan gak akan beli lagi disini,error nilai ppm baca ribu kualitas jeles cek kirim kecewa beli,unknown,1,Tokopedia,Negative,Bentuk,Yes,Perabotan,No
memory sdh sy pasang ada keping gb ddr3 semua berfungsi dg baik pengiriman lumayan cepat recommended seller,memory pasang keping gb ddr3 fungsi dg kirim lumayan cepat recommended seller,unknown,5,Tokopedia,Positive,Bentuk,No,Elektronik,No
drone sulit dikendalikan take off selalu miring wlpun ud kalibrasi sesuai kertas petunjuk menu app android bhs inggris tapi pesan errornya bahasa mandarin gak bisa baca,drone sulit kendali take off miring wlpun ud kalibrasi sesuai kertas tunjuk menu app android bhs inggris pesan errornya bahasa mandarin baca,unknown,3,Tokopedia,Neutral,Bentuk,No,Elektronik,No
belanja berturut turut 2hr seller tidak ramah trakhir kali blanja di sini not recomment,belanja 2hr seller ramah trakhir blanja not recomment,unknown,1,Tokopedia,Negative,Lainnya,No,Kesehatan & Kecantikan,No
packing hanya buble wrap lain kali tambahkan kardus komunikasikan pengiriman dengan jelas biar tidak repot masa dikirim terpisah case nya mana ngga instan dan ngga bisa dicancel,packing buble wrap tambah kardus komunikasi kirim biar repot kirim pisah case instan dicancel,unknown,2,Tokopedia,Negative,Bentuk,No,Elektronik,No
seller ramah responsif order bayar langsung dikirim pengiriman hari sampai kain bagus green screen berfungsi sangat baik terima kasih,seller ramah responsif order bayar kirim kirim kain bagus green screen fungsi terima kasih,unknown,5,Tokopedia,Positive,Bentuk,No,Elektronik,No
baik cepat pengiriman,cepat kirim,unknown,5,Tokopedia,Positive,Lainnya,No,Kesehatan & Kecantikan,No
awalnya saya tanya warna semua ready setelah bayar jam kemudian baru dibilang beberapa warna habis jgn kayak gitulah jadinya sy harus cari lagi warnanya,warna ready bayar jam bilang warna habis jgn gitulah cari warna,unknown,1,Tokopedia,Negative,Harga,No,Kerajinan & Pesta,No
barang ga mulus banyak bekas tekukan seperti beli sampah aja,barang mulus bekas tekuk beli sampah,unknown,1,Tokopedia,Negative,Lainnya,No,Kerajinan & Pesta,No
nyaman digunakan membantu mengecilkan perut setelah melahirkan,nyaman bantu kecil perut lahir,unknown,5,Tokopedia,Positive,Bentuk,No,Ibu & Bayi,No
barang cuma bs dipakai seminggu uap nya gk muncul lagi kecewa banget jadi gk bs diapa2in buat yg lain jgn karna murah beli ya barang cm tahan seminggu,barang bs pakai minggu uap muncul kecewa bs diapa2in jgn karna murah beli barang cm tahan minggu,unknown,1,Tokopedia,Negative,Harga,Yes,Perabotan,Yes
barang lecet tidak bisa diganti karna saat unboxing tidak di video pelajaran untuk yg mau beli disini kalo mau buka paketnya di videoin biar ga kaya saya dapet raket lecet,barang lecet ganti karna unboxing video ajar beli buka paket videoin biar kaya raket lecet,unknown,1,Tokopedia,Negative,Lainnya,No,Hobi & Hiburan,No
sudah order yg kedua disini packingnya rapi untuk lilin sama tulisan ulang tahun yang rentan patah dimasukkan ke dalam kardus pengirimannya juga cepat semua barang yg dipesan lengkap dan kualitas bagus semua balon2 ga ada yg bocor lilin dan tulisan ultah nya juga ga ada yg patah anak bungsu saya senaaaaang sekali terima kasih banyak ya,order packingnya rapi lilin tulis ulang tahun rentan patah masuk kardus kirim cepat barang pes lengkap kualitas bagus balon2 bocor lilin tulis ultah patah anak bungsu senaaaaang terima kasih,unknown,5,Tokopedia,Positive,Bentuk,No,Kerajinan & Pesta,No
ada parts yg kurang sdh dicomplain jelaskan di chat tp respon nya kurang coperative,parts dicomplain chat respon coperative,unknown,1,Tokopedia,Negative,Lainnya,No,Hobi & Hiburan,No
pesanan sdh mendarat kualitas barang bagus pengiriman cepat,pesan darat kualitas barang bagus kirim cepat,unknown,5,Tokopedia,Positive,Bentuk,No,Kerajinan & Pesta,No
tolong di perhatikan bagian karet nya ini kebalik karetnya ga sm lurus jahit nya malah dkirimin brg reject,tolong perhati karet balik karet sm lurus jahit dkirimin brg reject,unknown,2,Tokopedia,Negative,Bentuk,No,Fashion,No
sangat kecewa baru bulan scroll sudah rusak,kecewa scroll rusak,unknown,1,Tokopedia,Negative,Lainnya,Yes,Elektronik,No
amat sangat disayangkan pelayanannya sangat buruk barang sdh seminggu lbh masih statusnya menunggu kurir pick up pembungkusnya jg sangat tdk layak pembalut wanita dibungkus dengan plastik transparan saja tanpa box sangat mengecewakan,sayang layan buruk barang minggu lbh status tunggu kurir pick up bungkus layak balut wanita bungkus plastik transparan box kecewa,unknown,1,Tokopedia,Negative,Bentuk,Yes,Kesehatan & Kecantikan,No
besi disalah satu sisi gak bisa diatur panjang pendeknya karena sudah dol jadi alat gak bisa digunakan mengecewakan sekali,besi salah sisi atur pendek dol alat kecewa,unknown,1,Tokopedia,Negative,Bentuk,Yes,Hobi & Hiburan,No
fast response produk juga dikirim balik oke banget,fast response produk kirim oke,unknown,5,Tokopedia,Positive,Lainnya,No,Lainnya,No
barangnya jelek banget ada lubang yg posisinya gak presisi malah jd gk bisa dimasukin bautnya aneh padahal,barang jelek lubang posisi presisi jd dimasukin baut aneh,unknown,1,Tokopedia,Negative,Rasa,No,Perabotan,No
klik klaim hadiah rupiah dari tokopedia tapi malah tidak di kirim sampai satu minggu padahal stok masih ada sangat jelas masih tersedia di bar ijo dicek sedang dikirim dan ada nomor resi tapi tidak valid entah yang salah di seller atau ekspedisi mengecewakan pelanggan baru yang baru gabung di tokopedia semoga kedepannya tidak terjadi lagi,klik klaim hadiah rupiah tokopedia kirim minggu stok sedia bar ijo cek kirim nomor resi valid salah seller ekspedisi kecewa langgan gabung tokopedia moga depan,unknown,1,Tokopedia,Negative,Harga,Yes,Fashion,No
kualitas buruk sekali isi juga tidak penuh sudah lapis 4x juga tetap saja tidak merata hasilnya kami jadi rugi bayar ongkos tukang lebih baik beli cat merk lain saja deh harga memang tidak pernah bohong,kualitas buruk isi penuh lapis 4x rata hasil rugi bayar ongkos tukang beli cat merk harga bohong,unknown,1,Tokopedia,Negative,Harga,Yes,Perabotan,No
proses dan respon nya lama,proses respon,unknown,1,Tokopedia,Negative,Lainnya,No,F&B,No
barangnya lumayan bagus hanya saja kurang bass nya,barang lumayan bagus bass,unknown,3,Tokopedia,Neutral,Bentuk,No,Elektronik,No
proses pengiriman lambat banget dan balasan chat lambat bangeeet juga minta cancel gak bisa,proses kirim lambat balas chat lambat bangeeet cancel,unknown,1,Tokopedia,Negative,Lainnya,No,Kesehatan & Kecantikan,No
barang sesuai pesanan dan pengiriman cepat terima kasih yaa,barang sesuai pesan kirim cepat terima kasih yaa,unknown,5,Tokopedia,Positive,Bentuk,No,Fashion,No
stik berfungsi normal sudah coba connect ke pc windows maupun macos bigsur semua aman plug n play di steam dan apple arcade packaging rapih seller fast response,stik fungsi normal coba connect pc windows macos bigsur aman plug play steam apple arcade packaging rapih seller fast response,unknown,5,Tokopedia,Positive,Bentuk,No,Elektronik,No
kecewa banget barang rusak di jual lain kali kalo jual barang yang jujur jgn barang rusak yang di jual ya,kecewa barang rusak jual jual barang jujur jgn barang rusak jual,unknown,1,Tokopedia,Negative,Lainnya,Yes,F&B,Yes
barang tidak ada dalam pengiriman malah di kirim timbangan,barang kirim kirim timbang,unknown,1,Tokopedia,Negative,Lainnya,No,Kerajinan & Pesta,No
sablonnya pudar dan tipis bahannya tipis but worth it for the price,sablon pudar tipis bahan tipis but worth it for the price,unknown,3,Tokopedia,Neutral,Harga,No,Fashion,No
pesanan sdh diterima dengan baik,pesan terima,unknown,4,Tokopedia,Positive,Lainnya,No,Fashion,No
kecewa banget baunya ga sama waktu nyoba punya temen terlalu banyak alkohol nyesel banget beli lagi hadeh asli nyesel banget buat pelajaran aja,kecewa bau waktu nyoba temen alkohol nyesel beli hadeh asli nyesel ajar,unknown,1,Tokopedia,Negative,Bentuk,Yes,Kesehatan & Kecantikan,Yes
pesen apa dikirim apa,sen kirim,unknown,1,Tokopedia,Negative,Lainnya,No,Kerajinan & Pesta,No
bahannya plastik jelek suaranya kecil banget lampunya jg gk terlalu terang bru jg dimainin udah patah,bahan plastik jelek suara lampu terang bru dimainin patah,unknown,1,Tokopedia,Negative,Bentuk,No,Hobi & Hiburan,No
terima kasih brang bagus harga murah cepet lagi cod lagi siip,terima kasih brang bagus harga murah cepet bayar tempat siip,unknown,5,Tokopedia,Positive,Harga,No,Fashion,No
puas banget kaos kakinya bagus,puas kaos kaki bagus,unknown,5,Tokopedia,Positive,Bentuk,No,Fashion,No
jamnya susah sinyal mau pake kartu apapun tetap lemah sinyal jelek bgttt udh d komplain gada penyelesaian yg memuaskan,jam susah sinyal pake kartu apa lemah sinyal jelek bgttt komplain gada selesai muas,unknown,1,Tokopedia,Negative,Bentuk,Yes,Fashion,Yes
gueeeercep pol nanya2 di jam jam transaksi jam barang udah sampe dari tangerang ke sudirman packing terbukti aman karena saat pengiriman terjadi hujan instant courier pas unboxing isi paket tetap kering sukses terus gan recsel,gueeeercep pol nanya2 jam jam transaksi jam barang tangerang sudirman packing bukti aman kirim hujan instant courier pas unboxing isi paket kering sukses gan recsel,unknown,5,Tokopedia,Positive,Bentuk,No,Elektronik,No
belum tahu dimana keberadaannya setelah dibuka bungkusannya ternyata tidak dikirim bersamaan dengan paket diskon yg lain saya sebaga pembeli juga salah karena langsung menyelesaikan transaksi begitu dapat kabar ada paket dari satpam tanpa memeriksanya mengecewakan sekali pelayanan deli meskipun diskon,mana ada buka bungkus kirim sama paket diskon sebaga beli salah selesai transaksi kabar paket satpam periksa kecewa layan deli diskon,unknown,1,Tokopedia,Negative,Harga,Yes,Perlengkapan Kantor,No
dudukan tatakan kompornya diterima sudah patah akhirnya harus ke tukang las benerin lg keluar duit lg,duduk tata kompor terima patah tukang las benerin lg duit lg,unknown,2,Tokopedia,Negative,Lainnya,No,F&B,No
mantap recommended seller,mantap recommended seller,unknown,5,Tokopedia,Positive,Rasa,No,F&B,No
bahannya bagus seler ramah,bahan bagus seler ramah,unknown,5,Tokopedia,Positive,Bentuk,No,Hobi & Hiburan,No
pengiriman cepet bgt dapat bonus pouch packing rapi dan sangat memuaskan lanjutkan kak pelayanan baiknya kalo bisa tingkatkan terima kasih,kirim cepet bonus pouch packing rapi muas lanjut kak layan baik tingkat terima kasih,unknown,5,Tokopedia,Positive,Bentuk,No,Kesehatan & Kecantikan,No
dikabarin yg elephant size 4l kosong minta ganti chevron yg penting bs kembaran kk adek bisa dongs gausah diraguin bahannya pasti adem,dikabarin elephant size 4l kosong ganti chevron bs kembar kk adek dongs gausah diraguin bahan adem,unknown,5,Tokopedia,Positive,Bentuk,No,Fashion,No
kualitas kurang bagus kalau di pegang masih masih terasa banget seperti stiker dan benar setelah di tes gampang terkelupas not recomended kualitas begini banyak yg lebih murah,kualitas bagus pegang stiker tes gampang kelupas not recomended kualitas murah,unknown,1,Tokopedia,Negative,Bentuk,No,Kerajinan & Pesta,No
tripodnya mantap dipakai sesuai kebutuhan ygbsederhana untuk taro hp dan kamera buat suting dan foto sederhana mumpuni banget budget fits the function keren,tripod mantap pakai sesuai butuh ygbsederhana taro hp kamera suting foto sederhana mumpuni budget fits the function keren,unknown,5,Tokopedia,Positive,Rasa,No,Elektronik,No
bagus produknya fast delivery thank you seller,bagus produk fast delivery thank you seller,unknown,5,Tokopedia,Positive,Bentuk,No,Hobi & Hiburan,No
singletnya lucu bahannya lumayan adem buat se hari2 aga tipis sampainya cepat recomended tokonya,singlet lucu bahan lumayan adem hari2 aga tipis sampai cepat recomended toko,unknown,5,Tokopedia,Positive,Bentuk,No,Fashion,No
mic nya gak respon,mic respon,unknown,1,Tokopedia,Negative,Lainnya,No,Hobi & Hiburan,No
servicenya buruk banget,servicenya buruk,unknown,1,Tokopedia,Negative,Lainnya,Yes,Kerajinan & Pesta,No
buat emulator delay parah sama deadzone di dua analog di emu ppsspp dan beberapa emu yg saya coba intinya gak rekomen buat yg main emulator,emulator delay parah deadzone analog emu ppsspp emu coba inti rekomen main emulator,unknown,1,Tokopedia,Negative,Bentuk,Yes,Elektronik,No
wangi nya kyk parfum refill mirahan,wangi parfum refill mirah,unknown,1,Tokopedia,Negative,Rasa,No,Kesehatan & Kecantikan,No
barang bagus oke cepat pengirimannya juga,barang bagus oke cepat kirim,unknown,5,Tokopedia,Positive,Bentuk,No,Elektronik,No
pengiriman express burungnya lincah banget top markotop,kirim express burung lincah top markotop,unknown,5,Tokopedia,Positive,Lainnya,No,Perawatan Hewan,No
penjual memaksa untuk tidak mau membatalkan pesanan maen kirim aja padahal saya sudah ajukan pembatalan silahkan nikmati uang haram,jual paksa batal pesan maen kirim aju batal silah nikmat uang haram,unknown,1,Tokopedia,Negative,Rasa,Yes,Fashion,No
ngirim barang gak sesuai pesanan ngeselinnn,ngirim barang sesuai pesan ngeselinnn,unknown,1,Tokopedia,Negative,Bentuk,No,Perawatan Hewan,No
barangnya ga ada,barang,unknown,1,Tokopedia,Negative,Lainnya,No,Kerajinan & Pesta,No
pesan dikasih ar colouring book nya cuma dan lg diganti ludo pengemasan paket sangat buruk hadiahnya di tekuk2,pesan kasih ar colouring book lg ganti ludo kemas paket buruk hadiah tekuk2,unknown,1,Tokopedia,Negative,Lainnya,Yes,Kesehatan & Kecantikan,No
kecewa order disini beli produk kenmaster tapi yg dikirim label yang berbeda dengan foto di etalase produk bulu tipis dan ternyata gagang tidak bisa diperpanjang pula,kecewa order beli produk kenmaster kirim label beda foto etalase produk bulu tipis gagang panjang,unknown,1,Tokopedia,Negative,Bentuk,Yes,Perabotan,Yes
nice product thanks to seller courier and tokopedia success,nice product thanks to seller courier and tokopedia success,unknown,5,Tokopedia,Positive,Lainnya,No,F&B,No
slalu ok belanja disini,slalu oke belanja,unknown,5,Tokopedia,Positive,Lainnya,No,Hobi & Hiburan,No
selalu puas mantab,puas mantab,unknown,5,Tokopedia,Positive,Lainnya,No,Lainnya,No
persediaan stok buat kakak sekolah selalu joyko pilihannya barang original terimakasih buat pelayanan yang diberikan terbaik deh,sedia stok kakak sekolah joyko pilih barang original terimakasih layan baik,unknown,5,Tokopedia,Positive,Bentuk,No,Perlengkapan Kantor,No
yaampunnn mentang rp x nih yah krna penguna baru baju sih baju tapi gimna mau dipake lobang lehernya itu kecill amed anak yg tahun pun gak bisa pakai padahal mah lumayan lah bahannya walaupun tipis,yaampunnn mentang rp yah krna penguna baju baju gimna dipake lobang leher kecill amed anak tahun pakai mah lumayan bahan tipis,unknown,3,Tokopedia,Neutral,Bentuk,No,Fashion,No
duh kok ga belajar dr pengalaman ya banyak yg complain datangnya dalam keadaan retak sy kira sudah diperbaiki pelayanannya,duh ajar alami complain datang retak baik layan,unknown,1,Tokopedia,Negative,Lainnya,No,Perabotan,No
original amazon proses pesanan cepat packaging aman packaging rapi respon penjualnya top gampang dibawa bawa enak buat baca,original amazon proses pesan cepat packaging aman packaging rapi respon jual top gampang bawa bawa baca,unknown,5,Tokopedia,Positive,Bentuk,No,Elektronik,No
puas sih recomended bukunya,puas recomended buku,unknown,4,Tokopedia,Positive,Lainnya,No,Hobi & Hiburan,No
baru pake hari dah ga bisa on pdhal sdh di charge penuh baterenya kecewa x not recommended seller barang refurbish kualitas jelek,pake dah on pdhal charge penuh baterenya kecewa not recommended seller barang refurbish kualitas jelek,unknown,1,Tokopedia,Negative,Bentuk,Yes,Elektronik,Yes
kecewa dan sangat tdk puas dgn pelayanan sejak tgl setelah order barang saat itu status masih menunggu konfirmasi jadi artinya belum diproses oleh penjual saya melakukan pembatalan karena saya ingin mengganti produk yg akan saya beli di toko yg sama saya konfirmasi penjual melalu chat sampai 3x untuk minta proses pembatalan sampai malam hari sebelum tidur status masih menunggu konfirmasi yg artinya pesanan saya belum diproses tp kemudian tgl juli pagi penjual mengubah statusnya menjadi diproses yg artinya penjual tidak berkenan melakukan pembatalan dan status diubah jadi menunggu kurir masih ditanggal pagi tapi sampai tgl barang belum dikirim dan status masih menunggu kurir status pengiriman tidak terupdate penjual menyalahkan pihak provider pengiriman barang baru dikirim setelat saya lapor ke pihak tokopedia,kecewa puas layan tgl order barang status tunggu konfirmasi proses jual batal ganti produk beli toko konfirmasi jual lalu chat 3x proses batal malam tidur status tunggu konfirmasi pesan proses tgl juli pagi jual ubah status proses jual kenan batal status ubah tunggu kurir tanggal pagi tgl barang kirim status tunggu kurir status kirim terupdate jual salah provider kirim barang kirim telat lapor tokopedia,unknown,1,Tokopedia,Negative,Bentuk,Yes,Ibu & Bayi,No
barang dibungkus pakai bubblewarp trs pecah gatau dari jasa kirimnya atau pengemasannya selain itu jasa kirimnya lama bgt asli lumayan kecewa,barang bungkus pakai bubblewarp trs pecah gatau jasa kirim emas jasa kirim asli lumayan kecewa,unknown,3,Tokopedia,Neutral,Bentuk,No,Perabotan,No
banyak baret baterai low padahal udah di ingatkan cek qc yaudahh ya jualan yg laku asal kesohor,baret baterai low ingat cek qc yaudahh jual kesohor,unknown,1,Tokopedia,Negative,Lainnya,No,Elektronik,No
pengiriman cepat barang bagus semoga awet,kirim cepat barang bagus moga awet,unknown,4,Tokopedia,Positive,Bentuk,No,F&B,No
quality barang jelek baut lepas terus,quality barang jelek baut lepas,unknown,1,Tokopedia,Negative,Bentuk,No,Elektronik,No
sudah sampai dan lengkap y gan trins,lengkap gan trins,unknown,5,Tokopedia,Positive,Lainnya,No,Otomotif,No
salah satu yang terbaik packing rapih dan kualitas makanan sangat bagus,salah baik packing rapih kualitas makan bagus,unknown,5,Tokopedia,Positive,Bentuk,No,F&B,No
batery remote stick cepet habis signal remote juga kadang ada kadang tidak ada apa ada ide agar awet dan signal stabil,batery remote stick cepet habis signal remote kadang kadang ide awet signal stabil,unknown,3,Tokopedia,Neutral,Bentuk,No,Elektronik,No
bubble tdk ada padahal saya sudah pesan bubble,bubble pesan bubble,unknown,1,Tokopedia,Negative,Lainnya,No,Lainnya,No
pengiriman cepat barang aman tidak bocor seller fast respons,kirim cepat barang aman bocor seller fast respons,unknown,5,Tokopedia,Positive,Lainnya,No,Perawatan Hewan,No
gk di makan sama skali,makan skali,unknown,1,Tokopedia,Negative,Bentuk,No,Hobi & Hiburan,No
sangat tidak puas dengan pelayanannya barang yang dikirim bukan yang saya pesan,puas layan barang kirim pesan,unknown,1,Tokopedia,Negative,Lainnya,No,Kesehatan & Kecantikan,No
udh 2x beli disini seperti biasa pelayanannya puas banget bakal jadi pelanggan setia sepertinya wkwk,2x beli layan puas langgan setia wkwk,unknown,5,Tokopedia,Positive,Bentuk,No,Elektronik,No
sering goyang katanya sih bahan nya dari aluminium ternyata plastik kecewa saya beli tripod ini,goyang bahan aluminium plastik kecewa beli tripod,unknown,1,Tokopedia,Negative,Bentuk,Yes,Elektronik,Yes
sorry cuma kasih bintang sebetulnya mau bintang tp aku tambah krn respon adminnya yg ramah sm cepat sengaja beli di official shop berharap cepat karena mau buat kado temen tp malah bikin kecewa karena salah kirim novel jadi retur makan proses jd gagal buat kado yah i know maybe human error cuma aku cm pesen satu dan salah semoga lebih teliti lagi kedepannya yamin,sorry kasih bintang bintang respon adminnya ramah sm cepat sengaja beli official shop harap cepat kado temen bikin kecewa salah kirim novel retur makan proses jd gagal kado yah know maybe human error cm sen salah moga teliti depan yamin,unknown,3,Tokopedia,Neutral,Lainnya,No,Hobi & Hiburan,No
recomended pelayanan memuaskan respon pengiriman cepat,recomended layan muas respon kirim cepat,unknown,5,Tokopedia,Positive,Lainnya,No,Kesehatan & Kecantikan,No
barang tiba dengan aman mantap deh terimakasih,barang aman mantap terimakasih,unknown,5,Tokopedia,Positive,Rasa,No,Lainnya,No
order pcs terkirim hanya pcs,order pcs kirim pcs,unknown,2,Tokopedia,Negative,Lainnya,No,Lainnya,No
mantap gan barang sudah sampai dengan aman makasih gan,mantap gan barang aman makasih gan,unknown,5,Tokopedia,Positive,Rasa,No,Hobi & Hiburan,No
kecewa belinya asli packing berantakan kardus penyok bawahnya udh kuning kuning kaya bekas di pakai kecewalah pokonya tolonglah di bagusin,kecewa beli asli packing beranta kardus penyok bawah kuning kuning kaya bekas pakai kecewa poko tolong bagusin,unknown,1,Tokopedia,Negative,Bentuk,Yes,Fashion,Yes
lama pengiriman atc di hari itu juga tpi gak di kirim2 beberpa hr dlu br di kirim,kirim atc kirim2 beberpa hr br kirim,unknown,3,Tokopedia,Neutral,Lainnya,No,Hobi & Hiburan,No
barangnya bagus pengirimannya cepat cuma kekurangan agan satu ini yaitu terlalu baik dan ramah bahkan pengiriman di hari minggupun dijalankan tuhan memberkati sehat dan sukses selalu terima kasih,barang bagus kirim cepat kurang agan ramah kirim minggu jalan tuhan kati sehat sukses terima kasih,unknown,5,Tokopedia,Positive,Bentuk,No,Elektronik,No
berfungsi dngn baik playanan toko ini sangat bagus saya saran kan belanja ditoko ini gak bikin kecewa pelanggan best of the best lah toko ini,fungsi dngn playanan toko bagus saran belanja toko bikin kecewa langgan best of the best toko,unknown,5,Tokopedia,Positive,Bentuk,No,Elektronik,No
bahan nya panas dan kegedean banget gak sesuai dengan berat negativean yg d estimasikan,bahan panas gede sesuai berat negativean estimasi,unknown,2,Tokopedia,Negative,Bentuk,No,Fashion,No
sangat kecewa beli pcs dan kemasan semuanya bolong sperti d gigit tikus,kecewa beli pcs kemas bolong sperti gigit tikus,unknown,1,Tokopedia,Negative,Bentuk,Yes,Perawatan Hewan,No
selalu the best bgt deh anabul ngga usah di train aja langsung tau,the best anabul train tau,unknown,5,Tokopedia,Positive,Lainnya,No,Perawatan Hewan,No
barang sudah sampai dg selamat packaging rapi hari dari proses pemesanan sampai tiba di malang terima kasih,barang dg selamat packaging rapi proses mesan malang terima kasih,unknown,5,Tokopedia,Positive,Bentuk,No,Kerajinan & Pesta,No
seller helpful banget barang sudah diterima dengan baik dan sudah di tes,seller helpful barang terima tes,unknown,5,Tokopedia,Positive,Lainnya,No,Lainnya,No
barang ternyata palsu,barang palsu,unknown,1,Tokopedia,Negative,Bentuk,Yes,Elektronik,No
selalu langganan disini ngmpulin recehan menjadi emas,langgan ngmpulin receh emas,unknown,5,Tokopedia,Positive,Lainnya,No,Lainnya,No
barang sesuai deskripsi produk original warna awet packaging bagus,barang sesuai deskripsi produk original warna awet packaging bagus,unknown,5,Tokopedia,Positive,Bentuk,No,Perabotan,No
sangat istimewa sekali,istimewa,unknown,5,Tokopedia,Positive,Lainnya,No,Lainnya,No
terbaiklah ini alat harga 51rb bisa dipakai berkali2 baru datang langsung tes dan waow mantab kali ini alat kecil cabe rawit aki cba cas 1jam aja langsung bisa stater motor tua saya saya suka alat murah tp fungsinya good dah,baik alat harga 51rb pakai berkali2 tes waow mantab alat cabe rawit aki cba cas 1jam stater motor tua suka alat murah fungsi good dah,unknown,5,Tokopedia,Positive,Harga,No,Perabotan,No
negative bgt botol nya jadi gak praktis tumpah2 gitu kaya bocor liat review emang masalahnya di botol ehh ternyata bener paraaaah sih menurut aku botolnya oil nya lumayan lah,negative botol praktis tumpah2 gitu kaya bocor liat review botol ehh bener paraaaah botol oil lumayan,unknown,2,Tokopedia,Negative,Bentuk,No,Ibu & Bayi,No
produk sesuai deskripsi pemasangan mudah kualitas gambar bagus pakai aplikasi v380 pro,produk sesuai deskripsi pasang mudah kualitas gambar bagus pakai aplikasi v380 pro,unknown,5,Tokopedia,Positive,Bentuk,No,Elektronik,No
barang bagus dan berkwalitas mantapsss sesuai deskripsi cepat sampai,barang bagus berkwalitas mantapsss sesuai deskripsi cepat,unknown,5,Tokopedia,Positive,Bentuk,No,Perlengkapan Kantor,No
harga tdk mahal kualitas baik,harga mahal kualitas,unknown,5,Tokopedia,Positive,Harga,No,F&B,No
seller lumayan responsif kualitas brg sesuai harga so so lah dicek di browser ps2 nya kebaca mb tp kalo udah dipake save di game cuman kebaca mb ga semua game bisa ngebaca mc nya sayangnya game game yg top yg ga mau ngebaca mc nya kaya god of war,seller lumayan responsif kualitas brg sesuai harga so so cek browser ps2 baca mb dipake save game cuman baca mb game ngebaca mc sayang game game top ngebaca mc kaya god of war,unknown,3,Tokopedia,Neutral,Harga,No,Elektronik,No
barang tidak sampai tdk ada solusi,barang solusi,unknown,1,Tokopedia,Negative,Lainnya,Yes,Perlengkapan Kantor,No
pengiriman lama udh gt gaktau deh bener atau gak admin nya wa aku blgnya warna jilbab yg ku pesan hbs trs ak udh pilih warna lain tp ujungnya yg dtg ttp aja warna yg kupilih awal knp bgtu ya kalo ada stocknya knp hrs berbelit smakin lama pengirimannya statusnya gagal trs lama bgt biasanya dari bandung gak selama ini ini krn adminnya japri di wa berbelit belit barang diskon ya gak gini juga lah hrs sama pelayanan nya jgn bikin kecewa,kirim gt gaktau bener admin wa blgnya warna jilbab ku pesan hbs trs pilih warna ujung dtg ttp warna pilih knp bgtu stocknya knp hrs belit smakin kirim status gagal trs bandung adminnya japri wa belit belit barang diskon gin hrs layan jgn bikin kecewa,unknown,1,Tokopedia,Negative,Bentuk,Yes,Fashion,Yes
ga sesuai expetasi lebih mirip singlet drpd tanktop beli putih hitam yg dikirim hitam semua pdhal sblm order sdh tanya saat cekout jg yg dipilih hitam putih packing rapi pengiriman agak lama penjual responsif,sesuai expetasi singlet drpd tanktop beli putih hitam kirim hitam pdhal sblm order cekout pilih hitam putih packing rapi kirim jual responsif,unknown,3,Tokopedia,Neutral,Bentuk,No,Fashion,No
bintang karena proses nya yg lambat bukan karena barang nya pesan kamis pake pengiriman hari barang datang minggu siang bukan kesalahan kurir status on proses nya dr kamis sampai ke sabtu malam baru samapi d kurir tanpa info apapun dr seller saya sudah baca kebijakan terlambat covid toleransi hari tp ini dr kamis sampai ke minggu brp hari ya,bintang proses lambat barang pesan kamis pake kirim barang minggu siang salah kurir status on proses kamis sabtu malam samapi kurir info apa seller baca bijak lambat covid toleransi kamis minggu brp,unknown,1,Tokopedia,Negative,Bentuk,No,Hobi & Hiburan,No
mantep pake segel asli,mantep pake segel asli,unknown,5,Tokopedia,Positive,Bentuk,No,Kesehatan & Kecantikan,No
penipuan barang yg dikirim hvs f4 saya baru sadar setelah pesanan selesai jadi tidak bisa ajukan komplain hati hati dengan penjual ini teman teman yg mau pesan lebih baik di toko lain saja thx,tipu barang kirim hvs f4 sadar pesan selesai aju komplain hati hati jual teman teman pesan toko thx,unknown,1,Tokopedia,Negative,Lainnya,Yes,Perlengkapan Kantor,No
penjual bisa menjaga kualitas barang dan pengirimannya yang cepat ini kali kedua pesen disini terimakasih ya,jual jaga kualitas barang kirim cepat sen terimakasih,unknown,5,Tokopedia,Positive,Bentuk,No,Elektronik,No
barang tidak dikirimkan,barang kirim,unknown,1,Tokopedia,Negative,Lainnya,No,Kerajinan & Pesta,No
bahannya jelek baru pake sehari sdh rusak,bahan jelek pake hari rusak,unknown,1,Tokopedia,Negative,Bentuk,Yes,Hobi & Hiburan,No
barang sesuai gambar sipp,barang sesuai gambar sipp,unknown,5,Tokopedia,Positive,Bentuk,No,Hobi & Hiburan,No
sangat kecewa dengan pelayanan nya,kecewa layan,unknown,1,Tokopedia,Negative,Lainnya,Yes,Ibu & Bayi,No
buku yang sampai warna kertas agak kuning kaya kertas buram,buku warna kertas kuning kaya kertas buram,unknown,3,Tokopedia,Neutral,Bentuk,No,Hobi & Hiburan,No
secara keseluruhan sudah bagus namun bagian dalam kadang suka copot copot,bagus kadang suka copot copot,unknown,4,Tokopedia,Positive,Bentuk,No,Fashion,No
barang nya lama dikirimnya,barang kirim,unknown,1,Tokopedia,Negative,Lainnya,No,Lainnya,No
satu dr humidifier diffuser yg sy beli saat saya mulai pasang hari ini di kantor setelah bbrp saat mengeluarkan bunyi yg luarbiasa brisik waduh sy shock dan kecewa bngt while produk lainnya type sama works well butuh kebesaran hati penjual utk menukar item yg tdk sesuai spec ini,humidifier diffuser beli pasang kantor bbrp keluar bunyi luarbiasa brisik shock kecewa bngt while produk type works well butuh besar hati jual tukar item sesuai spec,unknown,1,Tokopedia,Negative,Bentuk,Yes,Perabotan,Yes
jelek banget barang orderan ga sampai tapi di keterangan nya sdh keterima jgn order disini order barang ga sampe2,jelek barang order terang terima jgn order order barang sampe2,unknown,1,Tokopedia,Negative,Bentuk,No,F&B,No
kecewa beli tempat masker pcs yg dtg cuma karna ga ada video unboxing hanya foto saja jd ga bisa diklaim lumayan ambil untung lebih dr yg ga bikin video unboxing ya ka harusnya teliti sebelum mengirim,kecewa beli masker pcs dtg karna video unboxing foto jd klaim lumayan ambil untung bikin video unboxing ka teliti kirim,unknown,1,Tokopedia,Negative,Lainnya,Yes,Perabotan,Yes
pesan lampu bubble wrap tp bubble wrapnya dijadikan untuk pelanggan lain mungkin pesan bubble wrapnya saja,pesan lampu bubble wrap bubble wrapnya jadi langgan pesan bubble wrapnya,unknown,1,Tokopedia,Negative,Lainnya,No,Perabotan,No
sedikit kecewa karena packingan kardus berbyr ternyata benar hanya kardus tdk ada tambahan pelindung apapun shg pesanan sy penyok juga gmana klo tdk pki kardus berbyr mgkn pesanan sy tdk terbks sama sekali rusak total,kecewa packingan kardus berbyr kardus tambah lindung apa shg pesan penyok gmana pki kardus berbyr mgkn pesan terbks rusak total,unknown,2,Tokopedia,Negative,Bentuk,Yes,Kerajinan & Pesta,Yes
ukurannya sesuai bahannya adem produk sesuai dengan foto warnanya cantik,ukur sesuai bahan adem produk sesuai foto warna cantik,unknown,4,Tokopedia,Positive,Bentuk,No,Fashion,No
udah banyak kali restock dan selalu kembali ke dr soap aja pdhl diluar sana banyak juga handsanitizer yg lain tapi yg trpercaya hanya dr soap deh,restock soap pdhl luar handsanitizer trpercaya soap,unknown,5,Tokopedia,Positive,Lainnya,No,Kesehatan & Kecantikan,No
pengirimannya sangat cepat baru pesan kemarin langsung datang esok harinya barangnya bagus semoga kualitasnya juga bisa awet,kirim cepat pesan kemarin esok hari barang bagus moga kualitas awet,unknown,4,Tokopedia,Positive,Bentuk,No,F&B,No
fast respond packingnya bagus rapih barang yg dikirim sesuai pesanan terima kasih,fast respond packingnya bagus rapih barang kirim sesuai pesan terima kasih,unknown,5,Tokopedia,Positive,Bentuk,No,Hobi & Hiburan,No
sesuai deskripsi pesanan bahan lembut nyaman dipakai sesuai harga,sesuai deskripsi pesan bahan lembut nyaman pakai sesuai harga,unknown,5,Tokopedia,Positive,Bentuk,No,Fashion,No
barang sesuai cepat sampai,barang sesuai cepat,unknown,5,Tokopedia,Positive,Bentuk,No,Lainnya,No
barang chat no resp,barang chat no resp,unknown,3,Tokopedia,Neutral,Lainnya,No,Fashion,No
service pengiriman cepat,service kirim cepat,unknown,4,Tokopedia,Positive,Lainnya,No,Hobi & Hiburan,No
seller responsive recomended,seller responsive recomended,unknown,5,Tokopedia,Positive,Lainnya,No,Hobi & Hiburan,No
bahannya sedikit kaku tapi gpp tebal,bahan kaku gpp tebal,unknown,4,Tokopedia,Positive,Bentuk,No,Fashion,No
ada wrna yg salah jdi kecewa deh,wrna salah jdi kecewa,unknown,1,Tokopedia,Negative,Lainnya,Yes,Fashion,Yes
barang cepat sampai tp ad sedikit keteken kardus hpnya semoga gk kenapa hpnya,barang cepat ad teken kardus hpnya moga hpnya,unknown,4,Tokopedia,Positive,Lainnya,No,Elektronik,No
barang yg dikirim gak sesuai promosi mengecewakan sekali,barang kirim sesuai promosi kecewa,unknown,1,Tokopedia,Negative,Harga,Yes,Kesehatan & Kecantikan,No
masker nyaman dipakainya tidak sesak bagus,masker nyaman pakai sesak bagus,unknown,5,Tokopedia,Positive,Bentuk,No,Fashion,No
gak bisa dipake bunyi kemeresek,dipake bunyi resek,unknown,2,Tokopedia,Negative,Lainnya,No,Hobi & Hiburan,No
pengemasan rapi dan aman hny pengiriman yg agak lewat krn sdh kemalaman jd tunggu berikutnya baru sampai tks,kemas rapi aman hny kirim malam jd tunggu tks,unknown,5,Tokopedia,Positive,Bentuk,No,Kesehatan & Kecantikan,No
suka banget makasih kak,suka makasih kak,unknown,5,Tokopedia,Positive,Lainnya,No,Fashion,No
pengiriman tiba sesuai jadwal barang sudah saya coba dan berfungsi dengan baik smoga awet ya,kirim sesuai jadwal barang coba fungsi smoga awet,unknown,4,Tokopedia,Positive,Bentuk,No,Elektronik,No
cuco meong pokoknya,cuco meong pokok,unknown,5,Tokopedia,Positive,Lainnya,No,Kerajinan & Pesta,No
pelayananya buruk harus ditingkat lg,pelayananya buruk tingkat lg,unknown,1,Tokopedia,Negative,Lainnya,Yes,Perabotan,No
pesanan tidak lengkap lebih dari pcs tidak dikirim,pesan lengkap pcs kirim,unknown,1,Tokopedia,Negative,Lainnya,No,Perabotan,No
bam pengerasnya gak dikirim,bam keras kirim,unknown,1,Tokopedia,Negative,Lainnya,No,Hobi & Hiburan,No
kualitas dan bahanya sangat bagus,kualitas bahanya bagus,unknown,5,Tokopedia,Positive,Bentuk,No,Lainnya,No
bahan bagus kain bisa melebar dan elastis,bahan bagus kain lebar elastis,unknown,5,Tokopedia,Positive,Bentuk,No,Fashion,No
roti keras gak enak,roti keras,unknown,1,Tokopedia,Negative,Rasa,No,F&B,No
gampang putus kurang mantep dipake nya,gampang putus mantep dipake,unknown,1,Tokopedia,Negative,Lainnya,No,Perlengkapan Kantor,No
kata penjual biru muda ternyata biru tua tidak ada kemasan kotak hanya plastik biasa kain jilbab juga susah dibentuk sehingga tidak rapi tidak sesuai ekspektasi saya,jual biru muda biru tua kemas kotak plastik kain jilbab susah bentuk rapi sesuai ekspektasi,unknown,1,Tokopedia,Negative,Bentuk,Yes,Fashion,No
awalnya coba2 beli merk ini tapi ternyata kulkasnya ga bagus pada saat proses pendinginan kompressornya suranya keras berisik sumpah ganggu banget,coba2 beli merk kulkas bagus proses dingin kompressornya suranya keras berisik sumpah ganggu,unknown,2,Tokopedia,Negative,Rasa,No,Elektronik,No
pengiriman cepat seller responsif,kirim cepat seller responsif,unknown,5,Tokopedia,Positive,Lainnya,No,Elektronik,No
sleeping bag nya not recomend tipis banget,sleeping bag not recomend tipis,unknown,1,Tokopedia,Negative,Bentuk,No,Hobi & Hiburan,No
modelnya keren luarnya tebal tapi dalemannya cukup tipis entah akan lama atau tidak bertahannya,model keren luar tebal dalem tipis tahan,unknown,4,Tokopedia,Positive,Bentuk,No,Fashion,No
packing aman produk sesuai kualitas produk bagus,packing aman produk sesuai kualitas produk bagus,unknown,5,Tokopedia,Positive,Bentuk,No,F&B,No
respon cepat barang sesuai pesanan bahannya adem tebalnya pas packing aman recommended,respon cepat barang sesuai pesan bahan adem tebal pas packing aman recommended,unknown,5,Tokopedia,Positive,Bentuk,No,Fashion,No
harga murah tapi fisik yang di terima gaa sesuai harapan lampu di gagang gaa berfungsi zoom besar kecil gaa berfungsi lebih parah lagi saya udah kasih waktu jam untuk jawab keluhan saya via chat tapi seller slow slow aja padahal online utamain kepuasan pelanggan jangan hanya nyari keuntungan semata gaa bakal berkah,harga murah fisik terima gaa sesuai harap lampu gagang gaa fungsi zoom gaa fungsi parah kasih waktu jam keluh via chat seller slow slow online utamain puas langgan nyari untung gaa berkah,unknown,1,Tokopedia,Negative,Bentuk,Yes,Elektronik,Yes
nyaman dipakai bahannya kuat muat banyak barang potongannya rapi jahitannya rapi ukuran sesuai resletingnya lancar bahannya ringan modelnya keren,nyaman pakai bahan kuat muat barang potong rapi jahit rapi ukur sesuai resletingnya lancar bahan ringan model keren,unknown,5,Tokopedia,Positive,Bentuk,No,Fashion,No
barang bagus orderan ke semoga nyala semualampunya terang pancaran cahaya lampu yg baik produk original,barang bagus order moga nyala semualampunya terang pancar cahaya lampu produk original,unknown,5,Tokopedia,Positive,Bentuk,No,Otomotif,No
pertama kali pesan wood pallet respon seller gercep lsg sampe dirmh awesome next aku pesan lg terimakasih kak recommended seller,pesan wood pallet respon seller gercep lsg dirmh awesome next pesan lg terimakasih kak recommended seller,unknown,5,Tokopedia,Positive,Lainnya,No,Perawatan Hewan,No
barangnya original desainnya modern,barang original desain modern,unknown,5,Tokopedia,Positive,Bentuk,No,Elektronik,No
kurang lengkap eyeliner milky white nya tidak ada,lengkap eyeliner milky white,unknown,2,Tokopedia,Negative,Lainnya,No,Kesehatan & Kecantikan,No
pembelian keranjang kargo kucing ke ga pernah ga puas beli di sini harga terbaik seller fast response dan packing nya juara aman banget pake kardus segala badabest lah dapet bonus pula,beli keranjang kargo kucing puas beli harga baik seller fast response packing juara aman pake kardus badabest bonus,unknown,5,Tokopedia,Positive,Harga,No,Perawatan Hewan,No
gak bisa untuk semua merek keyboard,merek keyboard,unknown,2,Tokopedia,Negative,Lainnya,No,Hobi & Hiburan,No
paket datang dengan kondisi dusnya sebagian rusak dan kotor kayak bekas jatuh dicek dalemnya lakban nya pun penyok penyok menyedihkan,paket kondisi dus rusak kotor bekas jatuh cek dalem lakban penyok penyok sedih,unknown,1,Tokopedia,Negative,Bentuk,Yes,Perlengkapan Kantor,No
sebelah tidak bisa diputar,belah putar,unknown,1,Tokopedia,Negative,Lainnya,No,Hobi & Hiburan,No
brgnya cpt sampai packing maxi trims utk seller toko recommend,brgnya cpt packing maxi trims seller toko recommend,unknown,5,Tokopedia,Positive,Lainnya,No,Elektronik,No
mantap barangg cepeatt sampaii barang bagus penjual nyaa fast respons banget packingan oke banget aman sampai di tempatt barangnya kerennn bangettt,mantap barangg cepeatt sampai barang bagus jual nyaa fast respons packingan oke aman tempatt barang kerennn bangettt,unknown,5,Tokopedia,Positive,Rasa,No,Kesehatan & Kecantikan,No
barang minggu baru nyampe itu pun saya harus 2x ke jne pedati urusin baru barang sampai evaluasi bos biar nggk gini lagi cape ribet urusinnya nggk dpt apa2,barang minggu 2x jne pedati urusin barang evaluasi bos biar nggk gin cape ribet urusinnya nggk apa2,unknown,1,Tokopedia,Negative,Lainnya,No,Hobi & Hiburan,No
pengiriman lama barang sesuai harga tlg qc nya lebih di perbaiki ada bolong2 bks jarum di jahitannya ada garis putih di kerudung abu yg lbh keliatan,kirim barang sesuai harga tlg qc baik bolong2 bks jarum jahit garis putih kerudung abu lbh liat,unknown,2,Tokopedia,Negative,Harga,No,Fashion,No
hampir sempurna packing nya doang yg kurang aman dr benturan,sempurna packing doang aman bentur,unknown,5,Tokopedia,Positive,Lainnya,No,Elektronik,No
plastik yah ada harga ada kualitas,plastik yah harga kualitas,unknown,1,Tokopedia,Negative,Bentuk,No,Perabotan,No
bagus simple cuma menurut saya kurang keras suaranya tapi bagus,bagus simple keras suara bagus,unknown,4,Tokopedia,Positive,Rasa,No,Hobi & Hiburan,No
saya sangat kecewa belanja di toko ini respon penjual cuek tanggapan lama begitu datang barang tumpah basah satu minggu baru datang tidak tau di kirim nya lama atau di pengiriman nya lama,kecewa belanja toko respon jual cuek tanggap barang tumpah basah minggu tau kirim kirim,unknown,1,Tokopedia,Negative,Lainnya,Yes,Otomotif,No
barang original dan masih segel proses cepat tidak sampai satu hari barang sudah sampai padahal pengiriman menggunakan bebas ongkir barang dibungkus dengan bubble wrap tebal saat pengiriman jadi aman,barang original segel proses cepat barang kirim bebas ongkos kirim barang bungkus bubble wrap tebal kirim aman,unknown,5,Tokopedia,Positive,Bentuk,No,Hobi & Hiburan,No
bahan nya tipis nyesel beli harusnya test dulu hahaha maaf ya cuma bisa kasih bintang,bahan tipis nyesel beli test hahaha maaf kasih bintang,unknown,2,Tokopedia,Negative,Bentuk,No,Fashion,No
pengiriman lambat tidak sesuai jadwal tetapi puas,kirim lambat sesuai jadwal puas,unknown,4,Tokopedia,Positive,Bentuk,No,Kesehatan & Kecantikan,No
penjual gk respon bgt parah,jual respon parah,unknown,1,Tokopedia,Negative,Lainnya,Yes,Perawatan Hewan,No
kaki mainan robot hulk pecah rusak mohon dicek sblm kirim brh,kaki main robot hulk pecah rusak cek sblm kirim brh,unknown,1,Tokopedia,Negative,Lainnya,Yes,Hobi & Hiburan,No
baru dipake eh lampunya sudah mati sedih dah,dipake eh lampu mati sedih dah,unknown,1,Tokopedia,Negative,Lainnya,Yes,Otomotif,No
lampu indikator tdk bekerja,lampu indikator,unknown,3,Tokopedia,Neutral,Lainnya,No,F&B,No
good seller ramah dan proses cepat,good seller ramah proses cepat,unknown,5,Tokopedia,Positive,Lainnya,No,Hobi & Hiburan,No
puas barang cepat sampai dan sesuai yg di harapkan,puas barang cepat sesuai harap,unknown,5,Tokopedia,Positive,Bentuk,No,Kesehatan & Kecantikan,No
barang dateng tidak sesuai dengan pesanan beda warna,barang dateng sesuai pesan beda warna,unknown,4,Tokopedia,Positive,Bentuk,No,Kesehatan & Kecantikan,No
wah sy pake sameday masa dtgnya besoknya smtra sy byr jam respon lama rugi lah tau gt sy ga ush pilih yg sameday mksd biar cepet malah jd lama ga rekomen bgt,pake sameday dtgnya besok smtra byr jam respon rugi tau gt ush pilih sameday mksd biar cepet jd rekomen,unknown,1,Tokopedia,Negative,Lainnya,No,Perawatan Hewan,No
plastik sdh terbuka saat barang datang tidak tersegel dan minta nya warna biru dpt nya warna hitam,plastik buka barang segel warna biru warna hitam,unknown,1,Tokopedia,Negative,Bentuk,No,Elektronik,No
paking rapih kondisi barang datang mantap kualitas sesuai harga joss,paking rapih kondisi barang mantap kualitas sesuai harga joss,unknown,5,Tokopedia,Positive,Bentuk,No,Hobi & Hiburan,No
penjualnya ramah melayani pembeli dengan sabar dan memberikan berbagai saran yang pembeli tidak tahu mantap lah,jual ramah layan beli sabar saran beli mantap,unknown,5,Tokopedia,Positive,Rasa,No,Elektronik,No
produk bgs packing bgs pengiriman cpt,produk bagus packing bagus kirim cpt,unknown,4,Tokopedia,Positive,Lainnya,No,Fashion,No
toko ini barangnya lengkap dan beneran tersedia kadang ada toko lain lengkap tp pas dikirim banyak yg gada ini lengkap recommended seller,toko barang lengkap beneran sedia kadang toko lengkap pas kirim gada lengkap recommended seller,unknown,5,Tokopedia,Positive,Bentuk,No,Perlengkapan Kantor,No
niatnya sihh baik dibonusin creative planting kit tp kayaknya ga dipikirin matang2 ngemasnya gimana biar ga berantakan di dalam box nya alhasil justru barang2 yg dipesen jadi kotor kena tumpahan pasir,niat sihh dibonusin creative planting kit kayak dipikirin matang2 ngemasnya gimana biar beranta box alhasil barang2 sen kotor tumpah pasir,unknown,2,Tokopedia,Negative,Bentuk,No,Kesehatan & Kecantikan,No
barang tidak sesuai dengan pesanan,barang sesuai pesan,unknown,1,Tokopedia,Negative,Bentuk,Yes,Fashion,No
barang bagus tapi estimasi tiba dilokasi tidak sesuai di aplikasi semoga pelayanannya dapat ditingkatkan,barang bagus estimasi lokasi sesuai aplikasi moga layan tingkat,unknown,3,Tokopedia,Neutral,Bentuk,No,F&B,No
bahannya adem halus ukuran besar gambar sesuai ngak sempat foto,bahan adem halus ukur gambar sesuai ngak foto,unknown,5,Tokopedia,Positive,Bentuk,No,Fashion,No
pengemasan cepat pngrimn cepat produknyq beda kualitasnya yg ini kapasnya tipis bgt dan gmpng bocor klihatn nerwang gx rata kpasnya d tgh gx ada kapasnya pnts murah yahh kemasn jg bolong biasanya sya beli gx kya gni amet maaf ksh bntang,kemas cepat pngrimn cepat produknyq beda kualitas kapas tipis gmpng bocor klihatn nerwang gx rata kpasnya tgh gx kapas pnts murah yahh kemasn bolong sya beli gx kya gni amet maaf ksh bntang,unknown,2,Tokopedia,Negative,Bentuk,No,Ibu & Bayi,No
moon maaf ya gan tadi paketnya sy buka ternyata ada bungkus seperti sudah di buka dengan silet cutter krn sobekannya rapih dari ujung ke ujung dan bungkusnya di posisikan terbalik dan ketika di buka jadi berantakan semua isinya saya pesan kg bungkus yg rusak kg bungkus saya sudah sering pesan dan sudah kali kejadian seperti ini tp kejadian yg sekarang yg paling parah dan maaf tidak bisa saya toleransi krn menurut saya sudah kelewatan dan saya selalu kasih bintang setiap selesai transaksi namun yg skrng ini mohon maaf saya kasih bintang supaya ada perbaikan di kemudian hari,moon maaf gan paket buka bungkus buka silet cutter sobek rapih ujung ujung bungkus posisi balik buka beranta isi pesan kg bungkus rusak kg bungkus pesan jadi jadi parah maaf toleransi lewat kasih bintang selesai transaksi skrng maaf kasih bintang baik,unknown,1,Tokopedia,Negative,Bentuk,Yes,Perawatan Hewan,No
awal nya ragu maza sih dgn harga segitu produk yg di tawarkan bs mantap apalagi sy org ny sangat selektif dlm memilih produk utk di beli begitu paket mendarat sy lgsg unboxing ternyta di luar ekpetasi sy produk benar benar sangat berkualitas gel nya sangat lembut sangat nyaman saat duduk duduk lama ga sakit lebar ny juga mantap no endorse ya ini benar murni sy sebagai pembeli jangan ragu untuk membeli di lapak penjual ini sangay rekomen banget,ragu maza harga segitu produk tawar bs mantap org selektif dlm pilih produk beli paket darat lgsg unboxing ternyta ekpetasi produk kualitas gel lembut nyaman duduk duduk sakit lebar mantap no endorse murni beli ragu beli lapak jual sangay rekomen,unknown,5,Tokopedia,Positive,Rasa,No,Perabotan,No
bakalan jd langganan harga terjangkau pengiriman juga oke,jd langgan harga jangkau kirim oke,unknown,5,Tokopedia,Positive,Harga,No,F&B,No
sesuai pesanan bahan nyaman dipakai penjual fast respon packing juga rapiii,sesuai pesan bahan nyaman pakai jual fast respon packing rapiii,unknown,5,Tokopedia,Positive,Bentuk,No,Fashion,No
padahal udah berekspektasi tinggi beli di sini karena official store nya eh tapi ternyata yg dikirim ga sesuai sama warna nya beli nya warna cream yg di kirim warna apaan kecewa bgt sih jujur karena ga konfirmasi dulu ke saya kalo mau di ganti warna nya lain kali lebih amanah ya kak jangan kirim barang yg ga sesuai warna kalo emang stock nya habis konfirmasi dulu hehehe makasih,berekspektasi tinggi beli official store eh kirim sesuai warna beli warna cream kirim warna kecewa jujur konfirmasi ganti warna amanah kak kirim barang sesuai warna stock habis konfirmasi hehehe makasih,unknown,2,Tokopedia,Negative,Bentuk,Yes,Fashion,Yes
respon penjual cepat pengiriman cepat dankemasan rapih,respon jual cepat kirim cepat dankemasan rapih,unknown,5,Tokopedia,Positive,Bentuk,No,F&B,No
sangat buruk dan kecewa pakingan gak rapih cuma pake bubble warp aja jadi pas paket sampe udah sobek,buruk kecewa paking rapih pake bubble warp pas paket sobek,unknown,1,Tokopedia,Negative,Bentuk,Yes,Perlengkapan Kantor,No
sambal nya asem chat penjual gak respon kecewa,sambal asem chat jual respon kecewa,unknown,1,Tokopedia,Negative,Lainnya,Yes,F&B,No
order yang ketiga gercep barang oke pelayanan juga oke,order tiga gercep barang oke layan oke,unknown,5,Tokopedia,Positive,Lainnya,No,Lainnya,No
barang rusak ga berfungsi sama sekali ga bisa di mainin sama sekali parahhh,barang rusak fungsi mainin parahhh,unknown,1,Tokopedia,Negative,Bentuk,Yes,Hobi & Hiburan,No
barang sudah diterima nih kak makasih yaa,barang terima kak makasih yaa,unknown,5,Tokopedia,Positive,Lainnya,No,Hobi & Hiburan,No
barang nya robek dan penyok2 di chat ke penjualnya malah bilang wajar karna produksi masal trus tulisannya pake capslock semua tanpa bilang maaf krna produksi masal ini malah kebablasan capslock kan sebelum di kirim harus nya di cek dulu mana posisinya kebalik yg bagian dalam diluar ngebaliknya kan susah kaku,barang robek penyok2 chat jual bilang wajar karna produksi masal trus tulis pake capslock bilang maaf krna produksi masal bablas capslock kirim cek posisi balik luar ngebaliknya susah kaku,unknown,3,Tokopedia,Neutral,Lainnya,No,Perabotan,No
alhamdulillah seperti biasa repeat order di sini free ongkir rasa enak harga murah dan pastinya gurih mantap krupuknya,alhamdulillah repeat order free ongkos kirim harga murah pasti gurih mantap krupuknya,unknown,5,Tokopedia,Positive,Rasa,No,F&B,No
barang bagus gak mudah robek bahan plastik,barang bagus mudah robek bahan plastik,unknown,5,Tokopedia,Positive,Bentuk,No,Hobi & Hiburan,No
pengaturan air seperti di gambar rainfall jetting massage ga ada cuma ada rainfall aja semprotan airnya kurang kuat juga,atur air gambar rainfall jetting massage rainfall semprot air kuat,unknown,2,Tokopedia,Negative,Bentuk,No,Perabotan,No
bocor tutup tidak tertutup dengan rapat,bocor tutup tutup rapat,unknown,1,Tokopedia,Negative,Lainnya,No,Lainnya,No
pengirimannya gimana ya ini sayang bgt bukunya jadi cacat gitu jadi keliatan bekas padahal buat kado,kirim gimana sayang buku cacat gitu liat bekas kado,unknown,2,Tokopedia,Negative,Lainnya,Yes,Hobi & Hiburan,No
mantul langsung nempel,mantap nempel,unknown,5,Tokopedia,Positive,Lainnya,No,Kerajinan & Pesta,No
ternyata bukan hot wheels asli bahan plastik harap di beri keterangan bahwa barang tdk original,hot wheels asli bahan plastik harap terang barang original,unknown,1,Tokopedia,Negative,Bentuk,No,Hobi & Hiburan,No
suka banget sm flimty krn membantu memperlancar bab rasanya enak mudah untuk dibawa pengiriman cepat penjual ramah thank you kak semoga sukses usahanya,suka sm flimty bantu lancar bab mudah bawa kirim cepat jual ramah thank you kak moga sukses usaha,unknown,5,Tokopedia,Positive,Rasa,No,Kesehatan & Kecantikan,No
raknya pecah packingnya gak ada pengamanan,rak pecah packingnya aman,unknown,2,Tokopedia,Negative,Lainnya,No,Kesehatan & Kecantikan,No
pesanan saya tidak sampai ke alamat saya mau uang saya kembali saya belum menerima pesanan saya,pesan alamat uang terima pesan,unknown,1,Tokopedia,Negative,Lainnya,Yes,Elektronik,No
nunchuck nya ga berfungsi mohon diperhatikan kembli barang yg dikirimkan agar pelanggan tdk kecewa,nunchuck fungsi perhati kembli barang kirim langgan kecewa,unknown,3,Tokopedia,Neutral,Lainnya,No,Elektronik,No
barang sesuai deskripsi seller fast response pengiriman aman sampai rumah,barang sesuai deskripsi seller fast response kirim aman rumah,unknown,5,Tokopedia,Positive,Bentuk,No,F&B,No
barangnya ancur cuman d bungkus plastik dengan harga segitu kualitas toko official store tp barang d terima ancur mah kapok,barang ancur cuman bungkus plastik harga segitu kualitas toko official store barang terima ancur mah kapok,unknown,1,Tokopedia,Negative,Bentuk,No,Ibu & Bayi,No
respon cepat dan barang cepat sampai terima kasih,respon cepat barang cepat terima kasih,unknown,5,Tokopedia,Positive,Lainnya,No,Ibu & Bayi,No
tokonya terbaik sii ini mah udh 4x order disini setiap anak ultah selalu pesen printilannya disini skg anak ke ultah pun belinya disini mantap,toko baik sii mah 4x order anak ultah sen printilannya skg anak ultah beli mantap,unknown,5,Tokopedia,Positive,Rasa,No,Kerajinan & Pesta,No
penjual angkuh yang namanya pembeli itu raja di layani sebagaimana mestinya kepuasan pembeli prioritas utama lah loh angkuh sombong makan tuh duet haram pertama dan terakhir gue belanja di olshop loh cuih,jual angkuh nama beli raja layan mesti puas beli prioritas utama angkuh sombong makan tuh duet haram belanja olshop cuih,unknown,1,Tokopedia,Negative,Bentuk,No,Kesehatan & Kecantikan,No
ukurannya pas cepat menyerap tidak membuat lecet,ukur pas cepat serap lecet,unknown,5,Tokopedia,Positive,Bentuk,No,Ibu & Bayi,No
gak sesuai expektasi dengan bahan toolsnya dari gambar terlihat kuat tapi pas sampai seperti besi gak kokoh karena dapat harga murah jadi gak terlalu kecewa klo dengan harga asli rb keatas pasti saya kecewa belinya mending pasang harga yang wajar ya,sesuai expektasi bahan toolsnya gambar kuat pas besi kokoh harga murah kecewa harga asli rb atas kecewa beli mending pasang harga wajar,unknown,3,Tokopedia,Neutral,Bentuk,No,Perabotan,No
penguncinya kurang baris cuma muat baris saja baris setelah gak ada penguncinya jadi gak kepake yng baris sisanya kardus padahal utuh kayaknya kurang lengkap pas nyiapkan kadung klik tetima mohon lain kali di cek teliti sebelum kirim,kunci baris muat baris baris kunci kepake yng baris sisa kardus utuh kayak lengkap pas nyiapkan kadung klik tetima cek teliti kirim,unknown,3,Tokopedia,Neutral,Bentuk,No,Perabotan,No
fast response cepat sampai sesuai pesanan recommended,fast response cepat sesuai pesan recommended,unknown,5,Tokopedia,Positive,Bentuk,No,Hobi & Hiburan,No
barang oke sesuai pesanan,barang oke sesuai pesan,unknown,4,Tokopedia,Positive,Bentuk,No,Fashion,No
sesuai dengan gambar dan ok trims,sesuai gambar oke trims,unknown,5,Tokopedia,Positive,Bentuk,No,Otomotif,No
saya order hitam pcs dan abu abu 2pcs yang datang justru sebaliknya hitam 2pcs dan abu abu 4pcs,order hitam pcs abu abu 2pcs hitam 2pcs abu abu 4pcs,unknown,1,Tokopedia,Negative,Lainnya,No,Fashion,No
alhamdulilah oderanku yang kedua nih tiba dengan selamat terima kasih banyak semoga tetap menjadi penjual yang jujur dan amanah aamiin yaa rabb,alhamdulilah oderanku selamat terima kasih moga jual jujur amanah aamiin yaa rabb,unknown,5,Tokopedia,Positive,Lainnya,No,Lainnya,No
karung baru bkn bekas tipis ga sesuai gambar kapok belanja lg,karung bkn bekas tipis sesuai gambar kapok belanja lg,unknown,1,Tokopedia,Negative,Bentuk,No,Lainnya,No
order dari tgl nov baru sampai tgl dec padahal order dari official store itupun setelah kemarin saya follow up sendiri ke ekspedisinya karena status di toped masih menunggu pick up paket sampai pun tidak dipacking dengan aman hanya selembar plastik basah kena hujan kapok ga berani lagi belanja disini melulu dichat ke penjual yang balas sistem dan hanya info masih menunggu pick up,order tgl nov tgl dec order official store itu kemarin follow up ekspedisi status toped tunggu pick up paket dipacking aman lembar plastik basah hujan kapok berani belanja melulu dichat jual balas sistem info tunggu pick up,unknown,1,Tokopedia,Negative,Bentuk,No,Kesehatan & Kecantikan,Yes
bagian tombol ada kempot parah pabrikan tidak jaga mutu,tombol kempot parah pabrikan jaga mutu,unknown,2,Tokopedia,Negative,Lainnya,Yes,F&B,No
ini kok belum di ulas sih kan saya mintanya tumbuk halus bener2 parah,ulas minta tumbuk halus bener2 parah,unknown,1,Tokopedia,Negative,Bentuk,Yes,F&B,No
produk original nyaman dipakai pembelian ke dan masih sangat puas sukses selalu yaa,produk original nyaman pakai beli puas sukses yaa,unknown,5,Tokopedia,Positive,Bentuk,No,Hobi & Hiburan,No
produk sesuai dengan deskripsi pengiriman cepat seler ramah barang ok mantap tetimakasih admin,produk sesuai deskripsi kirim cepat seler ramah barang oke mantap tetimakasih admin,unknown,5,Tokopedia,Positive,Rasa,No,Perlengkapan Kantor,No
bahan dan model bagus hanya saja size terlalu kecil udah up size masih ngepas modelnya kekinian,bahan model bagus size up size ngepas model kini,unknown,5,Tokopedia,Positive,Bentuk,No,Fashion,No
packing tebel double bubble wrap kardus di dlm juga utuh tp barang yg datang penyok artinya brg sudah cacat saat dikirim lokasi sy dkt dng tefal jd pengiriman cepat sy join tokopedia dr dan blja 4x sehari jd bs bedain brg rusak krn pengiriman atau memang sudah cacat sy punya video unboxingnya tp krn susah skali upload foto video untuk complain dan beli krn event akhir thn jd ya sudahlah tp produk rusak jng menyalahkan ekspedisi lbh baik tulis di deskripsinya promo cuci gudang brg tidak dapat dikembalikan jd kita para pembeli jg gak expect too much dpt brg cacat terima resiko ps spt biasa admin pasti membalas ulasan dengan mohon respon chat dari kami kenyataan mrk tdk pernah menghubungi pembeli jika produk cacat bintang untk admin produk,packing tebel double bubble wrap kardus dlm utuh barang penyok brg cacat kirim lokasi dkt dng tefal jd kirim cepat join tokopedia blja 4x hari jd bs bedain brg rusak kirim cacat video unboxingnya susah skali upload foto video complain beli event thn jd produk rusak jng salah ekspedisi lbh tulis deskripsi promo cuci gudang brg kembali jd beli expect too much brg cacat terima resiko ps spt admin balas ulas respon chat nyata mrk hubung beli produk cacat bintang untk admin produk,unknown,1,Tokopedia,Negative,Harga,Yes,F&B,No
handuk cantik material bagus harga terjangkau thanks traktirannya tokped handuknya lumayan mau upload foto keterangan eror mulu,handuk cantik material bagus harga jangkau thanks traktir tokped handuk lumayan upload foto terang eror mulu,unknown,4,Tokopedia,Positive,Bentuk,No,Perabotan,No
seller luar biasa packing baik pengiriman cepat penting nya barang sesuai deskripsi dan berfungsi terima kasih,seller packing kirim cepat barang sesuai deskripsi fungsi terima kasih,unknown,5,Tokopedia,Positive,Bentuk,No,Elektronik,No
barang bagus pengiriman juga cepat cuma minus di packaging nya kurang rapi cuma pakai plastik tapi rekomen sih buat harga segini,barang bagus kirim cepat minus packaging rapi pakai plastik rekomen harga gin,unknown,4,Tokopedia,Positive,Bentuk,No,Elektronik,No
bahan tipis seller ramah ekspedisi cpt,bahan tipis seller ramah ekspedisi cpt,unknown,4,Tokopedia,Positive,Bentuk,No,Fashion,No
pengiriman cepat dan barang diterima dalam kondisi baik,kirim cepat barang terima kondisi,unknown,5,Tokopedia,Positive,Lainnya,No,Kerajinan & Pesta,No
mantapp paling terjangkau diantara seller lain bener bener baru sudah dimainkan tidak ada masalah,mantapp jangkau seller bener bener main,unknown,5,Tokopedia,Positive,Rasa,No,Elektronik,No
tidak ada tutupnya walaupun saya beli harga murah tp jadi gabisa dibawa kemana mana karna barang rusak,tutup beli harga murah gabisa bawa mana karna barang rusak,unknown,2,Tokopedia,Negative,Harga,Yes,Kesehatan & Kecantikan,No
bagussss sukakakkk ntah udh brp kali order bahannya bagus adem n nyaman dan harga promonya mantulll,bagussss sukakakkk ntah brp order bahan bagus adem nyaman harga promonya mantulll,unknown,5,Tokopedia,Positive,Bentuk,No,Ibu & Bayi,No
prtama brgnya dtg cman bsa nyala sebelah dan gk bsa charge mnta garansi tuker baru malah lbh parah gk bsa nyala kduanya gila lah kapok buangin uang aja,prtama brgnya dtg cman bsa nyala belah bsa charge mnta garansi tuker lbh parah bsa nyala kduanya gila kapok buangin uang,unknown,1,Tokopedia,Negative,Lainnya,Yes,Elektronik,No
tidak sesuai pesanan yg di pesan gula 1kg kecap kemasan sama teh yg sampe gula nya cuma kg teh sama kecap,sesuai pesan pesan gula 1kg kecap kemas teh gula kg teh kecap,unknown,1,Tokopedia,Negative,Bentuk,Yes,F&B,No
gampang dipakai packaging aman proses pesanan cepat gampang dibawa bawa tapi syg pas baru nyampe dibuka udh patah,gampang pakai packaging aman proses pesan cepat gampang bawa bawa syg pas buka patah,unknown,4,Tokopedia,Positive,Bentuk,No,Kesehatan & Kecantikan,No
lumayan tapi kalau dipake jalan jauh suka lecet pas jepit jempol dan kaki telunjuk terasa sakit,lumayan dipake jalan suka lecet pas jepit jempol kaki telunjuk sakit,unknown,3,Tokopedia,Neutral,Rasa,No,Fashion,No
alas sepatu tipis dipakai bulan sudah aus padahal make ny jarang,alas sepatu tipis pakai aus make jarang,unknown,3,Tokopedia,Neutral,Bentuk,No,Fashion,No
puas banget seller helpfull sangat responsif dan cepet banget sampai nya recomended,puas seller helpfull responsif cepet recomended,unknown,5,Tokopedia,Positive,Lainnya,No,Elektronik,No
paking oke bagus mohon perbaikan stik bergetar terus tanpa henti mesin agak sering hang mau ganti game mohon diperbaiki gan selisih ongkir juga trims,paking oke bagus baik stik getar henti mesin hang ganti game baik gan selisih ongkos kirim trims,unknown,3,Tokopedia,Neutral,Harga,No,Elektronik,No
barang sebenarnya sudah sampai tadi sore cuman baru ta unboxing dan mainkan malam ini sukaaa recommended ni toko,barang sore cuman ta unboxing main malam sukaaa recommended ni toko,unknown,5,Tokopedia,Positive,Lainnya,No,Elektronik,No
suka produknya abbott indonesiapackingan bagus,suka produk abbott indonesiapackingan bagus,unknown,5,Tokopedia,Positive,Bentuk,No,Ibu & Bayi,No
bagus halus ringan teleskopik gagangnya jadi terasa kurang kokoh dibanding gagang biasa,bagus halus ringan teleskopik gagang kokoh banding gagang,unknown,5,Tokopedia,Positive,Bentuk,No,Perabotan,No
l2 r2 trigger nya ampas macam,l2 r2 trigger ampas,unknown,1,Tokopedia,Negative,Bentuk,No,Elektronik,No
kurma matang sempurna mantap pokoknya pas buat anak kecil atau pun orang tua sukses dan smoga berkah gan aamiinn,kurma matang sempurna mantap pokok pas anak tua sukses smoga berkah gan aamiinn,unknown,5,Tokopedia,Positive,Bentuk,No,F&B,No
sesuai dengan pesanan bahan halus kayaknya adem,sesuai pesan bahan halus kayak adem,unknown,5,Tokopedia,Positive,Bentuk,No,Ibu & Bayi,No
rapi dan enak dipakai,rapi pakai,unknown,5,Tokopedia,Positive,Rasa,No,Fashion,No
barang sampai dengan kondisi hancur packing luar tidak ada sobek,barang kondisi hancur packing sobek,unknown,2,Tokopedia,Negative,Lainnya,Yes,Hobi & Hiburan,No
ini toko korup ga sesuai sama isinya not recommended,toko korup sesuai isi not recommended,unknown,1,Tokopedia,Negative,Bentuk,No,Elektronik,Yes
mhon maaf cuma bntang soal ny saya kecewa pas d buka pertama x ada lecet lecet nya di bagian atas tutup pen,mhon maaf bntang kecewa pas buka lecet lecet tutup pen,unknown,2,Tokopedia,Negative,Bentuk,Yes,Hobi & Hiburan,Yes
sangat kecewa dengan barang yg di terima segel samsung sudah terbuka katanya dari sananya di dlm plasti segel ada kartu byu sudah di buka segel pelaatiknya yg makin parah layar banyak sidik jari tertinggal baru buka curiga curang tokonya barang mukin di tukar2 sama yg kw seperti kepala carger kabel dll hati2 di toko ini harus lebih waspada dan di tanya detail kedua penjelasan juga gak bisa selalu bilang gak tau kaka dari sana dari sana kalo dari samsung asli sesuai pembicaraan buat apa samsung buat segel bahkan ada tulisan jangan terima segel rusak kurang baik pokonya toko ini ngerasa barang bekas,kecewa barang terima segel samsung buka sana dlm plasti segel kartu byu buka segel pelaatiknya parah layar sidik jari tinggal buka curiga curang toko barang mukin tukar2 palsu kepala carger kabel dll hati2 toko waspada detail jelas bilang tau kaka samsung asli sesuai bicara samsung segel tulis terima segel rusak poko toko ngerasa barang bekas,unknown,1,Tokopedia,Negative,Bentuk,Yes,Elektronik,No
ukuran tidak sesuai,ukur sesuai,unknown,3,Tokopedia,Neutral,Bentuk,No,Fashion,No
barang sudah diterima sesuai dgn deskripsinya terimakasih,barang terima sesuai deskripsi terimakasih,unknown,5,Tokopedia,Positive,Bentuk,No,Otomotif,No
lansung coba positive bos,lansung coba positive bos,unknown,5,Tokopedia,Positive,Lainnya,No,Hobi & Hiburan,No
kualitas kokoh slot cartridge nya terbuat dari karet jadi gampang masukinnya dan ga bikin cartridgenya lecet ukurannya juga compact bgt gampang dibawa kemana mana dan ga menuh menuhin tempat motifnya juga bukan cuma gambar atau stiker tapi bener2 timbul dari bahan karet,kualitas kokoh slot cartridge buat karet gampang masukinnya bikin cartridgenya lecet ukur compact gampang bawa mana menuh menuhin motif gambar stiker bener2 timbul bahan karet,unknown,5,Tokopedia,Positive,Bentuk,No,Elektronik,No
seller kirim barang kurang beli datang hanya dikomplain baik2 malah bilang ga mungkin nuduh buyer bohong padahal cuma uang 50rb an selisihnya coba cek tuh sistem sortir disananya ga bikin kaya kalo cuma mau nilep 50rb an mah,seller kirim barang beli komplain baik2 bilang nuduh buyer bohong uang 50rb an selisih coba cek tuh sistem sortir sana bikin kaya nilep 50rb an mah,unknown,1,Tokopedia,Negative,Lainnya,Yes,Hobi & Hiburan,No
komik asli pengemasan tebal diisi bubble wrap pengiriman cepat,komik asli kemas tebal isi bubble wrap kirim cepat,unknown,5,Tokopedia,Positive,Bentuk,No,Hobi & Hiburan,No
gk ada tambahan bublenya yg ada banyak koran nya,tambah bublenya koran,unknown,1,Tokopedia,Negative,Bentuk,No,Lainnya,No
respon cepat sangat memuaskan,respon cepat muas,unknown,5,Tokopedia,Positive,Lainnya,No,Lainnya,No
ukurannya terlalu pendek,ukur pendek,unknown,1,Tokopedia,Negative,Bentuk,No,Hobi & Hiburan,No
packingnya tdk rapi hanya dibungkus plastik hitam saja pada saat sy terima bungkusannya sudah robek2 dan di salah satu sulingnya ada mata kaitannya yg tidak ada,packingnya rapi bungkus plastik hitam terima bungkus robek2 salah suling kait,unknown,3,Tokopedia,Neutral,Bentuk,No,Perabotan,No
dari segi estetik bagus banget tapi cengkramannya kurang jadi kalo di pake kadang suaranya geter meskipun bisa dipake dengan harga segitu sangat worth it apalagi designnya yang elegant,segi estetik bagus cengkramannya pake kadang suara geter dipake harga segitu worth it designnya elegant,unknown,4,Tokopedia,Positive,Harga,No,Hobi & Hiburan,No
mantab bahannya adem ukuran sesuai modelnya cantik warnanya cantik jahitan rapi tidak menerawang,mantab bahan adem ukur sesuai model cantik warna cantik jahit rapi terawang,unknown,5,Tokopedia,Positive,Bentuk,No,Fashion,No
barang sesuai pesanan dan telah diterima dengan baik terima kasih,barang sesuai pesan terima terima kasih,unknown,5,Tokopedia,Positive,Bentuk,No,F&B,No
selalu suka dengan dr soap repeat order selalu beli disini,suka soap repeat order beli,unknown,5,Tokopedia,Positive,Lainnya,No,Kesehatan & Kecantikan,No
barangnya original kemasan disegel proses pesanan cepat respon penjualnya top,barang original kemas segel proses pesan cepat respon jual top,unknown,5,Tokopedia,Positive,Bentuk,No,Elektronik,No
mantab lilinya sesuai makasih ya,mantab lili sesuai makasih,unknown,5,Tokopedia,Positive,Bentuk,No,Kerajinan & Pesta,No
komplain krn jam di setting masi tidak menyala jawaban dr admin hanya ok,komplain jam setting mas nyala admin oke,unknown,1,Tokopedia,Negative,Lainnya,Yes,Fashion,No
pengiriman cepat datang sesuai pesanan dan dibungkus dengan rapi terima kasih y barang sdh diterima dgn baik,kirim cepat sesuai pesan bungkus rapi terima kasih barang terima,unknown,4,Tokopedia,Positive,Bentuk,No,Hobi & Hiburan,No
ternyata tidak bisa dipakai di redmi 3s tetapi di laptop bisa tidak sesuai harapan,pakai redmi 3s laptop sesuai harap,unknown,3,Tokopedia,Neutral,Bentuk,No,Elektronik,No
awet banget ni strap nya enak juga tebel jadi ga takut putus,awet ni strap tebel takut putus,unknown,5,Tokopedia,Positive,Rasa,No,Fashion,No
kurang ya jamnya harusny dijelasin display jam gk selalu hidup harus di idupin dulu,jam harusny dijelasin display jam hidup idupin,unknown,3,Tokopedia,Neutral,Rasa,No,Elektronik,No
mantap paket sudah sampai makasih ya gan sukses selalu gan,mantap paket makasih gan sukses gan,unknown,5,Tokopedia,Positive,Rasa,No,Kerajinan & Pesta,No
nyaman dipakai si kecil ukuran sesuai bahannya tebal bahannya berkualitas empuk buat jalan modelnya keren motifnya kekinian,nyaman pakai si ukur sesuai bahan tebal bahan kualitas empuk jalan model keren motif kini,unknown,4,Tokopedia,Positive,Bentuk,No,Fashion,No
pengiriman dan baramg sesuai yg diharapkan,kirim baramg sesuai harap,unknown,4,Tokopedia,Positive,Bentuk,No,Fashion,No
udah order buble tapi buble nya gk ada untung gk kenapa2,order buble buble untung kenapa2,unknown,1,Tokopedia,Negative,Lainnya,No,Lainnya,No
banyak sekali game yang nge hang dan game yang sama tapi direname munkin biar banyak aja gamenya padahal ada game yang sama stick nya ada yang error ketika game yang ada effect vibrationnya harusnya dicoba dulu sebelum pengiriman,game nge hang game direname munkin biar gamenya game stick error game effect vibrationnya coba kirim,unknown,2,Tokopedia,Negative,Bentuk,Yes,Elektronik,No
ngga bs charging sama sekali boro2 fast charging kecewa udah pake kepala charger semia ngga bs charging colok ke laptop yg ngga koneksi atau charging,bs charging boro2 fast charging kecewa pake kepala charger semia bs charging colok laptop koneksi charging,unknown,1,Tokopedia,Negative,Bentuk,Yes,Elektronik,Yes
pengiriman cepat packing rapi dan aman barang nya sesuai gambar maaf gak sempat di foto,kirim cepat packing rapi aman barang sesuai gambar maaf foto,unknown,5,Tokopedia,Positive,Bentuk,No,Hobi & Hiburan,No
gak nyesel beli di sini sudah harga terjangkau kualitas bagus rekomendit banget deh pokok nya buat beli disini dan juga lengkap lagi happy belanja di sini,nyesel beli harga jangkau kualitas bagus rekomendit pokok beli lengkap happy belanja,unknown,5,Tokopedia,Positive,Harga,No,Fashion,No
kesel ama durasi pengirimannya doang overall barangnya bagus kok,kesel ama durasi kirim doang overall barang bagus,unknown,3,Tokopedia,Neutral,Bentuk,No,Elektronik,No
barang telah sampai semoga awet terima kasih,barang moga awet terima kasih,unknown,5,Tokopedia,Positive,Bentuk,No,Elektronik,No
yg dikirim rusak ajukan komplain tp gak jelas,kirim rusak aju komplain,unknown,1,Tokopedia,Negative,Lainnya,Yes,Perabotan,No
isi paket via link aja yg di rekomendasikan aja selalu gagal via ovo mandiri sampe bca aja selalu gagal ga siap system nya jangan jualan,isi paket via link rekomendasi gagal via ovo mandiri bca gagal system jual,unknown,1,Tokopedia,Negative,Lainnya,Yes,Elektronik,No
baru hari udh ga ngegrip,ngegrip,unknown,1,Tokopedia,Negative,Bentuk,No,Hobi & Hiburan,No
gak ada instruksinya bingung jadinya,instruksi bingung,unknown,2,Tokopedia,Negative,Lainnya,No,Kerajinan & Pesta,No
barang yang diterima cacat pada analog untuk komplain tetap dilayani tetapi dari saya sendiri tidak kirim kesana karena ribet dalam ongkir dan pengiriman nya lain kali tdk apa apa di buka segelnya untuk di cek analognya sehingga tidak perlu masalah complain dan kirim balik sana lagi terima kasih,barang terima cacat analog komplain layan kirim kesana ribet ongkos kirim kirim buka segel cek analog complain kirim terima kasih,unknown,2,Tokopedia,Negative,Harga,Yes,Elektronik,No
ok barangnya murah meriah jadi gampang pindah pindahin gas galon dll,oke barang murah riah gampang pindah pindahin gas galon dll,unknown,5,Tokopedia,Positive,Harga,No,F&B,No
tali tas nya mau putus,tali tas putus,unknown,1,Tokopedia,Negative,Lainnya,No,Fashion,No
warnanya tidak sesuai gmbar,warna sesuai gmbar,unknown,4,Tokopedia,Positive,Bentuk,No,Fashion,No
chat saya di read tapi tidak dibalas krn foto paket jedai dengan barang yg datang tidak sama kecewa tidak ada pertanggung jawaban setidaknya balas chat itu etikat yang baik,chat read balas foto paket jeda barang kecewa tanggung balas chat etikat,unknown,3,Tokopedia,Neutral,Bentuk,No,Kesehatan & Kecantikan,No
barang sudah sampai dipacking dengan aman dan dpt hrga promo lg thanks seller,barang dipacking aman hrga promo lg thanks seller,unknown,5,Tokopedia,Positive,Harga,No,Kesehatan & Kecantikan,No
packingan barangnya berantakan tdk rapi sm skali,packingan barang beranta rapi sm skali,unknown,1,Tokopedia,Negative,Bentuk,No,Kesehatan & Kecantikan,No
barang sampai dengan selamat cakep juga modelnya dan tidak pernah kecewa dengan produk eiger,barang selamat cakep model kecewa produk eiger,unknown,5,Tokopedia,Positive,Bentuk,No,Fashion,No
barang sesuai gambar cuman perlu adaptor 12v lagi supaya bisa nyala terima kasih juga buat kurirnya,barang sesuai gambar cuman adaptor 12v nyala terima kasih kurir,unknown,4,Tokopedia,Positive,Bentuk,No,Elektronik,No
padahal gw uda kasih note warna merah dan gw udah chat kepenjual juga yang dateng malah warna ungu error nih yang jual kesel gw,uda kasih note warna merah chat jual dateng warna ungu error jual kesel,unknown,1,Tokopedia,Negative,Bentuk,Yes,Hobi & Hiburan,No
udah yang ketiga kali buat disini best banget asli cepat gak ada obattt,tiga best asli cepat obattt,unknown,5,Tokopedia,Positive,Bentuk,No,Lainnya,No
bagus alatnya dan bagus service nya cepat nyampe barangnya,bagus alat bagus service cepat barang,unknown,5,Tokopedia,Positive,Bentuk,No,Otomotif,No
pas beli nanya dulu tipe untuk macbook pro 13inch m1 yang mana di variasi nya kata penjualnya yang new pro pas dateng casing kekecilan karena salah tipe ternyata dan penjual pake banyak alesan gamau tanggung jawab padahal yang salah ya yg ngejual kecewa gamau lagi beli disini ga tanggung jawab,pas beli nanya tipe macbook pro 13inch m1 variasi jual new pro pas dateng casing kecil salah tipe jual pake alesan gamau tanggung salah ngejual kecewa gamau beli tanggung,unknown,1,Tokopedia,Negative,Bentuk,Yes,Elektronik,Yes
terima kasih telah menjual seruling yamaha ori dan barang cepat tiba dalam keadaan baik,terima kasih jual seruling yamaha original barang cepat,unknown,5,Tokopedia,Positive,Bentuk,No,Hobi & Hiburan,No
barangnya tidak berfungsi boxnya sudah kebuka,barang fungsi boxnya buka,unknown,2,Tokopedia,Negative,Lainnya,Yes,Elektronik,No
earcupnya lembut best value headset sound mantap nyaman dan praktis tinggal plug and play mantaaaap laaah buat gamer,earcupnya lembut best value headset sound mantap nyaman praktis tinggal plug and play mantaaaap laaah gamer,unknown,5,Tokopedia,Positive,Rasa,No,Elektronik,No
proses pengiriman yg sangat lama,proses kirim,unknown,2,Tokopedia,Negative,Lainnya,No,F&B,No
karungnya lbh byk yg rusak drpd yg bagusnya ga bs dipakai buat beras lg,karung lbh byk rusak drpd bagus bs pakai beras lg,unknown,1,Tokopedia,Negative,Bentuk,Yes,Lainnya,Yes
banyak tombol yg rusak batre rusak tidak bisa di charge,tombol rusak batre rusak charge,unknown,1,Tokopedia,Negative,Lainnya,Yes,Elektronik,No
respon baik packing baik tapi perlu para pembeli tahu kalau barang ini ada masalah harus kirim ke medan pas ada masalah waduh ngotot nya minta ampun coba pikir pakai logika mana ada firmware update no dan setelah update bisa hilang dan update lagi herannya kaga percaya sama costumer yang beli barang dan bayar ongkir ke medan akhirnya barang tetap tidak di perbaiki atau di tukar alasannya di periksa di sana tidak ada masalah ya silahkan saja buat yang mau belanja tapi tolong teliti,respon packing beli barang kirim medan pas ngotot ampun coba pikir pakai logika firmware update no update hilang update heran kaga percaya costumer beli barang bayar ongkos kirim medan barang baik tukar alas periksa silah belanja tolong teliti,unknown,3,Tokopedia,Neutral,Harga,No,Elektronik,No
kunci bagian depan kendur alias tidak kencang dan respon seller sangat tidak memuaskan,kunci kendur alias kencang respon seller muas,unknown,2,Tokopedia,Negative,Lainnya,No,Perabotan,No
bagus bgt sesuai gambar pngiriman jg cpt,bagus sesuai gambar pngiriman cpt,unknown,5,Tokopedia,Positive,Bentuk,No,F&B,No
mantap barang sudah sampai dgn harga yg sangat ekonomis tapi kualitas barang tdk ekonomis recommended seller nih,mantap barang harga ekonomis kualitas barang ekonomis recommended seller,unknown,5,Tokopedia,Positive,Harga,No,Fashion,No
kualitas suara bagus kualitas built jg bagus dan kualitas battey ok banget cuma kekurangannya dia ngga ada mic spertinya krn device saya tidak detek mic jd kalo dipake telponan hrs ttp pake mic internal dari device tapi enak buat sekedar denger musik nonton dan maen game,kualitas suara bagus kualitas built bagus kualitas battey oke kurang mic spertinya device detek mic jd dipake telpon hrs ttp pake mic internal device dar denger musik nonton maen game,unknown,5,Tokopedia,Positive,Bentuk,No,Elektronik,No
ini mah ada robusta nya ga sesuai deskripsi dan ekspetasi payah,mah robusta sesuai deskripsi ekspetasi payah,unknown,1,Tokopedia,Negative,Bentuk,No,F&B,No
overall semua oke seller respon dan pengiriman tapi utk talinya kurang kuat baru beberapa x pake sudah putus next agar dibagusin lg ya thx,overall oke seller respon kirim tali kuat pake putus next dibagusin lg thx,unknown,4,Tokopedia,Positive,Bentuk,No,Fashion,No
mengenai barang sdh sesuai respon sangat lambat saya minta dikirim pake sameday jam barang baru diantar dan keterima di hari ke cat transaksi sebelum jam siang packing barang saat pengiriman sangat seadanya tidak rekomendasi deh klw buat yang barang pengen buru buru diterima dipakai,barang sesuai respon lambat kirim pake sameday jam barang antar terima cat transaksi jam siang packing barang kirim ada rekomendasi klw barang ken buru buru terima pakai,unknown,1,Tokopedia,Negative,Bentuk,Yes,Perlengkapan Kantor,No
admin cekatan barang sampai tepat waktu paking rapi,admin cekat barang waktu paking rapi,unknown,5,Tokopedia,Positive,Bentuk,No,Kesehatan & Kecantikan,No
bad service pengiriman same day gosend melewati batas estimasi jika tdk mampu melayani pengiriman sameday gosend sebaiknya di non aktifkan agar pembeli tdk bayar lbh mahal ongkir,bad service kirim same day gosend lewat batas estimasi layan kirim sameday gosend non aktif beli bayar lbh mahal ongkos kirim,unknown,1,Tokopedia,Negative,Harga,No,F&B,No
bagussss selalu repat order,bagussss repat order,unknown,5,Tokopedia,Positive,Bentuk,No,Kesehatan & Kecantikan,No
bahannya kurang kuat sehingga pada saat mau pasang ke quick mount malah patah mekanisme penguncinya,bahan kuat pasang quick mount patah mekanisme kunci,unknown,3,Tokopedia,Neutral,Bentuk,No,Elektronik,No
barang sampai dengan selamat fungsi insya allah berjalan dengan baik tinggal penggunaannya masih belum mahir barang oke mantap,barang selamat fungsi insya allah jalan tinggal guna mahir barang oke mantap,unknown,5,Tokopedia,Positive,Rasa,No,Elektronik,No
keras banget dan ukuran nya gede jadi nya dikit banget,keras ukur gede dikit,unknown,1,Tokopedia,Negative,Rasa,No,Perawatan Hewan,No
produknya sesuai gambar,produk sesuai gambar,unknown,4,Tokopedia,Positive,Bentuk,No,Fashion,No
barangnya original ada garansi resmi suaranya jernih desainnya modern nyaman dipakai lama koneksi bluetooth kuat material premium baterai tahan lama noise cancellation mantap kabelnya kuat bass nya mantap suaranya gurih harganya terjangkau value for money koneksi ke apple lancar koneksi android lancar suaranya bersih nggak kresek kresek penjualnya ramah banget proses pesanan cepat,barang original garansi resmi suara jernih desain modern nyaman pakai koneksi bluetooth kuat material premium baterai tahan noise cancellation mantap kabel kuat bass mantap suara gurih harga jangkau value for money koneksi apple lancar koneksi android lancar suara bersih kresek kresek jual ramah proses pesan cepat,unknown,5,Tokopedia,Positive,Bentuk,No,Elektronik,No
produk masih di pakek sehari lo bayangin udah rusak analog nya wkwk asem tenan wkwk,produk pakek hari bayangin rusak analog wkwk asem tenan wkwk,unknown,3,Tokopedia,Neutral,Bentuk,No,Elektronik,No
baru mau di pake clipnya copot,pake clipnya copot,unknown,3,Tokopedia,Neutral,Lainnya,No,Fashion,No
overall semua oke seller respon dan pengiriman tapi untuk talinya kurang kuat baru beberapa kali pake sudah putus next agar dibagusin lagi ya,overall oke seller respon kirim tali kuat pake putus next dibagusin,unknown,3,Tokopedia,Neutral,Bentuk,No,Fashion,No
akhirnya kesampaian dpat produk ini dengan harga yang pas barangnya juga memuaskan desain sangat unik sangat cocok buat relaxing terima kasih,dpat produk harga pas barang muas desain unik cocok relaxing terima kasih,unknown,5,Tokopedia,Positive,Bentuk,No,Perabotan,No
material produk bagus ukuran produk sesuai produk sesuai kualitas produk bagus,material produk bagus ukur produk sesuai produk sesuai kualitas produk bagus,unknown,5,Tokopedia,Positive,Bentuk,No,F&B,No
gercep banget adminnya nih top lah pokoknya,gercep adminnya top pokok,unknown,5,Tokopedia,Positive,Lainnya,No,Kesehatan & Kecantikan,No
respon pengiriman cepat produk ori dan expired masih lama semoga berhasil mengatasi rambut rontok dan tipis awet juga untuk pemakaiannya,respon kirim cepat produk original expired moga hasil atas rambut rontok tipis awet pakai,unknown,5,Tokopedia,Positive,Bentuk,No,Kesehatan & Kecantikan,No
gamepad mantap tombolnya jg enak tp sayang ukurannya kekecilan packing jg aman dan pengiriman cepad,gamepad mantap tombol sayang ukur kecil packing aman kirim cepad,unknown,5,Tokopedia,Positive,Bentuk,No,Elektronik,No
sampah bgt mohon jangan di beli produk se sampah ini,sampah beli produk sampah,unknown,1,Tokopedia,Negative,Lainnya,No,Otomotif,No
waw murah bangetttt packingnya rapih produknya bagus keren mantap sangat uhuuy pisan deh pokoknya hehehehehe,waw murah bangetttt packingnya rapih produk bagus keren mantap uhuuy pis pokok hehehehehe,unknown,5,Tokopedia,Positive,Bentuk,No,Elektronik,No
sudah pake rutin bulan g ada hasil payah,pake rutin hasil payah,unknown,1,Tokopedia,Negative,Lainnya,No,Kesehatan & Kecantikan,No
kualitas cetakan buku kurang baik,kualitas cetak buku,unknown,2,Tokopedia,Negative,Bentuk,No,Hobi & Hiburan,No
ini bagus banget kualitas mantap,bagus kualitas mantap,unknown,5,Tokopedia,Positive,Bentuk,No,Perawatan Hewan,No
barang tidak sesuai di iklan padahal saya memberi pesan saya melalui catatan pada penjual saya pesan yang nomor ikan cupang sekian ada dlm catatan,barang sesuai iklan pesan catat jual pesan nomor ikan cupang sekian dlm catat,unknown,1,Tokopedia,Negative,Bentuk,Yes,Perawatan Hewan,No
dijamin termurah tapi buka murahan kualitas bahan mantap berfungsi dengan baik,jamin murah buka murah kualitas bahan mantap fungsi,unknown,5,Tokopedia,Positive,Bentuk,No,Hobi & Hiburan,No
saran dikasih logo tulisan 1more di silikon nya terus untuk indikator charge dikasih lubang biar keliatan jelas ngecas ngga overall puas sama barangnya,saran kasih logo tulis 1more silikon indikator charge kasih lubang biar liat ngecas overall puas barang,unknown,5,Tokopedia,Positive,Bentuk,No,Elektronik,No
tidak berfungsi tapi yaa sudahlah sudah ditambah daya pakai mikro usb cas hp tetap tidak bisa,fungsi yaa tambah daya pakai mikro usb cas hp,unknown,1,Tokopedia,Negative,Lainnya,Yes,Elektronik,No
tidak sesuai pesanan barang yg kirim kurang penjual asal paking saja tidak teliti,sesuai pesan barang kirim jual paking teliti,unknown,1,Tokopedia,Negative,Bentuk,Yes,Perawatan Hewan,No
produk sih bagus hanya seller tidak teliti mbaca pesanan salah ukurannya jadinya saya yang susah,produk bagus seller teliti mbaca pesan salah ukur susah,unknown,3,Tokopedia,Neutral,Bentuk,No,Elektronik,No
beli tgl dikirim tgl lelet mana free buku gambar ga dikasih klo ga ada bilang bro jgn diem aja udah beli no free sama sekali jgn beli disini lg,beli tgl kirim tgl lelet free buku gambar kasih bilang bro jgn diem beli no free jgn beli lg,unknown,1,Tokopedia,Negative,Bentuk,No,Kesehatan & Kecantikan,No
pengiriman sangat cepat masker jahitannya rapi dan bahan kain baik,kirim cepat masker jahit rapi bahan kain,unknown,5,Tokopedia,Positive,Bentuk,No,Fashion,No
pelatuk kurang bagus sudah tidak mau nyala sekarang,pelatuk bagus nyala,unknown,1,Tokopedia,Negative,Bentuk,No,Perabotan,No
bagian dalam berantakan semua benang nya seandainya bisa lebih bagus tambah mahal sedikit pasti banyak yg mau ini bagus luar nya,beranta benang anda bagus mahal bagus,unknown,3,Tokopedia,Neutral,Bentuk,No,Fashion,No
lancaaaaarr semuanya kamarnya bagus terimakasih banyak yaaaaa,lancaaaaarr kamar bagus terimakasih yaaaaa,unknown,5,Tokopedia,Positive,Bentuk,No,Hobi & Hiburan,No
yeay dapet harga diskon beli box sampai tepat waktu terima kasih,yeay harga diskon beli box waktu terima kasih,unknown,5,Tokopedia,Positive,Harga,No,Kesehatan & Kecantikan,No
kalkulator nya mati satu tolong kak sebelum di kirim barang di tes dahulu,kalkulator mati tolong kak kirim barang tes,unknown,1,Tokopedia,Negative,Lainnya,Yes,Perlengkapan Kantor,No
produk berjalan dengan lancar dna sangat membantu bila bepergian keluar negeri,produk jalan lancar dna bantu pergi negeri,unknown,5,Tokopedia,Positive,Lainnya,No,Hobi & Hiburan,No
balon nya kecil bngt,balon bngt,unknown,1,Tokopedia,Negative,Bentuk,No,Kerajinan & Pesta,No
nyaman di punggung penjualnya ramah banget,nyaman punggung jual ramah,unknown,5,Tokopedia,Positive,Bentuk,No,Ibu & Bayi,No
barang hanya dpt berfungsi beberapa hari terus mati tdk dpt signal dan ketika brg diretur ternyata sama aja mati lagi tdk da signal,barang fungsi mati signal brg retur mati da signal,unknown,1,Tokopedia,Negative,Bentuk,Yes,Elektronik,No
keras gak ada rasa,keras,unknown,1,Tokopedia,Negative,Rasa,No,F&B,No
cepet rusak kadang konek kadang engga,cepet rusak kadang konek kadang engga,unknown,3,Tokopedia,Neutral,Lainnya,No,Elektronik,No
barang sesuai pesanan tp seller luar biasa responnya cepat n barang sdh sampai lebih cepat dr estimasi sukses selalu n sehat selalu y gan terimakasih,barang sesuai pesan seller responnya cepat barang cepat estimasi sukses sehat gan terimakasih,unknown,5,Tokopedia,Positive,Bentuk,No,Perabotan,No
semua kelipet yg pakai mata ayam print an juga gak rapi kecewa sih,kelipet pakai ayam print an rapi kecewa,unknown,2,Tokopedia,Negative,Bentuk,Yes,Lainnya,No
barang sesuai pesanan pengiriman cepat pengemasan sangat bagus bubble wrap tebal,barang sesuai pesan kirim cepat kemas bagus bubble wrap tebal,unknown,5,Tokopedia,Positive,Bentuk,No,Elektronik,No
barang sudah sampai dengan selamat barang sesuai dengan deskripsi produk packing oke recommended seller,barang selamat barang sesuai deskripsi produk packing oke recommended seller,unknown,5,Tokopedia,Positive,Bentuk,No,Kerajinan & Pesta,No
segel beda seharusnya segel sein seperti yg kecil seller kurang paham instruksi seperti barang repack,segel beda segel sein seller paham instruksi barang repack,unknown,3,Tokopedia,Neutral,Bentuk,No,Elektronik,No
untuk respon penjual bagus tapi kondisi barang biasa aja bahkan agak rusak bagian tombol dan kadang mati sendiri saat menjalankan game,respon jual bagus kondisi barang rusak tombol kadang mati jalan game,unknown,2,Tokopedia,Negative,Bentuk,Yes,Elektronik,Yes
jelekkk sepatu nya gak,jelekkk sepatu,unknown,1,Tokopedia,Negative,Bentuk,No,Hobi & Hiburan,No
alhamdulillah paket sampai dgn cepat suaranya jernih juga ibu saya seneng bisa denger radio rodja lagi seller ramah dan responsif semoga awet produknya semoga berkah untuk seller,alhamdulillah paket cepat suara jernih neng denger radio rodja seller ramah responsif moga awet produk moga berkah seller,unknown,5,Tokopedia,Positive,Bentuk,No,Elektronik,No
pengiriman cepat bgt mantap sukses selalu yaaa,kirim cepat mantap sukses yaaa,unknown,5,Tokopedia,Positive,Rasa,No,Kesehatan & Kecantikan,No
produk ok sesuai ekspektasi terima kasih,produk oke sesuai ekspektasi terima kasih,unknown,4,Tokopedia,Positive,Bentuk,No,Fashion,No
terima kasih atas pelayanannya yg memuaskan sukses selalu,terima kasih layan muas sukses,unknown,5,Tokopedia,Positive,Lainnya,No,Hobi & Hiburan,No
tolong gan ps3 nya ga mw tampilkab gambar di tv pakai hdmi lampu power yg merah kedap kedip trus,tolong gan ps3 mw tampilkab gambar tv pakai hdmi lampu power merah kedap kedip trus,unknown,1,Tokopedia,Negative,Lainnya,No,Elektronik,No
kirim barang tanpa diperiksa lg tidak bisa di pungsikan colokan kabel cas ggk di bisa masukkan kelubang utk cas nya jd ggk bisa ngecas,kirim barang periksa lg pungsi colok kabel cas ggk masuk lubang cas jd ggk ngecas,unknown,2,Tokopedia,Negative,Lainnya,No,Hobi & Hiburan,No
gede balonnya tidak sebesar yg di iklan,gede balon iklan,unknown,1,Tokopedia,Negative,Bentuk,No,Kerajinan & Pesta,No
baru pake sekali per nya lepas2 terus ampas,pake lepas2 ampas,unknown,1,Tokopedia,Negative,Bentuk,No,Otomotif,No
packing hanya pakai selembar plastik kresek kertas basah semua,packing pakai lembar plastik kresek kertas basah,unknown,1,Tokopedia,Negative,Bentuk,No,Perlengkapan Kantor,No
jelek jgn beli disini kecewa harga murah emang murahan bahannya nyesal penjualnya,jelek jgn beli kecewa harga murah murah bahan nyesal jual,unknown,1,Tokopedia,Negative,Harga,Yes,Hobi & Hiburan,Yes
rusak pcs gak bisa pakai karena packing asal,rusak pcs pakai packing,unknown,1,Tokopedia,Negative,Lainnya,Yes,Perawatan Hewan,No
proses cepat produk berfungsi dgn baik,proses cepat produk fungsi,unknown,5,Tokopedia,Positive,Lainnya,No,Perabotan,No
baru dibuka dan ditutup lagi sudah patah kualitas jelek banget,buka tutup patah kualitas jelek,unknown,1,Tokopedia,Negative,Bentuk,No,F&B,No
sempat terkendala dgn pengiriman tapi dibayar dgn barang yang bagus dan packing nya rapih,kendala kirim bayar barang bagus packing rapih,unknown,4,Tokopedia,Positive,Bentuk,No,Hobi & Hiburan,No
mantabb selernya baik banget penyabar sampe salah paham tapi selernya tetep profesional dan baik hati positive seler game nya seru kelengkapan sesuai produk terbaru,mantabb selernya sabar salah paham selernya tetep profesional hati positive seler game seru lengkap sesuai produk baru,unknown,5,Tokopedia,Positive,Bentuk,No,Elektronik,No
barang tdk bs di pake ring tune jg g bunyi kecewa,barang bs pake ring tune bunyi kecewa,unknown,1,Tokopedia,Negative,Lainnya,Yes,Elektronik,Yes
mantap packing rapi mantap pokoknya,mantap packing rapi mantap pokok,unknown,5,Tokopedia,Positive,Rasa,No,Lainnya,No
celana ukuran tidak akurat,celana ukur akurat,unknown,3,Tokopedia,Neutral,Bentuk,No,Fashion,No
barang tiba sesuai pesanan tinggal dipake masak deh terima kasih ya,barang sesuai pesan tinggal dipake masak terima kasih,unknown,4,Tokopedia,Positive,Bentuk,No,F&B,No
kualitas bagus sampainya juga cepat terima kasih,kualitas bagus sampai cepat terima kasih,unknown,5,Tokopedia,Positive,Bentuk,No,Lainnya,No
ada satu kurang kabel satu jadi tolong lebih teliti lagi dalam pengiriman nya,kabel tolong teliti kirim,unknown,1,Tokopedia,Negative,Lainnya,No,Hobi & Hiburan,No
sangat tidak recommended,recommended,unknown,1,Tokopedia,Negative,Lainnya,Yes,Hobi & Hiburan,No
sudah sesuai dengan pesanan,sesuai pesan,unknown,5,Tokopedia,Positive,Bentuk,No,Kesehatan & Kecantikan,No
kualitasnya parah keteken langsung pecah,kualitas parah teken pecah,unknown,2,Tokopedia,Negative,Bentuk,Yes,Elektronik,No
toko gak bertanggung jawab barang rusak yang dikirim minta tolong barang diganti aja alasannya banyak banget dan sampe skr juga barang yang saya beli gak di ganti2 benar2 gak ada tanggung jawabnya sama sekali nih toko,toko tanggung barang rusak kirim tolong barang ganti alas skr barang beli ganti2 benar2 tanggung toko,unknown,1,Tokopedia,Negative,Bentuk,Yes,Elektronik,No
produk dikirim tidak lengkap,produk kirim lengkap,unknown,1,Tokopedia,Negative,Lainnya,No,Ibu & Bayi,No
barang sesuai deskripsi pegangan kokoh dan stabil packaging aman dan bagus orderan ke selalu puas seller gercep hari minggu dikirim kurir cepat next order lagi,barang sesuai deskripsi pegang kokoh stabil packaging aman bagus order puas seller gercep minggu kirim kurir cepat next order,unknown,5,Tokopedia,Positive,Bentuk,No,Perabotan,No
brg di trima dgn baik n respon cepat tks,brg trima respon cepat tks,unknown,5,Tokopedia,Positive,Lainnya,No,Kerajinan & Pesta,No
datang dlm keadaan gagang bengkok pecah gak niat banget packingnya minimal digulung pakai kardus bekas lah biar gak rusak produknya belanja di official store kok seperti belanja di toko biasa gak sempat difoto barang langsung dibuang masuk tempat sampah sebagus apapun produk yg dibuat kalau pengiriman dan packing tidak aman tdk ada gunanya,dlm gagang bengkok pecah niat packingnya minimal gulung pakai kardus bekas biar rusak produk belanja official store belanja toko foto barang buang sampah bagus apa produk kirim packing aman guna,unknown,1,Tokopedia,Negative,Bentuk,Yes,Perabotan,Yes
tutup retak sehingga saat diterima sudah lepas dari markernya marker jadi kering kecewa banget,tutup retak terima lepas markernya marker kering kecewa,unknown,1,Tokopedia,Negative,Bentuk,Yes,Perlengkapan Kantor,Yes
respon dan pengiriman cepat prduk ok harga juga relatif murah thx ya,respon kirim cepat prduk oke harga relatif murah thx,unknown,5,Tokopedia,Positive,Harga,No,Perawatan Hewan,No
mudah digunakan suara yang dihasilkan jernih produk berfungsi dengan baik,mudah suara hasil jernih produk fungsi,unknown,5,Tokopedia,Positive,Lainnya,No,Elektronik,No
barang bisa digunakan dengan sesuai fungsi nya terimakasih,barang sesuai fungsi terimakasih,unknown,5,Tokopedia,Positive,Bentuk,No,Perabotan,No
waktu dites pake tongkat jepretannya mantep bgt cuma pas beneran dikasi umpan buat tikus setelah semalem umpannya ngilang tapi ga ada tikus yg ketangkep,waktu tes pake tongkat jepret mantep pas beneran kasi umpan tikus semalem umpan ngilang tikus ketangkep,unknown,5,Tokopedia,Positive,Bentuk,No,Perabotan,No
entah sudah berapa kali saya belanja dari frayday tidak pernah dikecewakan sama sekali bahan adem dan tahan lama d,belanja frayday kecewa bahan adem tahan,unknown,5,Tokopedia,Positive,Bentuk,No,Fashion,No
sdh kali belanja fast respons amanah,belanja fast respons amanah,unknown,5,Tokopedia,Positive,Lainnya,No,Fashion,No
brg diterima dlm keadaan baik belom dicoba mudah2an sesuai harapan,brg terima dlm bom coba mudah2an sesuai harap,unknown,5,Tokopedia,Positive,Bentuk,No,Otomotif,No
barang sudah di trima dgn baik dan rapi suara nya oke thanks,barang trima rapi suara oke thanks,unknown,4,Tokopedia,Positive,Bentuk,No,Hobi & Hiburan,No
pencongkel nya ringkih sekali pakai patah overall sesuai harga,congkel ringkih pakai patah overall sesuai harga,unknown,4,Tokopedia,Positive,Harga,No,Elektronik,No
barang berfungsi baik semoga awet,barang fungsi moga awet,unknown,4,Tokopedia,Positive,Bentuk,No,Hobi & Hiburan,No
sambungannya tidak rapih,sambung rapih,unknown,1,Tokopedia,Negative,Bentuk,No,Lainnya,No
barang original aseli dan aman,barang original aseli aman,unknown,5,Tokopedia,Positive,Bentuk,No,Lainnya,No
produk sesuai deskripsi packing rapi dan aman thanks ubs,produk sesuai deskripsi packing rapi aman thanks ubs,unknown,5,Tokopedia,Positive,Bentuk,No,Lainnya,No
barang penyok gaes klo dari ekspedisi kardus harusnya rusak nah ini kardusnya tebal dan masih mulus returan sy dari toko sebelah dibalikin lewat toped mana bohong lagi foto yg dikirim ke tokopedia care bukan foto paket saya untung asuransi mau terima claim jadi hati2 gaes nutrilon sudah mulai tidak amanah,barang penyok gaes ekspedisi kardus rusak kardus tebal mulus retur toko belah dibalikin toped bohong foto kirim tokopedia care foto paket untung asuransi terima claim hati2 gaes nutrilon amanah,unknown,1,Tokopedia,Negative,Bentuk,Yes,Ibu & Bayi,Yes
terakhir saya beli nge packnya g kenceng sobek semua berceceran dijalan saya beli rusak yg sobek semua isinya tumpah kemana2 yg satu pack sampe k saya dah tinggal 4n mungkin driver yg bawa jg g ati2 bawanya tapi klw nge packnya kuat mungkin g kejadian saya biasa beli g pernah seperti ini,beli nge packnya kenceng sobek cecer jalan beli rusak sobek isi tumpah kemana2 pack dah tinggal 4n driver bawa ati2 bawa klw nge packnya kuat jadi beli,unknown,1,Tokopedia,Negative,Bentuk,Yes,Perawatan Hewan,No
efektif membunuh hama barang sesuai deskripsi packaging aman dan bagus,efektif bunuh hama barang sesuai deskripsi packaging aman bagus,unknown,5,Tokopedia,Positive,Bentuk,No,Perabotan,No
salah kirim barang dan sudah dibantu bisa retur namun setelah retur ternyata barang yg dikirim rusak retak isi dalam eye shadow nya ini menunggu utk retur kembali semoga dapat dibantu utk bisa retur kembali,salah kirim barang bantu retur retur barang kirim rusak retak isi eye shadow tunggu retur moga bantu retur,unknown,3,Tokopedia,Neutral,Lainnya,No,Kesehatan & Kecantikan,No
bahannya nyaman nyaman di punggung desain ergonomis beban tersebar merata proses pesanan cepat,bahan nyaman nyaman punggung desain ergonomis beban sebar rata proses pesan cepat,unknown,5,Tokopedia,Positive,Bentuk,No,Ibu & Bayi,No
pengiriman lama sekali respon penjual jg lambat,kirim respon jual lambat,unknown,2,Tokopedia,Negative,Lainnya,No,Fashion,No
pengiriman cepat pesanan sesuai packing aman baru mau coba mbakoan next cari bako yg rasa lain mtr nuwun,kirim cepat pesan sesuai packing aman coba mbakoan next cari bako mtr nuwun,unknown,5,Tokopedia,Positive,Rasa,No,Lainnya,No
barang berfungsi dengan baik packaging aman,barang fungsi packaging aman,unknown,5,Tokopedia,Positive,Bentuk,No,Hobi & Hiburan,No
real pict real spek packing rapih dan sangat aman walaupun kertas printer thermal tp dikasih label fragile sellernya recomended sekali mantaaabbbss,real pict real spek packing rapih aman kertas printer thermal kasih label fragile sellernya recomended mantaaabbbss,unknown,5,Tokopedia,Positive,Bentuk,No,Perlengkapan Kantor,No
trima kasih respon cepat barang sampai dgn selamat,trima kasih respon cepat barang selamat,unknown,5,Tokopedia,Positive,Lainnya,No,Hobi & Hiburan,No
lembut banget bagus pegannya juga nyaman bobotnya sedang ngga berat juga ngga yg ringan2 banget,lembut bagus pegan nyaman bobot berat ringan2,unknown,5,Tokopedia,Positive,Bentuk,No,Perabotan,No
barang tidak berfungsi sangat buruk sekali,barang fungsi buruk,unknown,1,Tokopedia,Negative,Lainnya,Yes,Elektronik,No
barang yg dikirim tdk sesuai harusnya cat kuku yg datangnya eyesedo,barang kirim sesuai cat kuku datang eyesedo,unknown,1,Tokopedia,Negative,Bentuk,No,Kesehatan & Kecantikan,No
terpercaya ori fast respond ditunjukan caranya sampai akhir pokoknya the best deh recommended banget,percaya original fast respond tunjuk pokok the best recommended,unknown,5,Tokopedia,Positive,Bentuk,No,Elektronik,No
memang filter showerhead ini tidak disebutkan mereknya jd tidak bs dikatakan palsu tp saya agak kecewa silahkan dicoba sendiri aja mungkin saya salah,filter showerhead merek jd bs palsu kecewa silah coba salah,unknown,2,Tokopedia,Negative,Bentuk,Yes,Perabotan,No
mantap datang lengkap sesuai dengan orderan saya dan saya puas belanja disini selama dapat cashback gede,mantap lengkap sesuai order puas belanja cashback gede,unknown,5,Tokopedia,Positive,Rasa,No,Kesehatan & Kecantikan,No
keras nya bukan main kayk batu,keras main kayk batu,unknown,1,Tokopedia,Negative,Rasa,No,F&B,No
packing aman makasihhhhhh,packing aman makasihhhhhh,unknown,5,Tokopedia,Positive,Lainnya,No,Lainnya,No
saya beli tapi dua nya gk bisa digunakan di colokan dirumah saya sudah sy coba di colokan yg berbeda tapi tetap tidak bisa masuk,beli colok rumah coba colok beda,unknown,3,Tokopedia,Neutral,Bentuk,No,Perabotan,No
gameny aman buat online offline anak saya suka banget mainnya trims seller,gameny aman online offline anak suka main trims seller,unknown,5,Tokopedia,Positive,Lainnya,No,Elektronik,No
terlepas dari apapun alasan seller katanya barang sudah keluar kasir atau apalah udah dikirim katanya ternyata baru dikirim setelah hari transaksi dilakukan cukup kecewa dengan pelayanan yg sprti itu karena saya butuh untuk tugas kampus,lepas apa alas seller barang kasir apa kirim kirim transaksi kecewa layan sprti butuh tugas kampus,unknown,1,Tokopedia,Negative,Bentuk,Yes,Kerajinan & Pesta,Yes
packing bagus reson penjual cepat baterai sudah dicoba berfungsi normal hanya saja tadi waktu buat ngerekam video sempat tiba tiba ngedrop auto kamera mati sekarang baru dicas semoga nanti normal lagi,packing bagus reson jual cepat baterai coba fungsi normal waktu ngerekam video ngedrop auto kamera mati cas moga normal,unknown,5,Tokopedia,Positive,Bentuk,No,Elektronik,No
repeat order seller komunikatif pengiriman cepat fast response,repeat order seller komunikatif kirim cepat fast response,unknown,5,Tokopedia,Positive,Lainnya,No,Fashion,No
pengirimannya lama banget pesen dr tgl sampai tgl blm dikirim2 juga jd sy ajukan komplain ke toped abis itu baru barangnya dikirim sempet kecewa sih secara sy pesan di official storenya gitu tp service masih spt ini,kirim sen tgl tgl dikirim2 jd aju komplain toped abis barang kirim sempet kecewa pesan official storenya gitu service spt,unknown,3,Tokopedia,Neutral,Lainnya,No,Kesehatan & Kecantikan,No
produknya mudah rusak dan kalo kena kuku dan yg tajam2 runcing langsung robek dan benangnya terurai mau komplain udah terlanjur dibuka dan dipakai semua barang nya saya merasa dirugikan apalagi saya biasa beli yg bermerek walaupun mahal puas ini saya coba beli produk ini malah bikin habis uang saya harus beli lagi cd skrg,produk mudah rusak kuku tajam2 runcing robek benang urai komplain lanjur buka pakai barang rugi beli merek mahal puas coba beli produk bikin habis uang beli cd skrg,unknown,1,Tokopedia,Negative,Bentuk,Yes,Fashion,Yes
bahannya adem warnanya cantik tebalnya pas jahitan rapi,bahan adem warna cantik tebal pas jahit rapi,unknown,5,Tokopedia,Positive,Bentuk,No,Fashion,No
barang diterima dalam keadaan baik,barang terima,unknown,5,Tokopedia,Positive,Lainnya,No,Kesehatan & Kecantikan,No
baru pake hari udh berulah susah hidup kadang hang frezee blank saat lagi on komputer minta di ganti gk di respon trs buat apa embel2 garansi lifetime not recommended,pake ulah susah hidup kadang hang frezee blank on komputer ganti respon trs embel2 garansi lifetime not recommended,unknown,1,Tokopedia,Negative,Lainnya,No,Elektronik,Yes
awalnya seneng karena barang cepat sampai dan bagus ternyata belum sampai sebulan sudah rusak ga bisa dipake lg,neng barang cepat bagus bulan rusak dipake lg,unknown,1,Tokopedia,Negative,Bentuk,Yes,Elektronik,Yes
tidak sesuai ekpetasi,sesuai ekpetasi,unknown,1,Tokopedia,Negative,Bentuk,Yes,Otomotif,No
barang yang dikirim tidak sesuai yang dipesan,barang kirim sesuai pes,unknown,1,Tokopedia,Negative,Bentuk,Yes,Perabotan,No
barang sesuai gambar dan deskripsi namun tali nya kependekan,barang sesuai gambar deskripsi tali pendek,unknown,4,Tokopedia,Positive,Bentuk,No,Fashion,No
audio keluar gambar tidak settingan di ps juga sudah di ganti bukan rgb lagi tetap tidak keluar gambarnya,audio gambar settingan ps ganti rgb gambar,unknown,1,Tokopedia,Negative,Lainnya,No,Elektronik,No
ernyata tebel bangat pengiriman cepat packing aman kualitas barang oke kereenn banget thanx,ernyata tebel bangat kirim cepat packing aman kualitas barang oke kereenn thanx,unknown,5,Tokopedia,Positive,Bentuk,No,Perlengkapan Kantor,No
all positive overall feelnya enak dulu sempet punya aga nyesel juga dulu sempet jual dri build quality beda lah sama controller dng harga yg sama better banget feel kerasa kokohnya buat housingnya,all positive overall feelnya sempet aga nyesel sempet jual dri build quality beda controller dng harga better feel rasa kokoh housingnya,unknown,5,Tokopedia,Positive,Rasa,No,Elektronik,No
kata teman yg terjun di dunia musik barangnya kurang memuaskan mohon diperbaiki lagi produknya thx,teman terjun dunia musik barang muas baik produk thx,unknown,2,Tokopedia,Negative,Lainnya,No,Hobi & Hiburan,No
gantungan kuncinya bagus,gantung kunci bagus,unknown,5,Tokopedia,Positive,Bentuk,No,Otomotif,No
masalah pada pengiriman seperti biasa,kirim,unknown,3,Tokopedia,Neutral,Lainnya,No,Kesehatan & Kecantikan,No
baguuussss packing rapui cepat sampai terimakasih seller sukses selaluu,baguuussss packing rapu cepat terimakasih seller sukses selaluu,unknown,5,Tokopedia,Positive,Lainnya,No,Kesehatan & Kecantikan,No
keren banget pelayanannya cuman beli lilin ajah servicenya bagus dan super cepat pesan pagi eeeh siang dah tiba,keren layan cuman beli lilin ajah servicenya bagus super cepat pesan pagi eeeh siang dah,unknown,5,Tokopedia,Positive,Bentuk,No,Kerajinan & Pesta,No
pia nya gak dikirim,pia kirim,unknown,1,Tokopedia,Negative,Lainnya,No,F&B,No
recommended barang sesuai seller gercep pengemasan mantap banget,recommended barang sesuai seller gercep kemas mantap,unknown,5,Tokopedia,Positive,Rasa,No,Perawatan Hewan,No
barang bagus sesuai dekripsi tapi sayang packingnya kurang rapi dan ada beberapa yang rusak yasinnya,barang bagus sesuai dekripsi sayang packingnya rapi rusak yasinnya,unknown,3,Tokopedia,Neutral,Bentuk,No,Hobi & Hiburan,No
ini enak bangett packingnya juga bagus bangett terima kasihh recommended bangett dehh,bangett packingnya bagus bangett terima kasihh recommended bangett dehh,unknown,5,Tokopedia,Positive,Rasa,No,F&B,No
saya nggak terima paketnya sama sekali saya minta lacak malah no respon,terima paket lacak no respon,unknown,1,Tokopedia,Negative,Bentuk,No,Fashion,No
beli pepsodent paket pcs tapi yg dikirim di complain malah minta video unboxing gue tau isinya kurang karna gue buka paketnya wey kalo gue tau isi paketnya kurang udah gue buat video dari awal,beli pepsodent paket pcs kirim complain video unboxing tau isi karna buka paket wey tau isi paket video,unknown,1,Tokopedia,Negative,Lainnya,No,Kesehatan & Kecantikan,No
pesanan jenis ikan yg dikirim bulet hadeuuuh,pesan jenis ikan kirim bulet hadeuuuh,unknown,1,Tokopedia,Negative,Lainnya,No,Perawatan Hewan,No
ga sesuai dengan yg di posting,sesuai posting,unknown,1,Tokopedia,Negative,Bentuk,No,Ibu & Bayi,No
bagus barangnya cepet nyampeknya,bagus barang cepet nyampeknya,unknown,4,Tokopedia,Positive,Bentuk,No,Fashion,No
sidik jari masih ada jdi layar kusam saja karna banyak sentuhan terus efek kaya kertas nya gue rasa ga ada ngaruh nya ga ada tuh kesan paperlike nya tidak kaya deskripsi dan fotonya cuma sebatas pelindung anti gores aja si ini rasanya,sidik jari jdi layar kusam karna sentuh efek kaya kertas ngaruh tuh kesan paperlike kaya deskripsi foto batas lindung anti gores si,unknown,3,Tokopedia,Neutral,Bentuk,No,Elektronik,No
overall puas cuman sayang salah kirim warna,overall puas cuman sayang salah kirim warna,unknown,3,Tokopedia,Neutral,Bentuk,No,Elektronik,No
sesuai dengan pesann dan barang cepet sampai sesuai pilihan pengiriman,sesuai pesann barang cepet sesuai pilih kirim,unknown,5,Tokopedia,Positive,Bentuk,No,Kesehatan & Kecantikan,No
produk nya bocor karena packing nya krg bgs dr dus luar nya aja basah sampe ke dlm isi botol habis stengah nya mungkin bisa jadi masukkan buat seller supaya lain kali bisa packing yg lbh aman,produk bocor packing krg bagus dus basah dlm isi botol habis stengah masuk seller packing lbh aman,unknown,1,Tokopedia,Negative,Lainnya,No,Kesehatan & Kecantikan,No
suara kecil sebelah ini produk bermasalah kaulitas kontrolnya gak rekomen,suara belah produk masalah kaulitas kontrol rekomen,unknown,1,Tokopedia,Negative,Bentuk,No,Elektronik,No
gak sesuai gambar sudah benyek kemasan plastiknya polos gk ada print 3mnya sesuai gambar,sesuai gambar benyek kemas plastik polos print 3mnya sesuai gambar,unknown,1,Tokopedia,Negative,Bentuk,No,Otomotif,No
lampunya mati sialan,lampu mati sial,unknown,1,Tokopedia,Negative,Lainnya,Yes,Otomotif,No
anak saya suka aman untuk si kecil,anak suka aman si,unknown,5,Tokopedia,Positive,Bentuk,No,Hobi & Hiburan,No
barang rusak dikirim,barang rusak kirim,unknown,1,Tokopedia,Negative,Lainnya,Yes,Perabotan,No
makasih seller ramah recomended seller tx u shakernya ya bisa buat langganan nih,makasih seller ramah recomended seller tx shakernya langgan,unknown,5,Tokopedia,Positive,Lainnya,No,Kesehatan & Kecantikan,No
sangat mengecewakan barang dikirim tidak sesuai dengan deskripsi permintaan pembeli,kecewa barang kirim sesuai deskripsi minta beli,unknown,1,Tokopedia,Negative,Bentuk,Yes,Kesehatan & Kecantikan,No
ga sesuai foto dan bahan bukan kulit lembu bohong,sesuai foto bahan kulit lembu bohong,unknown,1,Tokopedia,Negative,Bentuk,Yes,Hobi & Hiburan,No
plastiknya cukup tebal desainnya keliatan cukup kokoh langsung dipakai utk zoom hape stabil mudah2an awet,plastik tebal desain liat kokoh pakai zoom hape stabil mudah2an awet,unknown,5,Tokopedia,Positive,Bentuk,No,Elektronik,No
baru co beberapa jam kemudian udah dipacking pengiriman super cepet dan yang penting produk aman ga ada yang tumpah ini sabun oke banget buat nyembuhin jerawat badan plisss jangan discontinue yaaaaa mintnya seger bgtttt,co jam dipacking kirim super cepet produk aman tumpah sabun oke nyembuhin jerawat badan plisss discontinue yaaaaa mintnya seger bgtttt,unknown,5,Tokopedia,Positive,Lainnya,No,Kesehatan & Kecantikan,No
mantabs sih build quality nya bagus banget dan satisfying banget pas ambil bulu kucing dari sela sela sisir nya,mantabs build quality bagus satisfying pas ambil bulu kucing sisir,unknown,5,Tokopedia,Positive,Bentuk,No,Perawatan Hewan,No
beli buah tapi hanya dikirim dan dengan enaknya ngomong pengembalian dana be careful jangan2 memang tokonya sengaja,beli buah kirim enak ngomong kembali dana be careful jangan2 toko sengaja,unknown,1,Tokopedia,Negative,Rasa,No,Kesehatan & Kecantikan,No
mantep respon cepat pengiriman instan recomended banget,mantep respon cepat kirim instan recomended,unknown,5,Tokopedia,Positive,Lainnya,No,Lainnya,No
bahan nya enak dan adem bakal langganan ini kak biar motif nya beda dr yg aq pesan no prob yg penting bahan enak buat tidur dan harga terjangkau,bahan adem langgan kak biar motif beda pesan no prob bahan tidur harga jangkau,unknown,5,Tokopedia,Positive,Harga,No,Fashion,No
barang tidak sesuai dengan produk yang dipesan gm bear set pisau tapi yg datang terkirim merk buck i,barang sesuai produk pes gm bear set pisau kirim merk buck,unknown,2,Tokopedia,Negative,Bentuk,Yes,F&B,No
ga sesuai permintaan udh jelas2 dikasi keterangan orderannya dan di chat biar inget eeh malah barang yg datang warna tdk sesuai dengan jumlah warna yg diinginkan pengen cepet ngirim aja ini lapaknya klo ga punya stok jgn di approve,sesuai minta jelas2 kasi terang order chat biar inget eeh barang warna sesuai warna ken cepet ngirim lapak stok jgn approve,unknown,2,Tokopedia,Negative,Bentuk,No,Fashion,No
alhamdulillah barang sudah sampai bisa dipakai semoga berfungsi dengan baik dan awet kurirnya baik smoga rezekinya lancar terus,alhamdulillah barang pakai moga fungsi awet kurir smoga rezeki lancar,unknown,5,Tokopedia,Positive,Bentuk,No,Elektronik,No
kecewa tdk spt yg diharapkan basah semua keluar airnya meskipun udah diputer mulai dr yg plg kecil maupun yg besarrr,kecewa spt harap basah air puter plg besarrr,unknown,2,Tokopedia,Negative,Bentuk,Yes,Perabotan,Yes
lumayanlah sesuai harga,lumayan sesuai harga,unknown,4,Tokopedia,Positive,Harga,No,Fashion,No
ga berfungsi dengan baik,fungsi,unknown,2,Tokopedia,Negative,Lainnya,No,Hobi & Hiburan,No
buku sedikit cacat di bagian kertas tapi overall mantap,buku cacat kertas overall mantap,unknown,4,Tokopedia,Positive,Rasa,No,Hobi & Hiburan,No
tokonya songgong brg rusak minta dibebanin ke konsumen ngak usah jd penjual kalo bubble dibebankan ke pembeli,toko songgong brg rusak dibebanin konsumen ngak jd jual bubble beban beli,unknown,1,Tokopedia,Negative,Lainnya,Yes,Perlengkapan Kantor,No
kwalitas nya rendah,kwalitas rendah,unknown,2,Tokopedia,Negative,Bentuk,No,Hobi & Hiburan,No
orgdapet barang nya bgs tapi saya dapet yg patah,orgdapet barang bagus patah,unknown,2,Tokopedia,Negative,Lainnya,No,Kesehatan & Kecantikan,No
ini tidak dikirim satupun dan tidak ada chat apapun dari penjual sudah dikomplain entah kenapa bisa selesai begitu saja mengecewakan padahal anak saya suka sekali ini dan menunggu dateng ternyata ga dikirim,kirim satu chat apa jual komplain selesai kecewa anak suka tunggu dateng kirim,unknown,1,Tokopedia,Negative,Lainnya,Yes,F&B,Yes
sangat kecewa dengan pengiriman yang sangat lama dan sangat sangat bermasalah di ekspedisi pengiriman s c at dan penjual tidak fast response,kecewa kirim masalah ekspedisi kirim at jual fast response,unknown,1,Tokopedia,Negative,Lainnya,Yes,Perawatan Hewan,No
mantab berkwalitaswarnanya cantik potongannya rapi ukurannya sesuai bahannya adem produk berkualitas produk sesuai dengan foto,mantab berkwalitaswarnanya cantik potong rapi ukur sesuai bahan adem produk kualitas produk sesuai foto,unknown,5,Tokopedia,Positive,Bentuk,No,Fashion,No
bagus packing aman,bagus packing aman,unknown,5,Tokopedia,Positive,Bentuk,No,Kerajinan & Pesta,No
toples ada yang penyok belum dipakai semua dr pcs tapi gpp msh berfungsi,toples penyok pakai pcs gpp fungsi,unknown,3,Tokopedia,Neutral,Lainnya,No,F&B,No
bagus admin garcep warna kosong langsung konfirmasibahannya adem jahitan rapi warnanya cantik,bagus admin garcep warna kosong konfirmasibahannya adem jahit rapi warna cantik,unknown,4,Tokopedia,Positive,Bentuk,No,Fashion,No
pengiriman lama jam ok semoga awet,kirim jam oke moga awet,unknown,3,Tokopedia,Neutral,Bentuk,No,Fashion,No
fast respon recommended seller,fast respon recommended seller,unknown,5,Tokopedia,Positive,Lainnya,No,Perlengkapan Kantor,No
masya allah saya kira bahan nya kaku ternya nya bahannya lembut dan nyaman di pake sama suami bisa2 langganan nih pelayanan nya juga memuaskan pokonya,masya allah bahan kaku ter bahan lembut nyaman pake suami bisa2 langgan layan muas poko,unknown,5,Tokopedia,Positive,Bentuk,No,Fashion,No
bukan dendeng daging sapi asli semacam campuran,dendeng daging sapi asli campur,unknown,1,Tokopedia,Negative,Bentuk,No,F&B,No
kecewa si packing nya ga bagus ga di kasih bubble wrap juga padahal sudah di tulis di note pemesanan,kecewa si packing bagus kasih bubble wrap tulis note mesan,unknown,1,Tokopedia,Negative,Bentuk,Yes,Kesehatan & Kecantikan,No
silica gel nya lembab packing kurang rapat dan rapih seharusnya di packing dengan rapat,silica gel lembab packing rapat rapih packing rapat,unknown,3,Tokopedia,Neutral,Bentuk,No,Elektronik,No
barang tidak sesuai dikirim yang lebih murah selisih harga barang tidak dapat direfund barang lecet padahal beli extra bubblewarp,barang sesuai kirim murah selisih harga barang direfund barang lecet beli extra bubblewarp,unknown,1,Tokopedia,Negative,Harga,Yes,Otomotif,No
mantap jiwa bang,mantap jiwa bang,unknown,5,Tokopedia,Positive,Rasa,No,Lainnya,No
pesanan saya tdk dikirim tlg direspon,pesan kirim tlg direspon,unknown,1,Tokopedia,Negative,Lainnya,No,Otomotif,No
pengiriman lama sekali,kirim,unknown,1,Tokopedia,Negative,Lainnya,No,Hobi & Hiburan,No
barangnya bagus banget kak tahan lama jg,barang bagus kak tahan,unknown,4,Tokopedia,Positive,Bentuk,No,Kesehatan & Kecantikan,No
aplikasi banyak yang gak bisa kebuka cm bs youtube aja wirelles keyboard arah atas back dan angka tidak bisa kecewa tidak dilakukan pengecekan dlu sebelum dikirim niat mau nonton bein jadi tidak bisa remote mi boxnya jg tdk bisa,aplikasi buka cm bs youtube wirelles keyboard arah back angka kecewa kece kirim niat nonton bein remote mi boxnya,unknown,1,Tokopedia,Negative,Lainnya,Yes,Elektronik,No
aftersalesnya parah penjual ga baca chat dan ga bales lg janji tinggal janji,aftersalesnya parah jual baca chat bales lg janji tinggal janji,unknown,1,Tokopedia,Negative,Lainnya,Yes,Hobi & Hiburan,No
janji bisa kirim instant segera karena kita mau pakai segera nyatanya anda tutup toko baru di kirim paket sampai malam pas besoknya di coba ternyata ssd nya tidak terbaca dan bilangnya kirim ke toko agarnbisa di kirim lagi segera yang baru sama2 di tangerang ongkos gojek instant 33rb berarti dekat dan tidak di kirim2 sampaiiii minggu baru di kirim sangat terlihat sengaja sekali di lama2in sangat tidak professional dalam berjualan online anda jual barang rusak pun tidak ada etikat ucapan maaf dan sebagai penutup yang saya anggap licik dan pelit sekali ongkir nya di suruh kita yang tanggung pas barang sampai kalau di lihat begini mah lupakan garansi produk yg bakal di ganti baru bila terjadi rusak di kemudian hari,janji kirim instant pakai tutup toko kirim paket malam pas besok coba ssd baca bilang kirim toko agarnbisa kirim sama2 tangerang ongkos gojek instant 33rb kirim2 sampaiiii minggu kirim sengaja lama2in professional jual online jual barang rusak etikat ucap maaf tutup anggap licik pelit ongkos kirim suruh tanggung pas barang mah lupa garansi produk ganti rusak,unknown,1,Tokopedia,Negative,Bentuk,Yes,Elektronik,No
pengiriman cepat barang lumayan,kirim cepat barang lumayan,unknown,5,Tokopedia,Positive,Lainnya,No,Fashion,No
slow respon kecewa berat sampe 1jam batal otomatis karna ga diproses,slow respon kecewa berat 1jam batal otomatis karna proses,unknown,1,Tokopedia,Negative,Bentuk,Yes,Fashion,Yes
produk tidak sesuai gambar harusnya gambar depan diganti karena jilbab ini tanpa plat dan hrusnya di deskripsi dituliskan kalau gambar didepan berbeda dgn produk supaya pembeli jg paham kalau produk yg dikirim dgn gambar depan berbeda harga lumayan mahal klo tanpa plat besinya bijaklah dlm berdagang apalagi utk merk yg sudah mulai besar dan dikenal masyarakat luas,produk sesuai gambar gambar ganti jilbab plat hrusnya deskripsi tulis gambar depan beda produk beli paham produk kirim gambar beda harga lumayan mahal plat besi bijak dlm dagang merk kenal masyarakat luas,unknown,1,Tokopedia,Negative,Bentuk,Yes,Fashion,No
jelekkkkk putuss semua talinya,jelekkkkk putuss tali,unknown,1,Tokopedia,Negative,Bentuk,No,Otomotif,No
pesanan tidak sesuai ukuran,pesan sesuai ukur,unknown,1,Tokopedia,Negative,Bentuk,Yes,Lainnya,No
ujung kabel colokan dari gagang telepon ke pesawat telepon sudah tidak bisa terpasang sempurna,ujung kabel colok gagang telepon pesawat telepon pasang sempurna,unknown,3,Tokopedia,Neutral,Bentuk,No,Elektronik,No
barang telah sampai dengan packaging yg bagus,barang packaging bagus,unknown,5,Tokopedia,Positive,Bentuk,No,Hobi & Hiburan,No
sesuai proses n pengiriman cepat responsif recommended barokah terima kasih,sesuai proses kirim cepat responsif recommended barokah terima kasih,unknown,5,Tokopedia,Positive,Bentuk,No,F&B,No
wooy ini gimana kirim cuma saya pesan loh coba cek dong yg dipesan,wooy gimana kirim pesan coba cek pes,unknown,1,Tokopedia,Negative,Lainnya,No,F&B,No
parahhh barang rusak retak di komplain malah urusannya sgt ribet tidak akan beli lagi d sini,parahhh barang rusak retak komplain urus sgt ribet beli,unknown,1,Tokopedia,Negative,Lainnya,Yes,Kesehatan & Kecantikan,No
klo bisa di test dulu minimal nyala kondisi barang yg sampai ke saya tidak bisa nyala ada komponen dioda yg gak terpasang di power 5v input overall sih ok bisa sy perbaiki dari pada retur thanks,test minimal nyala kondisi barang nyala komponen dioda pasang power 5v input overall oke baik retur thanks,unknown,3,Tokopedia,Neutral,Bentuk,No,Elektronik,No
beli dikirim cuma komplain no respon gak solutif rugi beli disini kapok,beli kirim komplain no respon solutif rugi beli kapok,unknown,1,Tokopedia,Negative,Lainnya,Yes,Perlengkapan Kantor,No
thanks gan paket udah mendarat dengan selamat pelayanan ok mantab super fast respon top very recomended seller,thanks gan paket darat selamat layan oke mantab super fast respon top very recomended seller,unknown,5,Tokopedia,Positive,Lainnya,No,Perlengkapan Kantor,No
barang bagus kualitas bagus harga terjangkau recommended,barang bagus kualitas bagus harga jangkau recommended,unknown,5,Tokopedia,Positive,Harga,No,Otomotif,No
warna dusty difoto sm aslinya beda sama ada bagian atasan depan kotor seperti tinta bolpen,warna dusty foto sm asli beda atas kotor tinta bolpen,unknown,2,Tokopedia,Negative,Bentuk,No,Fashion,No
safety packaging terima kasih banyak semoga awet top seller,safety packaging terima kasih moga awet top seller,unknown,5,Tokopedia,Positive,Bentuk,No,Hobi & Hiburan,No
kecewa th anakku umur bln gk muat kain gk halus gk melar tipis kecewa pokoknya,kecewa th anak umur bln muat kain halus melar tipis kecewa pokok,unknown,3,Tokopedia,Neutral,Bentuk,No,Fashion,No
tadiinya mau pesen beda model tp g bisa kata selernya terpaksa pakai dah mau gmn lg,tadi sen beda model selernya paksa pakai dah gmn lg,unknown,1,Tokopedia,Negative,Bentuk,No,F&B,No
barang dikrm beda dgn yg pesan,barang dikrm beda pesan,unknown,1,Tokopedia,Negative,Lainnya,No,Kerajinan & Pesta,No
plastik yang uk 50x75 itu tebel bnget bagus yang uk 40x60 agak tipis pengiriman cepat lumayan thanks,plastik uk 50x75 tebel bnget bagus uk 40x60 tipis kirim cepat lumayan thanks,unknown,4,Tokopedia,Positive,Bentuk,No,Perabotan,No
pesanan sesuai dengan apa yang diharapkan dan tidak mengecewakan mengenai barang tidak ada kecacatan sama sekali pengemasannya sangat rapi dan kuat pengirimannya cepat serta respon penjual cepat dan ramah semoga sukses selalu terimakasih,pesan sesuai harap kecewa barang cacat emas rapi kuat kirim cepat respon jual cepat ramah moga sukses terimakasih,unknown,5,Tokopedia,Positive,Bentuk,No,Hobi & Hiburan,No
tidak menerawang nyaman dipakai mudah dibentuk modelnya cantik bahannya adem jahitan rapi warnanya cantik,terawang nyaman pakai mudah bentuk model cantik bahan adem jahit rapi warna cantik,unknown,5,Tokopedia,Positive,Bentuk,No,Fashion,No
sungguh menyedihkan beli pcs tapi barang pecah 3pcs sdh komplain garansi 2minggu nggak beres2,sungguh sedih beli pcs barang pecah 3pcs komplain garansi 2minggu beres2,unknown,1,Tokopedia,Negative,Lainnya,Yes,Perlengkapan Kantor,No
lakban tipis bukan yard kecewa,lakban tipis yard kecewa,unknown,1,Tokopedia,Negative,Bentuk,Yes,Perlengkapan Kantor,No
produk bagus harga ramah dompet panjang tongkat 100cm ada sisi satu untuk menggosok kotoran di kaca satu sisi lagi untuk menyapu semua kotoran,produk bagus harga ramah dompet tongkat 100cm sisi gosok kotor kaca sisi sapu kotor,unknown,5,Tokopedia,Positive,Bentuk,No,Elektronik,No
bagus motif a lucuu lucyuu seller jg baik pengiriman jg kilat mksh banyak yah sis sukses trs,bagus motif lucuu lucyuu seller kirim kilat mksh yah sis sukses trs,unknown,5,Tokopedia,Positive,Bentuk,No,Fashion,No
tidak berfungsi sama sekali produk nya kutu tetap masih ada tidak mati kecewa saya tdk sesuai speak nya,fungsi produk kutu mati kecewa sesuai speak,unknown,1,Tokopedia,Negative,Bentuk,Yes,Perawatan Hewan,No
pesenan sy g di respon giliran sy cancel langsung di respon dan di kirim dan juga bicaranya ngajak ribut kapok sy belanja sprti ini jika msh ada toko ky gini lagi berhenti sy pake aplikasi tokped,sen respon gilir cancel respon kirim bicara ngajak ribut kapok belanja sprti toko ky gin henti pake aplikasi tokped,unknown,1,Tokopedia,Negative,Lainnya,No,Ibu & Bayi,No
beli disini puas banyak di lebihin pngiriman cepat pokonya mantap,beli puas lebihin pngiriman cepat poko mantap,unknown,5,Tokopedia,Positive,Rasa,No,Kerajinan & Pesta,No
ban jadi hitam kembali mantap,ban hitam mantap,unknown,5,Tokopedia,Positive,Rasa,No,Otomotif,No
prod dikirim dgn dilipat tdk digulung padahal utk background foto jadinya ada bekas lipatan permananen,prod kirim lipat gulung background foto bekas lipat permananen,unknown,1,Tokopedia,Negative,Lainnya,No,Elektronik,No
empuk buat jalan bahannya berkualitas modelnya keren bahannya ngga mengecewakan tapi ukuran nya kegedean padahal sudah saya ukur sebelum nya tapi ngga masalah bisa buat jangka panjang,empuk jalan bahan kualitas model keren bahan kecewa ukur gede ukur jangka,unknown,4,Tokopedia,Positive,Bentuk,No,Fashion,No
respon seller ok packaging rapih pesanan sesuai kukisnya enak teksturnya pas hanya masih kemanisan mnrt sy kalau dikurangi sedikit manisnya lebih ok,respon seller oke packaging rapih pesan sesuai kuk tekstur pas manis mnrt rang manis oke,unknown,5,Tokopedia,Positive,Bentuk,No,F&B,No
barang jelek belom d pake udah pada patah,barang jelek bom pake patah,unknown,1,Tokopedia,Negative,Bentuk,No,Elektronik,No
botolnya kurang proper mudah sekali tumpah,botol proper mudah tumpah,unknown,3,Tokopedia,Neutral,Lainnya,No,Ibu & Bayi,No
hadiah gak di kirim toko offical tapi gak amanah kapok dah,hadiah kirim toko offical amanah kapok dah,unknown,1,Tokopedia,Negative,Lainnya,No,Ibu & Bayi,No
kotak tidak dapat dirakit bahan terlalu tipis dan ada bagian yang patah ketika diterima krn packing tdk baik saya tdk komplain krn unt un boxing barang murah hanya wasting time bulan ini saya belanja item tiap barang un boxing waduh repot,kotak rakit bahan tipis patah terima packing komplain unt un boxing barang murah wasting time belanja item barang un boxing repot,unknown,1,Tokopedia,Negative,Bentuk,Yes,Perabotan,No
order emerald dikirim tosca tanpa konfirmasi,order emerald kirim tosca konfirmasi,unknown,2,Tokopedia,Negative,Lainnya,No,Fashion,No
mantap bgt aroma rasa bkn sekedar isu mantul dn mempesona rasa pas di lidah dn irit d kantong makasih gan,mantap aroma bkn dar isu mantap dn pesona pas lidah dn irit kantong makasih gan,unknown,5,Tokopedia,Positive,Rasa,No,Lainnya,No
mantappp responnya juga memuaskan sudah dicoba dan dipasang presisi dan nyaman cas juga responsif,mantappp responnya muas coba pasang presisi nyaman cas responsif,unknown,5,Tokopedia,Positive,Bentuk,No,Elektronik,No
mantep keren oke barang nya,mantep keren oke barang,unknown,5,Tokopedia,Positive,Lainnya,No,Lainnya,No
talinya ud putus kok dimasukin lagi,tali ud putus dimasukin,unknown,1,Tokopedia,Negative,Lainnya,No,Kesehatan & Kecantikan,No
sablonan tidak bagus klo dicuci nempel,sablon bagus cuci nempel,unknown,2,Tokopedia,Negative,Bentuk,No,Fashion,No
produk berfungsi dengan baik seller sangat komunikatif dan informatif dari proses pemilihan paket yang sesuai kebutuhan sampai dengan cara penggunaannya dipandu pengiriman sangat cepat padahal menggunakan yang bebas ongkir dari jakarta ke surabaya alatnya kecil dan praktis tapi sangat fungsional nggak hanya untuk nonton film tapi juga live channel dalam dan luar negeri waktu pertama tanya2 hanya nyari buat netflix nba tv dan amazon prime dapatnya lebih tapi jangan lupa ya kerja alat ini benar2 tergantung koneksi internet kita dia makin oke semuanya kalau internet kita top juga,produk fungsi seller komunikatif informatif proses pilih paket sesuai butuh guna pandu kirim cepat bebas ongkos kirim jakarta surabaya alat praktis fungsional nonton film live channel negeri waktu tanya2 nyari netflix nba tv amazon prime dapat lupa alat benar2 gantung koneksi internet oke internet top,unknown,5,Tokopedia,Positive,Bentuk,No,Elektronik,No
pengiriman on time dan produk berfungsi baik seperti harapan,kirim on time produk fungsi harap,unknown,5,Tokopedia,Positive,Lainnya,No,Otomotif,No
respon seller ok barang sesuai deskripsi dan mudah pemasangan sejauh ini puas saran membangun untuk stik ps bawaan bisa ditingkatkan atau ada pilihan upgrade stik overall worth untuk harga segini pengiriman tiba sesuai jadwal meski di akhir,respon seller oke barang sesuai deskripsi mudah pasang puas saran bangun stik ps bawa tingkat pilih upgrade stik overall worth harga gin kirim sesuai jadwal,unknown,4,Tokopedia,Positive,Harga,No,Elektronik,No
barangnya bagus dan original packaging juga bagus full dng bubble wrap berlapis dan dilapis dng packing kardus barang msh tersegel,barang bagus original packaging bagus full dng bubble wrap lap lap dng packing kardus barang segel,unknown,5,Tokopedia,Positive,Bentuk,No,F&B,No
barang berfungsi dengan baik packaging aman barang mudah digunakan,barang fungsi packaging aman barang mudah,unknown,5,Tokopedia,Positive,Bentuk,No,Elektronik,No
untuk barangnya sangat berkualitas akan tetapi pengirimnya yang agak lama terima kasih,barang kualitas kirim terima kasih,unknown,4,Tokopedia,Positive,Bentuk,No,Elektronik,No
celana semua tidak seperti orderan minta nomer dan malah dikasih dan,celana order nomer kasih,unknown,2,Tokopedia,Negative,Lainnya,No,Fashion,No
kualitas produk baik pengiriman hanya dengan box original dari pan nya,kualitas produk kirim box original pan,unknown,4,Tokopedia,Positive,Bentuk,No,F&B,No
mantap cepat proses kirimnya besar dan yang penting harga tjakeeeepp recommended,mantap cepat proses kirim harga tjakeeeepp recommended,unknown,5,Tokopedia,Positive,Rasa,No,Perlengkapan Kantor,No
bagus bagusss semua warnanya menarik bikin anak senang liat2 gambarnya,bagus bagusss warna tarik bikin anak senang liat2 gambar,unknown,5,Tokopedia,Positive,Bentuk,No,Hobi & Hiburan,No
mantapppp fast delivery langganan trs tiap bulan,mantapppp fast delivery langgan trs,unknown,5,Tokopedia,Positive,Rasa,No,Perawatan Hewan,No
produk kehilangan salah satu karet sampingnya sudah di cek dalam box tapi tidak ada,produk hilang salah karet samping cek box,unknown,1,Tokopedia,Negative,Bentuk,Yes,Hobi & Hiburan,No
mantabsss barang ori rambut makin subur dan sudah agak kelihatan warna hitam nya,mantabsss barang original rambut subur warna hitam,unknown,5,Tokopedia,Positive,Bentuk,No,Kesehatan & Kecantikan,No
ternyata setelah mau dipakai baru ngeh kalau boxnya yg dikirim bagian engsel belakang pecah payah deh qcnya tdk melihat klo ada yg pecah,pakai ngeh boxnya kirim engsel pecah payah qcnya pecah,unknown,1,Tokopedia,Negative,Lainnya,No,Perabotan,No
mantap laptop jd adem ga cpt panas,mantap laptop jd adem cpt panas,unknown,5,Tokopedia,Positive,Rasa,No,Elektronik,No
rasanya enak dan mengenyangkan mirip bgt sama nasi putih biasa,kenyang nasi putih,unknown,5,Tokopedia,Positive,Rasa,No,F&B,No
minta yg bentuk ikan eee malah diksh yg bentuk donat kucing sy gak mau yg bentuk donat kecewa sy,bentuk ikan eee diksh bentuk donat kucing bentuk donat kecewa,unknown,1,Tokopedia,Negative,Bentuk,Yes,Perawatan Hewan,Yes
material produk bagus kualitas produk bagus produk original ukuran produk sesuai overall recomended thx so much,material produk bagus kualitas produk bagus produk original ukur produk sesuai overall recomended thx so much,unknown,5,Tokopedia,Positive,Bentuk,No,F&B,No
barang yang dikirim tidak sesuai dengan barang yang diterima,barang kirim sesuai barang terima,unknown,1,Tokopedia,Negative,Bentuk,Yes,Otomotif,No
brg tdk saya terima entah nyasar dimana kurirnya bloon,brg terima nyasar mana kurir bloon,unknown,1,Tokopedia,Negative,Lainnya,No,Kesehatan & Kecantikan,No
lucuuu banget gambarnya tapi bahannya tipis ya gapapa biar adem thanks seller,lucuuu gambar bahan tipis gapapa biar adem thanks seller,unknown,5,Tokopedia,Positive,Bentuk,No,Fashion,No
kualitas kurang bagus kertasnya tipis bukan buku original,kualitas bagus kertas tipis buku original,unknown,3,Tokopedia,Neutral,Bentuk,No,Hobi & Hiburan,No
kecepatan pengiriman baik packing rapi pesanan sesuai tx seller,cepat kirim packing rapi pesan sesuai tx seller,unknown,5,Tokopedia,Positive,Bentuk,No,Fashion,No
material produk bagus kualitas produk bagus produk original ukuran produk sesuai,material produk bagus kualitas produk bagus produk original ukur produk sesuai,unknown,5,Tokopedia,Positive,Bentuk,No,F&B,No
pesan tanggal maret jam pakai pengiriman instant sampai nya tanggal maret padahal sudah bayar mahal dikirimnya keesokan harinya bukan salah pengantarnya driver go send nya sudah mengantarkan paket dengan baik tapi durasi proses dari toko sangat lama padahal butuhnya tanggal maret makanya saya pilih pengiriman instant saya juga sudah tanya pihak toko jika paket bisa dikirim hari itu juga atau tidak jawabannya bisa tapi kenyataannya paket saya tidak dikirim pada hari itu juga kalau tidak bisa dikirim hari itu juga ya bilang saya juga sudah ajukan cancel pesanan juga tidak ada respon dari penjual pelayanan sangat sangat buruk tidak recommended semoga lebih baik lagi kedepannya,pesan tanggal maret jam pakai kirim instant tanggal maret bayar mahal kirim esok hari salah antar driver go send antar paket durasi proses toko butuh tanggal maret pilih kirim instant toko paket kirim jawab nyata paket kirim kirim bilang aju cancel pesan respon jual layan buruk recommended moga depan,unknown,1,Tokopedia,Negative,Harga,Yes,Elektronik,No
paket sudah diterima dalam kondisi aman lengkap dan tanpa cacat packing rapi dan aman pake bublewrap berfungsi normal ori masih segel dan harga bersahabat seller ok recomanded,paket terima kondisi aman lengkap cacat packing rapi aman pake bublewrap fungsi normal original segel harga sahabat seller oke recomanded,unknown,5,Tokopedia,Positive,Bentuk,No,Elektronik,No
fast resp seller pengiriman cepat packaging rapihhh aman barang lengkap sesuaii thankss a lott,fast resp seller kirim cepat packaging rapihhh aman barang lengkap sesuai thankss lott,unknown,5,Tokopedia,Positive,Bentuk,No,Kesehatan & Kecantikan,No
lcd kamera lepas dari posisinya semoga lebih teliti dalam memelih barang sebelum dikirim atau dicek,lcd kamera lepas posisi moga teliti memelih barang kirim cek,unknown,3,Tokopedia,Neutral,Bentuk,No,Elektronik,No
harga murah respon penjual cepat dan ramah makin sukses ya trims,harga murah respon jual cepat ramah sukses trims,unknown,5,Tokopedia,Positive,Harga,No,Hobi & Hiburan,No
barang sudah sampai nanti di update bintang mau cek kondisi barang dulu,barang update bintang cek kondisi barang,unknown,4,Tokopedia,Positive,Lainnya,No,Hobi & Hiburan,No
knop kanan gabisa diputar,knop kanan gabisa putar,unknown,1,Tokopedia,Negative,Lainnya,No,Hobi & Hiburan,No
kw kirim brg bekas dan rusak serta tdk menerima komplain kapok bgt ga bkl lnja lg dsni,palsu kirim brg bekas rusak terima komplain kapok bkl lnja lg dsni,unknown,1,Tokopedia,Negative,Bentuk,Yes,Kesehatan & Kecantikan,No
penjual bilang batterynya ternyata battery tanam yg tdk bisa di ganti2 kecewa lah aku,jual bilang batterynya battery tanam ganti2 kecewa,unknown,1,Tokopedia,Negative,Lainnya,Yes,Hobi & Hiburan,No
rugi sudah bayar instant delivery yg mahal tapi ternyata order tidak dicek dan tidak lengkap pesanan yg seharusnya praktis dan cepat tuntas menjadi bertele tele krn harus kirim ulang sangat kecewa sia sia belanja mahal disini,rugi bayar instant delivery mahal order cek lengkap pesan praktis cepat tuntas tele tele kirim ulang kecewa sia sia belanja mahal,unknown,1,Tokopedia,Negative,Harga,Yes,F&B,No
kurang tau karena apa yg jelas sampai dirumah saya cek gorilla pod nya ternyata sudah ada yg pecah menjadikan kakinya gampang copot,tau rumah cek gorilla pod pecah jadi kaki gampang copot,unknown,1,Tokopedia,Negative,Bentuk,No,Elektronik,No
penjual jawab pertanyaan pelanggan kurang sopan,jual langgan sopan,unknown,2,Tokopedia,Negative,Lainnya,No,Fashion,No
responnya sangat lambat padahal udah request untuk kirim pagi tapi justru sampai siang blm juga dikirim lain kali tolong diperhatikan lagi,responnya lambat request kirim pagi siang kirim tolong perhati,unknown,3,Tokopedia,Neutral,Lainnya,No,F&B,No
sangat berguna bermanfaat dan lancar digunakan di swiss,guna manfaat lancar swiss,unknown,5,Tokopedia,Positive,Lainnya,No,Hobi & Hiburan,No
percuma tambah packing klo kardus susu tetap penyok cara kemas tuh jangan ngepres sama kardusnya biar ketika kardus ketekan kemasan susunya tidak rusak langsung,packing kardus susu penyok kemas tuh ngepres kardus biar kardus tekan kemas susu rusak,unknown,1,Tokopedia,Negative,Bentuk,Yes,Kerajinan & Pesta,No
barang ngk bisa berfungsi setelah di cek ic mati jadi beli barang untuk di buang tolong dong klau kirim barang di cek tes dulu sangat kecewaaa,barang ngk fungsi cek ic mati beli barang buang tolong klau kirim barang cek tes kecewaaa,unknown,1,Tokopedia,Negative,Lainnya,Yes,F&B,No
estimasi proses pesanan hari bung ini online platform kalo ga siap cepet menuhin customer secara online jualan offline aja customer beli online buat dipake segera dan kalau ada delay proses apalah itu ditulis di deskripsi produk ini customer nanya dulu baru diinfo proses pemesanan hari itu juga ga ada efeknya ke kemasan cuma dibungkus bubble wrap tipissss ga kebayang kalo customer ada yg apes barangnya dilempar2 jadi ancur isinya dan jangan pernah janjiin ke customer barang akan dipickup antar saat weekend karena kalian aja libur sabtu minggu,estimasi proses pesan online platform cepet menuhin customer online jual offline customer beli online dipake delay proses apa tulis deskripsi produk customer nanya info proses mesan efek kemas bungkus bubble wrap tipissss bayang customer apes barang dilempar2 ancur isi janjiin customer barang dipickup weekend libur sabtu minggu,unknown,1,Tokopedia,Negative,Bentuk,No,Elektronik,No
overpriced analisanya kurang dalam kualitas hard cover kurang bagus masa begitu sampe lgsg penyok,overpriced analisanya kualitas hard cover bagus lgsg penyok,unknown,2,Tokopedia,Negative,Bentuk,No,Hobi & Hiburan,No
barangnya gak berfungsi,barang fungsi,unknown,1,Tokopedia,Negative,Lainnya,No,Elektronik,No
pertama kalinya beli barang online kecewa banget barang yang dibeli pcs yang dateng cuma pcs sudah itu ongkirnya lumayan mahal padahal beratnya tidak sesuai,kali beli barang online kecewa barang beli pcs dateng pcs ongkirnya lumayan mahal berat sesuai,unknown,1,Tokopedia,Negative,Bentuk,Yes,Perabotan,Yes
alhamdulillah paketan nya sudah sampai sesuai gambar nya trimakasih,alhamdulillah paket sesuai gambar trimakasih,unknown,4,Tokopedia,Positive,Bentuk,No,Fashion,No
makasi gan barang dah sampai aman dan langsung dipakai barangnya bagus slalu memuaskan terus belanja disini,makas gan barang dah aman pakai barang bagus slalu muas belanja,unknown,5,Tokopedia,Positive,Bentuk,No,Elektronik,No
secara barang tidak ada masalah saya bicara tentang respon penjual yang sangat lambat saya sampai mengajukan pembatalan secara tiba2 di respon saran saya tolong responsif dalam penjualan online ini banyak yang jual sustain keyboard jadi menurut saya jgn menyepelekan karena toko anda jual sudah banyak customer butuh kejelasan saat membeli barangnya dalam hal ini sya sudah bertanya lebih dari 8x sehari mengenai pengirimannya saya kecewa dan kapok belanja disini,barang bicara respon jual lambat aju batal tiba2 respon saran tolong responsif jual online jual sustain keyboard jgn sepele toko jual customer butuh jelas beli barang sya 8x hari kirim kecewa kapok belanja,unknown,1,Tokopedia,Negative,Lainnya,Yes,Hobi & Hiburan,Yes
sangat kecewa pengiriman lama banget barang nya juga rusak dan penyok jangan tergiur sama harga murah ya teman teman,kecewa kirim barang rusak penyok giur harga murah teman teman,unknown,1,Tokopedia,Negative,Harga,Yes,Elektronik,No
harga oke kualitas barang oke kecepatan pengiriman oke,harga oke kualitas barang oke cepat kirim oke,unknown,4,Tokopedia,Positive,Harga,No,Fashion,No
saya nyesel pake yg same day rugi dikirimnya lama,nyesel pake same day rugi kirim,unknown,2,Tokopedia,Negative,Lainnya,No,Ibu & Bayi,No
paket sudah diterima dan di test lancar tanpa macet pokoknya recommended buat yang byari printer connect cash drawer ya panda aja setting nya jg gampang,paket terima test lancar macet pokok recommended byari printer connect cash drawer panda setting gampang,unknown,5,Tokopedia,Positive,Lainnya,No,Elektronik,No
pengiriman lama padahal butuh urgent,kirim butuh urgent,unknown,2,Tokopedia,Negative,Lainnya,No,Kesehatan & Kecantikan,No
mantabh surantab customer service nya very very reliable kartu nya dahsyat signal tetep seteroooong dibawa ke pelosok korea makasih yah kak,mantabh surantab customer service very very reliable kartu dahsyat signal tetep seteroooong bawa pelosok korea makasih yah kak,unknown,5,Tokopedia,Positive,Lainnya,No,Hobi & Hiburan,No
repeat order ke,repeat order,unknown,5,Tokopedia,Positive,Lainnya,No,F&B,No
proses cepat paket dikemas dengan baik dan sampai dengan aman desain dan warna cantik dan minimalis tidak boros tempat dan cocok untuk di kamar tidur,proses cepat paket kemas aman desain warna cantik minimal boros cocok kamar tidur,unknown,5,Tokopedia,Positive,Bentuk,No,Perabotan,No
kondisi ikan cupang sehat dan dipacking dengan rapi dan apik,kondisi ikan cupang sehat dipacking rapi apik,unknown,5,Tokopedia,Positive,Bentuk,No,Perawatan Hewan,No
order datangnya cuma sedih banget not recomended,order datang sedih not recomended,unknown,1,Tokopedia,Negative,Lainnya,No,Perlengkapan Kantor,No
respon cepat barang sesuai sipppppppppp,respon cepat barang sesuai sipppppppppp,unknown,5,Tokopedia,Positive,Bentuk,No,F&B,No
bagus packing dan barangnya,bagus packing barang,unknown,5,Tokopedia,Positive,Bentuk,No,Kesehatan & Kecantikan,No
ancur dah pelayanannya gausah kesini dah kalo gak mau kapok,ancur dah layan gausah kesini dah kapok,unknown,1,Tokopedia,Negative,Lainnya,No,Lainnya,No
harga murah qualitas ok respon cepat pengiriman cepat,harga murah qualitas oke respon cepat kirim cepat,unknown,5,Tokopedia,Positive,Harga,No,Perabotan,No
packingnya cm kresek krg aman jd pas dateng peot pdhl buat d jual haduhh,packingnya cm kresek krg aman jd pas dateng peot pdhl jual haduhh,unknown,2,Tokopedia,Negative,Bentuk,No,Ibu & Bayi,No
barang yg dikirim ternyata cacat produk sisi yg satunya lepasan tdk ada ukuran pengait nya,barang kirim cacat produk sisi satu lepas ukur kait,unknown,1,Tokopedia,Negative,Bentuk,Yes,Hobi & Hiburan,No
produk cacat kepalanya penyok minta tukar gak dikasih,produk cacat kepala penyok tukar kasih,unknown,1,Tokopedia,Negative,Lainnya,Yes,Hobi & Hiburan,No
gak sesuai harga malah kualitas nol,sesuai harga kualitas nol,unknown,2,Tokopedia,Negative,Harga,No,Elektronik,No
pengiriman sehari awalnya beli ini krn ekspektasi kaya di review youtuber yg bilang awet ga kering ga lengket kalo di ketup tapi semua itu ga bnr hanya ringan wrn oxidize turun menggelap makan nasi sama ayam aja udh ilang bener setengah di bibir bawah,kirim hari beli ekspektasi kaya review youtuber bilang awet kering lengket ketup bnr ringan wrn oxidize turun gelap makan nasi ayam ilang bener bibir,unknown,2,Tokopedia,Negative,Bentuk,No,Kesehatan & Kecantikan,No
salah kirim barang tidak sesuai diskripsi,salah kirim barang sesuai skripsi,unknown,2,Tokopedia,Negative,Bentuk,Yes,Kesehatan & Kecantikan,No
barang original pengemasangan sangat baik dan sangat cepat seller sangat fast respon,barang original pengemasangan cepat seller fast respon,unknown,5,Tokopedia,Positive,Bentuk,No,Hobi & Hiburan,No
warna gak sesuai bukan hijau muda,warna sesuai hijau muda,unknown,1,Tokopedia,Negative,Bentuk,No,Lainnya,No
packing sangat aman ada kardus dan bubble jadi barang sampai dengan selamat dikasih bonus tempat mkn pula makasiihhhhhh,packing aman kardus bubble barang selamat kasih bonus mkn makasiihhhhhh,unknown,5,Tokopedia,Positive,Lainnya,No,Perawatan Hewan,No
mantab pelayanan cepat dan barang original,mantab layan cepat barang original,unknown,5,Tokopedia,Positive,Bentuk,No,Lainnya,No
barang diterima dengan baik terimakasihh ya semoga bermanfaat,barang terima terimakasihh moga manfaat,unknown,5,Tokopedia,Positive,Lainnya,No,Kesehatan & Kecantikan,No
nyaman ga licin mantebbb,nyaman licin mantebbb,unknown,5,Tokopedia,Positive,Bentuk,No,Hobi & Hiburan,No
barang tidak sesuai pesanan tempat penyimpan hp nya tidak ada kecewa,barang sesuai pesan simpan hp kecewa,unknown,2,Tokopedia,Negative,Bentuk,Yes,Elektronik,No
barang nya sdh di coba tapi tdk bisa berpungsi dgn baik nggak bisa conek dgn iphone sy,barang coba pungsi conek iphone,unknown,1,Tokopedia,Negative,Lainnya,No,Hobi & Hiburan,No
kualitas underpad buruk tdk sesuai harga,kualitas underpad buruk sesuai harga,unknown,1,Tokopedia,Negative,Harga,Yes,Perawatan Hewan,No
colokan adaptor mengalami kerusakan respon seller butuh berhari2 diajak diskusi untuk cara memperbaiki sendiri tidak dibalas akhirnya repair sendiri,colok adaptor alami rusak respon seller butuh berhari2 ajak diskusi baik balas repair,unknown,2,Tokopedia,Negative,Lainnya,Yes,Elektronik,No
warnanya pekat aplikator mudah dipakai proses pesanan cepat,warna pekat aplikator mudah pakai proses pesan cepat,unknown,5,Tokopedia,Positive,Bentuk,No,Kesehatan & Kecantikan,No
seller tidak jujur saya beli macam barang salah satu stok kosong tp tidak diinfokan tapi lgsg kirim yg satunya pdhl sudah nunggu2 pikir penyelesaian gampang ya buyer bisa tinggal minta refund tapi saya rugi waktu dan ongkir,seller jujur beli barang salah stok kosong info lgsg kirim satu pdhl nunggu2 pikir selesai gampang buyer tinggal refund rugi waktu ongkos kirim,unknown,1,Tokopedia,Negative,Harga,Yes,Kerajinan & Pesta,No
seller responsif order diproses segera dan kirim tiba tepat waktu bahan lap sangat baik menyerap air dan ukuran lap pas utk lap dapur terima kasih,seller responsif order proses kirim waktu bahan lap serap air ukur lap pas lap dapur terima kasih,unknown,5,Tokopedia,Positive,Bentuk,No,Perabotan,No
packing seadanya bubble hanya selapis saja ditambah lapisan plastik hasilnya barang diterima dalam keadaan patah,packing ada bubble selap tambah lapis plastik hasil barang terima patah,unknown,1,Tokopedia,Negative,Bentuk,No,Elektronik,No
barang tidak sesuai dgn yg di gambar bukan plastik keras dan sepertinya tidak bisa utk menumpuk sepatu bingung cara merakitnya plastiknya mudah meleyot sangat tidak puas,barang sesuai gambar plastik keras tumpuk sepatu bingung rakit plastik mudah leyot puas,unknown,1,Tokopedia,Negative,Bentuk,Yes,Perabotan,No
jam digital unik ini lebih ke fungsi alaram yg lengkap syg tdk ad fungsi penunjuk tgl bln dan tahun petunjuk di deskripsi sangat membantu permudah mengenal fungsi2 jam alarm ini respon penjual dan pengiriman cepat thanks,jam digital unik fungsi alaram lengkap syg ad fungsi tunjuk tgl bln tahun tunjuk deskripsi bantu mudah kenal fungsi2 jam alarm respon jual kirim cepat thanks,unknown,5,Tokopedia,Positive,Lainnya,No,Perabotan,No
udah tertulis buble tp gak ada bublenya untung g pecah mau komplain nanggung uang 2rb,tulis buble bublenya untung pecah komplain nanggung uang 2rb,unknown,1,Tokopedia,Negative,Lainnya,Yes,Lainnya,No
pake seminggu udh rusak bahannya ada sambungan yang brudul ga bisa dijahit ulang waktu dtg masih rapi kecewa,pake minggu rusak bahan sambung brudul jahit ulang waktu dtg rapi kecewa,unknown,2,Tokopedia,Negative,Bentuk,Yes,Fashion,Yes
barang sesuai pesanan,barang sesuai pesan,unknown,4,Tokopedia,Positive,Bentuk,No,Hobi & Hiburan,No
bukunya original bagus tidak ada cacat sayangnya saja respon dari penjual lama sekali bahkan tdk di respon,buku original bagus cacat sayang respon jual respon,unknown,3,Tokopedia,Neutral,Bentuk,No,Hobi & Hiburan,No
barang yg dikirim hrsnya di cek dulu konsumen kan byr bukan gratis masa paku rivert nya yg sebelah ada tutup penahannya yg sebelahnya nggak ada tutup penahannya jadi copotlah klo di pake gimana sih,barang kirim hrsnya cek konsumen byr gratis paku rivert belah tutup tahan belah tutup tahan copot pake gimana,unknown,1,Tokopedia,Negative,Harga,No,Fashion,No
pengiriman hari terlambat padahal bilang bakal lgsg dikirim habis order di chat lgsg ga respon utk official store brand segede logitech sungguh mengecewakan,kirim lambat bilang lgsg kirim habis order chat lgsg respon official store brand gede logitech sungguh kecewa,unknown,1,Tokopedia,Negative,Lainnya,Yes,Elektronik,No
jahitannya ngga rapih banyak benang2 yg belom kepotong ada juga benang yang copot,jahit rapih benang2 bom potong benang copot,unknown,2,Tokopedia,Negative,Bentuk,No,Fashion,No
mantul boskuhhh barang istimewa,mantap boskuhhh barang istimewa,unknown,5,Tokopedia,Positive,Lainnya,No,Elektronik,No
gambar tempelnya tdk rapi dan bnyk yg ngelupas,gambar tempel rapi bnyk ngelupas,unknown,1,Tokopedia,Negative,Bentuk,No,Otomotif,No
pengiriman sih cepat cuma tag gun nya langsung rusak ga bisa dipake gan saran mnding di test dulu sebelum dikirim produknya supaya lain kali ngga kejadian kayak gini lagi,kirim cepat tag gun rusak dipake gan saran mnding test kirim produk jadi gin,unknown,2,Tokopedia,Negative,Lainnya,Yes,Lainnya,No
wangi nya enak banget bener kaya creambath salon,wangi bener kaya creambath salon,unknown,5,Tokopedia,Positive,Rasa,No,Kesehatan & Kecantikan,No
baju nya tipis model celana nya juga gak sama dengan di foto gak real fict mnurut saya sablon nya licin sekali cuci dijemur lengket dan lepas nyesel belanja di sini gak sesuai dgn expektasi saya,baju tipis model celana foto real fict mnurut sablon licin cuci jemur lengket lepas nyesel belanja sesuai expektasi,unknown,1,Tokopedia,Negative,Bentuk,No,Fashion,No
produk berfungsi dengan baik,produk fungsi,unknown,5,Tokopedia,Positive,Lainnya,No,Perabotan,No
packing rapi barang sesuai produk fast respon chat pesanan 24jam sampai top markotop,packing rapi barang sesuai produk fast respon chat pesan 24jam top markotop,unknown,5,Tokopedia,Positive,Bentuk,No,Elektronik,No
ngerakit nya susah2 gampang alhamdulillah cakeb produk sesuai tq seller tq tokped,ngerakit susah2 gampang alhamdulillah cakeb produk sesuai tq seller tq tokped,unknown,5,Tokopedia,Positive,Bentuk,No,Perabotan,No
barang tidak lengkap next di cek bner2 dlu sblm kirim gak cm asal kirim aja jual kok gk mau rugi mlh ngrugiin customer suruh kirim kekurangan barangnya gak mau ribet gmn mau dpt kepuasan n kepercayaan dari pelangg,barang lengkap next cek bner2 sblm kirim cm kirim jual rugi mlh ngrugiin customer suruh kirim kurang barang ribet gmn puas percaya pelangg,unknown,1,Tokopedia,Negative,Lainnya,No,Hobi & Hiburan,Yes
penjualnya ramah banget packaging aman,jual ramah packaging aman,unknown,4,Tokopedia,Positive,Bentuk,No,Kesehatan & Kecantikan,No
bahannya tipis dan ukuran xl nya kekecilan terlalu sempit utk dipakai,bahan tipis ukur xl kecil sempit pakai,unknown,3,Tokopedia,Neutral,Bentuk,No,Fashion,No
jahitannya rapi warnanya cantik ukuran sesuai semoga tetep amanah sukses selalu mksh,jahit rapi warna cantik ukur sesuai moga tetep amanah sukses mksh,unknown,5,Tokopedia,Positive,Bentuk,No,Fashion,No
brg dtg dengan kondisi stick nya ga ok kenapa penjual ga d periksa dl yak trus minta tukar tp ga mao tanggung bersama ongkir nya donk emg penjual ga mao rugi ya mao ga mao byr uang xtra utk ongkir sana sini tukar stick smoga kedepannya bs lbh baik,brg dtg kondisi stick oke jual periksa yak trus tukar mao tanggung ongkos kirim donk emg jual mao rugi mao mao byr uang xtra ongkos kirim tukar stick smoga depan bs lbh,unknown,2,Tokopedia,Negative,Harga,No,Elektronik,No
lain kali lebih teliti tolong dicek dulu sebelum barang dikirim jgn sampe salah pesan nutrilon sebanyak kaleng tp yg dikirim satunya nutrilon,teliti tolong cek barang kirim jgn salah pesan nutrilon kaleng kirim satu nutrilon,unknown,1,Tokopedia,Negative,Lainnya,No,Ibu & Bayi,No
cepet sampai barang sesuai pesanan oke,cepet barang sesuai pesan oke,unknown,5,Tokopedia,Positive,Bentuk,No,Perabotan,No
trmksh barang sesuai pesanan fungsi normal tingkatkan terus pelayanan,trmksh barang sesuai pesan fungsi normal tingkat layan,unknown,5,Tokopedia,Positive,Bentuk,No,Hobi & Hiburan,No
barang dah sampai sesuai pesanan harga murah namun pengiriman agak lambat mungkin karena toko nya tutup selama beberapa hari gak masalah makasih gan,barang dah sesuai pesan harga murah kirim lambat toko tutup makasih gan,unknown,4,Tokopedia,Positive,Harga,No,F&B,No
proses barang sampe pengirimanmya lamaaa,proses barang pengirimanmya lamaaa,unknown,3,Tokopedia,Neutral,Lainnya,No,Hobi & Hiburan,No
belanja harus hati2 tidak jelas sangat kecewa untuk belanja kali ini,belanja hati2 kecewa belanja,unknown,1,Tokopedia,Negative,Lainnya,Yes,Ibu & Bayi,No
polanya kurang pas negativean pas tapi lengan terlalu kecil,pola pas negativean pas lengan,unknown,3,Tokopedia,Neutral,Bentuk,No,Fashion,No
produk oke sesuai dengan foto dan keterangan,produk oke sesuai foto terang,unknown,5,Tokopedia,Positive,Bentuk,No,Perawatan Hewan,No
barang original sudah di cek keasliannya sudah di coba dan berfungsi dengan baik pengiriman menggunakan pos indonesia gilaaaa cepet nya ampun dah gak ada obat beli sabtu sampe purwokerto hari minggu gilaaaaa hari cooooy wow diluar ekspetasi semua fitur berfungsi baik produk sesuai deskripsi suaranya bagus dan jernih,barang original cek asli coba fungsi kirim pos indonesia gilaaaa cepet ampun dah obat beli sabtu purwokerto minggu gilaaaaa cooooy wow luar ekspetasi fitur fungsi produk sesuai deskripsi suara bagus jernih,unknown,5,Tokopedia,Positive,Bentuk,No,Elektronik,No
barang sampe dengan sobek gw di kasih barang rijek kacau ni seller,barang sobek kasih barang rijek kacau ni seller,unknown,2,Tokopedia,Negative,Bentuk,No,Ibu & Bayi,No
pesan yang satu setengahnya mati,pesan tengah mati,unknown,2,Tokopedia,Negative,Lainnya,Yes,Elektronik,No
jelek barang sampai disini udah rusak gk bisa jalan,jelek barang rusak jalan,unknown,1,Tokopedia,Negative,Bentuk,Yes,Hobi & Hiburan,No
bagus bangettt bahan lumayan teball sukaa padahal murahh tapi kualitas lumayan lahhh tapiii sukaaaa,bagus bangettt bahan lumayan teball sukaa murahh kualitas lumayan lahhh tapiii sukaaaa,unknown,5,Tokopedia,Positive,Bentuk,No,Fashion,No
barang sudah sampai sesui dengan pesana,barang sesui sana,unknown,3,Tokopedia,Neutral,Lainnya,No,Fashion,No
barang lama sekali sampainya,barang sampai,unknown,1,Tokopedia,Negative,Lainnya,No,Kesehatan & Kecantikan,No
kecewa deh order warna hitam navy dikirim dua2nya warna navy alhamdulillah ga langsung beli banyak nyoba beli sedikit dulu,kecewa order warna hitam navy kirim dua2nya warna navy alhamdulillah beli nyoba beli,unknown,2,Tokopedia,Negative,Bentuk,Yes,Fashion,Yes
pro harga kaget flash sale respon seller cepat dlm proses konstruksi hampir seluruh nya dari logam kecuali mic holder con base plate tipis baut ball head tidak presisi jadi harus ganti modif baut konektor arm uk 8x16tpi bkn jd kurang compactible holder hp kurang panjang jd kl hp berat suka jatuh jika posisi menghadap ke bawah,pro harga kaget flash sale respon seller cepat dlm proses konstruksi logam kecuali mic holder con base plate tipis baut ball head presisi ganti modif baut konektor arm uk 8x16tpi bkn jd compactible holder hp jd kl hp berat suka jatuh posisi hadap,unknown,5,Tokopedia,Positive,Bentuk,No,Elektronik,No
material produk bagus produk original,material produk bagus produk original,unknown,5,Tokopedia,Positive,Bentuk,No,F&B,No
barang printer yang di kirim rusak admin online tapi tidak mau membalas chat dan pertanyaan saya untuk claim garansi,barang printer kirim rusak admin online balas chat claim garansi,unknown,1,Tokopedia,Negative,Lainnya,Yes,Elektronik,No
toko ini kurang ajar kasih barang kurang banyak alasan,toko ajar kasih barang alas,unknown,1,Tokopedia,Negative,Lainnya,No,Kesehatan & Kecantikan,No
kertas daur ulang jadi sedih ga puas,kertas daur ulang sedih puas,unknown,3,Tokopedia,Neutral,Lainnya,No,Hobi & Hiburan,No
first time beli gak pake ragu pokoknya worth it banget,first time beli pake ragu pokok worth it,unknown,5,Tokopedia,Positive,Harga,No,Hobi & Hiburan,No
kecewa lah gk ada penyelesaian di chat kg di bls di wa kg di bls lari gitu aj sampah,kecewa selesai chat kg bls wa kg bls lari gitu aj sampah,unknown,1,Tokopedia,Negative,Lainnya,Yes,Elektronik,Yes
barang yg saya terima dari hanya kondisi masih bagus dan layak pakai,barang terima kondisi bagus layak pakai,unknown,1,Tokopedia,Negative,Bentuk,No,Hobi & Hiburan,Yes
packing kurang rapih pinggir buku menjadi rusak,packing rapih pinggir buku rusak,unknown,3,Tokopedia,Neutral,Bentuk,No,Hobi & Hiburan,No
toko benalu gk jelas barangnya sampah,toko benalu barang sampah,unknown,1,Tokopedia,Negative,Lainnya,No,Perlengkapan Kantor,No
barang bagus dan sesuai,barang bagus sesuai,unknown,3,Tokopedia,Neutral,Bentuk,No,F&B,No
proses pesanan cepat respon penjualnya top packaging rapi,proses pesan cepat respon jual top packaging rapi,unknown,5,Tokopedia,Positive,Bentuk,No,Elektronik,No
produknya sekali pakai doang setelah itu rusak kecewa bangettt,produk pakai doang rusak kecewa bangettt,unknown,1,Tokopedia,Negative,Lainnya,Yes,Hobi & Hiburan,Yes
sampul gompal gompal kayak barang reject,sampul gompal gompal barang reject,unknown,2,Tokopedia,Negative,Lainnya,No,Hobi & Hiburan,No
puas banget rekomen deh toko ini buat yang mau beli cat pilok di sini pengiriman nya cepat secepat kilat semoga banyak yang beli di toko ini amin terimakasih banyak ya,puas rekomen toko beli cat pilok kirim cepat cepat kilat moga beli toko amin terimakasih,unknown,5,Tokopedia,Positive,Lainnya,No,Perabotan,No
so far barang yg aku terima bagus no cacat tp barang ini agak cacat di covernya kynya dr pengiriman karena pas sampe packingnya dah kebuka gak tau kynya di sobek buat ngeliat isinya sm si kurir atau gmna jdnya bukunya kegesek huhu sedih sih tp untungnya cm cover doang gk sampe ke dalem,so far barang terima bagus no cacat barang cacat covernya kynya kirim pas packingnya dah buka tau kynya sobek ngeliat isi sm si kurir gmna jdnya buku gesek huhu sedih untung cm cover doang dalem,unknown,3,Tokopedia,Neutral,Bentuk,No,Hobi & Hiburan,No
puasss banget packing aman barang diterima dengan selamat thank you,puasss packing aman barang terima selamat thank you,unknown,5,Tokopedia,Positive,Lainnya,No,Kesehatan & Kecantikan,No
bagus banget pengiriman cepat seller ramah tooop,bagus kirim cepat seller ramah tooop,unknown,5,Tokopedia,Positive,Bentuk,No,Kerajinan & Pesta,No
bagus pengiriman cepet banget bakal jadi langganan nih,bagus kirim cepet langgan,unknown,5,Tokopedia,Positive,Bentuk,No,Perlengkapan Kantor,No
desainnya mewah warnanya cantik ukuran sesuai nyaman dipakai produk sesuai dengan foto produk original packaging aman,desain mewah warna cantik ukur sesuai nyaman pakai produk sesuai foto produk original packaging aman,unknown,5,Tokopedia,Positive,Bentuk,No,Lainnya,No
baru d pake seminggu rusak,pake minggu rusak,unknown,1,Tokopedia,Negative,Lainnya,Yes,Elektronik,No
barang sesuai thank you,barang sesuai thank you,unknown,4,Tokopedia,Positive,Bentuk,No,Hobi & Hiburan,No
barang sampai dengan baik produk cukup bagus suara tidak melengking radio cukup jernih semoga bermanfaat,barang produk bagus suara lengking radio jernih moga manfaat,unknown,5,Tokopedia,Positive,Bentuk,No,Elektronik,No
packing oke sdh sering beli disini sippppp,packing oke beli sippppp,unknown,5,Tokopedia,Positive,Lainnya,No,Perabotan,No
saya kecewa sudah sering banget beli disini tapi packingan nya rusak bolong bolong kayak dimakan tikus ga mungkin banget kalau ini pecah dijalan bisa minta retur ga soalnya ga layak banget,kecewa beli packingan rusak bolong bolong makan tikus pecah jalan retur layak,unknown,1,Tokopedia,Negative,Lainnya,Yes,Perawatan Hewan,Yes
barang tidak lengkap sudah coba kirim video unboxing tapi ga bisa2 masuk sudah minta nomer wa dan email agar bisa kirim videonya tapi tidak direspon dan sudah balas email ke tokopedia juga tapi tidak di balas percuma barang nya juga tidak bisa di pakai karena tidak lengkap padahal di gambar tertera free,barang lengkap coba kirim video unboxing bisa2 nomer wa email kirim video direspon balas email tokopedia balas barang pakai lengkap gambar tera free,unknown,1,Tokopedia,Negative,Lainnya,No,Elektronik,No
saya sangat kecewa belanja di toko ini respon penjual cuek tanggapan lama begitu datang barang tumpah basah satu minggu baru datang tidak tau di kirim nya lama atau di pengiriman nya lama,kecewa belanja toko respon jual cuek tanggap barang tumpah basah minggu tau kirim kirim,unknown,1,Tokopedia,Negative,Lainnya,Yes,Otomotif,No
mantaaap tanggap banget fast respon juossssssss,mantaaap tanggap fast respon juossssssss,unknown,5,Tokopedia,Positive,Lainnya,No,Elektronik,No
mohon maaf produknya tidak bisa dipakai sudah install sesuai dengan petunjuk tp ga bisa juga insya allah ikhlas,maaf produk pakai install sesuai tunjuk insya allah ikhlas,unknown,1,Tokopedia,Negative,Bentuk,No,Elektronik,No
yang penting keluar suara deh soal kualitas suara maaf ya mungkin mirip sama mainan anak anak berbentuk handphone,suara kualitas suara maaf main anak anak bentuk handphone,unknown,2,Tokopedia,Negative,Bentuk,No,Elektronik,No
kecewa sekali masa sekelas p g packingnya kayak gini cuma dilapisi plastik bening udah tau pembalut wanita yang sifatnya privasi pengirimannya juga lama,kecewa kelas packingnya gin lapis plastik bening tau balut wanita sifat privasi kirim,unknown,2,Tokopedia,Negative,Bentuk,Yes,Kesehatan & Kecantikan,Yes
bahannya nyaman nyaman di punggung gampang dipakai desain ergonomis beban tersebar merata,bahan nyaman nyaman punggung gampang pakai desain ergonomis beban sebar rata,unknown,5,Tokopedia,Positive,Bentuk,No,Ibu & Bayi,No
box nya gak di rakit,box rakit,unknown,2,Tokopedia,Negative,Lainnya,No,Fashion,No
produk yang diterima lengkap pas di kepala lampunya terang mantap pokoknya rekomendasi,produk terima lengkap pas kepala lampu terang mantap pokok rekomendasi,unknown,5,Tokopedia,Positive,Rasa,No,Hobi & Hiburan,No
material produk bagus produk sesuai kualitas produk bagus produk original,material produk bagus produk sesuai kualitas produk bagus produk original,unknown,5,Tokopedia,Positive,Bentuk,No,F&B,No
selalu suka dengan sabun ini enak dan segar apagi dipakai setelah olahraga,suka sabun segar apagi pakai olahraga,unknown,5,Tokopedia,Positive,Rasa,No,Kesehatan & Kecantikan,No
jahitan tidak rapih ada jahitan sambungan depan dan samping,jahit rapih jahit sambung samping,unknown,1,Tokopedia,Negative,Bentuk,No,Fashion,No
barang sesuai deskripsi berfungsi dgn baik makasih jga untuk responnya yg sangat baik,barang sesuai deskripsi fungsi makasih jga responnya,unknown,5,Tokopedia,Positive,Bentuk,No,Elektronik,No
kualitas product bagus material bagus recomended harga terjangkau,kualitas product bagus material bagus recomended harga jangkau,unknown,5,Tokopedia,Positive,Bentuk,No,Hobi & Hiburan,No
barang diterima dengan baik dan di packing rapi sesuai deskripsi ada jahitan kurang rapi di bagian kaki tp no probs,barang terima packing rapi sesuai deskripsi jahit rapi kaki no probs,unknown,4,Tokopedia,Positive,Bentuk,No,Fashion,No
seller menggapangkan dan menyepelekan pembeli pengiriman lama pelayanan tidak memuaskan seller bilang wajar lah lama dikirim kan barang diskon sudah lama dikirim pas di pick up gagal pick up tidak di follow up lg sama seller sampai saya complain baru di kerjain untuk kirim kualitas barang standar intinya saya bisa beli dimana saja barang sejenis tp sangat menyesal berhubungan dengan seller seperti ini,seller menggapangkan sepele beli kirim layan muas seller bilang wajar kirim barang diskon kirim pas pick up gagal pick up follow up lg seller complain kerjain kirim kualitas barang standar inti beli mana barang jenis sesal hubung seller,unknown,1,Tokopedia,Negative,Bentuk,Yes,Perabotan,No
produk bagus paking aman rapi respon kirim cepat,produk bagus paking aman rapi respon kirim cepat,unknown,5,Tokopedia,Positive,Bentuk,No,Kerajinan & Pesta,No
barang ori bagus masih segel sejauh ini berfungsi dengan baik,barang original bagus segel fungsi,unknown,5,Tokopedia,Positive,Bentuk,No,Elektronik,No
baru pake hr ud robek,pake hr ud robek,unknown,2,Tokopedia,Negative,Lainnya,No,Fashion,No
ganti mengunakan sirclo packing susu hancur semuapayah kotak rusak semua,ganti mengunakan sirclo packing susu hancur semuapayah kotak rusak,unknown,1,Tokopedia,Negative,Lainnya,Yes,Ibu & Bayi,No
seller 2x masalah dalam pengiriman barang pertama saya beli macam barang yg di kirim cuman macam kedua barang yg kurang sudah dikirim tetapi tidak seusai pesanan saya alhasil cuman barang yg saya pesan yg nyampe ngasih resi jg tidak sesuai di pengajuan komplain admin slow respon official store ga menjamin deh,seller 2x kirim barang beli barang kirim cuman barang kirim pesan alhasil cuman barang pesan ngasih resi sesuai aju komplain admin slow respon official store jamin,unknown,1,Tokopedia,Negative,Bentuk,Yes,Elektronik,No
jangan lupa gaes diorder toko ini,lupa gaes order toko,unknown,5,Tokopedia,Positive,Lainnya,No,Kerajinan & Pesta,No
barang tidak ada komplain tidak direspon pelajaran buat yg beli disini cek hati2 saat datang,barang komplain direspon ajar beli cek hati2,unknown,1,Tokopedia,Negative,Lainnya,Yes,Hobi & Hiburan,No
lampunya terang pancaran cahaya lampu yg baik seller cepat responnya pengiriman cepat dan aman,lampu terang pancar cahaya lampu seller cepat responnya kirim cepat aman,unknown,5,Tokopedia,Positive,Lainnya,No,Otomotif,No
beli dua beda warna xxl datang beda ukuran warna hitam ukuran l dimasukin ke xxl parah itu sih bukan toleransi ukuran lg kl beda segitu,beli beda warna xxl beda ukur warna hitam ukur dimasukin xxl parah toleransi ukur lg kl beda segitu,unknown,1,Tokopedia,Negative,Bentuk,Yes,Hobi & Hiburan,No
sangat amat kecewa beli baju dewasa yg dtng ukuran anak sd moga berkah tuh duit,kecewa beli baju dewasa dtng ukur anak sd moga berkah tuh duit,unknown,1,Tokopedia,Negative,Bentuk,Yes,Fashion,No
barangnya original hemat listrik bahan kuat awet mutu terjamin sni penjualnya ramah banget packaging aman proses pesanan cepat gampang dipakai,barang original hemat listrik bahan kuat awet mutu jamin sni jual ramah packaging aman proses pesan cepat gampang pakai,unknown,5,Tokopedia,Positive,Bentuk,No,Elektronik,No
seller ramah dan fast response packaging rapih dan kualitas kaos ok bakal beli lagi,seller ramah fast response packaging rapih kualitas kaos oke beli,unknown,5,Tokopedia,Positive,Bentuk,No,Fashion,No
sesuai dengan deskripsi penjua sudah dites fungsi dan beberapa fiturnya dan berjalan dg baik kualitas suara tidak mengecewakan harga yg cukup menarik itupun masih diberi bonus kecil recomend jd best seller in toped,sesuai deskripsi jua tes fungsi fiturnya jalan dg kualitas suara kecewa harga tarik itu bonus recomend jd best seller in toped,unknown,5,Tokopedia,Positive,Bentuk,No,Elektronik,No
order tgl feb baru diterima hari ini tgl mar diketerangan estimasi diterima tgl maret padahal sama sama jakarta cukup sekali aja beli disini kapok not recommended seller,order tgl feb terima tgl mar terang estimasi terima tgl maret jakarta beli kapok not recommended seller,unknown,1,Tokopedia,Negative,Bentuk,No,Perawatan Hewan,Yes
bahan bagus sih tapi warna foto sm asli beda,bahan bagus warna foto sm asli beda,unknown,3,Tokopedia,Neutral,Bentuk,No,Fashion,No
tajam kualitas produk bagus produk original produk sesuai,tajam kualitas produk bagus produk original produk sesuai,unknown,5,Tokopedia,Positive,Bentuk,No,F&B,No
setelah pake masker nya kulit merasa alergi ampe kemerahan lalu membengkak saya bingung harus gimana,pake masker kulit alergi ampe merah bengkak bingung gimana,unknown,1,Tokopedia,Negative,Rasa,No,Kesehatan & Kecantikan,No
terimakasih recommended seller,terimakasih recommended seller,unknown,5,Tokopedia,Positive,Lainnya,No,Fashion,No
ga suka barangnya,suka barang,unknown,1,Tokopedia,Negative,Lainnya,No,F&B,No
kesekian kali beli disini mantap,sekian beli mantap,unknown,5,Tokopedia,Positive,Rasa,No,Perabotan,No
pecah kondisi mash di plastik bubble wrap,pecah kondisi mash plastik bubble wrap,unknown,1,Tokopedia,Negative,Bentuk,No,Perlengkapan Kantor,No
bagusss banget gambarnya sudah dicoba topup dr nfc handphone juga bisa thanks seller,bagusss gambar coba topup nfc handphone thanks seller,unknown,5,Tokopedia,Positive,Bentuk,No,Kerajinan & Pesta,No
bahannya berbeda dengan yg dulu dulu dalam putih sekarang tidak jadi panas kasar dan gatal gamau beli lg disini nyesel kualitas dah turun beda jauh,bahan beda putih panas kasar gatal gamau beli lg nyesel kualitas dah turun beda,unknown,1,Tokopedia,Negative,Bentuk,Yes,Kesehatan & Kecantikan,No
recommended seller barang udah sampai packing rapih barang sesuai deskripsi thanks ya,recommended seller barang packing rapih barang sesuai deskripsi thanks,unknown,5,Tokopedia,Positive,Bentuk,No,Kesehatan & Kecantikan,No
bahan nya tipis jahitan kurang rapi,bahan tipis jahit rapi,unknown,3,Tokopedia,Neutral,Bentuk,No,Fashion,No
barang yg dikirim gk sesuai modelnya,barang kirim sesuai model,unknown,1,Tokopedia,Negative,Bentuk,No,Fashion,No
pengiriman cepat packaging oke seller ramah recommended sih udah berkali kali beli di sini kualitas juga oke mantapp min tingkatkan,kirim cepat packaging oke seller ramah recommended kali beli kualitas oke mantapp min tingkat,unknown,5,Tokopedia,Positive,Bentuk,No,Elektronik,No
bagus sesuatu ekspektasi recommended seller,bagus ekspektasi recommended seller,unknown,5,Tokopedia,Positive,Bentuk,No,Hobi & Hiburan,No
bahan bagus sesuai pesanan packing rapi recommended seller,bahan bagus sesuai pesan packing rapi recommended seller,unknown,5,Tokopedia,Positive,Bentuk,No,Fashion,No
baru hari barang sudah rusak padahal pemakaian normal saya kirim balik barang nya ke penjual katanya masuk garansi toko dan akan di service tapi sudah bulan masih belum ada kejelasan juga jadi sementara saya kasih bintang dulu sampai saya terima kembali barang nya dengan keaadaan normal dan berfungsi,barang rusak pakai normal kirim barang jual garansi toko service jelas kasih bintang terima barang keaadaan normal fungsi,unknown,1,Tokopedia,Negative,Lainnya,Yes,Elektronik,No
sesuai pesanan mantap,sesuai pesan mantap,unknown,5,Tokopedia,Positive,Rasa,No,Hobi & Hiburan,No
sesuai pesanan cepat proses kirim sdh sampai lgsg dipasang thanks seller,sesuai pesan cepat proses kirim lgsg pasang thanks seller,unknown,5,Tokopedia,Positive,Bentuk,No,Kesehatan & Kecantikan,No
bintang karena packing ga pake bubble wrap walaupun sampai dengan selamat tanpa ccd penjual fast respon proses barang sesuai dan terdeteksi sebagai xbox controller colok langsung pakai tanpa perlu config,bintang packing pake bubble wrap selamat ccd jual fast respon proses barang sesuai deteksi xbox controller colok pakai config,unknown,4,Tokopedia,Positive,Bentuk,No,Elektronik,No
chatt hampir ga ada respond,chatt respond,unknown,2,Tokopedia,Negative,Lainnya,No,Hobi & Hiburan,No
cupang tidak sesuai gambar,cupang sesuai gambar,unknown,1,Tokopedia,Negative,Bentuk,Yes,Perawatan Hewan,No
cuma penyok penyok doang sisanya bagus kok,penyok penyok doang sisa bagus,unknown,4,Tokopedia,Positive,Bentuk,No,Hobi & Hiburan,No
puas banget rekomendid banget blnja d sini,puas rekomendid blnja,unknown,5,Tokopedia,Positive,Lainnya,No,Hobi & Hiburan,No
paketany ru nyampe lgsung di cek salah satu stik na analog na rusak diorder yg ke 2x na tolong jk order lg tolong dicek kondisi stiknya sblum dikirim terimakasih,paketany ru lgsung cek salah stik na analog na rusak order 2x na tolong jk order lg tolong cek kondisi stik sblum kirim terimakasih,unknown,3,Tokopedia,Neutral,Lainnya,No,Elektronik,No
barang sampai dg cepat ttp dlm kondisi basah dan bau apek kenapa bisa begitu ya padahal didalam plastik,barang dg cepat ttp dlm kondisi basah bau apek dalam plastik,unknown,3,Tokopedia,Neutral,Rasa,No,Fashion,No
packingnya rapi dan aman pakai bubblewrap kualitasnya bagus udah dicoba dan berfungsi semua gak ada kendala tombolnya empuk dan tidak keras top markotop lah,packingnya rapi aman pakai bubblewrap kualitas bagus coba fungsi kendala tombol empuk keras top markotop,unknown,5,Tokopedia,Positive,Bentuk,No,Elektronik,No
sama sekali ga bisa dipakai pas dicolokin ke laptop bisa nyala abis masukin cd cd tidak terbaca pas mau dikeluarin cd nya ga bisa skrg cd saya masih didalem external cd ini hadeehh jadi nambah urusan,pakai pas dicolokin laptop nyala abis masukin cd cd baca pas dikeluarin cd skrg cd dalem external cd hadeehh nambah urus,unknown,1,Tokopedia,Negative,Bentuk,No,Elektronik,Yes
asli bagus bgt,asli bagus,unknown,5,Tokopedia,Positive,Bentuk,No,Fashion,No
baru seminggu pemakaian sudah tidak bisa nyala sebelah,minggu pakai nyala belah,unknown,1,Tokopedia,Negative,Lainnya,No,Elektronik,No
mantap pengiriman instan seller fast respon,mantap kirim instan seller fast respon,unknown,5,Tokopedia,Positive,Rasa,No,Kesehatan & Kecantikan,No
respon seller cepat proses pengiriman cepat model bahan ok cuma kualitas jahitannya silahkan lihat gambar deh banyak kerutan di jahitan pundak lengan kerah jadi bingung mau pake bajunya gk dipake mubazir dipake ya malu juga mohon jadi perhatian bagi seller terima kasih,respon seller cepat proses kirim cepat model bahan oke kualitas jahit silah gambar kerut jahit pundak lengan kerah bingung pake baju dipake mubazir dipake malu perhati seller terima kasih,unknown,2,Tokopedia,Negative,Bentuk,No,Fashion,No
sendinya ga seret sama sekali lossssss ga bisa buat jadi stand meyesell banget,sendi seret lossssss stand meyesell,unknown,1,Tokopedia,Negative,Bentuk,No,Hobi & Hiburan,No
pesan dikirim ga bisa komplain karena ga ada video sudah dikirim foto tetap gabisa respon lama baru sehari setelahnya minta no resi ga waktu hari pas komplain minta nomor resi silahkan ambil 16rbu nya,pesan kirim komplain video kirim foto gabisa respon hari telah no resi waktu pas komplain nomor resi silah ambil 16rbu,unknown,1,Tokopedia,Negative,Bentuk,Yes,Hobi & Hiburan,No
terima kasih spatoeid packaging rapi aman dan pesanan komplit,terima kasih spatoeid packaging rapi aman pesan komplit,unknown,5,Tokopedia,Positive,Bentuk,No,Lainnya,No
sangat kecewa sekali,kecewa,unknown,1,Tokopedia,Negative,Lainnya,Yes,Perlengkapan Kantor,No
lambreta lamaa banget ga rekomen mending beli di store lain officialny parah layanannya senin malam order rabu sore baru sampai,lambreta lamaa rekomen mending beli store officialny parah layan senin malam order rabu sore,unknown,1,Tokopedia,Negative,Lainnya,Yes,Kesehatan & Kecantikan,No
modelnya keren ukuran sesuai bahan berkualitas potongannya rapi bahan menyerap keringat warnanya sesuai,model keren ukur sesuai bahan kualitas potong rapi bahan serap keringat warna sesuai,unknown,5,Tokopedia,Positive,Bentuk,No,Fashion,No
saya pesan warna mustard tapi tidak sesuai,pesan warna mustard sesuai,unknown,1,Tokopedia,Negative,Bentuk,Yes,Fashion,No
respon seller tepat waktu barang sesuai pesanan,respon seller waktu barang sesuai pesan,unknown,5,Tokopedia,Positive,Bentuk,No,Kesehatan & Kecantikan,No
kualitas oke sesuai harga tapi keren parah,kualitas oke sesuai harga keren parah,unknown,5,Tokopedia,Positive,Harga,No,Hobi & Hiburan,No
mantap proses pengerjaan dan pengiriman juga barang sesuai dengan deskripsi,mantap proses kerja kirim barang sesuai deskripsi,unknown,5,Tokopedia,Positive,Rasa,No,Elektronik,No
bukunya pas dibuka agak kotor gtu terus ada beberapa penyokan disisi buku,buku pas buka kotor gtu penyok sisi buku,unknown,3,Tokopedia,Neutral,Bentuk,No,Hobi & Hiburan,No
tipis bagian dalam kurang rapi untuk harga segitu jadi mahal krn ga awet,tipis rapi harga segitu mahal awet,unknown,1,Tokopedia,Negative,Bentuk,No,Fashion,No
awet buat seharian puff nya mudah dipakai gampang dibawa bawa makeup jadi tahan lama proses pesanan cepat packaging aman,awet hari puff mudah pakai gampang bawa bawa makeup tahan proses pesan cepat packaging aman,unknown,5,Tokopedia,Positive,Bentuk,No,Kesehatan & Kecantikan,No
pengalaman pertama beli kulkas secara online alhamdulillah pengiriman dan pengemasan baik produk diterima dng baik tanpa kerusakan dan kualitas produk bagus harga lebih miring dibanding beli langsung ke toko,alami beli kulkas online alhamdulillah kirim kemas produk terima dng rusak kualitas produk bagus harga miring banding beli toko,unknown,5,Tokopedia,Positive,Bentuk,No,Elektronik,No
barang bagus response cepat proses dan pengiriman cepa packing baik recommended seller,barang bagus response cepat proses kirim cepa packing recommended seller,unknown,5,Tokopedia,Positive,Bentuk,No,F&B,No
barangnya sama sekali gak sampai pesan juga balon hati juga beda gak sesuai,barang pesan balon hati beda sesuai,unknown,1,Tokopedia,Negative,Bentuk,No,Kerajinan & Pesta,No
paket telah sampai sesuai hargalah,paket sesuai harga,unknown,4,Tokopedia,Positive,Harga,No,Fashion,No
kondisi barang rusak karena packingnya asal asalan,kondisi barang rusak packingnya asal,unknown,1,Tokopedia,Negative,Lainnya,Yes,Otomotif,No
bagus cat nya mantab dah,bagus cat mantab dah,unknown,5,Tokopedia,Positive,Bentuk,No,Perabotan,No
produk memang sesuai deskripsi penjual harga jg terjangkau pengiriman pun cepat tapi kualitas produknya berbeda dgn original bawaan spt tingkat presisi antar bagian maupun finishing nya agak keras diputar2 utk setting bautnya pun yg panjang padahal original nya yg panjang hanya utk kamera saja sehingga menjadi pemberat di helm,produk sesuai deskripsi jual harga jangkau kirim cepat kualitas produk beda original bawa spt tingkat presisi finishing keras diputar2 setting baut original kamera berat helm,unknown,2,Tokopedia,Negative,Bentuk,Yes,Elektronik,No
respon dan barang di proses dengan cepat thx kyou recommended banget,respon barang proses cepat thx kyou recommended,unknown,5,Tokopedia,Positive,Lainnya,No,Hobi & Hiburan,No
over all bagus hanya pengirimannya sedikit bermasalah terimakasih,over all bagus kirim masalah terimakasih,unknown,3,Tokopedia,Neutral,Bentuk,No,Hobi & Hiburan,No
barang sesuai dengan deskripsi sedot nya kuat banget cocok buat debu kecil di sela laptop ato mobil woke banget lah cincai lah siplah,barang sesuai deskripsi sedot kuat cocok debu laptop ato mobil woke cincai sip,unknown,5,Tokopedia,Positive,Bentuk,No,Otomotif,No
ukuran sesuai modelnya cantik bahannya adem istri suka banget,ukur sesuai model cantik bahan adem istri suka,unknown,5,Tokopedia,Positive,Bentuk,No,Fashion,No
ukuran 6xl seperti ukuran m saat digunakan kurang nyaman sempit banget celana dalamnya terutama saat bergerak sambungan tengah yang dijahit juga kurang panjang jadi rasanya sempit banget,ukur 6xl ukur nyaman sempit celana dalam gerak sambung tengah jahit sempit,unknown,2,Tokopedia,Negative,Bentuk,No,Fashion,No
keren om barang nya,keren om barang,unknown,5,Tokopedia,Positive,Lainnya,No,Hobi & Hiburan,No
harganya murah kualitas barangnya keren abis gak nyesel dah belinya,harga murah kualitas barang keren abis nyesel dah beli,unknown,5,Tokopedia,Positive,Harga,No,Otomotif,No
order pink dateng biru males balikin krna rugi ongkir terpaksa terima apa ada y,order pink dateng biru males balikin krna rugi ongkos kirim paksa terima,unknown,1,Tokopedia,Negative,Harga,No,Ibu & Bayi,No
tipis banget bahan parasutnya dan tidak ada keterangan penjelasan tebal atau tipisnya mungkin seller perlu perjelas,tipis bahan parasut terang jelas tebal tipis seller jelas,unknown,1,Tokopedia,Negative,Bentuk,No,Hobi & Hiburan,No
suara noise seperti saat sedang mencari saluran radio dan agak meletup2 sangat mengganggu padahal sedang berada pada mode bluetooth untuk mendengarkan musik bikin sakit telinga,suara noise cari salur radio meletup2 ganggu mode bluetooth dengar musik bikin sakit telinga,unknown,2,Tokopedia,Negative,Lainnya,No,Elektronik,No
mantab dikardusin satu2 dan di babblewrap lg murah lg,mantab dikardusin satu2 babblewrap lg murah lg,unknown,5,Tokopedia,Positive,Harga,No,Ibu & Bayi,No
terimakasih barangnya da nyampe,terimakasih barang da,unknown,5,Tokopedia,Positive,Lainnya,No,Lainnya,No
bahannya nyaman nyaman di punggung gampang dipakai,bahan nyaman nyaman punggung gampang pakai,unknown,4,Tokopedia,Positive,Bentuk,No,Ibu & Bayi,No
penipu tidak jujur keciwa semoga tidak ada berkahnya,tipu jujur keciwa moga berkah,unknown,1,Tokopedia,Negative,Lainnya,No,Perabotan,No
psan warna pink yg di kirim warna biru bikin ank sya nangis gk maw pakek,psan warna pink kirim warna biru bikin ank sya nang maw pakek,unknown,1,Tokopedia,Negative,Bentuk,No,Fashion,No
wae keren alatnya berasa jadi pengrajin rokok matap seler ramah pros s cepat pengiriman juga cepat,wae keren alat asa rajin rokok matap seler ramah pros cepat kirim cepat,unknown,5,Tokopedia,Positive,Rasa,No,Lainnya,No
parah respon nya butuh hr sejak order baru dikirim granola nya jg ancur semua,parah respon butuh hr order kirim granola ancur,unknown,1,Tokopedia,Negative,Lainnya,Yes,F&B,No
barang bagus sesuai deskripsi pengiriman cepat recommended seller,barang bagus sesuai deskripsi kirim cepat recommended seller,unknown,5,Tokopedia,Positive,Bentuk,No,Perawatan Hewan,No
tidak menerawang nyaman dipakai bahannya adem jahitan rapi,terawang nyaman pakai bahan adem jahit rapi,unknown,5,Tokopedia,Positive,Bentuk,No,Fashion,No
barangny persis di gambar sesuai dg pesanan,barangny persis gambar sesuai dg pesan,unknown,4,Tokopedia,Positive,Bentuk,No,Kesehatan & Kecantikan,No
keren barang kirimannya seger2,keren barang kirim seger2,unknown,5,Tokopedia,Positive,Lainnya,No,Lainnya,No
barang rusak ga bisa nyala sama sekali sebaiknya di coba dulu sebelum dikirim,barang rusak nyala coba kirim,unknown,1,Tokopedia,Negative,Bentuk,Yes,Elektronik,No
jika saya pake satu berfungsi dengan baik tapi jika pakai dua duamya sering kepencet sendiri,pake fungsi pakai duamya pencet,unknown,3,Tokopedia,Neutral,Lainnya,No,Elektronik,No
produk asli original suplemen bagus tanpa efek samping semoga segera berproses utk menambah pigmen rambut tks,produk asli original suplemen bagus efek samping moga proses tambah pigmen rambut tks,unknown,5,Tokopedia,Positive,Bentuk,No,Kesehatan & Kecantikan,No
kualitas bahan sangat baik,kualitas bahan,unknown,5,Tokopedia,Positive,Bentuk,No,Otomotif,No
mengecewakan belanja disini barang tidak sampai ganti2kurir gak jelas penjual gak koperatif,kecewa belanja barang ganti2kurir jual koperatif,unknown,1,Tokopedia,Negative,Lainnya,Yes,Hobi & Hiburan,No
baterainya yang saya dapet rusak pantes pas di charge ga penuh penuh pas dicoba ternyata gabisa fisik baterainya juga agak kembung,baterai rusak pantes pas charge penuh penuh pas coba gabisa fisik baterai kembung,unknown,1,Tokopedia,Negative,Bentuk,Yes,Elektronik,No
pengiriman cepat banget pokonya the best sukses selalu,kirim cepat poko the best sukses,unknown,5,Tokopedia,Positive,Lainnya,No,Kesehatan & Kecantikan,No
material produk bagus kualitas produk bagus produk sesuai produk berfungsi dengan baik,material produk bagus kualitas produk bagus produk sesuai produk fungsi,unknown,4,Tokopedia,Positive,Bentuk,No,F&B,No
pengiriman pertama sudah expired barang diganti baru tp expired nya terlalu mepet jarak bulan ke tanggal expired seharusnya dicek dulu sebelum dikirim ke pembeli,kirim expired barang ganti expired mepet jarak tanggal expired cek kirim beli,unknown,3,Tokopedia,Neutral,Lainnya,No,Kesehatan & Kecantikan,No
awalnya saya kira belum dibuka untuk diisi freemcboot tyt sudah dibuka tinggal tes di mesin thx,buka isi freemcboot tyt buka tinggal tes mesin thx,unknown,5,Tokopedia,Positive,Lainnya,No,Elektronik,No
bagus alatnya harga sesuai dengan kualitasnya tp msh masuk akal dibanding merk yg lain dengan harga diatas kualitasnya sama seperti ini untuk seller juga responnya cepat tanggap mantap,bagus alat harga sesuai kualitas akal banding merk harga atas kualitas seller responnya cepat tanggap mantap,unknown,5,Tokopedia,Positive,Bentuk,No,Hobi & Hiburan,No
semua tombol x tidak berfungsi sama sekali jadi mubazir sekali,tombol fungsi mubazir,unknown,1,Tokopedia,Negative,Bentuk,Yes,Elektronik,No
barangnya bagus harganya murah,barang bagus harga murah,unknown,5,Tokopedia,Positive,Harga,No,Fashion,No
gak bisa nyala,nyala,unknown,1,Tokopedia,Negative,Lainnya,No,Hobi & Hiburan,No
respon penjualnya top,respon jual top,unknown,4,Tokopedia,Positive,Lainnya,No,Elektronik,No
kemasan rapih aman barang lengkap n harga terjangkau seller n bang kurir jg ramah mksh utk tokopedia,kemas rapih aman barang lengkap harga jangkau seller bang kurir ramah mksh tokopedia,unknown,5,Tokopedia,Positive,Bentuk,No,Lainnya,No
repeat order terus,repeat order,unknown,5,Tokopedia,Positive,Lainnya,No,Perabotan,No
respon delivery packing mantul barang sesuai thx,respon delivery packing mantap barang sesuai thx,unknown,5,Tokopedia,Positive,Bentuk,No,Perabotan,No
topinya warnanya pudar dan gak sesuai dengan pic kecewa terimakasih,topi warna pudar sesuai pic kecewa terimakasih,unknown,2,Tokopedia,Negative,Bentuk,Yes,Fashion,Yes
barang original berkualitas pengiriman cepat,barang original kualitas kirim cepat,unknown,5,Tokopedia,Positive,Bentuk,No,Hobi & Hiburan,No
nomor seri terdaftar barangnya original berfungsi dengan baik packaging aman,nomor seri daftar barang original fungsi packaging aman,unknown,5,Tokopedia,Positive,Bentuk,No,Elektronik,No
sesuai deskripsi tapi pemrosesan untuk dikirim lama,sesuai deskripsi pemrosesan kirim,unknown,4,Tokopedia,Positive,Bentuk,No,Hobi & Hiburan,No
barang rusak pesen tgl tgl baru sempet pake buat wedingan pas mau di cas lagi udah drop gabisa isi daya hadehh cuma kepake sekali tok,barang rusak sen tgl tgl sempet pake wedingan pas cas drop gabisa isi daya hadehh kepake tok,unknown,2,Tokopedia,Negative,Bentuk,Yes,Elektronik,No
terima kasih barang yg d terima bagus berfungsi semua packingnya juga oke jd barang aman sampai d rmh tanpa ada kerusakan,terima kasih barang terima bagus fungsi packingnya oke jd barang aman rmh rusak,unknown,5,Tokopedia,Positive,Bentuk,No,Elektronik,No
beli tapi paketan datang g dikasih penyok dah,beli paket kasih penyok dah,unknown,1,Tokopedia,Negative,Lainnya,No,Lainnya,No
barangnya buat kado sih bagus yg terima keliatan happy kualitas product bagus harga terjangkau recomended,barang kado bagus terima liat happy kualitas product bagus harga jangkau recomended,unknown,5,Tokopedia,Positive,Harga,No,Perabotan,No
isinya cuma kaya air putih mening pake semir ban di complain jg gk ada jawaban,isi kaya air putih ning pake semir ban complain,unknown,1,Tokopedia,Negative,Lainnya,No,Otomotif,No
sangat amazing cool a f barang cepat sampee luar biasa,amazing cool barang cepat sampee,unknown,5,Tokopedia,Positive,Lainnya,No,Hobi & Hiburan,No
kacau beli lebih dari lusin gak di kardusin,kacau beli lusin kardusin,unknown,1,Tokopedia,Negative,Bentuk,No,Perlengkapan Kantor,No
barang sampai dengan aman walau pengiriman antar pulau review hari pemakaian kualitas yang ngagetin dengan range harga segini apalagi saya beli saat diskon tombolnya tinggi tactile analognya responsif dan sensitif l r3 nya clicky trigger dan bumper enak dipencet linear triggernya juga beneran fungsi ga cuma embel embel nama rumble atau getarnya juga fitur tambahan yang bagus build qualitynya terasa premium ga kopong dengan body yang doff finish jadi enak dipegang kabelnya juga braided tapi layoutnya yang lumayan lebar agak sulit buat yang tangannya kecil dan d pad nya sayangnya juga bukan yang terbaik buat jempol lu kelamaan pake karna pinggirannya yang tajem sama bentuknya yang salib jadi rada renggang di bagian serong jempol lu bakal terasa sakit kalo terusan geser geser mencet d pad nya apalagi saya prinegativei yang pakai controller ini buat main game gelut walau gitu saya ga nyesel beli ini untuk range harganya kualitasnya tetep ngangetin setara dengan controller konsol ori recommended product,barang aman kirim pulau review pakai kualitas ngagetin range harga gin beli diskon tombol tinggi tactile analog responsif sensitif r3 clicky trigger bumper pencet linear triggernya beneran fungsi embel embel nama rumble getar fitur tambah bagus build qualitynya premium kopong body doff finish pegang kabel braided layoutnya lumayan lebar sulit tangan pad sayang baik jempol pake karna pinggir tajem bentuk salib rada renggang serong jempol sakit terus geser geser mencet pad prinegativei pakai controller main game gelut gitu nyesel beli range harga kualitas tetep ngangetin tara controller konsol original recommended product,unknown,5,Tokopedia,Positive,Bentuk,No,Elektronik,No
ternyata blackmores nya lengket tidak bisa dikonsumsi parah bangettt walaupun dalam keadaan tersegel dalemnya lengket2 semua sudah kapsulnya tidak bisa dikeluarkan boro2 dikonsumsi dicongkel pake garpu garpunya yg bengkok,blackmores lengket konsumsi parah bangettt segel dalem lengket2 kapsul keluar boro2 konsumsi congkel pake garpu garpu bengkok,unknown,1,Tokopedia,Negative,Lainnya,Yes,Kesehatan & Kecantikan,No
sblmnya maaf boxnya gasempet difoto tapi packingnya rapih bre walau bukan pakai bubble wrap tpi tebel dan aman dari guncangan dan benturan padahal isinya juga kokoh harga udah murah pelayanan juga terbaik dari sellernya gila sih pokoknya juara sih ini build nya kokoh besi dan kontrolnya agak sulit btw krn hanya cukup control di sikunya tapi kalau dh terbiasa sih enak aja,sblmnya maaf boxnya gasempet foto packingnya rapih bre pakai bubble wrap tebel aman guncang bentur isi kokoh harga murah layan baik sellernya gila pokok juara build kokoh besi kontrol sulit btw control siku dh biasa,unknown,5,Tokopedia,Positive,Bentuk,No,Elektronik,No
jahitan rapi ukuran dan warna sesuai dgn foto recomended,jahit rapi ukur warna sesuai foto recomended,unknown,5,Tokopedia,Positive,Bentuk,No,Lainnya,No
waktu datang plastiknya sudah sobek dan akhirnya bukunya kotor tolong lain kali di cek lagi sebelum dikirim,waktu plastik sobek buku kotor tolong cek kirim,unknown,2,Tokopedia,Negative,Bentuk,No,Hobi & Hiburan,No
seller fast respon barang cepat sampai packing rapi barang sdh dicoba sesuai order nyaman dipake makasih nowway,seller fast respon barang cepat packing rapi barang coba sesuai order nyaman dipake makasih nowway,unknown,5,Tokopedia,Positive,Bentuk,No,Fashion,No
selalu puas beli disini cepet sampai packing rapih dpt hadiah pula,puas beli cepet packing rapih hadiah,unknown,5,Tokopedia,Positive,Bentuk,No,Ibu & Bayi,No
bagus sangat cepat sampai barang juga daster bali adem di pakainya barang sesuai keinginan terimakasih tokopedia,bagus cepat barang daster bal adem pakai barang sesuai terimakasih tokopedia,unknown,5,Tokopedia,Positive,Bentuk,No,Fashion,No
produk yg bagus walau datang nya telat banget tapi gak kecewa lah sama produk dengan harga yg sangat murah,produk bagus telat kecewa produk harga murah,unknown,5,Tokopedia,Positive,Harga,No,Fashion,No
fast reponse barang beberapa halaman ada yang blank,fast reponse barang halaman blank,unknown,3,Tokopedia,Neutral,Lainnya,No,Hobi & Hiburan,No
tidak ada pengaman sama sekali bubblewrap juga gaada,kam bubblewrap gaada,unknown,3,Tokopedia,Neutral,Bentuk,No,Hobi & Hiburan,No
suara yang dihasilkan jernih garansi resmi mudah digunakan seller sangat komunikatif dan detail dalam menjelaskan fitur yang bisa digunakan untuk streaming tv maupun film sangat recommended untuk hobby nya nonton produk berfungsi dengan baik barangnya original,suara hasil jernih garansi resmi mudah seller komunikatif detail fitur streaming tv film recommended hobby nonton produk fungsi barang original,unknown,5,Tokopedia,Positive,Bentuk,No,Elektronik,No
katanya fit to l ternyata fit to m gambar juga ngak sesuai dengan poto,fit to fit to gambar ngak sesuai poto,unknown,1,Tokopedia,Negative,Bentuk,No,Hobi & Hiburan,No
berfungsi sesuai deskripsi,fungsi sesuai deskripsi,unknown,5,Tokopedia,Positive,Bentuk,No,Otomotif,No
packing nya rapi bngt pengiriman cepat kurirnya jg ramah recommended,packing rapi bngt kirim cepat kurir ramah recommended,unknown,5,Tokopedia,Positive,Bentuk,No,Fashion,No
ini produk ga diragukan sensornya hampir ga ada delay dieksekusinya mantap,produk ragu sensor delay eksekusi mantap,unknown,5,Tokopedia,Positive,Rasa,No,Elektronik,No
baru dibuka tapi bentulnya aneh kaya udah meleleh tapi dibekuin sendiri padahal baru buka dari pengiriman,buka bentul aneh kaya leleh dibekuin buka kirim,unknown,1,Tokopedia,Negative,Lainnya,No,F&B,No
mantap barang bagus pack juga aman banget bener2 recommended seller deh buat nyari playing card yg keren2 begini,mantap barang bagus pack aman bener2 recommended seller nyari playing card keren2,unknown,5,Tokopedia,Positive,Rasa,No,Hobi & Hiburan,No
kardus gak dikirim jadi hanya di packing pake plastik doank sangat mengecewakan,kardus kirim packing pake plastik doank kecewa,unknown,1,Tokopedia,Negative,Bentuk,Yes,Kerajinan & Pesta,No
barang ga ada yg bisa di pake,barang pake,unknown,1,Tokopedia,Negative,Lainnya,No,Hobi & Hiburan,No
barang ok sesuai pesanan,barang oke sesuai pesan,unknown,5,Tokopedia,Positive,Bentuk,No,Otomotif,No
br pakai 15mnt sudah rusak padahal engga jatuh dan ga kebanting,br pakai 15mnt rusak engga jatuh banting,unknown,1,Tokopedia,Negative,Lainnya,Yes,Perabotan,No
kaget pas dateng ternyata bahannya bagus kualitasnya bagus padahal harganya murah wk,kaget pas dateng bahan bagus kualitas bagus harga murah wk,unknown,5,Tokopedia,Positive,Bentuk,No,Fashion,No
bahan kulitnya panas kursi kurang empuk standar aj,bahan kulit panas kursi empuk standar aj,unknown,3,Tokopedia,Neutral,Bentuk,No,Perabotan,No
ternyata bukan hot wheels asli bahan plastik harap di beri keterangan bahwa barang tdk original,hot wheels asli bahan plastik harap terang barang original,unknown,1,Tokopedia,Negative,Bentuk,No,Hobi & Hiburan,No
gua beli dapetnya v2 di desc gada penjelasan mengenai versi bagusan v1 apalagi rgbnya rgb v2 bener bener cuma red green blue sisa warnanya gaguna switch puller gadapet rgb redup pula ngga ada pemberitahuan mengenai versi keyboardnya bener2 kecewa kapok beli da ambil ae v rt x v7 tuh bagus drpd ini kecewa mau gua jual lagi pokoknya,gua beli dapetnya v2 desc gada jelas versi bagus v1 rgbnya rgb v2 bener bener red green blue sisa warna gaguna switch puller gadapet rgb redup pemberitahuan versi keyboardnya bener2 kecewa kapok beli da ambil ae rt v7 tuh bagus drpd kecewa gua jual pokok,unknown,1,Tokopedia,Negative,Bentuk,Yes,Elektronik,Yes
kurang kuat lem nya lemah,kuat lem lemah,unknown,3,Tokopedia,Neutral,Bentuk,No,Kerajinan & Pesta,No
beli cuma dikirim males complain,beli kirim males complain,unknown,1,Tokopedia,Negative,Lainnya,No,Kerajinan & Pesta,No
tidak menerawang bahannya adem,terawang bahan adem,unknown,5,Tokopedia,Positive,Bentuk,No,Fashion,No
ekspedisi pengiriman lama banget pas ngajuin komplain baru di kirim hadeh,ekspedisi kirim pas ngajuin komplain kirim hadeh,unknown,1,Tokopedia,Negative,Bentuk,Yes,Otomotif,No
harganya terlalu mahal untuk kualitas setipis itu tapi gpp deh semoga nanti lebih murah,harga mahal kualitas setip gpp moga murah,unknown,3,Tokopedia,Neutral,Harga,No,Fashion,No
ad retak di bagian kasingnya yg ad logo bluetooth nya untuk unit mp3 kit blom di tes mudah2han nyala setelah di tes ternyata gak ad suaranya padahal kalo pake modul mp3 lain nyala jadi keluar biaya 2x niat hemat malah buntung,ad retak kasingnya ad logo bluetooth unit mp3 kit blom tes mudah2han nyala tes ad suara pake modul mp3 nyala biaya 2x niat hemat buntung,unknown,1,Tokopedia,Negative,Harga,No,Elektronik,No
sangat kecewa barang rejectan di jual pelayanan sangat buruk kya ga butuh uang respon buruk parah kalo barang ga ada bisa konfirmasi dlu gak asal kirim yg dibeli apa yg dikirim apa,kecewa barang rejectan jual layan buruk kya butuh uang respon buruk parah barang konfirmasi kirim beli kirim,unknown,1,Tokopedia,Negative,Lainnya,Yes,Otomotif,No
packing rapi pengiriman cepat seller responsif produk bagus dan ori recommended lah pokoknya,packing rapi kirim cepat seller responsif produk bagus original recommended pokok,unknown,5,Tokopedia,Positive,Bentuk,No,Hobi & Hiburan,No
gak sesuai ekspektasi ternyata di ol shop lain harga jauh banget lebih murah,sesuai ekspektasi ol shop harga murah,unknown,1,Tokopedia,Negative,Harga,No,Fashion,No
kali ke pesen kaos kaki disini bahan bagus dan enak banget dipakai harga super terjangkau dan pengiriman cepat,sen kaos kaki bahan bagus pakai harga super jangkau kirim cepat,unknown,5,Tokopedia,Positive,Harga,No,Fashion,No
ini pembelian yg ke keren lah nyaman untuk olahraga,beli keren nyaman olahraga,unknown,5,Tokopedia,Positive,Bentuk,No,Hobi & Hiburan,No
uda di noted tulung di cek baik baik mungkin drivernya kali ya yg patahin j hook patah 3m rusak kyk keteken kucel mirip duit lama pembelian pertama memuaskan knpa yg kedua begini x tulung di cek lebih teliti lagi yah,uda noted tulung cek drivernya patahin hook patah 3m rusak teken kucel duit beli muas knpa tulung cek teliti yah,unknown,3,Tokopedia,Neutral,Lainnya,No,Elektronik,No
biasa aja harga lebih mahal dri toko sebelah,harga mahal dri toko belah,unknown,3,Tokopedia,Neutral,Harga,No,Ibu & Bayi,No
pelayanannya sangat buruk,layan buruk,unknown,1,Tokopedia,Negative,Lainnya,Yes,Perlengkapan Kantor,No
permukaan screen guard agak kasar tisu basah nya sdh kering packing aman dan pengiriman cepat,muka screen guard kasar tisu basah kering packing aman kirim cepat,unknown,4,Tokopedia,Positive,Bentuk,No,Elektronik,No
semua pesanan bocor sdh di video sama pengiriman kacau jadi beli rugi barang sisa setengah,pesan bocor video kirim kacau beli rugi barang sisa,unknown,1,Tokopedia,Negative,Bentuk,No,Otomotif,No
kecewaaaaaaa botol pecah ngenes bangeett,kecewaaaaaaa botol pecah ngenes bangeett,unknown,1,Tokopedia,Negative,Lainnya,Yes,Kesehatan & Kecantikan,Yes
barang mantapppp original robot harga juga lumayannnn okeee,barang mantapppp original robot harga lumayannnn okeee,unknown,4,Tokopedia,Positive,Rasa,No,Elektronik,No
ga ada packing bubble nya,packing bubble,unknown,1,Tokopedia,Negative,Lainnya,No,Lainnya,No
silent dan bagus untuk pekerjaan ringan,silent bagus kerja ringan,unknown,5,Tokopedia,Positive,Bentuk,No,Elektronik,No
payah gk di ikut sertakan pdhl sudah byr ma af saya kirim hanya bintang,payah serta pdhl byr ma af kirim bintang,unknown,1,Tokopedia,Negative,Lainnya,No,Lainnya,No
ini pembelian saya yg kedua pmbelian yg sbelumnya potnya semua bagus yg kedua ni saya beli pot dan kyk ada bekas tembelan plastik retak saya beli dan semuanya sprti ini,beli pmbelian sbelumnya pot bagus ni beli pot bekas tembel plastik retak beli sprti,unknown,3,Tokopedia,Neutral,Bentuk,No,Perabotan,No
kecewa beli nya pcs tetapi yang datang hanya pcs,kecewa beli pcs pcs,unknown,1,Tokopedia,Negative,Lainnya,Yes,Fashion,Yes
produk dikirim tidak sesuai harusnya,produk kirim sesuai,unknown,1,Tokopedia,Negative,Bentuk,Yes,Perlengkapan Kantor,No
cakep bet dah mau duduk aja di kursi ini sampe ga mau berdiri lagi rasanya,cakep bet dah duduk kursi diri,unknown,5,Tokopedia,Positive,Rasa,No,Elektronik,No
lubang hangtag tidak rapih,lubang hangtag rapih,unknown,2,Tokopedia,Negative,Bentuk,No,Lainnya,No
packing rapih terimakasih,packing rapih terimakasih,unknown,5,Tokopedia,Positive,Bentuk,No,Lainnya,No
maskernya rapet packaging rapi lengkap dengan kotak masih berprelastik,masker rapet packaging rapi lengkap kotak berprelastik,unknown,5,Tokopedia,Positive,Bentuk,No,Kesehatan & Kecantikan,No
pengiriman lumayan cepetttt proses agak lama paking bagusss pake dus harga pas lg promooo respon cepettt aplikator mudah dipakai desainnya mewah,kirim lumayan cepetttt proses paking bagusss pake dus harga pas lg promooo respon cepettt aplikator mudah pakai desain mewah,unknown,5,Tokopedia,Positive,Bentuk,No,Kesehatan & Kecantikan,No
barang sesuai deskripsi baguss lucu bisa dibawa kemana mana mudah an awet,barang sesuai deskripsi baguss lucu bawa mana mudah an awet,unknown,5,Tokopedia,Positive,Bentuk,No,Perabotan,No
respon cepat pengiriman cepat sampai dengan baik dan bisa dimainkan,respon cepat kirim cepat main,unknown,5,Tokopedia,Positive,Lainnya,No,Elektronik,No
positive product sesuai deskripsi,positive product sesuai deskripsi,unknown,4,Tokopedia,Positive,Bentuk,No,Hobi & Hiburan,No
udah langgganan banget belanja imboost disini semoga laris manis jualannya ya kak terima kasih,langgganan belanja imboost moga laris manis jual kak terima kasih,unknown,5,Tokopedia,Positive,Rasa,No,Kesehatan & Kecantikan,No
barang cacat sablonnya tidak rapih sudah luntur ketika diterima,barang cacat sablon rapih luntur terima,unknown,1,Tokopedia,Negative,Bentuk,Yes,Hobi & Hiburan,No
baru dipakai kali dah metong,pakai dah metong,unknown,2,Tokopedia,Negative,Lainnya,No,F&B,No
chat ga di baca pdhl online salah pengiriman tp ga ada tanggung jawab sama sekali kaka mau ak doain bangkrut ga tokonya lain kali jangan kek gitu lah ga berkah nanti rejekinya,chat baca pdhl online salah kirim tanggung kaka doain bangkrut toko kek gitu berkah rejekinya,unknown,1,Tokopedia,Negative,Bentuk,No,Perawatan Hewan,No
penipu awas ditipu reply sy udah kirim bukti tambahan lwt wa krn di tokped spacenya ga cukup tp dia blng sy ga kirim bukti,tipu awas tipu reply kirim bukti tambah lwt wa tokped spacenya blng kirim bukti,unknown,1,Tokopedia,Negative,Bentuk,Yes,Perabotan,No
saran aja buat temen temen yang beli disini jangan buang box nya simpan terus biar kalo baru beli terus rusak bisa di claim garansinya,saran temen temen beli buang box simpan biar beli rusak claim garansi,unknown,1,Tokopedia,Negative,Lainnya,Yes,Elektronik,No
tidak menerawang mudah dibentuk nyaman dipakai jahitan rapi bahannya adem warnanya cantik modelnya cantik,terawang mudah bentuk nyaman pakai jahit rapi bahan adem warna cantik model cantik,unknown,5,Tokopedia,Positive,Bentuk,No,Fashion,No
rekomended seller barang sesuai deskripsi tingga dicoba saja niceee,rekomended seller barang sesuai deskripsi tingga coba niceee,unknown,4,Tokopedia,Positive,Bentuk,No,F&B,No
packing sangat aman selalu puas thx seller sukses,packing aman puas thx seller sukses,unknown,5,Tokopedia,Positive,Lainnya,No,Ibu & Bayi,No
ga bisa di pakai,pakai,unknown,1,Tokopedia,Negative,Lainnya,No,Hobi & Hiburan,No
produk ok cuman teksturnya terlalu kasar overall positive thanks seller,produk oke cuman tekstur kasar overall positive thanks seller,unknown,4,Tokopedia,Positive,Rasa,No,Elektronik,No
barang biasa aja bahan kurang bgitu bagus,barang bahan bgitu bagus,unknown,2,Tokopedia,Negative,Bentuk,No,F&B,No
celemekny dah dateng packing hanya diberi kertas amplom coklat pengiriman cepat,celemekny dah dateng packing kertas amplom coklat kirim cepat,unknown,4,Tokopedia,Positive,Lainnya,No,F&B,No
barang tidak sesuai no ya besar tp nyatanya kecil,barang sesuai no,unknown,2,Tokopedia,Negative,Bentuk,Yes,Fashion,No
kurang pas di wajah kaya kurang keatas gitu karetnya sakit kelamaan,pas wajah kaya atas gitu karet sakit,unknown,3,Tokopedia,Neutral,Bentuk,No,Kesehatan & Kecantikan,No
gila pengiriman cepet banget dr surabaya ke bogor fast respont barang ok sesuai banget packing rapi recomended seller euy ma kasih gan thanks toped,gila kirim cepet surabaya bogor fast respont barang oke sesuai packing rapi recomended seller euy ma kasih gan thanks toped,unknown,5,Tokopedia,Positive,Bentuk,No,Elektronik,No
produk cukup bagus pas sesuai harga,produk bagus pas sesuai harga,unknown,3,Tokopedia,Neutral,Bentuk,No,F&B,No
selangnya robek tasnya jg robel di sudut,selang robek tas robel sudut,unknown,1,Tokopedia,Negative,Lainnya,No,Hobi & Hiburan,No
barangnya bagus sesuai deskripsi banyak batu filter penuh mudah dipasang semoga awet dan pengiriman cepet banget seller recomended,barang bagus sesuai deskripsi batu filter penuh mudah pasang moga awet kirim cepet seller recomended,unknown,5,Tokopedia,Positive,Bentuk,No,Perabotan,No
barang bagus cuma kurang teliti saat pengiriman kabel charger salah yang magnetik tapi dapat kabel charger usb selain it ok lah,barang bagus teliti kirim kabel charger salah magnetik kabel charger usb it oke,unknown,4,Tokopedia,Positive,Bentuk,No,Fashion,No
aku dikirimin kopi langsung masukin kulkas besok di cobain basi,dikirimin kopi masukin kulkas besok cobain basi,unknown,1,Tokopedia,Negative,Lainnya,No,F&B,No
barang berfungsi dengan baik packaging aman packaging aman barangnya original,barang fungsi packaging aman packaging aman barang original,unknown,5,Tokopedia,Positive,Bentuk,No,Hobi & Hiburan,No
barangnya bagus dengan harga yang bisa dibilang murah ya ini sangat recomended membeli rak ini karena sepatu jadi tidak gampang berdebu,barang bagus harga bilang murah recomended beli rak sepatu gampang debu,unknown,5,Tokopedia,Positive,Harga,No,Perabotan,No
tdk dpt hadiah,hadiah,unknown,3,Tokopedia,Neutral,Lainnya,No,Kesehatan & Kecantikan,No
mantab barangnya kokoh kualitas ok mau pesen satu lagi,mantab barang kokoh kualitas oke sen,unknown,5,Tokopedia,Positive,Bentuk,No,Perabotan,No
kecewa sih pas dibuka ada bagian yg rusak entah ketika pengiriman utau memang kondisi bukunya,kecewa pas buka rusak kirim utau kondisi buku,unknown,2,Tokopedia,Negative,Bentuk,Yes,Hobi & Hiburan,Yes
ternyata ukurannya kecil di bawah harapan,ukur harap,unknown,2,Tokopedia,Negative,Bentuk,No,F&B,No
kualitas karung kurang bagus pengiriman lama,kualitas karung bagus kirim,unknown,3,Tokopedia,Neutral,Bentuk,No,Lainnya,No
sudah kesekian kalinya pesen green screen di sini dan tetap selalu puas dengan pelayanan dan produknya,sekian kali sen green screen puas layan produk,unknown,5,Tokopedia,Positive,Lainnya,No,Elektronik,No
sangat kecewa baru bulan scroll sudah rusak,kecewa scroll rusak,unknown,1,Tokopedia,Negative,Lainnya,Yes,Elektronik,No
bertanya dijawab ready dikirim tuker ga boleh kecewa sangat,ready kirim tuker kecewa,unknown,1,Tokopedia,Negative,Lainnya,Yes,Fashion,No
pengiriman sangat cepat respon penjual juga baik packing amat bangt terima kasih seller,kirim cepat respon jual packing bangt terima kasih seller,unknown,5,Tokopedia,Positive,Lainnya,No,Ibu & Bayi,No
pengiriman cepat namun saya baru sempat susun dua minggu setelah barang sampai tapi ternyata cube kurang sekitar piece cube polos jadinya lemarinya tidak kokoh berharap penjual bisa mengirim part ke kuranganya supaya saya perbaiki bintangnya ketika barang berudi terima saran saya harus ada tabel verifikasi jumlah part dan asesoris nya di sini tidak ada cara pasang tidak di berikan dengan jelas jika ini merek resmi bisa di komplain ke lembaga perlindungan konsumen indonesia,kirim cepat susun minggu barang cube piece cube polos lemari kokoh harap jual kirim part kuranganya baik bintang barang udi terima saran tabel verifikasi part asesoris pasang merek resmi komplain lembaga lindung konsumen indonesia,unknown,1,Tokopedia,Negative,Bentuk,Yes,Perabotan,No
mesan hijau dikasih abu abu ukuran sama apa gak baca pesanannya kalau memang gaada ya dijelaskan saja kn lebih enak,mesan hijau kasih abu abu ukur baca pesan gaada kn,unknown,3,Tokopedia,Neutral,Bentuk,No,Fashion,No
bahan berkualitas ukuran sesuai modelnya keren warnanya sesuai potongannya rapi,bahan kualitas ukur sesuai model keren warna sesuai potong rapi,unknown,5,Tokopedia,Positive,Bentuk,No,Fashion,No
oke banget barang lembut anti bakteri barang premium enak dipake deh saya udah beli sekali beli murah tapi gak murahan yakin,oke barang lembut anti bakteri barang premium dipake beli beli murah murah,unknown,5,Tokopedia,Positive,Rasa,No,Fashion,No
beli obat diikrim dus kosong maksdya apaan nh mau tipu konsumen apa masdya,beli obat diikrim dus kosong maksdya nh tipu konsumen masdya,unknown,1,Tokopedia,Negative,Lainnya,Yes,Perawatan Hewan,No
pengiriman sesuai estimasi kemasan paket bagus n rapi tas gadget ditrima dlm kondisi baik tidak ada yg rusak kualitas produk bagus bentuk warna n ukuran sesuai deskripsi,kirim sesuai estimasi kemas paket bagus rapi tas gadget ditrima dlm kondisi rusak kualitas produk bagus bentuk warna ukur sesuai deskripsi,unknown,5,Tokopedia,Positive,Bentuk,No,Perabotan,No
beli buah warna pink dikirimnya ungu tidak ada konfirmasi sebelumnya dan ketika saya ty di dm pun tidak dibalas ada gantungan masker yg putus juga tapi seller sama sekali tidak membalas dm saya ketika ditanya mengenai ini,beli buah warna pink kirim ungu konfirmasi ty dm balas gantung masker putus seller balas dm,unknown,2,Tokopedia,Negative,Bentuk,No,Fashion,No
ada karat sedikit di bagian resletingnya sama jaitan sedikit kurang rapih di bagian dlm tapi overall bagus sih,karat resletingnya jaitan rapih dlm overall bagus,unknown,4,Tokopedia,Positive,Bentuk,No,Fashion,No
barang dan pengiriman sesuai suara alarm kurang begitu kenceng alarm clock agak mengarah keatas jd display pd jam hanya akan terlihat lbh jelas bila posisi mata qta lbh tinggi dr posisi jam,barang kirim sesuai suara alarm kenceng alarm clock arah atas jd display jam lbh posisi qta lbh tinggi posisi jam,unknown,4,Tokopedia,Positive,Bentuk,No,Elektronik,No
deskripsi warna kurang sesuai,deskripsi warna sesuai,unknown,3,Tokopedia,Neutral,Bentuk,No,Fashion,No
respon seller cepat packing aman pengiriman cepat dan barangnya bagus,respon seller cepat packing aman kirim cepat barang bagus,unknown,5,Tokopedia,Positive,Bentuk,No,F&B,No
busa doank gak ada mika bwt pelindungnya,busa doank mika bwt lindung,unknown,1,Tokopedia,Negative,Bentuk,No,Hobi & Hiburan,No
nyaman banget dipakai tetap bisa gerak maksimal kualitas bahan bagus,nyaman pakai gerak maksimal kualitas bahan bagus,unknown,5,Tokopedia,Positive,Bentuk,No,Ibu & Bayi,No
jelek bgt bikin kecewa,jelek bikin kecewa,unknown,1,Tokopedia,Negative,Bentuk,Yes,Fashion,Yes
tdk sesuai gbr deskripsi,sesuai gbr deskripsi,unknown,3,Tokopedia,Neutral,Bentuk,No,Elektronik,No
pesan yang sampai semoga berkah deh yg curangin,pesan moga berkah curangin,unknown,1,Tokopedia,Negative,Lainnya,No,Fashion,No
ini expiry date nya kok dijual sayangnya aku ga ambil video unboxing nya soalnya yaa ga nyangka aja gitu judul tokonya official store dan waktu check barcode ga ada dong ga keluar itemnya beda dg produk satu lagi yg ke beli berbarengan,expiry date jual sayang ambil video unboxing yaa nyangka gitu judul toko official store waktu check barcode item beda dg produk beli bareng,unknown,1,Tokopedia,Negative,Lainnya,No,Kesehatan & Kecantikan,No
awalnya saya memberikan rating bagus karena pada pertama kali diffuser menyala dengan baik saya menerima produk tanggal februari dan langsung saya coba hasilnya bagus lalu saya ikuti petunjuk mematikan dan pembersihannya produk ini saya nyalakan kembali hari ini tanggal februari kedua kali mist sudah tidak keluar dan tombol on tidak menyala saya mengajukan komplain di chat dan balasan dari pihak uchii mengatakan produk yang sudah lebih dari hari tidak dapat dikomplain sangat disayangkan karena ini produk elektronik jawaban lainnya dari pihak uchii juga sangat tidak proffesional apakah karena saya membeli pada saat diskon lalu dikirimkan produk yang sudah rusak harusnya lebih bertanggung jawab kalau tidak ada penggantian minimal perbaikan,rating bagus diffuser nyala terima produk tanggal februari coba hasil bagus ikut tunjuk mati bersih produk nyala tanggal februari mist tombol on nyala aju komplain chat balas uchii produk komplain sayang produk elektronik uchii proffesional beli diskon kirim produk rusak tanggung ganti minimal baik,unknown,1,Tokopedia,Negative,Harga,Yes,Perabotan,Yes
orng nnya responnya jutek bgt biasa aja kali saya cm bertanya ga ngajak debat sombong bgt penjual kyak bgini,orng nnya responnya jutek cm ngajak debat sombong jual kyak bgini,unknown,1,Tokopedia,Negative,Lainnya,No,Perawatan Hewan,No
sangat rekomended packing bubble warp banyak meskipun order seharga cebann niceee,rekomended packing bubble warp order harga cebann niceee,unknown,5,Tokopedia,Positive,Harga,No,Kerajinan & Pesta,No
warnanya pekat penjualnya ramah banget desainnya lucu packaging aman packaging rapi respon penjualnya top proses pesanan cepat desainnya mewah aplikator mudah dipakai cocok di kulit kering cocok di kulit berminyak,warna pekat jual ramah desain lucu packaging aman packaging rapi respon jual top proses pesan cepat desain mewah aplikator mudah pakai cocok kulit kering cocok kulit minyak,unknown,5,Tokopedia,Positive,Bentuk,No,Kesehatan & Kecantikan,No
bagus sesuai ekspetasi original pengiriman cepat cuma pada bagian tombol adjust agak masuk kedalam jadi agak susah ditekan kalau tombolnya bagus aku langsung kasih bintang hehehe,bagus sesuai ekspetasi original kirim cepat tombol adjust dalam susah tekan tombol bagus kasih bintang hehehe,unknown,4,Tokopedia,Positive,Bentuk,No,Fashion,No
aman sampai tujuan dan cepat tinggal buka packingan blum sy cek mdh2an tidak ada yg sobek trims bos next order lagi,aman tuju cepat tinggal buka packingan blum cek mdh2an sobek trims bos next order,unknown,4,Tokopedia,Positive,Lainnya,No,Hobi & Hiburan,No
pas chekout kemarin tulisanny dapet cashback ribu pas barang udh dpt kok koinnya cashback ny berubah hanya dpt ribu kecewa banget bulan depan ganti susu dari kalbe aja lah,pas chekout kemarin tulisanny cashback ribu pas barang koin cashback ubah ribu kecewa ganti susu kalbe,unknown,1,Tokopedia,Negative,Harga,Yes,Ibu & Bayi,Yes
klo produk udh pasti bgs krn original pengiriman nya jg bgs hari ini order bsk bisa lgs nyampe tks,produk bagus original kirim bagus order bsk lgs tks,unknown,5,Tokopedia,Positive,Bentuk,No,Ibu & Bayi,No
puas sekali saya pesan pcs semuanya pas qty nya dan tidak ada yg cacat per ada mainan nya pengiriman brg juga cepat terima kasih yaahh seller untuk harga segini sih murah sekalii,puas pesan pcs pas qty cacat main kirim brg cepat terima kasih yaahh seller harga gin murah sekali,unknown,5,Tokopedia,Positive,Harga,No,Fashion,No
bahan panas tipis gatal kalau dipakai lebih dari 1jam,bahan panas tipis gatal pakai 1jam,unknown,2,Tokopedia,Negative,Bentuk,No,Fashion,No
kecewa sekali ada lembar warnanya beda memang sekilas bentuk dan motif sama tpi saat mau dipasang beda sekali rate barang rate penjual,kecewa lembar warna beda kilas bentuk motif pasang beda rate barang rate jual,unknown,1,Tokopedia,Negative,Bentuk,Yes,Perabotan,Yes
produk belum diterima tetapi status sudah diterima pengiriman barangnya gak jelas,produk terima status terima kirim barang,unknown,1,Tokopedia,Negative,Lainnya,No,Hobi & Hiburan,No
jujur kecewa karena yg di kirim bukam choco brown tapi yg di kirim malah sunny gold,jujur kecewa kirim bukam choco brown kirim sunny gold,unknown,3,Tokopedia,Neutral,Lainnya,No,Kesehatan & Kecantikan,No
ok nih seal tutup nya juga kuat pas di pencet2 utk keluarin angin dari kantong gak kebuka harga murah pula,oke seal tutup kuat pas pencet2 keluarin angin kantong buka harga murah,unknown,5,Tokopedia,Positive,Harga,No,Perabotan,No
untuk jar bahannya bagus bahan2 yg lain lumayan namun untuk tutup jar pita tlg diperhatikan lubangnya terlalu besar gampang ditarik smp lepas tp terbalik dgn tutupnya stick yg kekecilan lobangnya stick plastik g bisa masuk akhirnya hrs diganti tutup stick jd tutup pita tp y pe er ngerjainnya krn udh keiket kecil2 gt kan maaf agak panjang reviewnya untuk yang lain bagus,jar bahan bagus bahan2 lumayan tutup jar pita tlg perhati lubang gampang tarik smp lepas balik tutup stick kecil lobangnya stick plastik hrs ganti tutup stick jd tutup pita pe er ngerjainnya keiket kecil2 gt maaf reviewnya bagus,unknown,3,Tokopedia,Neutral,Bentuk,No,Hobi & Hiburan,No
tipis banget dan transparan,tipis transparan,unknown,2,Tokopedia,Negative,Bentuk,No,Fashion,No
istimewa akurat dan dicetak dengan sempurna,istimewa akurat cetak sempurna,unknown,5,Tokopedia,Positive,Lainnya,No,Lainnya,No
pelayanan cepat dan memuaskan,layan cepat muas,unknown,5,Tokopedia,Positive,Lainnya,No,Hobi & Hiburan,No
bagus barang nya,bagus barang,unknown,4,Tokopedia,Positive,Bentuk,No,F&B,No
buruk sepatu bukan kulit kelebihan ongkir tidak kembali,buruk sepatu kulit lebih ongkos kirim,unknown,1,Tokopedia,Negative,Harga,Yes,Perabotan,No
barangnya sudah sampai cepet banget recommended lah tengkyuuu,barang cepet recommended tengkyuuu,unknown,5,Tokopedia,Positive,Lainnya,No,Elektronik,No
baru hari pemakaian kindle paperwhite nya rusak penjual tidak mau di return dan bantu klaim garansi sedih bangettt,pakai kindle paperwhite rusak jual return bantu klaim garansi sedih bangettt,unknown,1,Tokopedia,Negative,Lainnya,Yes,Elektronik,No
paket mulus sampai di tujuan toko juga sudah terpercaya mantab,paket mulus tuju toko percaya mantab,unknown,5,Tokopedia,Positive,Lainnya,No,Hobi & Hiburan,No
ditinjau dr kesesuaian dg deskripsi fungsional produk dan rekomendasi produk adalah tepat sesuai dan baik,tinjau sesuai dg deskripsi fungsional produk rekomendasi produk sesuai,unknown,5,Tokopedia,Positive,Bentuk,No,Elektronik,No
kusutt datengnya pink padahal sudah d notr biruu ga bisa baca kayanya ni penjual,kusutt datengnya pink notr biruu baca kaya ni jual,unknown,1,Tokopedia,Negative,Lainnya,No,Ibu & Bayi,No
toko langganan karena pengiriman sangat cepat terimakasih,toko langgan kirim cepat terimakasih,unknown,5,Tokopedia,Positive,Lainnya,No,Perlengkapan Kantor,No
memang lebih murah dari yang lain tapi rata2 udah ngga fresh lagi,murah rata2 fresh,unknown,3,Tokopedia,Neutral,Harga,No,Perawatan Hewan,No
sudah kali ganti kartu sinyalnya tidak ada terus sekali sinyal ada ngak bisa telp dan menerima telp,ganti kartu sinyal sinyal ngak telp terima telp,unknown,2,Tokopedia,Negative,Lainnya,No,Fashion,No
nyesel beli kagak terang,nyesel beli kagak terang,unknown,1,Tokopedia,Negative,Lainnya,No,Otomotif,No
brg udah di terima pesan ny masing2 pcs tapi yg dtng malah doraemon semya padahal udah di chat sebelumny tlg sesuai orderan y jawab adminny y tapi dtngny malah lain,brg terima pesan masing2 pcs dtng doraemon semya chat sebelumny tlg sesuai order adminny dtngny,unknown,1,Tokopedia,Negative,Rasa,No,Fashion,No
produk cepat sampai dan sesuai deskripsi tapi chat nya slow respon overall bagus,produk cepat sesuai deskripsi chat slow respon overall bagus,unknown,4,Tokopedia,Positive,Bentuk,No,Elektronik,No
packing asal barang sangat mengecewakan kotor bocor musiknya jg ga jalan banyak baret,packing barang kecewa kotor bocor musik jalan baret,unknown,1,Tokopedia,Negative,Bentuk,Yes,Hobi & Hiburan,No
alhamdulillah setelah jam lebih total downloadnya akhirnya bisa terbang juga agan seller sgt responsive terutama adminnya guidance nya very clear semoga pmdg boeing 73x bisa segera release ya,alhamdulillah jam total downloadnya terbang agan seller sgt responsive adminnya guidance very clear moga pmdg boeing 73x release,unknown,5,Tokopedia,Positive,Lainnya,No,Elektronik,No
barangnya ga dikirim sampai hari ini,barang kirim,unknown,1,Tokopedia,Negative,Lainnya,No,Hobi & Hiburan,No
barangnya bagus banget semoga aweet kalo aweet gua bakalan beli lagi dimari buat cadangaan,barang bagus moga aweet aweet gua beli mari cadangaan,unknown,5,Tokopedia,Positive,Bentuk,No,Elektronik,No
barang tidak sesuai gambar yang ditawarkan,barang sesuai gambar tawar,unknown,1,Tokopedia,Negative,Bentuk,Yes,Hobi & Hiburan,No
nyaman untuk olahraga harga bersaing dijamin termurah,nyaman olahraga harga saing jamin murah,unknown,5,Tokopedia,Positive,Harga,No,Hobi & Hiburan,No
saya baru pakai ini krn habiskan stock yg sebelumnya yang skr kualitasnya buruk krn cair beda dengan yg sebelumnya tdk cair pdhal di awal saya suka produk ini disayankan saja kualitasnya turun krn dicampur cairan,pakai habis stock skr kualitas buruk cair beda cair pdhal suka produk disayankan kualitas turun campur cair,unknown,1,Tokopedia,Negative,Bentuk,Yes,Otomotif,Yes
pelayanan tidak baik terdapat page flicker crash di kindle yang dibeli setelah di complaint pihak penjual bilang itu hal yang normal dan disetiap kindle memang memiliki page flicker crash namun di deskripsi produk tidak di jelaskan tentang hal itu di complaint baru di jelasin kalo itu normal hati hati dalam memesan minta deskripsi secara rinci dan detail sebelum membeli karena ini produk elektronik yang butuh di cek devicenya dan lain lain,layan page flicker crash kindle beli complaint jual bilang normal tiap kindle milik page flicker crash deskripsi produk complaint jelasin normal hati hati mes deskripsi rinci detail beli produk elektronik butuh cek devicenya,unknown,1,Tokopedia,Negative,Rasa,No,Elektronik,No
cas aki berfungsi baik aki yg masih bagus pasti bisa dicas lumayan drpd titip cas pinggir jalan mending py sendiri semoga awet sukses terus buat seller,cas aki fungsi aki bagus cas lumayan drpd titip cas pinggir jalan mending py moga awet sukses seller,unknown,5,Tokopedia,Positive,Bentuk,No,Perabotan,No
sdh sering repeat order mantap,repeat order mantap,unknown,5,Tokopedia,Positive,Rasa,No,F&B,No
yg sebelah kiri triggernya ga sensitif jadi cuma kepake sebelah doang,belah kiri triggernya sensitif kepake belah doang,unknown,3,Tokopedia,Neutral,Lainnya,No,Elektronik,No
enak banget pulen bener2 teksturnya seperti nasi gampang juga buatnya,pulen bener2 tekstur nasi gampang buat,unknown,5,Tokopedia,Positive,Rasa,No,F&B,No
kebanyakan panjual yang tokonya sudah diamon barang yang di kirim tidak di cek kondiri barang masih berfungsi apa tidak ini barang di kirim tidak berfungsi pas di buka tali perekat sudah putus sama aja jual sampah buat buyer yang lain mohon jangan di beli di toko ini saya dan anda pasti sangat kecewa jangan pernah order di toko ini barang sampah buang buang waktu dan uang aja mending kalau barang berfungsi tapi ini sama sekali rusak tidak bisa di pakai,banyak panjual toko diamon barang kirim cek kondiri barang fungsi barang kirim fungsi pas buka tali rekat putus jual sampah buyer beli toko kecewa order toko barang sampah buang buang waktu uang mending barang fungsi rusak pakai,unknown,1,Tokopedia,Negative,Bentuk,Yes,Perabotan,No
produk yang dikirim tombol putih buat setting besar kecil nya semprotan tidak berfungsi bagaimana katanya garansi 30hari,produk kirim tombol putih setting semprot fungsi garansi 30hari,unknown,1,Tokopedia,Negative,Bentuk,Yes,Perabotan,No
bakal langganan packing amaannnnnnn,langgan packing amaannnnnnn,unknown,5,Tokopedia,Positive,Lainnya,No,Ibu & Bayi,No
pengiriman lambat seminggu baru sampai bagi yang membutuhkan cepat lebih baik beli di supermarket langsung,kirim lambat minggu butuh cepat beli supermarket,unknown,3,Tokopedia,Neutral,Lainnya,No,F&B,No
powerbank nya tidak bisa berfungsi baterai full charge tapi sewaktu disambungkan ke handphone handphone tidak tercharge,powerbank fungsi baterai full charge sambung handphone handphone tercharge,unknown,1,Tokopedia,Negative,Lainnya,No,Elektronik,No
barang datang dng dus yg tidak layak banget buat kado jd malu dgn kondisi mengenaskan,barang dng dus layak kado jd malu kondisi enas,unknown,2,Tokopedia,Negative,Lainnya,No,Ibu & Bayi,No
barang sangat lama datang dan ada sedikit penyot di bagian lampu indikator tapi alhamdulillah berfungsi dgn baik,barang penyot lampu indikator alhamdulillah fungsi,unknown,3,Tokopedia,Neutral,Lainnya,No,Elektronik,No
sy pesan lilin yg angka dan tpi di kirim nya angka angka nya sdh benar pdhl wkt beli sy sdh jlalasin sy mau yg angka dan sy tdk bs kirim foto nya krn sy udh buang brng nya krn tdk bs di pakai sy udh tunggu brp hr tau2 smp brng nya dan di buka yg di kirim lain sm yg di beli sy cmn pesan utk ke dpn nya blajarlah yg teliti sebelum brng di kirim,pesan lilin angka kirim angka angka pdhl wkt beli jlalasin angka bs kirim foto buang brng bs pakai tunggu brp hr tau2 smp brng buka kirim sm beli cmn pesan dpn blajarlah teliti brng kirim,unknown,1,Tokopedia,Negative,Rasa,No,Kerajinan & Pesta,No
dapet barang gak bagus analog kiri gabisa buat jalan ke serong kanan atau kiri mau retur ribet seller slow respon alhasil cuma jadi pajangan aja nih stick edit setelah seminggu analog gabisa jalan sama sekalii penjual sama sekali ga responn nyesel,barang bagus analog kiri gabisa jalan serong kanan kiri retur ribet seller slow respon alhasil pajang stick edit minggu analog gabisa jalan sekali jual responn nyesel,unknown,1,Tokopedia,Negative,Bentuk,Yes,Elektronik,No
admin fast respon ramah bukunya ori diterima dalam keadaan tersegel dimasukan dus dibungkus bubble wrap sangat memuaskan terima kasih banyak,admin fast respon ramah buku original terima segel masuk dus bungkus bubble wrap muas terima kasih,unknown,5,Tokopedia,Positive,Bentuk,No,Hobi & Hiburan,No
pengiriman cepat packing rapi kualitas mantap,kirim cepat packing rapi kualitas mantap,unknown,5,Tokopedia,Positive,Bentuk,No,Elektronik,No
produk sesuai deskripsi dan normal no minus wow diluar ekspetasi semua fitur berfungsi baik packing aman harga terjangkau seller agak slow respon,produk sesuai deskripsi normal no minus wow luar ekspetasi fitur fungsi packing aman harga jangkau seller slow respon,unknown,5,Tokopedia,Positive,Harga,No,Elektronik,No
sudah diterima dan sesuai baguussssss,terima sesuai baguussssss,unknown,5,Tokopedia,Positive,Bentuk,No,Lainnya,No
pengiriman cepat admin ramah langganan dah kedepannya,kirim cepat admin ramah langgan dah depan,unknown,5,Tokopedia,Positive,Lainnya,No,Ibu & Bayi,No
mungil bntukny tp bnyak fungsi kualitas mantaapppp,mungil bntukny bnyak fungsi kualitas mantaapppp,unknown,5,Tokopedia,Positive,Bentuk,No,Perlengkapan Kantor,No
isinya cuma gr diskripsinya kg udah terlanjur beli bungkus tolong dong jangan suka nipu alus model gini kagak berkah tau parah nih sellernya ngasih duit haram ke keluarganya,isi gr skripsi kg lanjur beli bungkus tolong suka nipu alus model gin kagak berkah tau parah sellernya ngasih duit haram keluarga,unknown,1,Tokopedia,Negative,Bentuk,Yes,Perawatan Hewan,No
pas pesan lupa cantumkan warna lgs chat ke penjual nya request warna seblm di kirim chat cuma di baca ga di respon kirim ikan nya warna putih polos kecewa belanja disini udah mahal malah kirim yg jarang org mau kecewa,pas pesan lupa cantum warna lgs chat jual request warna seblm kirim chat baca respon kirim ikan warna putih polos kecewa belanja mahal kirim jarang org kecewa,unknown,1,Tokopedia,Negative,Bentuk,Yes,Perawatan Hewan,Yes
barang yg di pesan sesuai dan packing rapi,barang pesan sesuai packing rapi,unknown,5,Tokopedia,Positive,Bentuk,No,Kerajinan & Pesta,No
ukuran sesuai bahannya berkualitas nyaman dipakai si kecil modelnya keren,ukur sesuai bahan kualitas nyaman pakai si model keren,unknown,5,Tokopedia,Positive,Bentuk,No,Fashion,No
kurang puas krn bahannya beda dengan yg digambar ekspektasi bahan tebal ternyt tipis bgt,puas bahan beda gambar ekspektasi bahan tebal ternyt tipis,unknown,3,Tokopedia,Neutral,Bentuk,No,Fashion,No
service mengecewakan sekali kecewa pasti saya kasi bintang terus,service kecewa kecewa kasi bintang,unknown,1,Tokopedia,Negative,Bentuk,Yes,Kesehatan & Kecantikan,Yes
bahan tebal dan nyaman di pakai,bahan tebal nyaman pakai,unknown,5,Tokopedia,Positive,Bentuk,No,Ibu & Bayi,No
hari masih bagus hasilnya hari kedepan udah gak bagus lagi berembun lagi gak recomended banget,bagus hasil depan bagus embun recomended,unknown,2,Tokopedia,Negative,Bentuk,No,Otomotif,Yes
ga adda mesin nya jangan di beli,adda mesin beli,unknown,1,Tokopedia,Negative,Lainnya,No,Hobi & Hiburan,No
tapi ga dapat bonusnya huhu,bonus huhu,unknown,3,Tokopedia,Neutral,Lainnya,No,Kesehatan & Kecantikan,No
emang harus hati2 belanja online ya kayanya pas beli ga ada tuh foto mukena kombinasi tiba2 dikirim beda sama foto awal untung tes beli sebelum beli puluhan untuk dikasih keorang cukup sekali aja beli disini semoga bisa nemu toko yg amanah,hati2 belanja online kaya pas beli tuh foto mukena kombinasi tiba2 kirim beda foto untung tes beli beli puluh kasih orang beli moga nemu toko amanah,unknown,2,Tokopedia,Negative,Bentuk,No,Fashion,No
ada busa yg telurnya kempes,busa telur kempes,unknown,1,Tokopedia,Negative,Lainnya,No,Hobi & Hiburan,No
barang tidak sesuai dengan jumlah pesanan,barang sesuai pesan,unknown,1,Tokopedia,Negative,Bentuk,Yes,Perlengkapan Kantor,No
bisa dipakai trusted seller recommended,pakai trusted seller recommended,unknown,5,Tokopedia,Positive,Lainnya,No,Hobi & Hiburan,No
buku original harga sangat murah jauh dibandingkan ditempat lain seller ramah packing rapi buble wrapnya sangat tebel banget puas maksimal terima kasih seller,buku original harga murah banding tempat seller ramah packing rapi buble wrapnya tebel puas maksimal terima kasih seller,unknown,5,Tokopedia,Positive,Harga,No,Hobi & Hiburan,No
hazecool ac cleaner pembersih ac split ac mobil,hazecool ac cleaner bersih ac split ac mobil,unknown,1,Tokopedia,Negative,Lainnya,No,Otomotif,No
harga kualitas barang sesuai terima kasih seller sukses tokopedia,harga kualitas barang sesuai terima kasih seller sukses tokopedia,unknown,5,Tokopedia,Positive,Bentuk,No,Hobi & Hiburan,No
produk sesuai pesanan baik bentuk maupun warnanya semuanya berfungsi normal,produk sesuai pesan bentuk warna fungsi normal,unknown,5,Tokopedia,Positive,Bentuk,No,Perlengkapan Kantor,No
bagus sesuai deskripsi pelayanan cepqt order lsg kirim terima kasih,bagus sesuai deskripsi layan cepqt order lsg kirim terima kasih,unknown,5,Tokopedia,Positive,Bentuk,No,Perlengkapan Kantor,No
order minggu sampainya rabu lambat nya minta ampuun di tanyain baru info kalau overload orderan itupun baru selasa dikirim ga ada konfirmasi awal kalau overload orderan ga tanggungjawab,order minggu sampai rabu lambat ampuun tanyain info overload order itu selasa kirim konfirmasi overload order tanggungjawab,unknown,1,Tokopedia,Negative,Lainnya,No,Kerajinan & Pesta,No
nyaman dipakai yoga produk sesuai ekspektasi,nyaman pakai yoga produk sesuai ekspektasi,unknown,5,Tokopedia,Positive,Bentuk,No,Hobi & Hiburan,No
barangnya berfungsi dengan baik semoga baterainya awet ya,barang fungsi moga baterai awet,unknown,4,Tokopedia,Positive,Bentuk,No,Elektronik,No
udah di notes jangan pake solatip lakban kaleng nya jadi rusak krn nempel2 bekas selotipnya jd gak enak di pegang nya pas nyemprot belajar dr request costumerlah,notes pake solatip lakban kaleng rusak nempel2 bekas selotipnya jd pegang pas nyemprot ajar request costumerlah,unknown,3,Tokopedia,Neutral,Rasa,No,Perabotan,No
jelek sekali packingnya hand body saya pada tumpah,jelek packingnya hand body tumpah,unknown,1,Tokopedia,Negative,Bentuk,Yes,Lainnya,No
kualitasnya di luar ekspektasi,kualitas ekspektasi,unknown,2,Tokopedia,Negative,Bentuk,No,Lainnya,No
respon cepat pengiriman cepat produk bagus thanks,respon cepat kirim cepat produk bagus thanks,unknown,5,Tokopedia,Positive,Bentuk,No,Perawatan Hewan,No
barang bagus dan cepat sekali sampainya ke cianjur hanya hari best seller,barang bagus cepat sampai cianjur best seller,unknown,4,Tokopedia,Positive,Bentuk,No,Hobi & Hiburan,No
produk sesuai harga terjangkau kualitas sangat bagus adminnya ramah dan responsif banget sempat ada kendala di pengiriman tapi tetap mau repot2 usahain pengiriman lain biar barangnya tetap sampai di rumah pembeli packingnya juga aman bangett makasih banyakk,produk sesuai harga jangkau kualitas bagus adminnya ramah responsif kendala kirim repot2 usahain kirim biar barang rumah beli packingnya aman bangett makasih banyakk,unknown,5,Tokopedia,Positive,Harga,No,Perabotan,No
dah ke2 x nya beli dsni selalu puas packing rapih pengiriman cepat jg respon penjual cepat memang gak dapt free apapun gak pa pa yg penting harganya murah dari tempat lain,dah ke2 beli dsni puas packing rapih kirim cepat respon jual cepat dapt free apa pa pa harga murah,unknown,5,Tokopedia,Positive,Harga,No,Ibu & Bayi,No
buat gonta ganti main sehari2 ga usah beli yg ratusan ribu mending buat belanja dapur proses delivery cepet mantab,gonta ganti main sehari2 beli ratus ribu mending belanja dapur proses delivery cepet mantab,unknown,5,Tokopedia,Positive,Lainnya,No,Fashion,No
sudah diterima semoga awet packing bagus kelengkapan sesuai,terima moga awet packing bagus lengkap sesuai,unknown,5,Tokopedia,Positive,Bentuk,No,Elektronik,No
murah simpel sampai sana tinggal tukar,murah simpel tinggal tukar,unknown,5,Tokopedia,Positive,Harga,No,Hobi & Hiburan,No
bangke sampe rumah mati semua jangan beli disini,bangke rumah mati beli,unknown,1,Tokopedia,Negative,Lainnya,Yes,Perawatan Hewan,No
dapat sama seperti foto pembeli lain serumnya dipakai dingin tidak panas,foto beli serum pakai dingin panas,unknown,5,Tokopedia,Positive,Bentuk,No,Kesehatan & Kecantikan,No
jahitannya rapi warnanya bagus,jahit rapi warna bagus,unknown,4,Tokopedia,Positive,Bentuk,No,Fashion,No
hati hati ada jebakan be careful judul dan deskripsi tertulis dart game besar isi paket buah papan dart inch kenyataannya yg dikirim hanya ukuran inch be careful,hati hati jebak be careful judul deskripsi tulis dart game isi paket buah papan dart inch nyata kirim ukur inch be careful,unknown,1,Tokopedia,Negative,Bentuk,No,Hobi & Hiburan,No
sesuai yang dipesan terima kasih,sesuai pes terima kasih,unknown,4,Tokopedia,Positive,Bentuk,No,F&B,No
packing gak aman cuma dus tipis doang gak pake paper tube alhasil penyok2 ngebekas digambar berkerut2 fotonya pertama kali nyoba cetak disini dan alhasil sangat kecewa,packing aman dus tipis doang pake paper tube alhasil penyok2 ngebekas gambar berkerut2 foto nyoba cetak alhasil kecewa,unknown,1,Tokopedia,Negative,Bentuk,Yes,Lainnya,No
seller ramah n reapon cepat packing rapi thanks seller,seller ramah reapon cepat packing rapi thanks seller,unknown,5,Tokopedia,Positive,Bentuk,No,Hobi & Hiburan,No
agak kecewa sih jilbabnya ukuran kecil banget gak bisa dipakai untuk dewasa,kecewa jilbab ukur pakai dewasa,unknown,2,Tokopedia,Negative,Bentuk,Yes,Fashion,No
beli bolpen dan refill kok yg dikirim mainan anak bagaimana tanggung jawab toko nih,beli bolpen refill kirim main anak tanggung toko,unknown,1,Tokopedia,Negative,Lainnya,No,Perlengkapan Kantor,No
sangat memuaskan dan cpt smpe,muas cpt smpe,unknown,4,Tokopedia,Positive,Lainnya,No,Ibu & Bayi,No
positive quality ada bonus pelindung kabel,positive quality bonus lindung kabel,unknown,5,Tokopedia,Positive,Bentuk,No,Elektronik,No
ukuran sesuai nyaman dipakai si kecil bahannya tebal jahitannya rapi modelnya kekinian packaging nya rapi proses pesanan cepat packaging aman,ukur sesuai nyaman pakai si bahan tebal jahit rapi model kini packaging rapi proses pesan cepat packaging aman,unknown,5,Tokopedia,Positive,Bentuk,No,Fashion,No
respone lambat packing lama kirim lama mengecewakan padahal dalam kota yg hanya menit sampe di saller lain setelah fix transaksi menit sampe ini nunggu sampe jam toko payah chat customer responenya lambat kapok ga akan belanja lagi,respone lambat packing kirim kecewa kota menit saller fix transaksi menit nunggu jam toko payah chat customer responenya lambat kapok belanja,unknown,1,Tokopedia,Negative,Lainnya,Yes,Perawatan Hewan,No
lucuu bangett pengirimannya cepat sellernya responsif banget subuh2 di chat jg dijawab soalnya aku liat ini uda dr malam banget sih kirain bakal baru dijawab agak siang trnyata subuh uda dijawab informatif banget ngsh tau klo dikasih oil agak berkabut kirain bakal lbh berkabut dr ini trnyata kabutnya cm kyk difoto seneng deh lampunya jg terang klo di tmpt gelap makasihh yaa,lucuu bangett kirim cepat sellernya responsif subuh2 chat liat uda malam kirain siang trnyata subuh uda informatif ngsh tau kasih oil kabut kirain lbh kabut trnyata kabut cm foto neng lampu terang tmpt gelap makasihh yaa,unknown,5,Tokopedia,Positive,Lainnya,No,Perabotan,No
packingnya kurang memuaskan,packingnya muas,unknown,3,Tokopedia,Neutral,Lainnya,No,Ibu & Bayi,No
barang jelek baru juga mau di pake udah gosong segel udh kebuka,barang jelek pake gosong segel buka,unknown,1,Tokopedia,Negative,Bentuk,No,Hobi & Hiburan,No
warna sesuai pic cantik,warna sesuai pic cantik,unknown,5,Tokopedia,Positive,Bentuk,No,Fashion,No
warna tak sesuai pesanan pesan silver hitam dikasih silver saja,warna sesuai pesan pesan silver hitam kasih silver,unknown,1,Tokopedia,Negative,Bentuk,No,Otomotif,No
respon seller sangat cepat dan ramah packing sangat rapih recommended seller lah pokok nya,respon seller cepat ramah packing rapih recommended seller pokok,unknown,5,Tokopedia,Positive,Bentuk,No,Lainnya,No
jelak ada yg patah pedang pada meletot semua apa lagi warna ya ada yg salah fatal,jelak patah pedang meletot warna salah fatal,unknown,1,Tokopedia,Negative,Bentuk,No,Hobi & Hiburan,No
saat baca komposisi deskripsi minuman rasa mangga rada curiga tapi karena terjual banyak tetap beli secara harganya mahal aku pikir full mangga ternyata artificial mangga manis buatan banget ga sehat,baca komposisi deskripsi minum mangga rada curiga jual beli harga mahal pikir full mangga artificial mangga manis buat sehat,unknown,1,Tokopedia,Negative,Rasa,No,F&B,No
baru pakai beberapa kali sponnya terpisah jadi lemnya tidak bagus,pakai sponnya pisah lem bagus,unknown,1,Tokopedia,Negative,Bentuk,No,F&B,No
cuma nambah gatel aja kasian liat kucingku,nambah gatel kasi liat kucing,unknown,2,Tokopedia,Negative,Lainnya,No,Perawatan Hewan,No
dipaksa beli setelah checkout hati2 saja sama toko ini,paksa beli checkout hati2 toko,unknown,1,Tokopedia,Negative,Bentuk,No,Kerajinan & Pesta,No
pengirimannya sangat lama belum dikirim statusnya dibuat sudah dikirim adminnya balasnya template kecewa sekali belanja di official store,kirim kirim status kirim adminnya balas template kecewa belanja official store,unknown,1,Tokopedia,Negative,Lainnya,Yes,Kesehatan & Kecantikan,Yes
barang nya sesuai yang di foto dan ternyata kualitasnya jauh lebih baik di banding yang saya pikirkan,barang sesuai foto kualitas banding pikir,unknown,5,Tokopedia,Positive,Bentuk,No,Perabotan,No
barang sdh nyampe dgn baik senang banget terima paketnya semoga sapunya awet terima kasih bersih bersih rumah bersih rapi bebas debu,barang senang terima paket moga sapu awet terima kasih bersih bersih rumah bersih rapi bebas debu,unknown,5,Tokopedia,Positive,Bentuk,No,Perabotan,No
barangnya bagus lucu semoga ada versi besarnya untuk anak kelas sd gitu hehehe,barang bagus lucu moga versi besar anak kelas sd gitu hehehe,unknown,4,Tokopedia,Positive,Bentuk,No,Fashion,No
barang sesuai deskripsi makasih seller,barang sesuai deskripsi makasih seller,unknown,5,Tokopedia,Positive,Bentuk,No,Hobi & Hiburan,No
tidak recomend seller dan hati kalau berbelanja di seller ini karena seller nya tidak bertanggung jawab,recomend seller hati belanja seller seller tanggung,unknown,1,Tokopedia,Negative,Lainnya,No,Lainnya,No
baru terima paket siang ini beli mukena disini di iklan gak bilang klo tanpa tas saat komplain kenapa mukena kusut malah respon klo sdh dicuci dan disetrika apa masih kusut becanda nya bikin kesel nih penjual nya,terima paket siang beli mukena iklan bilang tas komplain mukena kusut respon cuci setrika kusut becanda bikin kesel jual,unknown,1,Tokopedia,Negative,Lainnya,Yes,Fashion,No
udah ngikutin prosedur penggunaannya lemnya nggak bisa lengket masa habis di lem udah kering udah dikasih lakban kaya prosedur sandal yang dilem bisa ditarik menjengkelkan,ngikutin prosedur guna lem lengket habis lem kering kasih lakban kaya prosedur sandal lem tarik jengkel,unknown,1,Tokopedia,Negative,Lainnya,No,Perabotan,No
bagus banget kertasnya dan sesuai deskripsi,bagus kertas sesuai deskripsi,unknown,5,Tokopedia,Positive,Bentuk,No,Kerajinan & Pesta,No
pokoknya top bintang yg bicara,pokok top bintang bicara,unknown,5,Tokopedia,Positive,Lainnya,No,Otomotif,No
udah berkali beli disini adminny bener sopan sangat responsive sempet salah ukuran langsung bisa retur buat ganti ukuranny proses mudah cepatt emg the best atalon,kali beli adminny bener sopan responsive sempet salah ukur retur ganti ukuranny proses mudah cepatt emg the best atalon,unknown,5,Tokopedia,Positive,Bentuk,No,Hobi & Hiburan,No
barang sampai dgn baik tidak ada cacat ternyata barangnya kecil juga tp ttep memuaskan dan bekerja juga dgn baik,barang cacat barang ttep muas,unknown,5,Tokopedia,Positive,Bentuk,No,Perabotan,No
kecewa dengan waktu pengiriman order jam sengaja pilih sameday biar hari itu juga sampainya karena butuh cepat gendongan ini malah dikirim hari berikutnya kalau tidak bisa kirim di hari yang sama tidak perlu diaktifkan pilihan kurir samedaynya atau infokan untuk sameday itu maksimal order jam berapa baru bisa dikirim di hari yang sama,kecewa waktu kirim order jam sengaja pilih sameday biar sampai butuh cepat gendong kirim kirim aktif pilih kurir samedaynya info sameday maksimal order jam kirim,unknown,1,Tokopedia,Negative,Bentuk,Yes,Ibu & Bayi,Yes
ok barangnya walau keliatan plastiknya agak murahan tapi fungsinya cukup baik buat over steker adaptor kabel laptop,oke barang liat plastik murah fungsi over steker adaptor kabel laptop,unknown,5,Tokopedia,Positive,Harga,No,Perabotan,No
gk di kasih ini padahal sya sudah beli,kasih sya beli,unknown,1,Tokopedia,Negative,Lainnya,No,Lainnya,No
barang sudah sampai packing aman pke bublewrap pengiriman cepat pesan kmren pgi tdi pgi udh datang lgi kurir ramah dan langganan terimakasih tokopedia,barang packing aman pke bublewrap kirim cepat pesan kmren pgi tdi pgi lgi kurir ramah langgan terimakasih tokopedia,unknown,5,Tokopedia,Positive,Lainnya,No,Kesehatan & Kecantikan,No
bagus banget sisirnya mudah2an awet,bagus sisir mudah2an awet,unknown,5,Tokopedia,Positive,Bentuk,No,Perawatan Hewan,No
pemesanan kedua tapi hasilnya tidak rapi dan mengecewakan laminatingnya mengelupas di pinggir2 dan potongannya tidak rapi bolongan juga menonjol dan acak2an,mesan hasil rapi kecewa laminating kelupas pinggir2 potong rapi bolong tonjol acak2an,unknown,2,Tokopedia,Negative,Bentuk,Yes,Lainnya,No
padahal yg diminta dino sama unicorn mlh yg dtg mickey mouse anak saya kecewa loh mba,dino unicorn mlh dtg mickey mouse anak kecewa mba,unknown,1,Tokopedia,Negative,Bentuk,Yes,Hobi & Hiburan,Yes
jelek sekali packingnya hand body saya pada tumpah,jelek packingnya hand body tumpah,unknown,1,Tokopedia,Negative,Bentuk,Yes,Lainnya,No
respons cepat barang ok semua terimakasih seller dan toped,respons cepat barang oke terimakasih seller toped,unknown,5,Tokopedia,Positive,Lainnya,No,Lainnya,No
product sesuai deskripsi packing rapih beneran fast charging terima kasih baseus,product sesuai deskripsi packing rapih beneran fast charging terima kasih baseus,unknown,5,Tokopedia,Positive,Bentuk,No,Elektronik,No
waktu beberapa bulan yg lalu beli yg twin pack tapi bukan varian yg ini sih tapi itu isinya penuh yg sekarang ini isinya sedikit bgt tepos kyk dikurangin gitu sebelum dikirim dan yg dulu itu masih ada segel plastiknya yg ini enggak parah sih,waktu beli twin pack varian isi penuh isi tepos rangin gitu kirim segel plastik parah,unknown,2,Tokopedia,Negative,Bentuk,Yes,Kesehatan & Kecantikan,No
empuk manis gede dagingnya kecil bijinya respon seller cepat gratis ongkirnya juga cepat sampai mantap deh pasti bakal beli lagi disini,empuk manis gede daging biji respon seller cepat gratis ongkirnya cepat mantap beli,unknown,5,Tokopedia,Positive,Rasa,No,F&B,No
ada beberapa yang jahitan tidak rapih,jahit rapih,unknown,3,Tokopedia,Neutral,Bentuk,No,Fashion,No
barang yg diterima dalam kondisi baik pengirimannya lebih lama dari estimasi awal tp overall ok karena seller bantu informasikan kenapanya thank you,barang terima kondisi kirim estimasi overall oke seller bantu informasi kenapa thank you,unknown,5,Tokopedia,Positive,Lainnya,No,Hobi & Hiburan,No
real pict pengiriman cepat pengemasan rapi worth it lah hrga segitu pasti next order,real pict kirim cepat kemas rapi worth it hrga segitu next order,unknown,4,Tokopedia,Positive,Harga,No,Fashion,No
bahan tipis penyok2 karena packing yg ga jelas padahal udah sengaja peser kerdus ternyata di kirim cuma selembar dan ga guna,bahan tipis penyok2 packing sengaja peser kerdus kirim lembar,unknown,1,Tokopedia,Negative,Bentuk,No,Perabotan,No
alhamdulillah paket sudah saya terima dengan baik saya sangat suka terimakasih banyak,alhamdulillah paket terima suka terimakasih,unknown,5,Tokopedia,Positive,Lainnya,No,Lainnya,No
bagus dan ini order saya yang kedua,bagus order,unknown,5,Tokopedia,Positive,Bentuk,No,Hobi & Hiburan,No
sudah pake rutin bulan g ada hasil payah,pake rutin hasil payah,unknown,1,Tokopedia,Negative,Lainnya,No,Kesehatan & Kecantikan,No
tiap kali beli barang selalu research dulu this one bener bener top dibanding yg lain ada harga ada kualitas pernah beli yg 20k dan cepet bgt rusak and slip kl yg ini solid and the best thanks gan,beli barang research this one bener bener top banding harga kualitas beli 20k cepet rusak and slip kl solid and the best thanks gan,unknown,5,Tokopedia,Positive,Harga,No,Elektronik,No
kecewa makanan yg di kirim kurang,kecewa makan kirim,unknown,1,Tokopedia,Negative,Lainnya,Yes,Perawatan Hewan,Yes
barang yg dibeli sama sekali tdk berfungsi utk komplain hrs ada video unboxing pdhal bukan kerusakan fisik beli dari official store ternyata sama sekali tdk menjamin kualitas barang,barang beli fungsi komplain hrs video unboxing pdhal rusak fisik beli official store jamin kualitas barang,unknown,1,Tokopedia,Negative,Bentuk,Yes,Elektronik,No
kecewa belanja di tempat kamu lain di pesan lain dikirim,kecewa belanja pesan kirim,unknown,1,Tokopedia,Negative,Lainnya,Yes,Elektronik,Yes
hadeh ini lagi lemnya aja gak rata tuh di double tapenya,hadeh lem rata tuh double tapenya,unknown,1,Tokopedia,Negative,Lainnya,No,Kerajinan & Pesta,No
sedih bgt belom ada 2bln waxingnya udah rusak dan gabisa dipake lg padahal baru dipake 2x dr awal dtg tutupnya penyok dan ga terlalu kedap udara jd pinggiran tutupnya rada basah trus selama 1bln lebih disimpen di suhu ruang trus tutupnya selalu rapet tp pas mau dipake lg taunya udah banyak semutnya pas dicoba pake spatula teksturnya jg mirip madu jd rada cair dan gamau lengket lg katanya kalo cair buang bagian atasnya aja ini mah ampe bawah2 semua teksturnya kayak madu berarti dibuang semua dong sedih bgt mana masih banyak lg sayang bgt,sedih bom 2bln waxingnya rusak gabisa dipake lg dipake 2x dtg tutup penyok kedap udara jd pinggir tutup rada basah trus 1bln disimpen suhu ruang trus tutup rapet pas dipake lg tau semut pas coba pake spatula tekstur madu jd rada cair gamau lengket lg cair buang atas mah ampe bawah2 tekstur madu buang sedih lg sayang,unknown,1,Tokopedia,Negative,Rasa,Yes,Kesehatan & Kecantikan,No
harganya murce bgt drpd jajan yg enggak enggak mending jajan emas untuk ditabung seller gercep dekat dr rumah jd kayanya bakalan langganan ini terima kasih,harga murce drpd jajan mending jajan emas tabung seller gercep rumah jd kaya langgan terima kasih,unknown,5,Tokopedia,Positive,Harga,No,Lainnya,No
semua fitur berfungsi baik hanya sayangnya ada beberapa bagian tripod yg penyok dan ada bagian kaca ringlight yg retak mungkin pas pengiriman ya tapi overall alat berfungsi dengan baik,fitur fungsi sayang tripod penyok kaca ringlight retak pas kirim overall alat fungsi,unknown,5,Tokopedia,Positive,Bentuk,No,Elektronik,No
bahan dari plastik dan tidak kuat juga buat menopang laptop ini sih kuatnya buat tablet gaisss lebih baik jangan beli yang ini,bahan plastik kuat topang laptop kuat tablet gaisss beli,unknown,1,Tokopedia,Negative,Bentuk,Yes,Elektronik,No
jangan tergoda harga murah ternyata tidak sesuai antara barang dengan deskripsi deskripsi tertulis paket termasuk sarung kulit ternyata tidak ada seller hanya meminta pengiriman kembali barangnya tanpa ada permintaan maaf dan proses penyelesaiannya membutuhkan waktu dan biaya lagi sehingga tidak saya kembalikan menyesal beli disini,goda harga murah sesuai barang deskripsi deskripsi tulis paket sarung kulit seller kirim barang minta maaf proses selesai butuh waktu biaya kembali sesal beli,unknown,1,Tokopedia,Negative,Harga,Yes,Perabotan,No
teksturnya keras hasilnya awet beneran waterproof gampang dipakai gampang dibawa bawa proses pesanan cepat penjualnya ramah banget packaging aman packaging rapi respon penjualnya top,tekstur keras hasil awet beneran waterproof gampang pakai gampang bawa bawa proses pesan cepat jual ramah packaging aman packaging rapi respon jual top,unknown,5,Tokopedia,Positive,Bentuk,No,Kesehatan & Kecantikan,No
jelek silikon pelindungnya setelah ditekuk gampang pecah jadi sobek gitu kualitas lamounya juga tidak sebaik yg saya bayangkan jauh dibawah kualitasnya philips,jelek silikon lindung tekuk gampang pecah sobek gitu kualitas lamounya bayang bawah kualitas philips,unknown,1,Tokopedia,Negative,Bentuk,No,Elektronik,No
pantes murah bubble wrap nya tipis kirain tebel nyesel order dimari,pantes murah bubble wrap tipis kirain tebel nyesel order mari,unknown,1,Tokopedia,Negative,Harga,No,Kerajinan & Pesta,No
buku sesuai dgn harganya colorfull dan harga ekonimis hanya sj ada buku yg bbrp halamannya kosong sprti yg buki zebra hampir sebagian halaman kosong sis sy beli buah blm semua sy cek sis,buku sesuai harga colorfull harga ekonimis sj buku bbrp halaman kosong sprti buk zebra halaman kosong sis beli buah cek sis,unknown,3,Tokopedia,Neutral,Harga,No,Hobi & Hiburan,No
pembelian pertama pelayanan terburuk respon lama kirim lama,beli layan buruk respon kirim,unknown,1,Tokopedia,Negative,Lainnya,Yes,Otomotif,No
kacau udah nanya di chat ini kalau dibikin begini bisa gak dijawab bisa trus udah jelasin di chat begini begitu chipnya harus disini dll trus malah disuruh tulis di email oke lah udah ditulis juga di email begini begitu panjang lebarr bahkan udah dikasih contoh gambar yang jelas posisinya begini ya eh yang dateng gak sesuai dengan requestnya kecewa banget lah nyesel beli disini padahal ngeliat reviewnya banyak yang beli harga juga lebih mahal sedikit dari yang lain tapi begini pelayanannya,kacau nanya chat bikin trus jelasin chat chipnya dll trus suruh tulis email oke tulis email lebarr kasih contoh gambar posisi eh dateng sesuai requestnya kecewa nyesel beli ngeliat reviewnya beli harga mahal layan,unknown,1,Tokopedia,Negative,Bentuk,Yes,Kerajinan & Pesta,No
beli ssd diterima dalam kondisi rusak,beli ssd terima kondisi rusak,unknown,1,Tokopedia,Negative,Lainnya,Yes,Elektronik,No
build kokoh kualitas bahan bagus bisa nahan beban hp proses pesanan cepat,build kokoh kualitas bahan bagus nahan beban hp proses pesan cepat,unknown,5,Tokopedia,Positive,Bentuk,No,Elektronik,No
roll diambil nampak dari potongan sudah mencong mencong jualan yang benar jangan hanya ingin untungnya saja,roll ambil nampak potong mencong mencong jual untung,unknown,1,Tokopedia,Negative,Lainnya,No,Kerajinan & Pesta,No
menggunakan bahan alami aman buat kulit bayi nggak lengket nggak memicu alergi melembabkan kulit bayi tanpa bahan pengawet packaging rapi packaging aman respon penjualnya top proses pesanan cepat penjualnya ramah bange,bahan alami aman kulit bayi lengket picu alergi melembabkan kulit bayi bahan awet packaging rapi packaging aman respon jual top proses pesan cepat jual ramah bange,unknown,5,Tokopedia,Positive,Bentuk,No,Ibu & Bayi,No
barang sudah di terima cuman ini ada bagian yang ngelupas di kayunya tp ok lah terima kasih,barang terima cuman ngelupas kayu oke terima kasih,unknown,4,Tokopedia,Positive,Bentuk,No,Hobi & Hiburan,No
sudah dicoba untuk hari dan controller tidak ada masalah masih berfungsi dengan baik feel tombolnya oke lah cocok buat saya yang suka main game sebagai casual,coba controller fungsi feel tombol oke cocok suka main game casual,unknown,5,Tokopedia,Positive,Lainnya,No,Elektronik,No
coklatnya lembek benyek,coklat lembek benyek,unknown,1,Tokopedia,Negative,Lainnya,No,F&B,No
adminnya kebanyakan bac00t lamban bgt kecewa banget dehhh,adminnya banyak bac00t lamban kecewa dehhh,unknown,1,Tokopedia,Negative,Lainnya,Yes,Perlengkapan Kantor,Yes
barang sesuai pengiriman cepat makasih,barang sesuai kirim cepat makasih,unknown,4,Tokopedia,Positive,Bentuk,No,Fashion,No
busa doank tidak saya rekomendasikan,busa doank rekomendasi,unknown,2,Tokopedia,Negative,Lainnya,No,Hobi & Hiburan,No
mantap sesuai dengan yang saya pesan packing rapih pengemasan dan pengiriman cepat terima kasih seller,mantap sesuai pesan packing rapih kemas kirim cepat terima kasih seller,unknown,5,Tokopedia,Positive,Bentuk,No,Fashion,No
produk ada yang cacat bolong dari pabriknya pengemasan kurang aman barang ada yang pecah karena bantingan benturan,produk cacat bolong pabrik kemas aman barang pecah banting bentur,unknown,3,Tokopedia,Neutral,Lainnya,No,Perabotan,No
kali ini saya kecewa mungkin karyawan teh nina agak lalai liat order sudah jelas ada pesanan bubble wrap dan dus tapi paket yg saya terima tanpa bubble wrap dan dus,kecewa karyawan teh nina lalai liat order pesan bubble wrap dus paket terima bubble wrap dus,unknown,1,Tokopedia,Negative,Lainnya,Yes,Lainnya,Yes
mantap pengiriman luarbiasa cepat barang oke,mantap kirim luarbiasa cepat barang oke,unknown,4,Tokopedia,Positive,Rasa,No,Hobi & Hiburan,No
sangat mengecewakan hipseat dan baby carrier tidak bisa disambung karena tidak ada safety lock antara hipseat dan baby carrier dan hood pelindung kepala bayi tidak tersedia semoga kedepannya deskrepsikan produk apa adanya sehingga konsumen mengerti dan paham produck yg anda jual,kecewa hipseat baby carrier sambung safety lock hipseat baby carrier hood lindung kepala bayi sedia moga depan deskrepsikan produk konsumen erti paham produck jual,unknown,1,Tokopedia,Negative,Bentuk,Yes,Ibu & Bayi,No
lubang microfonnya error bunyi nging terus jadi gabisa dipakai,lubang microfonnya error bunyi nging gabisa pakai,unknown,2,Tokopedia,Negative,Lainnya,Yes,Hobi & Hiburan,No
sekian kalinya beli di tuang coffee terbaaiikk,sekian kali beli tuang coffee terbaaiikk,unknown,5,Tokopedia,Positive,Lainnya,No,F&B,No
jumlahnya tidak sesuai dgn promonya setelah sy terima dibuka jumlahnya hanya yg seharusnya,sesuai promonya terima buka,unknown,1,Tokopedia,Negative,Bentuk,Yes,Kesehatan & Kecantikan,No
minta yg pink dikirim yg biru terus dapet yang penyok kecewa banget ih,pink kirim biru penyok kecewa ih,unknown,1,Tokopedia,Negative,Lainnya,Yes,Perlengkapan Kantor,Yes
tak seperti diiklan,iklan,unknown,1,Tokopedia,Negative,Lainnya,No,Fashion,No
kartu nya lengkap harga kompetitif seru bgt game nya,kartu lengkap harga kompetitif seru game,unknown,5,Tokopedia,Positive,Harga,No,Hobi & Hiburan,No
waktu itu beli di e commerce sebelah bagus banget jahitannya rapi tapi kenapa pas beli di sini jahitannya nggak rapi kayak buru2 buatnya serius sih agak kecewa padahal udah excited banget semoga pas mau beli lagi nggak kayak gini ya,waktu beli commerce belah bagus jahit rapi pas beli jahit rapi buru2 buat serius kecewa excited moga pas beli gin,unknown,2,Tokopedia,Negative,Bentuk,Yes,Fashion,Yes
ini retak gimana ya kok pembungkusnya apa nggak dicek dulu sebelum dikirim,retak gimana bungkus cek kirim,unknown,1,Tokopedia,Negative,Lainnya,No,Hobi & Hiburan,No
bahannya jelek pokoknya kecewaaaa aja,bahan jelek pokok kecewaaaa,unknown,1,Tokopedia,Negative,Bentuk,Yes,Fashion,Yes
toko paling ga niat jualan beli tanggal baru dkirim tanggal barang sih bagus tapi pelayanan ngga banget sesuai review di bawah,toko niat jual beli tanggal dkirim tanggal barang bagus layan sesuai review,unknown,2,Tokopedia,Negative,Bentuk,No,Elektronik,No
gan kok ps nya baru kok udah mati2 sendiri tiba tiba tombol hijaunya tiba tiba merah trus mati,gan ps mati2 tombol hijau merah trus mati,unknown,2,Tokopedia,Negative,Lainnya,Yes,Elektronik,No
buruk parah lama pengirimannya masak dikasih sarung tangan latex bekas,buruk parah kirim masak kasih sarung tangan latex bekas,unknown,1,Tokopedia,Negative,Lainnya,Yes,Otomotif,No
dasternya adem ya iyalah pada bolong sobek gitu ya jelas ademnya mentang2 gretongan haahaaa parah asli,daster adem iya bolong sobek gitu adem mentang2 gretongan haahaaa parah asli,unknown,1,Tokopedia,Negative,Bentuk,Yes,Fashion,No
selang nya bolong ada titik harusnya sebelum kirim di cek dulu,selang bolong titik kirim cek,unknown,1,Tokopedia,Negative,Lainnya,No,Ibu & Bayi,No
mantul banget response dan pelayanan seller ini lho dalam kurun waktu hari paketnya tiba di rumah sepertinya tahu aja kalo emang ditungguin,mantap response layan seller lho kurun waktu paket rumah ditungguin,unknown,5,Tokopedia,Positive,Lainnya,No,Perabotan,No
rendangnya enakkk dagingnya empukkk paling salut krn mau kirim di hari minggu jd bs nyampe tepat waktu sebelum lebaran tadinya udah agak was2 kl ngirimnya ketunda sehari aja udah ga bakal pas momennya ternyata sellernya gerceppp thanksss,rendang enakkk daging empukkk salut kirim minggu jd bs waktu lebaran was2 kl ngirimnya tunda hari pas momen sellernya gerceppp thanksss,unknown,5,Tokopedia,Positive,Rasa,No,F&B,No
sudah tidak perlu diragukan lagi seller ini mantap dah tinggal tunggu waktu kosong untuk main zelda botw ini baru tes masuk dan nyalakan saja berjalan lancar normal belum sempat main semoga tidak ada kendala packing superrrr aman dan kondisi bnib segel aman,ragu seller mantap dah tinggal tunggu waktu kosong main zelda botw tes nyala jalan lancar normal main moga kendala packing superrrr aman kondisi bnib segel aman,unknown,5,Tokopedia,Positive,Rasa,No,Elektronik,No
lama banget sampainya ga terlalu rekomen untuk beli seminggu lebih sampainya,sampai rekomen beli minggu sampai,unknown,1,Tokopedia,Negative,Lainnya,No,Kesehatan & Kecantikan,No
tidak licin pembelian ke sekian bagus warna sesuai gambar,licin beli sekian bagus warna sesuai gambar,unknown,5,Tokopedia,Positive,Bentuk,No,Fashion,No
saya beli l oreal serioxyl nya malah ga ada yg datang malah giftnya aja ini gmn sih official account lho padahal,beli oreal serioxyl giftnya gmn official account lho,unknown,1,Tokopedia,Negative,Lainnya,No,Kesehatan & Kecantikan,No
barang dikirim salah pesan webcam logitech di logitech official kok bs dikirimmya headphone jbl dan penukaran barang butuh 4hari kerja sungguh lama,barang kirim salah pesan webcam logitech logitech official bs dikirimmya headphone jbl tukar barang butuh 4hari sungguh,unknown,1,Tokopedia,Negative,Lainnya,No,Elektronik,No
produk swallow tp ukuran yg dikirim tdk sesuai deskripsi saya tanya seller ga respon payah,produk swallow ukur kirim sesuai deskripsi seller respon payah,unknown,1,Tokopedia,Negative,Bentuk,No,Fashion,No
pengiriman cepat kualitas barang bagus wanginya juga oke,kirim cepat kualitas barang bagus wangi oke,unknown,5,Tokopedia,Positive,Bentuk,No,Kesehatan & Kecantikan,No
pengiriman lama banget dough nya juga jelek banget ga lentur ga seperti biasanya,kirim dough jelek lentur,unknown,1,Tokopedia,Negative,Bentuk,No,Hobi & Hiburan,No
kualitasnya mengecewakan blm dipake sudah rusak bola joinnya,kualitas kecewa dipake rusak bola joinnya,unknown,1,Tokopedia,Negative,Bentuk,Yes,Elektronik,No
cepat pwngirima tp sayanng beli buku tp ada buku yang sebagian halamannya kepotong sehinggaa buku tsbut jd tidak bs dipakaii sy sudah keburu konfirmasi penerimaan tanpa melihat bukunya dl stlah konfirmasi dgn penjual alias japri jawaban kurang memuaskan,cepat pwngirima sayanng beli buku buku halaman potong sehinggaa buku tsbut jd bs pakai keburu konfirmasi terima buku stlah konfirmasi jual alias japri muas,unknown,2,Tokopedia,Negative,Lainnya,No,Hobi & Hiburan,No
barang tidak dikirim dikasih resi kosong,barang kirim kasih resi kosong,unknown,1,Tokopedia,Negative,Lainnya,No,Hobi & Hiburan,No
seller tdk kooperatif menyebalkan,seller kooperatif sebal,unknown,1,Tokopedia,Negative,Lainnya,No,Perlengkapan Kantor,No
cepat meresap packaging baik tidak bocor pengiriman jg cepat beli karena ntn live di tokped thanks seller,cepat resap packaging bocor kirim cepat beli ntn live tokped thanks seller,unknown,5,Tokopedia,Positive,Bentuk,No,Kesehatan & Kecantikan,No
puas dengan barangnya,puas barang,unknown,4,Tokopedia,Positive,Lainnya,No,Fashion,No
kecewa barang tdk lengkap tdk ada holder u mohon dipetiksa sbelum kirim anak saya nangis dan marah,kecewa barang lengkap holder dipetiksa sbelum kirim anak nang marah,unknown,1,Tokopedia,Negative,Lainnya,Yes,Elektronik,Yes
tali senter kepala berubah gak bagus kecewa,tali senter kepala ubah bagus kecewa,unknown,1,Tokopedia,Negative,Bentuk,Yes,Hobi & Hiburan,No
produk sesuai deskripsi semua fitur berfungsi baik ukurannya sesuai bahannya bagus wow diluar ekspetasi,produk sesuai deskripsi fitur fungsi ukur sesuai bahan bagus wow luar ekspetasi,unknown,5,Tokopedia,Positive,Bentuk,No,Elektronik,No
laptop rusak pass di aktifkan fan error setelah di perbaiki ternyata keyboardnya rusak setelah ganti keyboardnya ternyata adaptornya rusak jangan belanja disini,laptop rusak pass aktif fan error baik keyboardnya rusak ganti keyboardnya adaptor rusak belanja,unknown,1,Tokopedia,Negative,Bentuk,Yes,Elektronik,Yes
bolong dikitt lama lama bisa lebar nih orderan kali ini yaa agak kecewa,bolong dikitt lebar order yaa kecewa,unknown,3,Tokopedia,Neutral,Lainnya,No,Fashion,No
salah satu putarannya kunci los hingga kunci jd tdk terpakai tp sy males return mungkin sesuai harga x ya utk respon sich oke tp tdk ada say sorry dr penjual,salah putar kunci los kunci jd pakai males return sesuai harga respon sich oke say sorry jual,unknown,2,Tokopedia,Negative,Harga,Yes,Fashion,No
not recomended seller gara2 ini toko surprise buat ultah moment yg penting hancur gitu aja parahhhhh nyesel banget banget belanja ditoko ini,not recomended seller gara2 toko surprise ultah moment hancur gitu parahhhhh nyesel belanja toko,unknown,1,Tokopedia,Negative,Lainnya,Yes,Kerajinan & Pesta,No
kualitas suara ok banget apalagi dengan harga yang terjangkau barang pun dijamin ori karena sudah terdaftar di website razer langsung pokoknya bagus lah bassnya juga kerasa,kualitas suara oke harga jangkau barang jamin original daftar website razer pokok bagus bassnya rasa,unknown,5,Tokopedia,Positive,Bentuk,No,Elektronik,No
mending cari penjual lain klo mau beli pet cargo masih banyak seler lain dr seller berat di markup 4kg asli nya berat cuma 2kg dr ekspedisi dg alasan dimensi padhal barang nya masih wajar karena dalam bentuk blm di install kecil ringan saya pernah beli di seller lain gada masalah dimensi sampai 6kg lebih,mending cari jual beli pet cargo seler seller berat markup 4kg asli berat 2kg ekspedisi dg alas dimensi padhal barang wajar bentuk install ringan beli seller gada dimensi 6kg,unknown,1,Tokopedia,Negative,Bentuk,No,Perawatan Hewan,No
susah d pakainya angin banyak yg bocor,susah pakai angin bocor,unknown,1,Tokopedia,Negative,Bentuk,No,Hobi & Hiburan,No
mantap banget recomend barang yg diterima sesuai gambar,mantap recomend barang terima sesuai gambar,unknown,5,Tokopedia,Positive,Bentuk,No,Hobi & Hiburan,No
produk sesuai deskripsi cuma bagian lipatannya tidak mudah hilang walaupun sudah disetrika jdnya agak kliatan bagian lipatan saat difoto,produk sesuai deskripsi lipat mudah hilang setrika jdnya kliatan lipat foto,unknown,4,Tokopedia,Positive,Bentuk,No,Elektronik,No
pesanan di terima dengan baik maknyoss,pesan terima maknyoss,unknown,5,Tokopedia,Positive,Lainnya,No,F&B,No
bagus bngt cmn klau bisa dpercepat pengirimannya ya kak lain kali,bagus bngt cmn klau dpercepat kirim kak,unknown,5,Tokopedia,Positive,Bentuk,No,Fashion,No
bagian dalam cover kotor halaman terakhir kotor juga packaging kurang aman jd bagian atas buku agak terlipat,cover kotor halaman kotor packaging aman jd buku lipat,unknown,3,Tokopedia,Neutral,Bentuk,No,Hobi & Hiburan,No
memuaskan seperti bisanya alhamdulillah dpt hadiah,muas bisa alhamdulillah hadiah,unknown,5,Tokopedia,Positive,Lainnya,No,Ibu & Bayi,No
gak sesuai dengan gambar promo contoh nya di gbar promo ada pcs warna yg berbeda trus pas datang barang kok ke nya semua warnanya sama semua,sesuai gambar promo contoh gbar promo pcs warna beda trus pas barang warna,unknown,2,Tokopedia,Negative,Bentuk,Yes,Fashion,No
mudah n awet tp kainnya kurang nyerap kalo di lantai granit masih ninggalin bekas,mudah awet kain nyerap lantai granit ninggalin bekas,unknown,3,Tokopedia,Neutral,Bentuk,No,Perabotan,No
bagus bengedd sesuai ekspektasi jugaaa,bagus bengedd sesuai ekspektasi jugaaa,unknown,5,Tokopedia,Positive,Bentuk,No,Hobi & Hiburan,No
barangnya palsu atau gimana kok lengket saya pernah beli tefal saus pan tapi engga lengket jangan mau beli produk ini lapor tokopedia aja mending ya,barang palsu gimana lengket beli tefal saus pan engga lengket beli produk lapor tokopedia mending,unknown,1,Tokopedia,Negative,Bentuk,Yes,F&B,No
baru kali pake udah rusak dibalikin ke tokonya saya minta cepet dibetulin dan dikirim hari ini juga orangnya langsung pulang ditelpon gak response,pake rusak dibalikin toko cepet dibetulin kirim orang pulang telpon response,unknown,1,Tokopedia,Negative,Lainnya,Yes,Elektronik,No
bahannya lembut anti slip ukuran sesuai bahannya tebal warnanya cantik,bahan lembut anti slip ukur sesuai bahan tebal warna cantik,unknown,5,Tokopedia,Positive,Bentuk,No,Fashion,No
benar benar mengecewakan pelayanan lambat sekali,kecewa layan lambat,unknown,1,Tokopedia,Negative,Lainnya,Yes,Elektronik,No
kecewa padahal udah batalkan pesanan karena ada masalah produk tapi masih aja dikirim entah gak mau ribet sama sekali atau admin cuma terima pesanan langsung kemas big no buat sekelas official store poin plusnya produk yg dikirim sesuai dengan yang dipesan,kecewa batal pesan produk kirim ribet admin terima pesan kemas big no kelas official store poin plus produk kirim sesuai pes,unknown,3,Tokopedia,Neutral,Bentuk,No,Kesehatan & Kecantikan,No
pengiriman cepat packaging hanya satu lapisan warna tidak sesuai pesanan tapi no problem,kirim cepat packaging lapis warna sesuai pesan no problem,unknown,5,Tokopedia,Positive,Bentuk,No,Fashion,No
pesan box yang disegel plastik hanya buah yang lain tidak ada segel ini apa maksudnya ya kenapa dibedakan seperti ini bagaimana higenitas masker ini,pesan box segel plastik buah segel maksud beda higenitas masker,unknown,2,Tokopedia,Negative,Bentuk,No,Kesehatan & Kecantikan,No
ini cookies terenak dimulutku,cookies enak mulut,unknown,5,Tokopedia,Positive,Rasa,No,F&B,No
baru beli seminggu yg lalu cuma pake bentar pas mau pake lagi uda ga bunyi,beli minggu pake bentar pas pake uda bunyi,unknown,3,Tokopedia,Neutral,Bentuk,No,Hobi & Hiburan,No
produk ada goresan ga rapi dan ada kotoran di pinggirannya kiriman cepat smpe,produk gores rapi kotor pinggir kirim cepat smpe,unknown,2,Tokopedia,Negative,Bentuk,No,Hobi & Hiburan,No
paking tidak rapih jebol,paking rapih jebol,unknown,1,Tokopedia,Negative,Bentuk,No,Perawatan Hewan,No
ga sesuai warna pesanan,sesuai warna pesan,unknown,2,Tokopedia,Negative,Bentuk,No,Fashion,No
mana barangnya sy order macam n bayar 76rb kok yg dtg cuma paket promo harga 15rb aza jualan sambil nipu yah pdhl kalian official store loh toped gimana nih pertanggungjawabannya kapok sy kalo gini caranya balikin uang sy 60rb,barang order bayar 76rb dtg paket promo harga 15rb aza jual nipu yah pdhl official store toped gimana pertanggungjawabannya kapok gin balikin uang 60rb,unknown,1,Tokopedia,Negative,Harga,No,F&B,Yes
warnanya soft baguus sukaaa harga terjangkau buat ganti2 warna kuku,warna soft baguus sukaaa harga jangkau ganti2 warna kuku,unknown,5,Tokopedia,Positive,Harga,No,Kesehatan & Kecantikan,No
gak bisa di pake kecewa jadi barang sampah deh,pake kecewa barang sampah,unknown,1,Tokopedia,Negative,Lainnya,Yes,Elektronik,No
pesannya warna putih datengnya abu2 ini sudah kedua kalinya yg pertama saya balikin ke gudang sarinah trs ternyata warna putih nggak ada jadi saya di refund uang yg kedua pesen lg warna putih datengnya abu2 tp ya sudah lah saya sudah lelah,pesan warna putih datengnya abu2 kali balikin gudang sarinah trs warna putih refund uang sen lg warna putih datengnya abu2 lelah,unknown,2,Tokopedia,Negative,Bentuk,Yes,Perabotan,No
oke sih ini bahannya enak buat dipakai tebal tipisnya jg perfect buat sy ga ketebelan ga ketipisan,oke bahan pakai tebal tipis perfect ketebelan tipis,unknown,5,Tokopedia,Positive,Bentuk,No,Fashion,No
bagus sesuai harapan penjual nya juga ramah trimakasih pelapak,bagus sesuai harap jual ramah trimakasih lapak,unknown,5,Tokopedia,Positive,Bentuk,No,Elektronik,No
tidak sebagus di gambar kain tepi di neci aja bukan di jahit lipat ya harga segitu,bagus gambar kain tepi neci jahit lipat harga segitu,unknown,3,Tokopedia,Neutral,Bentuk,No,Fashion,No
kemasan ok aman bgt isi sangat banyak produknya nyaman dipakai,kemas oke aman isi produk nyaman pakai,unknown,5,Tokopedia,Positive,Bentuk,No,Kesehatan & Kecantikan,No
lampu nya mengecewakan tdak nyala semua,lampu kecewa tdak nyala,unknown,1,Tokopedia,Negative,Lainnya,Yes,Otomotif,No
pembelian kedua tapi kali ini kecewa banget segelnya sudah terbuka maskernya crumpled dan karena beli yg hitam jadi ga keliatan apakah ini beneran masker baru atau bukan sudah kotor,beli kecewa segel buka masker crumpled beli hitam liat beneran masker kotor,unknown,3,Tokopedia,Neutral,Bentuk,No,Kesehatan & Kecantikan,No
mantap nyaman dipake bahan premium semoga awet dan selalu diskon harganya,mantap nyaman dipake bahan premium moga awet diskon harga,unknown,5,Tokopedia,Positive,Bentuk,No,Fashion,No
kualitas produk sangat bagus respon penjual sangat cepat dan ramah pengiriman aman sampai tujuan terima kasih tokopedia,kualitas produk bagus respon jual cepat ramah kirim aman tuju terima kasih tokopedia,unknown,5,Tokopedia,Positive,Bentuk,No,Kesehatan & Kecantikan,No
beli barang yg dikirim beda tinggi tdk sesuai pulak pdhl sdh klik ukuran dan hrg nya pun mahal jd penjual yg jujur lah biar hslnya pun berkah,beli barang kirim beda tinggi sesuai pulak pdhl klik ukur hrg mahal jd jual jujur biar hslnya berkah,unknown,2,Tokopedia,Negative,Bentuk,No,Perabotan,No
botol pecah pakingnya zonk bgt,botol pecah paking zonk,unknown,1,Tokopedia,Negative,Lainnya,No,Kesehatan & Kecantikan,No
maaf br review skr barang sesuai lsg dipakai gk ada masalah seller nya cepet ngerespon nya yg pasti remote nya keren recomended banget tks,maaf br review skr barang sesuai lsg pakai seller cepet ngerespon remote keren recomended tks,unknown,5,Tokopedia,Positive,Bentuk,No,Elektronik,No
minta warna kuning dan gold malah gold dua2 nya payah seller,warna kuning gold gold dua2 payah seller,unknown,1,Tokopedia,Negative,Bentuk,No,Otomotif,No
kualitas produk sangat baik dengan harga yang tertera nyaman dipakai suara keras dan berfungsi dengan baik definitely would recommend this,kualitas produk harga tera nyaman pakai suara keras fungsi definitely would recommend this,unknown,5,Tokopedia,Positive,Bentuk,No,Elektronik,No
bru dipakai kali alat sudah rusak penjual tdak bsa menganti,bru pakai alat rusak jual tdak bsa anti,unknown,1,Tokopedia,Negative,Lainnya,Yes,Hobi & Hiburan,No
terjemahannya nggak pas,terjemah pas,unknown,2,Tokopedia,Negative,Bentuk,No,Hobi & Hiburan,No
sudah saya terima barangnya gan makasi,terima barang gan makas,unknown,5,Tokopedia,Positive,Lainnya,No,Otomotif,No
tdk sesuai ekspektasi,sesuai ekspektasi,unknown,1,Tokopedia,Negative,Bentuk,No,Elektronik,No
maaf baru review respons seller sangat baik produk harganya termasuk murah dr agen2 lain recommended sangat,maaf review respons seller produk harga murah agen2 recommended,unknown,5,Tokopedia,Positive,Harga,No,Hobi & Hiburan,No
ukurannya pas cepat menyerap tidak membuat lecet udah langganan harga murah dpt yg lagi trs dikasi sample susu sukses selalu seller,ukur pas cepat serap lecet langgan harga murah trs kasi sample susu sukses seller,unknown,5,Tokopedia,Positive,Harga,No,Ibu & Bayi,No
kamera yang saya beli baru dipakai hari sudah layarnya rusak dengan harga yg cukup mahal barangnya tidak bagus mutunya,kamera beli pakai layar rusak harga mahal barang bagus mutu,unknown,2,Tokopedia,Negative,Harga,Yes,Elektronik,No
trima kasih yah berfungsi dgn sangat baik produk nyaman mudah dipakai packing aman kualitas bahan tinggi dijamin termurah,trima kasih yah fungsi produk nyaman mudah pakai packing aman kualitas bahan tinggi jamin murah,unknown,5,Tokopedia,Positive,Bentuk,No,Hobi & Hiburan,No
penjual adalah calo jual barang orang lain di chat gak jelas hati2lah,jual calo jual barang chat hati2lah,unknown,1,Tokopedia,Negative,Lainnya,No,Hobi & Hiburan,No
barang berfungsi dengan baik recommended seller,barang fungsi recommended seller,unknown,5,Tokopedia,Positive,Lainnya,No,Hobi & Hiburan,No
bahannya adem stretch worth to buy utk harga segini yg hitam lebih bagus dibanding yg putih,bahan adem stretch worth to buy harga gin hitam bagus banding putih,unknown,5,Tokopedia,Positive,Harga,No,Fashion,No
ga teliti membaca requestku minta nya lemon knp yg dikirim summer linen,teliti baca requestku lemon knp kirim summer linen,unknown,1,Tokopedia,Negative,Lainnya,No,Otomotif,No
pertama x custom dan hasil ny sesuai request,custom hasil sesuai request,unknown,5,Tokopedia,Positive,Bentuk,No,Lainnya,No
ga ada kartu garansi alasannya kalo resmi ga ada kartu garansinya aduh boong bgt temen saya sales samsung dan ttp ada dari awal dus udah letoy bgt dan robek2 ini bukan krn kurir soalnya logika aja bubble wrap tebel kok dus robek sedangkan bubble wrap ga robek sama sekali ga ada headset casan ga di plastik kertas bawaan semua cuma pake kertas tipis kaya hvs glossy bener2 kaya kotak bikina sendiri saya udah chat penjual jg ga ada penyelesaian hpnya sih ga ada lecet baret atau apapun smoga awet dan bener asli,kartu garansi alas resmi kartu garansi aduh boong temen sales samsung ttp dus letoy robek2 kurir logika bubble wrap tebel dus robek bubble wrap robek headset cas plastik kertas bawa pake kertas tipis kaya hvs glossy bener2 kaya kotak bikina chat jual selesai hpnya lecet baret apa smoga awet bener asli,unknown,2,Tokopedia,Negative,Bentuk,No,Elektronik,No
barang ori harga murah seller fast response ramah dan barang cepat sampai,barang original harga murah seller fast response ramah barang cepat,unknown,5,Tokopedia,Positive,Harga,No,Kerajinan & Pesta,No
fast respon recommended seller,fast respon recommended seller,unknown,5,Tokopedia,Positive,Lainnya,No,Hobi & Hiburan,No
puas banget belanja di sini sellernya ramah banget fast respon pengirimannya juga lumayan cepat barangnya memuaskan packingnya aman jadi barang gak ada cacat sama sekali,puas belanja sellernya ramah fast respon kirim lumayan cepat barang muas packingnya aman barang cacat,unknown,5,Tokopedia,Positive,Bentuk,No,Perlengkapan Kantor,No
ini yg ke 2x aku pesan alhamdulillah brg sesuai pesanan n tepat wkt terimakasih recommended seller,2x pesan alhamdulillah brg sesuai pesan wkt terimakasih recommended seller,unknown,5,Tokopedia,Positive,Bentuk,No,Perawatan Hewan,No
hanya dikirim tutupnya saja,kirim tutup,unknown,2,Tokopedia,Negative,Lainnya,No,Kesehatan & Kecantikan,No
mantap barang bagus banget seller ramah dan responsif,mantap barang bagus seller ramah responsif,unknown,5,Tokopedia,Positive,Rasa,No,Lainnya,No
mudah copot di dasbord lemnya kgk kuat,mudah copot dasbord lem kgk kuat,unknown,3,Tokopedia,Neutral,Bentuk,No,Elektronik,No
parah banget sih responnya komplain barang kurang disuruh via wa sudah wa disuruh lagi lewat marketplace ampun dah sejelek ini pelayanan sekelas official unilever,parah responnya komplain barang suruh via wa wa suruh marketplace ampun dah jelek layan kelas official unilever,unknown,1,Tokopedia,Negative,Bentuk,Yes,Kesehatan & Kecantikan,No
berfungsi dengan baik,fungsi,unknown,5,Tokopedia,Positive,Lainnya,No,Hobi & Hiburan,No
lampu sudah di charge ga bisa menyala sama sekali padahal baru beli saya kecewa sekali penjual no respon,lampu charge nyala beli kecewa jual no respon,unknown,1,Tokopedia,Negative,Bentuk,Yes,Elektronik,Yes
gimbal yang sangat cocok utk iphone dan hp flagship yang sudah memiliki stabilisasi bagus sehingga gimbal ini hanya penambah support supaya lbh stabil samsung note berfungsi dengan baik dengan catatan tdk boleh menggunakan casing jika mau menggunakan casing maka bantalan pad nya harus dilepas bs dilihat pada foto fungsi zoom berfungsi dengan baik fungsi mode video ke kamera juga berfungsi dengan baik ganti kamera depan dg belakang juga berfungsi dengan baik cuma jika menggunakan hp murah seperti xiaomi note gambarnya lebih goyang ketimbang pake hp flagship stabilisasi ketika tongkat tongsis dipanjangkan tidak direkomendasikan kalau digunakan sambil berjalan hasilnya tidak terlalu stabil bahkan jika tongsisnya dimajukan 1cm saja hasilnya sudah ga bgt stabil,gimbal cocok iphone hp flagship milik stabilisasi bagus gimbal tambah support lbh stabil samsung note fungsi catat casing casing bantal pad lepas bs foto fungsi zoom fungsi fungsi mode video kamera fungsi ganti kamera dg fungsi hp murah xiaomi note gambar goyang ketimbang pake hp flagship stabilisasi tongkat tongsis panjang rekomendasi jalan hasil stabil tongsisnya maju 1cm hasil stabil,unknown,4,Tokopedia,Positive,Bentuk,No,Elektronik,No
pengiriman lama lokasi toko saya di jakarta ternyata di kirim dari yogyakarta,kirim lokasi toko jakarta kirim yogyakarta,unknown,3,Tokopedia,Neutral,Lainnya,No,Hobi & Hiburan,No
barangnya sih bagus cuma sellernya aja yg nyebelin maksudnya pengen ganti alamat doang tp malah ga bisaa,barang bagus sellernya nyebelin maksud ken ganti alamat doang bisaa,unknown,2,Tokopedia,Negative,Bentuk,No,Kesehatan & Kecantikan,Yes
harga terjangkau recomended warna sesuai pengiriman cepat bener2 blackout tambah sukses tokonya saya sudah pesan satu lagi buat disebelahnya,harga jangkau recomended warna sesuai kirim cepat bener2 blackout sukses toko pesan belah,unknown,5,Tokopedia,Positive,Harga,No,Perabotan,No
harga mahal dan ga sesuai ekspetasi cat ga rapih dan bahan kyk plastik murahan,harga mahal sesuai ekspetasi cat rapih bahan plastik murah,unknown,1,Tokopedia,Negative,Bentuk,No,Hobi & Hiburan,No
bahan tipis jelek,bahan tipis jelek,unknown,1,Tokopedia,Negative,Bentuk,No,Kerajinan & Pesta,No
beli satu stik ps2 alhamdulillah sampai dengan keadaan baik bahkan packingnya pun juga pakai bubble wrap rapi saat ini stik ps2nya sudah saya coba pakai selama kurang lebih 3minggu lebih stik nya berfungsi dengan normal dan baik saja dengan catatan saya pakai buat main game yg ringan saja seperti misalnya bukan game yg bertipe membutuhkan ritme kecepatan menggerakkan analog dan juga bukan menekan tombol yg keras dan berkali misalnya game fighting hanya saya gunakan buat main game bertipe casual saja itu saja terimakasih,beli stik ps2 alhamdulillah packingnya pakai bubble wrap rapi stik ps2nya coba pakai 3minggu stik fungsi normal catat pakai main game ringan game tipe butuh ritme cepat gerak analog tekan tombol keras kali game fighting main game tipe casual terimakasih,unknown,5,Tokopedia,Positive,Bentuk,No,Elektronik,No
produk original barang sesuai deskripsi bahan tebal keren,produk original barang sesuai deskripsi bahan tebal keren,unknown,5,Tokopedia,Positive,Bentuk,No,Perabotan,No
sip lah barang sesuai bahannya spundbond pesen dpt ukuran 110cm 160cm hanya saja di beberapa bagian ada yg sobek sedikit overall positive thanks impodio,sip barang sesuai bahan spundbond sen ukur 110cm 160cm sobek overall positive thanks impodio,unknown,5,Tokopedia,Positive,Bentuk,No,Elektronik,No
balonnya kecil sekali ga sesuai gambar ga bagus kualitas ketipu dr gambar nya kecewa,balon sesuai gambar bagus kualitas tipu gambar kecewa,unknown,1,Tokopedia,Negative,Bentuk,Yes,Kerajinan & Pesta,No
cepet banget pengirimannya pengemasannya pun cepat dan dengan plastik bubble yg tebel banget jd aman,cepet kirim emas cepat plastik bubble tebel jd aman,unknown,5,Tokopedia,Positive,Bentuk,No,Hobi & Hiburan,No
harus lebih kompak lagi antara owner admin perhatikan stock barang jangan kecewakan konsumen terima kasih,kompak owner admin perhati stock barang kecewa konsumen terima kasih,unknown,3,Tokopedia,Neutral,Lainnya,No,F&B,No
puas banget sempet error di kurir mau pake gercep seller nya respon bgt sama2 cari solusi order ulang ga pelit ada yg dikasih tambahan dikit2 makasi ya kak jaya selalu tokonya,puas sempet error kurir pake gercep seller respon sama2 cari solusi order ulang pelit kasih tambah dikit2 makas kak jaya toko,unknown,5,Tokopedia,Positive,Bentuk,No,Kerajinan & Pesta,No
konten bukunya banyak yang salah materi twk banyak yang salah kunci jawabannya juga sedih banget padahal buat belajar,konten buku salah materi twk salah kunci jawab sedih ajar,unknown,1,Tokopedia,Negative,Lainnya,No,Hobi & Hiburan,No
barang yg dikirim tidak sesuai dengan barang yg dipesan,barang kirim sesuai barang pes,unknown,1,Tokopedia,Negative,Bentuk,Yes,Kesehatan & Kecantikan,No
sampai dengan baik banget dan exp masih lama di kemas sangat baik setiap susu di beri babel warp dan dikardusin satu2 baru di kardusin lagi jadi satu ok semua terimakasih,exp kemas susu babel warp dikardusin satu2 kardusin oke terimakasih,unknown,5,Tokopedia,Positive,Lainnya,No,Ibu & Bayi,No
dari pesanan yg bs dipake cuma itupun tidak sempurna kemungkinn pecah di pengiriman karena paking tidak aman seadanya,pesan bs dipake itu sempurna kemungkinn pecah kirim paking aman ada,unknown,1,Tokopedia,Negative,Lainnya,No,Perlengkapan Kantor,No
kualitas bagus pengirman cepat dan pelayanan cukup baik terima kasih,kualitas bagus pengirman cepat layan terima kasih,unknown,5,Tokopedia,Positive,Bentuk,No,Elektronik,No
barang baru sampe trus dicoba awal nya bagus tiba tiba mesin nya mati udah dicoba berkali kali tetap ga hidup seller di chat tidak respon dana sudah diterima seller tokopedia ga bisa bantu komplain saya kecewa sekali sudah hari sejak komplain saya cuma disuruh nunggu katanya di cek tiap hari saya tanya masih dicek ga pernah sekalipun duluan kasih info soal barang saya selalu saya yg tanya duluan jadi kapan penyelesaian nya baru sekali ini belanja di tokopedia kena seller ga bagus begini minta refund ga ditanggapi barang saya juga ga tau kemana dan diapain saya beli baru tapi kayak beli barang refurbish yg ga dikirim dikirim menyebalkan,barang trus coba bagus mesin mati coba kali hidup seller chat respon dana terima seller tokopedia bantu komplain kecewa komplain suruh nunggu cek cek duluan kasih info barang duluan selesai belanja tokopedia seller bagus refund tanggap barang tau mana diapain beli beli barang refurbish kirim kirim sebal,unknown,1,Tokopedia,Negative,Bentuk,Yes,Elektronik,Yes
gampang dibawa bawa terlalu imut ukurannya,gampang bawa bawa imut ukur,unknown,4,Tokopedia,Positive,Bentuk,No,Kesehatan & Kecantikan,No
pengiriman cepat aman banyak bubble wrap harga pun lebih murah daripada competitor mantap,kirim cepat aman bubble wrap harga murah competitor mantap,unknown,5,Tokopedia,Positive,Harga,No,Hobi & Hiburan,No
mending jangan di beli habisin duit lagi lengket sama sekali,mending beli habisin duit lengket,unknown,1,Tokopedia,Negative,Bentuk,No,Perabotan,No
payah yang dikirim kecil2 diterima byk mati sengaja pilih official dan harga mahal tau gitu pilih yang aj di toko lain sama aja hasilnya,payah kirim kecil2 terima byk mati sengaja pilih official harga mahal tau gitu pilih aj toko hasil,unknown,1,Tokopedia,Negative,Harga,Yes,Perawatan Hewan,No
gak recomended produk sih ok spt biasa tp packing cuma pk amplop kondangan putih dibungkus plastik ya jebol semua obatnya padahal buat stok najong banget dah di chat ga dibales kapok lah gw belanja disini,recomended produk oke spt packing pk amplop kondangan putih bungkus plastik jebol obat stok najong dah chat dibales kapok belanja,unknown,1,Tokopedia,Negative,Bentuk,No,Perawatan Hewan,No
ga kerekam suaranya,rekam suara,unknown,2,Tokopedia,Negative,Lainnya,No,Hobi & Hiburan,No
respon kurang brg tdk sesuai deskripsi dan tdk ada solusi tdk ada respon akhir dr si penjual,respon brg sesuai deskripsi solusi respon si jual,unknown,1,Tokopedia,Negative,Bentuk,No,Perabotan,No
kualitas pelayanan sama kayak pedagang emperan atau bahkan lebih rendah jangan beli di toko ini kalo tidak ingin kecewa non ori bukan agen atau distributor resmi jika dilihat dr pelayanannya sebagai info ya barang tidak belum sy terima dan sy membayar atas kualitas yang diberikan jd harga pelayanan kalian hanya senilai kecil sekali ya,kualitas layan dagang emper rendah beli toko kecewa non original agen distributor resmi layan info barang terima bayar kualitas jd harga layan nila,unknown,1,Tokopedia,Negative,Bentuk,Yes,Otomotif,No
kartu nya lengkap seru bgt game nya harga kompetitif,kartu lengkap seru game harga kompetitif,unknown,5,Tokopedia,Positive,Harga,No,Hobi & Hiburan,No
lumayan ckup bgus sesuai hrga lah ya agk tipis yg hitam tp bgus kok semoga gk rembes dpake hujan2,lumayan ckup bagus sesuai hrga agk tipis hitam bagus moga rembes dpake hujan2,unknown,5,Tokopedia,Positive,Bentuk,No,Elektronik,No
barang palsu bukan hot wheels original made in china bukan made malaysia spt diskripsi,barang palsu hot wheels original made in china made malaysia spt skripsi,unknown,1,Tokopedia,Negative,Bentuk,Yes,Hobi & Hiburan,No
pelayanan sangat buruk no debat,layan buruk no debat,unknown,1,Tokopedia,Negative,Lainnya,Yes,Perlengkapan Kantor,No
respon cepat barang sesuai deskripsi busa cukup tebal semoga awet,respon cepat barang sesuai deskripsi busa tebal moga awet,unknown,4,Tokopedia,Positive,Bentuk,No,F&B,No
cepat tiba n kemasan bagus barangnya juga bagus,cepat kemas bagus barang bagus,unknown,5,Tokopedia,Positive,Bentuk,No,Perabotan,No
beli dsni sih pengen free giftnya sebenernya jadi buruan bayar saat masih ada gambar free gift lunch bag nya tapi kecewa sangat ternyata pihak penjual baru konfirmasi kalau free gift bagnya telah habis saat barang udah dlm proses pengantaran dan blg klo d ganti dg free gift lain ehh ternyata cuma dapat tumbler dr lactamil jujur kecewa padahal bela2in beli d lapak ini krn udh punya royal swimmng pool dr lapak oyen n biru,beli dsni ken free giftnya sebenernya buru bayar gambar free gift lunch bag kecewa jual konfirmasi free gift bagnya habis barang dlm proses antar blg ganti dg free gift ehh tumbler lactamil jujur kecewa bela2in beli lapak royal swimmng pool lapak oyen biru,unknown,2,Tokopedia,Negative,Harga,Yes,Ibu & Bayi,No
kualitas bahan tinggi packing aman dijamin termurah produk nyaman mudah dipakai,kualitas bahan tinggi packing aman jamin murah produk nyaman mudah pakai,unknown,5,Tokopedia,Positive,Bentuk,No,Hobi & Hiburan,No
bahan tebal barang sesuai deskripsi pengiriman cepat,bahan tebal barang sesuai deskripsi kirim cepat,unknown,5,Tokopedia,Positive,Bentuk,No,Perabotan,No
kurir sameday dikirim besoknya pdhal ditanya bisa kirim hari ini pake sameday dia bilang bisa tokonya barang ga ready sih jd sistemnya ambil dulu dikumpulkan orderan baru dikirim jadi ya kaya begitu,kurir sameday kirim besok pdhal kirim pake sameday bilang toko barang ready jd sistem ambil kumpul order kirim kaya,unknown,1,Tokopedia,Negative,Lainnya,No,Hobi & Hiburan,No
bukan soal uangnya tapi soal ke amanahannya kirim barang ada yg nggak dikirim tidak lengkap bukannya berniat dikirim kekurangannya malah belibet saat di inbox berkali kali alasan macam2 minta no pesanan dan no resi sudah dikasih tetep aja alesan belibet salah sendiri kirim brg ngga lengkap sangat nggak rekomended,uang amanah kirim barang kirim lengkap niat kirim kurang belibet inbox kali alas macam2 no pesan no resi kasih tetep alesan belibet salah kirim brg lengkap rekomended,unknown,1,Tokopedia,Negative,Lainnya,No,Hobi & Hiburan,No
barang bagus sesuai deskripsi,barang bagus sesuai deskripsi,unknown,5,Tokopedia,Positive,Bentuk,No,Lainnya,No
saya pesan double box ini karena mau beli sepatu untuk kado maksudnya biar ga rusak box aslinya tapi pas sampe barangnya box nya cuma box aslinya aja d bungkus alhasil box aslinya penyok2 udah complain tapi belum ditanggapi sayang sekali padahal saya sudah sering belanja d toko ini cm gara2 hal kecil jd mengecewakan,pesan double box beli sepatu kado maksud biar rusak box asli pas barang box box asli bungkus alhasil box asli penyok2 complain tanggap sayang belanja toko cm gara2 jd kecewa,unknown,1,Tokopedia,Negative,Bentuk,Yes,Lainnya,No
cs ramah dan fast response produk baik dan lancar digunakan di korea,cs ramah fast response produk lancar korea,unknown,5,Tokopedia,Positive,Lainnya,No,Hobi & Hiburan,No
pengantaran tepat waktu packaging rapih barang juga dalam kondisi bagus,antar waktu packaging rapih barang kondisi bagus,unknown,5,Tokopedia,Positive,Bentuk,No,Elektronik,No
lem nya kurang merekat,lem rekat,unknown,1,Tokopedia,Negative,Lainnya,No,Kerajinan & Pesta,No
minta warna hitam doff malah dikirim warna warni semua tanpa konfirmasi,warna hitam doff kirim warna warni konfirmasi,unknown,3,Tokopedia,Neutral,Bentuk,No,Kesehatan & Kecantikan,No
jelas2 udah pilih varian biru dan di catatan juga ditulis warna biru eeehh kok ya tanpa konfirmasi dikirim warna putih ya sudah lah males komplen,jelas2 pilih varian biru catat tulis warna biru eeehh konfirmasi kirim warna putih males komplen,unknown,1,Tokopedia,Negative,Bentuk,No,Hobi & Hiburan,No
barang tiba dengan cepat sesuai standar pengiriman tapi untuk kondisi buku ada cacat di tepi buku tapi gapapa,barang cepat sesuai standar kirim kondisi buku cacat tepi buku gapapa,unknown,4,Tokopedia,Positive,Bentuk,No,Hobi & Hiburan,No
ukuran produk sesuai,ukur produk sesuai,unknown,4,Tokopedia,Positive,Bentuk,No,F&B,No
mainannya bagus banget,main bagus,unknown,5,Tokopedia,Positive,Bentuk,No,Hobi & Hiburan,No
no recomend order yg mana di kirim mana mengecewakan,no recomend order kirim kecewa,unknown,1,Tokopedia,Negative,Lainnya,Yes,Perabotan,No
pengiriman cepat product aman dicoba bisa charge cm gak terlalu fast charging,kirim cepat product aman coba charge cm fast charging,unknown,4,Tokopedia,Positive,Lainnya,No,Elektronik,No
kualitas ok respond penjual cepat sekali,kualitas oke respond jual cepat,unknown,5,Tokopedia,Positive,Bentuk,No,Hobi & Hiburan,No
barang yang dikirimkan sesuai dan harga terjangkau,barang kirim sesuai harga jangkau,unknown,5,Tokopedia,Positive,Harga,No,Perlengkapan Kantor,No
barang bagus cepat sampai aman,barang bagus cepat aman,unknown,5,Tokopedia,Positive,Bentuk,No,Perabotan,No
cacat gitu jidatnya mana jelas bgt lagi hadeeuuhh,cacat gitu jidat hadeeuuhh,unknown,1,Tokopedia,Negative,Lainnya,Yes,Hobi & Hiburan,No
tidak ada kendala saat penukaran di jepang trm ksh,kendala tukar jepang trm ksh,unknown,5,Tokopedia,Positive,Lainnya,No,Hobi & Hiburan,No
ini barang keterlaluan sih bilang ukuran 60x90 tp sunat bahannya keterlaluan banget terlihat di foto underpad saya yg lama merk lain jauh lbh besar dan lbh tebel bkn masalah harga cuman 50rb an tp kesel aja liat penjual kasih spek tp jauh banget dari ukuran sebenernya kapok deh ga bakal beli merek ini lagi terima kasih,barang bilang ukur 60x90 sunat bahan foto underpad merk lbh lbh tebel bkn harga cuman 50rb an kesel liat jual kasih spek ukur sebenernya kapok beli merek terima kasih,unknown,1,Tokopedia,Negative,Bentuk,No,Perawatan Hewan,No
ini pembelian ke krupuknya mantap pengirimannya cepat dan tidak ada yang rusak terima kasih kepada penjual dan kurir sicepat,beli krupuknya mantap kirim cepat rusak terima kasih jual kurir sicepat,unknown,5,Tokopedia,Positive,Rasa,No,F&B,No
kali ini belanja disini sangat mengecewakan free ongkir biasanya dikirim dng si cepat reguler tapi kali ini dikirimnya dengan si cepat halu kardus penyok terbuka berantakan sangat buruk dan jenis delivery tidak sesuai dengan yg ada diaplikasi,belanja kecewa free ongkos kirim kirim dng si cepat reguler kirim si cepat halu kardus penyok buka beranta buruk jenis delivery sesuai aplikasi,unknown,1,Tokopedia,Negative,Bentuk,Yes,Kesehatan & Kecantikan,No
recommended seller buat pelapak sesuai pesanan to markotop,recommended seller lapak sesuai pesan to markotop,unknown,5,Tokopedia,Positive,Bentuk,No,Perabotan,No
cocok buat warm tone hasilnya awet cocok buat cool tone cocok di kulit kering cocok di kulit normal cocok di kulit kombinasi,cocok warm tone hasil awet cocok cool tone cocok kulit kering cocok kulit normal cocok kulit kombinasi,unknown,4,Tokopedia,Positive,Bentuk,No,Kesehatan & Kecantikan,No
delivery yang harus karena twinpack tapi yg didelivery satu sampai harus buat komplain dan tidak dapat kompensasi apa2 the first and the last belanja sini official store tapi kek gitu,delivery twinpack didelivery komplain kompensasi apa2 the first and the last belanja official store kek gitu,unknown,1,Tokopedia,Negative,Lainnya,Yes,Kesehatan & Kecantikan,No
mengecewakan sama sekali tidak bisa digunaka,kecewa digunaka,unknown,1,Tokopedia,Negative,Bentuk,Yes,Fashion,No
saya membeli sepatu yang sama dengan ukuran berbeda yang dikirim adalah sepatu no dan pengajuan klaim adalah penukaran namun malahan yang diterima uang ini benar benar merugikan pelanggan sekalipun saya dapat order kembali namun ada biaya ongkir yang harus ditanggung kualitas sepatu no pun tidak prima daerah tongue jahitannya loncat pengalaman ini benar benar mengecewakan,beli sepatu ukur beda kirim sepatu no aju klaim tukar terima uang rugi langgan order biaya ongkos kirim tanggung kualitas sepatu no prima daerah tongue jahit loncat alami kecewa,unknown,1,Tokopedia,Negative,Bentuk,Yes,Fashion,No
pelayanan bagus besok2 order lagi,layan bagus besok2 order,unknown,5,Tokopedia,Positive,Bentuk,No,Perlengkapan Kantor,No
saat diterima kotak sudah kebuka ada botol yang gak ada tutupnya,terima kotak buka botol tutup,unknown,2,Tokopedia,Negative,Lainnya,No,Perabotan,No
yg dikirim russakkkkk guys ampun dahh,kirim russakkkkk guys ampun dahh,unknown,1,Tokopedia,Negative,Lainnya,No,Fashion,No
barang sampenya lama box diterima dalam kondisi yang sudah rusak padahal mau buat kado,barang sampenya box terima kondisi rusak kado,unknown,2,Tokopedia,Negative,Lainnya,Yes,Kesehatan & Kecantikan,No
tidak sesuai dengan kapasitas yg tertera di boxnya kecewa pokoknya kalo bisa gue balikin gue balikin dah,sesuai kapasitas tera boxnya kecewa pokok balikin balikin dah,unknown,1,Tokopedia,Negative,Bentuk,Yes,Elektronik,Yes
hasil pemakaian sebulan rambut terasa halus tebal hitam rontok berkurang untuk uban belum terlihat hasilnya lanjut order botol ke,hasil pakai bulan rambut halus tebal hitam rontok kurang uban hasil order botol,unknown,5,Tokopedia,Positive,Bentuk,No,Kesehatan & Kecantikan,No
barang tidak sesuai dengan pesanan sy pesan warna hitam ukuran l di kirimnya hijau ukuran xl dan sy pesan warna hijau ukuran m di kirim nya ukuran l tingkat kan pelayanan bos semoga di pesanan berikutnya sesuai ya,barang sesuai pesan pesan warna hitam ukur kirim hijau ukur xl pesan warna hijau ukur kirim ukur tingkat layan bos moga pesan sesuai,unknown,3,Tokopedia,Neutral,Bentuk,No,Fashion,No
pesen playdogh dikirim cuma pesen stamp tp ga dikirim padahal byr full ga ada cfm sama sekali sangat ga rekomended tokonya maaf sy ksh bintang lain kali hrs lebih amanah kl jual,sen playdogh kirim sen stamp kirim byr full cfm rekomended toko maaf ksh bintang hrs amanah kl jual,unknown,1,Tokopedia,Negative,Bentuk,No,Hobi & Hiburan,No
pesen apa dikasih apa kecewa bgt,sen kasih kecewa,unknown,1,Tokopedia,Negative,Lainnya,Yes,Hobi & Hiburan,Yes
produk sesuai pesanan,produk sesuai pesan,unknown,4,Tokopedia,Positive,Bentuk,No,Ibu & Bayi,No
buku bagus baru cek sekilas dalamnya tapi gaada masalah sih keknya b4 karena detail covernya agak rusak gitu ya itu aja sih keluhannya,buku bagus cek kilas dalam gaada kek b4 detail covernya rusak gitu keluh,unknown,4,Tokopedia,Positive,Bentuk,No,Hobi & Hiburan,No
seller lama sekali kirim order minggu buat rabu pagi sampe selasa g dikirim baru dikirim rabunya kamis baru sampe udah kelar butuhnya udah request cancel bahkan sebelum barang dikirim tapi seller g mau cancelin alasan gabisa cancel dari audit sistem,seller kirim order minggu rabu pagi selasa kirim kirim rabu kamis kelar butuh request cancel barang kirim seller cancelin alas gabisa cancel audit sistem,unknown,1,Tokopedia,Negative,Lainnya,No,Perlengkapan Kantor,No
produk sesuai deskripsi variasi produk beragam berfungsi dengan baik,produk sesuai deskripsi variasi produk agam fungsi,unknown,5,Tokopedia,Positive,Bentuk,No,Otomotif,No
barang sesuai pesanan pengirimancepat pengemasan okey makasih,barang sesuai pesan pengirimancepat kemas okey makasih,unknown,5,Tokopedia,Positive,Bentuk,No,Ibu & Bayi,No
gak nyala padahal batt udah baru anak sy jd kecewa mau ditukar jg barang cm brp ribu,nyala batt anak jd kecewa tukar barang cm brp ribu,unknown,3,Tokopedia,Neutral,Lainnya,No,Kerajinan & Pesta,No
bocor dari sambungan karet ke keran dan bocor dri tengah2 tempat drat karna gk rapat mau di rapatkan gk bisa karna terasa sudah mentok,bocor sambung karet keran bocor dri tengah2 drat karna rapat rapat karna mentok,unknown,1,Tokopedia,Negative,Rasa,No,Perabotan,No
dikirim tidak sesuai pesanan proses lama sekali,kirim sesuai pesan proses,unknown,1,Tokopedia,Negative,Bentuk,Yes,Perlengkapan Kantor,No
barang nya tipis tapi y udhlah brg udh d terima,barang tipis udhlah brg terima,unknown,2,Tokopedia,Negative,Bentuk,No,Fashion,No
udahhh responnya lama estimasi dateng ya carabungkusnya ga rapih dalemannya ristek pulaaa kecewa sihh ini mah,udahhh responnya estimasi dateng carabungkusnya rapih dalem ristek pulaaa kecewa sihh mah,unknown,1,Tokopedia,Negative,Bentuk,Yes,Perlengkapan Kantor,Yes
menyerap air dgn baik cuman ukurannya kecil banget jd kalau untuk mengeringkan banyak piring butuh lebih dr satu,serap air cuman ukur jd ering piring butuh,unknown,5,Tokopedia,Positive,Bentuk,No,Perabotan,No
kesekian kalinya pesen ini produk sangat bagus untuk membantu proses diet dan pengiriman sangat cepat,sekian kali sen produk bagus bantu proses diet kirim cepat,unknown,5,Tokopedia,Positive,Bentuk,No,Kesehatan & Kecantikan,No
coklat asli hitam ga tau itu asli apa palsu ya yg hitam beli disini bahan kaku embos ga ada di dalam saku untuk uang hanya ada tdk seperti yg coklat pokoknya beda banget sama yg coklat yg bahannya lebih halus lentur dan jahitan lebih rapih,coklat asli hitam tau asli palsu hitam beli bahan kaku embos saku uang coklat pokok beda coklat bahan halus lentur jahit rapih,unknown,2,Tokopedia,Negative,Bentuk,Yes,Fashion,No
kartu bekerja dengan baik begitupun sellernya yang sigap menjawab semua pertanyaan,kartu sellernya sigap,unknown,5,Tokopedia,Positive,Lainnya,No,Lainnya,No
baru di colok listrik nya kok lampu batre nya udh full semua y belum juga di cas ke aki tidak berfungsi y alat nya,colok listrik lampu batre full cas aki fungsi alat,unknown,1,Tokopedia,Negative,Lainnya,Yes,Perabotan,No
packing nya bocor oli kemana mana kecewa,packing bocor oli mana kecewa,unknown,1,Tokopedia,Negative,Lainnya,Yes,Otomotif,Yes
kok setelah pakai efeknya tdk seperti sy pakai flimty sebelumnya gak tahu ini bukan asli atau kenapa kalau bisa di jawab alasannya knp bisa begitu,pakai efek pakai flimty asli alas knp,unknown,2,Tokopedia,Negative,Bentuk,No,Kesehatan & Kecantikan,No
pc warna pink lampunya copot di chat complain gak dibales kecewa sedikit,pc warna pink lampu copot chat complain dibales kecewa,unknown,1,Tokopedia,Negative,Bentuk,Yes,Kerajinan & Pesta,No
barang sampe kardus rusak gini kata mas yg bawa pas dia terima kardus nya uda gini kecewa saya uda lama barang yang diterima bgini dalam nya paas di buka sanitizernya basah smua tumpah keluar seger kayak ke buka gitu,barang kardus rusak gin mas bawa pas terima kardus uda gin kecewa uda barang terima bgini paas buka sanitizernya basah smua tumpah seger buka gitu,unknown,2,Tokopedia,Negative,Bentuk,Yes,Kesehatan & Kecantikan,Yes
kemasan rapih pengiriman cepat semoga cocok,kemas rapih kirim cepat moga cocok,unknown,4,Tokopedia,Positive,Bentuk,No,Kesehatan & Kecantikan,No
barang yg saya terima rusak pecah tempat krayonnya saya ngga tau itu kesalahan dari toko karna dikemasnya terlalu bersemangat atau bagian pengirimannya kecewa,barang terima rusak pecah krayon tau salah toko karna kemas semangat kirim kecewa,unknown,1,Tokopedia,Negative,Lainnya,Yes,Kerajinan & Pesta,Yes
barangnya bagus sesuai dengan harapan saya terima kasih,barang bagus sesuai harap terima kasih,unknown,5,Tokopedia,Positive,Bentuk,No,Fashion,No
tidak sesuai harapan barang sangat kecil jadi susah buat dimainin,sesuai harap barang susah dimainin,unknown,1,Tokopedia,Negative,Bentuk,Yes,Hobi & Hiburan,No
baru dicoba untuk alas duduk beberapa jam so far lumayan nyaman tapi masih belum terbiasa selain empuk juga bikin posisi duduk jadi tambah tinggi,coba alas duduk jam so far lumayan nyaman biasa empuk bikin posisi duduk tinggi,unknown,5,Tokopedia,Positive,Rasa,No,Perabotan,No
seller tdk bertanggung jwb kindlenya baru dibeli terus rusak pembelian okt okt kindle nya rusak katanya ad garansi hari bgtu di message whatsapp cuma di read ga bertanggung jawab banget hati2 ya kalau mau beli disini after sale service nya sgt tidak bagus gabisa dipake deh kindle nya sayang banget padahal uda capek2 nabung smoga dpt karma nya sndri deh,seller tanggung jwb kindlenya beli rusak beli okt okt kindle rusak ad garansi bgtu message whatsapp read tanggung hati2 beli after sale service sgt bagus gabisa dipake kindle sayang uda capek2 nabung smoga karma sndri,unknown,1,Tokopedia,Negative,Bentuk,Yes,Elektronik,No
sebelum mempercayakan penyimpanan data kalian mending pikir dulu deh saya baru pakai blm minggu kartu langsung tidak terbaca lagi mana ada data yg tidak bsa di selamatkan dan proses garansinya aja pake estimasi sebulan yap sebulan mending beli yg pasti aja merk baru blum tentu terjamin kualitasnya be carefull and keep healthy thx,percaya simpan data mending pikir pakai minggu kartu baca data bsa selamat proses garansi pake estimasi bulan yap bulan mending beli merk blum jamin kualitas be carefull and keep healthy thx,unknown,1,Tokopedia,Negative,Bentuk,No,Elektronik,No
packing seadanya bubble hanya selapis saja ditambah lapisan plastik hasilnya barang diterima dalam keadaan patah,packing ada bubble selap tambah lapis plastik hasil barang terima patah,unknown,1,Tokopedia,Negative,Bentuk,No,Elektronik,No
alhamdulillah barang sampai di tgl isi dusnya instruction manual book kartu garansi stiker boya tas kecil boya seperangkat mic batereinya jack adaptor kayaknya untuk koneksi ke amplifier,alhamdulillah barang tgl isi dus instruction manual book kartu garansi stiker boya tas boya perangkat mic batereinya jack adaptor kayak koneksi amplifier,unknown,5,Tokopedia,Positive,Bentuk,No,Elektronik,No
diluar ekspektasi mirip banget sama yg biasa aku beli di drugstore dgn harga 150rb huhu serius iseng beli gegara bnyk review yg blg bagus apalagi harga 6rb klo ga cocok ga sakit hati ga taunya bagusss cepet kering ga gumpal,luar ekspektasi beli drugstore harga 150rb huhu serius iseng beli gegara bnyk review blg bagus harga 6rb cocok sakit hati tau bagusss cepet kering gumpal,unknown,5,Tokopedia,Positive,Bentuk,No,Kesehatan & Kecantikan,No
buruk super duper buruk kok bisa rusakk dlm nya ini pasti di banting2 sama jne heran udah di bilang pake yess yess malah reg sedia in yess dong tokopedia heran saya,buruk super duper buruk rusakk dlm banting2 jne heran bilang pake yess yess reg sedia in yess tokopedia heran,unknown,1,Tokopedia,Negative,Bentuk,Yes,Lainnya,Yes
packing aman berfungsi dengan baik berguna banget pas nyetir,packing aman fungsi guna pas nyetir,unknown,5,Tokopedia,Positive,Bentuk,No,Otomotif,No
warna salah pesan warna hitam dapat warna putih,warna salah pesan warna hitam warna putih,unknown,1,Tokopedia,Negative,Bentuk,No,Fashion,No
seller kurang komunikatif saya pesan warna biru tapi dikirim warna pink dan tanpa pemberitahuan sebelumnya karena saya beli untuk kado jadi tidak utk digunakan sendiri mohon kedepannya diperbaiki,seller komunikatif pesan warna biru kirim warna pink pemberitahuan beli kado depan baik,unknown,2,Tokopedia,Negative,Bentuk,No,Hobi & Hiburan,No
langsung sobek pas pertama kali di pake,sobek pas pake,unknown,2,Tokopedia,Negative,Bentuk,No,Ibu & Bayi,No
packaging nya ga safe jadi mie nya remuk shipping nya lama bgt proses nya juga asli lama parah,packaging safe mie remuk shipping proses asli parah,unknown,1,Tokopedia,Negative,Bentuk,Yes,F&B,No
pesen jam terus jam kurang barang udah sampe karena pake gosend instant dapet potongan gosend instant 30rb jadi cuman bayar harga refill instaxnya doang thankyou kakk,sen jam jam barang pake gosend instant potong gosend instant 30rb cuman bayar harga refill instaxnya doang thankyou kakk,unknown,5,Tokopedia,Positive,Harga,No,Elektronik,No
pengiriman nya hampir minggu agak kecewa,kirim minggu kecewa,unknown,3,Tokopedia,Neutral,Lainnya,No,Kesehatan & Kecantikan,No
di kirimnya yg hidden bukan yg semata kaki kecewa,kirim hidden kaki kecewa,unknown,1,Tokopedia,Negative,Lainnya,Yes,Fashion,Yes
mantab terhubung ke siri juga bisa,mantab hubung siri,unknown,5,Tokopedia,Positive,Lainnya,No,Perabotan,No
spidol kualitas bagus harga termurah dibanding toko lain,spidol kualitas bagus harga murah banding toko,unknown,5,Tokopedia,Positive,Harga,No,Perlengkapan Kantor,No
kecewa beli di sini order gunting tp tidak di kirim kata ya kalau order untuk ke kali ya bakal dikirim nyala nya zonkkkkkkk,kecewa beli order gunting kirim order kirim nyala zonkkkkkkk,unknown,1,Tokopedia,Negative,Lainnya,Yes,Perlengkapan Kantor,Yes
pengiriman cpt produknya bagus bahannya tebal tidak menerawang warnanya juga bagus puas pokoknya sukses buat tokonya,kirim cpt produk bagus bahan tebal terawang warna bagus puas pokok sukses toko,unknown,5,Tokopedia,Positive,Bentuk,No,Perabotan,No
mohon maaf dikasih rating segini karena barang yg dikirim tidak sesuai dan tidak ada follow up untuk penggantian barang semoga kedepan dapat ditindak lanjuti terima kasih banyak sebelumnya,maaf kasih rating gin barang kirim sesuai follow up ganti barang moga depan tindak lanjut terima kasih,unknown,1,Tokopedia,Negative,Bentuk,Yes,Otomotif,No
buku gambarnya di gulung alhasil jadi melengkung semua,buku gambar gulung alhasil lengkung,unknown,3,Tokopedia,Neutral,Lainnya,No,Hobi & Hiburan,No
balonnya cakep gampang ditiup juga thx seller,balon cakep gampang tiup thx seller,unknown,5,Tokopedia,Positive,Lainnya,No,Kerajinan & Pesta,No
mantab deh sesuai ekspektasi lancar jaya ga ngelag meski ram cuma 2gb mungkin krn sudah di optimize dari mi nya ui juga lebih simple dr tv box lain overall puas,mantab sesuai ekspektasi lancar jaya ngelag ram 2gb optimize mi ui simple tv box overall puas,unknown,5,Tokopedia,Positive,Bentuk,No,Elektronik,No
barang cepat sampai bolamnya awet dan terang banget tokonya baik kurir baik jangan ragu beli di toko ini,barang cepat bolamnya awet terang toko kurir ragu beli toko,unknown,5,Tokopedia,Positive,Bentuk,No,Otomotif,No
seller tidak ramah,seller ramah,unknown,1,Tokopedia,Negative,Lainnya,No,Hobi & Hiburan,No
packingnya kurang memuaskan,packingnya muas,unknown,3,Tokopedia,Neutral,Lainnya,No,Hobi & Hiburan,No
cocok buat bersihin layar hp yang cepat kotor karena kena keringat gara gara main game atau dipakai telepon cairan pembersihnya bening dan setelah disemprotkan bentuknya jadi semacam embun gitu dan engga berbau bentuk alatnya compact dan sekilas mirip vape tapi mungkin ukurannya agak awkward untuk disimpan di saku kecil engga besar juga engga pengirimannya juga cepat overall puas belanja barang ini di sini,cocok bersihin layar hp cepat kotor keringat gara gara main game pakai telepon cair bersih bening semprot bentuk embun gitu engga bau bentuk alat compact kilas vape ukur awkward simpan saku engga engga kirim cepat overall puas belanja barang,unknown,5,Tokopedia,Positive,Bentuk,No,Elektronik,No
bagus dan tahan lama banget,bagus tahan,unknown,5,Tokopedia,Positive,Bentuk,No,Hobi & Hiburan,No
bahan jelek dan kurang kokoh,bahan jelek kokoh,unknown,1,Tokopedia,Negative,Bentuk,No,F&B,No
berfungsi dengan baik dapat flashsale harga murah awalnya buat coba2 tapi ternyata oke bakal jadi andalan utk rebus telor,fungsi flashsale harga murah coba2 oke andal rebus telor,unknown,5,Tokopedia,Positive,Harga,No,F&B,No
ada cacat sedikit dan overpriced untuk plastik seperti itu,cacat overpriced plastik,unknown,3,Tokopedia,Neutral,Harga,No,F&B,No
yang kids bener yg besar beda bahan dan sangat tipis padahal yg besar pesan yg ada katupnya tapi ini kagak,kids bener beda bahan tipis pesan katup kagak,unknown,3,Tokopedia,Neutral,Bentuk,No,Fashion,No
barang sudah sampai di rumah tidak ada kerusakan sama sekali saat pengiriman dan setelah dicoba sangat memuaskan terima kasih,barang rumah rusak kirim coba muas terima kasih,unknown,5,Tokopedia,Positive,Bentuk,No,Elektronik,No
buku pasti ori sesuai pesanan proses pengiriman cepat dapet harga murah pas bookcarnaval,buku original sesuai pesan proses kirim cepat harga murah pas bookcarnaval,unknown,5,Tokopedia,Positive,Bentuk,No,Hobi & Hiburan,No
kecewa hadiahnya tdk dtg sesuai info dan tdk dikbrin jg tdk ada,kecewa hadiah dtg sesuai info dikbrin,unknown,1,Tokopedia,Negative,Bentuk,Yes,Kesehatan & Kecantikan,Yes
thx gan barang sampai dengan selamat,thx gan barang selamat,unknown,5,Tokopedia,Positive,Lainnya,No,Kerajinan & Pesta,No
saya tidak menerima produk sama sekali dari kurir dan kurir tidak menelfon saya kalo barang sudah diantarkan dan dititipkan di siapa karena saya belum menerima paket saya saya mengajukan komplain,terima produk kurir kurir menelfon barang antar titip terima paket aju komplain,unknown,1,Tokopedia,Negative,Bentuk,Yes,Elektronik,No
sim card ok mudah dipasang dan mudah langsung di gunakan,sim card oke mudah pasang mudah,unknown,5,Tokopedia,Positive,Bentuk,No,Hobi & Hiburan,No
berfungsi sebagaimana mestinya mantapp,fungsi mesti mantapp,unknown,5,Tokopedia,Positive,Rasa,No,Otomotif,No
kecewa sih sama barangnya ngk sesuai ekpektasi ngk bisa dilempar dong,kecewa barang ngk sesuai ekpektasi ngk lempar,unknown,1,Tokopedia,Negative,Bentuk,Yes,Hobi & Hiburan,Yes
coklat nya sampai dgn selamat tdk leleh packing aman pengiriman cepat harga murah thank you,coklat selamat leleh packing aman kirim cepat harga murah thank you,unknown,5,Tokopedia,Positive,Harga,No,F&B,No
lumayan barang berfungsi lucuuu,lumayan barang fungsi lucuuu,unknown,4,Tokopedia,Positive,Lainnya,No,F&B,No
mantap gk pernah kecewa belanja disini figure sesuai foto kawaii banget nezuko chan wangy wangyyy hehe becanda om,mantap kecewa belanja figure sesuai foto kawaii nezuko chan wangy wangyyy hehe becanda om,unknown,5,Tokopedia,Positive,Rasa,No,Hobi & Hiburan,No
barang rusak sebagian,barang rusak,unknown,1,Tokopedia,Negative,Lainnya,Yes,Perlengkapan Kantor,No
setelah hari pakai gamepad bagian kanannya mati ketika direnggangkan kecewa seller berbelit belit,pakai gamepad kanan mati renggang kecewa seller belit belit,unknown,1,Tokopedia,Negative,Lainnya,Yes,Elektronik,No
bahannya tebal warnanya cantik tidak licin ukuran sesuai modelnya simple bahannya adem,bahan tebal warna cantik licin ukur sesuai model simple bahan adem,unknown,5,Tokopedia,Positive,Bentuk,No,Fashion,No
gamepad sampai dengan packing std gamepad satu normal namun yang satunya l2 dan r2 hilang entah kemana sudah di cek memang tidak ada apakah kesalahan pembuatan di pabrik atau memang produk gagal semoga untuk ditingkatkan ketilitian dalam pengiriman sebelum sampai ke tangan konsumen jadi stik atau gamepadnya terpaksa main pakai l2 dan r2 cabutan dari stik lain yang beda merek dan warnanya hitam padahal gamepad normal sayangnya tombol r2 dan l2 missing hilang semoga gamepadnya awet makasih y,gamepad packing std gamepad normal satu l2 r2 hilang mana cek salah buat pabrik produk gagal moga tingkat ketilitian kirim tangan konsumen stik gamepadnya paksa main pakai l2 r2 cabut stik beda merek warna hitam gamepad normal sayang tombol r2 l2 missing hilang moga gamepadnya awet makasih,unknown,3,Tokopedia,Neutral,Bentuk,No,Elektronik,No
parah ini toko ga ada tanggung jawab nya,parah toko tanggung,unknown,1,Tokopedia,Negative,Lainnya,Yes,Hobi & Hiburan,No
toko langanan aing,toko langanan aing,unknown,5,Tokopedia,Positive,Lainnya,No,Hobi & Hiburan,No
hasil potongan produk tidak rapih kancing pengait tidak pas latar background kekecilan batok charger lampu cepat panas mengakibatkan lampunya kelap kelip setelah pemakaian menit,hasil potong produk rapih kancing kait pas latar background kecil batok charger lampu cepat panas akibat lampu kelap kelip pakai menit,unknown,1,Tokopedia,Negative,Bentuk,No,Elektronik,No
sepertinya kali ini berlaku prinsip harga sesuai kualitas waktu cek awal udah feeling ga enak krn ada bantal kaki yg lepas lanjut kemudian tiang penyangga bagian tengah lepas lanjut penghubung tiang tidak bisa dicantolin saya coba masih biaa di pake ada sedikit harapan tapi tidak lama kemudian mur untuk penopang hape lepas pada saat proses pasang hape jadi totally ga bisa di pake yahhh anggap aja hitung2 amal deh pengalaman aja untuk tokonya no comment sih krn ga komunikasi lebih,laku prinsip harga sesuai kualitas waktu cek feeling bantal kaki lepas tiang sangga tengah lepas hubung tiang dicantolin coba biaa pake harap mur topang hape lepas proses pasang hape totally pake yahhh anggap hitung2 amal alami toko no comment komunikasi,unknown,2,Tokopedia,Negative,Bentuk,No,Elektronik,No
tripodnya berkualitas produk sesuai deskripsi packingnya aman cuma sayang gak tau kenapa bagian tengahnya gak bisa di pasang gak ngait di aluminiumnya malah lepas terus gak bisa nahan beban hp paling bs di lem dlu bru di pakai thank s tokopedia dan toko yg terkait smga lancar usahanya overall bgs,tripod kualitas produk sesuai deskripsi packingnya aman sayang tau tengah pasang ngait aluminium lepas nahan beban hp bs lem bru pakai thank tokopedia toko kait smga lancar usaha overall bagus,unknown,5,Tokopedia,Positive,Bentuk,No,Elektronik,No
memang sih murah barangnya tp boleh lah ya komplain btw ini sy yg ga bisa make nya apa barangnya yg rusak ya udh pake splitter jg ga fungsi,murah barang komplain btw make barang rusak pake splitter fungsi,unknown,1,Tokopedia,Negative,Harga,Yes,Hobi & Hiburan,No
berfungsi dengan baik fast charge jalan,fungsi fast charge jalan,unknown,4,Tokopedia,Positive,Lainnya,No,Elektronik,No
proses pesanan cepat terima kasih,proses pesan cepat terima kasih,unknown,5,Tokopedia,Positive,Lainnya,No,Kesehatan & Kecantikan,No
beli kg minta dimix pisang yg msh hijau kuning eh dikirim kuning semua hadeeehh,beli kg dimix pisang hijau kuning eh kirim kuning hadeeehh,unknown,3,Tokopedia,Neutral,Lainnya,No,F&B,No
recommend banget beli disini respon cepet banget ga ada itungan menit dikasih best price harga ok mau tanya apapun di respon sampe di kasih no wa dan sabar banget tungguin semua sampe ok di call sampe menit jarang2 ketemu yg begini thanks banget ya puas banget dan recommend banget,recommend beli respon cepet itungan menit kasih best price harga oke apa respon kasih no wa sabar tungguin oke call menit jarang2 ketemu thanks puas recommend,unknown,5,Tokopedia,Positive,Harga,No,Elektronik,No
warna tidak sesuai pesenan,warna sesuai sen,unknown,3,Tokopedia,Neutral,Bentuk,No,Fashion,No
kotaknya jelek penyok bungkus seadanya doang,kotak jelek penyok bungkus ada doang,unknown,3,Tokopedia,Neutral,Bentuk,No,Hobi & Hiburan,No
baunya gak enak ini siapa yang rancang suruh belajar coba parfum2 yg enak,bau rancang suruh ajar coba parfum2,unknown,1,Tokopedia,Negative,Rasa,No,Kesehatan & Kecantikan,No
aromanya kurang enak dan terlalu menyengat,aroma sengat,unknown,3,Tokopedia,Neutral,Rasa,No,Kesehatan & Kecantikan,No
fast respon pengiriman cepat,fast respon kirim cepat,unknown,5,Tokopedia,Positive,Lainnya,No,Lainnya,No
produk yang diterima lengkap lampunya terang pas di kepala gak sempet foto barang bagus proses cepat penjual respon nya melambay terima kasih,produk terima lengkap lampu terang pas kepala sempet foto barang bagus proses cepat jual respon melambay terima kasih,unknown,5,Tokopedia,Positive,Bentuk,No,Hobi & Hiburan,No
barang sampai terlalu lama padahal masih dalam kota casing mudah lepas jujur mengecewakan,barang kota casing mudah lepas jujur kecewa,unknown,1,Tokopedia,Negative,Bentuk,Yes,Elektronik,No
bagus mantab jernih,bagus mantab jernih,unknown,4,Tokopedia,Positive,Bentuk,No,Hobi & Hiburan,No
cakep banget tp salah pilih size mash kegedean di anak tp anak super happy thanks,cakep salah pilih size mash gede anak anak super happy thanks,unknown,5,Tokopedia,Positive,Lainnya,No,Fashion,No
kualitas main amat buruk,kualitas main buruk,unknown,1,Tokopedia,Negative,Bentuk,Yes,Hobi & Hiburan,No
admin sangat ramah sabar menghadapi berbagai pertanyaan2 sangat rekomended,admin ramah sabar hadap pertanyaan2 rekomended,unknown,5,Tokopedia,Positive,Lainnya,No,Hobi & Hiburan,No
bisa melempar jauh sesuai dengan deskripsi produk selalu ready stock packing rapi,lempar sesuai deskripsi produk ready stock packing rapi,unknown,5,Tokopedia,Positive,Bentuk,No,Hobi & Hiburan,No
paan gada ngaruhnya samsek kecabut aja kaga,paan gada ngaruhnya samsek cabut kaga,unknown,1,Tokopedia,Negative,Lainnya,No,Kesehatan & Kecantikan,No
dua hari udah sampe gampang banget di rakit besinya lumayan kokoh dan sellernya sangat ramah terima kasih,gampang rakit besi lumayan kokoh sellernya ramah terima kasih,unknown,5,Tokopedia,Positive,Bentuk,No,Elektronik,No
barang bagus dan pengiriman cepat,barang bagus kirim cepat,unknown,5,Tokopedia,Positive,Bentuk,No,Perawatan Hewan,No
pesan yg eyeliner putih yg dateng malah yg itemmm hmmmmm tolong lebih teliti,pesan eyeliner putih dateng itemmm hmmmmm tolong teliti,unknown,4,Tokopedia,Positive,Lainnya,No,Kesehatan & Kecantikan,No
mantap pengiriman nya cepat banget barang oke semua dan berfungsi kondisi mulus mantap cahaya nya juga terang banget top markotop,mantap kirim cepat barang oke fungsi kondisi mulus mantap cahaya terang top markotop,unknown,5,Tokopedia,Positive,Rasa,No,Hobi & Hiburan,No
pesan kurir instan posisi rumah saya di bintaro jaksel kurirnya malah kearah bekasi penjual bilang tukang gojeknya ambil jalan alternatif helllooo begitu kurirnya ojek online sampe rumah katanya nganterin orang tuanya ke tukang urut tolong lah lain kali penjual pastikan kalo barang langsung diantar oleh kurir yg ambil apalagj kurir instan jangan lepas tangan saya pesan kurir instan untuk menjaga kualitas makanan terjaga ini barang sampai rumah seal sudah tidak rapat,pesan kurir instan posisi rumah bintaro jaksel kurir arah bekas jual bilang tukang gojek ambil jalan alternatif helllooo kurir ojek online rumah nganterin tua tukang urut tolong jual pasti barang antar kurir ambil apalagj kurir instan lepas tangan pesan kurir instan jaga kualitas makan jaga barang rumah seal rapat,unknown,1,Tokopedia,Negative,Bentuk,No,F&B,No
maaf baru kasih ulasan buku nya bagus berwarna tulisan nya juga jelas tapi ada di brapa halaman lem nya gx kuat ya jadi pada copot lembaran nya seller dan kurir oke,maaf kasih ulas buku bagus warna tulis brapa halaman lem gx kuat copot lembar seller kurir oke,unknown,4,Tokopedia,Positive,Bentuk,No,Hobi & Hiburan,No
sudah sampai ya handuknya pengiriman cepat harga bersaing kualitas bagus cocok buat traveling atau buat ganti2 warnanya sesuai yg diminta cerah warnanya proses cepat pengiriman pake antar aja bagus ramah kurirnya terimakasih seller toped dan kurirnya ya salam sehat dan sukses yaa,handuk kirim cepat harga saing kualitas bagus cocok traveling ganti2 warna sesuai cerah warna proses cepat kirim pake bagus ramah kurir terimakasih seller toped kurir sehat sukses yaa,unknown,5,Tokopedia,Positive,Bentuk,No,Perabotan,No
kurang teliti saya pesan hitam dan merah yg dikirim hitam semua,teliti pesan hitam merah kirim hitam,unknown,1,Tokopedia,Negative,Lainnya,No,Perlengkapan Kantor,No
produk sampai dengan cepaat dan amaan thank youu,produk cepaat ama thank youu,unknown,5,Tokopedia,Positive,Lainnya,No,Kesehatan & Kecantikan,No
barang jelek sesuai harga,barang jelek sesuai harga,unknown,1,Tokopedia,Negative,Harga,No,Elektronik,No
adminnya ramah bgt asli nanya apa aja dijawabnya gercep bgt,adminnya ramah asli nanya jawab gercep,unknown,5,Tokopedia,Positive,Bentuk,No,Perabotan,No
barang oke tapi seller packingnya asal kemasannya bocor silica gelnya jadi keluar semua apa gunanya lagi silica gelnya sudah terkena udara tida direkomendasikan buat beli disini,barang oke seller packingnya kemas bocor silica gel guna silica gel kena udara tida rekomendasi beli,unknown,1,Tokopedia,Negative,Bentuk,No,Elektronik,No
sangat tidak puas baik produknya dan pelayanannya barang cacat pada kondisi tertutup saya mejanya tidak bisa menutup rapat itu dikarenakan pemasangan engselnya tidak sejajar tinggi pendek ini yg menyebabkan listnya sobek krn dipaksa saat menutup daun mejanya jadi fix nya ini cacat pabrik bukan masalah pengiriman dan ternyata komplain ga diterima oleh toko penjual suruh hubungi sendiri ke kurirnya,puas produk layan barang cacat kondisi tutup meja tutup rapat pasang engsel sejajar tinggi pendek sebab listnya sobek paksa tutup daun meja fix cacat pabrik kirim komplain terima toko jual suruh hubung kurir,unknown,1,Tokopedia,Negative,Rasa,Yes,Elektronik,No
oke mantap pengiriman cepat seller ramah fast response produk sesuai harapan thanks,oke mantap kirim cepat seller ramah fast response produk sesuai harap thanks,unknown,5,Tokopedia,Positive,Rasa,No,Elektronik,No
barang mantap sesuai deskripsi tapi belum di coba semoga awet,barang mantap sesuai deskripsi coba moga awet,unknown,5,Tokopedia,Positive,Bentuk,No,Otomotif,No
fast respons original mulus pengiriman cepat seller ramah dan tidak sombong harga tolong dimurahin lagi,fast respons original mulus kirim cepat seller ramah sombong harga tolong dimurahin,unknown,5,Tokopedia,Positive,Harga,No,Lainnya,No
sesuai deskripsi packing positive,sesuai deskripsi packing positive,unknown,5,Tokopedia,Positive,Bentuk,No,Hobi & Hiburan,No
baru beli dan dibuka sudah ada noda hitam yg sangat terlihat untuk di kemeja putih di cuci tidak bisa hilang,beli buka noda hitam kemeja putih cuci hilang,unknown,2,Tokopedia,Negative,Lainnya,Yes,Fashion,No
tampilan si ok banget tapi bahan tipis banget masa baru dipake pemakaian normal dua minggu jahitannya udah sobek sendiri,tampil si oke bahan tipis dipake pakai normal minggu jahit sobek,unknown,2,Tokopedia,Negative,Bentuk,No,Fashion,No
barang yang diterima dalam kondisi yang tidak diinginkan pecah di salah satu tuts nya,barang terima kondisi pecah salah tuts,unknown,1,Tokopedia,Negative,Lainnya,No,Hobi & Hiburan,No
produk sudah diterima dan dicek sesuai dengan deskripsi dan gambar produk sudah dites dicoba dan dapat berfungsi baik,produk terima cek sesuai deskripsi gambar produk tes coba fungsi,unknown,5,Tokopedia,Positive,Bentuk,No,Hobi & Hiburan,No
brg nya blm sampe dan blm diterima tp diaplikasi uda selesai aja kan aneh,brg terima aplikasi uda selesai aneh,unknown,1,Tokopedia,Negative,Lainnya,No,Fashion,No
barang sesuai dengan gambar harga murah tapi kualitas ga murahan pengiriman nya cepet oke bgt deh puass,barang sesuai gambar harga murah kualitas murah kirim cepet oke puass,unknown,5,Tokopedia,Positive,Harga,No,F&B,No
terima kasih pesanan sesuai,terima kasih pesan sesuai,unknown,5,Tokopedia,Positive,Bentuk,No,Hobi & Hiburan,No
beli 10pcs hampir rusak semua bentuknya dan toko terus berdalih ya udah utk pelajaran aja utk yg mau beli,beli 10pcs rusak bentuk toko dalih ajar beli,unknown,1,Tokopedia,Negative,Bentuk,Yes,Fashion,No
proses kemas kirim lama seller ditanya hanya jawab mohon sabar mohon tunggu tidak kasih kepastian kapan kirim hrs nya dijawab bisa tidak end up barang di pickup sendiri ke gudang kurir krn perlu,proses kemas kirim seller sabar tunggu kasih pasti kirim hrs end up barang pickup gudang kurir,unknown,1,Tokopedia,Negative,Bentuk,No,Hobi & Hiburan,No
pengiriman sangat lamaaa tdk ada pemberitahuan chat tdk di respon,kirim lamaaa pemberitahuan chat respon,unknown,3,Tokopedia,Neutral,Lainnya,No,Perawatan Hewan,No
pembelian kesekian kalinya dan biasanya dikemas pake kardus tapi yang dikirim cuma pake bubble wrap dan pecah lagi ajukan barang rusak katanya bukan kesalahan toko tapi pas dicek masa patahannya serpihannya kurang saya coba satuin tapi ada bagian yang memang ngak ada apa di pengiriman mereka buka bubble wrap terus diganti gitu,beli sekian kali kemas pake kardus kirim pake bubble wrap pecah aju barang rusak salah toko pas cek patah serpih coba satuin ngak kirim buka bubble wrap ganti gitu,unknown,1,Tokopedia,Negative,Bentuk,Yes,Perabotan,No
gan pesanan sudah saya terima sesuai order barang oke aman bagus dan mantap terima kasih gan,gan pesan terima sesuai order barang oke aman bagus mantap terima kasih gan,unknown,5,Tokopedia,Positive,Bentuk,No,Perabotan,No
produk selalu fresh dan lezat packing rapih pengiriman cepat dan pelayanan toko sangat ramah sukses terus ya,produk fresh lezat packing rapih kirim cepat layan toko ramah sukses,unknown,5,Tokopedia,Positive,Bentuk,No,F&B,No
yang dateng sangat sangat beda dengan yang di foto,dateng beda foto,unknown,1,Tokopedia,Negative,Lainnya,No,F&B,No
tidak menerawang mudah dibentuk jahitan rapi nyaman dipakai warnanya cantik modelnya cantik bahannya adem,terawang mudah bentuk jahit rapi nyaman pakai warna cantik model cantik bahan adem,unknown,5,Tokopedia,Positive,Bentuk,No,Fashion,No
barang tidak terkirim ke pembeli dan minta di kirim ulang tetapi toko menolak,barang kirim beli kirim ulang toko tolak,unknown,1,Tokopedia,Negative,Lainnya,No,Hobi & Hiburan,No
jujur utk harga segini sudah melebihi ekspektasi saya nyaman dan jahitan rapi ga ada yg brodol2,jujur harga gin lebih ekspektasi nyaman jahit rapi brodol2,unknown,5,Tokopedia,Positive,Bentuk,No,Fashion,No
produk asli murah pengiriman cepat abang kurir nya jg baik bgt jagain bener paketnya smp masukin tas biar ga basah kena hujan diantr malem2 smbl minta maaf duhh murah rejekinya ya,produk asli murah kirim cepat abang kurir jagain bener paket smp masukin tas biar basah hujan diantr malem2 smbl maaf duhh murah rejekinya,unknown,5,Tokopedia,Positive,Harga,No,Kesehatan & Kecantikan,No
piyama kualitas seller responsive prosesnya cepat pengiriman juga cepat sampainya di manado semoga next order bisa sebagus ini yah terima kasih,piyama kualitas seller responsive proses cepat kirim cepat sampai manado moga next order bagus yah terima kasih,unknown,5,Tokopedia,Positive,Bentuk,No,Fashion,No
respon cepat packing ok rapi orderan sesuai,respon cepat packing oke rapi order sesuai,unknown,4,Tokopedia,Positive,Bentuk,No,Kesehatan & Kecantikan,No
barang aman diterima yg paling seneng wanginya enak banget,barang aman terima neng wangi,unknown,5,Tokopedia,Positive,Rasa,No,Kesehatan & Kecantikan,No
produk original nyaman dipakai dijamin termurah,produk original nyaman pakai jamin murah,unknown,5,Tokopedia,Positive,Bentuk,No,Hobi & Hiburan,No
barang belum diterima,barang terima,unknown,1,Tokopedia,Negative,Lainnya,No,Fashion,No
sangat mudah pemasangannya,mudah pasang,unknown,4,Tokopedia,Positive,Lainnya,No,Perabotan,No
mantaappp sekaliii seller gercep babgett barang juga cepet sampee nii kencang dan nyaman aman untuk aktivitas dijamin termurah,mantaappp sekaliii seller gercep babgett barang cepet sampee nii kencang nyaman aman aktivitas jamin murah,unknown,5,Tokopedia,Positive,Harga,No,Hobi & Hiburan,No
bagian magnet perekat tidak melekat dengan sempurna jadinya ketika ditempel dengan lampunya jatuh cukup kecewa karena bagian magnet dengan wadahnya ga melekat kuat jdnya buat rusak lampu kalau jatuh kelantai,magnet rekat lekat sempurna tempel lampu jatuh kecewa magnet wadah lekat kuat jdnya rusak lampu jatuh lantai,unknown,3,Tokopedia,Neutral,Bentuk,No,Elektronik,No
brang sampe walau agak lama terimkasih,brang terimkasih,unknown,4,Tokopedia,Positive,Lainnya,No,Elektronik,No
alas kandang nya oke banged tebal dan bahannya bagus pengemasan dan pengiriman jg cepat,alas kandang oke banged tebal bahan bagus kemas kirim cepat,unknown,5,Tokopedia,Positive,Bentuk,No,Perawatan Hewan,No
edny kurang sebulan pantes dijual 1rb,edny bulan pantes jual 1rb,unknown,1,Tokopedia,Negative,Lainnya,No,Kesehatan & Kecantikan,No
bahannya kelihatan murah,bahan murah,unknown,3,Tokopedia,Neutral,Harga,No,Fashion,No
respon cepat packing rapih kecewa lubang teflonnya ngelupas,respon cepat packing rapih kecewa lubang teflonnya ngelupas,unknown,2,Tokopedia,Negative,Bentuk,Yes,F&B,Yes
suka anak jd seneng meronce sesuai pesenanya barangnya jg bagus mksh,suka anak jd neng ronce sesuai sena barang bagus mksh,unknown,5,Tokopedia,Positive,Bentuk,No,Hobi & Hiburan,No
warna tidak sesuai dengan gambar daya serap nya buruk cendrung tidak menyerap air parah kecewa saya kualitasnya makin memburuk tidak sama seperti pas awal order wood pellet disini,warna sesuai gambar daya serap buruk cendrung serap air parah kecewa kualitas buruk pas order wood pellet,unknown,1,Tokopedia,Negative,Bentuk,Yes,Perawatan Hewan,Yes
pesen hitam dikirim putih parah mau direturn ngga keburu soalnya barang tsb buat kado ultah hr ini makanya saya pake same day padahal sdh sy ingatkan loh tolong dicheck dulu sebelum dikirim,sen hitam kirim putih parah direturn keburu barang tsb kado ultah hr pake same day ingat tolong dicheck kirim,unknown,1,Tokopedia,Negative,Lainnya,Yes,Perabotan,No
saya nanya baik ga niat komplain jg tp dijawabnya kok gini bgt sangat ga ramah sombong sekali,nanya niat komplain jawab gin ramah sombong,unknown,1,Tokopedia,Negative,Lainnya,Yes,Hobi & Hiburan,No
suka bahannya modelnya harganya pun terjangkau,suka bahan model harga jangkau,unknown,5,Tokopedia,Positive,Harga,No,Ibu & Bayi,No
kirim barang yg dikirim salah kata maaf pun nggak ada barang lama sudah diterima barang baru kirimnya lama ongkir juga nggak tanggung jawab official store koq pelayanannya kaya begini bikin kecewa banget,kirim barang kirim salah maaf barang terima barang kirim ongkos kirim tanggung official store koq layan kaya bikin kecewa,unknown,1,Tokopedia,Negative,Harga,Yes,Kesehatan & Kecantikan,Yes
sesuai randomnya bahan sesuai expektasi terima kasih,sesuai randomnya bahan sesuai expektasi terima kasih,unknown,4,Tokopedia,Positive,Bentuk,No,Fashion,No
seharusnya chat dijadikan makesure barang warna dll jgn kaku kaku bgt jadi roko,chat jadi makesure barang warna dll jgn kaku kaku roko,unknown,1,Tokopedia,Negative,Bentuk,No,Elektronik,No
ps nya ga awet belom ada bulan udah rusak padahal pemakaian biasa aja malah jarang di pake tau2 rusak sendiri,ps awet bom rusak pakai jarang pake tau2 rusak,unknown,2,Tokopedia,Negative,Bentuk,Yes,Elektronik,No
minta size yg dikirim size kebesaran gk bs saya pakai bagaimna,size kirim size besar bs pakai bagaimna,unknown,3,Tokopedia,Neutral,Bentuk,No,Fashion,No
beda sma yg di gambar pdahal udh pernh pesen skali di sni,beda sma gambar pdahal pernh sen skali sni,unknown,3,Tokopedia,Neutral,Lainnya,No,Elektronik,No
udah dateng proses cepet thankyouu,dateng proses cepet thankyouu,unknown,5,Tokopedia,Positive,Lainnya,No,Hobi & Hiburan,No
brg yg diterima tidak sama dgn yg di etalase toko tipis seperti kotak nasi padang pdhl dikira tebal krn utk kirim kado ke luar kota,brg terima etalase toko tipis kotak nasi padang pdhl tebal kirim kado kota,unknown,2,Tokopedia,Negative,Bentuk,Yes,Kerajinan & Pesta,No
ga akan bl lg dsni thx saya kecewa,bl lg dsni thx kecewa,unknown,1,Tokopedia,Negative,Lainnya,Yes,F&B,Yes
packing rapih pengiriman juga lumayan cepat,packing rapih kirim lumayan cepat,unknown,5,Tokopedia,Positive,Bentuk,No,Ibu & Bayi,No
barangnya sudah sampai dan diterima dengan baik sudah dicoba dan berfungsi dengan baik cocok untuk ambil barang dibawah tidak perlu menunduk dan jepitnya lumayan kuat semoga awet barangnya,barang terima coba fungsi cocok ambil barang bawah tunduk jepit lumayan kuat moga awet barang,unknown,5,Tokopedia,Positive,Bentuk,No,Perabotan,No
keren dan bagus,keren bagus,unknown,5,Tokopedia,Positive,Bentuk,No,Lainnya,No
pengiriman cepat barang sesuai gambar kualitasnya oke recommended,kirim cepat barang sesuai gambar kualitas oke recommended,unknown,5,Tokopedia,Positive,Bentuk,No,Perlengkapan Kantor,No
fast respon sesuai pesanan kualitas bagus semoga makin berkah,fast respon sesuai pesan kualitas bagus moga berkah,unknown,4,Tokopedia,Positive,Bentuk,No,Fashion,No
baunya pasaran prtama kali pakai semua orang sekitar gue sakit kepala jangan trlalu expektasi tinggi rugi kalian harga segitu,bau pasar prtama pakai sakit kepala trlalu expektasi tinggi rugi harga segitu,unknown,1,Tokopedia,Negative,Rasa,No,Kesehatan & Kecantikan,No
produk sesuai respon cepat pengiriman cepat,produk sesuai respon cepat kirim cepat,unknown,5,Tokopedia,Positive,Bentuk,No,Kerajinan & Pesta,No
kurang bass tapi harganya terjangkau proses pesanan cepat,bass harga jangkau proses pesan cepat,unknown,3,Tokopedia,Neutral,Harga,No,Elektronik,No
tidak pernah mengecewakan hasil terbaik untuk ngirim kartu selembar aja pake kotak tebal terima kasih sukses selalu,kecewa hasil baik ngirim kartu lembar pake kotak tebal terima kasih sukses,unknown,5,Tokopedia,Positive,Bentuk,No,Lainnya,No
mintanya bolt kok malah di kasi oricat sih,minta bolt kasi oricat,unknown,1,Tokopedia,Negative,Bentuk,No,Perawatan Hewan,No
produk top markotop bangeet deh selalu ada promo ikan sehat dan cantik cantik dan delivery cepat sekali dan seller recommended banget,produk top markotop bangeet promo ikan sehat cantik cantik delivery cepat seller recommended,unknown,5,Tokopedia,Positive,Harga,No,Perawatan Hewan,No
maaf baru ulas sibuk nyablon barang sudah saya terima pengiriman cepat ga nyampe jam respon seller oke kualitas josss packing oke langganan recommended seller mohon maaf tidak menyertakan photo produk karena sudah dijahit dan dikirim pokonya bagus ini untuk pembelian kesekian sekian sekian sekian kali terimakasih sehat selalu,maaf ulas sibuk nyablon barang terima kirim cepat jam respon seller oke kualitas josss packing oke langgan recommended seller maaf serta photo produk jahit kirim poko bagus beli sekian sekian sekian sekian terimakasih sehat,unknown,5,Tokopedia,Positive,Bentuk,No,Lainnya,No
miring dan penyok,miring penyok,unknown,1,Tokopedia,Negative,Lainnya,No,F&B,No
tas nya nggk bagus bahan sablonan nya maklum lah murahan,tas nggk bagus bahan sablon maklum murah,unknown,1,Tokopedia,Negative,Bentuk,No,Fashion,Yes
box hancur padahal customer beli untuk kado mengecewakan masa bungkus cuma pake plastik tipis toko besar tapi gak modal bubble wrap,box hancur customer beli kado kecewa bungkus pake plastik tipis toko modal bubble wrap,unknown,2,Tokopedia,Negative,Bentuk,Yes,Ibu & Bayi,No
ramah pelayanan cepat packaging rapih dan aman pesanan pun sesuai dengan catatan terbaik request pake kertas kado dan kartu ucapan pun free of charge belum pernah failed sih beli disini,ramah layan cepat packaging rapih aman pesan sesuai catat baik request pake kertas kado kartu ucap free of charge failed beli,unknown,5,Tokopedia,Positive,Bentuk,No,Hobi & Hiburan,No
pengiriman sangat lama,kirim,unknown,1,Tokopedia,Negative,Lainnya,No,Kerajinan & Pesta,No
pia nya sudah sampai kak tp pas di buka pada hancur smua padahal sudah di bubble wrap,pia kak pas buka hancur smua bubble wrap,unknown,2,Tokopedia,Negative,Bentuk,Yes,F&B,No
produk asli penjual respondsif packaging rapi,produk asli jual respondsif packaging rapi,unknown,5,Tokopedia,Positive,Bentuk,No,Hobi & Hiburan,No
barang sesuai pengiriman cepat recommended,barang sesuai kirim cepat recommended,unknown,5,Tokopedia,Positive,Bentuk,No,Kesehatan & Kecantikan,No
barang tidak bagus murahan,barang bagus murah,unknown,1,Tokopedia,Negative,Harga,No,Hobi & Hiburan,No
alat pelnya bagus tp dr barang yg saya pesan cm dikirim item alat pel aja jepitan jemurannya gak dikirim padahal di innvoicenya ditulis items dan trnyt penjualnya malah kasar yah pake ngancem kl ksh bintang mrk tdk akan bantu ngecek ke bagian pengiriman,alat pel bagus barang pesan cm kirim item alat pel jepit jemur kirim innvoicenya tulis items trnyt jual kasar yah pake ngancem kl ksh bintang mrk bantu ngecek kirim,unknown,1,Tokopedia,Negative,Bentuk,No,Perabotan,Yes
mantap hijabnyaaa enaaaaaak dipakai adeeeeem,mantap hijabnyaaa enaaaaaak pakai adeeeeem,unknown,5,Tokopedia,Positive,Rasa,No,Fashion,No
barang rusak tidak bisa adi charge sehinga tidak bisa dipakai respon penjual sangat lambat saya kecewa sbgi pembeli,barang rusak adi charge sehinga pakai respon jual lambat kecewa sbgi beli,unknown,1,Tokopedia,Negative,Lainnya,Yes,F&B,No
selller aneh ditanya katanya uda berangkat tp tokped ga update ternyata sepertinya memang gagal pick up tp ga bilang yang jujur kalo paket belum dipick up malah bilangnya sudah berangkat,selller aneh uda berangkat tokped update gagal pick up bilang jujur paket dipick up bilang berangkat,unknown,1,Tokopedia,Negative,Lainnya,Yes,Kerajinan & Pesta,No
pengiriman sangat buruk respon penjual jg buruk ah kapok pesen d sini cm mau ambil untung doang ndak mau tau penjualnya seminggu baru terima barang,kirim buruk respon jual buruk ah kapok sen cm ambil untung doang ndak tau jual minggu terima barang,unknown,1,Tokopedia,Negative,Lainnya,Yes,Lainnya,No
kaki tripod rusak tdk bs terkunci di angkat lsg turun,kaki tripod rusak bs kunci angkat lsg turun,unknown,1,Tokopedia,Negative,Lainnya,Yes,Elektronik,No
gak bersegel di packing luar dan dalam produk nya tidak bersegel info dari admin seller setelah chat produk memang tidak bersegel dan info nya di klaim oleh admin penjual original agar di cantum kan di deskripsi agar pembeli jadi tau dan layak jadi pilihan atau tidak nya untuk di kulit wajah nya,segel packing produk segel info admin seller chat produk segel info klaim admin jual original cantum deskripsi beli tau layak pilih kulit wajah,unknown,1,Tokopedia,Negative,Bentuk,No,Kesehatan & Kecantikan,No
pelayanan kurang cepat dan ramah,layan cepat ramah,unknown,2,Tokopedia,Negative,Lainnya,No,Elektronik,No
pas bermanfaat jadi rapi dapurnya,pas manfaat rapi dapur,unknown,4,Tokopedia,Positive,Bentuk,No,F&B,No
mantaps murmer gede ga pake lengket2,mantaps murmer gede pake lengket2,unknown,5,Tokopedia,Positive,Rasa,No,F&B,No
ga rapi bnyk yg item,rapi bnyk item,unknown,1,Tokopedia,Negative,Bentuk,No,Lainnya,No
chat gk pernah di balas tidak recommend untuk beli,chat balas recommend beli,unknown,2,Tokopedia,Negative,Lainnya,No,Hobi & Hiburan,No
pelayanan yg sangat buruk saya pesan dengan menggunakan grab instan jam pagi baru di antar sekitar jam sore beberapa kali chat lama sekali respons nya sangat tdk profesional melayani konsumen,layan buruk pesan grab instan jam pagi jam sore chat respons profesional layan konsumen,unknown,2,Tokopedia,Negative,Lainnya,Yes,F&B,No
barang tidak sesuai katanya mm ternyata tipis sekali dan jumlahnya tidak sesuai dari pcs yg dtg pcs kwalitas jelek,barang sesuai mm tipis sesuai pcs dtg pcs kwalitas jelek,unknown,1,Tokopedia,Negative,Bentuk,Yes,Perabotan,No
ok guys mantap berfungsi dengan baik,oke guys mantap fungsi,unknown,5,Tokopedia,Positive,Rasa,No,Lainnya,No
saya puas dengan pelayanan dari tokoh ini awalnya saya chat pertanyakan ketersediaan barang ini ready tapi begitu saat pengiriman barang tidak tersedia saya diberikan solusi barang dengan model dan tipe yang berbeda namun tokoh langsung menyediakan barang sesuai permintaan saya walaupun tidak sesuai dengan estimasi waktu yang saya pesan sameday akhirnya barang pesanan saya di kirim juga sesuai dengan harapan saya terima kasih seller doa kita bersama semoga makin sukses dan barang awet saya pakai terima kasih seller god jobsbisa muat banyak barangnya original mutu terjamin sni ada garansi resmi gampang dipakai desainnya elegan hemat listrik,puas layan tokoh chat sedia barang ready kirim barang sedia solusi barang model tipe beda tokoh sedia barang sesuai minta sesuai estimasi waktu pesan sameday barang pesan kirim sesuai harap terima kasih seller doa moga sukses barang awet pakai terima kasih seller god jobsbisa muat barang original mutu jamin sni garansi resmi gampang pakai desain elegan hemat listrik,unknown,5,Tokopedia,Positive,Bentuk,No,Elektronik,No
mantap sesuai respon cepat semoga awet,mantap sesuai respon cepat moga awet,unknown,4,Tokopedia,Positive,Bentuk,No,Elektronik,No
barang sdh smp udah gitu kurirnya ngaco barang blm diterima direport udh diterima trs gak dpt pc blackpink nya bkn nya klo ada tulisan bebas ongkir ekstra itu hrsnya dpt pc blackpink krn yg sblm2nya sy belanja di store lain yg ada tulisan bebas ongkir ekstra pasti dpt pc blackpink ini lupa atw bgmn jujur kecewa,barang smp gitu kurir ngaco barang terima direport terima trs pc blackpink bkn tulis bebas ongkos kirim ekstra hrsnya pc blackpink sblm2nya belanja store tulis bebas ongkos kirim ekstra pc blackpink lupa atw bgmn jujur kecewa,unknown,1,Tokopedia,Negative,Harga,Yes,Kesehatan & Kecantikan,Yes
gimana mau dipake orang buat letak hpnya aja ngga ada percuma,gimana dipake letak hpnya,unknown,3,Tokopedia,Neutral,Lainnya,No,Elektronik,No
banyak masker yg jahitan lemnya lepas,masker jahit lem lepas,unknown,3,Tokopedia,Neutral,Bentuk,No,Kesehatan & Kecantikan,No
barang emang harga aslinya sekitar an tapi seller sok sok an bikin diskon yg dari 99rb di diskon 59rb olshop emang keras,barang harga asli an seller sok sok an bikin diskon 99rb diskon 59rb olshop keras,unknown,1,Tokopedia,Negative,Harga,No,Elektronik,No
murah sesuai harga tapi barangnya kerass banget butuh tangan dan ringan gak berat jd utk harga murah begini ya gausah ekspektasi tinggi2,murah sesuai harga barang kerass butuh tangan ringan berat jd harga murah gausah ekspektasi tinggi2,unknown,2,Tokopedia,Negative,Harga,No,Elektronik,No
respone sellernya sangat cepat tapi ga bisa dipasang di hp saya dideskripsi inch bisa eh ternyata pas dateng di pasang di hp samsung a70 ga muat dan pas baca dalemnya maks ktnya inch sama buat maen cod rada ngadat pas maen ml lancar jaya padahal pengen maen cod nya,respone sellernya cepat pasang hp deskripsi inch eh pas dateng pasang hp samsung a70 muat pas baca dalem maks ktnya inch maen bayar tempat rada ngadat pas maen ml lancar jaya ken maen bayar tempat,unknown,3,Tokopedia,Neutral,Bentuk,No,Elektronik,No
mantaaaaaap mantuuuuul terbaiikkkkk guuud,mantaaaaaap mantuuuuul terbaiikkkkk guuud,unknown,5,Tokopedia,Positive,Lainnya,No,Otomotif,No
defect dikit di ujungnya tp gpp,defect dikit ujung gpp,unknown,4,Tokopedia,Positive,Lainnya,No,Hobi & Hiburan,No
gak bisa di gunakan ini gimana,gimana,unknown,1,Tokopedia,Negative,Lainnya,No,Elektronik,No
barang sesuai dgn pesanan seller responsif pengiriman cepat terimakasih seller dan tokopedia smg sukses selalu,barang sesuai pesan seller responsif kirim cepat terimakasih seller tokopedia smg sukses,unknown,5,Tokopedia,Positive,Bentuk,No,Perabotan,No
bahan jepitnya bagus awet dipake gak mudah rusak,bahan jepit bagus awet dipake mudah rusak,unknown,5,Tokopedia,Positive,Bentuk,No,Kesehatan & Kecantikan,No
mengecewakan battery tidak berfungsi,kecewa battery fungsi,unknown,1,Tokopedia,Negative,Lainnya,Yes,Perabotan,No
tidak sama dgn gambar,gambar,unknown,3,Tokopedia,Neutral,Bentuk,No,Fashion,No
kualitas bahan mantap dijamin termurah berfungsi dengan baik semoga awet tks,kualitas bahan mantap jamin murah fungsi moga awet tks,unknown,5,Tokopedia,Positive,Bentuk,No,Hobi & Hiburan,No
packingnya sangat jelek barang yg diterima kotaknya sudah peot peot karena rencananya barang ini untuk hadiah,packingnya jelek barang terima kotak peot peot rencana barang hadiah,unknown,3,Tokopedia,Neutral,Bentuk,No,Ibu & Bayi,No
cakep bangetttt mulus sesuai ekspektasi thank you ya,cakep bangetttt mulus sesuai ekspektasi thank you,unknown,5,Tokopedia,Positive,Bentuk,No,Kerajinan & Pesta,No
yg dikirim beda barang yg lebih murah selisih eh rusak pula mau retur tapi maenannya dah terlanjur dibuka yauda gw minta balikin selisih nya aja dg suruh isiin pulsa gw aja 15rb udah 6hari pulsa ga masuk2 ditanyain jawab nya ok doang parah ga amanah,kirim beda barang murah selisih eh rusak retur maenannya dah lanjur buka yauda balikin selisih dg suruh isiin pulsa 15rb 6hari pulsa masuk2 ditanyain oke doang parah amanah,unknown,1,Tokopedia,Negative,Harga,Yes,Hobi & Hiburan,No
beli abon srundeng tapi salah dikasih srundeng semua jd ga jadi dpt abon krn klo retur hrs ngirim brg yg salah ribet,beli abon srundeng salah kasih srundeng jd abon retur hrs ngirim brg salah ribet,unknown,1,Tokopedia,Negative,Lainnya,Yes,F&B,No
kainnya lembut dan stretchy ada hooknya yang bisa ditarik jadi kalau celana kegedean masih bisa disesuaikan dengan ukuran perut yg sekarang ini all size dan pas banget bahannya juga tebal jadi dipakai ga nerawang,kain lembut stretchy hooknya tarik celana gede sesuai ukur perut all size pas bahan tebal pakai nerawang,unknown,5,Tokopedia,Positive,Bentuk,No,Ibu & Bayi,No
respon cellernya setengah mati nungguinnnn pengiriman nunggu berhari hari padahal pake pengiriman instan dah bayar ongkir mahal celler sama pembeli tinggla di jakarta utara g arekomen buat pembeli lagi cari yang lain dari pada emosi nungguin,respon cellernya mati nungguinnnn kirim nunggu hari pake kirim instan dah bayar ongkos kirim mahal celler beli tinggla jakarta utara arekomen beli cari emosi nungguin,unknown,1,Tokopedia,Negative,Harga,Yes,Elektronik,No
ini pembelian saya yang kedua kali pada saat saya terima kondisi segel sudah terbuka dan kartu garansi beda dengan unit yang saya sebelumnya meskipun garansi resmi indonesia dan unit ip cameranya berbahasa indonesia serta kondisi unit bisa dinyalakan saran saja sebelum barang dikirim disampaikan saja kondisinya supaya lebih transparan,beli terima kondisi segel buka kartu garansi beda unit garansi resmi indonesia unit ip cameranya bahasa indonesia kondisi unit nyala saran barang kirim kondisi transparan,unknown,3,Tokopedia,Neutral,Lainnya,No,Elektronik,No
kaca malah jadi buram cairan ini baunya seperti porstex hati hati dalam membeli,kaca buram cair bau porstex hati hati beli,unknown,1,Tokopedia,Negative,Rasa,No,Otomotif,No
ga mungkin barang baru jijik liatnya ada kaya kotoran cair dan ini pun baru keluar dari bungkusan buang,barang jijik liat kaya kotor cair bungkus buang,unknown,1,Tokopedia,Negative,Bentuk,No,Hobi & Hiburan,No
mantap bgt kualitas beneran sama kaya webcam sejutaan,mantap kualitas beneran kaya webcam juta,unknown,5,Tokopedia,Positive,Bentuk,No,Elektronik,No
kualitas bagus kiriman cepat hargnya murah,kualitas bagus kirim cepat hargnya murah,unknown,5,Tokopedia,Positive,Bentuk,No,Perawatan Hewan,No
produknya bagus n sesuai dgn pesanan sya seller mantul makasih skss selalu,produk bagus sesuai pesan sya seller mantap makasih skss,unknown,5,Tokopedia,Positive,Bentuk,No,Perlengkapan Kantor,No
produk bagus kualitas ok kuat dan pengiriman cepat packing aman,produk bagus kualitas oke kuat kirim cepat packing aman,unknown,5,Tokopedia,Positive,Bentuk,No,F&B,No
produk nya bagus sesuai deskripsi,produk bagus sesuai deskripsi,unknown,5,Tokopedia,Positive,Bentuk,No,F&B,No
udh kecil diisi ga full banjir minyak jdi kira2 isi nya stgh lbh dkit dr tempat kecilnya ga lbh dr sendok makan maaf ga worth utk hrg segini,isi full banjir minyak jdi kira2 isi stgh lbh dkit kecil lbh sendok makan maaf worth hrg gin,unknown,2,Tokopedia,Negative,Harga,No,F&B,No
respon cepat sayang lensa macro nya ada baret masih dimaklumi lah karena murah tp berharap kualitas barang bisa lebih baik,respon cepat sayang lensa macro baret maklum murah harap kualitas barang,unknown,2,Tokopedia,Negative,Harga,No,Elektronik,No
piyamanya bagus sudah beli ke x harga murah pengiriman cepat seller rekomendasi,piyamanya bagus beli harga murah kirim cepat seller rekomendasi,unknown,5,Tokopedia,Positive,Harga,No,Fashion,No
puas sekaliii dpt harga flash sale semua berfungsi sesuai deskripsi disfuser bbrp tetes aja harummm,puas sekaliii harga flash sale fungsi sesuai deskripsi disfuser bbrp tetes harummm,unknown,5,Tokopedia,Positive,Bentuk,No,Perabotan,No
barang nya cepat sampai dan nyampe di tangan aq dalam keadaaan baik tulisan nya juga jelas banget dan berwarna jadi ga bosen liat nya,barang cepat tangan keadaaan tulis warna bosen liat,unknown,5,Tokopedia,Positive,Bentuk,No,Hobi & Hiburan,No
pakai lem ini hati pastikan penataannya balon sebelum dipasang kalau nda ga bisa dicabut bisa dicabut tp resiko pecah mantul tingkat kerekatannya,pakai lem hati pasti tata balon pasang nda cabut cabut resiko pecah mantap tingkat rekat,unknown,5,Tokopedia,Positive,Bentuk,No,Kerajinan & Pesta,No
barang sudah sampai tujuan hanya saja sebelum dikirim mohon perhatikan barangnya terlebih dahulu,barang tuju kirim perhati barang,unknown,3,Tokopedia,Neutral,Lainnya,No,Fashion,No
barang bagus packing rapi pengiriman cepat,barang bagus packing rapi kirim cepat,unknown,5,Tokopedia,Positive,Bentuk,No,Kesehatan & Kecantikan,No
kualitas produk bagus produk sesuai,kualitas produk bagus produk sesuai,unknown,5,Tokopedia,Positive,Bentuk,No,F&B,No
sesuai pesanan kualitas,sesuai pesan kualitas,unknown,5,Tokopedia,Positive,Bentuk,No,F&B,No
wo thanks banget untuk kartunya sangat amat menolong sekali buat backpackeran dikorea,wo thanks kartu tolong backpackeran dikorea,unknown,5,Tokopedia,Positive,Lainnya,No,Hobi & Hiburan,No
aplikator mudah dipakai desainnya lucu warnanya pekat,aplikator mudah pakai desain lucu warna pekat,unknown,4,Tokopedia,Positive,Bentuk,No,Kesehatan & Kecantikan,No
gabisa di pakai kcewa dahhh,gabisa pakai kcewa dahhh,unknown,1,Tokopedia,Negative,Lainnya,No,Hobi & Hiburan,No
barang bagus sesuai dengan gambar,barang bagus sesuai gambar,unknown,5,Tokopedia,Positive,Bentuk,No,F&B,No
hasilnya tahan lama hasilnya matte nggak cepat pudar packaging aman proses pesanan cepat,hasil tahan hasil matte cepat pudar packaging aman proses pesan cepat,unknown,5,Tokopedia,Positive,Bentuk,No,Kesehatan & Kecantikan,No
seperti biasa pengiriman dan pelayanan lama pdhl officiall store,kirim layan pdhl officiall store,unknown,3,Tokopedia,Neutral,Lainnya,No,Kesehatan & Kecantikan,No
pelayanannya yang sangat mengecewakan padahal gojek instant tp besoknya baru dikirim di chat balasnya lama bangett no rekomen kl yg buru2,layan kecewa gojek instant besok kirim chat balas bangett no rekomen kl buru2,unknown,1,Tokopedia,Negative,Lainnya,Yes,Perawatan Hewan,No
barangku kapan datang gua uda lama nunggu males gua beli lagi,barang gua uda nunggu males gua beli,unknown,1,Tokopedia,Negative,Lainnya,No,Hobi & Hiburan,No
diterima dalam keadaan packing terbuka dan terlihat sudah pecah komplain tapi harus kembaliin barang malah ribet dan jadi repot sendiri,terima packing buka pecah komplain kembaliin barang ribet repot,unknown,2,Tokopedia,Negative,Lainnya,Yes,Perabotan,No
semoga bisa ditingkatkan lagi qcnya packing baik dengan bubblewrap jadi tidak mungkin patah dari pengiriman sayang saya tidak ada video unboxing karena sebelumnya pernah beli dan sangat aman mungkin saat jepit waktu packing posisinya tidak pas jadi ujungnya gompal,moga tingkat qcnya packing bubblewrap patah kirim sayang video unboxing beli aman jepit waktu packing posisi pas ujung gompal,unknown,3,Tokopedia,Neutral,Bentuk,No,Elektronik,No
model dan warna aku suka tp pemasangan sedikit ribet moga ja awet,model warna suka pasang ribet moga ja awet,unknown,4,Tokopedia,Positive,Bentuk,No,Elektronik,No
material produk bagus ukuran produk sesuai kualitas produk bagus produk original,material produk bagus ukur produk sesuai kualitas produk bagus produk original,unknown,5,Tokopedia,Positive,Bentuk,No,F&B,No
kualitas barang bagus harga relatif murah kiriman super cepat response penjual baik recommended seller bintang terima kasih yah semoga sukses usaha nya aamiin,kualitas barang bagus harga relatif murah kirim super cepat response jual recommended seller bintang terima kasih yah moga sukses usaha aamiin,unknown,5,Tokopedia,Positive,Harga,No,Elektronik,No
diskon nya nipu barang nya ternyata sesuai dengan harga,diskon nipu barang sesuai harga,unknown,1,Tokopedia,Negative,Harga,No,Fashion,No
packingnya cuma kardus aja jadi ada bagian laci yg pecah,packingnya kardus laci pecah,unknown,2,Tokopedia,Negative,Lainnya,No,Kesehatan & Kecantikan,No
fitting tidak sesuai dgn celana pendek umumnya,fitting sesuai celana pendek,unknown,2,Tokopedia,Negative,Bentuk,Yes,Hobi & Hiburan,No
barang palsu asli kw,barang palsu asli palsu,unknown,1,Tokopedia,Negative,Bentuk,Yes,Hobi & Hiburan,No
barangnya bagus tebal dapet best deal juga kmrn mama suka aku pun suka,barang bagus tebal best deal kmrn mama suka suka,unknown,4,Tokopedia,Positive,Bentuk,No,Kesehatan & Kecantikan,No
tolong diperhatikan barang yg akan dikirim layak tidak pesanan yg sy kirim sudah sesuai dari warna dan size tapi barangnya kusam seperti sendal bekas,tolong perhati barang kirim layak pesan kirim sesuai warna size barang kusam sendal bekas,unknown,3,Tokopedia,Neutral,Bentuk,No,Fashion,No
obengnya ngga bisa kepakai kualitas rendah,obeng pakai kualitas rendah,unknown,1,Tokopedia,Negative,Bentuk,No,Elektronik,No
salah beli barang tp toko tidak ada kompromi sama sekali padahal barang masih disegel kecewa dehhh,salah beli barang toko kompromi barang segel kecewa dehhh,unknown,1,Tokopedia,Negative,Bentuk,Yes,Elektronik,Yes
iya brang nya bagus,iya brang bagus,unknown,5,Tokopedia,Positive,Bentuk,No,Otomotif,No
bahannya adem jahitannya rapi tidak menerawang enak dipakai,bahan adem jahit rapi terawang pakai,unknown,4,Tokopedia,Positive,Bentuk,No,Fashion,No
bagian saku kiri kemeja nampak sobek tidak dijahit ada bolong sehingga kami harus menjahit saku kemeja kiri ini semoga untuk pembeli berikutnya cacat pada pakaian ini dapat diperbaiki atau tidak dijual kepada pembeli jadi tidak mengulangi lagi kesalahan yang sama terima kasih atas waktu perhatiannya,saku kiri kemeja nampak sobek jahit bolong jahit saku kemeja kiri moga beli cacat pakai baik jual beli ulang salah terima kasih waktu perhati,unknown,1,Tokopedia,Negative,Bentuk,Yes,Fashion,No
packing rapi barang lumayan,packing rapi barang lumayan,unknown,4,Tokopedia,Positive,Bentuk,No,Fashion,No
produk kurang baik dan rusak,produk rusak,unknown,1,Tokopedia,Negative,Lainnya,Yes,Elektronik,No
bagus banget gas torch flame gunnya dan penjualnya juga fast respon dan pengirimannya juga cepat produk original packaging bagus produk berfungsi dengan baik,bagus gas torch flame gun jual fast respon kirim cepat produk original packaging bagus produk fungsi,unknown,5,Tokopedia,Positive,Bentuk,No,Perabotan,No
packingnya rapi banget dan wrapnya tebal produk original dikasih bonus air diffuser thank you,packingnya rapi wrapnya tebal produk original kasih bonus air diffuser thank you,unknown,5,Tokopedia,Positive,Bentuk,No,Kesehatan & Kecantikan,No
bahannya adem lembut cocok dipakai dalam ruangan ber ac dan bisa terhindar dari gigitan nyamuk jadi rencana mau order warna lain lagi,bahan adem lembut cocok pakai ruang ber ac hindar gigit nyamuk rencana order warna,unknown,5,Tokopedia,Positive,Bentuk,No,Fashion,No
jahitannya rapi warnanya cantik bahannya lembut ukuran sesuai nyaman dipakai modelnya cantik bahannya adem,jahit rapi warna cantik bahan lembut ukur sesuai nyaman pakai model cantik bahan adem,unknown,4,Tokopedia,Positive,Bentuk,No,Fashion,No
barang tidak sesuai pesanan diminta gold malah d kirim warna putih dan merk lain,barang sesuai pesan gold kirim warna putih merk,unknown,1,Tokopedia,Negative,Bentuk,Yes,Otomotif,No
terlalu tipis sekali untuk harga segitu seperti sehelai kain jilbab segi empat tdk sesuai ekspektasi,tipis harga segitu hela kain jilbab segi sesuai ekspektasi,unknown,2,Tokopedia,Negative,Bentuk,No,Fashion,No
semoga lancar yah langganannnnn,moga lancar yah langganannnnn,unknown,5,Tokopedia,Positive,Lainnya,No,Hobi & Hiburan,No
ini juga sama krn pesannya barengan packing baik tp sbnernya bs suapaya aman di bubble wrap aja sedikit mungkin ya soalnya saya pake grab express klo di masukin ke kantong doang kyknya kurang aman aja tapi produk bagus ga ada kerusakan respon penjual cepat,pesan bareng packing sbnernya bs suapaya aman bubble wrap pake grab express masukin kantong doang kyknya aman produk bagus rusak respon jual cepat,unknown,4,Tokopedia,Positive,Bentuk,No,Elektronik,No
barang kaga di kirim buat yg belanja banyak lebih teliti karena barang pasti ada yg kaga di kirim item dari total belanja pelajaran buat saya karena gak teliti dan yg punya lapak juga gak ada solusi rugi 20k an gpp,barang kaga kirim belanja teliti barang kaga kirim item total belanja ajar teliti lapak solusi rugi 20k an gpp,unknown,1,Tokopedia,Negative,Bentuk,No,Otomotif,No
patah kaitannya gak bsa dipake deh,patah kait bsa dipake,unknown,3,Tokopedia,Neutral,Lainnya,No,Fashion,No
gak fungsi walau udah di charge seharian apes aja ini mah,fungsi charge hari apes mah,unknown,2,Tokopedia,Negative,Lainnya,No,F&B,No
kecewa kaca lampu yang kecil nya ga ad satu,kecewa kaca lampu ad,unknown,1,Tokopedia,Negative,Bentuk,Yes,Hobi & Hiburan,Yes
socket ujung kendor tidak ori,socket ujung kendor original,unknown,3,Tokopedia,Neutral,Bentuk,No,Elektronik,No
bagus sesuai deskripsi,bagus sesuai deskripsi,unknown,5,Tokopedia,Positive,Bentuk,No,Hobi & Hiburan,No
tidak ada talinya,tali,unknown,2,Tokopedia,Negative,Lainnya,No,Fashion,No
kurang sesuai dengan deskripsi yg katanya muat untuk tahun anak tahun aja kekecilan panjangnya juga bukan hanya,sesuai deskripsi muat tahun anak tahun kecil panjang,unknown,3,Tokopedia,Neutral,Bentuk,No,Fashion,No
fast response diproses dikirim langsung dikemas dengan baik rapi sangat aman pengiriman sangat cepat harga ekonomis murah pesanan lengkap sesuai kualitas produk sangat baik lentur melekat kuat trusted seller produk penjual sangat direkomendasikan terima kasih,fast response proses kirim kemas rapi aman kirim cepat harga ekonomis murah pesan lengkap sesuai kualitas produk lentur lekat kuat trusted seller produk jual rekomendasi terima kasih,unknown,5,Tokopedia,Positive,Bentuk,No,Perlengkapan Kantor,No
barang pesanan sampai cuma tidak sesuai dengan yg saya pesan komplain tidak ditanggapi dibales cuma sekedarnya di telp tidak diangkat di wa gak di bales dr pada lama nunggu balasan dr agan ini mending saya jual aja tu liquid br kali ini belanja di tokopedia nemu seller yg kyak begini gak2 lagi2 deh belanja disini percuma di deskripsi gede2 ditulis jgn sampai kurang isi keterangan soalnya bkl an di kasih random ehhh ini malah seller nya sendiri yg salah begitu minta maaf pun gak mending dikasih nic pesannya nic tp produk sama lah ini seller salah ngirim produk yg dipesan kalo saya siy kecewa berat belanja disini krn barang salah kirim taunya bakalan susah di retur saya juga lg liburan gara2 begini saya sibuk ngurusin beginian nunggu2 masalah ini cepat kelar sorry to say not recommended seller,barang pesan sesuai pesan komplain tanggap dibales dar telp angkat wa bales nunggu balas agan mending jual tu liquid br belanja tokopedia nemu seller kyak gak2 lagi2 belanja deskripsi gede2 tulis jgn isi terang bkl an kasih random ehhh seller salah maaf mending kasih nic pesan nic produk seller salah ngirim produk pes siy kecewa berat belanja barang salah kirim tau susah retur lg libur gara2 sibuk ngurusin nunggu2 cepat kelar sorry to say not recommended seller,unknown,1,Tokopedia,Negative,Bentuk,Yes,Lainnya,Yes
barang bagus dan respon cepat harga bersaing dengan yg lain,barang bagus respon cepat harga saing,unknown,5,Tokopedia,Positive,Harga,No,Elektronik,No
ini kok ga ada di stand hanger pesanan saya buat apa saya tambahin biaya,stand hanger pesan tambahin biaya,unknown,1,Tokopedia,Negative,Harga,No,Lainnya,No
mksh paket dah sampai dengan cepat bahannya bagus saya suka,mksh paket dah cepat bahan bagus suka,unknown,5,Tokopedia,Positive,Bentuk,No,Fashion,No
beli biji di telp sama toko ternyata barang gk ada n d tawarin ganti yang murah saya gak mau eh tetap dikirim among us yg bukan uv saya kan sudah bilang tidak mau rugi,beli biji telp toko barang tawarin ganti murah eh kirim among us uv bilang rugi,unknown,1,Tokopedia,Negative,Harga,No,Hobi & Hiburan,No
beberapa hari yg lalu saya pesan pcs bolt salmon tapi hanya dikirim bolt salmon dan nya tuna harga beda rupiahan sih tp bukan masalah beda rupiahnya cuma lebih ke kewajiban memberikan barang sesuai dgn yg dibeli konsumen aja biar konsumen ga rugi janji bakal dikirim salmon dipesanan kali ini tp tetep dikirim tuna klo barang kosong seharusnya konfirmasi bukan asal kirim aja ok makasih deh ka semoga konsumen lain ga mengalami seperti ini,pesan pcs bolt salmon kirim bolt salmon tuna harga beda rupiah beda rupiah wajib barang sesuai beli konsumen biar konsumen rugi janji kirim salmon pesan tetep kirim tuna barang kosong konfirmasi kirim oke makasih ka moga konsumen alami,unknown,1,Tokopedia,Negative,Harga,No,Perawatan Hewan,No
pengiriman lama banget parah,kirim parah,unknown,1,Tokopedia,Negative,Lainnya,Yes,Perlengkapan Kantor,No
aman untuk bayi trimakasih,aman bayi trimakasih,unknown,5,Tokopedia,Positive,Lainnya,No,Ibu & Bayi,No
senang banget ada home servicenya,senang home servicenya,unknown,5,Tokopedia,Positive,Lainnya,No,Otomotif,No
ok lah buku sesuai pesanan,oke buku sesuai pesan,unknown,4,Tokopedia,Positive,Bentuk,No,Hobi & Hiburan,No
over price dgn kualitas barang yg tidak kokoh dan melorot2 untuk seller ini saya review jujur ya jgn sembarangan bilang gak jujur harga anda sama kualitas gak sesuai yg gak jujur adalah anda sendiri yg membujuk saya via chat merubah review dengan iming2 free gift saya tolak krn itu membohongi diri saya sendiri berarti gak semua review itu asli mgkn sebagian bujukan seller untuk merubah review spy terlihat bagus pdhl mgkn kasusnya sama dengan saya kecewa dgn produk yg over price,over price kualitas barang kokoh melorot2 seller review jujur jgn sembarang bilang jujur harga kualitas sesuai jujur bujuk via chat rubah review iming2 free gift tolak bohong review asli mgkn bujuk seller rubah review spy bagus pdhl mgkn kasus kecewa produk over price,unknown,1,Tokopedia,Negative,Bentuk,Yes,F&B,Yes
waaah seneng bgt beli peralatan tulis di joyko lengkaaap barangnya bagus semua harga terjangkau sellernya fast respon anak2 happy top deh pokoknya,waaah neng beli alat tulis joyko lengkaaap barang bagus harga jangkau sellernya fast respon anak2 happy top pokok,unknown,5,Tokopedia,Positive,Harga,No,Perlengkapan Kantor,No
lama banget sampenya pas nyampe jamuran gini haduuh parah deh,sampenya pas jamur gin haduuh parah,unknown,1,Tokopedia,Negative,Bentuk,Yes,F&B,No
barang ga bisa dipake lampunya ga nyala dan sensornya rusak,barang dipake lampu nyala sensor rusak,unknown,1,Tokopedia,Negative,Lainnya,Yes,Elektronik,No
produk bagus ukuran pas original,produk bagus ukur pas original,unknown,5,Tokopedia,Positive,Bentuk,No,Ibu & Bayi,No
thankyou sesuai pesanan pengemasan jg cepat,thankyou sesuai pesan kemas cepat,unknown,5,Tokopedia,Positive,Bentuk,No,Ibu & Bayi,No
sudah sampai kak okey barangnya warna bagus kualitas bagus dan tidak berbau anti slip juga kayak nya thanks lah ya,kak okey barang warna bagus kualitas bagus bau anti slip thanks,unknown,5,Tokopedia,Positive,Bentuk,No,Perawatan Hewan,No
kemasan box bekas,kemas box bekas,unknown,1,Tokopedia,Negative,Bentuk,No,Lainnya,No
mousenya kurang responsif jd harus teken agak kuat,mousenya responsif jd teken kuat,unknown,1,Tokopedia,Negative,Bentuk,No,Elektronik,No
barangnya original ada garansi resmi kelengkapan sesuai kemasan disegel warna sesuai pesanan spesifikasi sesuai suara jernih berfungsi dengan baik barangnya mulus kamera tajam proses pesanan cepat packaging rapi packaging aman respon penjualnya top penjualnya ramah banget baterai awet,barang original garansi resmi lengkap sesuai kemas segel warna sesuai pesan spesifikasi sesuai suara jernih fungsi barang mulus kamera tajam proses pesan cepat packaging rapi packaging aman respon jual top jual ramah baterai awet,unknown,5,Tokopedia,Positive,Bentuk,No,Elektronik,No
bli cuma yang nyala jadi kecewa,bli nyala kecewa,unknown,3,Tokopedia,Neutral,Lainnya,No,Kerajinan & Pesta,No
biasa aja toko tak mau terima pembatalan hati2 order disini,toko terima batal hati2 order,unknown,2,Tokopedia,Negative,Lainnya,No,Hobi & Hiburan,No
material produk bagus ukuran produk sesuai,material produk bagus ukur produk sesuai,unknown,5,Tokopedia,Positive,Bentuk,No,F&B,No
proses pesanan cepat packaging aman packaging rapi,proses pesan cepat packaging aman packaging rapi,unknown,5,Tokopedia,Positive,Bentuk,No,Elektronik,No
heh bisa dagang gak looo gw udah bilang yah gw salah klik alamat kenapa lo malah tetep kirim barang kealamat gw yg salah lo kan udah jelas2 tolak order gue tarif ongkir 8rb dan gw atc ulang tarif ongkir 123rb kenapa lo tetep ngirim barang kelamat yang salah lo profesional dong udah barang gw nyasar gausah lo pura2 pk cancel barang kasih resi kalo emang barangnya tetep dikirim kealamat yg pertama gw sering belanja disini yah baru kali ini aja gue salah klik alamat tapi gw nyesel sama tanggepan lo,heh dagang looo bilang yah salah klik alamat tetep kirim barang alamat salah jelas2 tolak order tarif ongkos kirim 8rb atc ulang tarif ongkos kirim 123rb tetep ngirim barang kelamat salah profesional barang nyasar gausah pura2 pk cancel barang kasih resi barang tetep kirim alamat belanja yah salah klik alamat nyesel tanggepan,unknown,1,Tokopedia,Negative,Harga,No,Lainnya,No
barang datang dalam keadaan penyok,barang penyok,unknown,2,Tokopedia,Negative,Lainnya,No,F&B,No
keren bener2 cepet kirimnya ga sampe menit bayar langsung pesanan dalam perjalanan packaging juga rapih,keren bener2 cepet kirim menit bayar pesan jalan packaging rapih,unknown,5,Tokopedia,Positive,Bentuk,No,Elektronik,No
buku ini belum saya terima,buku terima,unknown,1,Tokopedia,Negative,Lainnya,No,Hobi & Hiburan,No
di keterangannya kuat jam eh baru aja jam juga belum udah redup para,terang kuat jam eh jam redup,unknown,1,Tokopedia,Negative,Bentuk,No,Elektronik,No
lamaaa bangettt respons nya,lamaaa bangettt respons,unknown,1,Tokopedia,Negative,Lainnya,No,Hobi & Hiburan,No
terima kasih barang sampai dan sesuai deskripsi,terima kasih barang sesuai deskripsi,unknown,5,Tokopedia,Positive,Bentuk,No,Hobi & Hiburan,No
packingnya rapi bagus barangnya pengiriman cepat sellernya responsive ok banget deh bakal pesen lagi makasih seller,packingnya rapi bagus barang kirim cepat sellernya responsive oke sen makasih seller,unknown,5,Tokopedia,Positive,Bentuk,No,Kesehatan & Kecantikan,No
pengiriman lambat sekali sangat mengecewakan ada pilihan pengiriman next day yg berarti pesanan akan sampai h setelah pembayaran dilakukan tapi baru sampai hari itupun karena berkali kali dikomplain melalui whatsapp dan kolom chat di tokopedia,kirim lambat kecewa pilih kirim next day pesan bayar itu kali komplain whatsapp kolom chat tokopedia,unknown,1,Tokopedia,Negative,Harga,Yes,Kesehatan & Kecantikan,No
barang sesuai deskripsipenjual ramah dan fast respon,barang sesuai deskripsipenjual ramah fast respon,unknown,5,Tokopedia,Positive,Bentuk,No,Fashion,No
bahan jelek panas tipis,bahan jelek panas tipis,unknown,3,Tokopedia,Neutral,Bentuk,No,Fashion,No
pengiriman cepat packing rapih buku masih tersegel dengan aman terimakasih banyak,kirim cepat packing rapih buku segel aman terimakasih,unknown,5,Tokopedia,Positive,Bentuk,No,Hobi & Hiburan,No
anti lengketnya ok hanya saja woknya sangat ringan kl masak yg sedikit pancinya bergeser2 hrs dipegang terus dan yg plg buat kecewa lapisan bawah wok langsung terkelupas pdhl wokny hanya bergeser sedikit krn sy sll masak sll sambil megang woknya smg anti lengketnya jg awet,anti lengket oke woknya ringan kl masak panci bergeser2 hrs pegang plg kecewa lapis wok kelupas pdhl wokny geser sll masak sll megang woknya smg anti lengket awet,unknown,3,Tokopedia,Neutral,Bentuk,No,F&B,No
gak rekomendasi untuk beli disini ada masalah tapi seller ga jawab pesan tadinya ga mau pakai fitur komplain tokped karena gw kira seller bakal mau tanggung jawab tapi sampai pesanan otomatis selesai belum juga ada balasan buat pelajaran aja buat yang lain beli barang kaya gacha kalau lagi ga beruntung bisa dapat barang jelek dan ga bisa dituker,rekomendasi beli seller pesan pakai fitur komplain tokped seller tanggung pesan otomatis selesai balas ajar beli barang kaya gacha untung barang jelek dituker,unknown,1,Tokopedia,Negative,Bentuk,Yes,Elektronik,No
barang datang bungkus plastik segel kantong kopi nya udh terbuka semua tidak ada aroma kopi sama sekali kecewa,barang bungkus plastik segel kantong kopi buka aroma kopi kecewa,unknown,1,Tokopedia,Negative,Bentuk,Yes,Otomotif,Yes
sebentar pakai sudah patah aku pikir besi ternyata plastik,sebentar pakai patah pikir besi plastik,unknown,1,Tokopedia,Negative,Bentuk,No,Elektronik,No
respon cepat barang dpt digunakan dengan baik,respon cepat barang,unknown,5,Tokopedia,Positive,Lainnya,No,Hobi & Hiburan,No
hati2 ternyata di foto display adalah varian yg ada bonus harga berbeda,hati2 foto display varian bonus harga beda,unknown,1,Tokopedia,Negative,Harga,Yes,Elektronik,No
jam nya mati tidak bisa di hidup kan sudah di tekan tombol on off komplain tidak ada respon tolong jgn jual jam mati rusak atau di cek dahulu sebelum di kirim,jam mati hidup tekan tombol on off komplain respon tolong jgn jual jam mati rusak cek kirim,unknown,1,Tokopedia,Negative,Lainnya,Yes,Fashion,No
minta yg biru di kasih toska,biru kasih toska,unknown,3,Tokopedia,Neutral,Lainnya,No,Fashion,No
pengiriman lambat polllllll ga pantes jadi official store,kirim lambat polllllll pantes official store,unknown,1,Tokopedia,Negative,Lainnya,No,Perlengkapan Kantor,No
makasiih krudung nya bagus istri saya sangat suka,makasiih krudung bagus istri suka,unknown,4,Tokopedia,Positive,Bentuk,No,Fashion,No
wangi nya sma skali gak enak kaya barang udh kadaluarsa di pake di mobil gak nympe hari smua yg masuk mobil ane komplain hadeh malah udh beli biji pula,wangi sma skali kaya barang kadaluarsa pake mobil nympe smua mobil ane komplain hadeh beli biji,unknown,1,Tokopedia,Negative,Rasa,Yes,Otomotif,No
packing sangat kacau hanya bubble wrap tipis sehingga koper rusak,packing kacau bubble wrap tipis koper rusak,unknown,2,Tokopedia,Negative,Bentuk,Yes,F&B,No
ukuran sesuai nyaman dipakai si kecil bahannya berkualitas proses pesanan cepat empuk buat jalan modelnya keren,ukur sesuai nyaman pakai si bahan kualitas proses pesan cepat empuk jalan model keren,unknown,5,Tokopedia,Positive,Bentuk,No,Fashion,No
barang diterima dalam kondisi rusak juga di alami beberapa pembeli lain complain di reject oleh seller tapi tokopedia menengahi dan bisa retur tapi sayangnya saya dalam situasi tidak mudah mengirim barang jadi apa boleh buat sangat tidak recommend beli di toko yang cenderung tidak amanah,barang terima kondisi rusak alami beli complain reject seller tokopedia tengah retur sayang situasi mudah kirim barang recommend beli toko cenderung amanah,unknown,1,Tokopedia,Negative,Lainnya,Yes,Elektronik,No
prosesnya dan sampainya lama eh datang2 bukunya penyok,proses sampai eh datang2 buku penyok,unknown,1,Tokopedia,Negative,Lainnya,No,Hobi & Hiburan,No
minta warna putih dikasih hijau seller banyak alasan babibu,warna putih kasih hijau seller alas babibu,unknown,1,Tokopedia,Negative,Bentuk,No,Perlengkapan Kantor,No
sudah diterima packingnya rapih tebal bungkusnya double buble warping jd aman isinya sellernya fast respon fast delivery positive job mksh buat agan sellernya dan abang kurir yg ramah,terima packingnya rapih tebal bungkus double buble warping jd aman isi sellernya fast respon fast delivery positive job mksh agan sellernya abang kurir ramah,unknown,5,Tokopedia,Positive,Bentuk,No,Elektronik,No
size kecil banget,size,unknown,1,Tokopedia,Negative,Bentuk,No,Perawatan Hewan,No
barang sesuai pesanan,barang sesuai pesan,unknown,5,Tokopedia,Positive,Bentuk,No,Kerajinan & Pesta,No
trima kasih szsdrum barang sdh sampai sukses terus szsdrum,trima kasih szsdrum barang sukses szsdrum,unknown,5,Tokopedia,Positive,Lainnya,No,Hobi & Hiburan,No
admin toko ini tdk punya sopan santun bukannya cari solusi msalah ini malah emosional dan hina pembeli gk pnya etika dan gk sekolah x,admin toko sopan santun cari solusi msalah emosional hina beli pnya etika sekolah,unknown,1,Tokopedia,Negative,Lainnya,No,Kerajinan & Pesta,No
kurang bagus bahannya,bagus bahan,unknown,3,Tokopedia,Neutral,Bentuk,No,Fashion,No
barangnya original packaging aman,barang original packaging aman,unknown,5,Tokopedia,Positive,Bentuk,No,Hobi & Hiburan,No
barang aman cuman pengiriman lama,barang aman cuman kirim,unknown,4,Tokopedia,Positive,Lainnya,No,Kesehatan & Kecantikan,No
ga dipacking dikirim pke boxnya gitu aja benyek parah isinya ky barang bekas jg bnyk bgt baretnya sama ada noda apaan gitu kaya gel2 jorok bgt,dipacking kirim pke boxnya gitu benyek parah isi ky barang bekas bnyk baret noda gitu kaya gel2 jorok,unknown,3,Tokopedia,Neutral,Bentuk,No,Elektronik,No
saya pesan 18kg yg bentuk ikan dikirim yg donat kucing pada mencret,pesan 18kg bentuk ikan kirim donat kucing mencret,unknown,1,Tokopedia,Negative,Bentuk,No,Perawatan Hewan,No
minta yg bentuk donat yang dateng ikan alhasil kucing tidak doyan mubazir deh tidak terpakai,bentuk donat dateng ikan alhasil kucing doyan mubazir pakai,unknown,1,Tokopedia,Negative,Bentuk,No,Perawatan Hewan,No
respons penjual lemot seperti ogah2an melayani bahan kaos mudah melar apalagi pakai mesin cuci,respons jual lot ogah2an layan bahan kaos mudah melar pakai mesin cuci,unknown,1,Tokopedia,Negative,Bentuk,No,Fashion,No
model lumayan kren tapi kecewa di batre senternya hnya bertahan skitar jam aja,model lumayan kren kecewa batre senter hnya tahan skitar jam,unknown,1,Tokopedia,Negative,Bentuk,Yes,Hobi & Hiburan,No
biasa disinfectant klo di nyalain api menyala yg ini tidak jd ragu,disinfectant nyalain api nyala jd ragu,unknown,2,Tokopedia,Negative,Lainnya,No,Perawatan Hewan,No
kualitas sangat bagus sekali sama seperti di foto pengiriman juga sangat cepat mantap lah pokoknya,kualitas bagus foto kirim cepat mantap pokok,unknown,5,Tokopedia,Positive,Bentuk,No,Hobi & Hiburan,No
bagi temen mending ga usah beli drone disini drone yang saya pakai baru dipakai hari terbangnya udah miring pas take off malah jungkir balik sendiri baling baling kadang mati kadang hidup chat ke penjual cuma diread dan ga direspon klo ada bintang mah udah tak kasi bintang ni toko ga niat jualan,temen mending beli drone drone pakai pakai terbang miring pas take off jungkir baling baling kadang mati kadang hidup chat jual diread direspon bintang mah kasi bintang ni toko niat jual,unknown,1,Tokopedia,Negative,Bentuk,Yes,Elektronik,No
baru di pakai dgn pemakaian prinegativei standar jam perhari hari sudah rusak mengecewakan mutu barangnya saya beli tinggal sisa satu lagi utk membuktikan kwalitas stik ini brp hari tahan,pakai pakai prinegativei standar jam hari rusak kecewa mutu barang beli tinggal sisa bukti kwalitas stik brp tahan,unknown,3,Tokopedia,Neutral,Bentuk,No,Elektronik,No
cepet kelupas br pake berapa jam doang padahal mnding revlon sklian terjamin bgs,cepet kelupas br pake jam doang mnding revlon sklian jamin bagus,unknown,1,Tokopedia,Negative,Bentuk,No,Kesehatan & Kecantikan,No
ukuran sesuai cuma agak tipis mgkn krn warna putih sesuai lah utk hrg segitu tq selller,ukur sesuai tipis mgkn warna putih sesuai hrg segitu tq selller,unknown,4,Tokopedia,Positive,Bentuk,No,Fashion,No
positive seller fast respon fast delivery rapih tidak cacat positive product diterima sesuai gambar serta deskripsi recommeded seller,positive seller fast respon fast delivery rapih cacat positive product terima sesuai gambar deskripsi recommeded seller,unknown,5,Tokopedia,Positive,Bentuk,No,Fashion,No
lumayan bagus isi banyak dan bahanny karet lentur banget pas banget di tangan,lumayan bagus isi bahanny karet lentur pas tangan,unknown,4,Tokopedia,Positive,Bentuk,No,Kesehatan & Kecantikan,No
celananya sudah dicuci dan dipake ma anakku dan puas banget ma produknya walopun harganya murah tapi tetep oke koq produknya jahitannya juga rapi bahannya memang random dan ga bisa milih tapi masih sepadan banget ma harganya pengirimannya juga cukup cepat thanks seller,celana cuci dipake ma anak puas ma produk walopun harga murah tetep oke koq produk jahit rapi bahan random milih padan ma harga kirim cepat thanks seller,unknown,5,Tokopedia,Positive,Bentuk,No,Fashion,No
gak guna dibeli aplikasi semua gabisa moka cashlez semua gabisa dulu beli apa juga ga connect no recomended harga mahal support jelek,beli aplikasi gabisa moka cashlez gabisa beli connect no recomended harga mahal support jelek,unknown,1,Tokopedia,Negative,Harga,No,Elektronik,No
pengiriman cepat packaging nya okeee banget isinya sesuai ga gampang macet pas dipakai pokonya bagusss bangettt terima kasih joyko,kirim cepat packaging okeee isi sesuai gampang macet pas pakai poko bagusss bangettt terima kasih joyko,unknown,5,Tokopedia,Positive,Bentuk,No,Perlengkapan Kantor,No
suka bngt bner2 kepake ga sia2 beli,suka bngt bner2 kepake sia2 beli,unknown,5,Tokopedia,Positive,Lainnya,No,Perawatan Hewan,No
tulisannya 64gb tapi isinya cuma 8gb disuruh di cek kagak di cek cape dweh,tulis 64gb isi 8gb suruh cek kagak cek cape dweh,unknown,1,Tokopedia,Negative,Lainnya,No,Elektronik,No
masker sudah sampai sesuai pesanan packing baik sukses selalu kak makasih,masker sesuai pesan packing sukses kak makasih,unknown,5,Tokopedia,Positive,Bentuk,No,Kesehatan & Kecantikan,No
puas bgt sama toko ini responnya full cepet bgt pelayanannya juga diatas standart,puas toko responnya full cepet layan atas standart,unknown,5,Tokopedia,Positive,Bentuk,No,Otomotif,No
pesan model love yg dtang mickey anak we jdi ngamuk di cat ktanya ready yg love klo ga ada bilang,pesan model love dtang mickey anak we jdi ngamuk cat ktanya ready love bilang,unknown,1,Tokopedia,Negative,Bentuk,No,Hobi & Hiburan,No
suka dengan bardi ini membantu banget matiin beberapa alat pas jam nya tidur dan hidup di pagi hari dirumah sudah pakai beberapa alat bardi seperti cctv di akses nya sangat mudah walau diluar rumah keren,suka bardi bantu matiin alat pas jam tidur hidup pagi rumah pakai alat bardi cctv akses mudah luar rumah keren,unknown,5,Tokopedia,Positive,Bentuk,No,Perabotan,No
bukunya penyok diujung atas kebuka dikit plastiknya pas nyampe,buku penyok ujung buka dikit plastik pas,unknown,4,Tokopedia,Positive,Bentuk,No,Hobi & Hiburan,No
sebenernya barangnya ok tapi pengirimannya lama banget pesan tgl masa sampainya tgl,sebenernya barang oke kirim pesan tgl sampai tgl,unknown,5,Tokopedia,Positive,Lainnya,No,Kesehatan & Kecantikan,No
produk nya ok kaca bersih karet nya ok kain pembersih nya ok jg bersihin kaca walopun di awal sudah dipasang,produk oke kaca bersih karet oke kain bersih oke bersihin kaca walopun pasang,unknown,5,Tokopedia,Positive,Bentuk,No,Elektronik,No
cover buku gak bagus lem nya kualitas buruk sehingga cover dengan bukunya lepas kualitas tulisan seperti fotokopi tidak rekomended untuk beli di sini,cover buku bagus lem kualitas buruk cover buku lepas kualitas tulis fotokopi rekomended beli,unknown,1,Tokopedia,Negative,Bentuk,Yes,Hobi & Hiburan,No
pengiriman cepat packaging rapi produk sesuai pesanan kualitas produk sesuai harga,kirim cepat packaging rapi produk sesuai pesan kualitas produk sesuai harga,unknown,5,Tokopedia,Positive,Bentuk,No,Fashion,No
jualan kok ngotottt nggak laku toko nya bang,jual ngotottt toko bang,unknown,1,Tokopedia,Negative,Lainnya,No,Hobi & Hiburan,No
pengiriman sangat teramat lama sampai sangat mengecewakan,kirim amat kecewa,unknown,1,Tokopedia,Negative,Lainnya,Yes,F&B,No
barang diterima dengan baik tapi sayang baterenya uda soak,barang terima sayang baterenya uda soak,unknown,3,Tokopedia,Neutral,Lainnya,No,Elektronik,No
ga efek buang duit mending beli parfum smprot biasa,efek buang duit mending beli parfum smprot,unknown,1,Tokopedia,Negative,Lainnya,No,Kesehatan & Kecantikan,No
beli banyak macam barang tapi produk ini tidak dikirimkan,beli barang produk kirim,unknown,1,Tokopedia,Negative,Lainnya,No,Perlengkapan Kantor,No
gk nyalah parah,nyalah parah,unknown,2,Tokopedia,Negative,Lainnya,Yes,Hobi & Hiburan,No
tetap kecewa barang yang sampai ke kostumer sudah bocor walau alasannya rusak di ekpedisinya ckck,kecewa barang kostumer bocor alas rusak ekpedisinya ckck,unknown,1,Tokopedia,Negative,Lainnya,Yes,Perawatan Hewan,Yes
produk berfungsi dengan baik,produk fungsi,unknown,4,Tokopedia,Positive,Lainnya,No,F&B,No
barang bagus berfungsi dengan baik seler ramah pengiriman cepat,barang bagus fungsi seler ramah kirim cepat,unknown,5,Tokopedia,Positive,Bentuk,No,Elektronik,No
saya kecewa bahan nya panas warna yg di kirim juga kurang menarik,kecewa bahan panas warna kirim tarik,unknown,2,Tokopedia,Negative,Bentuk,Yes,Fashion,Yes
baik packing aman pengiriman cepat,packing aman kirim cepat,unknown,5,Tokopedia,Positive,Lainnya,No,Ibu & Bayi,No
kenapa tombol kananny gerak sendiri gk bisa balik ke kiri seperti lengket gitu mau ngirim videony tpi gk bisa,tombol kananny gerak kiri lengket gitu ngirim videony,unknown,2,Tokopedia,Negative,Lainnya,No,Elektronik,No
mantap nih kartu murah bagus kualitas nya gak nyesel,mantap kartu murah bagus kualitas nyesel,unknown,5,Tokopedia,Positive,Bentuk,No,Hobi & Hiburan,No
mantap gan barang mendarat dengan mulus kartu oke pemerannya lengkap juga ada buku panduan ama buku catetan buat moderator makasih gan,mantap gan barang darat mulus kartu oke per lengkap buku pandu ama buku catetan moderator makasih gan,unknown,5,Tokopedia,Positive,Rasa,No,Hobi & Hiburan,No
pesanan sy tidak sampai ke rumah sy sesuai alamatnya,pesan rumah sesuai alamat,unknown,1,Tokopedia,Negative,Bentuk,Yes,F&B,No
ada harga ada kualitas maaf terlalu rentan bahan nya ga bisa dipasang ring perasan nya,harga kualitas maaf rentan bahan pasang ring peras,unknown,2,Tokopedia,Negative,Bentuk,No,Perabotan,No
produk sesuai dengan foto,produk sesuai foto,unknown,4,Tokopedia,Positive,Bentuk,No,Fashion,No
sy pesan yg gold tengah tp yg datang putih barang gak sesuai kecewa,pesan gold tengah putih barang sesuai kecewa,unknown,1,Tokopedia,Negative,Bentuk,Yes,Perabotan,No
beli pcs pcs tidak berfungsi barang disegel service dan pernah bongkaran komplain dipusat resolusi tidak dtanggapi,beli pcs pcs fungsi barang segel service bongkar komplain pusat resolusi dtanggapi,unknown,1,Tokopedia,Negative,Lainnya,Yes,Elektronik,No
barang sesuai deskripsi,barang sesuai deskripsi,unknown,4,Tokopedia,Positive,Bentuk,No,Hobi & Hiburan,No
beli dateng nya malah pas di buka udah exited banget jadi negativemood tenyata cuman,beli dateng pas buka exited negativemood tenyata cuman,unknown,1,Tokopedia,Negative,Bentuk,No,Elektronik,No
mantul dan recomanded,mantap recomanded,unknown,5,Tokopedia,Positive,Lainnya,No,Lainnya,No
ipad ketiga yang dibeli di seller ini dan selalu memuaskan bisa mengakomodir pembelian yang mendadak dan minta dikirim langsung besokannya highly recommended,ipad tiga beli seller muas mengakomodir beli dadak kirim besok highly recommended,unknown,5,Tokopedia,Positive,Lainnya,No,Elektronik,No
pesanan tdk sesuai minta biru diksh pink buat anak laki laki seller ngga bisa baca kayanya mengecewakan sekali brg juga ngga bagus bagus amat standar,pesan sesuai biru diksh pink anak laki laki seller baca kaya kecewa brg bagus bagus standar,unknown,2,Tokopedia,Negative,Bentuk,Yes,Ibu & Bayi,No
penipu ini penjual nano apanya basah becek sudah mahal,tipu jual nano apa basah becek mahal,unknown,1,Tokopedia,Negative,Harga,No,Perabotan,No
kondisi barang agak kotor sulit dibersihkan,kondisi barang kotor sulit bersih,unknown,2,Tokopedia,Negative,Bentuk,No,Perabotan,No
sangat tipis bisa di terawang bagusan leging ibu2 di pinggir jalan ini mah sangat tidak recommend over price nyesel bgt gw,tipis terawang bagus leging ibu2 pinggir jalan mah recommend over price nyesel,unknown,1,Tokopedia,Negative,Bentuk,No,Fashion,Yes
keren banget anak saya suka banget,keren anak suka,unknown,5,Tokopedia,Positive,Lainnya,No,Hobi & Hiburan,No
kualitas barang dibanding harga nya hanya so so lahh pelayanan minus sbgmn layaknya kesombongan seorang raja apalagi pengiriman barang seenak jidat macam tidak ada lagi produsen consumer goods lain di tata surya ini no wonder nilai valuasi perusahaan anda sudah turun lebih dari dalam tahun terakhir ini semoga makin jeblok dan gulung tikar kmdn pulang kampung semoga,kualitas barang banding harga so so lahh layan minus sbgmn layak sombong raja kirim barang enak jidat produsen consumer goods tata surya no wonder nilai valuasi usaha turun tahun moga jeblok gulung tikar kmdn pulang kampung moga,unknown,1,Tokopedia,Negative,Rasa,No,Kesehatan & Kecantikan,Yes
mantap dislorikin aja bro,mantap dislorikin bro,unknown,5,Tokopedia,Positive,Rasa,No,Lainnya,No
gk ada kotak sepatunya beli sepatu harus nya ada kotak ini malah plastik kresek doang,kotak sepatu beli sepatu kotak plastik kresek doang,unknown,1,Tokopedia,Negative,Bentuk,No,Fashion,No
bahannya kuat dan kokoh meski berat bebannya packingnya rapi ngga rusak atau cacat pengirimannya cepat barangnga original,bahan kuat kokoh berat beban packingnya rapi rusak cacat kirim cepat barangnga original,unknown,5,Tokopedia,Positive,Bentuk,No,Perabotan,No
tolong d perhatikan sblum d kirim pak order cream custard yg datang cream poundcake,tolong perhati sblum kirim order cream custard cream poundcake,unknown,1,Tokopedia,Negative,Lainnya,No,Lainnya,No
mantap sangat agresif proses cepat recommended,mantap agresif proses cepat recommended,unknown,5,Tokopedia,Positive,Rasa,No,Hobi & Hiburan,No
positive job respon cepat paket cepat sampai,positive job respon cepat paket cepat,unknown,5,Tokopedia,Positive,Lainnya,No,Fashion,No
tidak sesuai yang diharapkan volume tidak besar kencang,sesuai harap volume kencang,unknown,2,Tokopedia,Negative,Bentuk,Yes,Elektronik,No
enakkkk banget cryyyyy packaging oke tengkyu,enakkkk cryyyyy packaging oke tengkyu,unknown,5,Tokopedia,Positive,Rasa,No,F&B,No
dikirimnya cepat dan super duper rapih terima kasih,kirim cepat super duper rapih terima kasih,unknown,5,Tokopedia,Positive,Bentuk,No,Perawatan Hewan,No
produk tidak ori kw tidak bekerja dengan baik dikirim pgp tidak bekerja di hp saya lenovo n advan cuma jadi bangkai after sales buruk respon seller kurang no recommended,produk original palsu kirim pgp hp lenovo advan bangkai after sales buruk respon seller no recommended,unknown,1,Tokopedia,Negative,Bentuk,Yes,Elektronik,No
beli packing dus sama bubble tp dus ndak dikirim mohon diperhatikan kembali,beli packing dus bubble dus ndak kirim perhati,unknown,1,Tokopedia,Negative,Bentuk,No,Lainnya,No
bulu mata jadi lentik packaging rapi packaging aman proses pesanan cepat aplikator mudah dipakai,bulu lentik packaging rapi packaging aman proses pesan cepat aplikator mudah pakai,unknown,4,Tokopedia,Positive,Bentuk,No,Kesehatan & Kecantikan,No
gampang dipakai tekstur empuk,gampang pakai tekstur empuk,unknown,5,Tokopedia,Positive,Rasa,No,Ibu & Bayi,No
tolong di cek sebelum dikirim ya khususnya sd,tolong cek kirim sd,unknown,1,Tokopedia,Negative,Lainnya,No,Elektronik,No
agak kecewa karena ga sesuai ekspektasi gambar yg tangkainya begitu bening dan nampak kuat cuma yg bener ukuran skitar 38cm yg lainya sambungan,kecewa sesuai ekspektasi gambar tangkai bening nampak kuat bener ukur skitar 38cm lai sambung,unknown,2,Tokopedia,Negative,Bentuk,Yes,Kerajinan & Pesta,No
sellernya responsif banget semua pertanyaaan dijawab pengiriman sameday nyampenya juga sameday mantep rekomen deh ni tokonya,sellernya responsif pertanyaaan kirim sameday nyampenya sameday mantep rekomen ni toko,unknown,5,Tokopedia,Positive,Lainnya,No,Elektronik,No
barang jelek mudah hancur dipakai ngebor langsung rontok mata bor nya kaya nya cuma dri besi biasa l sesuai harga,barang jelek mudah hancur pakai ngebor rontok bor kaya dri besi sesuai harga,unknown,1,Tokopedia,Negative,Bentuk,Yes,Perabotan,No
pesannya cappucino datengnya ungu tua aduuhhhh jauh bngat baru pertama kali belanja udah mengecewakan,pesan cappucino datengnya ungu tua aduuhhhh bngat belanja kecewa,unknown,1,Tokopedia,Negative,Lainnya,Yes,Fashion,No
bagus suka udah x pesen di sini ketagihan bahan alus,bagus suka sen tagih bahan alus,unknown,5,Tokopedia,Positive,Bentuk,No,Kesehatan & Kecantikan,No
sangat cepat responnya sangat banyak membantu terimakasih banyak,cepat responnya bantu terimakasih,unknown,5,Tokopedia,Positive,Lainnya,No,Hobi & Hiburan,No
ancur dah pelayanannya gausah kesini dah kalo gak mau kapok,ancur dah layan gausah kesini dah kapok,unknown,1,Tokopedia,Negative,Lainnya,No,Lainnya,No
baru pakai di resleting depan langsung rusak gambar bagian belakang kotor,pakai resleting rusak gambar kotor,unknown,1,Tokopedia,Negative,Bentuk,Yes,Fashion,No
maaf barangnya kurang bagus filternya di pakai 1x udh lepas kecewa,maaf barang bagus filter pakai 1x lepas kecewa,unknown,1,Tokopedia,Negative,Bentuk,Yes,Otomotif,No
zooonk produk ini tdk ada dlm paket yg sy order kecewa sm toko ini,zooonk produk dlm paket order kecewa sm toko,unknown,1,Tokopedia,Negative,Lainnya,Yes,Kesehatan & Kecantikan,Yes
kecewa udah beli gaada wangiwanginya cuman bau alcohol aja yang keluar,kecewa beli gaada wangiwanginya cuman bau alcohol,unknown,1,Tokopedia,Negative,Rasa,Yes,Kesehatan & Kecantikan,Yes
sellernya sombong dan gak sopan,sellernya sombong sopan,unknown,1,Tokopedia,Negative,Lainnya,No,Perlengkapan Kantor,No
tipis agak kaku jadi dipakai kurang nyaman,tipis kaku pakai nyaman,unknown,3,Tokopedia,Neutral,Bentuk,No,Kesehatan & Kecantikan,No
pembelian kedua seller seperti biasa responsif pengemasan barang sangat baik dengan bubble wrap dan menggunakan kotak lagi kualitas kimchi segar dan enak overall good job,beli seller responsif kemas barang bubble wrap kotak kualitas kimchi segar overall good job,unknown,5,Tokopedia,Positive,Rasa,No,F&B,No
barang tidak ada komplain tidak direspon pelajaran buat yg beli disini cek hati2 saat datang,barang komplain direspon ajar beli cek hati2,unknown,1,Tokopedia,Negative,Lainnya,Yes,Hobi & Hiburan,No
barangnya bagus cuman agak berdebu aja,barang bagus cuman debu,unknown,5,Tokopedia,Positive,Bentuk,No,Kesehatan & Kecantikan,No
kualitas produk bagus butuh waktu agak lama untuk ngecharge berhubung lampunya kecil jadi cahayanya ga semerata kalau pakai ringlight tapi cukup okay karena ringkes dan bisa di bawa kemana saja,kualitas produk bagus butuh waktu ngecharge hubung lampu cahaya rata pakai ringlight okay ringkes bawa mana,unknown,5,Tokopedia,Positive,Bentuk,No,Elektronik,No
gimana ini ya saya beli celana dalam hitam grey pink kok ukuran nya beda beda yang pink paling gede grey kecil banget,gimana beli celana hitam grey pink ukur beda beda pink gede grey,unknown,2,Tokopedia,Negative,Bentuk,No,Fashion,No
yang dipesen putih yang dateng kuning admin udah pastiin yang dianter putih tapi nipu tetep yang dateng kuning min mending jujur bilang stok kosong daripada barang diganti yang beda jenis,sen putih dateng kuning admin pastiin anter putih nipu tetep dateng kuning min mending jujur bilang stok kosong barang ganti beda jenis,unknown,1,Tokopedia,Negative,Bentuk,No,Otomotif,No
kecewa sih potongannya gak rapi ukurannya beda beda ada yg lebih besar lebih kecil wtf dgn harga segitu harusnya kualitas uda bagus gak worth setipis kartu remi bagusnya dikemasan doang kemasannya oke menarik tp yg paling penting kan isinya pak 75k wtf gak ikhlas,kecewa potong rapi ukur beda beda wtf harga segitu kualitas uda bagus worth setip kartu remi bagus kemas doang kemas oke tarik isi 75k wtf ikhlas,unknown,1,Tokopedia,Negative,Bentuk,Yes,Hobi & Hiburan,Yes
bagus buat harga 35rb an bahan lumayan halus tidak kaku tidak terlalu tipis tidak menerawang sepertinya nyaman dipakai,bagus harga 35rb an bahan lumayan halus kaku tipis terawang nyaman pakai,unknown,5,Tokopedia,Positive,Bentuk,No,Fashion,No
respon cepat dan ramah recommended,respon cepat ramah recommended,unknown,5,Tokopedia,Positive,Lainnya,No,Hobi & Hiburan,No
payungnya bagus tapi warnanya seharusnya yg ungu tapi yg dtg pink btw terima kasih buat hadiah pembelian pertamanya kualitas product bagus recomended material bagus,payung bagus warna ungu dtg pink btw terima kasih hadiah beli pertama kualitas product bagus recomended material bagus,unknown,5,Tokopedia,Positive,Bentuk,No,Perabotan,No
pesanan tidak sesuai barang yang dipesan adalah merk gm bear warna putih tapi yang dikirim merk buck warna hitam saya sangat kecewa,pesan sesuai barang pes merk gm bear warna putih kirim merk buck warna hitam kecewa,unknown,1,Tokopedia,Negative,Bentuk,Yes,F&B,No
barang tidak sesuai,barang sesuai,unknown,2,Tokopedia,Negative,Bentuk,Yes,Kesehatan & Kecantikan,No
packing rapih barang ori berkualitas harga murah,packing rapih barang original kualitas harga murah,unknown,5,Tokopedia,Positive,Bentuk,No,Perlengkapan Kantor,No
akhirnya kesampaian juga punya mp3 player terima kasih sudah menyediakan produk ini sangat mudah di gunakan,mp3 player terima kasih sedia produk mudah,unknown,5,Tokopedia,Positive,Lainnya,No,Elektronik,No
mantap enak buat sit up,mantap sit up,unknown,5,Tokopedia,Positive,Rasa,No,Hobi & Hiburan,No
yg dateng gambarnya ga sesuai,dateng gambar sesuai,unknown,3,Tokopedia,Neutral,Bentuk,No,Fashion,No
salah kirim produk admin lama banget balesnya proses retur gak jelas,salah kirim produk admin balesnya proses retur,unknown,1,Tokopedia,Negative,Lainnya,Yes,Perlengkapan Kantor,No
ga sesuai datang cahaya putih padahal minta cahaya yg hijau,sesuai cahaya putih cahaya hijau,unknown,1,Tokopedia,Negative,Bentuk,No,Otomotif,No
mantap banget barangnya sesuai deskripsi harga juga murah pengemasan aman bgt pake dus sama wrap next time order lagi sukses terus lapaknya gan,mantap barang sesuai deskripsi harga murah kemas aman pake dus wrap next time order sukses lapak gan,unknown,5,Tokopedia,Positive,Bentuk,No,Kesehatan & Kecantikan,No
matras nya ada sobek,matras sobek,unknown,1,Tokopedia,Negative,Lainnya,No,Hobi & Hiburan,No
miniboxnya sih ok lampu led berfungsi dan menyala semua tapi kabel usbnya bengkok jadi ga bisa masuk ke kepala charger jadi tidak bisa berfungsi dengan baik jadi saya pakai kabel charger hp saya komplain dengan maksud tinggal kirim saja kabelnya tapi ini malah minta bukti unboxing lah memang saya youtuber hrs ada video unboxing klo belanja online fyi ya kemasan dari ekspedi baik tidak ada rusak klo masalah didalemnya bengkok ya saya gak tau,miniboxnya oke lampu led fungsi nyala kabel usbnya bengkok kepala charger fungsi pakai kabel charger hp komplain tinggal kirim kabel bukti unboxing youtuber hrs video unboxing belanja online fyi kemas ekspedi rusak dalem bengkok tau,unknown,1,Tokopedia,Negative,Bentuk,Yes,Elektronik,No
dichat katanya warna biru ready wktu order jg sdh dikasih keterangan warana biru tp knp yg dikirim malah warna hitam tapi ya sudahlah sy terima saja,dichat warna biru ready wktu order kasih terang warana biru knp kirim warna hitam terima,unknown,2,Tokopedia,Negative,Bentuk,No,Hobi & Hiburan,No
kualitas bahan sangat baik produk original berfungsi dengan baik,kualitas bahan produk original fungsi,unknown,5,Tokopedia,Positive,Bentuk,No,Otomotif,No
ukuran fit dipakai nyaman dipakai jaketnya stylish packaging aman proses pesanan cepat keren modelnya,ukur fit pakai nyaman pakai jaket stylish packaging aman proses pesan cepat keren model,unknown,5,Tokopedia,Positive,Bentuk,No,Fashion,No
luarbiasaaa udh 2x beli di toko ini penjualnya ngerti kebutuhan sy butuh urgent hari minggu tetap dihandle pdhl hrsnya libur dan pake sameday tp nyampenya ekspress dari jaksel bekasi puji tuhan thanks so much seller dan kurir sameday gbu,luarbiasaaa 2x beli toko jual ngerti butuh butuh urgent minggu dihandle pdhl hrsnya libur pake sameday nyampenya ekspress jaksel bekas puji tuhan thanks so much seller kurir sameday gbu,unknown,5,Tokopedia,Positive,Lainnya,No,Elektronik,No
peasanan cpt smp kemasanya rapi brangnya bagus,peasanan cpt smp masa rapi brangnya bagus,unknown,5,Tokopedia,Positive,Bentuk,No,Fashion,No
barang datang sesuai pesanan dan gambar di etalase juga penjelasan penjual puass aman untuk bayi,barang sesuai pesan gambar etalase jelas jual puass aman bayi,unknown,5,Tokopedia,Positive,Bentuk,No,Ibu & Bayi,No
alat tidak berfungsi sdh dipasang sesuai instruksi tdk bs dipakai dan tidak ada api yg terpantik keluar hanya liquid gas,alat fungsi pasang sesuai instruksi bs pakai api pantik liquid gas,unknown,1,Tokopedia,Negative,Bentuk,Yes,Perabotan,No
saya dimarahin emak saya barangnya kurang,dimarahin emak barang,unknown,1,Tokopedia,Negative,Lainnya,No,Kesehatan & Kecantikan,No
mantap harga dan kualitas sebanding lebih worth it daripada battery ori nya btw padahal beda durasi battery ny cm beda belasan menit tp harganya beda ratusan ribu mending pake battery powerextra tp beli banyak,mantap harga kualitas banding worth it battery original btw beda durasi battery cm beda bas menit harga beda ratus ribu mending pake battery powerextra beli,unknown,5,Tokopedia,Positive,Harga,No,Elektronik,No
mantap proses dan pengiriman sangat cepat pokonya puas dah gitu aja,mantap proses kirim cepat poko puas dah gitu,unknown,5,Tokopedia,Positive,Rasa,No,Perawatan Hewan,No
mantap mudah2 an awet ya barangnya sesuai gambar packingnya aman produk sesuai deskripsi,mantap mudah2 an awet barang sesuai gambar packingnya aman produk sesuai deskripsi,unknown,5,Tokopedia,Positive,Bentuk,No,Elektronik,No
barang berfungsi dengan baik rekomended,barang fungsi rekomended,unknown,5,Tokopedia,Positive,Lainnya,No,Hobi & Hiburan,No
2nd purchase selalu amaze sm cara mrk packing tebellllll n rapihhhh bngt bubble wrap nyaaaa,2nd purchase amaze sm mrk packing tebellllll rapihhhh bngt bubble wrap nyaaaa,unknown,5,Tokopedia,Positive,Bentuk,No,Perawatan Hewan,No
barang saya terima dgn baik dan benar dan tepat waktu,barang terima waktu,unknown,5,Tokopedia,Positive,Lainnya,No,Kerajinan & Pesta,No
produk sesuai deskripsi semua fitur berfungsi baik walopun packing sederhana n kreseknya jebol karna but over all barang berfungsi dengan baik thx recomended seller,produk sesuai deskripsi fitur fungsi walopun packing sederhana kreseknya jebol karna but over all barang fungsi thx recomended seller,unknown,5,Tokopedia,Positive,Bentuk,No,Elektronik,No
barang datang dalam kondisi rusak parah lcd pecah,barang kondisi rusak parah lcd pecah,unknown,1,Tokopedia,Negative,Lainnya,Yes,Perlengkapan Kantor,No
sangat sangat kecewa belanja ditoko ini hati hatilah belanja ditoko,kecewa belanja toko hati hati belanja toko,unknown,1,Tokopedia,Negative,Lainnya,Yes,Otomotif,No
kabel nya kurang bagus buat ngecas nymbung masuk keluar lagi,kabel bagus ngecas nymbung,unknown,2,Tokopedia,Negative,Bentuk,No,Elektronik,No
paket sdh sy terima belum dicoba smg anak sy suka semoga berfungsi dan awet makasih ya kak,paket terima coba smg anak suka moga fungsi awet makasih kak,unknown,4,Tokopedia,Positive,Bentuk,No,Elektronik,No
paketnya datang cuman bungkusnya doang barangnya sudah nda ada,paket cuman bungkus doang barang nda,unknown,1,Tokopedia,Negative,Lainnya,No,Kerajinan & Pesta,No
beli tgl pesanan selesai tgl dan mouse rusak tgl gak bisa komplain dari toped lagi admin ditanyain gmna cara klaim garansi sangat tidak membantu chat hari ini bales besok da dibales gk di jawab2 lagi,beli tgl pesan selesai tgl mouse rusak tgl komplain toped admin ditanyain gmna klaim garansi bantu chat bales besok da dibales jawab2,unknown,1,Tokopedia,Negative,Lainnya,Yes,Elektronik,Yes
udah berkali kali dibilangin kalo yg packing bukan seller tapi tim tokopedia karena ini event bts photocard tapi jujur kecewa aja sih pas dateng paketnya begitu udah chat mas mas kurirnya dan bilang kalo emang dia cuma ngambil aja udah rusak kondisinya itu bener bener kayak bukan kardus tapi cuma potongan kardus yg disatuin dan direkatkan dan saya juga ga dapet pc jimin padahal bayar jam tapi diverifikasi jam segitu sedih kecewa jujur,kali dibilangin packing seller tim tokopedia event bts photocard jujur kecewa pas dateng paket chat mas mas kurir bilang ngambil rusak kondisi bener bener kardus potong kardus disatuin rekat pc jimin bayar jam verifikasi jam segitu sedih kecewa jujur,unknown,1,Tokopedia,Negative,Harga,Yes,Kesehatan & Kecantikan,No
sampai rumah pas bungkus paket dibuka semua bungkus kertas sudah terbuka kertas2 banyak yg rusak dan kotor sangat tidak recommended,rumah pas bungkus paket buka bungkus kertas buka kertas2 rusak kotor recommended,unknown,1,Tokopedia,Negative,Bentuk,Yes,Perlengkapan Kantor,No
kecewa sama barangnya suara yang di keluarin ga bisa gede padahal udah paling maksimal,kecewa barang suara keluarin gede maksimal,unknown,1,Tokopedia,Negative,Bentuk,Yes,Hobi & Hiburan,Yes
produk sangat baik dan pengemasan rapi,produk kemas rapi,unknown,5,Tokopedia,Positive,Bentuk,No,Kerajinan & Pesta,No
best value for money buat keliling eropa minggu ongkosnya cuma segini,best value for money keliling eropa minggu ongkos gin,unknown,5,Tokopedia,Positive,Lainnya,No,Hobi & Hiburan,No
mantap barangnya next order lagi barangnya original,mantap barang next order barang original,unknown,5,Tokopedia,Positive,Rasa,No,Kesehatan & Kecantikan,No
produk original harga murah packing bagus dan pengiriman cepat,produk original harga murah packing bagus kirim cepat,unknown,5,Tokopedia,Positive,Harga,No,Ibu & Bayi,No
barang ga sampai tp pesanan sudah diselesaikan karena otomatis,barang pesan selesai otomatis,unknown,1,Tokopedia,Negative,Lainnya,Yes,Kesehatan & Kecantikan,No
barang sudah sampai tapi tidak sesuai sample,barang sesuai sample,unknown,2,Tokopedia,Negative,Bentuk,Yes,Fashion,No
barang sudah sampai sesuai dengan pesanan recommended,barang sesuai pesan recommended,unknown,5,Tokopedia,Positive,Bentuk,No,Fashion,No
toko yang tidak rekomended pelayanan pengiriman tidak sesuai kenyataan yg tertulis di deskripsi dan terdapat barang yg kurang malah tidak di kirim lebih memilih kembalikan dana pembeli,toko rekomended layan kirim sesuai nyata tulis deskripsi barang kirim pilih kembali dana beli,unknown,1,Tokopedia,Negative,Bentuk,Yes,Hobi & Hiburan,No
barangnya yg dikirim tidak sesuai dg pesanan saya pesan tas stitch dan pink minnie tp yg dikirim tas minion kedua duanya,barang kirim sesuai dg pesan pesan tas stitch pink minnie kirim tas minion dua,unknown,1,Tokopedia,Negative,Bentuk,Yes,Fashion,No
jangan beli di toko ini udah etikat baik ngasih penjelasan colokan mic di soundcard nya gak berfungsi tapi pesan yg berkali cuma di read gak ad tanggapan bener mbak atau mas tolong jualan yg amanah transaksi jualbeli akan berkah dan sah kalo sama saling menguntungkan saya bener2 gak ikhlas gak akan berkah jualan anda mksh,beli toko etikat ngasih jelas colok mic soundcard fungsi pesan kali read ad tanggap bener mbak mas tolong jual amanah transaksi jualbeli berkah sah untung bener2 ikhlas berkah jual mksh,unknown,1,Tokopedia,Negative,Bentuk,Yes,Hobi & Hiburan,No
proses pesanan dan pengiriman barang cukup cepat produk sesuai deskripsi seller responsif sukses dan tetap jaga protokol kesehatan ya seller terima kasih,proses pesan kirim barang cepat produk sesuai deskripsi seller responsif sukses jaga protokol sehat seller terima kasih,unknown,5,Tokopedia,Positive,Bentuk,No,Elektronik,No
packing supeeerr rapi dan aman sampai rumah thank you seller semakin lancar usahanya,packing supeeerr rapi aman rumah thank you seller lancar usaha,unknown,5,Tokopedia,Positive,Bentuk,No,Ibu & Bayi,No
kartu nya lengkap packing baik model terbaru ready stock,kartu lengkap packing model baru ready stock,unknown,5,Tokopedia,Positive,Bentuk,No,Hobi & Hiburan,No
enaaaak bakal order lagi,enaaaak order,unknown,5,Tokopedia,Positive,Lainnya,No,F&B,No
barang ga pernah sampe katanya dikirim nyusul tapi ditanya no resi ga dikasih2,barang kirim nyusul no resi dikasih2,unknown,1,Tokopedia,Negative,Lainnya,No,Elektronik,No
kecewa sama tokonya,kecewa toko,unknown,1,Tokopedia,Negative,Bentuk,Yes,Hobi & Hiburan,Yes
pengepakannya kurang saveti sehingga barang di terima dalam keadaan rusak pecah dan retak jd tidak mungkin bisa terpakai,epak saveti barang terima rusak pecah retak jd pakai,unknown,1,Tokopedia,Negative,Lainnya,Yes,Perabotan,No
barang tidak diterima sampai sekarang order dari bulan mei skrg sudah agustus,barang terima order mei skrg agustus,unknown,1,Tokopedia,Negative,Lainnya,No,F&B,No
barang nya bagus kain elastis mantap,barang bagus kain elastis mantap,unknown,4,Tokopedia,Positive,Bentuk,No,Fashion,No
pembelian kedua sayang kabel ga sesuai jadi beli kabel dulu tapi produk masih ok berfungsi dengan baik terima kasih,beli sayang kabel sesuai beli kabel produk oke fungsi terima kasih,unknown,4,Tokopedia,Positive,Bentuk,No,Elektronik,No
mengecewakan tidak sesuai diskripsi panjangnya ternyata 30cm di diskripsi 40cm pesan ps semuanya panjangnya cm ajuin komplain malah rugi di ongkir sial deh,kecewa sesuai skripsi panjang 30cm skripsi 40cm pesan ps panjang cm ajuin komplain rugi ongkos kirim sial,unknown,1,Tokopedia,Negative,Bentuk,Yes,Hobi & Hiburan,No
bagus bangett makasii dpt hadiah dr tokpedddddtidak menerawang ukuran sesuai ringan dipakai warnanya bagus bahan menyerap keringat jahitannya rapi,bagus bangett makasii hadiah tokpedddddtidak terawang ukur sesuai ringan pakai warna bagus bahan serap keringat jahit rapi,unknown,5,Tokopedia,Positive,Bentuk,No,Fashion,No
celana yang datang tidak sesuai dengan gambar di gambar motif kotak kotak yang datang polosan semua,celana sesuai gambar gambar motif kotak kotak polos,unknown,1,Tokopedia,Negative,Bentuk,Yes,Fashion,No
saya kira bukunya gede ternyata kecil selain kecil tidak tebal juga untuk packing lebih di tingkatkan lagi karena bukunya ujungnya basah selebihnya termasuk respons bagus,buku gede tebal packing tingkat buku ujung basah lebih respons bagus,unknown,3,Tokopedia,Neutral,Bentuk,No,Hobi & Hiburan,No
baru pesan brg tdk sampai menit kemudian mengajukan pembatalan malah ditolak padahal sy ingin memesan ulang krn salah menggunakan metode pembayaran pelayanan jelek sekali,pesan brg menit aju batal tolak mes ulang salah metode bayar layan jelek,unknown,1,Tokopedia,Negative,Harga,Yes,Kesehatan & Kecantikan,No
mantabbbb barang bagus dan berkuslitass topp dahhh,mantabbbb barang bagus berkuslitass topp dahhh,unknown,5,Tokopedia,Positive,Bentuk,No,Kerajinan & Pesta,No
warnanya tidak sesuai,warna sesuai,unknown,2,Tokopedia,Negative,Bentuk,Yes,Fashion,No
barang sampah kecewa belanja disini modbo rusak kok dikirim,barang sampah kecewa belanja modbo rusak kirim,unknown,1,Tokopedia,Negative,Lainnya,Yes,Elektronik,Yes
produknya ok sangat bermanfaat utk mrnjaga dan merawat kebersihan anabul sudah langganan beli terimakasih seller,produk oke manfaat mrnjaga rawat bersih anabul langgan beli terimakasih seller,unknown,5,Tokopedia,Positive,Lainnya,No,Perawatan Hewan,No
terima kasih banyak produk bagus selalu,terima kasih produk bagus,unknown,5,Tokopedia,Positive,Bentuk,No,Perlengkapan Kantor,No
kemahalan dilihat dr barangnya kecil dan tidak kokoh,mahal barang kokoh,unknown,2,Tokopedia,Negative,Harga,No,F&B,No
trm ksh brgnya sdh smp pengiriman cepat kmrn pesan hari ini sampai double bubblewrap penjual responsif dlm qa kurir oke lah via cod,trm ksh brgnya smp kirim cepat kmrn pesan double bubblewrap jual responsif dlm qa kurir oke via bayar tempat,unknown,5,Tokopedia,Positive,Lainnya,No,Elektronik,No
mantab barangnya sesuai dengan pesanan dan cepat sampai,mantab barang sesuai pesan cepat,unknown,5,Tokopedia,Positive,Bentuk,No,Lainnya,No
barang yang dikirim beda dengan di gambar yang dikirim merek tumpah gk jelas ditanya dapat kuas malah jawab yang lain hati2 tukang tipu gk niat jualan,barang kirim beda gambar kirim merek tumpah kuas hati2 tukang tipu niat jual,unknown,1,Tokopedia,Negative,Lainnya,Yes,Lainnya,No
barang nya kw lengket sangat lemah beda dengan 3m ori,barang palsu lengket lemah beda 3m original,unknown,1,Tokopedia,Negative,Bentuk,No,Perlengkapan Kantor,No
terbaik sihhh iniii pesanan ny superr cpt sampe nya d proses ny cpt bgtttt br psen hr itu bsk ny ud sampe lagi pengemasan amann bgt juga ya thx seller kurir,baik sihhh iniii pesan superr cpt proses cpt bgtttt br psen hr bsk ud kemas amann thx seller kurir,unknown,5,Tokopedia,Positive,Lainnya,No,F&B,No
sudah kesekian kali saya belanja produk atalon sangat puas pengirima cepat produk original bahannya pun nyaman di pakai pokoknya recommended buat pecinta olahraga lari dll produk original dijamin termurah nyaman dipakai,sekian belanja produk atalon puas pengirima cepat produk original bahan nyaman pakai pokok recommended cinta olahraga lari dll produk original jamin murah nyaman pakai,unknown,5,Tokopedia,Positive,Bentuk,No,Hobi & Hiburan,No
terimakasih banyak kak pengiriman cepatt,terimakasih kak kirim cepatt,unknown,5,Tokopedia,Positive,Lainnya,No,Fashion,No
asli samsung pelayanan sangat baik,asli samsung layan,unknown,5,Tokopedia,Positive,Bentuk,No,Elektronik,No
aduh parah deh kualitasnya respons konfirmasi order sampe hari paa barang datang baru jg dipakai jam masa bolong pas bagian miss v nya ckckckc kecewa banget trus bahannya jg nerawang alias tipis dan pengait bagian perutnya jg gmpang lepas hadeuh kapok beli produk mamas choice deh,aduh parah kualitas respons konfirmasi order paa barang pakai jam bolong pas miss ckckckc kecewa trus bahan nerawang alias tipis kait perut gmpang lepas hadeuh kapok beli produk mamas choice,unknown,1,Tokopedia,Negative,Bentuk,Yes,Ibu & Bayi,Yes
maaf saya kasih bintang karena penilaian saya tergantung efektifitas produk yg saya beli ini gada efek sama sekali udh smpe hbis saya pakainya,maaf kasih bintang nilai gantung efektifitas produk beli gada efek smpe hbis pakai,unknown,1,Tokopedia,Negative,Bentuk,No,Perawatan Hewan,No
celana nya nyaman tapi kalo bisa sakunya ada kiri dan kanan agar balance kalo simpan sesuatu di saku tks sukses maju terus,celana nyaman saku kiri kanan balance simpan saku tks sukses maju,unknown,4,Tokopedia,Positive,Bentuk,No,Fashion,No
bawahannya ada bolong pengen retur tapi sayang ongkirnya buat kirim balik ke tokonya jauh di tasikmalaya tolong sebelum kirim di cek dulu kualitasnya biar ga gini,bawah bolong ken retur sayang ongkirnya kirim toko tasikmalaya tolong kirim cek kualitas biar gin,unknown,2,Tokopedia,Negative,Harga,Yes,Fashion,No
ya utk harga 100an lumayan worth cuma rgb kanan dan kiri ga selaras sih sama ada deflect gara gara pengiriman mungkin,harga 100an lumayan worth rgb kanan kiri selaras deflect gara gara kirim,unknown,3,Tokopedia,Neutral,Harga,No,Elektronik,No
sesuai dengan harga lumayan lah lebih kencang dari speaker hp,sesuai harga lumayan kencang speaker hp,unknown,4,Tokopedia,Positive,Harga,No,Elektronik,No
jelek banget mic nya gak nyala kabel cuman cm akhirnya cuma dipake bando nya doang dan mic pake lavalier yang ada,jelek mic nyala kabel cuman cm dipake bando doang mic pake lavalier,unknown,1,Tokopedia,Negative,Bentuk,No,Hobi & Hiburan,No
istri saya suka sekali motif hewannya bagus tidak terlihat seperti sablon murahan katanya pakai singlet aja gausah pake baju juga terlihat bagus packing rapi pengiriman cepat,istri suka motif hewan bagus sablon murah pakai singlet gausah pake baju bagus packing rapi kirim cepat,unknown,5,Tokopedia,Positive,Bentuk,No,Fashion,No
bau makanan tidak nyaman dan rasa tidak enak,bau makan nyaman,unknown,1,Tokopedia,Negative,Rasa,No,F&B,No
yg dipesan kerah tinggi yg dtg pendek biasa,pes kerah tinggi dtg pendek,unknown,1,Tokopedia,Negative,Bentuk,No,Fashion,No
saya tidak pernah dikecewakan oleh toko ini pokoknya untuk urusan videografi dan fotografi saya senang belanja di sini,kecewa toko pokok urus videografi fotografi senang belanja,unknown,5,Tokopedia,Positive,Lainnya,No,Elektronik,No
pembelian kesekian kalinya puas packing aman kuat dan kokoh,beli sekian kali puas packing aman kuat kokoh,unknown,5,Tokopedia,Positive,Bentuk,No,Hobi & Hiburan,No
packaging rapi proses pesanan cepat packaging aman gampang dibawa bawa,packaging rapi proses pesan cepat packaging aman gampang bawa bawa,unknown,5,Tokopedia,Positive,Bentuk,No,Kesehatan & Kecantikan,No
diphoto ada penjepit buka tutup pas dikirim nggak ada,diphoto jepit buka tutup pas kirim,unknown,1,Tokopedia,Negative,Bentuk,No,Kerajinan & Pesta,No
pengiriman sangat lama diluar estimasi yg tercantum,kirim luar estimasi cantum,unknown,1,Tokopedia,Negative,Lainnya,No,Elektronik,No
pengiriman lamaaaaaaaaaaaaa ditanya dulu baru sadar,kirim lamaaaaaaaaaaaaa sadar,unknown,3,Tokopedia,Neutral,Lainnya,No,Hobi & Hiburan,No
kameranya jelek banget di deskripsi katanya bisa walkie talkie ternyata ga bs response penjual sangat lambat ga dapet sim card malah di ganti kaos kaki,kamera jelek deskripsi walkie talkie bs response jual lambat sim card ganti kaos kaki,unknown,2,Tokopedia,Negative,Bentuk,No,Fashion,No
barang kurang mulus beli dua dua duanya ada sobekan di bantal bagian belakang,barang mulus beli dua sobek bantal,unknown,2,Tokopedia,Negative,Lainnya,No,Perabotan,No
barang baru diterima dicoba ternyata sudah rusak masak nasi tidak panas setelah dibawa ke service center ternyata heating element nya yang rusak dan harus nunggu service minggu dan tidak bisa ganti baru padahal barang baru datang dicoba sudah rusak sekarang kondisi belum megang rice cookernya masih nunggu diservice repot juga service adanya diluar kota,barang terima coba rusak masak nasi panas bawa service center heating element rusak nunggu service minggu ganti barang coba rusak kondisi megang rice cookernya nunggu diservice repot service luar kota,unknown,1,Tokopedia,Negative,Lainnya,Yes,Elektronik,No
barang bagus sesuai harapan pouchnya mantap cukup bagus service seller ok buanget terima kasih barang sesuai iklan,barang bagus sesuai harap pouchnya mantap bagus service seller oke buanget terima kasih barang sesuai iklan,unknown,5,Tokopedia,Positive,Bentuk,No,Hobi & Hiburan,No
proses cepat jahitan rapih,proses cepat jahit rapih,unknown,5,Tokopedia,Positive,Bentuk,No,Fashion,No
barang tidak sesuai deskripsi,barang sesuai deskripsi,unknown,1,Tokopedia,Negative,Bentuk,Yes,Otomotif,No
seller tidak bertanggung jawab,seller tanggung,unknown,1,Tokopedia,Negative,Lainnya,No,Kesehatan & Kecantikan,No
kirim celananya ga sesuai ukuran,kirim celana sesuai ukur,unknown,1,Tokopedia,Negative,Bentuk,No,Fashion,No
sesuai pesanan tidak ada yg rusak,sesuai pesan rusak,unknown,4,Tokopedia,Positive,Bentuk,No,Hobi & Hiburan,No
barang sesuai build qualitynya cukup oke respon seller jg cepat overall selalu puas belanja disini thx,barang sesuai build qualitynya oke respon seller cepat overall puas belanja thx,unknown,5,Tokopedia,Positive,Bentuk,No,Elektronik,No
mantap pastelnya ini pemesanan utk yg kesekian kalinya selalu langganan n puas sm rasanya penjualnya jg ramah banget rekomend pokoknya,mantap pastel mesan sekian kali langgan puas sm jual ramah rekomend pokok,unknown,5,Tokopedia,Positive,Rasa,No,F&B,No
beli ezviz c6n dan sudah terpasang dua duanya mudah untuk dipasang sendiri dan di setting sendiri barang original gambar cukup jelas pan and tilt sangat membantu untuk menemukan sudut pandang yang optimal untuk memantau terima kasih seller,beli ezviz c6n pasang dua mudah pasang setting barang original gambar pan and tilt bantu temu sudut pandang optimal pantau terima kasih seller,unknown,5,Tokopedia,Positive,Bentuk,No,Elektronik,No
bukunya sesuai pengiriman cepat namun diletakkan begitu saja di lantai tanpa pemberitahuan komunikasi dari kurir jika barang mau diletakkan dititipkan ada defect minor pada buku tolong tingkatkan lagi kualitas packaging dan koordinasi dengan kurir,buku sesuai kirim cepat letak lantai pemberitahuan komunikasi kurir barang letak titip defect minor buku tolong tingkat kualitas packaging koordinasi kurir,unknown,3,Tokopedia,Neutral,Bentuk,No,Hobi & Hiburan,No
mantaaaaap sesuai dengan g di gambar nya jujur dan amanah seler nya ngak nyesel belanja di toko ini pokok nya mantaaaaap deh,mantaaaaap sesuai gambar jujur amanah seler ngak nyesel belanja toko pokok mantaaaaap,unknown,5,Tokopedia,Positive,Bentuk,No,Hobi & Hiburan,No
agak tipis tapi ok lha,tipis oke lha,unknown,4,Tokopedia,Positive,Bentuk,No,Fashion,No
toko alat ukur dan repeater memang oke nih layanannya responsif dan cepat kirim dengan aman produk drone fpv s89 lumayan untuk santai bermain camera di udara perlu fine tuning aja untuk posisi stabil karena bobot ringan waspada kalo tiupan angin mulai berisik drone tello gw sebelumnya lenyap kebawa angin kencang di perbukitan sibea bea bulan lalu enjoy playing this cheap drone thank you boss,toko alat ukur repeater oke layan responsif cepat kirim aman produk drone fpv s89 lumayan santai main camera udara fine tuning posisi stabil bobot ringan waspada tiup angin berisik drone tello lenyap bawa angin kencang bukit sibea bea enjoy playing this cheap drone thank you boss,unknown,5,Tokopedia,Positive,Bentuk,No,Elektronik,No
bubble wrap tebal original kualitas baru dan baik,bubble wrap tebal original kualitas,unknown,5,Tokopedia,Positive,Bentuk,No,Hobi & Hiburan,No
ya cukup puas makasih,puas makasih,unknown,5,Tokopedia,Positive,Lainnya,No,Hobi & Hiburan,No
yg black metalic produk jelek disemprot 3x sudah mampet tidak bisa digunakan,black metalic produk jelek semprot 3x mampet,unknown,1,Tokopedia,Negative,Bentuk,No,Perabotan,No
bahan berkualitas ukuran sesuai warnanya sesuai potongannya rapi modelnya keren bahan menyerap keringat,bahan kualitas ukur sesuai warna sesuai potong rapi model keren bahan serap keringat,unknown,5,Tokopedia,Positive,Bentuk,No,Fashion,No
barang sesuai deskripsi cepat sampai,barang sesuai deskripsi cepat,unknown,5,Tokopedia,Positive,Bentuk,No,Kesehatan & Kecantikan,No
hasil memuaskan bahan sesuai deskripsi dan pengerjaan cepat was wes wus,hasil muas bahan sesuai deskripsi kerja cepat was wes wus,unknown,5,Tokopedia,Positive,Bentuk,No,Lainnya,No
official store produknya cuman d bungkus plastik sebercanda itu tokopedia lolosin ini toko jadi official store,official store produk cuman bungkus plastik canda tokopedia lolosin toko official store,unknown,1,Tokopedia,Negative,Bentuk,No,Ibu & Bayi,No
produk murah sampai dengan selamat dan wrapnya tebel biar bintang yg bicara,produk murah selamat wrapnya tebel biar bintang bicara,unknown,5,Tokopedia,Positive,Harga,No,Lainnya,No
kardus bekas pk bayar,kardus bekas pk bayar,unknown,1,Tokopedia,Negative,Harga,No,Lainnya,No
pelayanan amat sangan gak oke,layan sangan oke,unknown,3,Tokopedia,Neutral,Lainnya,No,Fashion,No
kecepatan tdk sesuai dgn deskripsi,cepat sesuai deskripsi,unknown,1,Tokopedia,Negative,Bentuk,No,Elektronik,Yes
masyaallah bagus payung nya untuk pertama kali gunain tokopedia langsung beli payung ditoko ini tidak mengecewakan pokok nya barang nya masyaallah bagus,masyaallah bagus payung gunain tokopedia beli payung toko kecewa pokok barang masyaallah bagus,unknown,4,Tokopedia,Positive,Bentuk,No,Perabotan,No
pesanan sebelumnya barang diterima keadaan baik tapi pesanan sekarang kemasan sudah robek dan bolong,pesan barang terima pesan kemas robek bolong,unknown,1,Tokopedia,Negative,Bentuk,No,Perawatan Hewan,No
proses pesanan cepat packaging rapi,proses pesan cepat packaging rapi,unknown,4,Tokopedia,Positive,Bentuk,No,Elektronik,No
saya pesan imboost kids syrup tp yg dikirim tablet hisap pengiriman juga sangat lama very negative service,pesan imboost kids syrup kirim tablet hisap kirim very negative service,unknown,1,Tokopedia,Negative,Lainnya,No,Kesehatan & Kecantikan,No
saya udah pesen tp gak ada ini emg kesalahan saya pas mesen atau gimana udah bayar box tp gak ada box kan sedih boleh diulas bosku,sen emg salah pas mesen gimana bayar box box sedih ulas bos,unknown,1,Tokopedia,Negative,Harga,No,Lainnya,No
produk sesuai ekspektasi dan pengiriman barang cepat pokoknya recommended dah,produk sesuai ekspektasi kirim barang cepat pokok recommended dah,unknown,5,Tokopedia,Positive,Bentuk,No,Fashion,No
aduk ka kenapa ya makin ke sini pengiriman barang nya makin jelek barang banyak yg keriput kusut rusak tolong dong ke depannya di perbaiki,aduk ka kirim barang jelek barang keriput kusut rusak tolong depan baik,unknown,2,Tokopedia,Negative,Bentuk,Yes,Elektronik,No
barang yang dikirimkan tidak sesuai dengan orderan saya ditanya pihak maxim tidak ada balasan sama sekali hanya dibaca saja dari pihak tokopedia pun sudah dikomplain malah transaksinya selesai dan dananya diteruska ke maxim lalu barang saya yang kurang bagaimana tokopedia bilang dichat saja pintar sekali jawabannya sudah saya komplain kalo penjual tidak merespon bobrok sekali sistemnya,barang kirim sesuai order maxim balas baca tokopedia komplain transaksi selesai dana diteruska maxim barang tokopedia bilang dichat pintar jawab komplain jual merespon bobrok sistem,unknown,1,Tokopedia,Negative,Bentuk,Yes,F&B,No
mantep bgt pokoknya bagus bola nya warna warni dan gak ada yang penyok bagus deh anak saya suka,mantep pokok bagus bola warna warni penyok bagus anak suka,unknown,5,Tokopedia,Positive,Bentuk,No,Hobi & Hiburan,No
packaging sangat buruk sekali gan penyok dan isolasi sebagian sudah terbuka seperti habis dibongkar,packaging buruk gan penyok isolasi buka habis bongkar,unknown,2,Tokopedia,Negative,Bentuk,Yes,Kesehatan & Kecantikan,No
produk mantap sesuai deskripsi dan foto seller garcep tokopedia terbaik mampir mampir ke lapak kita juga ya gaes untuk produk bagus dengan harga spesial lainnya,produk mantap sesuai deskripsi foto seller garcep tokopedia baik mampir mampir lapak gaes produk bagus harga spesial,unknown,5,Tokopedia,Positive,Bentuk,No,Kesehatan & Kecantikan,No
sesuai pesanan kualitas barang sesuai dengan harga terima kasih,sesuai pesan kualitas barang sesuai harga terima kasih,unknown,4,Tokopedia,Positive,Bentuk,No,Hobi & Hiburan,No
pertama pake normal baru menit volume suka kecil sendiri liat riview disini jg banyak masalah barangnya nasib barang promo,pake normal menit volume suka liat riview barang nasib barang promo,unknown,2,Tokopedia,Negative,Harga,No,Elektronik,Yes
pengiriman cepat dan packing sangat rapi walau hanya beli item saja rekom bgt gaes,kirim cepat packing rapi beli item rekom gaes,unknown,5,Tokopedia,Positive,Bentuk,No,Elektronik,No
penggunaan dan fungsi tdk bagus,fungsi bagus,unknown,1,Tokopedia,Negative,Bentuk,No,Otomotif,No
respon cepat barang sesuai pesanan,respon cepat barang sesuai pesan,unknown,5,Tokopedia,Positive,Bentuk,No,Fashion,No
tipis bener terakhir beli ga setipis ini,tipis bener beli setip,unknown,2,Tokopedia,Negative,Bentuk,No,Kesehatan & Kecantikan,No
oke barang ny lumayan sesuai dgn harga,oke barang lumayan sesuai harga,unknown,4,Tokopedia,Positive,Harga,No,Kesehatan & Kecantikan,No
agak cacat dikit spongenya kirain pas nyampe bener2 mulus gak ada cacat nya,cacat dikit spongenya kirain pas bener2 mulus cacat,unknown,3,Tokopedia,Neutral,Bentuk,No,Kesehatan & Kecantikan,No
jangan samain packing kura sama ikan,samain packing kura ikan,unknown,1,Tokopedia,Negative,Bentuk,No,Perawatan Hewan,No
barang tidak sesuai gambar payah,barang sesuai gambar payah,unknown,2,Tokopedia,Negative,Bentuk,Yes,F&B,No
buahnya bagus kurirnya ok sellernya juga ok,buah bagus kurir oke sellernya oke,unknown,5,Tokopedia,Positive,Bentuk,No,F&B,No
packaging rapi shg lilin datang tetap utuh response penjual cpt,packaging rapi shg lilin utuh response jual cpt,unknown,5,Tokopedia,Positive,Bentuk,No,Kerajinan & Pesta,No
kecewa dan sangat kecewa pertama belanja sdh salah belanja ke dua berharap ada perubahan tp ttp salah,kecewa kecewa belanja salah belanja harap ubah ttp salah,unknown,1,Tokopedia,Negative,Bentuk,Yes,Perlengkapan Kantor,Yes
warnanya ga sesuai photo di deskripsi warna sepatu di deskripsi aga crem yang dateng abu2x gelap,warna sesuai photo deskripsi warna sepatu deskripsi aga crem dateng abu2x gelap,unknown,2,Tokopedia,Negative,Bentuk,No,Fashion,No
mantap barangnya sesuai bagus makasih min,mantap barang sesuai bagus makasih min,unknown,5,Tokopedia,Positive,Bentuk,No,Lainnya,No
rasanya gak spt biasanya pembelian yg ke ini asin kebangetan udah gitu packingannya cuma dibuble wrap tdk diberi dos spt biasanya sehingga kripiknya banyak yg hancur,spt beli asin banget gitu packingannya dibuble wrap dos spt kripiknya hancur,unknown,1,Tokopedia,Negative,Rasa,Yes,F&B,No
warna nya cantik tp potongannya ga rapi jd sperti barang reject gtu maaf ya tp sy ga puas sih dg barang ini,warna cantik potong rapi jd sperti barang reject gtu maaf puas dg barang,unknown,3,Tokopedia,Neutral,Bentuk,No,Fashion,No
saya minat membeli disini karena ada konfirm game ultraman evolution dengan jawaban ada donk setelah barang sampai ternyata tidak ada sungguh mengecewakan terima kasih hati hati kalo konfirmasi kelengkapan barang tidak semua pembeli fokus ke ps2 nya perhatikan permintaan game nya,minat beli konfirm game ultraman evolution donk barang sungguh kecewa terima kasih hati hati konfirmasi lengkap barang beli fokus ps2 perhati minta game,unknown,1,Tokopedia,Negative,Lainnya,Yes,Elektronik,No
bagus bgt seller baikbgt minta tolong kirim hari ini karena buru2 buat kado lgsg dikirim dan hasil cetak fotonya jg bagusbgt,bagus seller baikbgt tolong kirim buru2 kado lgsg kirim hasil cetak foto bagusbgt,unknown,5,Tokopedia,Positive,Bentuk,No,Elektronik,No
barang sesuai pesanan,barang sesuai pesan,unknown,5,Tokopedia,Positive,Bentuk,No,Fashion,No
mungkin pada saat pengiriman alangkah baiknya kalau di bungkus kardus dr lembar lembar bolong semoga kedepan lebih baik lg,kirim alangkah baik bungkus kardus lembar lembar bolong moga depan lg,unknown,1,Tokopedia,Negative,Lainnya,No,Lainnya,No
aroma nya tipis sekali,aroma tipis,unknown,1,Tokopedia,Negative,Rasa,No,Kesehatan & Kecantikan,No
barang sesuai gambar dan original penjual responsif barang cepat sampai,barang sesuai gambar original jual responsif barang cepat,unknown,5,Tokopedia,Positive,Bentuk,No,Kesehatan & Kecantikan,No
bahan bukan katun asli,bahan katun asli,unknown,2,Tokopedia,Negative,Bentuk,No,Fashion,No
barangnya sesuai dgn yg ditawarkan bagus,barang sesuai tawar bagus,unknown,5,Tokopedia,Positive,Bentuk,No,Fashion,No
kecewa sih padahal beli mau buat dikasih orang tapi malah ga dapet boxnya sebelumnya pernah beli diario x nagita slavina juga tapi dapet box kirain beli pas sale di tokopedia akan dapat boxnya juga ternyata malah ga dapet,kecewa beli kasih boxnya beli diario nagita slavina box kirain beli pas sale tokopedia boxnya,unknown,3,Tokopedia,Neutral,Bentuk,No,Fashion,No
nyaman bagus ini udah turun size dari l yg kmren beli yg size l mamaku yg pake nyaman jg katanya thanks mamaway,nyaman bagus turun size kmren beli size mama pake nyaman thanks mamaway,unknown,5,Tokopedia,Positive,Bentuk,No,Ibu & Bayi,No
barangnya sudah ga enak lagi udah beda rasanya,barang beda,unknown,1,Tokopedia,Negative,Rasa,No,F&B,No
jos mantap udah saya tes nya normal semua tinggal coba hasil suaranya aja moga suaranya juga tanpa kendala,jos mantap tes normal tinggal coba hasil suara moga suara kendala,unknown,5,Tokopedia,Positive,Rasa,No,Elektronik,No
kualitas mantap pengiriman sangat cepat luar biasa,kualitas mantap kirim cepat,unknown,5,Tokopedia,Positive,Rasa,No,Kerajinan & Pesta,No
barang bagus gambar sama aslinya sesuai,barang bagus gambar asli sesuai,unknown,5,Tokopedia,Positive,Bentuk,No,F&B,No
saya sangat kecewa dengan attitude dan respon penjual di awal confirm standbook warna putih tetapi saat kedatangan warna hitam saat di tanyakan slow response sangat berbeda sekali saat sebelum pembelian yaitu bisa fast response dan tidak ada bahasa maaf sama sekali hati hati beli di toko ini sakit hati dengan attitude dan tidak beretika sama sekali ga rekomendasi,kecewa attitude respon jual confirm standbook warna putih datang warna hitam slow response beda beli fast response bahasa maaf hati hati beli toko sakit hati attitude etika rekomendasi,unknown,1,Tokopedia,Negative,Bentuk,Yes,Hobi & Hiburan,No
bukunya bagus bgt semoga anakku suka pengemasannya rapi dan cepat meskipun ada yg lecet dikit tp seller mau bertanggung jwb dengan ksh diskon respon sellernya ramah sekali thanks yaa,buku bagus moga anak suka emas rapi cepat lecet dikit seller tanggung jwb ksh diskon respon sellernya ramah thanks yaa,unknown,5,Tokopedia,Positive,Bentuk,No,Hobi & Hiburan,No
kualitas bahan mantap dijamin termurah berfungsi dengan baik,kualitas bahan mantap jamin murah fungsi,unknown,5,Tokopedia,Positive,Bentuk,No,Hobi & Hiburan,No
paket tlh diterima dgn keadaan baik kemasan rapi dan rajin terima kasih semoga sukses,paket tlh terima kemas rapi rajin terima kasih moga sukses,unknown,5,Tokopedia,Positive,Bentuk,No,Perabotan,No
warna tdk sesuai dg yg diinginkan,warna sesuai dg,unknown,2,Tokopedia,Negative,Bentuk,No,Kesehatan & Kecantikan,No
dlm ordernya sdh sy tambah bubble wrap rp tp dikirimnya tanpa bubble lagian ordernya pagi2 n minta spy dikirimnya lbh cepat instant ternyata tibanya jam 16an,dlm order bubble wrap rp kirim bubble order pagi2 spy kirim lbh cepat instant tiba jam 16an,unknown,1,Tokopedia,Negative,Lainnya,No,Elektronik,No
ngirim barang kurang teliti,ngirim barang teliti,unknown,1,Tokopedia,Negative,Lainnya,No,Perabotan,No
bahannya ga enak,bahan,unknown,2,Tokopedia,Negative,Rasa,No,Fashion,No
pelayanan top bgt exp lama stp beli maling slalu ke toko ini the best seller,layan top exp stp beli maling slalu toko the best seller,unknown,5,Tokopedia,Positive,Lainnya,No,F&B,No
brang dtg warna nya sesuai pesanan tp karatan dan kotor,brang dtg warna sesuai pesan karat kotor,unknown,2,Tokopedia,Negative,Bentuk,No,Fashion,No
mur sama bautnya kurang dan penjual pertama bilang akan respon setelah 7hari setelah minggu masih aja ga ada solusi disuruh kirim balik bagian jemuran padahal yang kurang cuma mur sama baut dibikin ribet akhirnya itu bagian bawah ga bisa dipake kurang profesional penanganannya,mur baut jual bilang respon 7hari minggu solusi suruh kirim jemur mur baut bikin ribet dipake profesional tangan,unknown,1,Tokopedia,Negative,Rasa,No,Perabotan,No
mantap sesuai deskripsi dan gambar,mantap sesuai deskripsi gambar,unknown,5,Tokopedia,Positive,Bentuk,No,Hobi & Hiburan,No
tidak sesuai gambar janggan percaya ama seller ini penipu kualitas jelek,sesuai gambar janggan percaya ama seller tipu kualitas jelek,unknown,1,Tokopedia,Negative,Bentuk,Yes,Elektronik,No
barang yg sampai tidak sesuai pesanan,barang sesuai pesan,unknown,3,Tokopedia,Neutral,Bentuk,No,Kesehatan & Kecantikan,No
udah sampenya lama bgd semingguan trs pas barangnya di coba malah patah sialan kan,sampenya bgd minggu trs pas barang coba patah sial,unknown,1,Tokopedia,Negative,Bentuk,No,Hobi & Hiburan,No
sesuai dengan harga dan yg paling penting pelayanan cepat bagi saya yg dropshiper sangat terbantu terima kasih ka,sesuai harga layan cepat dropshiper bantu terima kasih ka,unknown,5,Tokopedia,Positive,Harga,No,Elektronik,No
packingnya kurang banget ujung2nya pd lecet jumlah lengkap sesuai order,packingnya ujung2nya lecet lengkap sesuai order,unknown,3,Tokopedia,Neutral,Bentuk,No,Elektronik,No
barang tidak diterima tidak ada yang bertanggung jawab pertama kali belanja di sini langsung dikecewain,barang terima tanggung belanja dikecewain,unknown,1,Tokopedia,Negative,Lainnya,Yes,F&B,Yes
dengan harga segitu lumayan bagus suka,harga segitu lumayan bagus suka,unknown,4,Tokopedia,Positive,Harga,No,Fashion,No
product tidak bisa spray sudah di kocok berkali kali tidak bisa dipakai tidak recomended kecewa,product spray kocok kali pakai recomended kecewa,unknown,1,Tokopedia,Negative,Lainnya,Yes,Otomotif,No
alhamdulillah barang diterima dlm keadaan baik cuma lecet dikit tpi gak ngaruh dianter pakai mobil juga rekomended warna sesuai harga terjangkau,alhamdulillah barang terima dlm lecet dikit ngaruh anter pakai mobil rekomended warna sesuai harga jangkau,unknown,5,Tokopedia,Positive,Harga,No,Perabotan,No
spray tdk sesuai gambar semprotannya spt mainan pistol anak2 aja,spray sesuai gambar semprot spt main pistol anak2,unknown,1,Tokopedia,Negative,Bentuk,No,Perabotan,No
slalu beli di official shop ga pernah kecewa makasi seller,slalu beli official shop kecewa makas seller,unknown,5,Tokopedia,Positive,Lainnya,No,Kesehatan & Kecantikan,No
dateng2 udah robek bungkusnya kertas kotor udah wanti2 ke penjualnya pdhal biar ga kayak gini eh tetep aja begini bingung,dateng2 robek bungkus kertas kotor wanti2 jual pdhal biar gin eh tetep bingung,unknown,1,Tokopedia,Negative,Bentuk,No,Perlengkapan Kantor,No
barang nya rusak yah ada harga ada kualitas,barang rusak yah harga kualitas,unknown,1,Tokopedia,Negative,Harga,Yes,Hobi & Hiburan,No
belanja ke dua kalinya barang ori packing super aman mantap gan,belanja kali barang original packing super aman mantap gan,unknown,5,Tokopedia,Positive,Rasa,No,Kesehatan & Kecantikan,No
barang tidak ok,barang oke,unknown,1,Tokopedia,Negative,Lainnya,No,Ibu & Bayi,No
nipu ini mah bukan yard wkwkwk kaco,nipu mah yard wkwkwk kaco,unknown,1,Tokopedia,Negative,Bentuk,No,Perlengkapan Kantor,No
maskernya agak kecil tdk sesuai harga,masker sesuai harga,unknown,2,Tokopedia,Negative,Harga,No,Fashion,No
tidak sesuai dengan gambar,sesuai gambar,unknown,2,Tokopedia,Negative,Bentuk,Yes,Hobi & Hiburan,No
sedikit agak lama pengiriman nya dan pengemasan plastiknya tipis,kirim kemas plastik tipis,unknown,3,Tokopedia,Neutral,Bentuk,No,Hobi & Hiburan,No
memuaskan banget pembelian ke2 ke korea beli pertama ke vietnam selalu puas lgs konek bgt nyampe tempat tujuan,muas beli ke2 korea beli vietnam puas lgs konek tuju,unknown,5,Tokopedia,Positive,Lainnya,No,Hobi & Hiburan,No
produk original packing aman seller fast respon kurir ramah promo tokped terpakai,produk original packing aman seller fast respon kurir ramah promo tokped pakai,unknown,5,Tokopedia,Positive,Harga,No,Lainnya,No
orderan yg ke kali selalu puas unit bor nya mantap seller ramah gercep kurir cepat next order lagi,order puas unit bor mantap seller ramah gercep kurir cepat next order,unknown,5,Tokopedia,Positive,Rasa,No,Perabotan,No
rasanya agak asem mungkin terlalu banyak tomat,asem tomat,unknown,2,Tokopedia,Negative,Rasa,No,F&B,No
seller ramah pengirimannya juga cepat dan barangnya mantap positive banget tokonya,seller ramah kirim cepat barang mantap positive toko,unknown,5,Tokopedia,Positive,Rasa,No,Elektronik,No
bahan dan konstruksinya tidak kuat mudah patah,bahan konstruksi kuat mudah patah,unknown,1,Tokopedia,Negative,Bentuk,No,Elektronik,No
hati2 gaes dikirim barang yg salah,hati2 gaes kirim barang salah,unknown,1,Tokopedia,Negative,Lainnya,No,Hobi & Hiburan,No
baiknya sblm dikirimkan di cek dulu karena ada part yang hilang jadi tidak bisa berfungsi seller nawarin untuk tukar barang tapi ongkir ke bali sama aja kayak beli baru,baik sblm kirim cek part hilang fungsi seller nawarin tukar barang ongkos kirim bal beli,unknown,3,Tokopedia,Neutral,Harga,No,Perabotan,No
barang sesuai pesanan proses cepat thanks seller,barang sesuai pesan proses cepat thanks seller,unknown,5,Tokopedia,Positive,Bentuk,No,Hobi & Hiburan,No
cara bungkus nya hanya pakai plastik tipis saja dan dililit pakai lakban bening di buka pake tangan tidak bisa pas pake gunting sajadah ikut ke gunting karena bungkus nya tipis,bungkus pakai plastik tipis lilit pakai lakban bening buka pake tangan pas pake gunting sajadah gunting bungkus tipis,unknown,2,Tokopedia,Negative,Bentuk,No,Fashion,No
barang yang dikirim mantapp bahannya tebal dan tahan air cocok utk di air seller juga fast respon thx u,barang kirim mantapp bahan tebal tahan air cocok air seller fast respon thx,unknown,5,Tokopedia,Positive,Bentuk,No,Elektronik,No
seller super ramah nanya apapun dibalas kooperatif sukses terus gaaaan mantap,seller super ramah nanya apa balas kooperatif sukses gaaaan mantap,unknown,5,Tokopedia,Positive,Rasa,No,Elektronik,No
gampang lepas dan tidak nempel,gampang lepas nempel,unknown,1,Tokopedia,Negative,Bentuk,No,Kerajinan & Pesta,No
tidak sesuai gambar,sesuai gambar,unknown,3,Tokopedia,Neutral,Bentuk,No,Fashion,No
barang sesuai deskripsi bagus murah packing dan lainnya rapi recommended bgt deh,barang sesuai deskripsi bagus murah packing rapi recommended,unknown,5,Tokopedia,Positive,Bentuk,No,Fashion,No
bahannya nyaman beban tersebar merata bahannya fleksibel gampang dipakai desain ergonomis nyaman di punggung,bahan nyaman beban sebar rata bahan fleksibel gampang pakai desain ergonomis nyaman punggung,unknown,5,Tokopedia,Positive,Bentuk,No,Ibu & Bayi,No
mantab produk sesuai deskripsi material produk krg rapi packing aman dan pengiriman cepat thx seller,mantab produk sesuai deskripsi material produk krg rapi packing aman kirim cepat thx seller,unknown,4,Tokopedia,Positive,Bentuk,No,Elektronik,No
gak ada bintang tidak sesuai iklan di iklan bisa nambah tekanan pressure hasilnya nol besar lebih kenceng eksistingnya,bintang sesuai iklan iklan nambah tekan pressure hasil nol kenceng eksistingnya,unknown,1,Tokopedia,Negative,Bentuk,Yes,Perabotan,No
the best pokoknya harga boleh murah tapi kualitas tetap nomor satu,the best pokok harga murah kualitas nomor,unknown,5,Tokopedia,Positive,Harga,No,Perabotan,No
barangnya datang sesuai dgn pesan dan estimasi waktunya pas banget mantap cuman sayang speaker sebelah kiri gk berfungsi yg bersuara hnya sbelah kanan,barang sesuai pesan estimasi pas mantap cuman sayang speaker belah kiri fungsi suara hnya sbelah kanan,unknown,3,Tokopedia,Neutral,Bentuk,No,Elektronik,No
packaging kurang rapih semua kemasan produk bolt sobek sehingga ketika unboxing isi makanan berantakan,packaging rapih kemas produk bolt sobek unboxing isi makan beranta,unknown,1,Tokopedia,Negative,Bentuk,No,Perawatan Hewan,No
salah satu unitnya kedip2 harus di ketok2 dlu baru nyala ntar kedip2 lagi malahan gak nyala harus di ketok2 lg lampunya satu unitnya lagi perfect tidak ada masalah thanks,salah unit kedip2 ketok2 nyala ntar kedip2 nyala ketok2 lg lampu unit perfect thanks,unknown,3,Tokopedia,Neutral,Lainnya,No,Elektronik,No
sangat kecewa ini real yg saya alami silahkan baca chat saya dgn seller ini sebelum membeli barang dikirim tidak sesuai pesanan sudah diretur tapi cerdiknya seller tidak mengirimkan pesanan saya yg seharusnya saya pesan sudah hariii lhoo guys uang tidak kembali barang pun tidak sampai haha silahkan saja jika seller sanggup bawa ke akhirat semoga kalian tidak tertipu seperti saya,kecewa real alami silah baca chat seller beli barang kirim sesuai pesan retur cerdik seller kirim pesan pesan hariii lhoo guys uang barang haha silah seller sanggup bawa akhirat moga tipu,unknown,1,Tokopedia,Negative,Bentuk,Yes,Perawatan Hewan,No
wax apaan ini bau gula merah versi encer dan manis bikin lengket satu badan dna tidak bisa kering tidak bfungsi sesuai deskripsi komplain di diemin bunag2 duit aja,wax bau gula merah versi encer manis bikin lengket badan dna kering bfungsi sesuai deskripsi komplain diemin bunag2 duit,unknown,1,Tokopedia,Negative,Rasa,Yes,Kesehatan & Kecantikan,No
tidak sesuai gambar ada cacat jerseynya sablonya berantakan ukuran juga tidak sesuai yg dipesan kayaknya toko asal kirim barang saja,sesuai gambar cacat jerseynya sablonya beranta ukur sesuai pes kayak toko kirim barang,unknown,1,Tokopedia,Negative,Bentuk,Yes,Hobi & Hiburan,No
selalu puas dgn pelayanan seller pengirimannya cpt dan harga kompetitif serta mumpung lg ada update next gen,puas layan seller kirim cpt harga kompetitif mumpung lg update next gen,unknown,5,Tokopedia,Positive,Harga,No,Elektronik,No
minta warna putih yg dikirim bening ngasal bae mata lo sowek,warna putih kirim bening ngasal bae sowek,unknown,1,Tokopedia,Negative,Bentuk,No,Perabotan,No
pedes nya over dibanding isinya yang dikit yang gak kuat pedes over not rekomended,pedes over banding isi dikit kuat pedes over not rekomended,unknown,2,Tokopedia,Negative,Bentuk,No,F&B,No
bagus bgt topi nya nnti mau bli lgi ahh,bagus topi nnti bli lgi ahh,unknown,5,Tokopedia,Positive,Bentuk,No,Fashion,No
recomended seller dibimbing sampai dapat tiket ecardnya masuk ancol dufan tadi lancar terima kasih banyak,recomended seller bimbing tiket ecardnya ancol dufan lancar terima kasih,unknown,5,Tokopedia,Positive,Lainnya,No,Hobi & Hiburan,No
produk sesuai deskripsi sdh diterima aman tks,produk sesuai deskripsi terima aman tks,unknown,5,Tokopedia,Positive,Bentuk,No,Fashion,No
ada kekecewaan ketika lihat brg datang aq pikir barang beda dgn fishing pen yg ada dipasaran tp ternyata sma saja mlah ini meragukan ketahanannya lihat fto komentar smua typenya sma tp yg dikirim ke aq mlah beda,kecewa brg pikir barang beda fishing pen pasar sma mlah ragu tahan fto komentar smua typenya sma kirim mlah beda,unknown,3,Tokopedia,Neutral,Bentuk,No,Hobi & Hiburan,No
ancuuuurrrr bubukkkk remukkk tak berbentukkkkkkkkkkkkkkkkkkllkl,ancuuuurrrr bubukkkk remukkk berbentukkkkkkkkkkkkkkkkkkllkl,unknown,1,Tokopedia,Negative,Bentuk,No,Lainnya,No
tengkyu sesuai banget pesanan nya,tengkyu sesuai pesan,unknown,5,Tokopedia,Positive,Bentuk,No,Lainnya,No
produk original kualitas produk bagus material produk bagus ukuran produk sesuai,produk original kualitas produk bagus material produk bagus ukur produk sesuai,unknown,5,Tokopedia,Positive,Bentuk,No,F&B,No
pesanan cpt diproses dan sy sdg pakai simcard nya di eropa signal bagus recommend bgt,pesan cpt proses sdg pakai simcard eropa signal bagus recommend,unknown,5,Tokopedia,Positive,Bentuk,No,Hobi & Hiburan,No
respon cepat barang original terbaik recomended packing baik sukses selalu ya,respon cepat barang original baik recomended packing sukses,unknown,5,Tokopedia,Positive,Bentuk,No,Elektronik,No
box nya rusak padahal pesenan orang buat kado mengecewakan,box rusak sen kado kecewa,unknown,2,Tokopedia,Negative,Lainnya,Yes,Ibu & Bayi,No
psen yg mix dikirimnya warna orange,psen mix kirim warna orange,unknown,4,Tokopedia,Positive,Bentuk,No,Fashion,No
pianika awalnya tuts nada ga bunyi lalu suaranya kecil dan hilang di chat no respon padahal lagi online,pianika tuts nada bunyi suara hilang chat no respon online,unknown,2,Tokopedia,Negative,Bentuk,Yes,Hobi & Hiburan,No
pesen lilin malah dikasih mo dibalik jg angka jd ga ada sumbunya kacau fatal bgt gak dicek dlu sblm kirim ke customer,sen lilin kasih mo balik angka jd sumbu kacau fatal cek sblm kirim customer,unknown,1,Tokopedia,Negative,Bentuk,No,Kerajinan & Pesta,No
ini buat kado loh masa dusnya hancur seperti ini,kado dus hancur,unknown,1,Tokopedia,Negative,Lainnya,Yes,Ibu & Bayi,No
selang beda dengan yg di produk pianika original yg spare part selang ini lebih lembek mouth piece nya juga ada pecah di bagian pinggir,selang beda produk pianika original spare part selang lembek mouth piece pecah pinggir,unknown,2,Tokopedia,Negative,Bentuk,No,Hobi & Hiburan,No
wah sy pake sameday masa dtgnya besoknya smtra sy byr jam respon lama rugi lah tau gt sy ga ush pilih yg sameday mksd biar cepet malah jd lama ga rekomen bgt,pake sameday dtgnya besok smtra byr jam respon rugi tau gt ush pilih sameday mksd biar cepet jd rekomen,unknown,1,Tokopedia,Negative,Lainnya,No,Perawatan Hewan,No
mantap akhirnya bisa ngerasain juga main games dengan biaya murah terima kasih bosque semoga tokonya lancar jaya,mantap ngerasain main games biaya murah terima kasih bosque moga toko lancar jaya,unknown,5,Tokopedia,Positive,Rasa,No,Elektronik,No
kuteknya bahannya gak bagus,kuteknya bahan bagus,unknown,1,Tokopedia,Negative,Bentuk,No,Kesehatan & Kecantikan,No
kecewa karena penjual tidak melakukan req yang saya minta beli gendongan ini untuk kado karena bisa req untuk ucapannya makanya saya beli disini saya sudah minta untuk difotokan kartunya sebelum dikirim ke teman saya janjinya mau difotokan ternyata tidak sehingga teman saya yang menerima barangnya sampai bingung ini pengirimnya siapa setelah hari barang tiba saya wa ke teman saya dan dia menceritakan bahwa tidak ada tulisan apapaun didalam paketnya jadi dia bingung ini dari siapa tolong ya kedepannya setiap permintaan itu kalau sudah janji bisa dilakukan ditepati kalau memang dari awal tidak bisa melakukan saya tidak akan beli disini,kecewa jual req beli gendong kado req ucap beli foto kartu kirim teman janji foto teman terima barang bingung kirim barang wa teman cerita tulis apapaun dalam paket bingung tolong depan minta janji tepat beli,unknown,2,Tokopedia,Negative,Lainnya,Yes,Ibu & Bayi,Yes
pengiriman sangat lama padahal didalam jabodetabek begitu barang sampai ada satu yg cacat kayak ada bagian belum selesai finishing alhasil harus motong bagian yg berlebih terus di amplas perekat 3m nya juga sulit dikelupas mohon kedepannya sebelum barang dikirim dicek dulu udh ada barang yg cacat juga ini,kirim dalam jabodetabek barang cacat selesai finishing alhasil motong lebih amplas rekat 3m sulit kelupas depan barang kirim cek barang cacat,unknown,2,Tokopedia,Negative,Bentuk,Yes,Elektronik,No
beli ga ada yg enak jauh banget sama kota hoedjan,beli kota hoedjan,unknown,1,Tokopedia,Negative,Rasa,No,F&B,No
pengirimannya cepet banget aku pesen kemarin hari ini udah sampe barangnya juga aman no damage samsek mantappp,kirim cepet sen kemarin barang aman no damage samsek mantappp,unknown,5,Tokopedia,Positive,Rasa,No,Perlengkapan Kantor,No
akhirnya bisa main mc online bareng temen sellernya benar benar baik ngasih panduannya jelas banget mantab pokoknya,main mc online bareng temen sellernya ngasih pandu mantab pokok,unknown,5,Tokopedia,Positive,Lainnya,No,Elektronik,No
burung sakit sama kaki nya ga normal bang kenapa di kasih ke saya,burung sakit kaki normal bang kasih,unknown,1,Tokopedia,Negative,Bentuk,No,Perawatan Hewan,No
packing buruk kertas sampai pada sobek bungkusnya,packing buruk kertas sobek bungkus,unknown,1,Tokopedia,Negative,Lainnya,Yes,Perlengkapan Kantor,No
ternyata bukan ori harga sesuai kualitas ya 10rb bahan plastik harusnya dikasih keterangan di deskripsi,original harga sesuai kualitas 10rb bahan plastik kasih terang deskripsi,unknown,2,Tokopedia,Negative,Bentuk,No,Hobi & Hiburan,No
baru dua kali di pake udah mulai rusak kainnya gak rekomendasi banget barangnya mudah rusak,pake rusak kain rekomendasi barang mudah rusak,unknown,2,Tokopedia,Negative,Bentuk,Yes,Hobi & Hiburan,No
kurang bagus colok hardisk external tdk terdeteksi,bagus colok hardisk external deteksi,unknown,1,Tokopedia,Negative,Bentuk,No,Elektronik,No
sesuai dengan harga kualitas sangat buruk pas saya colok ke komputer saya terus colokin headphone jack ke port headphone jack di usb nya saya punya headset nyala yang kanan doang headset saya pas dicolokin di hedphone jack biasa dua dua nya nyala kualitas mic juga sangat buruk bener bener jangan beli beli vention sound card aja kualitas lebih bagus tapi lebih mahal sedikit apalagi tidak sesuai dengan foto keliatan lebih murah aduh saya ilang ribuan untuk ini,sesuai harga kualitas buruk pas colok komputer colokin headphone jack port headphone jack usb headset nyala kanan doang headset pas dicolokin hedphone jack nyala kualitas mic buruk bener bener beli beli vention sound card kualitas bagus mahal sesuai foto liat murah aduh ilang ribu,unknown,1,Tokopedia,Negative,Bentuk,Yes,Hobi & Hiburan,Yes
ada shimmer cocok buat warm tone,shimmer cocok warm tone,unknown,4,Tokopedia,Positive,Lainnya,No,Kesehatan & Kecantikan,No
sy pesan shampoo dan body wash yg sy terima hanya body wash shampoo tdk sy terima salah sy tdk membuat video unboxing karena percaya sj dgn seller official win win solution sy berikan bintang terima ksh,pesan shampoo body wash terima body wash shampoo terima salah video unboxing percaya sj seller official win win solution bintang terima ksh,unknown,1,Tokopedia,Negative,Bentuk,No,Kesehatan & Kecantikan,No
produk bisa dipakai dg baik semoga awet fast respon,produk pakai dg moga awet fast respon,unknown,5,Tokopedia,Positive,Bentuk,No,Lainnya,No
mantaap barang datang dengab cepat,mantaap barang dengab cepat,unknown,5,Tokopedia,Positive,Lainnya,No,Kesehatan & Kecantikan,No
gampang dirakit desain elegan penjualnya ramah banget,gampang rakit desain elegan jual ramah,unknown,5,Tokopedia,Positive,Bentuk,No,Elektronik,No
pegawai nya kurang fokus nih pengiriman kurang satu bukunya kirim lagi dengn nama yang lain lagi,pegawai fokus kirim buku kirim dengn nama,unknown,2,Tokopedia,Negative,Lainnya,No,Hobi & Hiburan,No
lumayan lah untuk harga segini,lumayan harga gin,unknown,4,Tokopedia,Positive,Harga,No,Elektronik,No
dari dulu emang suka dg efek nyesss adem pakai sabun ini apalagi sdg promo beli dapat brg terbungkus rapi dg bubble wrap aman sampai diterima,suka dg efek nyesss adem pakai sabun sdg promo beli brg bungkus rapi dg bubble wrap aman terima,unknown,5,Tokopedia,Positive,Harga,No,Kesehatan & Kecantikan,No
ada cacat pada saat sampai di rumah,cacat rumah,unknown,1,Tokopedia,Negative,Lainnya,Yes,Perlengkapan Kantor,No
build quality kurang bagus terdapat retak sehingga air keluar dari sela retakan dan air yang keluar tidak maksimal,build quality bagus retak air reta air maksimal,unknown,1,Tokopedia,Negative,Bentuk,No,Perabotan,No
pengiriman cepat seller responsive barang nya bagus grip nya solid meskipun bahan plastik tapi nyaman di genggam adjust nya juga berfungsi dengan baik harganya murah bgt puas beli ini,kirim cepat seller responsive barang bagus grip solid bahan plastik nyaman genggam adjust fungsi harga murah puas beli,unknown,5,Tokopedia,Positive,Bentuk,No,Hobi & Hiburan,No
pengirimannya lumayan cepat warna cutternya sangattt cantik dan ukurannya mungil jadi bisa dibawa kemana aja mantappp bgt,kirim lumayan cepat warna cutternya sangattt cantik ukur mungil bawa mana mantappp,unknown,5,Tokopedia,Positive,Bentuk,No,Perlengkapan Kantor,No
gampang lepas dan kurang nge grip di new fujifilm x t3 saya,gampang lepas nge grip new fujifilm t3,unknown,2,Tokopedia,Negative,Bentuk,No,Elektronik,No
puas banget admin ngejelasin detail bgt trus pas dipake gak ada kendala sama sekali pokonya top banget deh,puas admin ngejelasin detail trus pas dipake kendala poko top,unknown,5,Tokopedia,Positive,Bentuk,No,Hobi & Hiburan,No
barang cpt smpk sesuai sm yg di gambar barang bagus berfungsi lampunya terang,barang cpt smpk sesuai sm gambar barang bagus fungsi lampu terang,unknown,5,Tokopedia,Positive,Bentuk,No,Otomotif,No
kecewa kali bknnya di test dlu sblom kirim tdk ada satupun yg bs hidup brg sangat ringan yg punya sy bli di ace brgnya berat dan bs hidup,kecewa bknnya test sblom kirim satu bs hidup brg ringan bli ace brgnya berat bs hidup,unknown,1,Tokopedia,Negative,Bentuk,Yes,Perabotan,Yes
kecewa dengan kwalitasnya,kecewa kwalitasnya,unknown,1,Tokopedia,Negative,Bentuk,Yes,Otomotif,Yes
disuruh cek sebelum kirim tapi barang rusak yang dikirim mantap tobat beli disini tidak amanah,suruh cek kirim barang rusak kirim mantap tobat beli amanah,unknown,1,Tokopedia,Negative,Rasa,Yes,Hobi & Hiburan,Yes
packing ok di dalem di kasih bubble wrap buku juga ok isinya gk ada yg cacat cuman syang pinggiran buku nya sedikit rusak overal cukup puas beli di sini tunggu orderan sya selanjutnya,packing oke dalem kasih bubble wrap buku oke isi cacat cuman syang pinggir buku rusak overal puas beli tunggu order sya,unknown,3,Tokopedia,Neutral,Lainnya,No,Hobi & Hiburan,No
byk yg hancur dikirim ke jkt,byk hancur kirim jkt,unknown,2,Tokopedia,Negative,Lainnya,Yes,F&B,No
brg berfungsi dg baik walau terkendala diawal cara pengoprasian tp stlah jam mncba akhirnya bisa smoga awet,brg fungsi dg kendala awal pengoprasian stlah jam mncba smoga awet,unknown,4,Tokopedia,Positive,Bentuk,No,Elektronik,No
jualan yg jujur ya gan barang tidak sesuai dengan gambar barang yg biasa saya beli sesuai dgn gambar yg dipajang ini saya lgs order yg ternyata dibawah ekspektasi saya gambar kanan adalah barang original sesuai display,jual jujur gan barang sesuai gambar barang beli sesuai gambar pajang lgs order bawah ekspektasi gambar kanan barang original sesuai display,unknown,3,Tokopedia,Neutral,Bentuk,No,Fashion,No
kacamata sangat rentan dipakai sekali patah karena bagian karet dengan plastiknya menempel dengan kaitan kecil saja sehingga mudah patah,kacamata rentan pakai patah karet plastik tempel kait mudah patah,unknown,1,Tokopedia,Negative,Bentuk,No,Hobi & Hiburan,No
baru pakai sekali langsung koyak bahan tipis pengiriman lama chat ga pernah di bls ga recommended,pakai koyak bahan tipis kirim chat bls recommended,unknown,2,Tokopedia,Negative,Bentuk,No,Ibu & Bayi,No
kualitas product bagus material bagus harga terjangkau recomended,kualitas product bagus material bagus harga jangkau recomended,unknown,5,Tokopedia,Positive,Bentuk,No,Hobi & Hiburan,No
barang tidak sama antara yg di foto dengan yaang dikirim tolong yg jujur jika berusaha meskipun nilai uang nya kecil,barang foto yaang kirim tolong jujur usaha nilai uang,unknown,1,Tokopedia,Negative,Bentuk,Yes,Perabotan,No
parah prosesnya lama banget semoga ini bisa jadi pelajaram buat team logitech,parah proses moga pelajaram team logitech,unknown,1,Tokopedia,Negative,Lainnya,Yes,Elektronik,No
mantaps barang respon pengirimannya harganya juga murah,mantaps barang respon kirim harga murah,unknown,5,Tokopedia,Positive,Harga,No,Fashion,No
produk sudah di terima dgn baik exp aman masih jauh thx soho,produk terima exp aman thx soho,unknown,5,Tokopedia,Positive,Lainnya,No,Kesehatan & Kecantikan,No
packing rapi kualitas produk ok pengiriman sangat cepat respon seller ok,packing rapi kualitas produk oke kirim cepat respon seller oke,unknown,5,Tokopedia,Positive,Bentuk,No,Perlengkapan Kantor,No
pesan kemarin sore hari ini uda sampai packing super aman dobel bubble wraps dus mantapppp nanti saya edit ulasannya kalau sudah coba terima kasih,pesan kemarin sore uda packing super aman dobel bubble wraps dus mantapppp edit ulas coba terima kasih,unknown,5,Tokopedia,Positive,Rasa,No,Kesehatan & Kecantikan,No
tidak bisa berfungsi walaupun sudah di charge padahl sudah beli mahal,fungsi charge padahl beli mahal,unknown,1,Tokopedia,Negative,Harga,No,Perabotan,No
uda 2x beli di toko ini dan puas banget banget adminnya baik banget karna butuh cepet dan selalu response thank you,uda 2x beli toko puas adminnya karna butuh cepet response thank you,unknown,5,Tokopedia,Positive,Lainnya,No,Elektronik,No
barang ok harga porsi terjangkau untuk rasa enak pengiriman cepat good job,barang oke harga porsi jangkau kirim cepat good job,unknown,5,Tokopedia,Positive,Rasa,No,F&B,No
yg micro ini sering rusak coba di tingkatkn lg kualitasnya,micro rusak coba tingkatkn lg kualitas,unknown,3,Tokopedia,Neutral,Bentuk,No,Elektronik,No
topi nya lembut tapi warna tidak sesuai dgn foto,topi lembut warna sesuai foto,unknown,3,Tokopedia,Neutral,Bentuk,No,Fashion,No
bahan tebal bagus cepat sampai terima kasih,bahan tebal bagus cepat terima kasih,unknown,5,Tokopedia,Positive,Bentuk,No,Fashion,No
produk sesuai deskripsi semua fitur berfungsi baik awalnya takut ya karena ulasannya kebanyakan pada penyok tapi ini pas sampee aman kok gaiss aku checkoutnya sama bubble wrap dan sampe dengan aman barangnya juga baguss lumayan kokoh harganya murah lampunya juga terang makasiih seller seneng bangeet,produk sesuai deskripsi fitur fungsi takut ulas banyak penyok pas sampee aman gaiss checkoutnya bubble wrap aman barang baguss lumayan kokoh harga murah lampu terang makasiih seller neng bangeet,unknown,5,Tokopedia,Positive,Bentuk,No,Elektronik,No
kripsusnya juara udah kali order selalu tandas di mulutnya anak2 pokoke top markotop,kripsusnya juara order mulut anak2 pokoke top markotop,unknown,5,Tokopedia,Positive,Lainnya,No,F&B,No
pengiriman super cepat barang sesuai pesannya,kirim super cepat barang sesuai pesan,unknown,5,Tokopedia,Positive,Bentuk,No,F&B,No
batere datang rusak katanya mau di telp dari marketing setelah tunggu minggu tidak ada kelanjutan,batere rusak telp marketing tunggu minggu lanjut,unknown,1,Tokopedia,Negative,Lainnya,Yes,Perabotan,No
kualitas produk bagus desainnya cantik warnanya cantik,kualitas produk bagus desain cantik warna cantik,unknown,5,Tokopedia,Positive,Bentuk,No,Fashion,No
warnanya lucu lembut di kulit gampang dipakai sepertinya bakal langganan disini bner2 puas dg pelayanan dan semuanya barang ori bagus sucses terus yaa,warna lucu lembut kulit gampang pakai langgan bner2 puas dg layan barang original bagus sucses yaa,unknown,5,Tokopedia,Positive,Bentuk,No,Kesehatan & Kecantikan,No
sangat puas sdh berkali2 belanja disini pelayanannya ramah dan pengiriman super rapih dan cepat,puas berkali2 belanja layan ramah kirim super rapih cepat,unknown,5,Tokopedia,Positive,Bentuk,No,Lainnya,No
aktual barang sangat tidak sesuai dengan harapan,aktual barang sesuai harap,unknown,1,Tokopedia,Negative,Bentuk,Yes,Kerajinan & Pesta,No
gak bisa di pakai,pakai,unknown,1,Tokopedia,Negative,Lainnya,No,Elektronik,No
frame kacamata nya kurang bagus tipis sptnya gampang patah ngakbseperti kacamata pada umumnya,frame kacamata bagus tipis sptnya gampang patah ngakbseperti kacamata,unknown,3,Tokopedia,Neutral,Bentuk,No,Fashion,No
patah2 dan barang nekas di buka dari packaging nya,patah2 barang nekas buka packaging,unknown,1,Tokopedia,Negative,Bentuk,No,Perlengkapan Kantor,No
mantap puas pake bangeeeey,mantap puas pake bangeeeey,unknown,5,Tokopedia,Positive,Rasa,No,Otomotif,No
pengiriman amat sangat cepat dan packingnya juga rapi dan bagus harganya ok banget dan yang pasti original ga nyesel belanja disini karena semuanya thank you to the seller,kirim cepat packingnya rapi bagus harga oke original nyesel belanja thank you to the seller,unknown,5,Tokopedia,Positive,Bentuk,No,Elektronik,No
barangnya baret dan gak mulus,barang baret mulus,unknown,1,Tokopedia,Negative,Lainnya,No,F&B,No
lampunya terang pas di kepala produk yang diterima lengkap,lampu terang pas kepala produk terima lengkap,unknown,5,Tokopedia,Positive,Bentuk,No,Hobi & Hiburan,No
harga sesuai barang yah,harga sesuai barang yah,unknown,4,Tokopedia,Positive,Harga,No,Fashion,No
tiba tiba patah dasar baut patah ane lem aja moga masih bisa terpakai mo di balikin rugi di ongkir terima nasib aja,patah dasar baut patah ane lem moga pakai mo balikin rugi ongkos kirim terima nasib,unknown,1,Tokopedia,Negative,Rasa,No,Elektronik,No
beli bubble tp gak di kasih bubble biasax gak kecewa kali ini kecewa,beli bubble kasih bubble biasax kecewa kecewa,unknown,1,Tokopedia,Negative,Lainnya,Yes,Lainnya,No
penjual cepat tanggap barang cepat sampainya terima kasih,jual cepat tanggap barang cepat sampai terima kasih,unknown,5,Tokopedia,Positive,Lainnya,No,Kesehatan & Kecantikan,No
barang bagus dan berkualitas admin ramah dan jujur top pokoknya,barang bagus kualitas admin ramah jujur top pokok,unknown,5,Tokopedia,Positive,Bentuk,No,Otomotif,No
barang sampai kabel yg dikasih rusak jadi harus pakai kabel lain biar lampu nyala mungkin next qc nya bs di tingkatkan,barang kabel kasih rusak pakai kabel biar lampu nyala next qc bs tingkat,unknown,3,Tokopedia,Neutral,Lainnya,No,Elektronik,No
bahan terlalu tipis,bahan tipis,unknown,1,Tokopedia,Negative,Bentuk,No,Fashion,No
nyesel setengah mati beli ni produk beli gara2 liat ulasannya kok positif semua sumpah ini krim baunya ga enak banget kalo boleh digambarkan baunya itu perpaduan antara muntahan bayi dan minyak nyong2 om2 iya separah itu ini yg pada kasi ulasan idungnya pada mati rasa ato gmn ya pengiriman sih cepat dan bagus but sorry the product is a nightmare very pricey tau gini gw ttp beli wak doyok yg wanginya jauh lbh enak dan jauh lbh murah this cream is really2 not recommended,nyesel mati beli ni produk beli gara2 liat ulas positif sumpah krim bau gambar bau padu muntah bayi minyak nyong2 om2 iya parah kasi ulas idungnya mati ato gmn kirim cepat bagus but sorry the product is nightmare very pricey tau gin ttp beli wak doyok wangi lbh lbh murah this cream is really2 not recommended,unknown,1,Tokopedia,Negative,Rasa,Yes,Kesehatan & Kecantikan,Yes
nope kalau kepikiran mau beli saran saya jangan product sering rto gajelas cs after sales service yg buruk dijamin pengalaman kalian akan kecewa,nope pikir beli saran product rto gajelas cs after sales service buruk jamin alami kecewa,unknown,1,Tokopedia,Negative,Lainnya,Yes,Elektronik,No
retak padahal sudah pakai asuransi sangat kecewaaa,retak pakai asuransi kecewaaa,unknown,1,Tokopedia,Negative,Lainnya,Yes,Hobi & Hiburan,No
produk belum ada hasil sama sekali mengecewakan,produk hasil kecewa,unknown,2,Tokopedia,Negative,Bentuk,Yes,Kesehatan & Kecantikan,No
saya dikasih lcd rusak di touch gak bisa layar awal awal oke tapi dua hari kemudian ada garis horizontal di tengah layar besok hari nya layar shadow akhirnya saya pake lcd yg lama penjual banyak alasan saya sbg pembeli malah disalahkan pada pemasangan jangan beli disini cukup saya aja jadi korban,kasih lcd rusak touch layar oke garis horizontal tengah layar besok layar shadow pake lcd jual alas beli salah pasang beli korban,unknown,1,Tokopedia,Negative,Bentuk,Yes,Elektronik,No
tas nya bagus banget bahannya juga tebel pengiriman barang juga cepat,tas bagus bahan tebel kirim barang cepat,unknown,5,Tokopedia,Positive,Bentuk,No,Fashion,No
barang tdk sesuai harus dtng pc sampai tempat cuma 4liter sangat kecewa,barang sesuai dtng pc 4liter kecewa,unknown,5,Tokopedia,Positive,Bentuk,No,Otomotif,No
penyok2 kardusnya kayak beli pensil warna bekas,penyok2 kardus beli pensil warna bekas,unknown,1,Tokopedia,Negative,Bentuk,No,Kerajinan & Pesta,No
produk yang saya terima kondisi motor sabliziernya kurang baik al hasil video bukannya jadi mulus malah unstableized,produk terima kondisi motor sabliziernya al hasil video mulus unstableized,unknown,3,Tokopedia,Neutral,Lainnya,No,Elektronik,No
pesen tanggal barang baru sampe tanggal padahal sesama jakarta dichat katanya udah dikirim dari tanggal padahal pas di tracking tanggal aja tulisannya reschedule pickup karena parcel belum ready untuk dipick up ini adidas official tapi pelayanannya gini hadeh,sen tanggal barang tanggal jakarta dichat kirim tanggal pas tracking tanggal tulis reschedule pickup parcel ready dipick up adidas official layan gin hadeh,unknown,1,Tokopedia,Negative,Bentuk,No,Kesehatan & Kecantikan,No
baru juga dipesan langsung di proses penjual ramah beyblade berputar kencang seperti dan juga harga lebih murah dari toko laen,pes proses jual ramah beyblade putar kencang harga murah toko laen,unknown,5,Tokopedia,Positive,Harga,No,Hobi & Hiburan,No
suka sama box nya ciamik dehhhhhhhhhhhhhhhhhhhhh,suka box ciamik dehhhhhhhhhhhhhhhhhhhhh,unknown,3,Tokopedia,Neutral,Bentuk,No,Lainnya,No
barang pecah dikotak tidak diberi himbauan barang mudah pecah,barang pecah kotak himbauan barang mudah pecah,unknown,1,Tokopedia,Negative,Rasa,No,Perlengkapan Kantor,No
sesuai dengan pesanan,sesuai pesan,unknown,5,Tokopedia,Positive,Bentuk,No,Fashion,No
pengiriman cepat barangnya kurang oke tutupnya ga menutup rapat di satu sisi,kirim cepat barang oke tutup tutup rapat sisi,unknown,3,Tokopedia,Neutral,Lainnya,No,Elektronik,No
barangnya datang dalam keadaan tidak bagus,barang bagus,unknown,1,Tokopedia,Negative,Bentuk,No,Hobi & Hiburan,No
barangnya udh sampe suka banget sama dompetnya bahannya jga bagus semoga aweeettt bagus bgt kualitas produk bagus desainnya cantik warnanya cantik jahitan rapi bahannya lembut,barang suka dompet bahan jga bagus moga aweeettt bagus kualitas produk bagus desain cantik warna cantik jahit rapi bahan lembut,unknown,4,Tokopedia,Positive,Bentuk,No,Fashion,No
buat xiaomi 9t cocok tombolnya empuk bentuknya keren,xiaomi 9t cocok tombol empuk bentuk keren,unknown,5,Tokopedia,Positive,Rasa,No,Elektronik,No
bahannya ternyata panas dan ga nyerap keringat yah namanya ada rupa ada harga,bahan panas nyerap keringat yah nama harga,unknown,3,Tokopedia,Neutral,Harga,No,Fashion,No
barang sudah diterima dan kualitas brg tidak mengecewakan mantap abis,barang terima kualitas brg kecewa mantap abis,unknown,5,Tokopedia,Positive,Rasa,No,Hobi & Hiburan,No
bagus bahannya enak,bagus bahan,unknown,5,Tokopedia,Positive,Bentuk,No,Hobi & Hiburan,No
qc oh qc lensa dalamnya pecah katnya udah cek qc picking asal padahal udah nambah buble wrap perbaiki pelayanan,qc oh qc lensa dalam pecah katnya cek qc picking nambah buble wrap baik layan,unknown,1,Tokopedia,Negative,Lainnya,No,Elektronik,No
pengiriman lambat sampe sekarang dana saya belum dikembalikan harusnya penjual info kalo barang tdk ada atau uang dikembalikan samoe skr ga diaksi parah,kirim lambat dana kembali jual info barang uang kembali samoe skr aksi parah,unknown,1,Tokopedia,Negative,Lainnya,Yes,Kesehatan & Kecantikan,No
beli cutter dikirim cutter blade harusnya juga cutter blade,beli cutter kirim cutter blade cutter blade,unknown,1,Tokopedia,Negative,Lainnya,No,Perlengkapan Kantor,No
anak saya dari lahir sampai skrg setia pakai ini suka sekali,anak lahir skrg setia pakai suka,unknown,5,Tokopedia,Positive,Lainnya,No,Ibu & Bayi,No
pakai esktra bubble udah bayar ternyata saat dikirim tidak diberi bubble,pakai esktra bubble bayar kirim bubble,unknown,1,Tokopedia,Negative,Harga,No,Lainnya,No
kalo udah bayar dicuekin sama penjualnya chat januari di respon order januari jam siang dengan kurir grab same day barang sampai januari jam sore kalo ujung ujungnya gak sampai tujuan di hari yg sama ngapain bayar ongkir mahal pakai grab,bayar dicuekin jual chat januari respon order januari jam siang kurir grab same day barang januari jam sore ujung ujung tuju ngapain bayar ongkos kirim mahal pakai grab,unknown,1,Tokopedia,Negative,Harga,No,Hobi & Hiburan,No
penjual responsive barang sampai dengan selamat sudah berkali2 order disini untuk saya bawa ke turki ka terimakasih ya ka,jual responsive barang selamat berkali2 order bawa turki ka terimakasih ka,unknown,5,Tokopedia,Positive,Lainnya,No,F&B,No
barangnya ga sampe ga ada return dari pihak yg bersangkutan,barang return sangkut,unknown,1,Tokopedia,Negative,Lainnya,Yes,Hobi & Hiburan,No
barang dibilang ready ga taunya ga dikirim maen refund aja,barang bilang ready tau kirim maen refund,unknown,1,Tokopedia,Negative,Lainnya,Yes,Perawatan Hewan,No
packing jelek brg dtng kotaknya penyot2 pesan bh rusak bh,packing jelek brg dtng kotak penyot2 pesan bh rusak bh,unknown,1,Tokopedia,Negative,Bentuk,Yes,Elektronik,No
barangnya buwaguusss sesuai pesanan angin nya kencang seperti angin puting beliung laptop ademmmm benerrr,barang buwaguusss sesuai pesan angin kencang angin puting beliung laptop ademmmm benerrr,unknown,5,Tokopedia,Positive,Bentuk,No,Elektronik,No
mantap respon cepat bgt lebih cepat dari estimasinya,mantap respon cepat cepat estimasi,unknown,5,Tokopedia,Positive,Rasa,No,Kerajinan & Pesta,No
barang lucu dan unik pengiriman barang jg cepat,barang lucu unik kirim barang cepat,unknown,5,Tokopedia,Positive,Lainnya,No,Lainnya,No
barang sesuai permintaan n kedatangan sesuai estimasi,barang sesuai minta datang sesuai estimasi,unknown,5,Tokopedia,Positive,Bentuk,No,Perawatan Hewan,No
bagus banget bahan nya juga adem ini bakal jadi langganan saya order baju tidur untuk suami,bagus bahan adem langgan order baju tidur suami,unknown,5,Tokopedia,Positive,Bentuk,No,Fashion,No
parah pake banget kalengnya aja udh gimana bentuknya peyot super parah tolong packing lbh di perhatikan mengecewakan,parah pake kaleng gimana bentuk peyot super parah tolong packing lbh perhati kecewa,unknown,1,Tokopedia,Negative,Bentuk,Yes,F&B,Yes
sesuai dg deskrip yg jual packing bagus dan tidak ada cacat nanti sy mau pesan lagi,sesuai dg deskrip jual packing bagus cacat pesan,unknown,4,Tokopedia,Positive,Bentuk,No,Hobi & Hiburan,No
mantul kualitas bahan mantap,mantap kualitas bahan mantap,unknown,5,Tokopedia,Positive,Bentuk,No,Hobi & Hiburan,No
shieldnya retak dan penjual tidak mau bertanggung jawab padahal saya sudah coba bicara baik2 di inbox sama sekali tidak merekomendasikan toko ini,shieldnya retak jual tanggung coba bicara baik2 inbox rekomendasi toko,unknown,1,Tokopedia,Negative,Bentuk,No,Otomotif,No
keras sekali sampai tangan sakittt yg dijual paket bagus yg dijual lepasnya beda bgt nyesel beli banyak,keras tangan sakittt jual paket bagus jual lepas beda nyesel beli,unknown,1,Tokopedia,Negative,Bentuk,No,Elektronik,Yes
nyaman dipakai enak sih dipakai kantong belakang ngebantu banget buat nyimpen hape,nyaman pakai pakai kantong ngebantu nyimpen hape,unknown,5,Tokopedia,Positive,Rasa,No,Hobi & Hiburan,No
alhamdulillah paketan datang dgn cepat dan penjualannya ramah semoga tambah sukses,alhamdulillah paket cepat jual ramah moga sukses,unknown,5,Tokopedia,Positive,Lainnya,No,Perabotan,No
sesuai gambar tapi tidak memuaskan pelayanannya komplain tidak di respon dgn baik,sesuai gambar muas layan komplain respon,unknown,1,Tokopedia,Negative,Bentuk,Yes,Perlengkapan Kantor,No
sebenarnya utk kualitas produk bagus original tp kecewa sm pelayanannya admin slow respon banget negative respon orderan udh diproses tp resi invalid waktu pengiriman via ekspedisi cepat yg lama proses di intern admin official store,kualitas produk bagus original kecewa sm layan admin slow respon negative respon order proses resi invalid waktu kirim via ekspedisi cepat proses intern admin official store,unknown,3,Tokopedia,Neutral,Bentuk,No,F&B,No
produk sesuai produk berfungsi dengan baik,produk sesuai produk fungsi,unknown,4,Tokopedia,Positive,Bentuk,No,F&B,No
bungkusan barang robek ada bagian kertas yg sudah kuning menandakan barang sudah lama terbuka sangat mengecewakan,bungkus barang robek kertas kuning tanda barang buka kecewa,unknown,1,Tokopedia,Negative,Lainnya,Yes,Perlengkapan Kantor,No
barang mendarat produk original sesuai dengan deskripsi kemasan rapi seller ramah fast respon pengiriman pun cepat pokok nya recomended dah makasih tokopedia makasih admin,barang darat produk original sesuai deskripsi kemas rapi seller ramah fast respon kirim cepat pokok recomended dah makasih tokopedia makasih admin,unknown,5,Tokopedia,Positive,Bentuk,No,Perabotan,No
belinya dikirim kurang teliti dalam mengirim pesanan,beli kirim teliti kirim pesan,unknown,1,Tokopedia,Negative,Lainnya,No,Fashion,No
lamaaaa bgt hampir hr kaya preorder barang d proses stlh hari itu pun blm d kirim barang sampe kurang di komplain awal nya d terima ga lama d cancel komplain nya ga ada penjelasan,lamaaaa hr kaya preorder barang proses stlh kirim barang komplain terima cancel komplain jelas,unknown,1,Tokopedia,Negative,Lainnya,Yes,Lainnya,No
tidak mengkilap dan cepat hilang,kilap cepat hilang,unknown,1,Tokopedia,Negative,Lainnya,Yes,Otomotif,No
barang yg dikirim tidak ada dilist barang yg surah ditulis tapi dianggap ada padahal yg bikinnlist penjual sendiri dia yg menginkarin sendiri,barang kirim dilist barang surah tulis anggap bikinnlist jual menginkarin,unknown,1,Tokopedia,Negative,Lainnya,No,Hobi & Hiburan,No
kemasannya bagus kualitas nya bagus kabelnya tebal suka warna nya biru muda semoga awet terima kasih seller,kemas bagus kualitas bagus kabel tebal suka warna biru muda moga awet terima kasih seller,unknown,4,Tokopedia,Positive,Bentuk,No,Elektronik,No
luntur terus meski sdh bbrp kali d cuci,luntur bbrp cuci,unknown,3,Tokopedia,Neutral,Lainnya,No,Fashion,No
barang yang di gambar itu sudah saya bereskan ulang tatakan balon nya gak ada sudah dikomplain ke pihak tokopedia biaya nya sudah kembali ke saya tapi tetep ada rasa kecewa karna penjual lagi tidak menginformasikan ketersediaan barang dan saya lagi perlu banget maaf dikasih rate segitu,barang gambar beres ulang tata balon komplain tokopedia biaya tetep kecewa karna jual informasi sedia barang maaf kasih rate segitu,unknown,1,Tokopedia,Negative,Rasa,Yes,Kerajinan & Pesta,No
dari kaca plastik yang saya pesan rusak itu berarti barang yang saya terima adalah barang cacat toko ini tidak bisa dipercaya dan hanya menawarkan ganti rugi sebesar ribu per item barang rusak atau sekitar dari harga beli saja itupun melalui proses yang berbelit belit jadilah toko yang bisa dipercaya,kaca plastik pesan rusak barang terima barang cacat toko percaya tawar ganti rugi ribu item barang rusak harga beli itu proses belit belit toko percaya,unknown,1,Tokopedia,Negative,Bentuk,Yes,Perabotan,No
pesen warna merah yg dateng warna hitam padahal udaj konfirmasi di chat,sen warna merah dateng warna hitam udaj konfirmasi chat,unknown,3,Tokopedia,Neutral,Bentuk,No,Elektronik,No
best seller terima kasih untuk pengiriman cepat semuanya bekerja senang memesan dari anda terima kasih,best seller terima kasih kirim cepat senang mes terima kasih,unknown,5,Tokopedia,Positive,Lainnya,No,Elektronik,No
baunya pasaran prtama kali pakai semua orang sekitar gue sakit kepala jangan trlalu expektasi tinggi rugi kalian harga segitu,bau pasar prtama pakai sakit kepala trlalu expektasi tinggi rugi harga segitu,unknown,1,Tokopedia,Negative,Rasa,No,Kesehatan & Kecantikan,No
kualitas barang kurang baik,kualitas barang,unknown,3,Tokopedia,Neutral,Bentuk,No,Elektronik,No
trnyata tanggal merah tetap melayani pengiriman dan benar lngsung dikirimkan by instant kurir pelayanan dan respon nya juara semoga awet dan fungsional,trnyata tanggal merah layan kirim lngsung kirim by instant kurir layan respon juara moga awet fungsional,unknown,5,Tokopedia,Positive,Bentuk,No,Elektronik,No
warnanya cantik pengirimannya cpettt makaci pak kurir ujan2 d anterin,warna cantik kirim cpettt makaci kurir ujan2 anterin,unknown,4,Tokopedia,Positive,Bentuk,No,Fashion,No
belanja dari official store kondisi barang diterima seperti sampah dan barang rongsokan terima kasih,belanja official store kondisi barang terima sampah barang rongsok terima kasih,unknown,1,Tokopedia,Negative,Lainnya,No,Elektronik,No
jam tangan nya rusak ga bisa dipakai sampai rumah anak sy menangis dan kecewa,jam tangan rusak pakai rumah anak menang kecewa,unknown,1,Tokopedia,Negative,Lainnya,Yes,Fashion,Yes
saya sangat kecewa beli di toko ini seenak sendiri menaikan harga padahal sudah deal beli ditambah lagi admin nya sangat tidak ramah official store kok pelayanan seperti tidak profesional sangat tidak direkomendasikan membeli di sini pasti kecewa,kecewa beli toko enak naik harga deal beli tambah admin ramah official store layan profesional rekomendasi beli kecewa,unknown,1,Tokopedia,Negative,Rasa,Yes,Elektronik,No
seller kurang respon kecewa,seller respon kecewa,unknown,1,Tokopedia,Negative,Lainnya,Yes,Hobi & Hiburan,No
salah kirim bisa sih diselesaikan baik baik tapi males aja,salah kirim selesai males,unknown,3,Tokopedia,Neutral,Lainnya,No,Fashion,No
beda yg dipesen sama yg datang,beda sen,unknown,2,Tokopedia,Negative,Bentuk,No,Fashion,No
produknya bagus dan berfungsi dengan baik,produk bagus fungsi,unknown,4,Tokopedia,Positive,Bentuk,No,Hobi & Hiburan,No
warna yang datang beda sama asli diganti seh tp pas dateng bahannya tipissss banget nyesel deh,warna beda asli ganti seh pas dateng bahan tipissss nyesel,unknown,2,Tokopedia,Negative,Bentuk,No,Fashion,No
suka banget ama slamenya bonusnya byk pengiriman cepat semoga makin sukses seller,suka ama slamenya bonus byk kirim cepat moga sukses seller,unknown,5,Tokopedia,Positive,Lainnya,No,Hobi & Hiburan,No
mantap langsung sampai,mantap,unknown,5,Tokopedia,Positive,Rasa,No,Elektronik,No
koper penyok dari awal sdh pengen nambah bubble dus soalnya pengiriman luar jabodetabek smoga jd evaluasi seller,koper penyok ken nambah bubble dus kirim jabodetabek smoga jd evaluasi seller,unknown,3,Tokopedia,Neutral,Lainnya,No,Perabotan,No
paketnya udah dibubble wrap tapi tetep aja penyok syukur dalemnya gpp berfungsi dengan baik tapi entah nggak disemprot aernya rembes ke lantai untuk qualitynya oke aja sesuai harga lah,paket dibubble wrap tetep penyok syukur dalem gpp fungsi semprot aernya rembes lantai qualitynya oke sesuai harga,unknown,4,Tokopedia,Positive,Harga,No,Perabotan,No
barang gak datang ini penipuan,barang tipu,unknown,1,Tokopedia,Negative,Lainnya,Yes,Otomotif,No
beli baru tapi kok kacamatanya kotor dan usang,beli kacamata kotor usang,unknown,3,Tokopedia,Neutral,Bentuk,No,Hobi & Hiburan,No
bagus dan murah harganya oke buat sekali pakai worthed,bagus murah harga oke pakai worthed,unknown,5,Tokopedia,Positive,Harga,No,Kesehatan & Kecantikan,No
rekomendasi bangett toko ini kiriman cepat insya alloh langganan,rekomendasi bangett toko kirim cepat insya alloh langgan,unknown,5,Tokopedia,Positive,Lainnya,No,Perlengkapan Kantor,No
kualitas sesuai harga,kualitas sesuai harga,unknown,3,Tokopedia,Neutral,Harga,No,Kesehatan & Kecantikan,No
instalasi mudah pengiriman cpt respon cpt trims seller smoga awet aamiin sukses selalu seller tokopedia,instalasi mudah kirim cpt respon cpt trims seller smoga awet aamiin sukses seller tokopedia,unknown,5,Tokopedia,Positive,Bentuk,No,Hobi & Hiburan,No
pengiriman cepat produk nyaman buat dipakai dirumah,kirim cepat produk nyaman pakai rumah,unknown,5,Tokopedia,Positive,Bentuk,No,Fashion,No
material produk bagus kualitas produk bagus produk sesuai,material produk bagus kualitas produk bagus produk sesuai,unknown,5,Tokopedia,Positive,Bentuk,No,F&B,No
produk sesuai pengiriman cepat harganya 1ribu pas flash sale oke banget,produk sesuai kirim cepat harga 1ribu pas flash sale oke,unknown,5,Tokopedia,Positive,Bentuk,No,Perlengkapan Kantor,No
oke sippppppppp mantapppppppppp,oke sippppppppp mantapppppppppp,unknown,5,Tokopedia,Positive,Rasa,No,Otomotif,No
mantab rekomended banget,mantab rekomended,unknown,5,Tokopedia,Positive,Lainnya,No,Lainnya,No
terima kasihh boss mantappss smoga lancarr n berkah rezekinya smngttt boss,terima kasihh boss mantappss smoga lancarr berkah rezeki smngttt boss,unknown,5,Tokopedia,Positive,Rasa,No,Elektronik,No
sudah dibuka dicoba pasang kuat nempelnya kunciannya jg stabil bongkar pasang hp nya gampang penjual jg responsif,buka coba pasang kuat nempelnya kunci stabil bongkar pasang hp gampang jual responsif,unknown,5,Tokopedia,Positive,Bentuk,No,Elektronik,No
barang diterima sesuai pesanan thanks joyko,barang terima sesuai pesan thanks joyko,unknown,5,Tokopedia,Positive,Bentuk,No,Perlengkapan Kantor,No
kecewa banget pengiriman hanya dibungkus buble wrap doang sehinga ptodak ada yg pecah dan ada prodak yg bocor tetap dikirim ketika dikomplain disuruh kirim balik bayar ongkosnya rp ribu tapi dikembalikan hanya rp ribu sj quality kontrolnya jelek pengemasan nya seadanya sj,kecewa kirim bungkus buble wrap doang sehinga ptodak pecah prodak bocor kirim komplain suruh kirim bayar ongkos rp ribu kembali rp ribu sj quality kontrol jelek kemas ada sj,unknown,1,Tokopedia,Negative,Harga,Yes,Kesehatan & Kecantikan,Yes
bagus nih sensor nya ok bgt pilihan suara utk alarm jg oke lah akirnya dpt alarm clock yg sesuaiiii,bagus sensor oke pilih suara alarm oke akirnya alarm clock sesuaiiii,unknown,5,Tokopedia,Positive,Bentuk,No,Perabotan,No
tidak sesuai dengan kualitasnya dan panjangnya di gambar,sesuai kualitas panjang gambar,unknown,1,Tokopedia,Negative,Bentuk,Yes,Hobi & Hiburan,No
gak bener nih harusnya yang dateng tuh meja utuh malah baut2 gak terpasang dan baut2nya kecil banget mau dilem ngaco nih,bener dateng tuh meja utuh baut2 pasang baut2nya lem ngaco,unknown,1,Tokopedia,Negative,Bentuk,No,Elektronik,No
ga ada gunanya atc ini tetap ga dikasi bubble bikin rugi aja,guna atc kasi bubble bikin rugi,unknown,1,Tokopedia,Negative,Lainnya,No,Lainnya,No
rasanya gak enak kuah nya masa kentel di bnyakin air malah asrep gak karuan pokok nya pretttt,kuah kentel bnyakin air asrep karuan pokok pretttt,unknown,1,Tokopedia,Negative,Rasa,No,F&B,No
pengiriman tidak sesuai jadwal pengiriman sangat lama tidak di proses proses di anjurkan sangat kalau buru jgn beli di toko ini pelayanan buruk hanya cepat membalas chat saat mau beli klau sudah beli boro di bales di read saja tidak,kirim sesuai jadwal kirim proses proses anjur buru jgn beli toko layan buruk cepat balas chat beli klau beli boro bales read,unknown,1,Tokopedia,Negative,Bentuk,Yes,Perlengkapan Kantor,No
pelayanan toko sangat buruk saya order laptop disini dan setelah barangnya sampai laptop nya ga mau nyala habis itu saya berusaha minta solusi dari seller awalnya seller masih mau respon seadanya tidak menawarkan solusi dan sangat lamban lalu karena mikir respondnya lama banget terpaksa saya ajukan komplain tapi setelah di komplain seller ga pernah jawab diskusi ataupun respon kendalanya saya dicuekin selama hari sampai jangka waktu habis dan dana di refund kalau ada yg baca ulasan saya saya anjurkan utk order di toko lain jangan tergoda sama tittle official store nyata nya pelayanan toko ga lebih baik dari merchant biasa harga juga ga lebih murah,layan toko buruk order laptop barang laptop nyala habis usaha solusi seller seller respon ada tawar solusi lamban mikir respondnya paksa aju komplain komplain seller diskusi respon kendala dicuekin jangka waktu habis dana refund baca ulas anjur order toko goda tittle official store layan toko merchant harga murah,unknown,1,Tokopedia,Negative,Harga,Yes,Elektronik,Yes
paket cepat sampai dan terbungkus rapih dengan bubble terima kasih toped kurir dan sellerkualitas product bagus material bagus harga terjangkau recomended,paket cepat bungkus rapih bubble terima kasih toped kurir sellerkualitas product bagus material bagus harga jangkau recomended,unknown,5,Tokopedia,Positive,Bentuk,No,Perabotan,No
ini bukan kertas origami tapi post it,kertas origami post it,unknown,1,Tokopedia,Negative,Bentuk,No,Kerajinan & Pesta,No
yg direquest dgn yg dikirim beda warna tanpa ada konfirmasi,direquest kirim beda warna konfirmasi,unknown,3,Tokopedia,Neutral,Bentuk,No,Fashion,No
semuanya manatttaapp gan semoga sukses agan,manatttaapp gan moga sukses agan,unknown,5,Tokopedia,Positive,Lainnya,No,Lainnya,No
pengiriman cepat barang bagus packing rapi terimakasih,kirim cepat barang bagus packing rapi terimakasih,unknown,5,Tokopedia,Positive,Bentuk,No,Hobi & Hiburan,No
ga sesuai pesanan,sesuai pesan,unknown,1,Tokopedia,Negative,Bentuk,No,Kesehatan & Kecantikan,No
barang bagus sesuai deskripsi murah tapi gak murahan,barang bagus sesuai deskripsi murah murah,unknown,5,Tokopedia,Positive,Bentuk,No,Hobi & Hiburan,No
barang rusak ga guna sama sekali parah,barang rusak parah,unknown,1,Tokopedia,Negative,Bentuk,Yes,Elektronik,No
pelayanan buruk pengiriman lama dan respon yang lama jangan beli barang disini kalo ga mau kecewa cukup sekali ini aja,layan buruk kirim respon beli barang kecewa,unknown,1,Tokopedia,Negative,Lainnya,Yes,Elektronik,No
sedikit seret kalo dipadukan dengan produk original pake sedikit kekuatan bisa masuk overall puas sekali dengan produk bahan dan finishing bagus haturnuhun,seret padu produk original pake kuat overall puas produk bahan finishing bagus haturnuhun,unknown,5,Tokopedia,Positive,Bentuk,No,Elektronik,No
sangat kecewa baru buka dari kotaknya sudah ada pegangan karet kepalanya patah ke dua saya mau ngecas batrai pengecasannya konslet untung tidak terjadi kebakaran sangat2 kecewa berbelanja di sini,kecewa buka kotak pegang karet kepala patah ngecas batrai cas konslet untung bakar sangat2 kecewa belanja,unknown,1,Tokopedia,Negative,Bentuk,Yes,Hobi & Hiburan,No
mantap pas sih walau agak goyang2 ga lengket ke galon tpi speed air keluar cukup mulutnya mungkin yah agak kurang panjang dikit,mantap pas goyang2 lengket galon speed air mulut yah dikit,unknown,4,Tokopedia,Positive,Bentuk,No,F&B,No
ga sesuai produknya sma di photo bahannya kasar dan sama sekali tidak menyerap keringat jadi tidak nyaman dipakainya sejak beli lalu dicuci baru dipakai barusan banget dan terpaksa harus dibuka lg krna gerah ga kepake deh jadinya,sesuai produk sma photo bahan kasar serap keringat nyaman pakai beli cuci pakai barusan paksa buka lg krna gerah kepake,unknown,2,Tokopedia,Negative,Bentuk,No,Fashion,No
brg sesuai deskripsi sukses selalu,brg sesuai deskripsi sukses,unknown,5,Tokopedia,Positive,Bentuk,No,Hobi & Hiburan,No
cakep produk nya rekomen banget nih sesuai deskripsi,cakep produk rekomen sesuai deskripsi,unknown,5,Tokopedia,Positive,Bentuk,No,Elektronik,No
sangat sangat mengecewakan gak bisa di cas powerbank dan kata nya garansi malah ongkos kirim kita di suruh tanggung sendiri ya rugi parah lah ongkir dari batam itu kesitu belum lagi kenak pajak ditanya solusi lain gak respon,kecewa cas powerbank garansi ongkos kirim suruh tanggung rugi parah ongkos kirim batam kesitu nak pajak solusi respon,unknown,1,Tokopedia,Negative,Rasa,Yes,Elektronik,No
puas banget dengan sofa nya bagus dan adminnya sangat membantu saya minta tolong sebelum tahun baru dan benar hari ini barang langsung sampai terima kasih banyak,puas sofa bagus adminnya bantu tolong tahun barang terima kasih,unknown,5,Tokopedia,Positive,Bentuk,No,Perabotan,No
kecewa karna pesen barangnya yg hitam tapi dikirim nya yg masker medis karet warna hijau kok ngga bener gitu ya pelayanannya ckckck,kecewa karna sen barang hitam kirim masker medis karet warna hijau bener gitu layan ckckck,unknown,1,Tokopedia,Negative,Bentuk,Yes,Kesehatan & Kecantikan,Yes
packaging rapi barang sesuai pesanan ekspektasi bahannya lembut ringan jahitannya rapi dan warnanya cantik,packaging rapi barang sesuai pesan ekspektasi bahan lembut ringan jahit rapi warna cantik,unknown,5,Tokopedia,Positive,Bentuk,No,Fashion,No
respon sellernya cepet banget malem aja diladenin dikasih panduan install pula bwt yg pemula pasti kebantu banget mantaapp gan,respon sellernya cepet malem diladenin kasih pandu install bwt mula bantu mantaapp gan,unknown,5,Tokopedia,Positive,Bentuk,No,Elektronik,No
kurang cm sih dari pesanan panjang sebelah sama agak kurang rapi jahitan bawahnya diperbaiki lagi kedepannya thanx,cm pesan belah rapi jahit bawah baik depan thanx,unknown,3,Tokopedia,Neutral,Bentuk,No,Perabotan,No
maaf tp sablonnya bener2 ga layak,maaf sablon bener2 layak,unknown,2,Tokopedia,Negative,Lainnya,No,Fashion,No
sudah terpasang dgn kaca sesuai ukuran yg dipesan rapi dan kaya kaca mata mahal mantab thanks too buat cairan lens cleaner nya,pasang kaca sesuai ukur pes rapi kaya kaca mahal mantab thanks too cair lens cleaner,unknown,5,Tokopedia,Positive,Bentuk,No,Fashion,No
saya sarankan jangan transaksi sama toko ini pesanan saya sampai saat ini belum dikirim selalu bohong klo ditanya,saran transaksi toko pesan kirim bohong,unknown,1,Tokopedia,Negative,Bentuk,Yes,Hobi & Hiburan,No
mic dari awal ga nyala,mic nyala,unknown,1,Tokopedia,Negative,Lainnya,No,Elektronik,No
seller bertanggung jawab keren,seller tanggung keren,unknown,5,Tokopedia,Positive,Lainnya,No,Elektronik,No
lehernya patah seller nya ga bisa ganti rugi gatau di cek dulu apa ngga sebelum di kirim,leher patah seller ganti rugi gatau cek kirim,unknown,1,Tokopedia,Negative,Lainnya,No,Elektronik,No
yang motif ada yg cacat minta motif dikasih dan polos kwalitas kurang bagus maklum barang china masih bagus buatan lokal,motif cacat motif kasih polos kwalitas bagus maklum barang china bagus buat lokal,unknown,1,Tokopedia,Negative,Bentuk,Yes,Fashion,No
ga dikasih adaptor gepeng nya ketipu saya,kasih adaptor gepeng tipu,unknown,1,Tokopedia,Negative,Lainnya,Yes,Elektronik,No
harga terjangkau di bandingkan jrpass di tempat lain penukaran nya juga tanpa masalah next time pasti order kesini lagi,harga jangkau banding jrpass tukar next time order kesini,unknown,5,Tokopedia,Positive,Harga,No,Hobi & Hiburan,No
dikirim dengan cepat untuk wilayar jaksel langsung dipakai den befungsi dengan baik recomended seller,kirim cepat wilayar jaksel pakai den befungsi recomended seller,unknown,5,Tokopedia,Positive,Bentuk,No,Elektronik,No
seller ramah dan informatif proses dan delivery cepat packing rapih dan secure thanks for the sample bonus,seller ramah informatif proses delivery cepat packing rapih secure thanks for the sample bonus,unknown,5,Tokopedia,Positive,Bentuk,No,Kesehatan & Kecantikan,No
pengiriman lambat dan toko gak ramah dalam komunikasi,kirim lambat toko ramah komunikasi,unknown,2,Tokopedia,Negative,Lainnya,No,Elektronik,No
suaranya jernih nyaman dipakai lama bass nya mantap,suara jernih nyaman pakai bass mantap,unknown,5,Tokopedia,Positive,Rasa,No,Elektronik,No
ternyata lem pipa tidak begitu rekat ngelem sepatu sangat kecewa,lem pipa rekat ngelem sepatu kecewa,unknown,1,Tokopedia,Negative,Lainnya,Yes,Perabotan,No
unreliable walau dptnya flash sale 69rb tetep gak worth cuma sekedar charge yg ringan saja mgkn ok,unreliable dptnya flash sale 69rb tetep worth dar charge ringan mgkn oke,unknown,1,Tokopedia,Negative,Harga,No,Elektronik,No
barang tidak sesuai dengan yg di iklankan seperti nya bekas,barang sesuai iklan bekas,unknown,1,Tokopedia,Negative,Bentuk,Yes,Hobi & Hiburan,No
barang okelah standard yg bikin males tokonya slow respooonn padahal sering online chat gak dibalas hr baru dikirim,barang oke standard bikin males toko slow respooonn online chat balas hr kirim,unknown,3,Tokopedia,Neutral,Lainnya,No,Fashion,No
jahitan rapi warnanya cantik,jahit rapi warna cantik,unknown,5,Tokopedia,Positive,Bentuk,No,Fashion,No
ujung buku rusak padahal sudah mahal beli buku import,ujung buku rusak mahal beli buku import,unknown,2,Tokopedia,Negative,Harga,Yes,Hobi & Hiburan,No
harga juta tapi packagingnya cuma pakai selembaran plastik kebangetan bgt deh huhuuu sampe dirumah dus korsetnya sampe penyok2,harga juta packagingnya pakai lembar plastik banget huhuuu rumah dus korset penyok2,unknown,1,Tokopedia,Negative,Bentuk,No,Ibu & Bayi,No
sudah ga layak kenapa ga dibuang aja,layak buang,unknown,1,Tokopedia,Negative,Lainnya,No,F&B,No
tokopedia dabest thankssssssssssssssss,tokopedia dabest thankssssssssssssssss,unknown,5,Tokopedia,Positive,Lainnya,No,Perlengkapan Kantor,No
gak ada sablon di box nya harga mahal pula,sablon box harga mahal,unknown,2,Tokopedia,Negative,Harga,No,Lainnya,No
mic speakernya rusak suaranya terlampau kecil banget nyaris gak bisa dengar hmm not worth it gak di cek dulu sebelum kirim,mic speakernya rusak suara lampau dengar hmm not worth it cek kirim,unknown,2,Tokopedia,Negative,Harga,Yes,Elektronik,No
produk original barang sesuai deskripsi bahan tebal ponakan saya suka,produk original barang sesuai deskripsi bahan tebal ponakan suka,unknown,5,Tokopedia,Positive,Bentuk,No,Perabotan,No
barangnya original instalasi mudah garansi resmi tahan lama,barang original instalasi mudah garansi resmi tahan,unknown,5,Tokopedia,Positive,Bentuk,No,Hobi & Hiburan,No
full hd dan 2k hasil video nya masih noisy gak gitu jelas pun ada harga ada rupa overall masih acceptable di range harga ini,full hd 2k hasil video noisy gitu harga overall acceptable range harga,unknown,3,Tokopedia,Neutral,Harga,No,Elektronik,No
sesuai pesanan trmksi,sesuai pesan trmksi,unknown,4,Tokopedia,Positive,Bentuk,No,Fashion,No
gak ngerti model kardusnya kyk apa ada tanduknya tp kotaknya gak disesuaikan kardusnya sampai bolong tanduknya patah pdhl bubble warpnya udh bnyk bngt jd kardus kemasannya yg gak diperuntukan utk barangnya better dikeluarkan packing kardus ulang biar aman,ngerti model kardus tanduk kotak sesuai kardus bolong tanduk patah pdhl bubble warpnya bnyk bngt jd kardus kemas untuk barang better keluar packing kardus ulang biar aman,unknown,3,Tokopedia,Neutral,Bentuk,No,Perabotan,No
jepitan nya bagus2 canti anakku suka,jepit bagus2 canti anak suka,unknown,4,Tokopedia,Positive,Bentuk,No,Fashion,No
aku suka banget next pengen nyobain semua rasanya nyaman ketika digunakan,suka next ken nyobain nyaman,unknown,5,Tokopedia,Positive,Rasa,No,Hobi & Hiburan,No
tidak menerawang ukuran sesuai bahannya adem jahitan rapi warnanya cantik modelnya cantik,terawang ukur sesuai bahan adem jahit rapi warna cantik model cantik,unknown,5,Tokopedia,Positive,Bentuk,No,Fashion,No
bagusss ngga pernah mengecewakan packingnya aman banget kemasan bar sekarang,bagusss kecewa packingnya aman kemas bar,unknown,5,Tokopedia,Positive,Bentuk,No,Kesehatan & Kecantikan,No
makasih barang sudah mendarat dengan selamat,makasih barang darat selamat,unknown,5,Tokopedia,Positive,Lainnya,No,Elektronik,No
udah yang kedua kali beli disini ngga nyesel banget kualitas udah pasti oke pengirimannya juga bagus dan cepat packagingnya juga rapi dan aman,beli nyesel kualitas oke kirim bagus cepat packagingnya rapi aman,unknown,5,Tokopedia,Positive,Bentuk,No,F&B,No
jahitan rapi warnanya cantik mudah dibentuk,jahit rapi warna cantik mudah bentuk,unknown,5,Tokopedia,Positive,Bentuk,No,Fashion,No
pelayanan buruk tidak ada respon warna baju tdk sesuai di wa dan chat via toped gg ada respon beda jauh sama yg saya punya yg beli d toko ini,layan buruk respon warna baju sesuai wa chat via toped gg respon beda beli toko,unknown,1,Tokopedia,Negative,Bentuk,Yes,Fashion,Yes
dengan harga segitu kualitas spundbondnya uda bagus packingnya rapi jadi g sampe kusut kainnya,harga segitu kualitas spundbondnya uda bagus packingnya rapi kusut kain,unknown,5,Tokopedia,Positive,Bentuk,No,Elektronik,No
sukaa sekaliiii sellernya juga responded banget terima kasih ya sukses untuk seller,sukaa sekaliiii sellernya responded terima kasih sukses seller,unknown,5,Tokopedia,Positive,Lainnya,No,Hobi & Hiburan,No
mantab pengiriman cepat packaging terbaik,mantab kirim cepat packaging baik,unknown,5,Tokopedia,Positive,Bentuk,No,Hobi & Hiburan,No
bahannya adem warnanya cantik ukuran sesuai terimakasih,bahan adem warna cantik ukur sesuai terimakasih,unknown,5,Tokopedia,Positive,Bentuk,No,Fashion,No
wekernya bagus gampang settingnya baca petunjuk jangan males rgb lightingnya juga masuk di body warna hitamnya barangnya irit space dan yang paling penting angka di led nya gampang kebaca waktu terang,weker bagus gampang settingnya baca tunjuk males rgb lightingnya body warna hitam barang irit space angka led gampang baca waktu terang,unknown,5,Tokopedia,Positive,Bentuk,No,Perabotan,No
ini seller ngeyel bgt uda 3x belanjanya thermal 100x150 dgn beratnya 900gr per roll kali ini dpt roll berat 600gr diminta retur byk x alasan jelas ini penurunan kualitas atao isi silahkan kalian yg srg belanja cek aja jualan kgk usa bgitunya,seller ngeyel uda 3x belanja thermal 100x150 berat 900gr roll roll berat 600gr retur byk alas turun kualitas atao isi silah srg belanja cek jual kgk usa bgitunya,unknown,1,Tokopedia,Negative,Bentuk,Yes,Perlengkapan Kantor,No
cukup sy yg di rugikan krn brg yg dtg sy tdk vidio in orderan sy ada yg dtg cuma tp gift dpt brg uda mahal di komplen pun gak bs,rugi brg dtg vidio in order dtg gift brg uda mahal komplen bs,unknown,1,Tokopedia,Negative,Harga,No,Kesehatan & Kecantikan,No
barang terlihat murahan sangat keset dan sulit saat ingin membuka payung maupun menutup payung nyesel deh beli,barang murah keset sulit buka payung tutup payung nyesel beli,unknown,2,Tokopedia,Negative,Harga,No,Perabotan,No
kecewa pesanan sama barang yang dikirim tidak sesuai,kecewa pesan barang kirim sesuai,unknown,1,Tokopedia,Negative,Bentuk,Yes,Hobi & Hiburan,Yes
produk tidak sesuai dengan deskripsi penjual juga salah kirim dan tdk solutif padahal sudah dituliskan instruksi di keterangan,produk sesuai deskripsi jual salah kirim solutif tulis instruksi terang,unknown,1,Tokopedia,Negative,Bentuk,Yes,Perlengkapan Kantor,No
deskripsi dan gambar warna hitam tetapi barangnya yg sampai warna biru ga sesuai banget dichat komplain jawabnya cuma terima kasih ga niat jualan bos namanya orang jualan yg diutamakan harus kepuasan pelanggan klo di komplain jangan pura pura oon gak tau,deskripsi gambar warna hitam barang warna biru sesuai dichat komplain terima kasih niat jual bos nama jual utama puas langgan komplain pura pura oon tau,unknown,1,Tokopedia,Negative,Bentuk,Yes,Otomotif,Yes
pengiriman cepat dan buku aman,kirim cepat buku aman,unknown,5,Tokopedia,Positive,Lainnya,No,Hobi & Hiburan,No
pengiriman cepat packaging rapih prodak ok,kirim cepat packaging rapih prodak oke,unknown,5,Tokopedia,Positive,Bentuk,No,Kesehatan & Kecantikan,No
bahan celananya sangat amat tipis dan menerawang gak sesuai gambar di gambar kayak katun tebal gitu tapi aslinya yg dikirim tipis dan gak banget ya maaf,bahan celana tipis terawang sesuai gambar gambar katun tebal gitu asli kirim tipis maaf,unknown,1,Tokopedia,Negative,Bentuk,No,Fashion,No
barangnya gak sesuai gambar biasa aja pantes hrg murah,barang sesuai gambar pantes hrg murah,unknown,3,Tokopedia,Neutral,Bentuk,No,Fashion,No
bahannya sih bagus sesuai pesanan mudah an muat ya soalnya buat kado trmksh,bahan bagus sesuai pesan mudah an muat kado trmksh,unknown,5,Tokopedia,Positive,Bentuk,No,Fashion,No
serbaguna dan tajam barang sesuai deskripsi recommended seller tentunya,serbaguna tajam barang sesuai deskripsi recommended seller,unknown,5,Tokopedia,Positive,Bentuk,No,Perabotan,No
ada halaman yang hilang masa dari halaman langsung lompat ke halaman mohon di cek kembali setiap halamannya dong kalo sudah dicetak,halaman hilang halaman lompat halaman cek halaman cetak,unknown,1,Tokopedia,Negative,Lainnya,Yes,Hobi & Hiburan,No
baru dipake beberapa hari udah rusak aja,dipake rusak,unknown,1,Tokopedia,Negative,Lainnya,Yes,Hobi & Hiburan,No
beli pd gosong semua baru apa bekas nih biasanya beli ga gini untung asuransi hari,beli gosong bekas beli gin untung asuransi,unknown,1,Tokopedia,Negative,Lainnya,No,Elektronik,No
bagus banget barang nya,bagus barang,unknown,5,Tokopedia,Positive,Bentuk,No,Hobi & Hiburan,No
sdh diterima dg baik tdk ada yg bocor pengiriman cepat,terima dg bocor kirim cepat,unknown,5,Tokopedia,Positive,Lainnya,No,Kesehatan & Kecantikan,No
pakingnya kurang aman di pakein dus tipis doang pdahal elektronik dg barang riskan pecah kalo di tumpuk brng lain,paking aman pakein dus tipis doang pdahal elektronik dg barang riskan pecah tumpuk brng,unknown,3,Tokopedia,Neutral,Bentuk,No,Elektronik,No
penyok parah banget gk layak jual dan sobek parah padahal udh sering beli dikasihnya jelek banget gg bang,penyok parah layak jual sobek parah beli kasih jelek gg bang,unknown,1,Tokopedia,Negative,Bentuk,Yes,Elektronik,No
pengiriman okay packing aman barang sesuai deskripsi,kirim okay packing aman barang sesuai deskripsi,unknown,5,Tokopedia,Positive,Bentuk,No,Kesehatan & Kecantikan,No
produk sesuai deskripsi good communication fast response,produk sesuai deskripsi good communication fast response,unknown,5,Tokopedia,Positive,Bentuk,No,Hobi & Hiburan,No
nyaman banget dipakai kualitas bahan bagus,nyaman pakai kualitas bahan bagus,unknown,5,Tokopedia,Positive,Bentuk,No,Ibu & Bayi,No
bukan orlee yang dikirim payah,orlee kirim payah,unknown,1,Tokopedia,Negative,Lainnya,No,Otomotif,No
pengiriman cepat barang sesuai deskripsi terimakasih,kirim cepat barang sesuai deskripsi terimakasih,unknown,5,Tokopedia,Positive,Bentuk,No,Perabotan,No
saya udah beli tpi gaak di sertakan huh bohong,beli gaak serta huh bohong,unknown,1,Tokopedia,Negative,Lainnya,Yes,Lainnya,No
pengiriman sangat lama,kirim,unknown,1,Tokopedia,Negative,Lainnya,No,F&B,No
bau bgt kayak bau sampah,bau bau sampah,unknown,1,Tokopedia,Negative,Rasa,No,F&B,No
paket sdh diterima dgn baik sesuai pesanan respon dan proses nya cepat packing nya juga rapi dan safety thanks gan,paket terima sesuai pesan respon proses cepat packing rapi safety thanks gan,unknown,5,Tokopedia,Positive,Bentuk,No,Hobi & Hiburan,No
kardus bekas dijual itupun masih rusak susu nya,kardus bekas jual itu rusak susu,unknown,1,Tokopedia,Negative,Lainnya,Yes,Kerajinan & Pesta,No
saya melihat review produk ini hasil suara kualitas di youtube lumayan bagus tapi kenapa berbeda ya ketika beli barang nya noise nya masih terdengar meskipun pakai deadcat di indoor dan ga compatible juga sama splitter jack,review produk hasil suara kualitas youtube lumayan bagus beda beli barang noise dengar pakai deadcat indoor compatible splitter jack,unknown,3,Tokopedia,Neutral,Bentuk,No,Elektronik,No
enak lumpia basah nya dan admin baik minta daun bawang lebihan eh beneran di kasi banyak terimakasih nanti mau beli lagi,lumpia basah admin daun bawang lebih eh beneran kasi terimakasih beli,unknown,5,Tokopedia,Positive,Rasa,No,F&B,No
barang sangat jelek tipis kaku tidak elastis tidak sesuai dengan harganya saya sangat kecewa berat jangan sampai beli ini disini lagi,barang jelek tipis kaku elastis sesuai harga kecewa berat beli,unknown,1,Tokopedia,Negative,Bentuk,Yes,Hobi & Hiburan,No
pesanan sdh diterima dlm keadaan baik dan cpt sampainya dpt bonus stik terima kasih seller dan kurir,pesan terima dlm cpt sampai bonus stik terima kasih seller kurir,unknown,5,Tokopedia,Positive,Lainnya,No,Hobi & Hiburan,No
seller sih ok pengiriman cepat barang import mungkin waktu cek produksi kurang teliti kepala sapu sering lepas karena tidak bisa terkait sempurna mau saya coba lem nanti,seller oke kirim cepat barang import waktu cek produksi teliti kepala sapu lepas kait sempurna coba lem,unknown,2,Tokopedia,Negative,Bentuk,No,Perabotan,No
salah beli gabisa dituker pas di coba ternyata gabisa pas ditanya ini klaim garansi gimana yang bales malah bot tai,salah beli gabisa dituker pas coba gabisa pas klaim garansi gimana bales bot tai,unknown,1,Tokopedia,Negative,Bentuk,No,Elektronik,No
yg bikin kecewa pesen items yg nyampe cuma satu masih saya tunggu kekurangan barangnya uno stacko kayu uno card 2pcs dan werewolf 2pcs kalau tidak tolong refund aja uangnya,bikin kecewa sen items tunggu kurang barang uno stacko kayu uno card 2pcs werewolf 2pcs tolong refund uang,unknown,1,Tokopedia,Negative,Bentuk,Yes,Hobi & Hiburan,Yes
terlalu tipis tali earloop longgar,tipis tali earloop longgar,unknown,2,Tokopedia,Negative,Bentuk,No,Kesehatan & Kecantikan,No
barang sesuai bagus dan cepat sampai,barang sesuai bagus cepat,unknown,5,Tokopedia,Positive,Bentuk,No,Hobi & Hiburan,No
maaf nih wanginya kaya body lotion citra malahan masih lebih wangi body lotion emang sih harga murah tapi menurut saya tetep ga worthed,maaf wangi kaya body lotion citra wangi body lotion harga murah tetep worthed,unknown,1,Tokopedia,Negative,Harga,No,Kesehatan & Kecantikan,No
sepatu yg di kirim tidak sesuai sama yg saya order warna jenis dan ukuran berbeda komplain ribet padahal order titipan,sepatu kirim sesuai order warna jenis ukur beda komplain ribet order titip,unknown,1,Tokopedia,Negative,Bentuk,Yes,Perabotan,No
barang cepat banget diproses dibungkusnya pun sangat rapi mantap bisa buat langganan ini,barang cepat proses bungkus rapi mantap langgan,unknown,5,Tokopedia,Positive,Rasa,No,Perlengkapan Kantor,No
kain adem jahitan bagus ukuran pas positive,kain adem jahit bagus ukur pas positive,unknown,5,Tokopedia,Positive,Bentuk,No,Fashion,No
mantap barangnya cepet sampai dan enak digunainnya,mantap barang cepet digunainnya,unknown,5,Tokopedia,Positive,Rasa,No,Elektronik,No
nyaman banget dipakai kualitas bahan bagus tetap bisa gerak maksimal,nyaman pakai kualitas bahan bagus gerak maksimal,unknown,5,Tokopedia,Positive,Bentuk,No,Ibu & Bayi,No
kendaraan menjadi kinclong kembali mantap kendaraan menjadi kinclong kembali mantap senang banget ada home servicenya senang banget bisa di pasangin di bengkelnya,kendara kinclong mantap kendara kinclong mantap senang home servicenya senang pasangin bengkel,unknown,5,Tokopedia,Positive,Rasa,No,Otomotif,No
barang sesuai gambar packing rapi pengiriman cepat,barang sesuai gambar packing rapi kirim cepat,unknown,5,Tokopedia,Positive,Bentuk,No,F&B,No
bagus lah ini tombol nya anti kepencet sendiri karna kalau mau pause play mesti double tap beda sama yg under 200rban atau merk n kia kualitas bahan bagus harganya bersaing packing bagus kelengkapan sesuai,bagus tombol anti pencet karna pause play mesti double tap beda under 200rban merk kia kualitas bahan bagus harga saing packing bagus lengkap sesuai,unknown,5,Tokopedia,Positive,Bentuk,No,Elektronik,No
penjual kualitas terbaik ini tanpa harus bertanya progres barang sudah langsung di kabari via chat kepada pembeli luar biasaaaaaaa pertahankaannn,jual kualitas baik progres barang kabar via chat beli biasaaaaaaa pertahankaannn,unknown,5,Tokopedia,Positive,Bentuk,No,Lainnya,No
tolong di cek dulu sebelum kirim power yg satu keluar asap untung ganti kapasitor sendiri bisa,tolong cek kirim power asap untung ganti kapasitor,unknown,3,Tokopedia,Neutral,Bentuk,No,Elektronik,No
ini enak bgt di pakai setelah caesar di pakai saat duduk jg nyaman tidak bikin sakit rekomen pokok nya,pakai caesar pakai duduk nyaman bikin sakit rekomen pokok,unknown,5,Tokopedia,Positive,Rasa,No,Ibu & Bayi,No
kemasannya sangat bagus,kemas bagus,unknown,5,Tokopedia,Positive,Bentuk,No,Hobi & Hiburan,No
makasih ka barang ok,makasih ka barang oke,unknown,5,Tokopedia,Positive,Lainnya,No,Fashion,No
mantaaapppp wajib dibaca ini mah,mantaaapppp wajib baca mah,unknown,5,Tokopedia,Positive,Lainnya,No,Hobi & Hiburan,No
mantap sesuai deskripsi terimakasih,mantap sesuai deskripsi terimakasih,unknown,5,Tokopedia,Positive,Bentuk,No,Kerajinan & Pesta,No
kapok belanja disini lama banget pengiriman nya,kapok belanja kirim,unknown,1,Tokopedia,Negative,Lainnya,No,F&B,No
enak dipakai cocok dengan wajah sy mantap,pakai cocok wajah mantap,unknown,5,Tokopedia,Positive,Rasa,No,Fashion,No
sudah punya jenis yg sama made in china juga tapi yg ini bahannya lebih jelek,jenis made in china bahan jelek,unknown,2,Tokopedia,Negative,Bentuk,No,Perlengkapan Kantor,No
barang tidak sesuai gambar kualitas seperti harganya murahan kapok belanja disini lagi,barang sesuai gambar kualitas harga murah kapok belanja,unknown,1,Tokopedia,Negative,Bentuk,Yes,Kerajinan & Pesta,No
berfungsi dengan baik kualitas print juga bagus dan lebih enak disimpen karna ada sleeves nya,fungsi kualitas print bagus disimpen karna sleeves,unknown,5,Tokopedia,Positive,Bentuk,No,Elektronik,No
kecewa wanginya biasa aja wanginya ga tahan jam boro2 bisa jam sprti iklannya masih bagus bibit parfum pinggir jalan deh,kecewa wangi wangi tahan jam boro2 jam sprti iklan bagus bibit parfum pinggir jalan,unknown,1,Tokopedia,Negative,Rasa,Yes,Kesehatan & Kecantikan,Yes
produk dan layanan bagus serta terpercaya,produk layan bagus percaya,unknown,5,Tokopedia,Positive,Bentuk,No,Elektronik,No
seller responsif sekalii kaos kaki nyaman bgt dipake terima kasih,seller responsif sekali kaos kaki nyaman dipake terima kasih,unknown,5,Tokopedia,Positive,Bentuk,No,Fashion,No
beli barang tapi barang nya sendiri tidak pernah datang sementara status selesai pengembalian uang belum juga dilakukan sampai saat ini,beli barang barang status selesai kembali uang,unknown,1,Tokopedia,Negative,Lainnya,No,Fashion,No
lebih kecil ndak muat di mesin cuci elextrolux overal bhanya bagus anti air,ndak muat mesin cuci elextrolux overal bhanya bagus anti air,unknown,3,Tokopedia,Neutral,Bentuk,No,Perabotan,No
desainnya cantik warnanya cantik kualitas produk bagus,desain cantik warna cantik kualitas produk bagus,unknown,5,Tokopedia,Positive,Bentuk,No,Fashion,No
barang bagus sesuai deskripsi tinggal setting sesuai kertas petunjuk pengiriman cuma sehari pdahal jkt sby kalo mati bakal ke reset ulang mantap,barang bagus sesuai deskripsi tinggal setting sesuai kertas tunjuk kirim hari pdahal jkt sby mati reset ulang mantap,unknown,5,Tokopedia,Positive,Bentuk,No,Perabotan,No
warna tidak sesuai permintaan padahal sudah di beri note tetap saja dikirim warna random,warna sesuai minta note kirim warna random,unknown,3,Tokopedia,Neutral,Bentuk,No,Fashion,No
konsumen ga dianggap attitude merupakan hal pokok dan semestinya tetap dinomorsatukan,konsumen anggap attitude pokok mesti dinomorsatukan,unknown,1,Tokopedia,Negative,Lainnya,No,Kesehatan & Kecantikan,No
po udah sebulan gak sampai cm d kirim voucher dan di janjikan minggu k bulan juni di kirim cuman sampe skrg udh akhir bulan juni blm terima juga di chat gak balas,po bulan cm kirim voucher janji minggu juni kirim cuman skrg juni terima chat balas,unknown,1,Tokopedia,Negative,Lainnya,No,Ibu & Bayi,No
kualitas bahan bagus jahitannya rapi warnanya cantik model celananya cantik nyaman dipakai bahan menyerap keringat ukuran sesuai tidak menerawang bahannya adem bahannya lembut udh punya warna navy dan dark grey pengen lagi warna lain bagus pake banget,kualitas bahan bagus jahit rapi warna cantik model celana cantik nyaman pakai bahan serap keringat ukur sesuai terawang bahan adem bahan lembut warna navy dark grey ken warna bagus pake,unknown,5,Tokopedia,Positive,Bentuk,No,Fashion,No
kecewa berat kardus rusak padahal untuk kado,kecewa berat kardus rusak kado,unknown,1,Tokopedia,Negative,Bentuk,Yes,Ibu & Bayi,Yes
buku ori pengiriman cepat dan aman pakai bubble wrap,buku original kirim cepat aman pakai bubble wrap,unknown,5,Tokopedia,Positive,Bentuk,No,Hobi & Hiburan,No
tidak bisa hidup,hidup,unknown,1,Tokopedia,Negative,Lainnya,No,Hobi & Hiburan,No
mantap sekali sangat recommended respon seller bintang baru pesan tadi malam hari ini langsung datang,mantap recommended respon seller bintang pesan malam,unknown,5,Tokopedia,Positive,Rasa,No,Elektronik,No
peking aman dan rapi puas,peking aman rapi puas,unknown,5,Tokopedia,Positive,Bentuk,No,Lainnya,No
barang tidak sesuai gambar,barang sesuai gambar,unknown,1,Tokopedia,Negative,Bentuk,Yes,Fashion,No
ulasan hanya untuk product saja bukan untuk toko ya karena respon toko cukup baik produk ini kekurangannya adalah battery yg tidak bagus pengiriman pertama battery tidak dapat charging sy return datang product pengganti sempat sy pakai harian setelah itu battery keok dan gk mau charge gk bisa dipakai lagi entah produk yg dikirim kesaya kebetulan yg cacat atau memang product gamesir t4 tidka bagus,ulas product toko respon toko produk kurang battery bagus kirim battery charging return product ganti pakai hari battery keok charge pakai produk kirim saya cacat product gamesir t4 tidka bagus,unknown,2,Tokopedia,Negative,Bentuk,Yes,Elektronik,No
barang sesuai kualitasnya pelayanan toko bagus dan responsif,barang sesuai kualitas layan toko bagus responsif,unknown,5,Tokopedia,Positive,Bentuk,No,Fashion,No
cuman bisa dipanjangin sebelah sebelah yang nga bs dipanjangin sudah karatan karet yg dikasih mudah lepas nga dikasih kotak kondisi barang seperti barang seken nga dikasih baut sama karet kecil kalau emg ada double check dari pihak speeds knp hal sepele untuk satu produk aja bs begini kejadiannya,cuman dipanjangin belah belah nga bs dipanjangin karat karet kasih mudah lepas nga kasih kotak kondisi barang barang ken nga kasih baut karet emg double check speeds knp sepele produk bs jadi,unknown,1,Tokopedia,Negative,Bentuk,No,Hobi & Hiburan,No
yg beli wiskas junior bau bangke kucing gk pd doyan,beli wiskas junior bau bangke kucing doyan,unknown,1,Tokopedia,Negative,Rasa,No,Perawatan Hewan,No
semurah ini dan sebagus ini maaf ya telat baru ada kuota bajunya lagi dijemur ringan dipakai jahitannya rapi ukuran sesuai warnanya bagus bahan menyerap keringat tidak menerawang,murah bagus maaf telat kuota baju jemur ringan pakai jahit rapi ukur sesuai warna bagus bahan serap keringat terawang,unknown,5,Tokopedia,Positive,Bentuk,No,Fashion,No
kurang suka sama kainnya,suka kain,unknown,3,Tokopedia,Neutral,Bentuk,No,Ibu & Bayi,No
barangnya datang dalam keadaan tidak bagus,barang bagus,unknown,1,Tokopedia,Negative,Bentuk,No,Hobi & Hiburan,No
positive sesuai pesanan terima kasih pas ank sya suka,positive sesuai pesan terima kasih pas ank sya suka,unknown,4,Tokopedia,Positive,Bentuk,No,Fashion,No
produk diterma dengan baik pengirimannya juga luar biasa cepat dicoba juga pas banget untuk nintendonya,produk diterma kirim cepat coba pas nintendonya,unknown,5,Tokopedia,Positive,Bentuk,No,Elektronik,No
stok vitamin wajib di luar permaduan ikhtiar menjaga kesehatan sempat ketar ketir karna packing hnya bubble wrap tnp dus air pouch tp pas unboxing alhamdulillah aman semua ed jauh smp dlm keadaan selamat thanks bgt seller,stok vitamin wajib madu ikhtiar jaga sehat ketar tir karna packing hnya bubble wrap tnp dus air pouch pas unboxing alhamdulillah aman ed smp dlm selamat thanks seller,unknown,5,Tokopedia,Positive,Bentuk,No,Kesehatan & Kecantikan,No
entah knp skrg proses orderannya lama banget,knp skrg proses order,unknown,1,Tokopedia,Negative,Lainnya,No,Kesehatan & Kecantikan,No
barang sesuai gambar pengirimannya bisa lebih dipercepat akan lebih mantap,barang sesuai gambar kirim cepat mantap,unknown,4,Tokopedia,Positive,Bentuk,No,Fashion,No
satu pcs dipakai jam panas satu lagi tidak bisa fast charging dibuang ke tong sampah langsung,pcs pakai jam panas fast charging buang tong sampah,unknown,1,Tokopedia,Negative,Lainnya,No,Elektronik,No
potongannya rapi ukurannya sesuai warnanya cantik bahannya adem produk berkualitas produk sesuai dengan foto,potong rapi ukur sesuai warna cantik bahan adem produk kualitas produk sesuai foto,unknown,5,Tokopedia,Positive,Bentuk,No,Fashion,No
alamak buset packingnya kurang rapi di bungkus plastik putih transparan aja harusnya di bungkus plastik hitam aja biar rapih,alamak buset packingnya rapi bungkus plastik putih transparan bungkus plastik hitam biar rapih,unknown,2,Tokopedia,Negative,Bentuk,No,Ibu & Bayi,No
hati2 untuk yng beli alat ini saya baru pake kali dan besiny copot dari base nya seller tidak memberikan solusi padahal saya meminta replacement dan bukan refund saya sarankan untuk membeli merek lain dripda membeli brang defect dari toko ini,hati2 yng beli alat pake besiny copot base seller solusi replacement refund saran beli merek dripda beli brang defect toko,unknown,1,Tokopedia,Negative,Bentuk,Yes,Hobi & Hiburan,No
udah 2x beli ga awet banget yg pertama rusak rel nya macet beli lagi eh relnya kendor ga mau kenceng beltnya,2x beli awet rusak rel macet beli eh rel kendor kenceng beltnya,unknown,1,Tokopedia,Negative,Bentuk,Yes,Fashion,No
kura kuranya tidak mulus,kura kura mulus,unknown,1,Tokopedia,Negative,Lainnya,No,Perawatan Hewan,No
best bgt sih ini fast respon best price prosesnya cepet bgt satu lagi helpfull dibantuin ganti tgl karena di tgl pas booking mendadak ada halangan kirain bakal hangus tiketnya gak taunya dibantu proses reschedulenya pokoknya best bgt bakal jadi langganan,best fast respon best price proses cepet helpfull dibantuin ganti tgl tgl pas booking dadak halang kirain hangus tiket tau bantu proses reschedulenya pokok best langgan,unknown,5,Tokopedia,Positive,Bentuk,No,Hobi & Hiburan,No
sumpah ini bagus keren packing rapi bgt product aman sdh di test berfungsi cloud nya bnyk ga basah ga ada noise filter dpt pc pake battery jd praktis ditaro dmn aja top thanks seller,sumpah bagus keren packing rapi product aman test fungsi cloud bnyk basah noise filter pc pake battery jd praktis ditaro dmn top thanks seller,unknown,5,Tokopedia,Positive,Bentuk,No,Perabotan,No
barang cet sampai thanks seller fast respon nya,barang cet thanks seller fast respon,unknown,5,Tokopedia,Positive,Lainnya,No,Elektronik,No
mantaap semoga awet murah meriah tp fungsi nya sangat mbantu sekali utk pekerjaan rumah lbh irit pemakaian superpel jadi nya,mantaap moga awet murah riah fungsi mbantu kerja rumah lbh irit pakai superpel,unknown,5,Tokopedia,Positive,Harga,No,Perabotan,No
brang bagus kbel bisa cuma kalo di pake panas di pegangan lampunnya,brang bagus kbel pake panas pegang lampunnya,unknown,3,Tokopedia,Neutral,Bentuk,No,Elektronik,No
baru kali ini pesan di sini kecewa hasil print meleset dari desain seller dikasih masukan malah menyalahkan pembeli ga bakal beli lagi,pesan kecewa hasil print meleset desain seller kasih masuk salah beli beli,unknown,1,Tokopedia,Negative,Bentuk,Yes,Perlengkapan Kantor,Yes
barang rusak kok dikirim,barang rusak kirim,unknown,1,Tokopedia,Negative,Lainnya,Yes,Perabotan,No
kecewa sama toko official ini ga tau kenapa pesenan pertama ga dikonfirmasi sampe di batalin sistem karena ga direspon sama sekali pesanan kedua karena disuruh pesan lagi sama tokonya dan cuma dikonfirmasi doang ga dikirim sampe udah tinggal menit sebelum dibatalin sistem lagi tapi untungnya gara chat cs tokopedia akhirnya barang bakalan dikirim didetik terakhir ga cuma sampe situ aja payahnya barang baru diambil kurir tanggal dan pickup barang sama kurir lebih dari hari proses kirim pun lemot muter padahal udah lewat depan rumah baru tanggal jam malem paketnya sampe,kecewa toko official tau sen konfirmasi batalin sistem direspon pesan suruh pesan toko konfirmasi doang kirim tinggal menit dibatalin sistem untung gara chat cs tokopedia barang kirim detik situ payah barang ambil kurir tanggal pickup barang kurir proses kirim lot muter rumah tanggal jam malem paket,unknown,1,Tokopedia,Negative,Bentuk,Yes,Elektronik,Yes
kecewa sekali tidak sesuai descripsi ukuran yard boong banget sangat tipis sekali,kecewa sesuai descripsi ukur yard boong tipis,unknown,1,Tokopedia,Negative,Bentuk,Yes,Perlengkapan Kantor,Yes
kemasan rapi brg sesuai pesanan,kemas rapi brg sesuai pesan,unknown,5,Tokopedia,Positive,Bentuk,No,Perlengkapan Kantor,No
beli pieces dgn catatan warna yg berbeda tapi datang dgn warna yg sama kesemuanya,beli pieces catat warna beda warna semua,unknown,1,Tokopedia,Negative,Bentuk,Yes,Fashion,No
pie susunya jamuran duh parah bgt sih jualan,pie susu jamur duh parah jual,unknown,1,Tokopedia,Negative,Lainnya,Yes,F&B,No
gak ada pengaruh kutu msih hidup sdh saya tes langsung merasa ditipu nih semoga dapat karma dah lu,pengaruh kutu msih hidup tes tipu moga karma dah,unknown,1,Tokopedia,Negative,Rasa,Yes,Perawatan Hewan,No
aromanya bikin pusing dan mual,aroma bikin pusing mual,unknown,1,Tokopedia,Negative,Rasa,No,Kesehatan & Kecantikan,No
order dan gambar truck pemadam kok dikirim mobilan police not recommended,order gambar truck madam kirim mobil police not recommended,unknown,1,Tokopedia,Negative,Lainnya,No,Hobi & Hiburan,Yes
terimakasih barang sudah sampai dengan selamat,terimakasih barang selamat,unknown,5,Tokopedia,Positive,Lainnya,No,Hobi & Hiburan,No
sama sekali gk bisa dpake asli nyesel,dpake asli nyesel,unknown,1,Tokopedia,Negative,Bentuk,No,Elektronik,No
top banget kurir ramah banget udah langganan sicepat top dah terimakasih seller dan kurir gak lupa juga tokopedia terimakasih,top kurir ramah langgan sicepat top dah terimakasih seller kurir lupa tokopedia terimakasih,unknown,5,Tokopedia,Positive,Lainnya,No,Perlengkapan Kantor,No
untuk pengiriman antar pulau penjual hanya packing dg lapis kresek alhasil dusnya babakbelur penyok sobek sana sini padahal ini mau utk kado barang2 kecil saja di olshop lain dipakein bubble wrap kotak double mana lama bgt baru dikirim order sabtu dikirim senin shame on you,kirim pulau jual packing dg lapis kresek alhasil dus babakbelur penyok sobek kado barang2 olshop dipakein bubble wrap kotak double kirim order sabtu kirim senin shame on you,unknown,1,Tokopedia,Negative,Bentuk,No,Ibu & Bayi,No
tidak komunikatif wrn yg di pilih ga ada sdh chat conform minta kirim yg ada aja yg ga ada ga usa kirim malah di kirim wrn asal,komunikatif wrn pilih chat conform kirim usa kirim kirim wrn,unknown,4,Tokopedia,Positive,Lainnya,No,Kesehatan & Kecantikan,No
bagus sesuai ekspektasi,bagus sesuai ekspektasi,unknown,5,Tokopedia,Positive,Bentuk,No,Kesehatan & Kecantikan,No
barang di terima banyak yg bocor keluar dan banyak yg kosong barang tidak sesuai deskripsi,barang terima bocor kosong barang sesuai deskripsi,unknown,2,Tokopedia,Negative,Bentuk,Yes,Elektronik,No
kancing nya baru bbrp kali pake copot kurang kuat,kancing bbrp pake copot kuat,unknown,3,Tokopedia,Neutral,Bentuk,No,Fashion,No
bahan biasa gak seperti yg dibayangin,bahan dibayangin,unknown,2,Tokopedia,Negative,Bentuk,No,Fashion,No
pesanan ndk sesuai pesen m di kirim l,pesan ndk sesuai sen kirim,unknown,1,Tokopedia,Negative,Bentuk,No,Ibu & Bayi,No
kecewa dengan pelayanan toko ini ada barang bermasalah disuruh tekan komplain tetapi kenyataannya ribet dibelakangnya kapok belanja disini barang hanya senilai 7rb tetapi minta video sampai 3x barang tidak berfungsi masih saja menolak komplain semoga berkah,kecewa layan toko barang masalah suruh tekan komplain nyata ribet belakang kapok belanja barang nila 7rb video 3x barang fungsi tolak komplain moga berkah,unknown,1,Tokopedia,Negative,Lainnya,Yes,Kerajinan & Pesta,Yes
barang ok pengiriman cepat recommended seller,barang oke kirim cepat recommended seller,unknown,5,Tokopedia,Positive,Lainnya,No,Hobi & Hiburan,No
barang cepat sampai dlm keadaan baik,barang cepat dlm,unknown,5,Tokopedia,Positive,Lainnya,No,Perawatan Hewan,No
packing sama sekali gak ada dus bubble,packing dus bubble,unknown,1,Tokopedia,Negative,Bentuk,No,Lainnya,No
kualitas produk kurang memuaskan,kualitas produk muas,unknown,3,Tokopedia,Neutral,Bentuk,No,Fashion,No
cepat amat sampai paketnya bahan satin bagus dan halus ramah banget orangnya,cepat paket bahan satin bagus halus ramah orang,unknown,5,Tokopedia,Positive,Bentuk,No,Fashion,No
review jujur ya port untuk kontroler player nya nggak berfungsi sudah coba tanya ke seller but no respon sudah coba reset colok cabut dan pindah2in kontroler tp tetap nggak berfungsi thanks,review jujur port kontroler player fungsi coba seller but no respon coba reset colok cabut pindah2in kontroler fungsi thanks,unknown,3,Tokopedia,Neutral,Lainnya,No,Elektronik,No
warnanya cantik baunya tidak menyengat harga terjangkau pengiriman cepat packing aman,warna cantik bau sengat harga jangkau kirim cepat packing aman,unknown,5,Tokopedia,Positive,Harga,No,Kesehatan & Kecantikan,No
bungkusannya ga kuat pecah,bungkus kuat pecah,unknown,3,Tokopedia,Neutral,Bentuk,No,Kesehatan & Kecantikan,No
barang bagus kualitas oke,barang bagus kualitas oke,unknown,4,Tokopedia,Positive,Bentuk,No,Hobi & Hiburan,No
pengemasan barang baik kondisi barang jg utuh tanpa cacat berfungsi normal dan lancar respon dan servis dari seler juga baik,kemas barang kondisi barang utuh cacat fungsi normal lancar respon servis seler,unknown,5,Tokopedia,Positive,Lainnya,No,Perabotan,No
ah apaan ga ngaruh apa2 yang ada bikin iritasi gatal gatal merah jadinya,ah ngaruh apa2 bikin iritasi gatal gatal merah,unknown,1,Tokopedia,Negative,Lainnya,No,Kesehatan & Kecantikan,No
penjual tidak komunikatif,jual komunikatif,unknown,1,Tokopedia,Negative,Lainnya,No,Hobi & Hiburan,No
ini pembelian ke2 sblmnya sdh beli yg army suka bgt makanya beli lg yg light grey ternyata size nya beda sm yg army pdhl pilihnya jg all size yg grey stlh dipake br sadar ada jahitan tdk rapi spt itu perlu ditingkatkan lg bagian qc nya nii,beli ke2 sblmnya beli army suka beli lg light grey size beda sm army pdhl pilih all size grey stlh dipake br sadar jahit rapi spt tingkat lg qc nii,unknown,3,Tokopedia,Neutral,Bentuk,No,Fashion,No
ada kesalahan di mc dan hardisknya gak bisa digunain jd nya psnya masa gak ke isi game atau mc nya ngeblank padahal belinya bkn dgn duit yg sdikit dan harus beli kabel lagi karna salah kirim udah gt isi game sndri jadinya kecewaaaaa sumpah,salah mc hardisknya digunain jd psnya isi game mc ngeblank beli bkn duit sdikit beli kabel karna salah kirim gt isi game sndri kecewaaaaa sumpah,unknown,1,Tokopedia,Negative,Lainnya,Yes,Elektronik,No
pesanan cepat sampai d tujuan barang tiada kendala,pesan cepat tuju barang tiada kendala,unknown,4,Tokopedia,Positive,Lainnya,No,F&B,No
mantap tajam kualitas produk bagus produk sesuai,mantap tajam kualitas produk bagus produk sesuai,unknown,5,Tokopedia,Positive,Bentuk,No,F&B,No
sy pernah usaha jd sy tdk mau menjelekan usaha org sya toleransi klo pertama beli colokan rusak sy anggap kurir tpi transaksi ke ini lampu 2dari hanya nyala setengah bagaimana admin jualan tidak cek dulu sebelum pac d kirim jujur saya kecewa saya beli barang mungkin murah tapi bukan yg rusak donk cukup terakhir kali belanja di toko ini,usaha jd jelek usaha org sya toleransi beli colok rusak anggap kurir transaksi lampu 2dari nyala admin jual cek pac kirim jujur kecewa beli barang murah rusak donk belanja toko,unknown,1,Tokopedia,Negative,Harga,Yes,Elektronik,Yes
mantappp maaf ga sempet foto produknya makasih bonus pouchnya ka semoga sukses selalu,mantappp maaf sempet foto produk makasih bonus pouchnya ka moga sukses,unknown,5,Tokopedia,Positive,Rasa,No,Lainnya,No
busyeettt lamaaa amit nyampe brgnya pdhl udh 2x order,busyeettt lamaaa amit brgnya pdhl 2x order,unknown,1,Tokopedia,Negative,Lainnya,No,F&B,No
bahan tidak kulit tidak sesuai iklan,bahan kulit sesuai iklan,unknown,1,Tokopedia,Negative,Bentuk,Yes,Perabotan,No
enak banget bikin ketagihan,bikin tagih,unknown,5,Tokopedia,Positive,Rasa,No,F&B,No
seller fast respon nice packing kardus bubble wrap game udah pasti lancar jaya,seller fast respon nice packing kardus bubble wrap game lancar jaya,unknown,5,Tokopedia,Positive,Bentuk,No,Elektronik,No
enak isiannya banyak sausnya mantap,isi saus mantap,unknown,5,Tokopedia,Positive,Rasa,No,F&B,No
mantap langsung dipakai anak untuk belajar,mantap pakai anak ajar,unknown,5,Tokopedia,Positive,Rasa,No,Perlengkapan Kantor,No
ga berfungsi kecewa bgt,fungsi kecewa,unknown,1,Tokopedia,Negative,Lainnya,Yes,Perabotan,No
murah dan mudah digunakan setidaknya nya bermanfaat dan packing cukup aman tebal bubble wrapnya see you again,murah mudah manfaat packing aman tebal bubble wrapnya see you again,unknown,5,Tokopedia,Positive,Harga,No,Perlengkapan Kantor,No
well hari baru sampe fix pesanan terlama di tokped saya sobek pula bungkusnya ok thanks sampai dsini,well fix pesan lama tokped sobek bungkus oke thanks dsini,unknown,1,Tokopedia,Negative,Lainnya,No,Hobi & Hiburan,No
tulisannya kayak kopian atau cetakan ulang,tulis kopi cetak ulang,unknown,2,Tokopedia,Negative,Lainnya,No,Hobi & Hiburan,No
beneran waterproof bulu mata jadi lentik proses pesanan cepat packaging aman nggak menggumpal gampang dibersihkan packaging rapi,beneran waterproof bulu lentik proses pesan cepat packaging aman gumpal gampang bersih packaging rapi,unknown,5,Tokopedia,Positive,Bentuk,No,Kesehatan & Kecantikan,No
mienya enak favorit keluarga sudah langganan beli mie sedap di toko os packing rapi dan dpt bonus makasih ya,mienya favorit keluarga langgan beli mie sedap toko os packing rapi bonus makasih,unknown,5,Tokopedia,Positive,Rasa,No,F&B,No
sudah beberapa kali beli pastel ini ga pernah ngecewain rasanya mantappp seller nya juga ramah banget,beli pastel ngecewain mantappp seller ramah,unknown,5,Tokopedia,Positive,Rasa,No,F&B,No
selalu puas dan langganan pengiriman super cepat top pokoknya,puas langgan kirim super cepat top pokok,unknown,5,Tokopedia,Positive,Lainnya,No,Lainnya,No
minta warna putih dikasih hijau seller banyak alasan babibu,warna putih kasih hijau seller alas babibu,unknown,1,Tokopedia,Negative,Bentuk,No,Perlengkapan Kantor,No
bagus pengiriman cepat,bagus kirim cepat,unknown,5,Tokopedia,Positive,Bentuk,No,Lainnya,No
fast response sponge nya juga bagus satu sisinya kasar material produk bagus,fast response sponge bagus sisi kasar material produk bagus,unknown,5,Tokopedia,Positive,Bentuk,No,F&B,No
bagus banget hasilnya matte dan ga kering di bibir di kulit gelap juga cocok dan tadi dicoba pake masker ga nyeplak lipstiknya cuma sayang warnya merahnya kurang nyala dibanding lipcream matte yg impulse tapi overall oke kok kalo make over keluarin warna baru lagi yang merahnya lebih nyala bakal order,bagus hasil matte kering bibir kulit gelap cocok coba pake masker nyeplak lipstik sayang warnya merah nyala banding lipcream matte impulse overall oke make over keluarin warna merah nyala order,unknown,4,Tokopedia,Positive,Bentuk,No,Kesehatan & Kecantikan,No
terimakaasih pesanan sudah sampai pas buat anak2,terimakaasih pesan pas anak2,unknown,5,Tokopedia,Positive,Bentuk,No,Fashion,No
mantap donk produk original,mantap donk produk original,unknown,5,Tokopedia,Positive,Rasa,No,Perabotan,No
produk tidak layak dimakan sudah jamuran beberapa pcs padahal tulisan expired date masih bulan lagi harap di qc ulang semua produk makanannya agar layak dimakan konsumen,produk layak makan jamur pcs tulis expired date harap qc ulang produk makan layak makan konsumen,unknown,1,Tokopedia,Negative,Lainnya,No,F&B,No
rangka besi sangat tipis dan lemah tertulis bahwa berat maksimum yang dapat ditopang adalah 40kg tapi belum sampai 10kg saja sudah ambruk karena keberatan,rangka besi tipis lemah tulis berat maksimum topang 40kg 10kg ambruk berat,unknown,2,Tokopedia,Negative,Bentuk,No,Perabotan,Yes
mantap sukses terus tokonya,mantap sukses toko,unknown,5,Tokopedia,Positive,Rasa,No,Lainnya,No
pengiriman cepat packing rapi dan aman jumlah sesuai dgn yg diorder terimakasih seller,kirim cepat packing rapi aman sesuai order terimakasih seller,unknown,5,Tokopedia,Positive,Bentuk,No,Lainnya,No
disuru pilih aromanya tapi yg dikirim gak sesuai coba donk klo dagang online yg sesuai pembeli pembeli adalah raja belinya pake uang kok tdk minta,disuru pilih aroma kirim sesuai coba donk dagang online sesuai beli beli raja beli pake uang,unknown,1,Tokopedia,Negative,Rasa,No,Otomotif,No
lampu nya nyala tapi bentar aja tahan nya habis itu mati terus di colon lagi hidup trus bentar aja mati ngak tau salahnya dimana,lampu nyala bentar tahan habis mati colon hidup trus bentar mati ngak tau salah mana,unknown,1,Tokopedia,Negative,Lainnya,Yes,Elektronik,No
alhamdulillah bagus material produk bagus produk sesuai produk berfungsi dengan baik,alhamdulillah bagus material produk bagus produk sesuai produk fungsi,unknown,5,Tokopedia,Positive,Bentuk,No,F&B,No
bohong gak dapat hadiah kapok beli d sini,bohong hadiah kapok beli,unknown,1,Tokopedia,Negative,Lainnya,Yes,Ibu & Bayi,No
sudah diterima dengan baik terimakasih,terima terimakasih,unknown,5,Tokopedia,Positive,Lainnya,No,Lainnya,No
alhamdulilah barangnya sudah sampe ukurannya juga besar sesuai yg di gambar mudah2an bermanfaat buat kegiatan belajar mengajar kami di pesantren,alhamdulilah barang ukur sesuai gambar mudah2an manfaat giat ajar ajar pesantren,unknown,5,Tokopedia,Positive,Bentuk,No,Perlengkapan Kantor,No
produk yang diterima lengkap lampunya terang pas di kepala pengiriman standard paket sampai dengan aman makasih,produk terima lengkap lampu terang pas kepala kirim standard paket aman makasih,unknown,5,Tokopedia,Positive,Bentuk,No,Hobi & Hiburan,No
masa isi nya hanya gram kan harusnya kg kesel,isi gram kg kesel,unknown,1,Tokopedia,Negative,Lainnya,No,Perawatan Hewan,No
kain jarik nya tipiiis banget kalo untk acara resmi lebih baik cari yang lain aja ada harga emang ada kwalitas,kain jarik tipiiis untk acara resmi cari harga kwalitas,unknown,3,Tokopedia,Neutral,Bentuk,No,Fashion,No
gabisa dimainin di ios versi dan keatasnya maksimum ios versi selain itu gabisa dipake,gabisa dimainin ios versi atas maksimum ios versi gabisa dipake,unknown,1,Tokopedia,Negative,Lainnya,No,Elektronik,No
pengemasannya lama mungkin krn high order saya kira kualitasnya yg kaya gimana gt soalnya harganya diskon tapi saya tau itu cuma click bait aja pas cek toko lain harganya lebih miring padahal untungnya ada cashback produk dtg udah ga simetris mungkin kelamaan di kurir masa alamat saya dibilang negative address kalo komplain ke kurir kemana ya btw kualitas barang dgn harga segitu ya positive lah tebal blm dicobain buat masak thanks seller,emas high order kualitas kaya gimana gt harga diskon tau click bait pas cek toko harga miring untung cashback produk dtg simetris kurir alamat bilang negative address komplain kurir mana btw kualitas barang harga segitu positive tebal dicobain masak thanks seller,unknown,4,Tokopedia,Positive,Harga,No,F&B,No
packing cm kresek tipis jd dus nya rusak gini kurang recomended cara packing aplg buat produk yg mudah rusak gini hadehh kecewa,packing cm kresek tipis jd dus rusak gin recomended packing aplg produk mudah rusak gin hadehh kecewa,unknown,1,Tokopedia,Negative,Bentuk,Yes,Ibu & Bayi,Yes
ujung hardcover pada penyok,ujung hardcover penyok,unknown,3,Tokopedia,Neutral,Bentuk,No,Hobi & Hiburan,No
respon cepat barang sesuai pesanan moga awet,respon cepat barang sesuai pesan moga awet,unknown,5,Tokopedia,Positive,Bentuk,No,Fashion,No
barang rusak di jual emang ngehek,barang rusak jual ngehek,unknown,1,Tokopedia,Negative,Lainnya,Yes,Hobi & Hiburan,No
bahannya nyaman nyaman di punggung beban tersebar merata desain ergonomis gampang dipakai penjualnya ramah banget bahannya fleksibel,bahan nyaman nyaman punggung beban sebar rata desain ergonomis gampang pakai jual ramah bahan fleksibel,unknown,5,Tokopedia,Positive,Bentuk,No,Ibu & Bayi,No
barangnya asli adminnya responsif rekomen deh buat beli lm disini pokoknya next bisa beli lagi ksini jadi aman ga perlu keluar rumah pertahankan ya seller,barang asli adminnya responsif rekomen beli lm pokok next beli ksini aman rumah tahan seller,unknown,5,Tokopedia,Positive,Bentuk,No,Lainnya,No
ga sesuai gambar d kirain kayu tau2 hanya kardus,sesuai gambar kirain kayu tau2 kardus,unknown,1,Tokopedia,Negative,Bentuk,No,Perawatan Hewan,No
pesan 50pc dikirim 25pc padahal bayar 50pc sangat kecewa,pesan 50pc kirim 25pc bayar 50pc kecewa,unknown,1,Tokopedia,Negative,Harga,Yes,Lainnya,No
bgs cepat respon dan pengirimanny,bagus cepat respon pengirimanny,unknown,4,Tokopedia,Positive,Lainnya,No,Fashion,No
kali ini kecewa kurang puas beli mukena dsini packing standar banyak noda kotor di bawahan mukena bagian atasan mukena bnyak benang keluar jd kurang rapih bahan seperti panas karna kasar bahan y warna pink y tidak soft seperti gambar maaf pink y seperti warna taplak meja hajatan selera sih klo sya ga suka beli saat flash sale ukr sih besar cukup untuk orang bb 70kg,kecewa puas beli mukena dsini packing standar noda kotor bawah mukena atas mukena bnyak benang jd rapih bahan panas karna kasar bahan warna pink soft gambar maaf pink warna taplak meja hajat selera sya suka beli flash sale ukr bb 70kg,unknown,2,Tokopedia,Negative,Bentuk,Yes,Fashion,No
barang tidak sesuai dikasih masker yang lebih murah hrganya,barang sesuai kasih masker murah hrganya,unknown,1,Tokopedia,Negative,Bentuk,Yes,Kesehatan & Kecantikan,No
gimana bisa miring begitu plus udh di wanti2 alamat kirim kantor tutup jam terus libur akhir tahun udh ditanya udh konfirmasi katanya bisa sblm jam sampe pake sameday ini nyampe nya jam malem gw nungguin di warkop depan kantor yg udh gelap tolonglah kalo udh di notice gitu pilih sameday grab gojek jgn pake anteraja yg transit sana transit sini kalo emg ga bisa ga usah diiyakan pas nanya jam sampe apa enggak kecewa,gimana miring plus wanti2 alamat kirim kantor tutup jam libur tahun konfirmasi sblm jam pake sameday jam malem nungguin warkop kantor gelap tolong notice gitu pilih sameday grab gojek jgn pake anteraja transit transit emg iya pas nanya jam kecewa,unknown,2,Tokopedia,Negative,Bentuk,Yes,Fashion,No
ds sukses terima kasih atas kerjasamanya sist,ds sukses terima kasih kerjasamanya sist,unknown,5,Tokopedia,Positive,Rasa,No,Lainnya,No
barangnya cepat sampai terimakasih,barang cepat terimakasih,unknown,4,Tokopedia,Positive,Lainnya,No,Hobi & Hiburan,No
tidak sesuai gambar dan kecil,sesuai gambar,unknown,3,Tokopedia,Neutral,Bentuk,No,Fashion,No
chat tidak dibalas pengiriman baru diproses ketika masa aktif sdah habis kacaw,chat balas kirim proses aktif sdah habis kacaw,unknown,1,Tokopedia,Negative,Bentuk,No,Perabotan,No
barang lama dkirimnya beli tp 1nya rusak,barang dkirimnya beli 1nya rusak,unknown,1,Tokopedia,Negative,Lainnya,Yes,Fashion,No
maaf tapi sy aga kecewa ga seperti yg sudah2 bli ko polos gada tulisan kuy movi jadi gayakin asli skali lg mohon maaf tapi ini ulasan jujur saya,maaf aga kecewa sudah2 bli ko polos gada tulis kuy movi gayakin asli skali lg maaf ulas jujur,unknown,2,Tokopedia,Negative,Bentuk,Yes,Hobi & Hiburan,No
harganya ok banget dengan keiritan solution tineco ini lantai jd keset bersih dan wanginya ga lebay mantap,harga oke irit solution tineco lantai jd keset bersih wangi lebay mantap,unknown,5,Tokopedia,Positive,Rasa,No,Perabotan,No
barang sesuai pesanan paking standar bagus pengiriman cepat sampai tks gan,barang sesuai pesan paking standar bagus kirim cepat tks gan,unknown,5,Tokopedia,Positive,Bentuk,No,Perawatan Hewan,No
barang bagus cm ternyata kecil gk seperti yg di bayangin tp anak q suka cm yg kecewa kabel chargernya gk ada,barang bagus cm bayangin anak suka cm kecewa kabel chargernya,unknown,4,Tokopedia,Positive,Bentuk,No,Elektronik,No
suara yang dihasilkan jernih kalau ditambahkan kit giga bass tambah glerr ditambah lg preeamp mic tr bisa buat karaoke,suara hasil jernih kit giga bass glerr tambah lg preeamp mic tr karaoke,unknown,5,Tokopedia,Positive,Lainnya,No,Elektronik,No
pencetannya agak keras jd tkt cepat rusak terus airnya jd bau plastik tidak dapat dipakai,pencet keras jd tkt cepat rusak air jd bau plastik pakai,unknown,2,Tokopedia,Negative,Rasa,Yes,F&B,No
seneng bgt nyampe nya cepettttttttt,neng cepettttttttt,unknown,5,Tokopedia,Positive,Lainnya,No,Kesehatan & Kecantikan,No
murah banget kualitas bagus nyaman dipake,murah kualitas bagus nyaman dipake,unknown,5,Tokopedia,Positive,Bentuk,No,Kesehatan & Kecantikan,No
barang pesan yang dateng bayar harga yg dateng makasih ga ush dibuktikan cek aja pengeluaran barang nya baru cek pembeli jgn pembeli yang ditanya2 unboxing ga terlalu penting abis2in quota,barang pesan dateng bayar harga dateng makasih ush bukti cek keluar barang cek beli jgn beli ditanya2 unboxing abis2in quota,unknown,1,Tokopedia,Negative,Harga,No,Elektronik,No
modelnya keren jahitannya rapi potongannya rapi ukuran sesuai tidak kaku nyaman dipakai bahannya lembut,model keren jahit rapi potong rapi ukur sesuai kaku nyaman pakai bahan lembut,unknown,5,Tokopedia,Positive,Bentuk,No,Fashion,No
barang bagus sesuai deskripsi anakku senang banget harga murah pengiriman cepat,barang bagus sesuai deskripsi anak senang harga murah kirim cepat,unknown,5,Tokopedia,Positive,Bentuk,No,Hobi & Hiburan,No
barang bagus dan pengiriman cepat,barang bagus kirim cepat,unknown,5,Tokopedia,Positive,Bentuk,No,Ibu & Bayi,No
bagus banget kabel nya ada rgb nya pengiriman nya juga cepet terima kasih banyak,bagus kabel rgb kirim cepet terima kasih,unknown,5,Tokopedia,Positive,Bentuk,No,Elektronik,No
pohonnya masih segar bonusnya juga banyak makasih ya udah 2x beli di sini,pohon segar bonus makasih 2x beli,unknown,5,Tokopedia,Positive,Rasa,No,Lainnya,No
barang sudah sampai packing bagus,barang packing bagus,unknown,4,Tokopedia,Positive,Bentuk,No,Hobi & Hiburan,No
produk sudah dibatalkan dengan alasan jumlah yang tidak sesuai toko cabang baru buka jam di mana order di lakukan jam dan dibatalan 5menit sesudah pembayaran dari pihak toko bilang barang sudah diproses barang diambil kurir dari toko cabang jam toko yang tidak dapat dipercaya dan kelakuan memuakkan,produk batal alas sesuai toko cabang buka jam order laku jam batal 5menit bayar toko bilang barang proses barang ambil kurir toko cabang jam toko percaya laku muak,unknown,1,Tokopedia,Negative,Bentuk,Yes,Kesehatan & Kecantikan,No
ikan bagus dan sehat mantaaaaap,ikan bagus sehat mantaaaaap,unknown,5,Tokopedia,Positive,Bentuk,No,Perawatan Hewan,No
packing hancur sampai lebur sampai rumah,packing hancur lebur rumah,unknown,1,Tokopedia,Negative,Lainnya,Yes,Otomotif,No
enak dipakai jahitannya rapi,pakai jahit rapi,unknown,5,Tokopedia,Positive,Bentuk,No,Fashion,No
joystick berfungsi dengan baik plug and play build quality kokoh terdeteksi dengan baik di steam,joystick fungsi plug and play build quality kokoh deteksi steam,unknown,5,Tokopedia,Positive,Bentuk,No,Elektronik,No
sip paket sampai dengan selamat semoga berfungsi dengan baik terima kasih seller fast responnya,sip paket selamat moga fungsi terima kasih seller fast responnya,unknown,5,Tokopedia,Positive,Lainnya,No,Perabotan,No
pengiriman cepat bangeett packing aman walo dapet flash sale tapi expired masih lama,kirim cepat bangeett packing aman walo flash sale expired,unknown,5,Tokopedia,Positive,Lainnya,No,Kesehatan & Kecantikan,No
di deskripsi produk 10gr tp real yg diterima 8gr,deskripsi produk 10gr real terima 8gr,unknown,2,Tokopedia,Negative,Lainnya,No,Kesehatan & Kecantikan,No
pengiriman lama dan mainan gak berfungsi dengan baik,kirim main fungsi,unknown,1,Tokopedia,Negative,Lainnya,No,Hobi & Hiburan,No
kenapa pesan ukuran xl dikasihnya s,pesan ukur xl kasih,unknown,1,Tokopedia,Negative,Bentuk,No,Perabotan,No
pengemasan okepenjual responnya bagusharga bersahabat pengantaran cepat puas belanja di sini,kemas okepenjual responnya bagusharga sahabat antar cepat puas belanja,unknown,5,Tokopedia,Positive,Harga,No,Ibu & Bayi,No
tipis bgt kyk stocking,tipis stocking,unknown,3,Tokopedia,Neutral,Bentuk,No,Hobi & Hiburan,No
mungil tapi bekerja dng baik dan murahh terjangkau pas dng kebutuhan,mungil dng murahh jangkau pas dng butuh,unknown,5,Tokopedia,Positive,Harga,No,Perabotan,No
barang nya tidak sesuai dgn anti fog embun besar kaca besar jendela mobill yang ada hanya jendela mobil nya saja,barang sesuai anti fog embun kaca jendela mobill jendela mobil,unknown,2,Tokopedia,Negative,Bentuk,Yes,Otomotif,No
barang sesuai deskripsi dan berfungsi dengan baik cuma tidak puas dg pelayanan dari penjual pesanan diproses h dan di pick up h itu pun sesudah dikomplen baru bergerak,barang sesuai deskripsi fungsi puas dg layan jual pesan proses pick up dikomplen gerak,unknown,2,Tokopedia,Negative,Bentuk,No,Elektronik,No
safely landed on the next day masa expired pembalut masih lamaa di thank you so much,safely landed on the next day expired balut lamaa thank you so much,unknown,5,Tokopedia,Positive,Lainnya,No,Kesehatan & Kecantikan,No
pelayanan ramah design maksimal hasil sesuai harapan recommended,layan ramah design maksimal hasil sesuai harap recommended,unknown,5,Tokopedia,Positive,Bentuk,No,Perlengkapan Kantor,No
ada yg cacatt satu lubang,cacatt lubang,unknown,1,Tokopedia,Negative,Lainnya,Yes,F&B,No
bahannya adem jahitan rapi tidak menerawang mudah dibentuk warnanya cantik nyaman dipakai,bahan adem jahit rapi terawang mudah bentuk warna cantik nyaman pakai,unknown,5,Tokopedia,Positive,Bentuk,No,Fashion,No
respon cepat barang aman buahnya segar dan bagus pengiriman cepat,respon cepat barang aman buah segar bagus kirim cepat,unknown,5,Tokopedia,Positive,Rasa,No,F&B,No
barang sudah sampai beberapa hari tapi baru hari ini sempat dibuka dan mau dipakai ternyata ada jahitan di dalam yg terbuka negative quality control,barang buka pakai jahit buka negative quality control,unknown,2,Tokopedia,Negative,Bentuk,No,Fashion,No
mantap saya sudah beberapa kali order ulang,mantap order ulang,unknown,5,Tokopedia,Positive,Rasa,No,F&B,No
kecil tipis dan kualitas jahit buruk,tipis kualitas jahit buruk,unknown,1,Tokopedia,Negative,Bentuk,Yes,Fashion,No
barang tiba terlepas beberapa bagian ada jg bagian yg hilang entah dari toko atau dari jasa pengiriman yg krg baik,barang lepas hilang toko jasa kirim krg,unknown,3,Tokopedia,Neutral,Bentuk,No,Elektronik,No
bohong sama sekali tidak manjur,bohong manjur,unknown,1,Tokopedia,Negative,Bentuk,Yes,Otomotif,No
baru diminum sedikit besoknya udah basi,minum besok basi,unknown,1,Tokopedia,Negative,Lainnya,No,F&B,No
pesan dari kota tangerang tiba2 dikirim dari toko cabang hadiah tidak ada uda komplain dan banding tanggapan tokopedia n official store tidak baik belanja ditoko online lain ga pernah trik ky gini uda salah ga mau ngaku salah pas cekout uda ulang2 diliat bener ini kirim dari kota tangerang sudah screenshot juga itu yg dibeli saya juga bisa liat mana yg toko cabang mana yg dari tangerang hati hati utk pembeli lain jangan sampai ada yg kena ky saya,pesan kota tangerang tiba2 kirim toko cabang hadiah uda komplain banding tanggap tokopedia official store belanja toko online trik ky gin uda salah ngaku salah pas cekout uda ulang2 liat bener kirim kota tangerang screenshot beli liat toko cabang tangerang hati hati beli ky,unknown,1,Tokopedia,Negative,Bentuk,Yes,Ibu & Bayi,No
nyampenya cepet kualitas seusai,nyampenya cepet kualitas,unknown,4,Tokopedia,Positive,Bentuk,No,Hobi & Hiburan,No
kaca depan banyak yg lecet seperti barang retur d jual lagi,kaca lecet barang retur jual,unknown,1,Tokopedia,Negative,Bentuk,Yes,Hobi & Hiburan,No
respon penjual sangat jelek ditanyain hari ni besok baru balas,respon jual jelek ditanyain ni besok balas,unknown,1,Tokopedia,Negative,Bentuk,No,Hobi & Hiburan,No
hati hati kalo beli barang di toko ini deskripsi penjual dan real barang datangnya harus jelas di lihat bacain aja tiap ada pembeli bintang komentar di produknya respon penjual gimana chat penjual ga mencerminkan seseorang yang baik,hati hati beli barang toko deskripsi jual real barang datang bacain beli bintang komentar produk respon jual gimana chat jual cermin,unknown,1,Tokopedia,Negative,Lainnya,No,Fashion,No
cantiik kertas kadonya packaging ok dan delivery nya juga ok mantab lah dan bakal langganan di toko ini,cantiik kertas kado packaging oke delivery oke mantab langgan toko,unknown,5,Tokopedia,Positive,Bentuk,No,Kerajinan & Pesta,No
respon toko cepat dan pengiriman lancar barang dikemas dengan aman mantap thanks,respon toko cepat kirim lancar barang kemas aman mantap thanks,unknown,5,Tokopedia,Positive,Rasa,No,Perlengkapan Kantor,No
yg dipesan lain yg dikirm lain,pes dikirm,unknown,1,Tokopedia,Negative,Lainnya,No,Otomotif,No
bagus banget barang nya aku kan pake promo lagi jadi nya terjangkau banget buat anak sekolah kaya aku,bagus barang pake promo jangkau anak sekolah kaya,unknown,5,Tokopedia,Positive,Harga,No,Fashion,No
bahan nyaman adem hepi harga worth it dpt diskon,bahan nyaman adem hepi harga worth it diskon,unknown,5,Tokopedia,Positive,Harga,No,Ibu & Bayi,No
pertama liat flash salenya langsung beli ndak buka deskripsi dulu i mean unilever official store gitu ternyata expirednya sisa bulan lagi padahal dulu beli hand sanitizer merek sebelah pas sale juga tapi expirednya masih lama pantes ini cepet banget diproses biasanya hari baru diproses ini cuma jeda beberapa menit pelajaran penting jangan percaya brand tetep kudu baca review dan deskripsi,liat flash sale beli ndak buka deskripsi mean unilever official store gitu expirednya sisa beli hand sanitizer merek belah pas sale expirednya pantes cepet proses proses jeda menit ajar percaya brand tetep kudu baca review deskripsi,unknown,1,Tokopedia,Negative,Bentuk,No,Kesehatan & Kecantikan,No
tidak sesuai ekspektasi suara mic tetap kecil ga ada perubahan,sesuai ekspektasi suara mic ubah,unknown,1,Tokopedia,Negative,Bentuk,Yes,Hobi & Hiburan,No
bukunya asli atau ga sih kok kualitas kertas jelek ga berwarna lalu ucapan terimakasihnya masa disecarik kertas kecil terpisah gitu ga dijilid bersamaan delivery ok bgt cepat sampai respon penjual cepat hanya kecewa dengan kualitas barangnya saja dengan harga segitu kualitas jelek,buku asli kualitas kertas jelek warna ucap terimakasihnya carik kertas pisah gitu jilid sama delivery oke cepat respon jual cepat kecewa kualitas barang harga segitu kualitas jelek,unknown,2,Tokopedia,Negative,Bentuk,Yes,Hobi & Hiburan,Yes
jujur kecewa udah beli kesekian kali baru diminum sehari bsknya sudah asem jadi g bisa diminum mohon dipastikan tgl kadaluarsanya,jujur kecewa beli sekian minum hari bsknya asem minum tgl kadaluarsanya,unknown,1,Tokopedia,Negative,Bentuk,Yes,F&B,Yes
ada noda kuning di jilbab nya pendek kaku,noda kuning jilbab pendek kaku,unknown,1,Tokopedia,Negative,Bentuk,No,Fashion,No
paket cepat sampai bagus danrapih trimakasih kakak warnanya bagus ukuran sesuai jahitannya rapi,paket cepat bagus danrapih trimakasih kakak warna bagus ukur sesuai jahit rapi,unknown,4,Tokopedia,Positive,Bentuk,No,Fashion,No
mantap sekali klu bisa kasih bintang wkwkkwkwk,mantap klu kasih bintang wkwkkwkwk,unknown,5,Tokopedia,Positive,Rasa,No,Lainnya,No
respon cepat packing aman banyak bonus nya pemesanan yg ke 2x nya trims agan sukses selalu,respon cepat packing aman bonus mesan 2x trims agan sukses,unknown,5,Tokopedia,Positive,Lainnya,No,Kesehatan & Kecantikan,No
pengunci baling baling nya tidakk ada next dicek dengan teliti lah sbelum kirim bagus cocok dengan kipas angin lama yang rusak,kunci baling baling tidakk next cek teliti sbelum kirim bagus cocok kipas angin rusak,unknown,2,Tokopedia,Negative,Bentuk,Yes,Elektronik,No
masa baru dateng langsung rusak,dateng rusak,unknown,1,Tokopedia,Negative,Lainnya,Yes,Hobi & Hiburan,No
barang hilang tidak sampai tujuan resi nyangkut di agen kurir sempat kontak cs dan cs mau tanyakan ke rekannya dulu tapi sampai sekarang tidak ada kejelasan sayang sekali untung ini barang murah jadi sy jg tidak rugi2 amat,barang hilang tuju resi nyangkut agen kurir kontak cs cs rekan jelas sayang untung barang murah rugi2,unknown,1,Tokopedia,Negative,Harga,Yes,Elektronik,No
kualitasnya bagus berfungsi dengan baik,kualitas bagus fungsi,unknown,5,Tokopedia,Positive,Bentuk,No,Elektronik,No
service mengecewakan lama pengiriman,service kecewa kirim,unknown,1,Tokopedia,Negative,Lainnya,Yes,Kesehatan & Kecantikan,No
mantap biar bisa bernostalgia eranya masih maen rame dulu pas jaman masih liburan sekolah,mantap biar nostalgia era maen rame pas jaman libur sekolah,unknown,5,Tokopedia,Positive,Rasa,No,Elektronik,No
packing perbaiki buku datang sudah penyok,packing baik buku penyok,unknown,3,Tokopedia,Neutral,Lainnya,No,Hobi & Hiburan,No
banyak yang tergores seperti bekas habis itu bagian bawah kayunya patah,gores bekas habis kayu patah,unknown,2,Tokopedia,Negative,Bentuk,No,Hobi & Hiburan,No
pengiriman cepat dan barang bagus dan murah,kirim cepat barang bagus murah,unknown,4,Tokopedia,Positive,Harga,No,Fashion,No
puas banget murah tapi ga murahan gradasi warnanya elegan melebihi ekspektasi saya,puas murah murah gradasi warna elegan lebih ekspektasi,unknown,5,Tokopedia,Positive,Bentuk,No,Fashion,No
tertulis dapat hadiah taunya bohong loh g dapat apa2 bonusnya gk datang,tulis hadiah tau bohong apa2 bonus,unknown,1,Tokopedia,Negative,Lainnya,Yes,Ibu & Bayi,No
product ok lah tp sayang ada beberapa sachet nya yg sobek jadi di dalam nya beraktakan gel,product oke sayang sachet sobek akta gel,unknown,3,Tokopedia,Neutral,Lainnya,No,Elektronik,No
respon cepat gosend ke pamulang cepat dapat diandalkan tepat saat dibutuhkan kualitas okeee bgt untuk harga segitu hasil juga cukup memuaskan thank youuu,respon cepat gosend pamulang cepat andal butuh kualitas okeee harga segitu hasil muas thank youuu,unknown,5,Tokopedia,Positive,Harga,No,Elektronik,No
saya sunggu sangat kecewa dengan pediasure,sunggu kecewa pediasure,unknown,1,Tokopedia,Negative,Lainnya,Yes,Ibu & Bayi,No
selama saya berbelanja di tokopedia ini adalah pesanan dengan layanan tercepat yang saya terima biasanya estimasi waktu pengiriman ke darah saya hari tapi paket business is fun hanya hari the best,belanja tokopedia pesan layan cepat terima estimasi waktu kirim darah paket business is fun the best,unknown,5,Tokopedia,Positive,Lainnya,No,Hobi & Hiburan,No
pihak ekspedisi antaraja payah lama sekali,ekspedisi antaraja payah,unknown,1,Tokopedia,Negative,Lainnya,No,Kesehatan & Kecantikan,No
murah meriah jd lgsg beli ccok nih buat yg bibir nya kering kya aku lumayan buat pelembab bibir ga perlu mahal,murah riah jd lgsg beli ccok bibir kering kya lumayan pelembab bibir mahal,unknown,5,Tokopedia,Positive,Harga,No,Kesehatan & Kecantikan,No
respond seller cepat pengiriman segera produk berkualitas mantap banget,respond seller cepat kirim produk kualitas mantap,unknown,5,Tokopedia,Positive,Rasa,No,Perabotan,No
barangnya original mutu terjamin sni gampang dipakai hemat listrik modelnya keren hemat listrik,barang original mutu jamin sni gampang pakai hemat listrik model keren hemat listrik,unknown,4,Tokopedia,Positive,Bentuk,No,Elektronik,No
garansi resmi kelengkapan sesuai garansi internasional harganya bersaing,garansi resmi lengkap sesuai garansi internasional harga saing,unknown,5,Tokopedia,Positive,Harga,No,Elektronik,No
packing aman pengiriman cepat barang sesuai foto dan deskripsi highly recommended,packing aman kirim cepat barang sesuai foto deskripsi highly recommended,unknown,5,Tokopedia,Positive,Bentuk,No,Hobi & Hiburan,No
produk baik sesuai deskripsi cs juga sangat responsive dan helpful thank you,produk sesuai deskripsi cs responsive helpful thank you,unknown,5,Tokopedia,Positive,Bentuk,No,Hobi & Hiburan,No
penjualnya ramah respon penjualnya bagus proses pesanan cepat,jual ramah respon jual bagus proses pesan cepat,unknown,4,Tokopedia,Positive,Bentuk,No,Elektronik,No
ukurannya ada yg besar ada yg kecil tapi lumayan dengan harga segitu makasih ya,ukur lumayan harga segitu makasih,unknown,4,Tokopedia,Positive,Bentuk,No,Fashion,No
barang sesuai pesanan packing rapi pas dicoba ok buat isi ulang dn charge pengiriman sesuai estimasi,barang sesuai pesan packing rapi pas coba oke isi ulang dn charge kirim sesuai estimasi,unknown,5,Tokopedia,Positive,Bentuk,No,Elektronik,No
pengirimannya sih cepat tapi barangnya bruntusan gitu teman saya juga beli drum pad bahan karet dari malang tapi alus kok ini yg saya beli malah bruntusan begitu ekspetasi saya tadinya bagus malah dapatnya yg jelekkan tdk sesuai foto yg di pajang oleh penjual,kirim cepat barang bruntusan gitu teman beli drum pad bahan karet malang alus beli bruntusan ekspetasi bagus dapat jelek sesuai foto pajang jual,unknown,1,Tokopedia,Negative,Bentuk,No,Hobi & Hiburan,Yes
celanany ga masuk k kaki anak saya padahal pesannya udh d naikan ukuran,celanany kaki anak pesan naik ukur,unknown,2,Tokopedia,Negative,Bentuk,No,Fashion,No
orderan sdh dterima dgn baik fungsi sangat baik respon dan pengiriman sangat cepat terima kasih,order dterima fungsi respon kirim cepat terima kasih,unknown,5,Tokopedia,Positive,Lainnya,No,Elektronik,No
terima kasih sudah dibookingkan di sini pengalamannya baik semua lancar dan dapat kamar bagus,terima kasih dibookingkan alam lancar kamar bagus,unknown,5,Tokopedia,Positive,Bentuk,No,Hobi & Hiburan,No
ancuuuurrrr bubukkkk remukkk tak berbentukkkkkkkkkkkkkkkkkkllkl,ancuuuurrrr bubukkkk remukkk berbentukkkkkkkkkkkkkkkkkkllkl,unknown,1,Tokopedia,Negative,Bentuk,No,Lainnya,No
kemasan disegel spesifikasi sesuai warna sesuai pesanan,kemas segel spesifikasi sesuai warna sesuai pesan,unknown,4,Tokopedia,Positive,Bentuk,No,Elektronik,No
mantap sangat bermanfaat,mantap manfaat,unknown,5,Tokopedia,Positive,Rasa,No,Elektronik,No
buku kondisinya kurang baik ada sobeknya dan juga audio rusak mesti download sendiri,buku kondisi sobek audio rusak mesti download,unknown,2,Tokopedia,Negative,Lainnya,Yes,Hobi & Hiburan,No
dijamin asli barangnya cuma packingnya pengirimannya sederhana sekali sampai ada lembar soal anak sd,jamin asli barang packingnya kirim sederhana lembar anak sd,unknown,5,Tokopedia,Positive,Bentuk,No,Lainnya,No
packing ok seller lekas kirim berguna buat organize koper biar gak acak acakan semoga awet thank you seller,packing oke seller lekas kirim guna organize koper biar acak acak moga awet thank you seller,unknown,5,Tokopedia,Positive,Bentuk,No,Perabotan,No
waktu sampai nya lakban tokopedia di saya sangat lama ketika saya tanyakan malah di suruh komplain pelayanan nya buruk admin yang bagian chatting nya sangat buruk dalam melayani customer,waktu lakban tokopedia suruh komplain layan buruk admin chatting buruk layan customer,unknown,1,Tokopedia,Negative,Lainnya,Yes,Perlengkapan Kantor,No
herbal lengkap dengan harga oke sudah langganan ini foto kalo sudah saya masak jadi tim ayam obat,herbal lengkap harga oke langgan foto masak tim ayam obat,unknown,5,Tokopedia,Positive,Harga,No,Kesehatan & Kecantikan,No
gw pesen apa dikasih warna apa gila ni yg jual,sen kasih warna gila ni jual,unknown,1,Tokopedia,Negative,Bentuk,No,Hobi & Hiburan,No
salah satu stik tidak berfungsi coba chat penjual tidak direspon,salah stik fungsi coba chat jual direspon,unknown,1,Tokopedia,Negative,Lainnya,Yes,Elektronik,No
recommended seller fast respons kualitas barang cukup sesu i harga terimakasih,recommended seller fast respons kualitas barang sesu harga terimakasih,unknown,4,Tokopedia,Positive,Harga,No,Elektronik,No
lampu tidak berfungsi sebagaimana mestinya tidak bisa berganti warna maupun dimatikan padahal sudah mengeklik tombol dpi dan memakai software juga warna merah menyakitkan di mata saya dan malah mirip mouse 10an ribu sudah mengirim pesan ke seller tapi tidak ada respon selama lebih dari jam terpaksa saya kasih bintang saya baru kali ini membeli produk dari aula dan merasa kecewa padahal saya sendiri termasuk pengguna gear dari aula,lampu fungsi mesti ganti warna mati klik tombol dpi pakai software warna merah sakit mouse 10an ribu kirim pesan seller respon jam paksa kasih bintang beli produk aula kecewa guna gear aula,unknown,1,Tokopedia,Negative,Rasa,Yes,Elektronik,Yes
bahannya tipis agak kasar pengiriman cepet,bahan tipis kasar kirim cepet,unknown,4,Tokopedia,Positive,Bentuk,No,Fashion,No
kualitas bahan bagus nyaman dipakai jahitannya rapi ukuran sesuai warnanya cantik bahannya lembut bahannya adem tidak menerawang bahan menyerap keringat,kualitas bahan bagus nyaman pakai jahit rapi ukur sesuai warna cantik bahan lembut bahan adem terawang bahan serap keringat,unknown,5,Tokopedia,Positive,Bentuk,No,Fashion,No
order 2pcs sempat khawatir krn pas sampai sudut packing bubble wrap agak robek sptnya sempat terbanting kotaknya jg penyok2 tp alhamdulillah warna biru berfungsi dgn baik walaupun tutup bagian bwhnya sempat agak lepas warna hitam hidup mati suara jg kurang nyaring stlh di charge sempat sesekali hidup mati alhamdulillah suara agak gedean walaupun tdk senyaring warna biru overall lumayan bagus sesuai harga terimakasih,order 2pcs khawatir pas sudut packing bubble wrap robek sptnya banting kotak penyok2 alhamdulillah warna biru fungsi tutup bwhnya lepas warna hitam hidup mati suara nyaring stlh charge hidup mati alhamdulillah suara gede nyaring warna biru overall lumayan bagus sesuai harga terimakasih,unknown,4,Tokopedia,Positive,Bentuk,No,Hobi & Hiburan,No
barang sudah diterima dengan baik dan response seller cepat thanks ya gan,barang terima response seller cepat thanks gan,unknown,5,Tokopedia,Positive,Lainnya,No,Kesehatan & Kecantikan,No
seller ramahhhhh banget fast respons menjawab pertanyaan buyer jadi buyer paham benar produk yg akan dibeli pengiriman cepat yg terpenting produknya bagus bgt berfungsi normal bisa atur semua warna termasuk rgb saat bermain dan putih saat bekerja warna putih menyala terang gampang connect ke wifi dan diatur di handphone aplikasi mudah digunakan memang ga salah pilih bardi yeayyyyy skrg kamar ada lampu rgb nya suka bgt sama ambience nya,seller ramahhhhh fast respons buyer buyer paham produk beli kirim cepat penting produk bagus fungsi normal atur warna rgb main putih warna putih nyala terang gampang connect wifi atur handphone aplikasi mudah salah pilih bardi yeayyyyy skrg kamar lampu rgb suka ambience,unknown,5,Tokopedia,Positive,Bentuk,No,Elektronik,No
material produk bagus kualitas produk bagus produk sesuai produk original,material produk bagus kualitas produk bagus produk sesuai produk original,unknown,5,Tokopedia,Positive,Bentuk,No,F&B,No
produk tidak bagus,produk bagus,unknown,1,Tokopedia,Negative,Bentuk,No,F&B,No
isi tidak penuh dan tidak ada wangi nya segel hanya pakai solatip seadanya,isi penuh wangi segel pakai solatip ada,unknown,2,Tokopedia,Negative,Rasa,No,Kesehatan & Kecantikan,No
barang sesuai dengan pesanan kotak maskernya lucu terima kasih,barang sesuai pesan kotak masker lucu terima kasih,unknown,5,Tokopedia,Positive,Bentuk,No,Perabotan,No
orderan sesuai dan packing juga aman,order sesuai packing aman,unknown,4,Tokopedia,Positive,Bentuk,No,Kesehatan & Kecantikan,No
ada garansi resmi kelengkapan sesuai kemasan disegel spesifikasi sesuai,garansi resmi lengkap sesuai kemas segel spesifikasi sesuai,unknown,4,Tokopedia,Positive,Bentuk,No,Elektronik,No
selalu pilih daily masker onemed tapi packing dan pengiriman harus lebih dipercepat lagi top pokoknya terimakasih,pilih daily masker onemed packing kirim cepat top pokok terimakasih,unknown,4,Tokopedia,Positive,Lainnya,No,Kesehatan & Kecantikan,No
barang ok worth the money pengiriman ok yang jelas itu amiibo card sesuai dengan layered armor yang didapatkan jadi ok dont be afraid,barang oke worth the money kirim oke amiibo card sesuai layered armor dapat oke dont be afraid,unknown,5,Tokopedia,Positive,Harga,No,Elektronik,No
barang yg dikirim tidak dicoba terlebih dulu sehingga ada pcs yg tidak berfungsi mau diretur ongkir nya lebih mahal dr harga barang jadi kecewa,barang kirim coba pcs fungsi retur ongkos kirim mahal harga barang kecewa,unknown,1,Tokopedia,Negative,Harga,Yes,Elektronik,No
produk sesuai pengiriman cepat dan packaging aman terima kasih seller,produk sesuai kirim cepat packaging aman terima kasih seller,unknown,5,Tokopedia,Positive,Bentuk,No,Lainnya,No
yg satu error mulu jadinya repot kadang hidupnya susah kalauoun hidup harusbpakai headset sebab mic nya nyala mati,error mulu repot kadang hidup susah kalauoun hidup harusbpakai headset mic nyala mati,unknown,3,Tokopedia,Neutral,Lainnya,No,Elektronik,No
kak pesanan saya yang satu di batalkan tapi uang tidak di kembalikan,kak pesan batal uang kembali,unknown,1,Tokopedia,Negative,Lainnya,No,Kesehatan & Kecantikan,No
recommended seller respon cepat pengiriman cukup cepat,recommended seller respon cepat kirim cepat,unknown,5,Tokopedia,Positive,Lainnya,No,Elektronik,No
stelah pemakaian rutin kutu anjing makin banyak spot yang di spray malah makin banyak padahal awalnya kutunya sedikit doang nyesal produk ini,stelah pakai rutin kutu anjing spot spray kutu doang nyesal produk,unknown,1,Tokopedia,Negative,Lainnya,No,Perawatan Hewan,No
barangnya ringkih bgt saya baru pake udh penyok pdhl saya pake untuk mesin cuci kg maap,barang ringkih pake penyok pdhl pake mesin cuci kg maap,unknown,1,Tokopedia,Negative,Lainnya,No,Elektronik,No
tidak dipotong sesuai permintaan,potong sesuai minta,unknown,1,Tokopedia,Negative,Bentuk,No,Lainnya,No
mantap keren cuma harus colok listrik kalau mau pakai fitur always on kalau pake batre aaa 3biji harus dipencet dulu baru nyala,mantap keren colok listrik pakai fitur always on pake batre aaa 3biji pencet nyala,unknown,5,Tokopedia,Positive,Rasa,No,Perabotan,No
gak ada packingnya blas cuma di kasih tempelan doang,packingnya blas kasih tempel doang,unknown,1,Tokopedia,Negative,Lainnya,No,Ibu & Bayi,No
alatnya sering mati sendiri kak,alat mati kak,unknown,2,Tokopedia,Negative,Lainnya,Yes,Elektronik,No
cuakeeeep maaf gapake poto barangnya oke bahannya baguuusss,cuakeeeep maaf gapake poto barang oke bahan baguuusss,unknown,5,Tokopedia,Positive,Bentuk,No,F&B,No
produknya bagus pengiriman cepat fast respost saran aja bagi pembeli klau buka pelastik pembungkus kaca jamnya pelannya overall this store are positive thank you,produk bagus kirim cepat fast respost saran beli klau buka pelastik bungkus kaca jam pelan overall this store are positive thank you,unknown,5,Tokopedia,Positive,Bentuk,No,Perabotan,No
merek pena favoritt murah tintanya nyata ga pernah macet selalu smooth klo buat nulis,merek pena favoritt murah tinta macet smooth nulis,unknown,5,Tokopedia,Positive,Harga,No,Perlengkapan Kantor,No
pesanan tidak sesuai mmg sperti ini atau adminnya saja yg krg jeli trhadap jenis parfum yg dipesan,pesan sesuai mmg sperti adminnya krg jeli trhadap jenis parfum pes,unknown,1,Tokopedia,Negative,Bentuk,Yes,Otomotif,No
pengiriman lama barang nya cacat tolong diperbaiki layanan nya,kirim barang cacat tolong baik layan,unknown,1,Tokopedia,Negative,Lainnya,Yes,Perlengkapan Kantor,No
mantab spidolnya jadi ngak hilang tulisan walau tulisannya di masukkan kulkas plastik asi,mantab spidol ngak hilang tulis tulis masuk kulkas plastik asi,unknown,5,Tokopedia,Positive,Bentuk,No,Perlengkapan Kantor,No
sesuai gambar dan order packing nya bagus mantap gan,sesuai gambar order packing bagus mantap gan,unknown,4,Tokopedia,Positive,Bentuk,No,Kesehatan & Kecantikan,No
review jujur ya yg kasih bintang mungkin biar masih dpt garansi kali ya buku nya fotokopian nya gk bagus dapet cd begini lagi kalo mau sekedar ambil buku cliff boleh lah tapi kalo buat kenyamanan baca mending cari yg lain,review jujur kasih bintang biar garansi buku fotokopi bagus cd dar ambil buku cliff nyaman baca mending cari,unknown,2,Tokopedia,Negative,Bentuk,No,Hobi & Hiburan,Yes
bukunya sampe di makassar rusak ujungnya baru sempat unpack entah cara packing nya kurang tebel or kurirnya bermasalah agak ga rela sih soalnya bukunya lumayan mahal,buku makassar rusak ujung unpack packing tebel or kurir masalah rela buku lumayan mahal,unknown,3,Tokopedia,Neutral,Harga,No,Hobi & Hiburan,No
luar biasa kecewa untuk ke kalinya emang susah dah cari penjual yang jujur,kecewa kali susah dah cari jual jujur,unknown,1,Tokopedia,Negative,Lainnya,Yes,Otomotif,Yes
harga murah kualitas baik,harga murah kualitas,unknown,4,Tokopedia,Positive,Harga,No,Fashion,No
order ke dua dan mantab,order mantab,unknown,5,Tokopedia,Positive,Lainnya,No,Hobi & Hiburan,No
penjual lambat respon penjual barang lama dikirim keburu basi nih balon,jual lambat respon jual barang kirim keburu basi balon,unknown,1,Tokopedia,Negative,Lainnya,No,Kerajinan & Pesta,No
bahannya adem nyaman dipakai,bahan adem nyaman pakai,unknown,5,Tokopedia,Positive,Bentuk,No,Fashion,No
barang nya ok cuma proses kirim nya agak lama dan admin nya harus nya dichat dulu baru di proses barang nya,barang oke proses kirim admin dichat proses barang,unknown,3,Tokopedia,Neutral,Lainnya,No,Elektronik,No
beli baru hari pake stik yg 1nya malah eror suka mencet sendiri kecewa dah,beli pake stik 1nya eror suka mencet kecewa dah,unknown,2,Tokopedia,Negative,Lainnya,Yes,Elektronik,Yes
verifikasi nya lama jadi gak dapat pc bts padahal udah co jam pas,verifikasi pc bts co jam pas,unknown,1,Tokopedia,Negative,Bentuk,No,Kesehatan & Kecantikan,No
mendarat dgn selamat dan ikannya bagus,darat selamat ikan bagus,unknown,5,Tokopedia,Positive,Bentuk,No,Perawatan Hewan,No
ternyata bukan ori harga sesuai kualitas ya 10rb bahan plastik harusnya dikasih keterangan di deskripsi,original harga sesuai kualitas 10rb bahan plastik kasih terang deskripsi,unknown,2,Tokopedia,Negative,Bentuk,No,Hobi & Hiburan,No
barang sudah sampai dengan baik packing rapih dan baik terima kasih,barang packing rapih terima kasih,unknown,4,Tokopedia,Positive,Bentuk,No,Fashion,No
mengecewakan barang tdk sesuai dgn yg ditawarkan ada cacat berlubang dan buatan kasar,kecewa barang sesuai tawar cacat lubang buat kasar,unknown,1,Tokopedia,Negative,Bentuk,Yes,Hobi & Hiburan,No
mantap barang cepet sampenya seller positive respon harga pass kualitas oke rekomen banget pokoknya,mantap barang cepet sampenya seller positive respon harga pass kualitas oke rekomen pokok,unknown,5,Tokopedia,Positive,Bentuk,No,Elektronik,No
order yg ke kurang memuaskan panjangnya beda ama pertama pesen padahal ukurannya l jg,order muas panjang beda ama sen ukur,unknown,2,Tokopedia,Negative,Bentuk,No,Fashion,No
pesen white silver yg dikirim white red kecewa ga sesuai pesanan,sen white silver kirim white red kecewa sesuai pesan,unknown,2,Tokopedia,Negative,Bentuk,Yes,Kesehatan & Kecantikan,Yes
barangnya ringkih gampang patah pengunci tidak paten bahan kurang bagus ya mungkin sesuai sama harganya kliatan kaya diskon padahal harga normal untuk kualitas segitu ini yg buat g bintang lah,barang ringkih gampang patah kunci paten bahan bagus sesuai harga kliatan kaya diskon harga normal kualitas segitu bintang,unknown,2,Tokopedia,Negative,Bentuk,No,Elektronik,No
selalu terbaik barang dan pelayannya memuaskan as always,baik barang layan muas as always,unknown,5,Tokopedia,Positive,Lainnya,No,Kesehatan & Kecantikan,No
kualitas barangnya bagus banget gampang dipasang dan berfungsi dg baik packing aman very recommended,kualitas barang bagus gampang pasang fungsi dg packing aman very recommended,unknown,5,Tokopedia,Positive,Bentuk,No,Hobi & Hiburan,No
respon cepat barang sesuai pesanan tingkatkan kepercayaan dan kepuasan pelanggan recommended,respon cepat barang sesuai pesan tingkat percaya puas langgan recommended,unknown,5,Tokopedia,Positive,Bentuk,No,Hobi & Hiburan,No
pengiriman cepat dan aman barang sesuai deskripsi bagian ujungnya terbuat dari plastik tapi cukup kokoh perakitan mudah cuma modal obeng tips jangan dikencengin dulu semua bautnya kecuali kalau sudah fixed dgn ukuran kaki mesin cuci recommended,kirim cepat aman barang sesuai deskripsi ujung buat plastik kokoh rakit mudah modal obeng tips dikencengin baut kecuali fixed ukur kaki mesin cuci recommended,unknown,5,Tokopedia,Positive,Bentuk,No,Elektronik,No
barang berfungsi baik pemilik toko sangat responsif dan membantu saat ada sedikit kendala sukses tokonya ya gan,barang fungsi milik toko responsif bantu kendala sukses toko gan,unknown,5,Tokopedia,Positive,Lainnya,No,Elektronik,No
super kereen seller deh ini terima kasih bantuannya,super kereen seller terima kasih bantu,unknown,5,Tokopedia,Positive,Lainnya,No,Elektronik,No
jamnya biasa aja saya tidak tahu kenapa bisa harga awalnya sejutaan mungkin teknik marketingnya seperti itu,jam harga juta teknik marketingnya,unknown,2,Tokopedia,Negative,Harga,No,Fashion,No
pengiriman lama sekali diconfirm tdk dibalas pdhal online negative service,kirim diconfirm balas pdhal online negative service,unknown,1,Tokopedia,Negative,Lainnya,No,Fashion,No
baru dipakai 1x tidak sampai menit penghisapnya mati total,pakai 1x menit penghisapnya mati total,unknown,1,Tokopedia,Negative,Lainnya,Yes,Elektronik,No
makasih penjual responsif barang diterima dengan aman semoga awet,makasih jual responsif barang terima aman moga awet,unknown,5,Tokopedia,Positive,Bentuk,No,Otomotif,No
barang cpt sampe sesuai pesanan packingnya rapi respon seller,barang cpt sesuai pesan packingnya rapi respon seller,unknown,5,Tokopedia,Positive,Bentuk,No,Otomotif,No
pesen hari selasa malem nyampe rumah rabu sore kamis masih aman jumat pagi di minum udh asem padahal masih banyak jadi kecewa,sen selasa malem rumah rabu sore kamis aman jumat pagi minum asem kecewa,unknown,1,Tokopedia,Negative,Lainnya,Yes,F&B,Yes
mati sebelah kecewa pedahal udah kek percaya,mati belah kecewa pedahal kek percaya,unknown,2,Tokopedia,Negative,Lainnya,Yes,Elektronik,Yes
catatan saya beli produk ini karna hadiahnya penting hal yang perlu diperhatikan jika mengadakan hadiah promo mesti transparan apakah hadiahnya atau tidak apa lagi yang sangat disayangkan akun oficial store dari pihak toko pedia juga mesti meninjau apakah promosi ini transparan atau menjebak semoga tidak lagi yang kecewa seperti saya,catat beli produk karna hadiah perhati ada hadiah promo mesti transparan hadiah sayang akun oficial store toko dia mesti tinjau promosi transparan jebak moga kecewa,unknown,1,Tokopedia,Negative,Harga,Yes,Kesehatan & Kecantikan,No
tertera harga aslinya 110rb kirain barangnya kualitas premium lah minimal ternyata yg dateng barang kualitas rendah packing nya juga asal2an payah,tera harga asli 110rb kirain barang kualitas premium minimal dateng barang kualitas rendah packing asal2an payah,unknown,1,Tokopedia,Negative,Bentuk,No,Elektronik,No
meja laptopnya begitu dibuka kardusnya sudah pecah diujungnya dan ada retak juga dibagian bawah trus mejanya juga hijau kusam seperti barang bekas pakai seller dikomplain menolak penukaran barang dengan alasan buktinya kurang malah diarahkan utk menggunakan asuransi dr tokopedia dgn proses yg ribet harus ada bukti pemusnahan barang jg pas sy lihat lagi ulasan2 ternyata banyak juga yg dapet mejanya pecah dan rusak dan mereka semua pada kecewa saran kalau jualan yg jujur kl memang yg dijual barang bekas atau ex display bilang saja tulis di deskripsi yg jujur tolong tokopedia lebih selektif terhadap toko yg seperti ini packing barang juga terkesan asal2an cuma pakai kardus tipis saja ga pakai bubble wrap sama sekali semoga ga ada lagi customer yg tertipu seperti saya,meja laptop buka kardus pecah ujung retak bagi trus meja hijau kusam barang bekas pakai seller komplain tolak tukar barang alas bukti arah asuransi tokopedia proses ribet bukti musnah barang pas ulasan2 meja pecah rusak kecewa saran jual jujur kl jual barang bekas ex display bilang tulis deskripsi jujur tolong tokopedia selektif toko packing barang kes asal2an pakai kardus tipis pakai bubble wrap moga customer tipu,unknown,1,Tokopedia,Negative,Bentuk,Yes,Elektronik,Yes
pngiriman super cepat pengemasan rapi brg sesuai deskripsi,pngiriman super cepat kemas rapi brg sesuai deskripsi,unknown,5,Tokopedia,Positive,Bentuk,No,Hobi & Hiburan,No
pesanan diproses sangat lama,pesan proses,unknown,4,Tokopedia,Positive,Lainnya,No,Kesehatan & Kecantikan,No
maaf kepada seller hanya bisa memberikan bintang disebabkan barang yg dipesan tidak sesuai dgn yg diterima pesannya kepala gesper yg hitam polos sesuai gambar dgn kode namun yg di terima bermotif jadi tidak sesuai harapan mau ajuin komplain juga malas karena saya anggap gak terlalu penting semoga kedepannya seller lebih baik lagi dalam pelayanan,maaf seller bintang sebab barang pes sesuai terima pesan kepala gesper hitam polos sesuai gambar kode terima motif sesuai harap ajuin komplain malas anggap moga depan seller layan,unknown,2,Tokopedia,Negative,Bentuk,Yes,Fashion,No
penjual tidak membaca catatan yang diberikan pembeli,jual baca catat beli,unknown,1,Tokopedia,Negative,Lainnya,No,Fashion,No
belum dicoba semoga lebih bagus hasilnya drpd yg biasa shampoo noni mokeru packing mantull dan respon seller cepat goodlah,coba moga bagus hasil drpd shampoo noni mokeru packing mantull respon seller cepat goodlah,unknown,5,Tokopedia,Positive,Bentuk,No,Kesehatan & Kecantikan,No
bagus berjalan baik dan cukup silent kokoh dan muat untuk laptop inch,bagus jalan silent kokoh muat laptop inch,unknown,5,Tokopedia,Positive,Bentuk,No,Elektronik,No
mantap banget kualitasnya gak usah diragukan lagi,mantap kualitas ragu,unknown,5,Tokopedia,Positive,Rasa,No,Elektronik,No
cepat respon baju tidur yg datang sesuai deskripsi ukuran dan gambar 3xl bahan kaos katun,cepat respon baju tidur sesuai deskripsi ukur gambar 3xl bahan kaos katun,unknown,5,Tokopedia,Positive,Bentuk,No,Fashion,No
respon baik mutu lumayan hrg terjangkau,respon mutu lumayan hrg jangkau,unknown,5,Tokopedia,Positive,Harga,No,Hobi & Hiburan,No
perlu hampir minggu buat packing dengan alasan overload minggu loh mingguuuuu,minggu packing alas overload minggu mingguuuuu,unknown,2,Tokopedia,Negative,Lainnya,No,Kesehatan & Kecantikan,No
beli tanggal agustus tp tanggal september sdh error di bagian driving wheels akhirna ditanggal itu jg sya kirim t9 nya ke service centre di tangerang hari kemudian t9 kembali di tgn sya tp kemudian error lg di tanggal september kali ini error di bagian sensor dmn deebot selalu bilang ozmo pro is being installed please move to the non carpet area pdhal ozmo pro tdk sedang di attach ke t9 nya dikarnakan hal ini lampu pd deebot akhirna suka bergonta ganti jd biru putih biru putih dan semalaman itu voice report terus menerus bunyi seperti itu kalau dsuru bawa service lg maap saja sya bakalan tdk mao berhubung ongkosna yg sgt mahal jd untuk sementara ya sya hanya bs matikan voice reportna dl aja biar ga terganggu overall agak mengecewakan t9 ini dibandingkan t8 aivi dan t9 jauh tdk tahan banting baru pake sebulan tp sdh byk sekali errornya bener2 nyesel jg belinya maaap cuma bs kasi bintang segene krn ktdkpuasan saya kl memang mao consider beli robot beli baik beli t8 series aja lebi tahan banting soale,beli tanggal agustus tanggal september error driving wheels akhirna tanggal sya kirim t9 service centre tangerang t9 tgn sya error lg tanggal september error sensor dmn deebot bilang ozmo pro is being installed please move to the non carpet area pdhal ozmo pro attach t9 dikarnakan lampu deebot akhirna suka bergonta ganti jd biru putih biru putih malam voice report terus bunyi dsuru bawa service lg maap sya mao hubung ongkosna sgt mahal jd sya bs mati voice reportna biar ganggu overall kecewa t9 banding t8 aivi t9 tahan banting pake bulan byk errornya bener2 nyesel beli maaap bs kasi bintang segene ktdkpuasan kl mao consider beli robot beli beli t8 series lebi tahan banting soale,unknown,1,Tokopedia,Negative,Harga,Yes,Elektronik,No
mantap terima kasih seller order kemarin sore jam sudah tiba k daerah garut barang sesuai deskripsi,mantap terima kasih seller order kemarin sore jam daerah garut barang sesuai deskripsi,unknown,5,Tokopedia,Positive,Bentuk,No,Elektronik,No
kertas nya jelek tinta cetakan ada yang hampir tidak jelas di baca,kertas jelek tinta cetak baca,unknown,3,Tokopedia,Neutral,Bentuk,No,Hobi & Hiburan,No
nga lengket sama sepatu lem nya kayak nya lem ubu di repack,nga lengket sepatu lem lem ubu repack,unknown,1,Tokopedia,Negative,Bentuk,No,Perabotan,No
puas cuma untuk kemasanya kurang aman ya karna tidak pakai bublewrap pake map coklat gitu mapnya sobek ujung nya untung bukunya aman,puas masa aman karna pakai bublewrap pake map coklat gitu map sobek ujung untung buku aman,unknown,4,Tokopedia,Positive,Bentuk,No,Hobi & Hiburan,No
packing rapi barang sesuai deskripsi mantep lah,packing rapi barang sesuai deskripsi mantep,unknown,5,Tokopedia,Positive,Bentuk,No,Fashion,No
driver ngaco bukan tokonya barang ok itu smart namanya bengak gua kasih puas komen jg lu bintang satunya buat driver,driver ngaco toko barang oke smart nama bengak gua kasih puas komen bintang satu driver,unknown,1,Tokopedia,Negative,Lainnya,No,Elektronik,No
console sebelah kanan analoq ya drift sendiri lecet juga ng recommend deh kapok,console belah kanan analoq drift lecet ng recommend kapok,unknown,1,Tokopedia,Negative,Lainnya,No,Elektronik,No
penjual ramah barangnya bagus sesuai dgn pesanan packing rapi padahal cmn pesan,jual ramah barang bagus sesuai pesan packing rapi cmn pesan,unknown,5,Tokopedia,Positive,Bentuk,No,Elektronik,No
produk yg dikirim berbeda dgn foto yg tertera,produk kirim beda foto tera,unknown,2,Tokopedia,Negative,Bentuk,Yes,Hobi & Hiburan,No
proses packing sangat lambat,proses packing lambat,unknown,2,Tokopedia,Negative,Lainnya,No,Fashion,No
barang sesuai terima kasih,barang sesuai terima kasih,unknown,5,Tokopedia,Positive,Bentuk,No,Kerajinan & Pesta,No
warna tidak sesuai yang diinfokan,warna sesuai info,unknown,1,Tokopedia,Negative,Bentuk,Yes,Ibu & Bayi,No
order teroooos moga smua dimudahkn rzq ny,order teroooos moga smua dimudahkn rzq,unknown,5,Tokopedia,Positive,Lainnya,No,Lainnya,No
mesin kasar pelayanan kurang,mesin kasar layan,unknown,1,Tokopedia,Negative,Bentuk,No,Perabotan,No
muantaap tepat waktu packing memuaskan tks,muantaap waktu packing muas tks,unknown,5,Tokopedia,Positive,Lainnya,No,Perawatan Hewan,No
pengiriman cepat barang sesuai pesanan dan terbungkus dengan rapi recomended,kirim cepat barang sesuai pesan bungkus rapi recomended,unknown,5,Tokopedia,Positive,Bentuk,No,Kesehatan & Kecantikan,No
sepatu nya sudah sampai cuma tdk sesuai pesanan sy seharus nya dan tapi dikasihnya dan jdi ada yg ga muat dipakai nya seharusny ada pemberitahuan dlu lain kali lebih teliti lagi gan klo untuk kwalitas nya bagus hanya disayangkan masalah nomer nya aja,sepatu sesuai pesan harus kasih jdi muat pakai seharusny pemberitahuan teliti gan kwalitas bagus sayang nomer,unknown,3,Tokopedia,Neutral,Bentuk,No,Fashion,No
barangnya mantap berkualitas kokoh bergaransi seller ramah pokoknya mantap banget,barang mantap kualitas kokoh garansi seller ramah pokok mantap,unknown,5,Tokopedia,Positive,Bentuk,No,Elektronik,No
yg dipesan 5macam yg datang doraemon semua,pes 5macam doraemon,unknown,2,Tokopedia,Negative,Lainnya,No,Fashion,No
pengiriman nya cepet tapi packing nya gak aman banget soalnya cuman dipacking sama plastik tanpa bubble wrap maupun kardus tapi over all bagus sih ini juga dapet gratis dari tokopedia terimakasih tokopedia,kirim cepet packing aman cuman dipacking plastik bubble wrap kardus over all bagus gratis tokopedia terimakasih tokopedia,unknown,4,Tokopedia,Positive,Bentuk,No,Elektronik,No
produk original nyaman dipakai,produk original nyaman pakai,unknown,5,Tokopedia,Positive,Bentuk,No,Hobi & Hiburan,No
barang sesuai pesanan udh di coba oke packing rapih mksh,barang sesuai pesan coba oke packing rapih mksh,unknown,5,Tokopedia,Positive,Bentuk,No,Elektronik,No
sudah ke 2x beli disini barangnya asli dan penjualnya baik sekali terima kasih kak,2x beli barang asli jual terima kasih kak,unknown,5,Tokopedia,Positive,Bentuk,No,Lainnya,No
mantaaappp biasanya langganan,mantaaappp langgan,unknown,5,Tokopedia,Positive,Lainnya,No,Ibu & Bayi,No
penjual responsif gercep ada spidol ga nyata langsung dikirim thank u so muchh,jual responsif gercep spidol kirim thank so muchh,unknown,5,Tokopedia,Positive,Lainnya,No,Perlengkapan Kantor,No
packing nya rapi brg pesanan dlm keadaan baik,packing rapi brg pesan dlm,unknown,5,Tokopedia,Positive,Bentuk,No,Kerajinan & Pesta,No
yg dipesan yg dtg barangnya beda ga ada konfirmasi mau retur juga mahal di ongkos sudah lah,pes dtg barang beda konfirmasi retur mahal ongkos,unknown,3,Tokopedia,Neutral,Harga,No,Fashion,No
jujur awalnya sih kawatir dikarenakan baru pertama kali membeli emas lewat online alhamdulilah ternyata penjualnya jujur dan amanah bakalan jadi langganan terus nih aku terima kasih,jujur kawatir beli emas online alhamdulilah jual jujur amanah langgan terima kasih,unknown,5,Tokopedia,Positive,Rasa,No,Lainnya,No
thankyou seller bahannya adem cocok buat anak anak sengaja ambil size yg lebih gede biar di pake lama,thankyou seller bahan adem cocok anak anak sengaja ambil size gede biar pake,unknown,5,Tokopedia,Positive,Bentuk,No,Ibu & Bayi,No
ukuran gak sesuai jumbonya kecil,ukur sesuai jumbo,unknown,2,Tokopedia,Negative,Bentuk,No,Fashion,No
mantab pengiriman cepat bahan tebal tapi tidak panas jahitan rapi harga murah,mantab kirim cepat bahan tebal panas jahit rapi harga murah,unknown,5,Tokopedia,Positive,Bentuk,No,Fashion,No
baru satu hari pemakaian kabel chargernya udah gabisa dipake,pakai kabel chargernya gabisa dipake,unknown,3,Tokopedia,Neutral,Lainnya,No,Elektronik,No
janjinya dapat kaleng kecil dan kaleng besar tapi yg datang adalah kaleng kecil kecewa bangetttt,janji kaleng kaleng kaleng kecewa bangetttt,unknown,1,Tokopedia,Negative,Bentuk,Yes,F&B,Yes
ukurannya tidak sesuai harapan,ukur sesuai harap,unknown,2,Tokopedia,Negative,Bentuk,Yes,Fashion,No
pengiriman lambat pas dateng barang juga sudah sobek debuan,kirim lambat pas dateng barang sobek debu,unknown,1,Tokopedia,Negative,Bentuk,No,Perlengkapan Kantor,No
kurang bagus kurang pas sama fotonya,bagus pas foto,unknown,1,Tokopedia,Negative,Bentuk,No,Fashion,No
barang ga sesuai kecewa,barang sesuai kecewa,unknown,1,Tokopedia,Negative,Bentuk,Yes,Otomotif,No
pelayanan seller positive sayang converternya ga bisa dipake alias error beli error nya,layan seller positive sayang converternya dipake alias error beli error,unknown,3,Tokopedia,Neutral,Lainnya,No,Elektronik,No
sudah dipasang bagus deh,pasang bagus,unknown,5,Tokopedia,Positive,Bentuk,No,Perabotan,No
gak nyaman dipakai,nyaman pakai,unknown,1,Tokopedia,Negative,Bentuk,No,Otomotif,No
material dan packaging nya bagus dan rapih tapi halaman di bukunya banyak banget yang kebalik2 halaman yg harusnya ada di awal malah ada di akhir buku jadi ada yang harusnya di tengah buku malah di akhir buku jadi bacanya pindah pindah bingung dan ga nyaman,material packaging bagus rapih halaman buku kebalik2 halaman buku tengah buku buku baca pindah pindah bingung nyaman,unknown,2,Tokopedia,Negative,Bentuk,No,Hobi & Hiburan,Yes
pesanan sdh diterima dlm keadaan baik dan fast respond dr seller mantap,pesan terima dlm fast respond seller mantap,unknown,5,Tokopedia,Positive,Rasa,No,Perlengkapan Kantor,No
maaf kualitas buruk bahan tipis lingkar kepala gak bisa disetel kecil,maaf kualitas buruk bahan tipis lingkar kepala setel,unknown,1,Tokopedia,Negative,Bentuk,Yes,Fashion,No
bagus kencang sayangnya ada yang patah,bagus kencang sayang patah,unknown,4,Tokopedia,Positive,Bentuk,No,Kesehatan & Kecantikan,No
produknya dipaketkan dengan rapi dan tidak ada cacat recommended,produk paket rapi cacat recommended,unknown,5,Tokopedia,Positive,Bentuk,No,Elektronik,No
produk diterima kondisi baik pengiriman cepat dan packing rapi respon penjual oke,produk terima kondisi kirim cepat packing rapi respon jual oke,unknown,4,Tokopedia,Positive,Bentuk,No,Hobi & Hiburan,No
bau parfum coffeenya kurang enak untuk alat nya banyak baret2,bau parfum coffeenya alat baret2,unknown,2,Tokopedia,Negative,Rasa,No,Kesehatan & Kecantikan,No
bahan katun sy pikir anti air ternyata tidak sy beli minta warna hitam dan abu eh di kasihnya abu semua,bahan katun pikir anti air beli warna hitam abu eh kasih abu,unknown,3,Tokopedia,Neutral,Bentuk,No,F&B,No
mantep bangettt coklatnya beli lagi promo terus masih ditambahin voucher juga jadi mumer pokok deh,mantep bangettt coklat beli promo ditambahin voucher mumer pokok,unknown,5,Tokopedia,Positive,Harga,No,F&B,No
barang sesuai harga lumayan bagus,barang sesuai harga lumayan bagus,unknown,5,Tokopedia,Positive,Harga,No,Hobi & Hiburan,No
kecewa banget masa yang datang cuma tripot nya ada ngga ada ring light nya tripotnya pun pada patah,kecewa tripot ring light tripotnya patah,unknown,1,Tokopedia,Negative,Lainnya,Yes,Elektronik,Yes
raknya letoy bgt kalo naro sepatu lebih dari pasang takut roboh kirain kuat ternyata letoy bgt,rak letoy naro sepatu pasang takut roboh kirain kuat letoy,unknown,2,Tokopedia,Negative,Bentuk,No,Perabotan,No
packing rapi dan aman pengiriman cepat produk sesuai pesanan makasih buat bonusnya,packing rapi aman kirim cepat produk sesuai pesan makasih bonus,unknown,5,Tokopedia,Positive,Bentuk,No,Kesehatan & Kecantikan,No
sangat presisi dan pas,presisi pas,unknown,5,Tokopedia,Positive,Bentuk,No,Elektronik,No
tidak berfungsi mau retur tapi berat di ongkir mungkin kedepannya boleh di test terlebih dahulu sebelum kirim,fungsi retur berat ongkos kirim depan test kirim,unknown,2,Tokopedia,Negative,Harga,Yes,Elektronik,No
beli warna ungu kenapa warnanya jelek ya ungu pudar,beli warna ungu warna jelek ungu pudar,unknown,3,Tokopedia,Neutral,Bentuk,No,Fashion,No
bru dipake 2x udh robek sana sini trus kek keluar karet2 warna kuning gituu ngga lagi deh,bru dipake 2x robek trus kek karet2 warna kuning gituu,unknown,2,Tokopedia,Negative,Bentuk,No,Fashion,No
banyakk rusakk dan lecet nyaaaa,banyakk rusakk lecet nyaaaa,unknown,1,Tokopedia,Negative,Lainnya,Yes,Elektronik,No
yang bener aja dong saya beli susu masa kemasannya kaya gini bener2 kecewa sudah mah ya lama dtgnya pas di open box kok hancur gini,bener beli susu kemas kaya gin bener2 kecewa mah dtgnya pas open box hancur gin,unknown,1,Tokopedia,Negative,Bentuk,Yes,Ibu & Bayi,Yes
kualitas produk bagus jahitan rapi desainnya cantik cm kekurangannya kl isi banyak kartu jd sesak hehe,kualitas produk bagus jahit rapi desain cantik cm kurang kl isi kartu jd sesak hehe,unknown,5,Tokopedia,Positive,Bentuk,No,Fashion,No
barangnya kurang sesuai dgn permintaan sudah saya setujui berubah jumlah dan ukuran tp ternyata dikirim ada yg dirubah lg tanpa persetujuan,barang sesuai minta tuju ubah ukur kirim rubah lg tuju,unknown,2,Tokopedia,Negative,Bentuk,No,Fashion,No
barang sampai dan sesuai harapan,barang sesuai harap,unknown,4,Tokopedia,Positive,Bentuk,No,Elektronik,No
warna sesuai ada karet di bagian belakang spy kaos kaki tdk mudah lepas,warna sesuai karet spy kaos kaki mudah lepas,unknown,4,Tokopedia,Positive,Bentuk,No,Fashion,No
dapet certi eye berarti memang terbaru terimakasih banyak,certi eye baru terimakasih,unknown,5,Tokopedia,Positive,Lainnya,No,Lainnya,No
tidak ada pengaruh besar kecil suara,pengaruh suara,unknown,2,Tokopedia,Negative,Bentuk,No,Hobi & Hiburan,No
paket cepat datang packing aman sekali dapet bonus hair masker wanginya enak banget thank you loreal,paket cepat packing aman bonus hair masker wangi thank you loreal,unknown,5,Tokopedia,Positive,Rasa,No,Kesehatan & Kecantikan,No
bukunya bagus original tapi sayang dapet yang binding bagian bawahnya kurang bagus,buku bagus original sayang binding bawah bagus,unknown,4,Tokopedia,Positive,Bentuk,No,Hobi & Hiburan,No
dapet yang berjamur gini padaha expnya masih lama tolong dong di perhatiin produknya,jamur gin padaha expnya tolong perhatiin produk,unknown,1,Tokopedia,Negative,Lainnya,No,F&B,No
barangnya original ada garansi ibox imei terdaftar di kemenperin masih ada greenpeel barangnya mulus sinyal aman berfungsi dengan baik,barang original garansi ibox imei daftar kemenperin greenpeel barang mulus sinyal aman fungsi,unknown,4,Tokopedia,Positive,Bentuk,No,Elektronik,No
barangnya original ada garansi resmi suaranya jernih koneksi bluetooth kuat nyaman dipakai lama material premium,barang original garansi resmi suara jernih koneksi bluetooth kuat nyaman pakai material premium,unknown,5,Tokopedia,Positive,Bentuk,No,Elektronik,No
barangnya bagus bgt kokoh sisirnya jg ga tajem tombol kliknya juga praktis,barang bagus kokoh sisir tajem tombol klik praktis,unknown,5,Tokopedia,Positive,Bentuk,No,Perawatan Hewan,No
ga ada tanggapan mau komplain padahal saya beli bukan minta kecewa,tanggap komplain beli kecewa,unknown,1,Tokopedia,Negative,Lainnya,Yes,Perlengkapan Kantor,No
kualitas kurang bagus,kualitas bagus,unknown,2,Tokopedia,Negative,Bentuk,No,Hobi & Hiburan,No
niat mau main di televisi tapi sama sekali gak bs tampil di tv mau return kondisi bgini susah kemana2 jadi yasudahlah,niat main televisi bs tampil tv return kondisi bgini susah kemana2 yasudahlah,unknown,1,Tokopedia,Negative,Bentuk,Yes,Elektronik,No
nggak bisa jalan kereta nya anakqu jadi kecewa,jalan kereta anakqu kecewa,unknown,1,Tokopedia,Negative,Lainnya,Yes,Hobi & Hiburan,Yes
bener bener sesuai ekspektasi sih auto belajar triumph,bener bener sesuai ekspektasi auto ajar triumph,unknown,5,Tokopedia,Positive,Bentuk,No,Hobi & Hiburan,No
warnanya kusam ternyata,warna kusam,unknown,2,Tokopedia,Negative,Bentuk,No,Ibu & Bayi,No
ribet pemakaian gk di saranin beli,ribet pakai saranin beli,unknown,2,Tokopedia,Negative,Lainnya,No,Elektronik,No
mantap pengiriman sangat cepat produk aman,mantap kirim cepat produk aman,unknown,5,Tokopedia,Positive,Rasa,No,Lainnya,No
isiny hancur akar2ny gingseng hancur jadi sprt barang udah lama,isiny hancur akar2ny gingseng hancur sprt barang,unknown,3,Tokopedia,Neutral,Lainnya,No,Kesehatan & Kecantikan,No
respon chat cepat recomended seller packing rapi,respon chat cepat recomended seller packing rapi,unknown,5,Tokopedia,Positive,Bentuk,No,Kesehatan & Kecantikan,No
luar biasa packing di jamin aman pakai bubblewrap cepet banget prosesnya senin malam cekout paginya kirim hari ini rabu sore sampai sangat cepat sangat puas terimakasih sukses selalu yah tech cube,packing jamin aman pakai bubblewrap cepet proses senin malam cekout pagi kirim rabu sore cepat puas terimakasih sukses yah tech cube,unknown,5,Tokopedia,Positive,Lainnya,No,Elektronik,No
bahan bagus hanya di bagian jahitan mudah lepas,bahan bagus jahit mudah lepas,unknown,3,Tokopedia,Neutral,Bentuk,No,Fashion,No
emang rasanya kaya basi apa gimana kok gini amat kaya bau tong sampah,kaya basi gimana gin kaya bau tong sampah,unknown,1,Tokopedia,Negative,Rasa,No,F&B,No
delivery packing mantap pengiriman cepat barang build quality mantap solid responsif juga kyknya beneran ori rumble ada amiibo ke detect klik home button auto on,delivery packing mantap kirim cepat barang build quality mantap solid responsif kyknya beneran original rumble amiibo detect klik home button auto on,unknown,5,Tokopedia,Positive,Rasa,No,Elektronik,No
recommended komunikasi lancar instruksi jelas game nya gampang diinstall kapan kapan ke sini lagi terima kasih,recommended komunikasi lancar instruksi game gampang diinstall terima kasih,unknown,5,Tokopedia,Positive,Lainnya,No,Elektronik,No
baguuuus sesuai dengan pesanan semoga sukses selalu,baguuuus sesuai pesan moga sukses,unknown,5,Tokopedia,Positive,Bentuk,No,Lainnya,No
di foto bonus foto besar dateng nya kecill pencitraan sekali anda kill sungguh mengecewakan,foto bonus foto dateng kecill citra kill sungguh kecewa,unknown,1,Tokopedia,Negative,Bentuk,Yes,F&B,No
beli dua yang satu jelek eror sama analog g bisa balik lagi kecewa saya,beli jelek eror analog kecewa,unknown,1,Tokopedia,Negative,Bentuk,Yes,Elektronik,Yes
gumush bgt cutternyaa imut warna pinkkknya cutee seneng bangedddd lochh thank you deliii peralatannya lengkap and keren,gumush cutternyaa imut warna pinkkknya cutee neng bangedddd lochh thank you deliii alat lengkap and keren,unknown,5,Tokopedia,Positive,Bentuk,No,Perlengkapan Kantor,No
bagus angin nya terasa kuat tapi belum kebiasa ama getarannya doang yang agak kuat,bagus angin kuat biasa ama getar doang kuat,unknown,5,Tokopedia,Positive,Bentuk,No,Elektronik,No
kualitas produk bagus,kualitas produk bagus,unknown,5,Tokopedia,Positive,Bentuk,No,F&B,No
barang kw jangan beli disini,barang palsu beli,unknown,1,Tokopedia,Negative,Bentuk,Yes,Elektronik,No
belanja disini mantap pengiriman cepat dan barangnya rekomended dan packing aman dan rapi bakal belanja lagi disini insyaallah,belanja mantap kirim cepat barang rekomended packing aman rapi belanja insyaallah,unknown,5,Tokopedia,Positive,Rasa,No,Perlengkapan Kantor,No
lucu tasnya murah sesuai harga sih kualitasnya pas juga dianak saya,lucu tas murah sesuai harga kualitas pas anak,unknown,5,Tokopedia,Positive,Harga,No,Fashion,No
bahan tipis kualitas buruk,bahan tipis kualitas buruk,unknown,1,Tokopedia,Negative,Bentuk,Yes,Fashion,No
pengiriman lama banget oder hr minggu baru dikirim kamis setiap ditanya jawabnya masih proses barang dikirim salah size dan warna order merah yg dikirim hitam parah koordinasi nya,kirim oder hr minggu kirim kamis proses barang kirim salah size warna order merah kirim hitam parah koordinasi,unknown,1,Tokopedia,Negative,Bentuk,Yes,Hobi & Hiburan,No
lagi musim hujan tidak dibungkus yang aman dan rapat jadi air hujannya masuk,musim hujan bungkus aman rapat air hujan,unknown,2,Tokopedia,Negative,Lainnya,No,Hobi & Hiburan,No
barang sesuai pesanan kualitas bagus baik mantap packing juga oke seller ramah pengiriman juga cepat fast respons recommended seller pokoknya,barang sesuai pesan kualitas bagus mantap packing oke seller ramah kirim cepat fast respons recommended seller pokok,unknown,5,Tokopedia,Positive,Bentuk,No,Ibu & Bayi,No
saya mesan dua malah dikirim cuma satu,mesan kirim,unknown,1,Tokopedia,Negative,Lainnya,No,Hobi & Hiburan,No
kecewa barang gak sampe toko nya gak mau tanggung jawab dan respon nya lama bgt bener bener kecewa jgn beli disini lagi untuk kalian yang baca komen ini respon nya lama bgt dari delivery nya juga kacau nyasarin barang dan gak mau tanggung jawab beli barang tapi barangnya gak sampe bener bener kecewa,kecewa barang toko tanggung respon bener bener kecewa jgn beli baca komen respon delivery kacau nyasarin barang tanggung beli barang barang bener bener kecewa,unknown,1,Tokopedia,Negative,Bentuk,Yes,Perabotan,Yes
respon seller bagus tapi produknya tidak suaranya kecil masih kalah dengan mic hp internal harga sangat tidak sesuai dengan kualitas,respon seller bagus produk suara kalah mic hp internal harga sesuai kualitas,unknown,3,Tokopedia,Neutral,Bentuk,No,Elektronik,No
joooosssss gandooosss pengiriman rapih cepat,joooosssss gandooosss kirim rapih cepat,unknown,5,Tokopedia,Positive,Bentuk,No,Perawatan Hewan,No
rumah rapi dan nyaman rekomen material produk bagus produk sesuai murah respon seller kiriman cepat packingnya sangat aman banyak cashback cashbacknya bisa buat belanja yang lain lagi gratis ongkir pastinya bahannya lumayan bagus oke oke oke lah pokoknya demikian ulasan saya tidak terlalu panjang dan lebar mungkin cukup sampai sini aja kali ya terimakasih sudah menyimak review sekian dan saya ucapkan terimakasih banyak ingat tetap patuhi protokol kesehatan gunakan masker dan jaga jarak,rumah rapi nyaman rekomen material produk bagus produk sesuai murah respon seller kirim cepat packingnya aman cashback cashbacknya belanja gratis ongkos kirim pasti bahan lumayan bagus oke oke oke pokok ulas lebar terimakasih simak review sekian ucap terimakasih patuh protokol sehat masker jaga jarak,unknown,5,Tokopedia,Positive,Bentuk,No,Perabotan,No
udh top banget lah beli disini juara ke oriannya selalu langganan pokonya,top beli juara oriannya langgan poko,unknown,5,Tokopedia,Positive,Bentuk,No,Lainnya,No
pesen kabel data sesuai deskripsi tapi lagi barang lain packing aman pengiriman cepat yang nyiapin barang kurang teliti overall ok lah,sen kabel data sesuai deskripsi barang packing aman kirim cepat nyiapin barang teliti overall oke,unknown,3,Tokopedia,Neutral,Bentuk,No,Elektronik,No
pengiriman cepatt barang sesuai pesanan harga terjangkau joossss,kirim cepatt barang sesuai pesan harga jangkau joossss,unknown,5,Tokopedia,Positive,Harga,No,Lainnya,No
barang sesuai dan pengiriman cepat,barang sesuai kirim cepat,unknown,4,Tokopedia,Positive,Bentuk,No,Ibu & Bayi,No
barang yg dtg gak bagus plastik busa gt dan bagus kualitasnya bs dilihat di gambar saya ya,barang dtg bagus plastik busa gt bagus kualitas bs gambar,unknown,1,Tokopedia,Negative,Bentuk,No,Perabotan,No
beli dua rencana nya buat jaga jaga kalo salah satu nya rusak eh bener aja dua dua nya gak mau nyolok stik ps dengan sempurna ke converter nya mau retur produk udah kadung males untuk penjual sebelum kirim barang tolong dong di qc lebih maksimal lagi,beli rencana jaga jaga salah rusak eh bener nyolok stik ps sempurna converter retur produk kadung males jual kirim barang tolong qc maksimal,unknown,1,Tokopedia,Negative,Lainnya,Yes,Elektronik,No
ampuuuunnn dibngkus pake plastik bening jdi malu krn diperumahan ada yg jual tp mlh beli online soalnya paket dtng ditaruh di kursi pos satpam khusus buat semua paket seperumahan mikir2 klo mau beli disini lgi,ampuuuunnn dibngkus pake plastik bening jdi malu rumah jual mlh beli online paket dtng taruh kursi pos satpam paket rumah mikir2 beli lgi,unknown,1,Tokopedia,Negative,Bentuk,No,Ibu & Bayi,No
pengemasan lambat banget pengiriman lamaaaaaa,kemas lambat kirim lamaaaaaa,unknown,1,Tokopedia,Negative,Lainnya,No,Kesehatan & Kecantikan,No
teksturnya keras hasilnya tebal gampang dipakai gampang dibawa bawa packaging aman proses pesanan cepat,tekstur keras hasil tebal gampang pakai gampang bawa bawa packaging aman proses pesan cepat,unknown,4,Tokopedia,Positive,Rasa,No,Kesehatan & Kecantikan,No
maap agak kecewa krn yg saya terima beda sama gambar bagian alas tdk bevel spt gambar,maap kecewa terima beda gambar alas bevel spt gambar,unknown,2,Tokopedia,Negative,Bentuk,Yes,Hobi & Hiburan,No
gampang dipakai lembut di kulit proses pesanan cepat penjualnya ramah banget warnanya lucu barangnya awet respon penjualnya top packaging aman packaging rapi,gampang pakai lembut kulit proses pesan cepat jual ramah warna lucu barang awet respon jual top packaging aman packaging rapi,unknown,5,Tokopedia,Positive,Bentuk,No,Kesehatan & Kecantikan,No
setelah dicek tidak utuh 32gb kok bisa ya kemana sisa 3gb nya mas mba krn lagi butuh yaudahlah cukup tau beli disini pertama dan terakhir beli disini,cek utuh 32gb mana sisa 3gb mas mba butuh yaudahlah tau beli beli,unknown,1,Tokopedia,Negative,Lainnya,No,Elektronik,No
ikat pinggangnya sendiri sih baiklah yang masalah kepala ikat pinggangnya yang saya terima dibeberapa bagian cat mengelupas hal lain setelah dipake susah dilepas ungkitan untuk menaikkan penahan ikat pinggangnya tidak mau terangkat repot saat mau ganti pakaian,ikat pinggang kepala ikat pinggang terima beberapa cat kelupas dipake susah lepas ungkit naik tahan ikat pinggang angkat repot ganti pakai,unknown,3,Tokopedia,Neutral,Bentuk,No,Fashion,No
mantap barang ga mengecewakan sumpah di sony a5100 ku awet jg btrenya lebih lama daripada btre ori malah,mantap barang kecewa sumpah sony a5100 ku awet btrenya btre original,unknown,5,Tokopedia,Positive,Bentuk,No,Elektronik,No
barang ok pengiriman cepat packaging aman dan rapi,barang oke kirim cepat packaging aman rapi,unknown,5,Tokopedia,Positive,Bentuk,No,Kesehatan & Kecantikan,No
barang yang sampai berbededa dengan do foto,barang berbededa do foto,unknown,1,Tokopedia,Negative,Lainnya,No,Kerajinan & Pesta,No
selalu bagus produknya pembelian ke mantapp min smoga laris,bagus produk beli mantapp min smoga laris,unknown,5,Tokopedia,Positive,Rasa,No,Hobi & Hiburan,No
barangnya jelek ngerusak filter ac pdhal blm lm ganti,barang jelek ngerusak filter ac pdhal lm ganti,unknown,1,Tokopedia,Negative,Bentuk,Yes,Otomotif,No
kualitas kurmanya top dagingnya tebal dan lembut packing bagus setelah tutup box dibuka kurma masih dibungkus plastik mau order lagi,kualitas kurma top daging tebal lembut packing bagus tutup box buka kurma bungkus plastik order,unknown,5,Tokopedia,Positive,Bentuk,No,F&B,No
pelayanan bagus mantap rekomen banget beli disini terima kasih,layan bagus mantap rekomen beli terima kasih,unknown,5,Tokopedia,Positive,Rasa,No,Hobi & Hiburan,No
thanks barang udh sampe cepet bgd tp maaf blm coba barangnya dan blm sempat foto kurir juga oke thanks gan moga bermanfaat,thanks barang cepet bgd maaf coba barang foto kurir oke thanks gan moga manfaat,unknown,4,Tokopedia,Positive,Lainnya,No,Hobi & Hiburan,No
sdh tahun berlangganan memakai cat sablon ini hasil ajib seller nya juga ajib,tahun langgan pakai cat sablon hasil ajib seller ajib,unknown,5,Tokopedia,Positive,Lainnya,No,Lainnya,No
pengiriman cepat buku dalam kondisi baik,kirim cepat buku kondisi,unknown,5,Tokopedia,Positive,Lainnya,No,Hobi & Hiburan,No
barangnya bagus dan terlihat mewah designya juga keren pengiriman cepat dan di bungkus dengan rapi,barang bagus mewah designya keren kirim cepat bungkus rapi,unknown,5,Tokopedia,Positive,Bentuk,No,F&B,No
barang tidak pernah sampai malah disuruh ngambil sendiri ngga rekomen banget,barang suruh ngambil rekomen,unknown,1,Tokopedia,Negative,Lainnya,No,Hobi & Hiburan,No
pengiriman cepat harganya murah kualitas oke masih diplastik ini saya foto setelah dikeluarin dari plastik pembungkusnya kainnya lembut dan berukuran kecil jadi mudah dibawa ke mana mana,kirim cepat harga murah kualitas oke plastik foto dikeluarin plastik bungkus kain lembut ukur mudah bawa,unknown,5,Tokopedia,Positive,Bentuk,No,Elektronik,No
packing rapih aman makasih,packing rapih aman makasih,unknown,5,Tokopedia,Positive,Bentuk,No,Kesehatan & Kecantikan,No
brg sudah smpai dg aman peking rapi kualitas bahan sesuai harga,brg smpai dg aman peking rapi kualitas bahan sesuai harga,unknown,5,Tokopedia,Positive,Bentuk,No,Fashion,No
harga jauh lebih murah fast response ramah dan sangat recommended pastinya akan order disini lagi pertahankan ya kak the best,harga murah fast response ramah recommended pasti order tahan kak the best,unknown,5,Tokopedia,Positive,Harga,No,Hobi & Hiburan,No
exp dekat padahal udah beli banyak buat di jual lagi ini pengalaman klo harga miring mumer harus waspada,exp beli jual alami harga miring mumer waspada,unknown,1,Tokopedia,Negative,Harga,No,Kesehatan & Kecantikan,No
penjual kurang responsif saat diajukan pertanyaan tentang barang yg dikirim jd kecewa bngt ndak recomended sm penjual kyk gini saran bwt toko cari pegawai yang sikapnya enak dan responsif kepada pelanggan agar pelanggan merasa puas dan senang dengan pelayanan,jual responsif aju barang kirim jd kecewa bngt ndak recomended sm jual gin saran bwt toko cari pegawai sikap responsif langgan langgan puas senang layan,unknown,1,Tokopedia,Negative,Rasa,Yes,Elektronik,No
pelayanan buruk barang yang dikirim tidak enak jangan beli disini,layan buruk barang kirim beli,unknown,1,Tokopedia,Negative,Rasa,Yes,F&B,No
produk original dijamin termurah nyaman dipakai,produk original jamin murah nyaman pakai,unknown,5,Tokopedia,Positive,Bentuk,No,Hobi & Hiburan,No
beda dengan iklannya,beda iklan,unknown,1,Tokopedia,Negative,Lainnya,No,Perabotan,No
packing berantakan sungguh mengecewakan,packing beranta sungguh kecewa,unknown,1,Tokopedia,Negative,Lainnya,Yes,F&B,No
bahan terlalu tipis jahitan kurang kuat bs cpt sobek,bahan tipis jahit kuat bs cpt sobek,unknown,2,Tokopedia,Negative,Bentuk,No,Fashion,No
baru dipasang sdh tdk berfungsi,pasang fungsi,unknown,1,Tokopedia,Negative,Bentuk,No,Perabotan,No
produk ini chip di dalamnya didaur ulang dan dipasang kembali setelah menggiling kata kata aslinya pembeli harap perhatikan teman teman tolong beri perhatian khusus,produk chip dalam daur ulang pasang giling asli beli harap perhati teman teman tolong perhati,unknown,1,Tokopedia,Negative,Bentuk,No,Elektronik,No
jamnya berfungsi normal ukuran sesuai keren banget modelnya,jam fungsi normal ukur sesuai keren model,unknown,5,Tokopedia,Positive,Bentuk,No,Fashion,No
sama dengan spos cuci piring yg lain cuma lebih mahal aja,spos cuci piring mahal,unknown,2,Tokopedia,Negative,Harga,No,F&B,No
pembelian kedua puas dengan barangnya produk all in one suka sekali dengan produk ini recommended untuk anabul,beli puas barang produk all in one suka produk recommended anabul,unknown,5,Tokopedia,Positive,Lainnya,No,Perawatan Hewan,No
recommended seller udah order yg ke kali,recommended seller order,unknown,5,Tokopedia,Positive,Lainnya,No,Lainnya,No
seller ramah sabar jawab semua pertanyaan barang sampai tepat waktu mesin sudah dicoba dpt bekerja dgn baik semoga awet thanks,seller ramah sabar barang waktu mesin coba moga awet thanks,unknown,5,Tokopedia,Positive,Bentuk,No,Elektronik,No
ternyata tdk seampuh iklannya noda panci msh tetap ada,ampuh iklan noda panci,unknown,1,Tokopedia,Negative,Lainnya,No,F&B,No
barangnya sampai dgn selamat bonus pic pengirimannya aman capo plastik motif kayu bantalannya karet semoga awet,barang selamat bonus pic kirim aman capo plastik motif kayu bantal karet moga awet,unknown,4,Tokopedia,Positive,Bentuk,No,Hobi & Hiburan,No
terakhir chat sekaligus memastikan bilangnya merek gm bear yg akan dikirim ternyata kardusnya ajah yg merek gm bear tp isinya merek lain buck i barang datang ga sesuai kesepakatan ini mah bohong namanya,chat bilang merek gm bear kirim kardus ajah merek gm bear isi merek buck barang sesuai sepakat mah bohong nama,unknown,2,Tokopedia,Negative,Bentuk,Yes,F&B,No
kecewa keterangannya yard tapi yang datang yard,kecewa terang yard yard,unknown,1,Tokopedia,Negative,Lainnya,Yes,Perlengkapan Kantor,Yes
harga segini kurang worth it bahan tidak tebal ada yang lebih murah detail dan bahan lebih baik sorry,harga gin worth it bahan tebal murah detail bahan sorry,unknown,3,Tokopedia,Neutral,Harga,No,Hobi & Hiburan,No
pengemasannya seadanya lembukunya juga mudah patah cdnya gak diplastikin diselipin aja dibukunya semoga dapat dipebaki yah,emas ada lembukunya mudah patah cdnya diplastikin diselipin buku moga baki yah,unknown,3,Tokopedia,Neutral,Bentuk,No,Hobi & Hiburan,No
barang pecah ndak tau dr seller apa ekspedisinya sayangnya saya selesaikan transaksinya sblm diunboxing bgtu dibuka malah pecah barang cm dilapisi satu lapis bublewarp tipis overall kecewa,barang pecah ndak tau seller ekspedisi sayang selesai transaksi sblm diunboxing bgtu buka pecah barang cm lapis lapis bublewarp tipis overall kecewa,unknown,2,Tokopedia,Negative,Bentuk,Yes,Elektronik,Yes
barang sudah diterima bagus dlm keadaan baik warna jg sesuai dg yg diinginkan bungkusnya juga bagus mantap suka deh makasih penjual makasih tokopedia,barang terima bagus dlm warna sesuai dg bungkus bagus mantap suka makasih jual makasih tokopedia,unknown,5,Tokopedia,Positive,Bentuk,No,Perabotan,No
bahasa indonesia diterima dengan baik barang bagus dan ori pengiriman cepat mantapp jiwaaa,bahasa indonesia terima barang bagus original kirim cepat mantapp jiwaaa,unknown,5,Tokopedia,Positive,Bentuk,No,Hobi & Hiburan,No
ban jadi hitam kembali mantap produk original bahanya kuat ban menjadi seperti baru kembali,ban hitam mantap produk original bahanya kuat ban,unknown,5,Tokopedia,Positive,Bentuk,No,Otomotif,No
barang cakep bahan adem kantong juga lega plus ada resleting pengiriman cepat terbaik,barang cakep bahan adem kantong lega plus resleting kirim cepat baik,unknown,5,Tokopedia,Positive,Bentuk,No,Hobi & Hiburan,No
sedotannya kuat harganya murah mudah dibersihkan kabel listrik panjang,sedot kuat harga murah mudah bersih kabel listrik,unknown,5,Tokopedia,Positive,Harga,No,Otomotif,No
pesen double box tapi ga ada wujudnya,sen double box wujud,unknown,1,Tokopedia,Negative,Lainnya,No,Lainnya,No
beli cashew dikirim almond beli dikirim cm gak berkah dagangan mu,beli cashew kirim almond beli kirim cm berkah dagang mu,unknown,1,Tokopedia,Negative,Lainnya,No,F&B,No
pemasangan mudah karena aksesoris pembantunya lengkap produk juga sesuai ekspektasi,pasang mudah aksesoris bantu lengkap produk sesuai ekspektasi,unknown,5,Tokopedia,Positive,Bentuk,No,Elektronik,No
respon cepat barang bagus,respon cepat barang bagus,unknown,4,Tokopedia,Positive,Bentuk,No,Fashion,No
mantap meskipun bahannya bukan metal tapi cukup kuat udah dicoba sampe fret pun suaranya ga sember perlu diingat ini capo gitar akustik ya bukan klasik jadi bentuknya karetnya agak melengkung menyesuaikan bentuk fret akustik bukan datar kyk gitar klasik,mantap bahan metal kuat coba fret suara sember capo gitar akustik klasik bentuk karet lengkung sesuai bentuk fret akustik datar gitar klasik,unknown,5,Tokopedia,Positive,Bentuk,No,Hobi & Hiburan,No
lumayan sesuai harga makasi,lumayan sesuai harga makas,unknown,4,Tokopedia,Positive,Harga,No,Fashion,No
tipis banget ukurannya terlalu kecil tidak sesuai usia,tipis ukur sesuai usia,unknown,2,Tokopedia,Negative,Bentuk,Yes,Fashion,No
saya sengaja selesaikan pesanan ini agar bisa nulis ulasan sesuai pengalaman saya belanja dintoko ini saya sempat tamyakan via chat tentang foto asli ikan dijawab ikannya sesuai gambar di etalase saya tanya juga bukan burayak dijawab bukan tapi faktanya non sense yg dikirim burayak,sengaja selesai pesan nulis ulas sesuai alami belanja dintoko tamyakan via chat foto asli ikan ikan sesuai gambar etalase burayak fakta non sense kirim burayak,unknown,1,Tokopedia,Negative,Bentuk,No,Perawatan Hewan,No
bagus banget top,bagus top,unknown,5,Tokopedia,Positive,Bentuk,No,Hobi & Hiburan,No
barang sesuai deskripsi recommended high quality product seller packaging ok,barang sesuai deskripsi recommended high quality product seller packaging oke,unknown,5,Tokopedia,Positive,Bentuk,No,Elektronik,No
kali ini dimsum nya hancur,dimsum hancur,unknown,1,Tokopedia,Negative,Lainnya,Yes,F&B,No
penjual sangat tidak responsif pengiriman sangat lama pengen di cancel awalnya namun karena sudah sangat menginginkannya jadi ya sudahlah,jual responsif kirim ken cancel ingin,unknown,1,Tokopedia,Negative,Lainnya,No,Hobi & Hiburan,No
bahan nya bagus banget,bahan bagus,unknown,4,Tokopedia,Positive,Bentuk,No,Fashion,No
penjualnya cukup baik namun untuk berikutnya tolong dibungkus dengan kardus supaya aman dan diberikan tanda bahwa paketnya dilarang ditimpah dan dijemur berlebihan mengingat isinya itu film kamera,jual tolong bungkus kardus aman tanda paket larang ditimpah jemur isi film kamera,unknown,5,Tokopedia,Positive,Lainnya,No,Elektronik,No
diterima dalam keadaan dus terbuka biasanya dus nya rapih tebel di packing bagus sekarang diterima dalam keadaan dus kebuka sobek dan penyok dapet bonus tp lecek kelipet karna packing ga niat di untel2 sama barang nya kaya ga niat ngasih jd ga berguna bonus nya padahal bagus,terima dus buka dus rapih tebel packing bagus terima dus buka sobek penyok bonus lecek kelipet karna packing niat untel2 barang kaya niat ngasih jd guna bonus bagus,unknown,1,Tokopedia,Negative,Bentuk,No,Perabotan,Yes
kualitas main amat buruk,kualitas main buruk,unknown,1,Tokopedia,Negative,Bentuk,Yes,Hobi & Hiburan,No
alhamdulillah bisa dpt traktiran dari tokopedia semoga kemudian hari walaupun ngasih gratisan harus sesuai ukuran juga tapi gak papa makasih buat seller yg udah rela ngasih gratis bisa kepakek utk di rumah aja warnanya cantik tidak menerawang,alhamdulillah traktir tokopedia moga ngasih gratis sesuai ukur papa makasih seller rela ngasih gratis kepakek rumah warna cantik terawang,unknown,4,Tokopedia,Positive,Bentuk,No,Fashion,No
wanginya enak respon seller n pengiriman cepat,wangi respon seller kirim cepat,unknown,5,Tokopedia,Positive,Rasa,No,Kesehatan & Kecantikan,No
sudah dtrima barusan ada cacat goresan2 jadi ga mulus kesan spt bekas ketara tapi y sudahlh thanks,dtrima barusan cacat goresan2 mulus kesan spt bekas tara sudahlh thanks,unknown,3,Tokopedia,Neutral,Lainnya,No,Elektronik,No
mantap sesuai pesanan blm di coba semoga bagus,mantap sesuai pesan coba moga bagus,unknown,5,Tokopedia,Positive,Bentuk,No,Otomotif,No
mkkasih admin daper harga murah paketan sama cdr n redoxon,mkkasih admin daper harga murah paket cdr redoxon,unknown,5,Tokopedia,Positive,Harga,No,Kesehatan & Kecantikan,No
warnanya cantik tpi syg kurang tajem kupas kulit bawang aja sma potong tomat pisau yg kecilnya gk bsa,warna cantik syg tajem kupas kulit bawang sma potong tomat pisau kecil bsa,unknown,3,Tokopedia,Neutral,Bentuk,No,F&B,No
kualitas bahan mantap,kualitas bahan mantap,unknown,5,Tokopedia,Positive,Bentuk,No,Hobi & Hiburan,No
ukuran nya kecil tapi bagus untuk mengeringkan beberapa barang,ukur bagus ering barang,unknown,5,Tokopedia,Positive,Bentuk,No,Perabotan,No
alat tidak berfungsi,alat fungsi,unknown,1,Tokopedia,Negative,Lainnya,Yes,Otomotif,No
barang gak bisa dipakai parah ini mah,barang pakai parah mah,unknown,1,Tokopedia,Negative,Lainnya,Yes,Perabotan,No
tipis banget dan talinya beneran sekendor itu tapi tali ga masalah si yang penting ketebalannua ini sama aja tebelnya kaya masker yg wrna biru ijo itu awalnya baca komen ga percaya soalnya evo lumayan mereknya ternyata beneran tipis bngt,tipis tali beneran sekendor tali si ketebalannua tebelnya kaya masker wrna biru ijo baca komen percaya evo lumayan merek beneran tipis bngt,unknown,1,Tokopedia,Negative,Bentuk,No,Kesehatan & Kecantikan,No
produk sampai dengan baik dan dikemas dengan rapi dan kedap sesuai deskripsi dan tanpa cacat harga produk yg ditawarkan wajar response seller juga cepat dan pengiriman juga relatif cepat terima kasih dan sukses selalu,produk kemas rapi kedap sesuai deskripsi cacat harga produk tawar wajar response seller cepat kirim relatif cepat terima kasih sukses,unknown,5,Tokopedia,Positive,Bentuk,No,Elektronik,No
mantab minnn pengiriman jam sore masih di gasss,mantab minnn kirim jam sore gasss,unknown,5,Tokopedia,Positive,Lainnya,No,Elektronik,No
obatnya cocok buat doggy yg berjamur sdh beli beberapa kali,obat cocok doggy jamur beli,unknown,5,Tokopedia,Positive,Lainnya,No,Perawatan Hewan,No
gan ini gimana ya gorrilapod nya ga cocok sm kamera saya bahkan untuk bawaannya aja ga bisa masuk ga sesuai yang di gorillapod terlalu besar padahal saya sudah diskusi tanya apakah bisa untuk fuji xa dan agan jawab bisa ini kebesaran ga muat di lubangnya di lubang untuk jd tongsis hp pun ga bisa dipasang barangnya bagus tapi ga sesuai dan gak bisa saya gunakan jadinya,gan gimana gorrilapod cocok sm kamera bawa sesuai gorillapod diskusi fuji xa agan besar muat lubang lubang jd tongsis hp pasang barang bagus sesuai,unknown,2,Tokopedia,Negative,Bentuk,No,Elektronik,Yes
ga tau dmn kendalanya tp barangnya sampe ke rumah lama bgt molor 2hr dr estimasi sampai,tau dmn kendala barang rumah molor 2hr estimasi,unknown,3,Tokopedia,Neutral,Lainnya,No,Kesehatan & Kecantikan,No
respon admin buruk benar sprti ulasan yg lain seakan chat dg robot sdh note buat jual mnta packing aman malah dtg penyok2 exp minta lama minimal sprti review yg lain okt eh malah sengaja dikirim experience bulan juli deskripsi mmg bulan juli ketawalah skrg para admin pt bayer nnti pasti dtg saat menangisss,respon admin buruk sprti ulas akan chat dg robot note jual mnta packing aman dtg penyok2 exp minimal sprti review okt eh sengaja kirim experience juli deskripsi mmg juli ketawa skrg admin pt bayer nnti dtg menangisss,unknown,1,Tokopedia,Negative,Bentuk,Yes,Kesehatan & Kecantikan,No
packaging simpel proses pesanan cepat packaging aman packaging rapi,packaging simpel proses pesan cepat packaging aman packaging rapi,unknown,5,Tokopedia,Positive,Bentuk,No,Kesehatan & Kecantikan,No
respon cepat kemasan rapi harga murah barang istimewa,respon cepat kemas rapi harga murah barang istimewa,unknown,5,Tokopedia,Positive,Harga,No,Fashion,No
saya kecewa dengan kualitas barangnya kualitas stainles steelnya sih oke tapi batang yang ada penyangga yang bagian bawah panjangnya kurang tidak bisa disambung kualitas mur rendah mudah bengkok dan patah alhasil jemuran saya tidak dapat dirakit,kecewa kualitas barang kualitas stainles steelnya oke batang sangga panjang sambung kualitas mur rendah mudah bengkok patah alhasil jemur rakit,unknown,2,Tokopedia,Negative,Bentuk,Yes,Perabotan,Yes
kemasan kotaknya ada yg penyok dan robek tp pisaunya aman padahal mau buat hadiah temen,kemas kotak penyok robek pisau aman hadiah temen,unknown,3,Tokopedia,Neutral,Bentuk,No,F&B,No
jelek banyak penyok sana sini sangat mengecewakan,jelek penyok kecewa,unknown,1,Tokopedia,Negative,Bentuk,Yes,F&B,No
packing cepat respond cepat,packing cepat respond cepat,unknown,5,Tokopedia,Positive,Lainnya,No,Hobi & Hiburan,No
barang yang sudah berlubang model persegi pun bisa2 nya di kirim ke buyer nya untuk model bulat warnanya berantakan jelek sekali,barang lubang model persegi bisa2 kirim buyer model bulat warna beranta jelek,unknown,1,Tokopedia,Negative,Bentuk,Yes,Hobi & Hiburan,No
packing rapih dan aman sampai tujuan hadiah pun dapat,packing rapih aman tuju hadiah,unknown,5,Tokopedia,Positive,Bentuk,No,Ibu & Bayi,No
desainnya mewah aplikator mudah dipakai,desain mewah aplikator mudah pakai,unknown,4,Tokopedia,Positive,Bentuk,No,Kesehatan & Kecantikan,No
masker cocok untuk aktivitas sehari hari,masker cocok aktivitas hari,unknown,5,Tokopedia,Positive,Lainnya,No,Kesehatan & Kecantikan,No
pengiriman cepat barangnya lengkap sesuai pesanan,kirim cepat barang lengkap sesuai pesan,unknown,5,Tokopedia,Positive,Bentuk,No,Perabotan,No
barang sdh di terima dgn selamat dan barang nya muantaaap sekali maju dan terus berkembang buat toko nya,barang terima selamat barang muantaaap maju kembang toko,unknown,5,Tokopedia,Positive,Lainnya,No,Elektronik,No
parah sih bukunya ada yang sobek lain kali cek dulu kondisi bukunya sebelum kirim,parah buku sobek cek kondisi buku kirim,unknown,3,Tokopedia,Neutral,Lainnya,No,Hobi & Hiburan,No
barang lusuh seperti barang bekas terdapat cacat pada bodi serta segel original tidak ada padahal beli pada agen online resminya kecewa juga,barang lusuh barang bekas cacat bodi segel original beli agen online resmi kecewa,unknown,2,Tokopedia,Negative,Bentuk,Yes,Perabotan,Yes
ngisi powerbanknya lama bgt sampe jam lebih pas di coba charge ke hape jg lama jam lebih lebih lama dr ngecharge ke listrik langsung,ngisi powerbanknya jam pas coba charge hape jam ngecharge listrik,unknown,2,Tokopedia,Negative,Bentuk,No,Elektronik,No
jelek jelek jelek jelek jelek jelek jelek tinggal ngopi,jelek jelek jelek jelek jelek jelek jelek tinggal ngopi,unknown,1,Tokopedia,Negative,Bentuk,No,Lainnya,No
packingnya parah cuma di masukin ke dalam kantong plastik hitam tidak ada kardus dan tidak di lakban cuma di ikat biasa aja biarpun pengiriman cepat tapi packing sangat mengecewakan barang belum di test semoga bisa berfungsi dengan baik,packingnya parah masukin kantong plastik hitam kardus lakban ikat biarpun kirim cepat packing kecewa barang test moga fungsi,unknown,2,Tokopedia,Negative,Bentuk,Yes,Perabotan,No
bertanya apapun selalu di jawab dengan lengkap dan sabar barang cepat sampai packing rapih terima kasih untuk admin nya,apa lengkap sabar barang cepat packing rapih terima kasih admin,unknown,5,Tokopedia,Positive,Bentuk,No,Elektronik,No
bagus bgt sumpah harga juga murah bgt,bagus sumpah harga murah,unknown,5,Tokopedia,Positive,Harga,No,Hobi & Hiburan,No
barang pecah bagian atas kecewa,barang pecah kecewa,unknown,1,Tokopedia,Negative,Lainnya,Yes,F&B,Yes
sesuai order n deskripsi,sesuai order deskripsi,unknown,5,Tokopedia,Positive,Bentuk,No,Kerajinan & Pesta,No
minta pcs dikirimnya pcs dan dikemasan paket tidak ada jumlah barang yang akan dikirim,pcs kirim pcs kemas paket barang kirim,unknown,1,Tokopedia,Negative,Bentuk,No,Fashion,No
penjual sangat fast respon dan kualitas barang sangat bagus sesuai dengan spesifikasi tanpa ada cacat,jual fast respon kualitas barang bagus sesuai spesifikasi cacat,unknown,5,Tokopedia,Positive,Bentuk,No,Elektronik,No
bahanya jelek harganya sdh mahal,bahanya jelek harga mahal,unknown,1,Tokopedia,Negative,Harga,No,Fashion,No
bagus balon2nya merekat di dinding atap seller responsif langsung kirim sesuai pesanan pagi pesen siang sampai bahkan pesanan ada yg dilebihin,bagus balon2nya rekat dinding atap seller responsif kirim sesuai pesan pagi sen siang pesan dilebihin,unknown,5,Tokopedia,Positive,Bentuk,No,Kerajinan & Pesta,No
barang dtang posisi baterai ksong berarti barang tidak d cek dulu d gambar warna biru cerah dtg wrna biru gelap layar lcet mna buat kado ultah ank ga suka,barang dtang posisi baterai ksong barang cek gambar warna biru cerah dtg wrna biru gelap layar lcet mna kado ultah ank suka,unknown,1,Tokopedia,Negative,Bentuk,No,Elektronik,No
bahannya bagus jahitan rapi tebal tdk menerawang udah 3x beli di toko ini dan hasilnya memuaskan respon penjual cepat dan kiriman jg cepat,bahan bagus jahit rapi tebal terawang 3x beli toko hasil muas respon jual cepat kirim cepat,unknown,5,Tokopedia,Positive,Bentuk,No,Perabotan,No
dompetnya kecil bahannya tipis,dompet bahan tipis,unknown,3,Tokopedia,Neutral,Bentuk,No,Fashion,No
innalillahi gan klo jualan yg jujur agan jual kg knp yg dateng yg 800gr gw apal bangt kantong 800gr sama kg dah sering beli 200gr ya tagih di akherat yaa gan makanan kucing aja paki bohong jualan nya nauzubillah terakhir gw belanja di toko ini ngga berkah loo gan rizki nya dg cara nipu kaya gini biar diterkam kucing2 loo nnti di akherat nya,innalillahi gan jual jujur agan jual kg knp dateng 800gr apal bangt kantong 800gr kg dah beli 200gr tagih akherat yaa gan makan kucing paki bohong jual nauzubillah belanja toko berkah loo gan rizki dg nipu kaya gin biar terkam kucing2 loo nnti akherat,unknown,1,Tokopedia,Negative,Bentuk,Yes,Perawatan Hewan,No
kendaraan menjadi kinclong kembali mantap kendaraan menjadi kinclong kembali mantap senang banget bisa di pasangin di bengkelnya senang banget ada home servicenya,kendara kinclong mantap kendara kinclong mantap senang pasangin bengkel senang home servicenya,unknown,5,Tokopedia,Positive,Rasa,No,Otomotif,No
alhamdulillah barang dtg dlam keadaan aman tidak pecah,alhamdulillah barang dtg dlam aman pecah,unknown,4,Tokopedia,Positive,Lainnya,No,Kesehatan & Kecantikan,No
kondisi karungnya banyak yg bolong sehingga tidak bisa d pakai,kondisi karung bolong pakai,unknown,2,Tokopedia,Negative,Lainnya,No,Lainnya,No
suka banget sama original source yang mint,suka original source mint,unknown,5,Tokopedia,Positive,Bentuk,No,Kesehatan & Kecantikan,No
jahitannya berantakan banget gak kenceng aku benyeng dikit udah pada copot jahitannya sedih,jahit beranta kenceng benyeng dikit copot jahit sedih,unknown,2,Tokopedia,Negative,Bentuk,No,Fashion,No
rgb mati dari awal datang penjual gak respon barang gak lulus qc sepertinya yg dijual hati hati kalau beli,rgb mati jual respon barang lulus qc jual hati hati beli,unknown,1,Tokopedia,Negative,Lainnya,Yes,Elektronik,No
barang ok tetapi batrai bocor parah tdk ada niat memberi batrai yg baru stiap x maen ga ada jam lngsng habis di cas jg lampu slalu merah,barang oke batrai bocor parah niat batrai stiap maen jam lngsng habis cas lampu slalu merah,unknown,1,Tokopedia,Negative,Lainnya,Yes,Elektronik,No
setelah dipakai selama beberapa hari suara menjadi tidak jelas apakah produk ini ori saya liat di sarung seruling itu bukan made in indonesia tetapi di serulingnya itu made in indonesia apa itu yamaha kw,pakai suara produk original liat sarung seruling made in indonesia seruling made in indonesia yamaha palsu,unknown,2,Tokopedia,Negative,Bentuk,No,Hobi & Hiburan,No
sesuai foto sampainya lebih cepat dari yg dijadwalkan,sesuai foto sampai cepat jadwal,unknown,5,Tokopedia,Positive,Bentuk,No,Fashion,No
mantap sekali broooo penjual ramah sabar dan jika ada masalah pasti ditangani arigatooo,mantap broooo jual ramah sabar tangan arigatooo,unknown,5,Tokopedia,Positive,Rasa,No,Elektronik,No
belanja kedua kalinya selalu puas pengiriman lumayan cepat overall bagus banget,belanja kali puas kirim lumayan cepat overall bagus,unknown,5,Tokopedia,Positive,Bentuk,No,Elektronik,No
kualitas barang bagus harga murah,kualitas barang bagus harga murah,unknown,5,Tokopedia,Positive,Harga,No,Hobi & Hiburan,No
ga sesuai expetasi barang2 nya ga kuat ukuran kcl kaya mainan,sesuai expetasi barang2 kuat ukur kcl kaya main,unknown,2,Tokopedia,Negative,Bentuk,No,Perabotan,No
respon cepat terimakasih,respon cepat terimakasih,unknown,5,Tokopedia,Positive,Lainnya,No,Lainnya,No
mon maap pemesanan ke ini rasanya beda dg pemesanan pertama yg luar biasa enaknya yg ini lebih pahit drpd sblmnya lagipula pada pemesanan ini saya menemukan rambut di dalam kopinya mohon dijaga kualitas dan rasanya meski bnyk pesanan ya tks,mon maap mesan beda dg mesan enak pahit drpd sblmnya lagipula mesan temu rambut kopi jaga kualitas bnyk pesan tks,unknown,1,Tokopedia,Negative,Rasa,No,F&B,Yes
walaupun dapat saat harga flash sale tetapi kualitas barang nya tetap bagus dan struktur nya kokoh utk smartphone pada umum nya,harga flash sale kualitas barang bagus struktur kokoh smartphone umum,unknown,5,Tokopedia,Positive,Bentuk,No,Elektronik,No
menurut saya barangnha kurang bagus sorry banget ya biasa belanja disini barangnya bagus bngt tp untuk ini kurang celana ini sering banget aku pake karena enak dan nyaman dan seminggu aku cuci 1x tapi bahannya jadi jelek gampang robek dan jadi kayak digambar ini,barangnha bagus sorry belanja barang bagus bngt celana pake nyaman minggu cuci 1x bahan jelek gampang robek gambar,unknown,3,Tokopedia,Neutral,Bentuk,No,Fashion,No
ini toko gak jujur banget di ket di suruh pakai kardus biar pengirimannya aman katanya sekali aq include dgn kardus ttp aja rusak atas bawahnya jebol trus yg anehnya lagi kode uniknya tdk bs di masukkan ke akun aq kayak udh pernah di masukkan ke akun lain ini toko gak jujur banget ya dan kondisi kotak susu bagus n utuh dan tidak penyok,toko jujur ket suruh pakai kardus biar kirim aman include kardus ttp rusak bawah jebol trus aneh kode unik bs masuk akun masuk akun toko jujur kondisi kotak susu bagus utuh penyok,unknown,1,Tokopedia,Negative,Bentuk,Yes,Kerajinan & Pesta,No
kan pesanan nya wrn yellow yg dikirim graay sih hmmm,pesan wrn yellow kirim graay hmmm,unknown,3,Tokopedia,Neutral,Lainnya,No,Fashion,No
barang sampai dengan aman dan cepat rekomen skali produknya,barang aman cepat rekomen skali produk,unknown,5,Tokopedia,Positive,Lainnya,No,F&B,No
untuk toko berstatus official store toko ini tidak profesional saya chatt ketersediaan barang tanggal desember jam pagi dan di jawab oleh admin barang ready jam pagi seketika saya toko anda tidak akan melayani buyer yang memberi rating jelek sementara toko anda sendiri tidak proferional order ternyata sampai sore barang tidak di kirim dan baru tanggal desember jam siang di info kalau barang kosong order saya baru di kirim tanggal desember anda menyarankan order packing tambahan demi keamanan saat pengiriman dan itu sudah saya penuhi padhal di toko lain tanpa ada biaya tambahan packing sudah menggunakan kardus itupun harganya barangnya lebih murah sebagai buyer saya cukup sekali ini saja transaksi di toko ini terima kasih,toko status official store toko profesional chatt sedia barang tanggal desember jam pagi admin barang ready jam pagi toko layan buyer rating jelek toko proferional order sore barang kirim tanggal desember jam siang info barang kosong order kirim tanggal desember saran order packing tambah aman kirim penuh padhal toko biaya tambah packing kardus itu harga barang murah buyer transaksi toko terima kasih,unknown,1,Tokopedia,Negative,Harga,No,Kerajinan & Pesta,No
baru dipake 6x charger indikator udh ga nyala udh ga bisa dipake gimana ini sampe sekarang belum ada tindakan nyata pengurusan garansi,dipake 6x charger indikator nyala dipake gimana tindak urus garansi,unknown,1,Tokopedia,Negative,Lainnya,No,Hobi & Hiburan,No
msker tipis biasa aja krg berasa aman tuk saat pndemi mlh lbh ccok yg biasa sy bli pkai mhalll hrganya tuk produk lokal kualitas biasa,msker tipis krg asa aman tuk pndemi mlh lbh ccok bli pkai mhalll hrganya tuk produk lokal kualitas,unknown,2,Tokopedia,Negative,Bentuk,No,Kesehatan & Kecantikan,No
pelayanan ga bgt deh saya pakai ekspedisi gojek instan dari jam pagi ternyata baru di proses pihak toko jam sore,layan pakai ekspedisi gojek instan jam pagi proses toko jam sore,unknown,1,Tokopedia,Negative,Lainnya,No,F&B,No
ternyata tipis bahannya,tipis bahan,unknown,3,Tokopedia,Neutral,Bentuk,No,Fashion,No
jahitannya rapi ukuran sesuai nyaman dipakai modelnya keren,jahit rapi ukur sesuai nyaman pakai model keren,unknown,5,Tokopedia,Positive,Bentuk,No,Fashion,No
mudah dibersihkan sedotannya kuat kabel listrik panjang harganya murah produk berkualitas tks baseus,mudah bersih sedot kuat kabel listrik harga murah produk kualitas tks baseus,unknown,5,Tokopedia,Positive,Bentuk,No,Otomotif,No
baru coba satu sip mantul mudah mudahan yg satunya jg berfungsi sesuai deskripsi thanks gan,coba sip mantap mudah mudah satu fungsi sesuai deskripsi thanks gan,unknown,5,Tokopedia,Positive,Bentuk,No,Elektronik,No
barang udah sampai tapi kondisinya sobek,barang kondisi sobek,unknown,3,Tokopedia,Neutral,Lainnya,No,Elektronik,No
masker terfavorit ga bikin uap dikacamata dan sangat nyaman dipakai harga oke banget sekarang mantap,masker favorit bikin uap kacamata nyaman pakai harga oke mantap,unknown,5,Tokopedia,Positive,Bentuk,No,Kesehatan & Kecantikan,No
produk original kualitas bahan sangat baik berfungsi dengan baik,produk original kualitas bahan fungsi,unknown,5,Tokopedia,Positive,Bentuk,No,Otomotif,No
tdk sesuai pesanan,sesuai pesan,unknown,1,Tokopedia,Negative,Bentuk,No,Fashion,No
hati2 barang rusak di kirim,hati2 barang rusak kirim,unknown,1,Tokopedia,Negative,Lainnya,Yes,Perabotan,No
jgn beli disini seller nya slow response ketika ada masalah produk saya beli helm ga dicek qc terlebih dahulu sblm dikirim helm ada lecetnya beli goggle osbe kacanya baret2 halus semua masuk pusat resolusi juga ga kooperatif selalu cek cctv yg ga jelas kapan ceknya dan apa yg dicek barang akhirnya diretur setelah sampai ga direspon2 lagi jadi mending lebih baik batal dimana solusi awal saya adalah retur refund dan disini ga ada itikad baik seller udah lapor cs pun cs terpaku sistem dan pas udah koar2 baru tuh cs hubungin seller cs toped empatinya pun msh buruk klo sekelas selebgram cepet ditanganin giliran user biasa alasannya sistem beberapa jam menuju transaksi mau batal baru dibatalin ini seller,jgn beli seller slow response produk beli helm cek qc sblm kirim helm lecet beli goggle osbe kaca baret2 halus pusat resolusi kooperatif cek cctv cek cek barang retur direspon2 mending batal mana solusi retur refund itikad seller lapor cs cs terpa sistem pas koar2 tuh cs hubungin seller cs toped empati buruk kelas selebgram cepet ditanganin gilir user alas sistem jam transaksi batal dibatalin seller,unknown,1,Tokopedia,Negative,Bentuk,Yes,Otomotif,Yes
maaf sebelumnya bknnya sy mau menjelekan produk tp sy kecewa salah satu gepuk toples warna merah stlah 2hr ko sudah berjamur pdhl toples yg lainnya masih wenak bgtzz gepuknya,maaf bknnya jelek produk kecewa salah gepuk toples warna merah stlah 2hr ko jamur pdhl toples wenak bgtzz gepuk,unknown,1,Tokopedia,Negative,Bentuk,Yes,F&B,Yes
jangan mau beli disini kemasan nya jelek barang sampai dalam keadaan pecah dan seller nya gk mau tanggung jawab,beli kemas jelek barang pecah seller tanggung,unknown,1,Tokopedia,Negative,Bentuk,No,Kesehatan & Kecantikan,No
mantab respon cepat pesanan tidak mengecewakan rekomended buat belanja spare part terima kasih atas kerja samanya,mantab respon cepat pesan kecewa rekomended belanja spare part terima kasih sama,unknown,5,Tokopedia,Positive,Bentuk,No,Elektronik,No
tidak berfungsi baik,fungsi,unknown,1,Tokopedia,Negative,Lainnya,Yes,Kerajinan & Pesta,No
pesan warna coklat yg sampai warna abu abu lain kali tolong klo mau jualan lebih profesional lagi,pesan warna coklat warna abu abu tolong jual profesional,unknown,1,Tokopedia,Negative,Bentuk,No,Fashion,No
packing rapi barang aman kwalitas cukup baik pengiriman cukup cepat harga sesuai barang ori thank u seller toped dan jasa pengiriman positive job,packing rapi barang aman kwalitas kirim cepat harga sesuai barang original thank seller toped jasa kirim positive job,unknown,5,Tokopedia,Positive,Bentuk,No,Fashion,No
brg sdh diterima dg baik thanks,brg terima dg thanks,unknown,5,Tokopedia,Positive,Lainnya,No,Lainnya,No
satu lobang tali sepatunya besar sekali seperti lobang di tusuk dua pulpen sepatunya tidak di cek pada saat mau di kirim,lobang tali sepatu lobang tusuk pulpen sepatu cek kirim,unknown,1,Tokopedia,Negative,Bentuk,No,Fashion,No
lain kali sebelum kirim barang di cek dulu berfungsi atau tidak pertama dinamo ny tidak ada yaa walaupun seller kirim dinamo nya tapii tetep tidak berfungsi motor nya lampu musik tombol dan mesin ny gk nyala udh di ces berhari ttep ajh gk mau nyala,kirim barang cek fungsi dinamo yaa seller kirim dinamo tapi tetep fungsi motor lampu musik tombol mesin nyala ces hari ttep ajh nyala,unknown,1,Tokopedia,Negative,Lainnya,Yes,Hobi & Hiburan,No
barang diterima dg aman udah di tes duduk pake dimobil nyaman dan kualitasnya bagus dan tebal dulu pembelian pertama di toko ini juga tahunan yg lalu danvalas duduk silikonnya yg lama masih tebal sama seperti barunya rekomendasi bgt buat yg nyari alas duduk silikon silakan mampir di toko ini seller juga fast respon,barang terima dg aman tes duduk pake mobil nyaman kualitas bagus tebal beli toko tahun danvalas duduk silikon tebal baru rekomendasi nyari alas duduk silikon sila mampir toko seller fast respon,unknown,5,Tokopedia,Positive,Bentuk,No,Perabotan,No
kaos kaki sangat tipis saat sudah transaksi respon penjual sangat lambat proses pengiriman,kaos kaki tipis transaksi respon jual lambat proses kirim,unknown,1,Tokopedia,Negative,Bentuk,No,Fashion,No
bocor rembes bagian atas kalo dimiringin bisa abis,bocor rembes dimiringin abis,unknown,1,Tokopedia,Negative,Lainnya,No,Lainnya,No
barang bagus dan berfungsi dengan baik hasil pengepelan juga bersih pengiriman cepat,barang bagus fungsi hasil kepel bersih kirim cepat,unknown,5,Tokopedia,Positive,Bentuk,No,Elektronik,No
kecewa krn barang di dlm box ketika dibuka sudah pecah botol pecah dibagian bawah sehingga isinya tdk ada yg tersisa,kecewa barang dlm box buka pecah botol pecah bagi isi sisa,unknown,1,Tokopedia,Negative,Lainnya,Yes,Kesehatan & Kecantikan,Yes
bahannya adem banget ini yang saya butuhkan murah kualitas ga murahan thanks seller dan tokped,bahan adem butuh murah kualitas murah thanks seller tokped,unknown,5,Tokopedia,Positive,Bentuk,No,Hobi & Hiburan,No
ukurannya sesuai bahannya adem produk sesuai dengan foto,ukur sesuai bahan adem produk sesuai foto,unknown,5,Tokopedia,Positive,Bentuk,No,Fashion,No
produknya baik dan kualitasny good banget produk sampai ke konsumen dalam kondisi baik sesuai sih sama harga juga so overall very good lah,produk kualitasny good produk konsumen kondisi sesuai harga so overall very good,unknown,5,Tokopedia,Positive,Bentuk,No,Elektronik,No
mengecewakan sih pesan lebih dr item dikirim hanya setelah komplain dikembalikan hanya php saja selain itu respon pengiriman lama pesan tgl diterima tgl,kecewa pesan item kirim komplain kembali php respon kirim pesan tgl terima tgl,unknown,1,Tokopedia,Negative,Lainnya,Yes,Perlengkapan Kantor,No
menggunakan bahan alami nggak memicu alergi tanpa bahan pengawet,bahan alami picu alergi bahan awet,unknown,4,Tokopedia,Positive,Bentuk,No,Ibu & Bayi,No
suaranya jernih tp kurang keras dan casnya gk berfungsi tp gpp sy punya cas sndri proses pesanan cepat packaging aman packaging rapi,suara jernih keras cas fungsi gpp cas sndri proses pesan cepat packaging aman packaging rapi,unknown,3,Tokopedia,Neutral,Bentuk,No,Elektronik,No
ada bekas sobek di bagian belakang meskipun itu sobek kecil tapi tatap saja saya sedikit kurang puas terimakasih,bekas sobek sobek tatap puas terimakasih,unknown,2,Tokopedia,Negative,Bentuk,No,Hobi & Hiburan,No
menyesal gue belanja di tempat loe cuy,sesal belanja loe cuy,unknown,1,Tokopedia,Negative,Lainnya,No,Otomotif,No
beli tapi ada satu barang yang rusak malah disuruh benerin sendiri,beli barang rusak suruh benerin,unknown,1,Tokopedia,Negative,Lainnya,Yes,Perlengkapan Kantor,No
barang diterima tanpa catat thanks yaaa,barang terima catat thanks yaaa,unknown,5,Tokopedia,Positive,Lainnya,No,F&B,No
sangat kecewa belanja disini response sangat lambat order instant courier di kirim besok nya sore pula aduuuuh official store tapi pelayanan nya kayak gini its not recomended deh,kecewa belanja response lambat order instant courier kirim besok sore aduuuuh official store layan gin its not recomended,unknown,1,Tokopedia,Negative,Lainnya,Yes,Elektronik,No
tingkatkan lagi kualitas barangnya masih banyak benang keluar namun cukup baik,tingkat kualitas barang benang,unknown,4,Tokopedia,Positive,Bentuk,No,Fashion,No
mantab murah dan berkualitas,mantab murah kualitas,unknown,5,Tokopedia,Positive,Harga,No,Kesehatan & Kecantikan,No
kualitas nya bagus warna2 nya sesuai dengan yg di etalase pengiriman cepat banget thank you,kualitas bagus warna2 sesuai etalase kirim cepat thank you,unknown,5,Tokopedia,Positive,Bentuk,No,Fashion,No
cepat pengirimannya packing aman,cepat kirim packing aman,unknown,5,Tokopedia,Positive,Lainnya,No,F&B,No
sy sudah pesan kemarin paket itu yang bagus jadi pesan tambah pket lagi ininya kotol2 dan rusak,pesan kemarin paket bagus pesan pket ini kotol2 rusak,unknown,2,Tokopedia,Negative,Bentuk,Yes,Ibu & Bayi,Yes
jahitannya banyak yg ga rapi kain agak nerawang,jahit rapi kain nerawang,unknown,2,Tokopedia,Negative,Bentuk,No,Fashion,No
barang tdk lengkap sdh lama lapor tp sampai saat ini belum di kirim2 sdh sering ditanyakan tp hanya janji2 aja,barang lengkap lapor kirim2 janji2,unknown,1,Tokopedia,Negative,Lainnya,No,Perabotan,No
pesan barang tapi pas promo tapi tidak dikirim malah disuruh refund duit yg dikirim cuma barang hak sale gajelas sale nya nipu bgt itu sale padahal official store,pesan barang pas promo kirim suruh refund duit kirim barang hak sale gajelas sale nipu sale official store,unknown,1,Tokopedia,Negative,Harga,Yes,Perlengkapan Kantor,No
barang pecah dan rusak saat diterima,barang pecah rusak terima,unknown,1,Tokopedia,Negative,Lainnya,Yes,Perlengkapan Kantor,No
barang datang dalam keadaan dilipat padahal ada catatan barang digulung jangan dilipat,barang lipat catat barang gulung lipat,unknown,1,Tokopedia,Negative,Lainnya,No,Elektronik,No
fast respond sellernya ramah packing rapi pengiriman cepat recommended,fast respond sellernya ramah packing rapi kirim cepat recommended,unknown,5,Tokopedia,Positive,Bentuk,No,Hobi & Hiburan,No
kecewa sudah di tunggu hampir sebulan barang gak sampe malah return,kecewa tunggu bulan barang return,unknown,1,Tokopedia,Negative,Lainnya,Yes,Elektronik,Yes
pengiriman cepat barang sesuai,kirim cepat barang sesuai,unknown,4,Tokopedia,Positive,Bentuk,No,Fashion,No
warna yang datang tidak sesuai pesanan walaupun sudah menulis catatan cancel kalau warna pilihan memang tidak ada,warna sesuai pesan tulis catat cancel warna pilih,unknown,3,Tokopedia,Neutral,Bentuk,No,Perabotan,No
penjual sangat fast respon dan dari proses sampai pengiriman juga cepat pelayanan dan produk sangat memuaskan,jual fast respon proses kirim cepat layan produk muas,unknown,5,Tokopedia,Positive,Lainnya,No,Elektronik,No
beli dipakai dua hari udah hangus kapok beli disini catridge gak sampe seminggu,beli pakai hangus kapok beli catridge minggu,unknown,1,Tokopedia,Negative,Lainnya,No,Hobi & Hiburan,No
beli kemasan baru di kirim kemasan lama bintang kon tl,beli kemas kirim kemas bintang kon tl,unknown,1,Tokopedia,Negative,Bentuk,No,Elektronik,No
keren banget adminnya dibantuin dari awal sampai akhir hehe fast respon juga ini gamenya bisa semua yaa,keren adminnya dibantuin hehe fast respon gamenya yaa,unknown,5,Tokopedia,Positive,Lainnya,No,Elektronik,No
sampai dengan selamat mulus dan berfungsi sempurna seller mau sabar dikonsultasikan dan mengemas dengan aman recommended,selamat mulus fungsi sempurna seller sabar konsultasi emas aman recommended,unknown,5,Tokopedia,Positive,Lainnya,No,Elektronik,No
trimkasih bonus nya,trimkasih bonus,unknown,5,Tokopedia,Positive,Lainnya,No,Ibu & Bayi,No
ada sedikit cacat lipatan jahitannya,cacat lipat jahit,unknown,3,Tokopedia,Neutral,Bentuk,No,Fashion,No
udah sering beli banyak bahkan tapi untuk yg sekarang sangat kecewa sekali karena ada satu yg gagal depan belakang sama sayangnya ketika ditanya malah disuruh nunggu tapi tidak ada jawaban sampai sekarang tau gitu di komplain,beli kecewa gagal sayang suruh nunggu tau gitu komplain,unknown,1,Tokopedia,Negative,Bentuk,Yes,Elektronik,No
warna ga sesuai,warna sesuai,unknown,1,Tokopedia,Negative,Bentuk,No,Otomotif,No
seharusnya cute tapi sayangnya ada noda noda kuning di beauty blendernya,cute sayang noda noda kuning beauty blender,unknown,3,Tokopedia,Neutral,Lainnya,No,Kesehatan & Kecantikan,No
barang sampai tapi banyak yang tergores dan penyok di penyangga nya,barang gores penyok sangga,unknown,3,Tokopedia,Neutral,Lainnya,No,Elektronik,No
enak celananya nyaman dipakai,celana nyaman pakai,unknown,5,Tokopedia,Positive,Rasa,No,Hobi & Hiburan,No
penyelesaian permasalahan berbelit zaman online kok ya masih lama,selesai masalah belit zaman online,unknown,1,Tokopedia,Negative,Lainnya,No,Kesehatan & Kecantikan,No
beli pack 4kg yg dikirim cuma pack 3kg kecewa,beli pack 4kg kirim pack 3kg kecewa,unknown,1,Tokopedia,Negative,Lainnya,Yes,Perawatan Hewan,Yes
barang tidak sesuai antara yang dijual dan yang di terima,barang sesuai jual terima,unknown,1,Tokopedia,Negative,Bentuk,Yes,F&B,No
packing rapi respon cepatt,packing rapi respon cepatt,unknown,5,Tokopedia,Positive,Bentuk,No,Hobi & Hiburan,No
barang selalu ok sdh repeat order bbrp kali selalu ok,barang oke repeat order bbrp oke,unknown,5,Tokopedia,Positive,Lainnya,No,Kesehatan & Kecantikan,No
pengiriman aman dan lmyn cepat barang diterima jg bagus,kirim aman lmyn cepat barang terima bagus,unknown,5,Tokopedia,Positive,Bentuk,No,Kesehatan & Kecantikan,No
respon dan pengiriman cepat packing rapi recommended seller,respon kirim cepat packing rapi recommended seller,unknown,5,Tokopedia,Positive,Bentuk,No,F&B,No
saya pesan meo jelas2 tuna in jelly karena kucing saya sukanya itu dikirimnya tuna bisa baca gak ya trus mau diapain doank buang kalau pesan harus sesuai doank barang kamu kosong bilang jangan main ganti sembarangan,pesan meo jelas2 tuna in jelly kucing suka kirim tuna baca trus diapain doank buang pesan sesuai doank barang kosong bilang main ganti sembarang,unknown,1,Tokopedia,Negative,Bentuk,No,Perawatan Hewan,Yes
raknya bagus simpel walau masangnya agak susah pengiriman cepat recomended,rak bagus simpel masangnya susah kirim cepat recomended,unknown,5,Tokopedia,Positive,Bentuk,No,Perabotan,No
saya suka pelayanannya baik pengirimannya cepat packagingnya aman ada tulisan fragile handle with care saya suka barangnya cuma ada saran sebaiknya bagian atas di box tidak ditekuk jadi kelihatan sedikit tidak bagus dan tidak rapi tp selain itu baik,suka layan kirim cepat packagingnya aman tulis fragile handle with care suka barang saran box tekuk bagus rapi,unknown,4,Tokopedia,Positive,Bentuk,No,F&B,No
bgs brgnya semoga awet,bagus brgnya moga awet,unknown,4,Tokopedia,Positive,Bentuk,No,F&B,No
lampu rusak tidak bisa hidup dr awal lampu lg mati dan tdk bisa hidup setelah dipakai sehari,lampu rusak hidup lampu lg mati hidup pakai hari,unknown,1,Tokopedia,Negative,Lainnya,Yes,Elektronik,No
kali ini kecewa dapet yang udah kadaluarsa padahal baru minum sehari besoknya udah asem gak bisa diminum mohon di pastikan tgl kadaluarsanya jujur kecewa banget,kecewa kadaluarsa minum hari besok asem minum pasti tgl kadaluarsanya jujur kecewa,unknown,1,Tokopedia,Negative,Bentuk,Yes,F&B,Yes
bagus pengiriman rapi cuma ga sameday ya kayanya kemarin saya minta same day tapi suka sama sellernya sesuai ekspetasi,bagus kirim rapi sameday kaya kemarin same day suka sellernya sesuai ekspetasi,unknown,5,Tokopedia,Positive,Bentuk,No,Elektronik,No
kenapa pesananya ndk sesuai ukuran yg di pesan klo stok kosong ya di ubah,sana ndk sesuai ukur pesan stok kosong ubah,unknown,1,Tokopedia,Negative,Bentuk,No,Ibu & Bayi,No
wangi tidak begitu enak tidak ada isi ulang nya,wangi isi ulang,unknown,2,Tokopedia,Negative,Rasa,No,Kesehatan & Kecantikan,No
pokoknya jangan ada yg beli disini barang rusak mau minta klaim tpi seller banyak alasan padahal stiker garansi blm rusak damage mohon dipikir kembali kalau mau beli disini,pokok beli barang rusak klaim seller alas stiker garansi rusak damage pikir beli,unknown,1,Tokopedia,Negative,Lainnya,Yes,Elektronik,No
pembelian ke beda hari aja kenapa pelet maxi nya beda ya lebih kecil2 dr biasanya dan warna lebih gelap aroma juga beda,beli beda pelet maxi beda kecil2 warna gelap aroma beda,unknown,2,Tokopedia,Negative,Bentuk,No,Perawatan Hewan,No
tidak jujur dan kelihatan kalau memaksakan barang terjual barang dikirim tidak sesuai pesanan dan akhirnya pembeli disuruh mengirim barang yg tidak ada solusi barang ada atau tidak dengan resiko barang yg di foto ditawarkan memang sebenarnya mungkin tidak ada,jujur paksa barang jual barang kirim sesuai pesan beli suruh kirim barang solusi barang resiko barang foto tawar,unknown,1,Tokopedia,Negative,Bentuk,Yes,Elektronik,No
tidak berfungsi dengan baik suka mati sendiri,fungsi suka mati,unknown,2,Tokopedia,Negative,Lainnya,Yes,Fashion,No
geriginya bendonya kecil banget gak kayak di gambar,gerigi bendo gambar,unknown,2,Tokopedia,Negative,Bentuk,No,Hobi & Hiburan,No
packing baik pengiriman cepatt udh kali belanja di toko ini dan selalu puas dengan pelayanannya terima ksih yah,packing kirim cepatt belanja toko puas layan terima ksih yah,unknown,5,Tokopedia,Positive,Lainnya,No,Elektronik,No
warnanya lucu kecil dan ringan tp jd keliatan ga kokoh kayak mudah rusak barang datangnya kayak ga baru banyak yg lecet di body embernya tangkainya mesti di wrapping biar ga gesek ke body ember,warna lucu ringan jd liat kokoh mudah rusak barang datang lecet body ember tangkai mesti wrapping biar gesek body ember,unknown,2,Tokopedia,Negative,Bentuk,Yes,Perabotan,No
warna yg dipilih kuning knp dikasih yg hijau,warna pilih kuning knp kasih hijau,unknown,1,Tokopedia,Negative,Bentuk,No,Hobi & Hiburan,No
jelek mudah rusak,jelek mudah rusak,unknown,1,Tokopedia,Negative,Bentuk,Yes,Elektronik,No
barang belum sampai sampai hari ini toko pefia tolong reviwe lagi kerjasama dengan kurir antaraja itu sangat lelet dan gak bertanggung jawab barang belum sampai sdh di konfirmasi diterima pemesan hadeeehhh kurir abal2 lama super lelet,barang toko pefia tolong reviwe kerjasama kurir antaraja lelet tanggung barang konfirmasi terima mes hadeeehhh kurir abal2 super lelet,unknown,1,Tokopedia,Negative,Rasa,No,Perlengkapan Kantor,Yes
diterima dengan baik dalam bungkusan yang rapi sekarang jadi strap masker favorit,terima bungkus rapi strap masker favorit,unknown,5,Tokopedia,Positive,Bentuk,No,Fashion,No
highly recomend mantap seller ini pengiriman super kilat cuma 1x24jam sampai ada yg kurang kirim saya wa cepat dibalas dan langsung dikirim kekurangannya ramah respon sangat baik,highly recomend mantap seller kirim super kilat 1x24jam kirim wa cepat balas kirim kurang ramah respon,unknown,5,Tokopedia,Positive,Rasa,No,Elektronik,No
kirain bahannya katun ternyata tipis bangeet licin dan lemas kalau dibawa jalan kaki berisik bahannnya,kirain bahan katun tipis bangeet licin lemas bawa jalan kaki berisik bahannnya,unknown,1,Tokopedia,Negative,Bentuk,No,Fashion,No
pesanan ga lengkap chat ga di bales toko bagus karyawannya rusak buat jelek citra jadinya amal deh,pesan lengkap chat bales toko bagus karyawannya rusak jelek citra amal,unknown,1,Tokopedia,Negative,Bentuk,Yes,Otomotif,No
ini sih bukan 3m asli mengecewakan udah beli tp gini,3m asli kecewa beli gin,unknown,1,Tokopedia,Negative,Bentuk,Yes,Perlengkapan Kantor,No
agak kecewa sih di gambar bisa tarok tas aslinya mleot klu beban berat gantungan baju nggak bisa lah kecuali gantungan ukuran kecil bahan nya tipis tp gitu lah,kecewa gambar tarok tas asli mleot klu beban berat gantung baju kecuali gantung ukur bahan tipis gitu,unknown,2,Tokopedia,Negative,Bentuk,Yes,Perabotan,No
sandalnya licin anak berkali kali kepleset ketika jalan pakai sandal ini bawahnya licin sekali,sandal licin anak kali kepleset jalan pakai sandal bawah licin,unknown,3,Tokopedia,Neutral,Bentuk,No,Fashion,No
brg sudah sampai dgn cepat cm sehari tp sy kecewa krn sy minta warna di mix tp yg dtg cm wrn hitam next cb dichek permintaan pembeli ya kak ckp sekali sj belinya deh,brg cepat cm hari kecewa warna mix dtg cm wrn hitam next cb dichek minta beli kak ckp sj beli,unknown,3,Tokopedia,Neutral,Bentuk,No,Fashion,No
gausah beli ringlight disini yg dikirim barang rusak ringlightnya mati packingan tipis buat tripodnya bengkok pengembalian dana ribet saya ga terlalu masalah dgn tripodnya tapi ini ringlightnya gabisa dipake sm sekali saya mau kembaliin ringlight aja malah di persulit nyesel beli disini buang2 duit buang2 waktu,gausah beli ringlight kirim barang rusak ringlightnya mati packingan tipis tripod bengkok kembali dana ribet tripod ringlightnya gabisa dipake sm kembaliin ringlight sulit nyesel beli buang2 duit buang2 waktu,unknown,1,Tokopedia,Negative,Bentuk,Yes,Elektronik,No
sangat tipis keterangan besi tp yg dikrim aluminium tipis dan lembek,tipis terang besi krim aluminium tipis lembek,unknown,2,Tokopedia,Negative,Bentuk,No,F&B,No
packing bagus puass,packing bagus puass,unknown,5,Tokopedia,Positive,Bentuk,No,Kesehatan & Kecantikan,No
barang diterima dengan kondisi pinggirannya patah,barang terima kondisi pinggir patah,unknown,1,Tokopedia,Negative,Lainnya,No,Hobi & Hiburan,No
flash disknya sudah sampai dengan selamat packingnya aman bgt rapi dan game aman bisa dimainkan kayaknya dapet bonus game jg di dalamnya terima kasih kak kelengkapan sesuai gamenya seru,flash disknya selamat packingnya aman rapi game aman main kayak bonus game dalam terima kasih kak lengkap sesuai gamenya seru,unknown,5,Tokopedia,Positive,Bentuk,No,Elektronik,No
saya beli allhamdulillah barang sampai tujuan dan sangat memuaskan,beli allhamdulillah barang tuju muas,unknown,5,Tokopedia,Positive,Lainnya,No,Hobi & Hiburan,No
sayang banget analog kanan sama tombol arah ngga berfungsi alangkah baiknya di tes dulu sebelum kirim,sayang analog kanan tombol arah fungsi alangkah baik tes kirim,unknown,2,Tokopedia,Negative,Bentuk,No,Elektronik,No
selalu repurchase deh buat produk ini selain untuk bulu mata ini juga oke banget buat ngerapihin alis akuuu dan tentunya terlihat natural yaaa,repurchase produk bulu oke ngerapihin alis akuuu natural yaaa,unknown,5,Tokopedia,Positive,Bentuk,No,Kesehatan & Kecantikan,No
parahhhhh kecewa bgt bilang bahan yg tebel tpi datang tipis murahan mana pesanan di kali nilainya hasilnya jelek bgtttt jgn mau pesen di toko ini parah bgtttttttttttttttttttttttttttttttttt,parahhhhh kecewa bilang bahan tebel tipis murah pesan nilai hasil jelek bgtttt jgn sen toko parah bgtttttttttttttttttttttttttttttttttt,unknown,1,Tokopedia,Negative,Bentuk,Yes,Lainnya,Yes
pengiriman cepat barang kondisi bagus makasih ya,kirim cepat barang kondisi bagus makasih,unknown,5,Tokopedia,Positive,Bentuk,No,Hobi & Hiburan,No
sudah dicoba dan tidak efek sama sekali untuk proses pengiriman dari penjual cepat terima kasih,coba efek proses kirim jual cepat terima kasih,unknown,2,Tokopedia,Negative,Bentuk,No,F&B,No
build quality cakep stik normal smua pengiriman gak sampai 24jam recomended bgt,build quality cakep stik normal smua kirim 24jam recomended,unknown,5,Tokopedia,Positive,Lainnya,No,Elektronik,No
barang bagus pengemasan aman dapat berfungsi dengan baik,barang bagus kemas aman fungsi,unknown,5,Tokopedia,Positive,Bentuk,No,Elektronik,No
rescue from damage box ngga guna jg nyampe rumah boxnya penyok2,rescue from damage box rumah boxnya penyok2,unknown,1,Tokopedia,Negative,Lainnya,No,Lainnya,No
sedih ga dapet gratisannya padhl yg lainnya pd dapet,sedih gratis padhl,unknown,4,Tokopedia,Positive,Harga,No,Kesehatan & Kecantikan,No
cepet nyampe karena pake yg kiriman sehari mic nya ga bsa dpake chat ke penjualnya bilang nya itu cuma bonusan so emang klo bonusan harus dkasi yg rusak,cepet pake kirim hari mic bsa dpake chat jual bilang bonus so bonus dkasi rusak,unknown,1,Tokopedia,Negative,Lainnya,Yes,Elektronik,No
barangnya original warna sesuai pesanan suara jernih penjualnya ramah banget packaging aman respon penjualnya top,barang original warna sesuai pesan suara jernih jual ramah packaging aman respon jual top,unknown,5,Tokopedia,Positive,Bentuk,No,Elektronik,No
pesen kopi keluarga botol yg dikirim cm botol penjual dichat tidak ada respon sama sekali sangat mengecewakan penjualnya,sen kopi keluarga botol kirim cm botol jual dichat respon kecewa jual,unknown,1,Tokopedia,Negative,Bentuk,Yes,F&B,No
guntingnya ga ada d paket yg d kirimkan,gunting paket kirim,unknown,1,Tokopedia,Negative,Lainnya,No,Perlengkapan Kantor,No
riject bener2 kecewa langganan bukan cuma beli sekali tapi barang ga di cek saat mau packing,riject bener2 kecewa langgan beli barang cek packing,unknown,1,Tokopedia,Negative,Lainnya,Yes,Perlengkapan Kantor,Yes
pesanan dah sampai barangnya original barangnya mulus warna sesuai pesanan proses pesanan cepat packaging rapi packaging aman bisa fast charging kurir juga cepat trims ya,pesan dah barang original barang mulus warna sesuai pesan proses pesan cepat packaging rapi packaging aman fast charging kurir cepat trims,unknown,5,Tokopedia,Positive,Bentuk,No,Elektronik,No
barang sampai dengan cepat packingnya rapi dan amat sekali tidak ada bagian acrylic yang pecah berfungsi dengan baik semoga awet,barang cepat packingnya rapi acrylic pecah fungsi moga awet,unknown,5,Tokopedia,Positive,Bentuk,No,Elektronik,No
luar biasa respon dan pengirimannya siang pesan malam tiba luar biasa,respon kirim siang pesan malam,unknown,5,Tokopedia,Positive,Lainnya,No,F&B,No
makasiii bgtttt aku sukakkkk,makasiii bgtttt sukakkkk,unknown,5,Tokopedia,Positive,Lainnya,No,Hobi & Hiburan,No
terima kasih gan barang diterima aman dan berfungsi baik sesuai pesanan kondisi aman semua lampu menyala tambahan packing kardus dan bubble wrap ini sangat membantu,terima kasih gan barang terima aman fungsi sesuai pesan kondisi aman lampu nyala tambah packing kardus bubble wrap bantu,unknown,5,Tokopedia,Positive,Bentuk,No,Perabotan,No
barangnya agak ringkih dan kecil dan saat masang perlu hati2 krn besi2nya agak tajam krn saat kita masang kmrn jari2 kami sempat tergores,barang ringkih masang hati2 besi2nya tajam masang kmrn jari2 gores,unknown,3,Tokopedia,Neutral,Bentuk,No,Perabotan,No
pesan hijau yg dtg hitam,pesan hijau dtg hitam,unknown,1,Tokopedia,Negative,Lainnya,No,Ibu & Bayi,No
bad admin opportunity lost gara2 mau tambah pesanan tp diabaikan admin harusnya jd perhatian untuk manajemen wingsfood,bad admin opportunity lost gara2 pesan abai admin jd perhati manajemen wingsfood,unknown,1,Tokopedia,Negative,Lainnya,No,F&B,No
mantap rekomendasi dah thank s,mantap rekomendasi dah thank,unknown,5,Tokopedia,Positive,Rasa,No,Hobi & Hiburan,No
terimakasih barangnya bagus banget,terimakasih barang bagus,unknown,5,Tokopedia,Positive,Bentuk,No,Lainnya,No
mantap ini penjualnya fast response dan ramah sekali,mantap jual fast response ramah,unknown,5,Tokopedia,Positive,Rasa,No,Hobi & Hiburan,No
saya pesen ini yg dateng cuma sukiyaki dan konbutsuyu padahal di deskripsi tertulis jenis kecewa bgt,sen dateng sukiyaki konbutsuyu deskripsi tulis jenis kecewa,unknown,1,Tokopedia,Negative,Lainnya,Yes,F&B,Yes
parah padahal di note sudah di kasih kalau chip di bagian belakang desain dan kalau bisa ga ada logo bca flazznya ga diliat sama sekali kayaknya notenya hadeeeeeeeeeeeeeeeeeeeeeeh penjualnya jg kaga ramah mo ngasih tau sekedar negor langsung ngomong return aja seolah olah complaint karena mau direturn atau di ganti duitnya padahal dikritik biar lebih baik kedepannya bukannya minta maaf udah salah malah sok ga butuh pembeli sumpah kesel bgt ama ini penjual sombong parah,parah note kasih chip desain logo bca flazznya liat kayak notenya hadeeeeeeeeeeeeeeeeeeeeeeh jual kaga ramah mo ngasih tau dar negor ngomong return olah complaint direturn ganti duit kritik biar depan maaf salah sok butuh beli sumpah kesel ama jual sombong parah,unknown,1,Tokopedia,Negative,Bentuk,Yes,Kerajinan & Pesta,No
makasih banyak gan sukses selaluu pelayanan mantapp barang asli sukses selalu untuk seller dan semoga bisa terus kasih harga dan pelayanan yg mantapp,makasih gan sukses selaluu layan mantapp barang asli sukses seller moga kasih harga layan mantapp,unknown,5,Tokopedia,Positive,Rasa,No,Lainnya,No
barangnya original suaranya jernih desainnya modern suaranya bersih nggak kresek kresek,barang original suara jernih desain modern suara bersih kresek kresek,unknown,5,Tokopedia,Positive,Bentuk,No,Elektronik,No
besi tebal sesuai deskripsi foto,besi tebal sesuai deskripsi foto,unknown,5,Tokopedia,Positive,Bentuk,No,Hobi & Hiburan,No
barangnya bagus banget sesuai sama harga gagangnya juga kokoh banget dan keliatannya kaya bagus gitu,barang bagus sesuai harga gagang kokoh liat kaya bagus gitu,unknown,5,Tokopedia,Positive,Bentuk,No,Perawatan Hewan,No
kualitas barangnya bagus sesuai dengan harapan customer respon chat jg cepat dan ramah rekomended seller sukses terus lapaknya gan,kualitas barang bagus sesuai harap customer respon chat cepat ramah rekomended seller sukses lapak gan,unknown,5,Tokopedia,Positive,Bentuk,No,Perlengkapan Kantor,No
respon sangat lama sekali no recomended,respon no recomended,unknown,2,Tokopedia,Negative,Lainnya,No,Hobi & Hiburan,No
pesanan sesuai deskripsi pengiriman cepat,pesan sesuai deskripsi kirim cepat,unknown,5,Tokopedia,Positive,Bentuk,No,Otomotif,No
gak dpat tefal seperti info dan gak ada konfirmasi terkait hal ini udah beli beberp kali sesuai tp kali ini sama sekali tidak sesuai mending official store ecommerce lain buruk sangat buruk,dpat tefal info konfirmasi kait beli beberp sesuai sesuai mending official store ecommerce buruk buruk,unknown,1,Tokopedia,Negative,Bentuk,Yes,Ibu & Bayi,No
aku baru pakai sebentar patah,pakai sebentar patah,unknown,2,Tokopedia,Negative,Lainnya,No,Elektronik,No
barang ny bagus tp kirim ny lama serasa po pdhal ikut baru dkirim tggl kecewa,barang bagus kirim serasa po pdhal dkirim tggl kecewa,unknown,3,Tokopedia,Neutral,Rasa,No,F&B,No
tas nya kurang bagus how how,tas bagus how how,unknown,2,Tokopedia,Negative,Bentuk,No,Fashion,No
respond cepat packaging rapih semoga efeknya cepat bermanfaat di rambut,respond cepat packaging rapih moga efek cepat manfaat rambut,unknown,5,Tokopedia,Positive,Bentuk,No,Kesehatan & Kecantikan,No
baru 2x pake nge cas dan rusak,2x pake nge cas rusak,unknown,2,Tokopedia,Negative,Lainnya,Yes,Elektronik,No
barang cuma rebu masa kudu di video in pas unboxing sudah menjadi tugas qc utk cek dengan teliti apakah barang yg dikirim sudah lengkap atau belum parahhh,barang rebu kudu video in pas unboxing tugas qc cek teliti barang kirim lengkap parahhh,unknown,1,Tokopedia,Negative,Bentuk,Yes,Kerajinan & Pesta,No
rice cooker baru beli tp nasi bau dan berair tp tidak bs di ganti barang baru dr toko ini tidak seperti toko2 lain yg kalo barang rusak itungan hari ada garansi toko bs di tukar dgn yg baru bukan diservice seperti yg di sarankan toko saya sudah bawa ke service center dan hari ini nasinya tetap basah jujur saya kecewa krn saya memilih toko ini biar kl kenapa2 ngak ribet ternyata saya salah saya beli rice cooker mahal menurut saya agar bisa punya rice cooker bagus tp nyatanya seperti ini saya sangat kecewa,rice cooker beli nasi bau air bs ganti barang toko toko2 barang rusak itungan garansi toko bs tukar diservice saran toko bawa service center nasi basah jujur kecewa pilih toko biar kl kenapa2 ngak ribet salah beli rice cooker mahal rice cooker bagus kecewa,unknown,2,Tokopedia,Negative,Rasa,Yes,Elektronik,Yes
barang asli nya tak seindah yg difoto,barang asli indah foto,unknown,3,Tokopedia,Neutral,Bentuk,No,Fashion,No
gampang dipakai gampang dibawa bawa packaging aman,gampang pakai gampang bawa bawa packaging aman,unknown,5,Tokopedia,Positive,Bentuk,No,Kesehatan & Kecantikan,No
ada halaman yg hilang,halaman hilang,unknown,2,Tokopedia,Negative,Lainnya,Yes,Hobi & Hiburan,No
pengiriman lama banget dari order tiba di tujuan hari padahal order tempat lain hari sampai,kirim order tuju order,unknown,1,Tokopedia,Negative,Lainnya,No,Perlengkapan Kantor,No
wanginya tidak menyengat dan tidak lengket ditangan pengiriman cepat dan aman karena packing tebal pakai dus dan buble wrap sudah langganan beli produk di sini recommended seller,wangi sengat lengket tang kirim cepat aman packing tebal pakai dus buble wrap langgan beli produk recommended seller,unknown,5,Tokopedia,Positive,Rasa,No,Kesehatan & Kecantikan,No
cepet bgt pengiriman ny cma shari nyampee masker ny enak bgt d pake mudah an jerawat ku g muncul lginyaman di kulit proses pesanan cepat,cepet kirim cma shari nyampee masker pake mudah an jerawat ku muncul lginyaman kulit proses pesan cepat,unknown,5,Tokopedia,Positive,Bentuk,No,Kesehatan & Kecantikan,No
alhamdulillah bos barangnya sesuai pesanan nyampe dalam waktu hari luar biasa terima kasih banyak semoga lancar jaya dan untuk teman teman jangan ragu untuk belanja di toko ini terima kasih,alhamdulillah bos barang sesuai pesan waktu terima kasih moga lancar jaya teman teman ragu belanja toko terima kasih,unknown,5,Tokopedia,Positive,Bentuk,No,Elektronik,No
quality control ny tdk teliti yg kuning ada lubang ny sedikit,quality control teliti kuning lubang,unknown,3,Tokopedia,Neutral,Lainnya,No,Fashion,No
ga sesuai dengan banner nya katanya free teflon tapi teflon tidak dikirim sangat kecewa,sesuai banner free teflon teflon kirim kecewa,unknown,2,Tokopedia,Negative,Bentuk,Yes,Ibu & Bayi,No
barang nya gak saya terima tiba tiba saja ada nama penerima nya kecewa banget jadi nya walaupun si grtis dari penggunaan pertama tokopedia tapi kalau begini kan jadi males buat gunain tokopedia,barang terima nama terima kecewa si grtis tokopedia males gunain tokopedia,unknown,1,Tokopedia,Negative,Lainnya,Yes,Fashion,Yes
packing kurang rapi tidak aman dus penyok player hancur,packing rapi aman dus penyok player hancur,unknown,2,Tokopedia,Negative,Bentuk,Yes,Elektronik,No
kendaraan menjadi kinclong kembali mantap,kendara kinclong mantap,unknown,5,Tokopedia,Positive,Rasa,No,Otomotif,No
kecewa karna tidak teliti saya pesan 2pcs yang dikirim cuman pcs emang akhirnya dikirim ulang tapi tetap kecewa karna berakibat keterlambatan datang dan tidak bisa di bawa pulang kampung saran agar lebih teliti lagi walaupun barang murah,kecewa karna teliti pesan 2pcs kirim cuman pcs kirim ulang kecewa karna akibat lambat bawa pulang kampung saran teliti barang murah,unknown,1,Tokopedia,Negative,Harga,Yes,Elektronik,Yes
maaf sya kasih bintang di keterangan udh jelas pilihan warna kuning rusa pilihan warna lain jika tidak ada warna kuning warna hijau atau biru tapi yg dteng malah warna pink kalau stok warna yg saya ingin tidak ada harus a konfirmasi terlebih dahulu tapi ini tidak kecewa si karna anak saya cowo bukan cewek malah di kasih warna pink lain kali sblum di kirim coba di cek lagi,maaf sya kasih bintang terang pilih warna kuning rusa pilih warna warna kuning warna hijau biru dteng warna pink stok warna konfirmasi kecewa si karna anak cowo cewek kasih warna pink sblum kirim coba cek,unknown,1,Tokopedia,Negative,Bentuk,Yes,Hobi & Hiburan,No
parfum datang kondisi terbungkus rapi namun saya curiga kenapa tercium aromanya sampai keluar padahal belom dibuka sama sekali dari kardus luarnya begitu saya buka kardus luar ternyata kardus dalamnya basah kemudian saya buka dan didalamnya isi parfum tinggal sedikit sekali saya tidak tahu yg bermasalah di oengemasan atau pengiriman mohon bisa dievaluasi lagi terimakasih,parfum kondisi bungkus rapi curiga cium aroma bom buka kardus luar buka kardus kardus dalam basah buka dalam isi parfum tinggal masalah oengemasan kirim evaluasi terimakasih,unknown,1,Tokopedia,Negative,Bentuk,No,Kesehatan & Kecantikan,No
barang tidak dibungkus bubble sampai rumah pecah dech nanya sama penjual ktnya tidak bisa claim walaupun ada video unboxing ga papa itung2 sedekah aja ke tokonya tapi kwalitas tripotnya bagus dan kokoh,barang bungkus bubble rumah pecah dech nanya jual ktnya claim video unboxing papa itung2 sedekah toko kwalitas tripotnya bagus kokoh,unknown,2,Tokopedia,Negative,Bentuk,No,Elektronik,Yes
barang tipis banget jd sampai udh pecah jd langsung buang tempat sampah,barang tipis jd pecah jd buang sampah,unknown,1,Tokopedia,Negative,Bentuk,No,Hobi & Hiburan,No
pengirimannya cepat rapi makasih,kirim cepat rapi makasih,unknown,4,Tokopedia,Positive,Bentuk,No,Ibu & Bayi,No
pesan hitam di kirim putih lama proses pesanan nya,pesan hitam kirim putih proses pesan,unknown,2,Tokopedia,Negative,Lainnya,No,Elektronik,No
pengiriman cepat packing aman respon penjual baik harga oke lg promo terima kasih,kirim cepat packing aman respon jual harga oke lg promo terima kasih,unknown,5,Tokopedia,Positive,Harga,No,Kesehatan & Kecantikan,No
packing pengiriman kurang aman hanya dilapisi plastik tipis sehingga dpt menyebabkan kerusakan pada produk dan produk yg saya terima mengalami lekukan pada tutup dan menimbulkan bercak sehingga tidak bisa menutup rapat sehingga untuk ke depan mohon dapat memberikan packing yg lbh aman agar penjual dan konsumen sama2 nyaman,packing kirim aman lapis plastik tipis sebab rusak produk produk terima alami leku tutup timbul bercak tutup rapat packing lbh aman jual konsumen sama2 nyaman,unknown,2,Tokopedia,Negative,Bentuk,Yes,F&B,No
mengecewakan kemasan luar kertas sobek besar kelihatannya seperti karena basah krn ada bagian ujung kertas yg melengkung padahal pengiriman d pack dgn bubble wrap saya terima krn saya gak sempat bikin video unboxing,kecewa kemas kertas sobek basah ujung kertas lengkung kirim pack bubble wrap terima bikin video unboxing,unknown,1,Tokopedia,Negative,Bentuk,Yes,Perlengkapan Kantor,No
komiknya ada yg udah kuning kertasnya stok lama sepertinya,komik kuning kertas stok,unknown,3,Tokopedia,Neutral,Lainnya,No,Hobi & Hiburan,No
manteb bangettt lov it,manteb bangettt lov it,unknown,5,Tokopedia,Positive,Lainnya,No,Hobi & Hiburan,No
ukuran sesuai bahannya tebal packaging nya rapi respon penjualnya top,ukur sesuai bahan tebal packaging rapi respon jual top,unknown,5,Tokopedia,Positive,Bentuk,No,Fashion,No
belom bulan udah gak nyala baterai udah diganti tetap saja gak nyala kecewa udah 2x di kerjain logitech,bom nyala baterai ganti nyala kecewa 2x kerjain logitech,unknown,1,Tokopedia,Negative,Lainnya,Yes,Elektronik,No
gak ada pengaruh kutu msih hidup sdh saya tes langsung merasa ditipu nih semoga dapat karma dah lu,pengaruh kutu msih hidup tes tipu moga karma dah,unknown,1,Tokopedia,Negative,Rasa,Yes,Perawatan Hewan,No
kondisi drum pad nggak rapih masih banyak lem belepotan,kondisi drum pad rapih lem belepotan,unknown,2,Tokopedia,Negative,Bentuk,No,Hobi & Hiburan,No
tidak berfungsi untuk aki normal padahal baru beli langsung di cas led indikator nya ngga jalan,fungsi aki normal beli cas led indikator jalan,unknown,2,Tokopedia,Negative,Lainnya,Yes,Perabotan,No
udah beli banyak ada yg rusak mau tukar ga bisa pake belibet aturan cape deh,beli rusak tukar pake belibet atur cape,unknown,1,Tokopedia,Negative,Lainnya,Yes,Kerajinan & Pesta,No
gagang patah coba dilem pakai lem cina blm tau kuat apa ngga,gagang patah coba lem pakai lem cina tau kuat,unknown,2,Tokopedia,Negative,Bentuk,No,F&B,No
sesuai deskripsi barang sampai dgn keadaan baikpackaging aman respon penjualnya top barangnya original,sesuai deskripsi barang baikpackaging aman respon jual top barang original,unknown,4,Tokopedia,Positive,Bentuk,No,Elektronik,No
mantap wangi udah beli beberapa kali aman juga untuk hewan,mantap wangi beli aman hewan,unknown,5,Tokopedia,Positive,Rasa,No,Perawatan Hewan,No
nyaman dipakai kemasan bagus pengiriman super,nyaman pakai kemas bagus kirim super,unknown,5,Tokopedia,Positive,Bentuk,No,Kesehatan & Kecantikan,No
barang sudah sampai barang bagus sesuai dengan deskripsi produk,barang barang bagus sesuai deskripsi produk,unknown,5,Tokopedia,Positive,Bentuk,No,Hobi & Hiburan,No
touchscreenya tidak fungsi saran aja sebelum dikasih ke konsumen ada baiknya di tes terlebih dahulu,touchscreenya fungsi saran kasih konsumen baik tes,unknown,1,Tokopedia,Negative,Lainnya,No,Elektronik,No
ga guna sebelum dilapis ini hrusnya dilapis kardus lah minimal,lap hrusnya lap kardus minimal,unknown,2,Tokopedia,Negative,Lainnya,No,Kerajinan & Pesta,No
kecewa minta ganti alamat mlh gk bisa,kecewa ganti alamat mlh,unknown,1,Tokopedia,Negative,Lainnya,Yes,F&B,Yes
selalu puas belanja disini udah ketiga kalinya beli disini pengiriman cepat respon cepat,puas belanja tiga kali beli kirim cepat respon cepat,unknown,5,Tokopedia,Positive,Lainnya,No,Perawatan Hewan,No
sdh order ke harga murah pengemasan super aman tidak pernah ada yg rusak sy terima,order harga murah kemas super aman rusak terima,unknown,5,Tokopedia,Positive,Harga,No,Kesehatan & Kecantikan,No
pengiriman lama charger tidak fast charging,kirim charger fast charging,unknown,1,Tokopedia,Negative,Lainnya,No,Elektronik,No
suaranya tetep ae kecil,suara tetep ae,unknown,2,Tokopedia,Negative,Bentuk,No,Hobi & Hiburan,No
relapict sekali suka pokoknya,relapict suka pokok,unknown,5,Tokopedia,Positive,Lainnya,No,Lainnya,No
seller positive mini wireless keyboard berfungsi dengan baik terima kasih,seller positive mini wireless keyboard fungsi terima kasih,unknown,5,Tokopedia,Positive,Lainnya,No,Elektronik,No
kualitas tali jelek masker nya cukup tipis dengan harga lumayan mahal agak ga worth it aja,kualitas tali jelek masker tipis harga lumayan mahal worth it,unknown,1,Tokopedia,Negative,Harga,No,Kesehatan & Kecantikan,No
bagus bgtt modelny kecil wrnnya bagus sedotannya kuat,bagus bgtt modelny wrnnya bagus sedot kuat,unknown,5,Tokopedia,Positive,Bentuk,No,Otomotif,No
sangat tipis kecewa sekali,tipis kecewa,unknown,1,Tokopedia,Negative,Bentuk,Yes,Perabotan,No
sebenernya kualitasnya oke sih tp nggak bisa masuk ke kamera yg biasanya pake phantom power,sebenernya kualitas oke kamera pake phantom power,unknown,3,Tokopedia,Neutral,Bentuk,No,Elektronik,No
barang udah nyampe makasih gan,barang makasih gan,unknown,4,Tokopedia,Positive,Lainnya,No,Kesehatan & Kecantikan,No
sesuai deskripsi seller gercep interaktif rekomended,sesuai deskripsi seller gercep interaktif rekomended,unknown,5,Tokopedia,Positive,Bentuk,No,Otomotif,No
alhamdulillah memuaskan walau sempet kehabisan stok tapi gamasalah diganti sama model lain juga bagus kualitasnya mantap pelayanan juga ramah mungkin respon nya aja perlu di tingkatkan lagi,alhamdulillah muas sempet habis stok gamasalah ganti model bagus kualitas mantap layan ramah respon tingkat,unknown,5,Tokopedia,Positive,Bentuk,No,Fashion,No
kecewa berat sama pedagang warna yg dibeli kosong dikirim tanpa konfirmasi pdhl sy sudh minta d cancel sudh dikirim baru bilang warna habis pdhl harga lumayan mahal dikirim warna senada 4pcs emang sy mau buat seragaman,kecewa berat dagang warna beli kosong kirim konfirmasi pdhl sudh cancel sudh kirim bilang warna habis pdhl harga lumayan mahal kirim warna nada 4pcs seragam,unknown,1,Tokopedia,Negative,Bentuk,Yes,Fashion,Yes
pesanan aman dan pengirimannya cepet seller juga responsif bukunya ternyata gak tebel thanks seller bukunya sampe dalam keadaan aman sayang aja gak kebagian bookmarks nya periplus pdhl belanja banyak,pesan aman kirim cepet seller responsif buku tebel thanks seller buku aman sayang bagi bookmarks periplus pdhl belanja,unknown,4,Tokopedia,Positive,Lainnya,No,Hobi & Hiburan,No
kurma medjol palestine emang fave aku bgtt legit ga trllu manis bijinya keciiil dagingnya jumbo cocok utk ibukku yg kebetulan diabetes tp baru pertama beli disini makasi ya ka pengiriman cpt 1hri aja makasi jg tokped dah gratis ongkir semoga allah swt memberkahi kalian,kurma medjol palestine fave bgtt legit trllu manis biji keciiil daging jumbo cocok ibukku diabetes beli makas ka kirim cpt 1hri makas tokped dah gratis ongkos kirim moga allah swt kah,unknown,5,Tokopedia,Positive,Harga,No,F&B,No
barangnya ga rapih terutama jahitannya dan masih ada benang yg ga beraturan,barang rapih jahit benang atur,unknown,2,Tokopedia,Negative,Bentuk,No,Fashion,No
baru kali ini beli di toped pelayanan mengecewakan sekali jasa pengiriman diganti tanpa pemberitahuan dan akhirnya pengiriman telat payah,beli toped layan kecewa jasa kirim ganti pemberitahuan kirim telat payah,unknown,1,Tokopedia,Negative,Lainnya,Yes,Otomotif,Yes
barang dikirim tidak lengkap sayangnya waktu unboxing tidak divideokan krn beranggapan belanja di seller besar tidak akan mengecewakan waktu dichat ke seller diinfo akan difollow up oleh timnya tp ternyata tidak ada tindak lanjutnya seller besar tidak jaminan memuaskan,barang kirim lengkap sayang waktu unboxing video anggap belanja seller kecewa waktu dichat seller info difollow up tim tindak seller jamin muas,unknown,1,Tokopedia,Negative,Bentuk,Yes,Perabotan,No
bagus dan cepat,bagus cepat,unknown,5,Tokopedia,Positive,Bentuk,No,Ibu & Bayi,No
baru mau nyoba varian micelar water nya semoga cocok kayak varian micro essence nya loreal ini dapat harga diskon pulak makin cintaaa pengiriman juga aman dan tepat waktu terimakasih tokped dan loreal,nyoba varian micelar water moga cocok varian micro essence loreal harga diskon pulak cintaaa kirim aman waktu terimakasih tokped loreal,unknown,5,Tokopedia,Positive,Harga,No,Kesehatan & Kecantikan,No
thank you utk saran2nya anabul ku kebantu banget sama produk ini bakal repurchase lg nih,thank you saran2nya anabul ku bantu produk repurchase lg,unknown,5,Tokopedia,Positive,Bentuk,No,Perawatan Hewan,No
suka jilbabnya bagus nyaman dipake,suka jilbab bagus nyaman dipake,unknown,4,Tokopedia,Positive,Bentuk,No,Fashion,No
ga ada hadiahnya saya baca pembeli lain dari beberapa bulan lalu pun banyak yang kecewa promo hadiah harusnya lebih jelas supaya tidak mengecewakan,hadiah baca beli kecewa promo hadiah kecewa,unknown,2,Tokopedia,Negative,Harga,Yes,Kesehatan & Kecantikan,Yes
pesen warna hitam yang datang gold padahal sudah konfirm by wa barang datang ada peyok kiri dan kanan kecewa,sen warna hitam gold konfirm by wa barang peyok kiri kanan kecewa,unknown,1,Tokopedia,Negative,Bentuk,Yes,Fashion,Yes
uda biasa blanja di abbot baru kali ini dateng penyok semua ga tau ini promo gara2 emang abisin stok penyok atau toko cabangnya yg bermasalah yg uda pasti ngga bakal belanja lagi di toko cabang d,uda blanja abbot dateng penyok tau promo gara2 abisin stok penyok toko cabang masalah uda belanja toko cabang,unknown,2,Tokopedia,Negative,Harga,No,Kesehatan & Kecantikan,No
respon lama proses lama not recomended,respon proses not recomended,unknown,2,Tokopedia,Negative,Lainnya,No,Fashion,No
lain kali tolong lah di cek baik baik sebelum di bungkus,tolong cek bungkus,unknown,1,Tokopedia,Negative,Lainnya,No,Hobi & Hiburan,No
pengiriman cepat buku sampai dengan selamat keadaan buku baik baik saja buku tidak ada cacat dan kekurangan,kirim cepat buku selamat buku buku cacat kurang,unknown,5,Tokopedia,Positive,Lainnya,No,Hobi & Hiburan,No
pelayanan ny kurang ramah,layan ramah,unknown,2,Tokopedia,Negative,Lainnya,No,Hobi & Hiburan,No
gak ad solusi semoga uang ny berkah ya mba,ad solusi moga uang berkah mba,unknown,1,Tokopedia,Negative,Lainnya,No,Fashion,No
harga termurah kualitas dan layanan teratas recommended product from recommended seller,harga murah kualitas layan atas recommended product from recommended seller,unknown,5,Tokopedia,Positive,Harga,No,Perabotan,No
mantulll recommended seller,mantulll recommended seller,unknown,5,Tokopedia,Positive,Lainnya,No,Hobi & Hiburan,No
awal dikirim brg sih packing rapih ya tp ada bocel sm kaki tripod karetnya ada yg ilang trs saya balikim barangnya saya kasih bubble wrap buat balikin tp seller kirim brg barunya sama sekali ga pake bubble wrap alhasil banyak lecet penyok2 dibilang dr seller ktnya hrs xtra bubble wrap tau gt saya balikinnya gausa make bubble wrap,kirim brg packing rapih bocel sm kaki tripod karet ilang trs balikim barang kasih bubble wrap balikin seller kirim brg baru pake bubble wrap alhasil lecet penyok2 bilang seller ktnya hrs xtra bubble wrap tau gt balikinnya gausa make bubble wrap,unknown,3,Tokopedia,Neutral,Bentuk,No,Elektronik,No
mantap paten joss,mantap paten joss,unknown,5,Tokopedia,Positive,Rasa,No,Elektronik,No
saat unit ada masalah seller bersedia membantu mengatasi terima kasih banyak,unit seller sedia bantu atas terima kasih,unknown,4,Tokopedia,Positive,Lainnya,No,Elektronik,No
sudah purchase kedua kali dan cocok dengan kulit tangan yg agak sensitif,purchase cocok kulit tangan sensitif,unknown,5,Tokopedia,Positive,Bentuk,No,Kesehatan & Kecantikan,No
kecewa produk banyak yg kurang,kecewa produk,unknown,1,Tokopedia,Negative,Lainnya,Yes,Lainnya,Yes
bau nya mengganggu,bau ganggu,unknown,3,Tokopedia,Neutral,Rasa,No,Kesehatan & Kecantikan,No
sesuai deskripsi packingnya rapi thanks,sesuai deskripsi packingnya rapi thanks,unknown,4,Tokopedia,Positive,Bentuk,No,Fashion,No
barang tdk diterima pengembalian dana tdk diterima dan saya disuruh urus sendiri ke toped,barang terima kembali dana terima suruh urus toped,unknown,1,Tokopedia,Negative,Lainnya,No,Kesehatan & Kecantikan,Yes
packing terlalu padet liquid bocor banyak,packing padet liquid bocor,unknown,1,Tokopedia,Negative,Lainnya,No,Lainnya,No
yang datang merk buck i entah karena promo atau apa tapi belum sempat take a picture nanti saya update lagi ulasanya barusan saya search buck i knife lebih murah kalau memang mau ngadain promo jual barang yang bener saya kecewa sekali dengan brand gm yang sudah saya percaya berkali kali,merk buck promo take picture update ulasanya barusan search buck knife murah ngadain promo jual barang bener kecewa brand gm percaya kali,unknown,2,Tokopedia,Negative,Harga,Yes,F&B,Yes
kurang sesuai ekspetasi,sesuai ekspetasi,unknown,3,Tokopedia,Neutral,Bentuk,No,Fashion,No
paket datang kardus penyok robek malu klo buat kado udah banyak yg gini kenapa tidak ada perbaikan dr mooimom,paket kardus penyok robek malu kado gin baik mooimom,unknown,2,Tokopedia,Negative,Lainnya,No,Ibu & Bayi,No
pashminanya pendek gak seperti yang ada di deskripsi,pashminanya pendek deskripsi,unknown,2,Tokopedia,Negative,Bentuk,No,Fashion,No
tidak recommended hanya memikirkan untung tidak memikirkan keluhan konsumen,recommended pikir untung pikir keluh konsumen,unknown,1,Tokopedia,Negative,Lainnya,Yes,Ibu & Bayi,No
mengecewakan produk encer jadi harus mengecat berkali2 hingga 4x memang harga menentukan kwalitas,kecewa produk encer cat berkali2 4x harga tentu kwalitas,unknown,1,Tokopedia,Negative,Harga,Yes,Perabotan,No
maaf cuma bs kasih bintang saya dpt barang yg penyok dan pelor hilang respon dan pengiriman jg lambat,maaf bs kasih bintang barang penyok pelor hilang respon kirim lambat,unknown,3,Tokopedia,Neutral,Lainnya,No,Perabotan,No
pesen kemarin dateng hari ini cepet banget sajadahnya bagus bulunya halus terus busanya beneran tebel semoga sholat saya bisa terus khusyukk karena sajadah ini aamiin terima kasih seller bahannya tebal bahannya lembut ukuran sesuai warnanya cantik anti slip,sen kemarin dateng cepet sajadah bagus bulu halus busa beneran tebel moga sholat khusyukk sajadah aamiin terima kasih seller bahan tebal bahan lembut ukur sesuai warna cantik anti slip,unknown,5,Tokopedia,Positive,Bentuk,No,Fashion,No
barang tidak datang proses refund memakan waktu lebih dr bulan sama sekali tidak memuaskan,barang proses refund makan waktu muas,unknown,1,Tokopedia,Negative,Bentuk,Yes,F&B,No
patah waktu mau di kencangkan,patah waktu kencang,unknown,1,Tokopedia,Negative,Lainnya,No,Hobi & Hiburan,No
dicharge lampu tidak nyala sama sekali tidak bisa dipakai mau dikembalikan berat di ongkir harusnya sebelum dikirim dites dulu toh packaginya tidak ada segel dites dulu boleh kayaknya sayangnya bintang minimal not recommend,dicharge lampu nyala pakai kembali berat ongkos kirim kirim tes packaginya segel tes kayak sayang bintang minimal not recommend,unknown,1,Tokopedia,Negative,Bentuk,Yes,Hobi & Hiburan,No
saya pesan paket yg paket tidak sesuai pesanan,pesan paket paket sesuai pesan,unknown,2,Tokopedia,Negative,Bentuk,Yes,Kesehatan & Kecantikan,No
produk original ban jadi hitam kembali mantap bahanya kuat ban menjadi seperti baru kembali,produk original ban hitam mantap bahanya kuat ban,unknown,5,Tokopedia,Positive,Bentuk,No,Otomotif,No
kualitas sesuai harganya,kualitas sesuai harga,unknown,3,Tokopedia,Neutral,Harga,No,Fashion,No
ckup bagus terimakasih,ckup bagus terimakasih,unknown,3,Tokopedia,Neutral,Bentuk,No,Fashion,No
lain x waktu pengiriman harap lebih cepat yg lainnya sdh bagus,waktu kirim harap cepat bagus,unknown,3,Tokopedia,Neutral,Bentuk,No,Elektronik,No
langganan bulanan recommended i,langgan bulan recommended,unknown,5,Tokopedia,Positive,Lainnya,No,Kesehatan & Kecantikan,No
jelek bgt nyesal jadi nya,jelek nyesal,unknown,1,Tokopedia,Negative,Bentuk,No,Fashion,No
batre tidak sesuai ukuran dan tidak ada nano receiver,batre sesuai ukur nano receiver,unknown,1,Tokopedia,Negative,Bentuk,Yes,Elektronik,No
pelayanan ramah gratis design pokoknya rekomendasi banget bikin cap disini,layan ramah gratis design pokok rekomendasi bikin cap,unknown,5,Tokopedia,Positive,Harga,No,Perlengkapan Kantor,No
barangnya jelek cepet rusak baru pake sehari talinya sudah mau lepas,barang jelek cepet rusak pake hari tali lepas,unknown,3,Tokopedia,Neutral,Bentuk,No,Fashion,No
mantap pengiriman cepat dan amanah sesuai dengan note yang di tulis terima kasih kaka,mantap kirim cepat amanah sesuai note tulis terima kasih kaka,unknown,5,Tokopedia,Positive,Rasa,No,Lainnya,No
kualitas produk mengecewakan mulut buaya baru dibuka 2x sudah stuck dan tidak bisa dipakai lagi klaim bisa mengembalikan barang juga ternyata prosedurnya tidak mudah akhirnya cuma jadi sampah di rumah,kualitas produk kecewa mulut buaya buka 2x stuck pakai klaim kembali barang prosedur mudah sampah rumah,unknown,1,Tokopedia,Negative,Bentuk,Yes,Hobi & Hiburan,No
auhh bgt sma yg d gambar mentang2 pngguna baru dpt grtisan eh dpt nya daster 10rban d loak lucu tokped apa toko nya nih gak mau rugi gak smpet foto sya ksihkan sma nenek sya ampunn dah,auhh sma gambar mentang2 pngguna grtisan eh daster 10rban loak lucu tokped toko rugi smpet foto sya ksihkan sma nenek sya ampunn dah,unknown,1,Tokopedia,Negative,Lainnya,No,Fashion,No
gak sesuai yg di pesannya merk apa malah yg di kirim nya dompet ginian sdh gitu rugi banyak pas di retur gak di ganti ongkir nya,sesuai pesan merk kirim dompet ginian gitu rugi pas retur ganti ongkos kirim,unknown,1,Tokopedia,Negative,Bentuk,Yes,Fashion,No
beli datangnya barang gk sesuai foto ketajaman biasa yg jual goblok selamat makan uang haram,beli datang barang sesuai foto tajam jual goblok selamat makan uang haram,unknown,1,Tokopedia,Negative,Bentuk,No,Hobi & Hiburan,No
kecewa gw belanja di sini gak amanah seller nya gw pesen yg di kirim cuma gak seberapa sih harga nya tapi gak jujur yg jual nya moga berkah aja dah lu dagang dari hasil gak jujur,kecewa belanja amanah seller sen kirim harga jujur jual moga berkah dah dagang hasil jujur,unknown,1,Tokopedia,Negative,Harga,Yes,Perawatan Hewan,Yes
tidak dikrm2 eksp dan toko gak bertanggung jawab,dikrm2 eksp toko tanggung,unknown,1,Tokopedia,Negative,Lainnya,No,Perawatan Hewan,No
kemasannya kurang baikk kotakya gak rapih seperti bekas pada hal mau buat kado,kemas baikk kotakya rapih bekas kado,unknown,2,Tokopedia,Negative,Bentuk,No,Ibu & Bayi,No
barang udah sampai maaf baru konfirmasi sesuai review di yt barangnya rekomended buat yang mau menekan cost,barang maaf konfirmasi sesuai review yt barang rekomended tekan cost,unknown,5,Tokopedia,Positive,Bentuk,No,Lainnya,No
ramnya gabisa di pakai walau udh minta tuker 2x giliran dimintain refund susah banget jangan mau beli disini pokoknya ga recommend banget hati hatii sama ram palsu,ram gabisa pakai tuker 2x gilir dimintain refund susah beli pokok recommend hati hati ram palsu,unknown,1,Tokopedia,Negative,Bentuk,Yes,Elektronik,No
kualitas bahan bagus nyaman dipakai jahitannya rapi warnanya cantik ukuran sesuai bahannya lembut model celananya cantik,kualitas bahan bagus nyaman pakai jahit rapi warna cantik ukur sesuai bahan lembut model celana cantik,unknown,5,Tokopedia,Positive,Bentuk,No,Fashion,No
sdh 2x beli disini dan gak pernah ada masalah packaging dan pengiriman oke,2x beli packaging kirim oke,unknown,5,Tokopedia,Positive,Bentuk,No,Hobi & Hiburan,No
barangnya original gampang dipakai ada garansi resmi penjualnya ramah banget,barang original gampang pakai garansi resmi jual ramah,unknown,5,Tokopedia,Positive,Bentuk,No,Elektronik,No
barang rusak di kirim,barang rusak kirim,unknown,1,Tokopedia,Negative,Lainnya,Yes,Elektronik,No
barang nya sampai dengan selamat sudah di coba dan lumayan bagus sesuai harga next akan beli lagi alat yang lainnya packaging aman dan bagus,barang selamat coba lumayan bagus sesuai harga next beli alat packaging aman bagus,unknown,5,Tokopedia,Positive,Bentuk,No,Perabotan,No
bebas bahan kimia proses cepat hemat listrik boros listrik bisa muat banyak gampang dibawa bawa bahan kokoh gampang dipakai penjualnya ramah banget proses pesanan cepat packaging aman packaging rapi respon penjualnya top,bebas bahan kimia proses cepat hemat listrik boros listrik muat gampang bawa bawa bahan kokoh gampang pakai jual ramah proses pesan cepat packaging aman packaging rapi respon jual top,unknown,5,Tokopedia,Positive,Bentuk,No,Elektronik,No
yg bener dong gan klo ngasih barang expirenya kapan masak sebulan gak kuat sampai ada yg bulukan gitu,bener gan ngasih barang expirenya masak bulan kuat bulu gitu,unknown,1,Tokopedia,Negative,Bentuk,No,Perawatan Hewan,No
pengiriman lama kemasan penyok parah,kirim kemas penyok parah,unknown,2,Tokopedia,Negative,Bentuk,Yes,Ibu & Bayi,No
bagus berkualitas sesuai gbr makasih seller tokped dan kurir,bagus kualitas sesuai gbr makasih seller tokped kurir,unknown,5,Tokopedia,Positive,Bentuk,No,Elektronik,No
warna tidak sesuai dgn permintaan,warna sesuai minta,unknown,1,Tokopedia,Negative,Bentuk,Yes,Kerajinan & Pesta,No
masyaaallah bagusss muraaahhhh jangan ragu order mukenah disini asli sd survey bbrp seller offline n online disini murah harganya barang sama dg yg diluaran yg harga mahal jangan ragu beli ditoko ini ya,masyaaallah bagusss muraaahhhh ragu order mukenah asli sd survey bbrp seller offline online murah harga barang dg luar harga mahal ragu beli toko,unknown,5,Tokopedia,Positive,Harga,No,Fashion,No
sepatu nya bukan kulit,sepatu kulit,unknown,1,Tokopedia,Negative,Bentuk,No,Perabotan,No
toko tdk kooperatif pesanan duplikasi di minta cancel tapi tetap saja dikirim maaf terpaksa saya kasih bintang kwalitas barang biasa saja,toko kooperatif pesan duplikasi cancel kirim maaf paksa kasih bintang kwalitas barang,unknown,1,Tokopedia,Negative,Bentuk,No,Hobi & Hiburan,No
keren banget sempurna,keren sempurna,unknown,5,Tokopedia,Positive,Lainnya,No,Hobi & Hiburan,No
gepuknya kok pahit,gepuk pahit,unknown,1,Tokopedia,Negative,Rasa,No,F&B,No
mantaaaaaaaaaaaaaaaaaaaaaaaaaaaaaaaaaaaaaaaaaap barangnya original o,mantaaaaaaaaaaaaaaaaaaaaaaaaaaaaaaaaaaaaaaaaaap barang original,unknown,5,Tokopedia,Positive,Bentuk,No,Otomotif,No
ternyata stick ga dikirim pake dus nya kyk beli barang bekas ga sesuai deskripsi,stick kirim pake dus beli barang bekas sesuai deskripsi,unknown,1,Tokopedia,Negative,Bentuk,No,Elektronik,No
barangnya original ada garansi resmi kemasan disegel spesifikasi sesuai barangnya mulus kelengkapan sesuai warna sesuai pesanan berfungsi dengan baik penjualnya ramah banget proses pesanan cepat packaging aman packaging rapi,barang original garansi resmi kemas segel spesifikasi sesuai barang mulus lengkap sesuai warna sesuai pesan fungsi jual ramah proses pesan cepat packaging aman packaging rapi,unknown,5,Tokopedia,Positive,Bentuk,No,Elektronik,No
2x pembelian awal ga ada masalah dan puas tapi pembelian terakhir ini mengecewakan ntah mau irit packaging atau karena alasan apa untuk pembelian rasa tiramisu sudah tidak berkardus mungkin udah mulai dijual ketengan,2x beli puas beli kecewa ntah irit packaging alas beli tiramisu kardus jual keteng,unknown,1,Tokopedia,Negative,Rasa,Yes,F&B,No
baru dipake lngsung sobek bahanya tipis,dipake lngsung sobek bahanya tipis,unknown,2,Tokopedia,Negative,Bentuk,No,Ibu & Bayi,No
barang tidak sesuai dgn pesanan pesanan imo z7 yg di kirim merk huangmi,barang sesuai pesan pesan imo z7 kirim merk huangmi,unknown,1,Tokopedia,Negative,Bentuk,Yes,Fashion,No
pelayanan nya top after sales service bagus,layan top after sales service bagus,unknown,5,Tokopedia,Positive,Bentuk,No,Hobi & Hiburan,No
tak seindah yg dibayangkan,indah bayang,unknown,1,Tokopedia,Negative,Lainnya,No,Fashion,No
boleh murah tp jangan murahan produk masih banyak reject nya jahitan berantakan sol banyak longgar dan tidak rapih pengiriman pun di reschedule di pending se suka hati penjual tanpa memberikan alasan sebab yg jelas packaging tidak rapih anehnya foto tidak bisa di upload,murah murah produk reject jahit beranta sol longgar rapih kirim reschedule pending suka hati jual alas packaging rapih aneh foto upload,unknown,1,Tokopedia,Negative,Bentuk,No,Fashion,Yes
saya sudah langganan beli transpulmin baby di toko ini menarini health beauty dan juga produk lainnya respon toko cepat dan transpulmin baby ini sangat cocok dgn kulit bayi cepat meredakan flu batuk pada bayi menngunakan bahan alami melembabkan kulit bayi aman buat kulit bayi tanpa bahan pengawet dan tidak memicu alergi pokoknya mantul deh,langgan beli transpulmin baby toko menarini health beauty produk respon toko cepat transpulmin baby cocok kulit bayi cepat reda flu batuk bayi menngunakan bahan alami melembabkan kulit bayi aman kulit bayi bahan awet picu alergi pokok mantap,unknown,5,Tokopedia,Positive,Bentuk,No,Ibu & Bayi,No
lubang utk muka sempit ga enak,lubang muka sempit,unknown,2,Tokopedia,Negative,Rasa,No,Fashion,No
puas ini mao pesen lagi ya kak,puas mao sen kak,unknown,5,Tokopedia,Positive,Lainnya,No,Kesehatan & Kecantikan,No
barang gajelas lama sampai kotak penyok,barang gajelas kotak penyok,unknown,3,Tokopedia,Neutral,Lainnya,No,Elektronik,No
gampang dibawa bawa muat banyak buku enak buat baca packaging aman packaging rapi,gampang bawa bawa muat buku baca packaging aman packaging rapi,unknown,5,Tokopedia,Positive,Bentuk,No,Elektronik,No
barang dikirim tidak sesuai jumlah pesanan,barang kirim sesuai pesan,unknown,1,Tokopedia,Negative,Bentuk,Yes,Fashion,No
lumayan lah buat harian kualitas sesuai harga,lumayan hari kualitas sesuai harga,unknown,4,Tokopedia,Positive,Harga,No,Fashion,No
warna kuning hanya samar2 jadi spt warna putih saja kecewa tdk spt gambar dikotak,warna kuning samar2 spt warna putih kecewa spt gambar kotak,unknown,3,Tokopedia,Neutral,Bentuk,No,Kesehatan & Kecantikan,No
packaging aman packaging rapi desainnya lucu respon penjualnya top maap fotonya burem soalnya ss dari video unboxing,packaging aman packaging rapi desain lucu respon jual top maap foto burem ss video unboxing,unknown,5,Tokopedia,Positive,Bentuk,No,Kesehatan & Kecantikan,No
proses cepat produk bagus finising mulus cuma saran om di bagian pengelam agak fi tingkatkan ada beberan sisi yg kurang nempel soal nya sama lobang buat gantungan nya agak d besarkan om terima kasih,proses cepat produk bagus finising mulus saran om kelam fi tingkat beber sisi nempel lobang gantung besar om terima kasih,unknown,3,Tokopedia,Neutral,Bentuk,No,Hobi & Hiburan,No
barang gak sesuai order warna hitam polos yg dtg malah motif,barang sesuai order warna hitam polos dtg motif,unknown,2,Tokopedia,Negative,Bentuk,No,Fashion,No
pernah tanya kapan expd nya katanya ternyata exp kesel aja uda bela2in beli disini yg jauh lebih mahal dr toko lain demi dapet expd,expd exp kesel uda bela2in beli mahal toko expd,unknown,1,Tokopedia,Negative,Harga,No,Ibu & Bayi,No
alhamdulillah barangnya udah nyampe d coba bagus semoga awet terima kasih seller kurir dan tokopedia,alhamdulillah barang coba bagus moga awet terima kasih seller kurir tokopedia,unknown,5,Tokopedia,Positive,Bentuk,No,Elektronik,No
beli pcs yang satu normal tanpa kendala yang lagi stuck house cartridge nya gak mau ke tengah step nya sama dengan yang normal ikutin manual,beli pcs normal kendala stuck house cartridge tengah step normal ikutin manual,unknown,3,Tokopedia,Neutral,Bentuk,No,Elektronik,No
barang sudah diterima dalam keadaan cacat seperti ada yg nyobek lain kali packingnya jangan cuma kresek doank itu jga cma lapis,barang terima cacat nyobek packingnya kresek doank jga cma lapis,unknown,2,Tokopedia,Negative,Lainnya,Yes,Perawatan Hewan,No
barang sesuai pesanan kondisi berfungsi dengan baik seller responsif proses kirim cepat recommended,barang sesuai pesan kondisi fungsi seller responsif proses kirim cepat recommended,unknown,5,Tokopedia,Positive,Bentuk,No,Hobi & Hiburan,No
sudah saya terima belom tau kwalitasnya semoga awet en bener2 bagus thks alls,terima bom tau kwalitasnya moga awet en bener2 bagus thks alls,unknown,4,Tokopedia,Positive,Bentuk,No,Kesehatan & Kecantikan,No
packing dan kemasan baik dan aman jumlah order sesuai dan telah diterima komplit terima kasih semoga batere dan lainnya awet digunakan,packing kemas aman order sesuai terima komplit terima kasih moga batere awet,unknown,5,Tokopedia,Positive,Bentuk,No,Elektronik,No
gokil harga murah kualitas oke punya,gokil harga murah kualitas oke,unknown,5,Tokopedia,Positive,Harga,No,Fashion,No
di gambar kelihatan besar tapi kenyataannya kecil sekali kaya mainan sampai sekarang bingung untuk makainya buat pakai apa tanggung sekli kecuali buat naro benang mungkin berpungsi nyesel banget telah beli kotak ini,gambar nyata kaya main bingung maka pakai tanggung sekli kecuali naro benang pungsi nyesel beli kotak,unknown,1,Tokopedia,Negative,Bentuk,No,Kesehatan & Kecantikan,No
ukurannya gak sesuai deskripsi gk ada 30cm dan juga gk 2m parah sih beli produk berbesa tapi gk rata semua potongannya,ukur sesuai deskripsi 30cm 2m parah beli produk berbesa rata potong,unknown,1,Tokopedia,Negative,Bentuk,Yes,Hobi & Hiburan,No
beli sabtu sampainya kamis lama betul,beli sabtu sampai kamis,unknown,2,Tokopedia,Negative,Lainnya,No,Hobi & Hiburan,No
jahitannya rapi ukuran sesuai bahan agak panas tp masih nyaman dipakai sesuailah dengan harganya trims ya seller,jahit rapi ukur sesuai bahan panas nyaman pakai sesuai harga trims seller,unknown,5,Tokopedia,Positive,Bentuk,No,Fashion,No
saya pesan hitam yang dikirim warna kopi next please lebih teliti lagi kalau warna hitam nya gak ada please di info,pesan hitam kirim warna kopi next please teliti warna hitam please info,unknown,2,Tokopedia,Negative,Bentuk,No,Fashion,No
ga bagus ga ada kuat2nya lem apaan,bagus kuat2nya lem,unknown,1,Tokopedia,Negative,Bentuk,No,Perabotan,No
top seller responsif dan btgg jwb,top seller responsif btgg jwb,unknown,5,Tokopedia,Positive,Lainnya,No,Perlengkapan Kantor,No
barang ori bagus sesuai pesanan packing rapih buble wrap tebel jadi barang aman hanya terkendala di jasa pengiriman,barang original bagus sesuai pesan packing rapih buble wrap tebel barang aman kendala jasa kirim,unknown,4,Tokopedia,Positive,Bentuk,No,Elektronik,No
saya beli nano spray di mic acc88 barang tidak bagus saya kembalikan ke toko mic acc88 saya minta tukar oleh toko mic acc88 ditukar dengan barang yang sama ternyata barangnya sama jeleknya saya minta tukar lagi saya minta merk mixio wh karena saya lihat gambar di toko mic acc88 ada barangnya lebih murah saya sudah sampaikan apabila mixio wh bagus saya mau beli lagi dengan menambah uang ternyata barang yang dikirim kesaya bukan mixio wh saya tidak tau barang itu type apa saya kecewa sisa uang juga tidak dikembalikan toko mix acc88 tidak menjawab chating saya kalau menjawab hanya sepatah sepatah kata tidak memberikan penjelasan dengan baik bagainana nasib sisa pembelian saya padahal sudah saya sampaikan apabila mengirim mixio wh sesuai permintaan saya maka saya akan beli lagi,beli nano spray mic acc88 barang bagus kembali toko mic acc88 tukar toko mic acc88 tukar barang barang jelek tukar merk mixio wh gambar toko mic acc88 barang murah mixio wh bagus beli tambah uang barang kirim saya mixio wh tau barang type kecewa sisa uang kembali toko mix acc88 chating patah patah jelas bagainana nasib sisa beli kirim mixio wh sesuai minta beli,unknown,1,Tokopedia,Negative,Bentuk,Yes,Perabotan,No
pesennya tosca yg datang ungu hehehe tp soal produk tdk diragukan lg memuaskan kualitas product bagus,sen tosca ungu hehehe produk ragu lg muas kualitas product bagus,unknown,4,Tokopedia,Positive,Bentuk,No,Perabotan,No
kameranya berfungsi untuk kualitas gambar tentunya sesuai harga ya seperti kamera anak sejenis sayangnya kabelnya kotor sekali seperti bekas sudah coba dibersihkan juga tidak bisa,kamera fungsi kualitas gambar sesuai harga kamera anak jenis sayang kabel kotor bekas coba bersih,unknown,4,Tokopedia,Positive,Bentuk,No,Elektronik,No
warna pinknya tdk sesuai,warna pinknya sesuai,unknown,4,Tokopedia,Positive,Bentuk,No,Fashion,No
lama sekali sampainya pesan rabu baru hari senin sampai,sampai pesan rabu senin,unknown,3,Tokopedia,Neutral,Lainnya,No,Hobi & Hiburan,No
pengiriman agak kurang cepat tidak sesuai dengan estimasi di toko tapi barangnya ok sesuai specs dan tidak mengecewakan,kirim cepat sesuai estimasi toko barang oke sesuai specs kecewa,unknown,4,Tokopedia,Positive,Bentuk,No,Fashion,No
tidak direkomendasikan buat tembok lama tembok lembab ganti warna beda dari warna asal isi juga kurang dari label dijamin tidak memuaskan harga gak pernah nipu,rekomendasi tembok tembok lembab ganti warna beda warna isi label jamin muas harga nipu,unknown,1,Tokopedia,Negative,Harga,No,Perabotan,No
saya sudah tulis motif iron cement tapi ternyata ga ke save penjual ga tanya motif dulu malah langsung kirim motif acak,tulis motif iron cement save jual motif kirim motif acak,unknown,3,Tokopedia,Neutral,Lainnya,No,Elektronik,No
barang diterima kusut packing tidak rapi,barang terima kusut packing rapi,unknown,1,Tokopedia,Negative,Bentuk,No,Kesehatan & Kecantikan,No
1st impresi nya kok joystick nya waktu di pegang rasanya kecil bgt beda dari tetangga nya tapi begitu in ke game nya baru berasa enak luar biasa button rt lt dll nya empukk bgt karena sy main game nya efootball jadi begitu tekan sedikit pake perasaan di button r r nya beehhh mantep bgt analog nya juga bikin nyaman di awal sering kepelarakw tapi lambat laun ter biasa pokoknya ini joystick beneran mantul deh jgn ragu buat order,1st impresi joystick waktu pegang beda tetangga in game asa button rt lt dll empukk main game efootball tekan pake asa button beehhh mantep analog bikin nyaman kepelarakw lambat laun ter pokok joystick beneran mantap jgn ragu order,unknown,5,Tokopedia,Positive,Rasa,No,Elektronik,No
bahannya jelek yah memang sesuai dgn harganya sih lipatannya terlalu kentara akhirnya tidak bisa dipakai,bahan jelek yah sesuai harga lipat kentara pakai,unknown,2,Tokopedia,Negative,Bentuk,No,Elektronik,No
barang yg di datang tdk sesuai pesanan proses komplain sangat lma dan berbelit belit,barang sesuai pesan proses komplain lma belit belit,unknown,1,Tokopedia,Negative,Bentuk,Yes,Kesehatan & Kecantikan,No
baru sampe brgnya cepet sih tp pas dipasang kipasnya bunyi plus gak ada mur dan baut utk pengikat tutup kipasnya,brgnya cepet pas pasang kipas bunyi plus mur baut ikat tutup kipas,unknown,3,Tokopedia,Neutral,Rasa,No,Elektronik,No
cepat harga oke sesuai pesanan,cepat harga oke sesuai pesan,unknown,5,Tokopedia,Positive,Harga,No,Perlengkapan Kantor,No
bagusssssss sekalaaaaaaaaaaaaa uuhuy,bagusssssss sekalaaaaaaaaaaaaa uuhuy,unknown,5,Tokopedia,Positive,Bentuk,No,Lainnya,No
awalnya dikirim kurang untung ada video unbox proses komplain nya lama barangnya bagus tp pelayanan tokonya jelek,kirim untung video unbox proses komplain barang bagus layan toko jelek,unknown,3,Tokopedia,Neutral,Bentuk,No,Kesehatan & Kecantikan,No
fast response produk bagus sesuai pesanan pengiriman cepat 1hr,fast response produk bagus sesuai pesan kirim cepat 1hr,unknown,5,Tokopedia,Positive,Bentuk,No,Perlengkapan Kantor,No
pelayanannya mantap dan respon penjual cekatan serta pengirimannya yang singkat terimakasihhh atas layanan dan bonus buku cinta pergi,layan mantap respon jual cekat kirim singkat terimakasihhh layan bonus buku cinta pergi,unknown,5,Tokopedia,Positive,Rasa,No,Hobi & Hiburan,No
sangat tidak recomanded harga promo tp masih tetap mahal dari toko sebelah bahkan lapak online lain nya official store mempermainkan harga mau monopoli tokopedia,recomanded harga promo mahal toko belah lapak online official store main harga monopoli tokopedia,unknown,1,Tokopedia,Negative,Harga,No,Kesehatan & Kecantikan,No
barang sesuai packing aman cepat sampai,barang sesuai packing aman cepat,unknown,5,Tokopedia,Positive,Bentuk,No,Kesehatan & Kecantikan,No
sesuai pesanan cuma tempat kartu kurang lebar,sesuai pesan kartu lebar,unknown,4,Tokopedia,Positive,Bentuk,No,Fashion,No
biarkan gambar bercerita pesan bh yg rusak bh jgn percaya balasan pembelaan apapun dari seller tidak amanah alasan rusak expedisi padahal bisa dilihat sebagian letak cacat bukan dari expedisi dan sebagian yg lain kalaupun dari expedisi ceroboh itu karena packingan tanpa kardus per satuannya dan bubble juga tipis sekali lewat seadanya tanpa tempelan fragile padahal sudah pesan bubble dan kardus tambahan seller berusaha dilimpahkan biar diganti asuransi untung sudah diviseo unboxing dan ditolak jg dr expedisi saya tidak pernah cerita panjang lebar di ulasan tapi berhubung demi kenyamanan buyer lain utk jadi pertimbangan bacalah ini waspadalah waspadalah tidak ada itikad baik berusaha lepas tangan bahaya bisa rusak tokopedia kalau banyak seller begini sudah dikasih note sewaktu proses dan sudah juga dichat dulu sebelum kirim utk hati hati karena mau utk dijual lagi sudah ajukan resolusi pengambalian dana ke tokopedia tp dialihkan ke asuransi utk akhirnya tetap tokopeda refund dana trims admin,biar gambar cerita pesan bh rusak bh jgn percaya balas bela apa seller amanah alas rusak expedisi letak cacat expedisi expedisi ceroboh packingan kardus satu bubble tipis ada tempel fragile pesan bubble kardus tambah seller usaha limpah biar ganti asuransi untung diviseo unboxing tolak expedisi cerita lebar ulas hubung nyaman buyer timbang baca waspada waspada itikad usaha lepas tangan bahaya rusak tokopedia seller kasih note proses dichat kirim hati hati jual aju resolusi pengambalian dana tokopedia alih asuransi tokopeda refund dana trims admin,unknown,1,Tokopedia,Negative,Bentuk,Yes,Elektronik,No
mantaaaaap jaya gan sukses dalam bisnis ini sangat penting untuk menjaga kualitas terbaik dan termurah dengan fitur rentang pencarian harga,mantaaaaap jaya gan sukses bisnis jaga kualitas baik murah fitur rentang cari harga,unknown,5,Tokopedia,Positive,Harga,No,Fashion,No
bahannya jelek kualitasnya sangat jelek baru brp menit sudah rusak,bahan jelek kualitas jelek brp menit rusak,unknown,1,Tokopedia,Negative,Bentuk,Yes,Hobi & Hiburan,No
ini mah bukan pvc bahanny tipis banget pu jg tipis tapi ga setipis ini bikin rugi w aja dicutting melenceng mulu mending mesin w xiomi ini graphtec yg puluhan juta bener kage beres nih toko sampah,mah pvc bahanny tipis pu tipis setip bikin rugi dicutting lenceng mulu mending mesin xiomi graphtec puluh juta bener kage beres toko sampah,unknown,1,Tokopedia,Negative,Bentuk,No,Hobi & Hiburan,No
cat nya jelek banget detailing nya jelek parah murah sih tapi ya gitu jelek,cat jelek detailing jelek parah murah gitu jelek,unknown,3,Tokopedia,Neutral,Harga,No,Hobi & Hiburan,No
barang sampai dengan aman,barang aman,unknown,5,Tokopedia,Positive,Lainnya,No,Hobi & Hiburan,No
barang sangat bagus kualitas produk bagus,barang bagus kualitas produk bagus,unknown,5,Tokopedia,Positive,Bentuk,No,F&B,No
faaaassst respon bangeeettt seller bener2 ngabantuin puaaaaaasssss makasih ya recommended bangeeett,faaaassst respon bangeeettt seller bener2 ngabantuin puaaaaaasssss makasih recommended bangeeett,unknown,5,Tokopedia,Positive,Lainnya,No,Hobi & Hiburan,No
saat diterima tutup wajan ad yg bermasalah dan di wajannya ad goresan bermasalahnya bukan krn proses pengiriman tapi emang dari sononya cacat kecewa dengan respon penjual yang bilang goresannya g masalah padahal saya kan beli baru beli wajan anti gores malah terima yang bergores dan kualitas bermasalah lgs ajukan komplain sdh terima wajannya lagi yang tidak gores cuma tetep bbrp yg mengecewakan kecewa jadi lama dan saya harus repot ngurus pengembalian barangnya kalau mw jual yang diskon jangan kasih yang kualitasnya g bagus atau sampaikan aja produknya ad bbrp bermasalah makanya dikasih diskon resiko beli online semoga awet,terima tutup wajan ad masalah wajan ad gores masalah proses kirim sono cacat kecewa respon jual bilang gores beli beli wajan anti gores terima gores kualitas masalah lgs aju komplain terima wajan gores tetep bbrp kecewa kecewa repot ngurus kembali barang mw jual diskon kasih kualitas bagus produk ad bbrp masalah kasih diskon resiko beli online moga awet,unknown,2,Tokopedia,Negative,Bentuk,Yes,F&B,Yes
muaanntttaaappp seperti syamsul,muaanntttaaappp syamsul,unknown,5,Tokopedia,Positive,Lainnya,No,Lainnya,No
barang sesuai deskripsi,barang sesuai deskripsi,unknown,4,Tokopedia,Positive,Bentuk,No,F&B,No
kualitas product bagus material bagus recomended terimakasih untuk tokopedia dan miniso karena saya dapat tong sampah plastik nya gratis semoga berkah untuk saya dan untuk tokopedia dan miniso tong sampah nya sampai dalam keadaan utuh dan masih bagus serta nyaman digunakan dan mungil juga dan bahan nya lembut soft doft yaa jadi kalau dimainkan anak tidak akan melukai apabila tidak rusak seperti pecah dan semoga awet menemaniku sampai hari yang akan datang,kualitas product bagus material bagus recomended terimakasih tokopedia miniso tong sampah plastik gratis moga berkah tokopedia miniso tong sampah utuh bagus nyaman mungil bahan lembut soft doft yaa main anak luka rusak pecah moga awet teman,unknown,5,Tokopedia,Positive,Bentuk,No,Perabotan,No
baru dateng baru di coba malah udah copot yg bagian kanan udah coba di perbaiki trus coba di pake lagi masih copot juga,dateng coba copot kanan coba baik trus coba pake copot,unknown,1,Tokopedia,Negative,Lainnya,No,Elektronik,No
seller sombong shok ngirim lambatttt percuma pake same day bangunnya siang kali,seller sombong shok ngirim lambatttt pake same day bangun siang,unknown,1,Tokopedia,Negative,Lainnya,No,Perawatan Hewan,No
berfungsi tapi sayangnya penyok,fungsi sayang penyok,unknown,3,Tokopedia,Neutral,Lainnya,No,Elektronik,No
isi buku bagus saya beli sekalian minta disampul tetapi halaman halaman banyak yang menyatu harus kita potong dengan cutter atau pisau secara manual sebenarnya saya tidak masalah tetapi saran saya sebaiknya seller memeriksa kembali barang sebelum dikirimkan dan memberitahu apabila ada kecacatan kemudian bila ada konsumen yang chat setelah barang sampai jangan cuman diread saja semoga bisa jadi bahan intropeksi dan membuat tokonya lebih maju,isi buku bagus beli sampul halaman halaman satu potong cutter pisau manual saran seller periksa barang kirim memberitahu cacat konsumen chat barang cuman diread moga bahan intropeksi toko maju,unknown,3,Tokopedia,Neutral,Bentuk,No,Hobi & Hiburan,No
promo yang ditawarkan marketing s3 payah alibinya free gimmick hanya berlaku pada toko di wilayah tangerang sedangkan barang yang di tawarkan di toko tangerang tidak ada free gimmick tersebut tapi kenapa dicantumkan di toko cabang aneh sekali,promo tawar marketing s3 payah alibi free gimmick laku toko wilayah tangerang barang tawar toko tangerang free gimmick cantum toko cabang aneh,unknown,2,Tokopedia,Negative,Harga,No,Kesehatan & Kecantikan,No
no good tidak puassss,no good puassss,unknown,1,Tokopedia,Negative,Lainnya,No,Hobi & Hiburan,No
harga worth it kualitas nya bagus nyaman digunakan tidak ada masalah dengan tali,harga worth it kualitas bagus nyaman tali,unknown,5,Tokopedia,Positive,Harga,No,Fashion,No
toko tidak amanah diminta untuk dikirim kekurangannya yaitu karet baut dll untuk penahan stick nya namun kena ghosting tidak ada kabar dan itikad baik hingga saat ini terima kasih,toko amanah kirim kurang karet baut dll tahan stick ghosting kabar itikad terima kasih,unknown,1,Tokopedia,Negative,Rasa,No,Hobi & Hiburan,No
barang bagus segel utuh original berfungsi dengan bener seller respon nya ajib cepat amir uda gt kasi sarannya pas banget lg dengan kebutuhan mantabbb,barang bagus segel utuh original fungsi bener seller respon ajib cepat amir uda gt kasi saran pas lg butuh mantabbb,unknown,5,Tokopedia,Positive,Bentuk,No,Elektronik,No
penjual ramah n fast respon,jual ramah fast respon,unknown,4,Tokopedia,Positive,Lainnya,No,Fashion,No
barang tidak sesuai dengan warna saya mesan hitam di kasih warna brown pengiriman lama tp barang bagus,barang sesuai warna mesan hitam kasih warna brown kirim barang bagus,unknown,2,Tokopedia,Negative,Bentuk,Yes,Hobi & Hiburan,No
sweater nya lumayan hanya ada sedikit miskomunikasi tapi ya sudahlah terimakasih ya,sweater lumayan miskomunikasi terimakasih,unknown,4,Tokopedia,Positive,Lainnya,No,Fashion,No
ringan dipakai ukuran sesuai bahan menyerap menerawang sih in mah sesuai harga lah,ringan pakai ukur sesuai bahan serap terawang in mah sesuai harga,unknown,4,Tokopedia,Positive,Bentuk,No,Fashion,No
kualitas bukan foto asli tapi hanya cetakan foto digital dgn kretas kualitas rendah kami tidak bisa menggunakan ini untuk exhibition kami karena kualitasnya terlalu rendah,kualitas foto asli cetak foto digital kretas kualitas rendah exhibition kualitas rendah,unknown,2,Tokopedia,Negative,Bentuk,No,Lainnya,No
gak sesuai gambar disitu gulanya yg hijau kenapa dikirimnya yang kuning sih beda mereka harganya rasanya juga beda lbh enak yg hijau kenapa begini tokped jd pengguna baru malah nyesel,sesuai gambar situ gula hijau kirim kuning beda harga beda lbh hijau tokped jd guna nyesel,unknown,1,Tokopedia,Negative,Rasa,No,F&B,No
pesan yg varian 20pcs tp cuma dikirim 10pcs,pesan varian 20pcs kirim 10pcs,unknown,1,Tokopedia,Negative,Lainnya,No,F&B,No
krn obatnyatdk mempan basmi kutu nya sdh x pakai malahmakin banyak,obatnyatdk mempan basmi kutu pakai malahmakin,unknown,1,Tokopedia,Negative,Lainnya,No,Perawatan Hewan,No
bahannya terlalu tipis,bahan tipis,unknown,1,Tokopedia,Negative,Bentuk,No,Fashion,No
pengiriman cepat produk sangat good daya rekat bagus seller sangat amanah jangan ragu belanja disini,kirim cepat produk good daya rekat bagus seller amanah ragu belanja,unknown,5,Tokopedia,Positive,Bentuk,No,Perlengkapan Kantor,No
pengemasan perlu ditingkatkan,kemas tingkat,unknown,4,Tokopedia,Positive,Lainnya,No,Kesehatan & Kecantikan,No
parahhhhh kecewa bgt bilang bahan yg tebel tpi datang tipis murahan mana pesanan di kali nilainya hasilnya jelek bgtttt jgn mau pesen di toko ini parah bgtttttttttttttttttttttttttttttttttt,parahhhhh kecewa bilang bahan tebel tipis murah pesan nilai hasil jelek bgtttt jgn sen toko parah bgtttttttttttttttttttttttttttttttttt,unknown,1,Tokopedia,Negative,Bentuk,Yes,Lainnya,Yes
barang tidak lengkap packing asal asalan sdh chat katanya kekurangannya mau dikirim ternyata cuma janji barang kurang bagus,barang lengkap packing asal chat kurang kirim janji barang bagus,unknown,2,Tokopedia,Negative,Bentuk,No,Perabotan,No
cetakan buku nya tdk bagus,cetak buku bagus,unknown,2,Tokopedia,Negative,Bentuk,No,Hobi & Hiburan,No
sesuai dg deskripsi produk,sesuai dg deskripsi produk,unknown,4,Tokopedia,Positive,Bentuk,No,Elektronik,No
barang dtg tidak sesuai yg dikasih tahu admin nya bilang rice cooker 2liter ternyata barang yg dikirim liter,barang dtg sesuai kasih admin bilang rice cooker 2liter barang kirim liter,unknown,3,Tokopedia,Neutral,Bentuk,No,Elektronik,No
cepet nyampenya bagus bukunya,cepet nyampenya bagus buku,unknown,4,Tokopedia,Positive,Bentuk,No,Hobi & Hiburan,No
penjualnya sama sekali tidak komunikatif barang kosong diganti barang lain tanpa konfirmasi terlebih dahulu ke pembeli next time kalau jualan pelayanannya lebih ditingkatkan lg mbak mas informasiin ke pembeli dulu kalo barang kosong jgn seenak udel main ganti2 barang ntr situ yg ribet dan rugi sendiri balik2in barang ganti ongkirnya yakhan,jual komunikatif barang kosong ganti barang konfirmasi beli next time jual layan tingkat lg mbak mas informasiin beli barang kosong jgn enak udel main ganti2 barang ntr situ ribet rugi balik2in barang ganti ongkirnya yakhan,unknown,1,Tokopedia,Negative,Rasa,No,Kerajinan & Pesta,No
kualitas barang cukup bagus sudah sering belanja di toko ini kemasan sederhana,kualitas barang bagus belanja toko kemas sederhana,unknown,5,Tokopedia,Positive,Bentuk,No,Lainnya,No
gak sesuai ekspektasi klo buat simpan barang2 yg agak berat kurang recomended dan prosesnya lama klo prosesnya gak sampe hari mungkin sampe lebih cepat kali ya,sesuai ekspektasi simpan barang2 berat recomended proses proses cepat,unknown,2,Tokopedia,Negative,Bentuk,No,F&B,No
wanginya bikin enek dan pusing,wangi bikin enek pusing,unknown,3,Tokopedia,Neutral,Rasa,No,Kesehatan & Kecantikan,No
respon penjual buruk barang tidak sesuai pesanan,respon jual buruk barang sesuai pesan,unknown,1,Tokopedia,Negative,Bentuk,Yes,Lainnya,No
barang diterima dengan baik kualitas baik pengiriman cepat makasih,barang terima kualitas kirim cepat makasih,unknown,5,Tokopedia,Positive,Bentuk,No,Fashion,No
mantul semuanya ok,mantap oke,unknown,5,Tokopedia,Positive,Lainnya,No,Hobi & Hiburan,No
packing tidak sesuai deskripsi kardussss bekassssss,packing sesuai deskripsi kardussss bekassssss,unknown,1,Tokopedia,Negative,Bentuk,Yes,Lainnya,No
pengiriman lamaaaaaa banget sampai sudah beli ditempat lain baru datang pengiriman lebih bulan kacau,kirim lamaaaaaa beli tempat kirim kacau,unknown,1,Tokopedia,Negative,Bentuk,No,Perlengkapan Kantor,No
nggak sesuai yg diiklanin airnya loyo,sesuai diiklanin air loyo,unknown,2,Tokopedia,Negative,Bentuk,No,Perabotan,No
rasa tidak sesuai gk ada kerasa daun jeruknya bad taste,sesuai rasa daun jeruk bad taste,unknown,1,Tokopedia,Negative,Rasa,Yes,F&B,No
saat di unboxing barang terlihat bagus tpi pas baru di cek dengan seksama sticknya hancur dan bautnya hilang padahal packingan menggunakan kayu dan tidak ada penyok ps baru di coba banyak game yg tidak mau serta dalam waktu mnt ps langsung mati sendiri saat saya coba cek masalahnya ternyata kipas ps tidak menyala saat saya tanya ke penjual ternyata ps hanya di cek sekedarnya saja dan setelah saya komplain saya disuruh mengembalikan ksana untuk di cek dan ongkir pp saya tanggung sendiri sangat miris saya sangat percaya dengan toko meskipun ada ulasan yg buruk tpi saya tetap percaya dan tenyata barang yg datang sangat tdk memuaskan,unboxing barang bagus pas cek seksama sticknya hancur baut hilang packingan kayu penyok ps coba game waktu mnt ps mati coba cek kipas ps nyala jual ps cek dar komplain suruh kembali ksana cek ongkos kirim pp tanggung miris percaya toko ulas buruk percaya tenyata barang muas,unknown,1,Tokopedia,Negative,Bentuk,Yes,Elektronik,No
packing aman pengiriman cepat dan barang berfungsi dengan baik,packing aman kirim cepat barang fungsi,unknown,5,Tokopedia,Positive,Lainnya,No,Elektronik,No
bahan nyan lembut dan empuk enak dan tidur jadi lebih enak gak pegel pegel lagi pas bangun tidur bye bye salah bantal material bagus dan halus ukuran sesuai bagus banget harga terjangkau,bahan nyan lembut empuk tidur gel gel pas bangun tidur bye bye salah bantal material bagus halus ukur sesuai bagus harga jangkau,unknown,5,Tokopedia,Positive,Bentuk,No,Perabotan,No
ala cartenya leanding om tengkyu beli untuk yg kesekian kali selalu memuaskan sukses selalu,ala cartenya leanding om tengkyu beli sekian muas sukses,unknown,5,Tokopedia,Positive,Lainnya,No,Lainnya,No
charging awal dkrim tp indikator ga nyala dgnti charging baru tp seluruh ongkir dibebankan k konsumen,charging dkrim indikator nyala dgnti charging ongkos kirim beban konsumen,unknown,2,Tokopedia,Negative,Harga,No,Elektronik,No
barang ada yg tidak dikirim penjual janji akan dikirim pada saat sy order berikutnya tetapi sampai order ke2 dateng tidak disertakan juga kekurangan barangnya penipu sellernya,barang kirim jual janji kirim order order ke2 dateng serta kurang barang tipu sellernya,unknown,1,Tokopedia,Negative,Lainnya,No,Elektronik,No
alhamdulillah sudah sampai sabuknya keren cepet nyampenya pada hal baru kemaren sore pesannya,alhamdulillah sabuk keren cepet nyampenya kemaren sore pesan,unknown,4,Tokopedia,Positive,Lainnya,No,Fashion,No
bajunya bagus bahannya adem oke banget,baju bagus bahan adem oke,unknown,4,Tokopedia,Positive,Bentuk,No,Ibu & Bayi,No
susah payah narik balonnya biar mekar eh bolong,susah payah narik balon biar mekar eh bolong,unknown,3,Tokopedia,Neutral,Lainnya,No,Kerajinan & Pesta,No
barang diterima dgn kondisi baik produknya bagus cocok dan sudah bbrp kali beli,barang terima kondisi produk bagus cocok bbrp beli,unknown,5,Tokopedia,Positive,Bentuk,No,Kesehatan & Kecantikan,No
terima kasih barangnya sudah sampai dgn selamat produknya oke banget packagingnya juga aman recommended banget,terima kasih barang selamat produk oke packagingnya aman recommended,unknown,5,Tokopedia,Positive,Bentuk,No,Hobi & Hiburan,No
paket sampai super cepat barang ori dari official shop gitu lho baru akan digunakan hari ini kalo ada hasilnya aku pesan lagi,paket super cepat barang original official shop gitu lho hasil pesan,unknown,5,Tokopedia,Positive,Bentuk,No,Kesehatan & Kecantikan,No
packagingnya rapi dan aman harganya ok dan bagus sesuai dekripsi,packagingnya rapi aman harga oke bagus sesuai dekripsi,unknown,4,Tokopedia,Positive,Bentuk,No,Kesehatan & Kecantikan,No
pengriman lama bukan dr kurirnya tp sellernya yg lemot krim ke ekspedisi nya dn barang juga kurang 1pcs,rim kurir sellernya lot krim ekspedisi dn barang 1pcs,unknown,1,Tokopedia,Negative,Lainnya,No,Otomotif,No
barang ok sampai lengkap sesuai pesanan pengemasan sangat rapi dan aman pengiriman cepat terima kasih,barang oke lengkap sesuai pesan kemas rapi aman kirim cepat terima kasih,unknown,5,Tokopedia,Positive,Bentuk,No,Kesehatan & Kecantikan,No
sudah kuduga kalau beli banyak pasti ada beberapa yang barangnya dikasih dalam kondisi cacat dan ternyata beneran dong wkwk yang pecah malah barang di urutan ke dari total item yang saya order kualitas barang ternyata hanya plastik tipis tidak sesuai perkiraan saya karena yang ditampilkan toko hanya tampilan depan saja overall i wouldn t recommend this to y all,duga beli barang kasih kondisi cacat beneran wkwk pecah barang urut total item order kualitas barang plastik tipis sesuai kira tampil toko tampil overall wouldn recommend this to all,unknown,1,Tokopedia,Negative,Bentuk,Yes,Perabotan,No
sangat kecewa belanja di toko ini pesan masker yang sampai cuma tolong kalau packing barang sbelum di kirim teliti dlu dong jangan sampai mengecewakan pembeli termasuk saya,kecewa belanja toko pesan masker tolong packing barang sbelum kirim teliti kecewa beli,unknown,1,Tokopedia,Negative,Lainnya,Yes,Fashion,No
barangnya ga sesuai sama gambar ukuran nya kecil kecewa pkoknya,barang sesuai gambar ukur kecewa pkoknya,unknown,1,Tokopedia,Negative,Bentuk,Yes,Hobi & Hiburan,Yes
tidak untuk rekomended suara ancur nois nya kacau nyesel kualitas ga bagus ga kepake,rekomended suara ancur nois kacau nyesel kualitas bagus kepake,unknown,2,Tokopedia,Negative,Bentuk,No,Hobi & Hiburan,No
kiriman sdh sampai proses n pengiriman cepat barang bagus sesuai pesanan n packing rapih terima kasih kak,kirim proses kirim cepat barang bagus sesuai pesan packing rapih terima kasih kak,unknown,5,Tokopedia,Positive,Bentuk,No,Kesehatan & Kecantikan,No
mantul gan u kembang api roman 8shot nya ssuai diskripsi nya pengiriman nya juga cpt maaf telat ulas nya ya gan barng uda di coba mantap tks ya gan sukses selalu,mantap gan kembang api roman 8shot ssuai skripsi kirim cpt maaf telat ulas gan barng uda coba mantap tks gan sukses,unknown,5,Tokopedia,Positive,Rasa,No,Kerajinan & Pesta,No
semuanya bagus tripod nya kokoh pengemasan aman rapih pokoknya seneeeeeng bgt makasih tokopedia,bagus tripod kokoh kemas aman rapih pokok seneeeeeng makasih tokopedia,unknown,5,Tokopedia,Positive,Bentuk,No,Elektronik,No
bentuknya bagus cuman g nyimpen memory kalau mati listrik atau abis batre mesti setting ulang jam tanggal alarm dll,bentuk bagus cuman nyimpen memory mati listrik abis batre mesti setting ulang jam tanggal alarm dll,unknown,2,Tokopedia,Negative,Bentuk,Yes,Perabotan,Yes
packing oke banget ikannya juga mantebbb langganan nih,packing oke ikan mantebbb langgan,unknown,5,Tokopedia,Positive,Lainnya,No,Perawatan Hewan,No
kualitas bahan bagus,kualitas bahan bagus,unknown,4,Tokopedia,Positive,Bentuk,No,Elektronik,No
pelayanan cepat barang sesuai dan service bagus,layan cepat barang sesuai service bagus,unknown,5,Tokopedia,Positive,Bentuk,No,Kesehatan & Kecantikan,No
pda pecah lilin y pekejing y ga aman,pda pecah lilin pekejing aman,unknown,1,Tokopedia,Negative,Lainnya,No,Kerajinan & Pesta,No
sori bahan ternyata jelek malu buat kado ke org mana dudukan pke sterofoam lg,sori bahan jelek malu kado org duduk pke sterofoam lg,unknown,1,Tokopedia,Negative,Bentuk,No,Ibu & Bayi,No
pengiriman kilat cepet banget nyampenya beli malem dan saat itu juga langsung dikirim harga juga jauh lbh murah terima kasih,kirim kilat cepet nyampenya beli malem kirim harga lbh murah terima kasih,unknown,5,Tokopedia,Positive,Harga,No,Kesehatan & Kecantikan,No
packing rapi n aman produk sesuai pesanan seller responsif utk rasa dendeng ny blm dicoba ya mdh an saja enak thanks,packing rapi aman produk sesuai pesan seller responsif dendeng coba mdh an thanks,unknown,5,Tokopedia,Positive,Rasa,No,F&B,No
udah 2x order di sini dengan produk yang sama recommended seller,2x order produk recommended seller,unknown,5,Tokopedia,Positive,Bentuk,No,Kesehatan & Kecantikan,No
produk mantap packingnya bagus,produk mantap packingnya bagus,unknown,5,Tokopedia,Positive,Rasa,No,Hobi & Hiburan,No
produk tiruan cacad gx bisa ricord untuk pembeli lain sebaiknya jangan beli produk ini kalo tidak ingin rugi lebih baik beli merk taffware atau taffstudio yang sudah lama produksi v8 casing boleh sama tp kualitas jauh sekali dri pada buang buang duit clip on aja bisa ricord suara ini suondcard gx bisa product sangat gx jelas,produk tiru cacad gx ricord beli beli produk rugi beli merk taffware taffstudio produksi v8 casing kualitas dri buang buang duit clip on ricord suara suondcard gx product gx,unknown,1,Tokopedia,Negative,Bentuk,Yes,Hobi & Hiburan,No
padahal masih segel orion tp kunci yg seperti difoto tidak ada dalam kemasan coba komplain harus sertakan video unboxing sama kurir ya gak kepikiran sampai situ setahu saya klo produk baru masih segel ya harus jaminan komplit terpaksa harus beli kuncinya sendiri kecewa,segel orion kunci foto kemas coba komplain serta video unboxing kurir pikir situ tahu produk segel jamin komplit paksa beli kunci kecewa,unknown,1,Tokopedia,Negative,Bentuk,Yes,Perabotan,Yes
minta warna coklat dikirim hitam bilangnya ready,warna coklat kirim hitam bilang ready,unknown,1,Tokopedia,Negative,Bentuk,No,Hobi & Hiburan,No
barang jelek mudah sobek,barang jelek mudah sobek,unknown,1,Tokopedia,Negative,Bentuk,No,Hobi & Hiburan,No
pesan warna putih karena yg putih kosong dialihkan ke hitam ee yg datang merah maron pusiiing kayaknya ngak siap melayani,pesan warna putih putih kosong alih hitam ee merah maron pusiiing kayak ngak layan,unknown,3,Tokopedia,Neutral,Bentuk,No,Fashion,No
wanginya ga sesuai harapan kaya bau ikan teri,wangi sesuai harap kaya bau ikan teri,unknown,2,Tokopedia,Negative,Rasa,No,Kesehatan & Kecantikan,No
harga terjangkau tetapi ada dua adaptor yg tidak bisa berfungsi tidak ada power sama sekali setelah di cek engineering saya jg sama sekali tidak bisa di betulkan please check properly before you sent the packages and make sure all the item works,harga jangkau adaptor fungsi power cek engineering betul please check properly before you sent the packages and make sure all the item works,unknown,2,Tokopedia,Negative,Harga,No,Perabotan,No
baguss barangnya original semua lengkap dgn garansi diproses nya juga cepat thank you,baguss barang original lengkap garansi proses cepat thank you,unknown,5,Tokopedia,Positive,Bentuk,No,Fashion,No
pel nya lebih kecil dibanding dengn spin mop merk lain jadi kalo nyimpen ga ngabisin banyak space bahan lumayan tebel,pel banding dengn spin mop merk nyimpen ngabisin space bahan lumayan tebel,unknown,5,Tokopedia,Positive,Bentuk,No,Perabotan,No
korset paling mantap gak gatal dan nutup perut sepenuhnya ga lepas2 juga saat duduk,korset mantap gatal nutup perut sepenuh lepas2 duduk,unknown,5,Tokopedia,Positive,Rasa,No,Ibu & Bayi,No
kurang memuaskan dalam pengiriman,muas kirim,unknown,1,Tokopedia,Negative,Lainnya,No,Otomotif,No
barang bagus pengiriman cepat sayang packaging seada adanya pesanan untuk menambahkan bubble wrap juga tidak diindahkan respon juga tidak bagus,barang bagus kirim cepat sayang packaging ada pesan bubble wrap indah respon bagus,unknown,3,Tokopedia,Neutral,Bentuk,No,Elektronik,No
bagus sekali pengiriman cepat,bagus kirim cepat,unknown,5,Tokopedia,Positive,Bentuk,No,Hobi & Hiburan,No
pengiriman super cepet super recommended bgt cepat mengisi daya terima kasih,kirim super cepet super recommended cepat isi daya terima kasih,unknown,5,Tokopedia,Positive,Lainnya,No,Elektronik,No
barang bagus seller ramah,barang bagus seller ramah,unknown,5,Tokopedia,Positive,Bentuk,No,Elektronik,No
produk tidak sesuai pesan laminasi tapi dikirim tanpa laminasi tulisan buram prosesur pemesanan sangat ribet,produk sesuai pesan laminasi kirim laminasi tulis buram prosesur mesan ribet,unknown,1,Tokopedia,Negative,Bentuk,Yes,Perlengkapan Kantor,No
mainannya rusak gak bisa dipake,main rusak dipake,unknown,1,Tokopedia,Negative,Lainnya,Yes,Hobi & Hiburan,No
sudah sampai tapi tutupnya pecah,tutup pecah,unknown,3,Tokopedia,Neutral,Lainnya,No,Kesehatan & Kecantikan,No
lengkap bagus pengiriman cepat dan tepat terpercayaa nomor seindonesia,lengkap bagus kirim cepat terpercayaa nomor indonesia,unknown,5,Tokopedia,Positive,Bentuk,No,F&B,No
pelayanan gercep dan mantep cuman kualitas suara kurang tapi buat harga 100rban mah mantep,layan gercep mantep cuman kualitas suara harga 100rban mah mantep,unknown,4,Tokopedia,Positive,Harga,No,Elektronik,No
baguus banget puaslah dengan carote ditunggu promo2nya lagi makasih ya,baguus puas carote tunggu promo2nya makasih,unknown,5,Tokopedia,Positive,Harga,No,F&B,No
barangnya kerennnn banget sayangnya bungkusnya hanya plastik biasa shg terkesan kurang premium overall kuereennnn terimakasih,barang kerennnn sayang bungkus plastik shg kes premium overall kuereennnn terimakasih,unknown,5,Tokopedia,Positive,Bentuk,No,Hobi & Hiburan,No
free canister ga dikirim payah kecewah dah males beli disini,free canister kirim payah kecewah dah males beli,unknown,1,Tokopedia,Negative,Lainnya,Yes,F&B,No
sudah langganan beli mini gold disini,langgan beli mini gold,unknown,5,Tokopedia,Positive,Lainnya,No,Lainnya,No
udah punya botol dan refill beli lagi biar dpt botol baru yg ada sticker dermatologically tested nya,botol refill beli biar botol sticker dermatologically tested,unknown,5,Tokopedia,Positive,Lainnya,No,Kesehatan & Kecantikan,No
packaging kurang bisa diperbaiki lagi karena parfum tumpah,packaging baik parfum tumpah,unknown,2,Tokopedia,Negative,Bentuk,No,Kesehatan & Kecantikan,No
pesanan udh selesai apaan orang barang tidak di terima sudah ajukan komplain nungguin lama sampe saiki ga dpt barang malah di minta penilaian barang berat deh,pesan selesai barang terima aju komplain nungguin saiki barang nilai barang berat,unknown,1,Tokopedia,Negative,Bentuk,Yes,Kesehatan & Kecantikan,No
untuk kualitas ternyata sama dengan merk china lain 1080p juga yang harga nya 300rb an bahkan lebih bagus merk lain di 600rb an lalu untuk pengiriman lambat sekali dari official store pesan tgl sampai tgl sehingga saya tdk sempat menggunakan pada zoom meeting dan harus memakai hp cukup kecewa dengan produk dan pelayanan logitech kalau utk keyboard nya dan mouse nya emang cukup bagus bbrp model nya tapi sy kapok beli disini karena barang akan hanya di proses bbrp jam sblm pembatalan walaupun pesan nya di hari biasa,kualitas merk china 1080p harga 300rb an bagus merk 600rb an kirim lambat official store pesan tgl tgl zoom meeting pakai hp kecewa produk layan logitech keyboard mouse bagus bbrp model kapok beli barang proses bbrp jam sblm batal pesan,unknown,1,Tokopedia,Negative,Bentuk,Yes,Elektronik,Yes
rendangnya lembut n enak bngett pengiriman cepat rekomended deh,rendang lembut bngett kirim cepat rekomended,unknown,5,Tokopedia,Positive,Rasa,No,F&B,No
saya pesan yg donat sudah lewat sms tapi yg dikirim yg ikan saya kecewa sebab kucing saya gak doyan saya udah bilang gak apa apa pakai kantong polos saya kecewaaaaaa,pesan donat sms kirim ikan kecewa kucing doyan bilang pakai kantong polos kecewaaaaaa,unknown,1,Tokopedia,Negative,Lainnya,Yes,Perawatan Hewan,Yes
layanan sangat memuaskan seller rekomended,layan muas seller rekomended,unknown,5,Tokopedia,Positive,Lainnya,No,Elektronik,No
repurchase ke sangat puas dengan barang dan respon seller nya udah gitu selalu dapat bonus terima kasih,repurchase puas barang respon seller gitu bonus terima kasih,unknown,5,Tokopedia,Positive,Lainnya,No,Kesehatan & Kecantikan,No
barang sampah ini tidak seharusnya dikirimkan ke alamat saya akan tetapi di tong sampah sangat mengecewakan admin tidak merespon sama sekali chat saya lihat barang yg dikirimkan ada dead pixel lalu layar monitornya kebalik sangat mengecewakan catatan buat teman teman yg ingin beli monitor ini tidak ada audio speakernya kualitas layar juga kurang baik jika ada rejeki lebih belilah dengan merek yg bagus saya sangat menyesal belanja di sini saya tidak merekomendasikan belanja disini,barang sampah kirim alamat tong sampah kecewa admin merespon chat barang kirim dead pixel layar monitor balik kecewa catat teman teman beli monitor audio speakernya kualitas layar rejeki bilah merek bagus sesal belanja rekomendasi belanja,unknown,1,Tokopedia,Negative,Bentuk,Yes,Elektronik,No
selalu terdepan response sangat cepat barang dikirim sangat cepat sukses selalu,depan response cepat barang kirim cepat sukses,unknown,5,Tokopedia,Positive,Lainnya,No,Kesehatan & Kecantikan,No
awal saya chat seller sudah kecewa karena seller sangat tidak ramah ketika barang datang saya kecewa melihat pengemasan hanya menggunakan kertas bekas lapis dan plastik buku yg ada di dalam pun dalam kondisi kotor,chat seller kecewa seller ramah barang kecewa kemas kertas bekas lapis plastik buku kondisi kotor,unknown,1,Tokopedia,Negative,Bentuk,Yes,Hobi & Hiburan,Yes
padahal add kardus tp gak dikasih dan packingan dari kurir jg udah robek,add kardus kasih packingan kurir robek,unknown,1,Tokopedia,Negative,Lainnya,No,Kerajinan & Pesta,No
kualitas barang sesuai dengan harganya cukup bagus hanya dibagian saat memasang kepala untuk pegangan ponsel saja yg sedikit harus menekan kepalanya ke bagian mur nya,kualitas barang sesuai harga bagus bagi pasang kepala pegang ponsel tekan kepala mur,unknown,4,Tokopedia,Positive,Bentuk,No,Elektronik,No
ga ngerti kenapa bagian karetnya melilit dan ga bisa dilurusin udah nyoba diputer puter tapi tetep ga bisa sedih asli,ngerti karet lilit dilurusin nyoba puter puter tetep sedih asli,unknown,2,Tokopedia,Negative,Bentuk,No,Ibu & Bayi,No
respon seller lambat hari dl baru barang dikirim,respon seller lambat barang kirim,unknown,1,Tokopedia,Negative,Lainnya,No,Lainnya,No
tidak menerawang mudah dibentuk nyaman dipakai jahitan rapi bahannya adem,terawang mudah bentuk nyaman pakai jahit rapi bahan adem,unknown,5,Tokopedia,Positive,Bentuk,No,Fashion,No
begitu sampe langsung dibuat kreasi anak2 seneng bgt pengiriman jg cepat makasih seller,kreasi anak2 neng kirim cepat makasih seller,unknown,5,Tokopedia,Positive,Lainnya,No,Hobi & Hiburan,No
karungnya super tipis tidak sesuai di gambar,karung super tipis sesuai gambar,unknown,1,Tokopedia,Negative,Bentuk,Yes,Lainnya,Yes
mic tdk berfungsi dgn baik rusak gak bunyi,mic fungsi rusak bunyi,unknown,1,Tokopedia,Negative,Lainnya,Yes,Hobi & Hiburan,No
bagus bisa nempel di kayu,bagus nempel kayu,unknown,5,Tokopedia,Positive,Bentuk,No,Kerajinan & Pesta,No
proses dari pembelian ke pengiriman lamaaaaaaaaaaa admin gak sopan slow respon ancur parah nihh toko,proses beli kirim lamaaaaaaaaaaa admin sopan slow respon ancur parah nihh toko,unknown,1,Tokopedia,Negative,Lainnya,Yes,Perawatan Hewan,No
barangnya cukup bagus,barang bagus,unknown,4,Tokopedia,Positive,Bentuk,No,Kesehatan & Kecantikan,No
micnya bagus sayang mini tripodnya ringkih banget punya saya sudah patah btw saya beli mau coba saya gunakan mics dlm pc di mac os micnya terdetect hanya jadi device saja karena product id yg sama walau sudah di colok 22nya semoga ada update firmware terkait ini krn di beberapa usb mic lain devicenya otomatis terdetect walau dipasang usb mic secara bersamaan,micnya bagus sayang mini tripod ringkih patah btw beli coba mics dlm pc mac os micnya terdetect device product id colok 22nya moga update firmware kait usb mic devicenya otomatis terdetect pasang usb mic sama,unknown,5,Tokopedia,Positive,Bentuk,No,Hobi & Hiburan,No
setelah hari penantian akhirnya tiba juga barang udah di cek kondisi baterai aman charger aman all safe terima kasih,nanti barang cek kondisi baterai aman charger aman all safe terima kasih,unknown,5,Tokopedia,Positive,Lainnya,No,Elektronik,No
ahannya bagus model juga unik cakep adminnya sangat ramah serta cepat responnya terima kasih triple w official,ahannya bagus model unik cakep adminnya ramah cepat responnya terima kasih triple official,unknown,5,Tokopedia,Positive,Bentuk,No,Perabotan,No
ga bisa nyala mati2 suaranya,nyala mati2 suara,unknown,1,Tokopedia,Negative,Lainnya,Yes,Elektronik,No
sukaaaa banget banget banget bangeeeeettt,sukaaaa bangeeeeettt,unknown,5,Tokopedia,Positive,Lainnya,No,Kesehatan & Kecantikan,No
barang sampe cepat packaging rapi dan aman cuma sayang bbrp fitur seperti tombol trigger dan ai lock nya ga bisa tanya ke toko mesti hub garansinya toko ga bisa bantu mohon maaf ya kasih bintangnya karena saya kurang puas trimakasih,barang cepat packaging rapi aman sayang bbrp fitur tombol trigger ai lock toko mesti hub garansi toko bantu maaf kasih bintang puas trimakasih,unknown,3,Tokopedia,Neutral,Bentuk,No,Elektronik,No
barangnya gajelas masa beli dikirim dua,barang gajelas beli kirim,unknown,1,Tokopedia,Negative,Lainnya,No,Perlengkapan Kantor,No
barang pecah dikirim,barang pecah kirim,unknown,1,Tokopedia,Negative,Lainnya,No,Perlengkapan Kantor,No
saya kecewa di tunggu tidak ada respon yg baik dari penjual nya,kecewa tunggu respon jual,unknown,1,Tokopedia,Negative,Lainnya,Yes,Hobi & Hiburan,Yes
packingnya rapihh bangetttt aman perjalanan jabodetabek,packingnya rapihh bangetttt aman jalan jabodetabek,unknown,5,Tokopedia,Positive,Bentuk,No,Kesehatan & Kecantikan,No
barang sesuai deskripsi produk original mudah dipasang barang oke kiriman cepat original no ongkir dari tokopedia barang sesuai pesanan seller mantap paking paling amaan senteso enak belanja ditokopedia dapaat bebas ongkir bebas ongkir extra,barang sesuai deskripsi produk original mudah pasang barang oke kirim cepat original no ongkos kirim tokopedia barang sesuai pesan seller mantap paking ama senteso belanja ditokopedia dapaat bebas ongkos kirim bebas ongkos kirim extra,unknown,5,Tokopedia,Positive,Bentuk,No,Perabotan,No
butuh cepet di kirim lama di respon pun lama yang jual amanah brather jujur nyesel gw beli di toko ini,butuh cepet kirim respon jual amanah brather jujur nyesel beli toko,unknown,1,Tokopedia,Negative,Lainnya,No,Perlengkapan Kantor,No
order hitam dikirim biru ditanya tidak ada respons sama sekali,order hitam kirim biru respons,unknown,1,Tokopedia,Negative,Bentuk,No,Perlengkapan Kantor,No
pengiriman cepat packing aman,kirim cepat packing aman,unknown,5,Tokopedia,Positive,Lainnya,No,Lainnya,No
produknya bagus sesuai dengan harapan,produk bagus sesuai harap,unknown,5,Tokopedia,Positive,Bentuk,No,Perawatan Hewan,No
tidak terlalu nempel dan susah nempel di dashboard,nempel susah nempel dashboard,unknown,2,Tokopedia,Negative,Lainnya,No,Elektronik,No
bahan bagus dengan harga terjangkau,bahan bagus harga jangkau,unknown,5,Tokopedia,Positive,Harga,No,Kesehatan & Kecantikan,No
mesen yg datang hnya saja yg satu bosnya kosong ngk ada isinya,mesen hnya bos kosong ngk isi,unknown,1,Tokopedia,Negative,Lainnya,No,Otomotif,No
pembelian ke rada kecewa baut pegangan uda doll nih drat nya sudah di kencangkan baut nya tp ttp pegangan nya goyah gak kokoh produk reject,beli rada kecewa baut pegang uda doll drat kencang baut ttp pegang goyah kokoh produk reject,unknown,2,Tokopedia,Negative,Rasa,Yes,F&B,Yes
exp april saya beli total kurang lebih 48pcs buat di jual lagi klo tau exp dekat g akan ambil sudah ini dpt zonk segitu banyak mo dipakai sendiri g bakal habis sampai exp,exp april beli total 48pcs jual tau exp ambil zonk segitu mo pakai habis exp,unknown,1,Tokopedia,Negative,Lainnya,No,Kesehatan & Kecantikan,No
semoga cepat awet barang sesuai,moga cepat awet barang sesuai,unknown,4,Tokopedia,Positive,Bentuk,No,Elektronik,No
parah sekali pengiriman barang kurang masih gak percaya sama konsumen malas belanja lagi walaupun dapat hadiah free percuma yg free gak di kirim,parah kirim barang percaya konsumen malas belanja hadiah free free kirim,unknown,1,Tokopedia,Negative,Bentuk,Yes,Kesehatan & Kecantikan,No
barang pertama yang pertama pesan sama2 leging dengan kode item yang sama tapi kedua kalinya saya pesan barang berbeda bahan berbeda kecewa sekali,barang pesan sama2 leging kode item kali pesan barang beda bahan beda kecewa,unknown,2,Tokopedia,Negative,Bentuk,Yes,Ibu & Bayi,Yes
barang original beli yg asia dpt reg asia jpn overall lancar udh seminggu pakai normal barang bener mulus dan ori bagus smoga awet terus tingkatkan pelayanan nya gan,barang original beli asia reg asia jpn overall lancar minggu pakai normal barang bener mulus original bagus smoga awet tingkat layan gan,unknown,5,Tokopedia,Positive,Bentuk,No,Elektronik,No
pengiriman cepat berfungsi tapi harus dikaretin klo ngga longgar jadi ngga bisa di pake,kirim cepat fungsi dikaretin longgar pake,unknown,2,Tokopedia,Negative,Bentuk,No,Elektronik,No
speaker dan mic nya ga bunyi,speaker mic bunyi,unknown,2,Tokopedia,Negative,Lainnya,No,Hobi & Hiburan,No
low quality harga nggak berbohong,low quality harga bohong,unknown,2,Tokopedia,Negative,Harga,Yes,Perabotan,No
barang cepat datang respon penjual bagus dan semoga bisa,barang cepat respon jual bagus moga,unknown,5,Tokopedia,Positive,Bentuk,No,Hobi & Hiburan,No
pelayanan lambat beli tgl baru sampai tgl setiap di trace selalu gagal pickup katanya lg maintenance tp ga bilang ke pelanggannya sangat mengecewakan,layan lambat beli tgl tgl trace gagal pickup lg maintenance bilang langgan kecewa,unknown,1,Tokopedia,Negative,Lainnya,Yes,Kesehatan & Kecantikan,No
masker tertipis yang pernah saya beli,masker tip beli,unknown,2,Tokopedia,Negative,Bentuk,No,Kesehatan & Kecantikan,No
pengiriman cepat cma packingnya ndak rapi trus barangnya mudah patah blom di pkai sudah patah,kirim cepat cma packingnya ndak rapi trus barang mudah patah blom pkai patah,unknown,3,Tokopedia,Neutral,Bentuk,No,Elektronik,No
barang bagus packing rapih dan aman harga murah pegiriman cepat thank u seller,barang bagus packing rapih aman harga murah pegiriman cepat thank seller,unknown,5,Tokopedia,Positive,Bentuk,No,Ibu & Bayi,No
barang sesuai pesanan mantap dipakai sdh prnh pny sblmny tp ilang makany beli lg barang yg sama triger super awet dn oke bs sgala jenis smartphone tebal gw salut sm kecepatan proses kemasan dn waktu kirimny toko ini rekomen bgt bsk gw beli lg dehh,barang sesuai pesan mantap pakai prnh pny sblmny ilang makany beli lg barang triger super awet dn oke bs sgala jenis smartphone tebal salut sm cepat proses kemas dn waktu kirimny toko rekomen bsk beli lg dehh,unknown,5,Tokopedia,Positive,Bentuk,No,Elektronik,No
celananya kekecilan sayang amet,celana kecil sayang amet,unknown,3,Tokopedia,Neutral,Bentuk,No,Fashion,No
sangat kecewaaaa bangett pengiriman barang lamaaaaaa sekaliii tidak sesuai dengan waktu estimasi nya dan melebihi sampe hari lebihhh dari waktu estimasi nya kecewaaaa,kecewaaaa bangett kirim barang lamaaaaaa sekaliii sesuai waktu estimasi lebih lebihhh waktu estimasi kecewaaaa,unknown,1,Tokopedia,Negative,Bentuk,Yes,Lainnya,No
kantong sampahnya tebel ga bocor ga rembes kualitas oke banget saya selalu beli disini,kantong sampah tebel bocor rembes kualitas oke beli,unknown,5,Tokopedia,Positive,Bentuk,No,Perabotan,No
wah alhamdulillah sampai dengan aman bubble wrap tebal banget suka sama modelnya kelihatan mevvah banget juara seller,alhamdulillah aman bubble wrap tebal suka model mevvah juara seller,unknown,5,Tokopedia,Positive,Bentuk,No,Fashion,No
kualitas barang sangat bagus produksi terbaru kemasan sederhana seller cepat menanggapi,kualitas barang bagus produksi baru kemas sederhana seller cepat tanggap,unknown,5,Tokopedia,Positive,Bentuk,No,Lainnya,No
produk sesuai deskripsi recommended,produk sesuai deskripsi recommended,unknown,5,Tokopedia,Positive,Bentuk,No,Perawatan Hewan,No
terima kasih banyak telah melayani dengan baik semua products bagus packaging nya aman products sesuai foto harga bersaing dengan bagus pengiriman cepat tepat very recommended shop seller next pasti akan sering blanja lagi di sini deh semoga semakin maju sukses ya,terima kasih layan products bagus packaging aman products sesuai foto harga saing bagus kirim cepat very recommended shop seller next blanja moga maju sukses,unknown,5,Tokopedia,Positive,Bentuk,No,F&B,No
microphone tidak bekerja sisi kiri kurang bassnya,microphone sisi kiri bassnya,unknown,4,Tokopedia,Positive,Lainnya,No,Elektronik,No
baru kali ini beli di toped pelayanan mengecewakan sekali jasa pengiriman diganti tanpa pemberitahuan dan akhirnya pengiriman telat payah,beli toped layan kecewa jasa kirim ganti pemberitahuan kirim telat payah,unknown,1,Tokopedia,Negative,Lainnya,Yes,Otomotif,Yes
thanks barangnya bagus bgt dan packingnya rapi tekomended,thanks barang bagus packingnya rapi tekomended,unknown,5,Tokopedia,Positive,Bentuk,No,Kerajinan & Pesta,No
barang sesuai deskripsi pengiriman cepat recommended seller,barang sesuai deskripsi kirim cepat recommended seller,unknown,5,Tokopedia,Positive,Bentuk,No,Hobi & Hiburan,No
brg sampai packing oke cocok bt kado ada bonus dompet koin,brg packing oke cocok bt kado bonus dompet koin,unknown,5,Tokopedia,Positive,Lainnya,No,Hobi & Hiburan,No
kecewa krn pd saat brg tsb sampai kami tdk ada dirmh dan oleh kurir paketnya dilempar yg mengakibatkan bodi wajan tsb penyok,kecewa brg tsb dirmh kurir paket lempar akibat bodi wajan tsb penyok,unknown,2,Tokopedia,Negative,Lainnya,Yes,F&B,Yes
kecewa bagt barang yg di kirim tidak sesuai masih kurang lagi padahal uda langganan ko malah kecewain gitu uda komplin ko malah ga respon ya,kecewa bagt barang kirim sesuai uda langgan ko kecewain gitu uda komplin ko respon,unknown,1,Tokopedia,Negative,Bentuk,Yes,Perawatan Hewan,Yes
barang bagus dan layanan bagus,barang bagus layan bagus,unknown,5,Tokopedia,Positive,Bentuk,No,Perawatan Hewan,No
udah pernah beli ini sebelumnya dan udah abis jd skrg beli lagi makasih ka,beli abis jd skrg beli makasih ka,unknown,5,Tokopedia,Positive,Lainnya,No,Perawatan Hewan,No
proses cepat kartu sim card dapat digunakan di pulau jeju dengan lancar tanpa ada halangan makasih kenikura,proses cepat kartu sim card pulau jeju lancar halang makasih kenikura,unknown,5,Tokopedia,Positive,Lainnya,No,Hobi & Hiburan,No
barang tidak berfungsi tidak bisa jalan,barang fungsi jalan,unknown,1,Tokopedia,Negative,Lainnya,Yes,Hobi & Hiburan,No
pelayanan sangat memuaskan dan memberikan yang terbaik penjual sangat responsif untuk menjelaskan kalau di tanyain,layan muas baik jual responsif tanyain,unknown,5,Tokopedia,Positive,Lainnya,No,Elektronik,No
padahal udh atc bubble tapi gaada paraaaaah tolong perbaikin biar pembeli puas,atc bubble gaada paraaaaah tolong perbaikin biar beli puas,unknown,1,Tokopedia,Negative,Lainnya,No,Lainnya,Yes
enak bgt cepet sampe,cepet,unknown,5,Tokopedia,Positive,Rasa,No,F&B,No
respon cepat segera diproses pengiriman rapi cepat piyama sesuai nyaman digunakan adminnya ada inisiatif untuk mengirimkan warna piyama yang berbeda,respon cepat proses kirim rapi cepat piyama sesuai nyaman adminnya inisiatif kirim warna piyama beda,unknown,5,Tokopedia,Positive,Bentuk,No,Fashion,No
komunikasi dan response seller cepet banget packing rapi dan aman recommended deh,komunikasi response seller cepet packing rapi aman recommended,unknown,5,Tokopedia,Positive,Bentuk,No,Kesehatan & Kecantikan,No
barang ga sesuai sama permintaan pdhl udh chat dl an untuk memastikan pesenan motif dan adh di ok in tp alah yg dtg tdk sesuain,barang sesuai minta pdhl chat an sen motif adh oke in alah dtg sesuain,unknown,1,Tokopedia,Negative,Bentuk,No,Fashion,No
baru dipakai bulan sudah rusak,pakai rusak,unknown,1,Tokopedia,Negative,Lainnya,Yes,Elektronik,No
barang bagus sesuai expectasi nih order lagi keep up the best quality and service,barang bagus sesuai expectasi order keep up the best quality and service,unknown,5,Tokopedia,Positive,Bentuk,No,Hobi & Hiburan,No
produk yg dikirim awal tidak dapat berfungsi dengan semestinya meskipun sdh dikirimkan lg produk lainnya selain itu seller sangat tidak layak menjadi official store pengiriman barang tidak sesuai dengan jadwal yang dijanjikan di deskripsi sistem tokped selain itu sangat slow response seller ini not recommended,produk kirim fungsi mesti kirim lg produk seller layak official store kirim barang sesuai jadwal janji deskripsi sistem tokped slow response seller not recommended,unknown,1,Tokopedia,Negative,Bentuk,Yes,Elektronik,Yes
barang sesuai dan bagus,barang sesuai bagus,unknown,5,Tokopedia,Positive,Bentuk,No,Ibu & Bayi,No
respon penjualnya top proses pesanan cepat packaging rapi packaging aman penjualnya ramah banget,respon jual top proses pesan cepat packaging rapi packaging aman jual ramah,unknown,5,Tokopedia,Positive,Bentuk,No,Kesehatan & Kecantikan,No
bangkai yg ada sdh pd mati semuanyaaa,bangkai mati semuanyaaa,unknown,1,Tokopedia,Negative,Lainnya,Yes,Perawatan Hewan,No
ini bukan kaos kaki tidak ada tumitnya sekali pakai langsung melar,kaos kaki tumit pakai melar,unknown,1,Tokopedia,Negative,Lainnya,No,Fashion,No
kenapa dikirim yg robek begini apa ga dicek dulu sblm dikirimmurah sih emg tp jgn barang rusak yg dikirim min,kirim robek cek sblm dikirimmurah emg jgn barang rusak kirim min,unknown,1,Tokopedia,Negative,Harga,Yes,Fashion,No
pengirimannya cepat packingannya bgs,kirim cepat packingannya bagus,unknown,5,Tokopedia,Positive,Lainnya,No,Kesehatan & Kecantikan,No
agak penyok dikit yg sebelah kiri usb gak berfungsi jadi mesti ganti usb sendiri,penyok dikit belah kiri usb fungsi mesti ganti usb,unknown,3,Tokopedia,Neutral,Lainnya,No,Elektronik,No
jelek banget gak bisa di pakai ini mah maskernya berbulu bisa dilihat foto tsb,jelek pakai mah masker bulu foto tsb,unknown,1,Tokopedia,Negative,Bentuk,No,Otomotif,No
maaf agak kecewa saya pengguna baru dari farhampton awalnya saya beli tester 150rb isi tester farhampton buat saya jatuh cinta langsung saat itu beli yg 100ml ternyata pas sampai ketahanan dan projectionnya kalah jauh dari testernya walaupun wanginya sama dan tenyata saya cuma jatuh cinta sama testernya saja wanginya tetap ok,maaf kecewa guna farhampton beli tester 150rb isi tester farhampton jatuh cinta beli 100ml pas tahan projectionnya kalah tester wangi tenyata jatuh cinta tester wangi oke,unknown,1,Tokopedia,Negative,Bentuk,Yes,Kesehatan & Kecantikan,No
tidak sesuai pesanan pesan warna merah putih yg dikirim warna lain,sesuai pesan pesan warna merah putih kirim warna,unknown,1,Tokopedia,Negative,Bentuk,Yes,Perawatan Hewan,No
produk sdg smp dan sy tes tp tidak terbaca fast charging di hp,produk sdg smp tes baca fast charging hp,unknown,3,Tokopedia,Neutral,Lainnya,No,Elektronik,No
wajar lah harga segitu mah baguss,wajar harga segitu mah baguss,unknown,5,Tokopedia,Positive,Harga,No,Fashion,No
barangnya sesuai pesanan dan bagus banget tapi ada satu yg agak aus samping luar nya karena packibg kebuka,barang sesuai pesan bagus aus samping packibg buka,unknown,4,Tokopedia,Positive,Bentuk,No,Hobi & Hiburan,No
saran buat toko kalau bisa pengiriman nya jangan lewat antaraja kalau bisa disarankan pegiriman nya lewat yg lain aja,saran toko kirim antaraja saran pegiriman,unknown,1,Tokopedia,Negative,Lainnya,No,Elektronik,No
kecewa banget waktu datang plastik seal ga rapet dan dialamnya banyak banget semut banyak banget komplain ke penjual malahan ga di tanggep bilangnya ga mungkin ada semut malahan komplain pembeli alasan ini itu mana mungkin sih ga di semutin ini aja goji berrynya ga kering packingnya penuh angin gitu ga seal rapet hey penjual jangan lupa tuh customer service walaupun jualan bisa salah paling ga bisa bilang sorry atau ikut prihatin tapi jangan seperti penjual ini malahan ga peduli begitu parah banget gila jarang mau tulis panjang2 ribet apalagi beli barang yang simple2 gini tapi ini keterlaluan banget ga recommend terakhir mau urusan sama nih toko,kecewa waktu plastik seal rapet alam semut komplain jual tanggep bilang semut komplain beli alas semutin goji berrynya kering packingnya penuh angin gitu seal rapet hey jual lupa tuh customer service jual salah bilang sorry prihatin jual peduli parah gila jarang tulis panjang2 ribet beli barang simple2 gin recommend urus toko,unknown,1,Tokopedia,Negative,Bentuk,Yes,Kesehatan & Kecantikan,Yes
barang sudah diterima dengan baik tidak ada yang bocor tumpah diwrapping bubble dengan aman,barang terima bocor tumpah diwrapping bubble aman,unknown,5,Tokopedia,Positive,Lainnya,No,Kesehatan & Kecantikan,No
udh lama gak makan kali ini bnykan sounnya daging ayamnya lmyn gak kliatan sambel ttp enak pcking aman respon cepat,makan bnykan soun daging ayam lmyn kliatan sambel ttp pcking aman respon cepat,unknown,5,Tokopedia,Positive,Rasa,No,F&B,No
penjual tidak amanah minta masker warna abu dan hitam di kirim abu semua,jual amanah masker warna abu hitam kirim abu,unknown,1,Tokopedia,Negative,Bentuk,No,Otomotif,No
hancur patah patah semua,hancur patah patah,unknown,1,Tokopedia,Negative,Lainnya,Yes,F&B,No
bahan adem tapi tipis sekali terawang klo dipakai sesuai dg harga lah bahannya adem,bahan adem tipis terawang pakai sesuai dg harga bahan adem,unknown,3,Tokopedia,Neutral,Bentuk,No,Fashion,No
jamnya bagus banget produk sesuai dengan foto nyaman dipakai,jam bagus produk sesuai foto nyaman pakai,unknown,4,Tokopedia,Positive,Bentuk,No,Fashion,No
bgs bgt anak2 suka sekali terimakasih,bagus anak2 suka terimakasih,unknown,5,Tokopedia,Positive,Lainnya,No,Hobi & Hiburan,No
pelayanan terburuk selama belanja di tokopedia pengiriman lama sekali order tgl juli barang baru tiba tgl agustus order saya baru dikonfirmasi dan diproses tgl agustus sedangkan estimasi barang tiba itu tgl agustus itupun dikonfirmasi dan diproses karena saya tanya 2x ke cs pagi ini saya complaint ke cs kalau mereka tidak telat konfirmasi proses dan kirim pasti order saya jg ngga akan telat yg ada saya disuruh cek resi sungguh keterlaluan saya baca review toko official ini dan hampir semua yg kasih bad review karena masalah yang sama dengan saya tolong ya kepada manajemen toko official deli stationary benahin operasionalnya dan di training lagi cs nya biar lebih pinter lagi menanggapi customer ngga usah pake embel2 toko official kalo pelayanannya merugikan customer,layan buruk belanja tokopedia kirim order tgl juli barang tgl agustus order konfirmasi proses tgl agustus estimasi barang tgl agustus itu konfirmasi proses 2x cs pagi complaint cs telat konfirmasi proses kirim order telat suruh cek resi sungguh baca review toko official kasih bad review tolong manajemen toko official deli stationary benahin operasional training cs biar pinter tanggap customer pake embel2 toko official layan rugi customer,unknown,1,Tokopedia,Negative,Bentuk,Yes,Kerajinan & Pesta,No
penggunaan di hp samsung kualitas suara baik kualitas mic standar menuju buruk suara harus keras baru bisa terdengar oleh lawan bicara pengguanan di macbook ketika terhubung kualitas suara baik namun selalu terputus tidak stabil koneksinya sehingga tidak bisa digunakan buat temen temen yang perlu connect ke laptop gitu mending cari tws lain deh soalnya koneksinya ke laptop enggak stabil sekian,hp samsung kualitas suara kualitas mic standar buruk suara keras dengar lawan bicara pengguanan macbook hubung kualitas suara putus stabil koneksi temen temen connect laptop gitu mending cari tws koneksi laptop stabil sekian,unknown,2,Tokopedia,Negative,Rasa,Yes,Elektronik,Yes
kurang suka wangi lemon grass terasa panas saat terhirup,suka wangi lemon grass panas hirup,unknown,3,Tokopedia,Neutral,Rasa,No,Kesehatan & Kecantikan,No
barang original packaging aman,barang original packaging aman,unknown,4,Tokopedia,Positive,Bentuk,No,Hobi & Hiburan,No
jujur sy ragu dalam box tidak ada plastik masih kalah sama yg di bwh sensi ya lebih ke higienisnya sih,jujur ragu box plastik kalah bwh sensi higienis,unknown,3,Tokopedia,Neutral,Bentuk,No,Kesehatan & Kecantikan,No
baru sekali pake pas dicuci robek,pake pas cuci robek,unknown,4,Tokopedia,Positive,Bentuk,No,Kesehatan & Kecantikan,No
gantungannya sangat tipis dan rentan patah hari pakai sudah rusak,gantung tipis rentan patah pakai rusak,unknown,1,Tokopedia,Negative,Bentuk,Yes,Kerajinan & Pesta,No
recommended fast print fast response,recommended fast print fast response,unknown,5,Tokopedia,Positive,Lainnya,No,Elektronik,No
belum sebulan pemakaian lampu pada jam dan indikatornya sudah mati dan tidak berfungsi lagi padahal jam tidak pernah jatuh atau terkena percikan air sebelum mati jam hanya bisa menyala paling lama hari setelah batre dicas penuh jadi tidak sesuai dengan iklannya yg bisa bertahan belasan hari,bulan pakai lampu jam indikator mati fungsi jam jatuh kena percik air mati jam nyala batre cas penuh sesuai iklan tahan bas,unknown,2,Tokopedia,Negative,Bentuk,Yes,Perabotan,No
barangnya original berfungsi dengan baik,barang original fungsi,unknown,5,Tokopedia,Positive,Bentuk,No,Elektronik,No
beli brg sale pengiriman via grabsend tapiii dimintain biaya parkir sm driver nya aneh bgt,beli brg sale kirim via grabsend tapiii dimintain biaya parkir sm driver aneh,unknown,1,Tokopedia,Negative,Harga,No,Kerajinan & Pesta,No
salah kasih wrna ak pesen brown yang datang grey huhu,salah kasih wrna sen brown grey huhu,unknown,3,Tokopedia,Neutral,Lainnya,No,Kesehatan & Kecantikan,No
bagus original suara lumayan semua touch control nya berfungsi dengan baik batre lumayan awet,bagus original suara lumayan touch control fungsi batre lumayan awet,unknown,4,Tokopedia,Positive,Bentuk,No,Elektronik,No
fix aku cinta sama ini produk bahannya solid dan bekerja sesuai deskripsi bakal beli lagi,fix cinta produk bahan solid sesuai deskripsi beli,unknown,5,Tokopedia,Positive,Bentuk,No,Perabotan,No
admin slow response konfirmasi ketersediaan barang lama sekali bonus gift yg dikirim juga ga sesuai,admin slow response konfirmasi sedia barang bonus gift kirim sesuai,unknown,1,Tokopedia,Negative,Bentuk,No,Kesehatan & Kecantikan,No
nggak fungsi pisaunya ditusuk semua ke dalam tong tapi kepalanya tetap stay,fungsi pisau tusuk tong kepala stay,unknown,1,Tokopedia,Negative,Lainnya,No,Hobi & Hiburan,No
pengiriman cepat kualitas sangat bagus gak ada yg cacat packingan sangat kuat dan rapih kokoh banget gak nyangka gede banget tks sukses selalu,kirim cepat kualitas bagus cacat packingan kuat rapih kokoh nyangka gede tks sukses,unknown,5,Tokopedia,Positive,Bentuk,No,Hobi & Hiburan,No
barang sampah bilang authentic ternyata barang kw saya beli box sudah saya tanyakan kepastian katanya authentic saya pakai baru berapa jam sudah pahit barang kw semua,barang sampah bilang authentic barang palsu beli box pasti authentic pakai jam pahit barang palsu,unknown,1,Tokopedia,Negative,Bentuk,No,Lainnya,No
aroma bikin pusing,aroma bikin pusing,unknown,1,Tokopedia,Negative,Rasa,No,Kesehatan & Kecantikan,No
seller jelek ga recommended mending ga usah belanja disini,seller jelek recommended mending belanja,unknown,1,Tokopedia,Negative,Bentuk,No,Hobi & Hiburan,No
jasa pengiriman nya di ganti tanpa konfirmasi kurang memuaskan,jasa kirim ganti konfirmasi muas,unknown,3,Tokopedia,Neutral,Lainnya,No,Hobi & Hiburan,No
dalam kondisi mati lampu hijaunya tetap hidup sampai sampai batrainya berkurang tampa di pakai,kondisi mati lampu hijau hidup batrainya kurang tampa pakai,unknown,1,Tokopedia,Negative,Lainnya,Yes,Elektronik,No
sedikit ada kendala tapi semuanya sudah normal kembali makasih respon toko percakapan baik,kendala normal makasih respon toko cakap,unknown,4,Tokopedia,Positive,Lainnya,No,Elektronik,No
barang sesuai deskripsi pengiriman cepat seller responship dan ramahterimakasih seller dan tokopedia,barang sesuai deskripsi kirim cepat seller responship ramahterimakasih seller tokopedia,unknown,5,Tokopedia,Positive,Bentuk,No,Perlengkapan Kantor,No
selangnya longar untuk pianika yamaha original jadinya gak bisa dipake,selang longar pianika yamaha original dipake,unknown,1,Tokopedia,Negative,Bentuk,No,Hobi & Hiburan,No
bagus kokoh sellernya ramah beut eyyy puas deh bakal repurchase lagi,bagus kokoh sellernya ramah beut eyyy puas repurchase,unknown,5,Tokopedia,Positive,Bentuk,No,Hobi & Hiburan,No
mana gak ada bubble wrapnya,bubble wrapnya,unknown,1,Tokopedia,Negative,Lainnya,No,Lainnya,No
bintang yang berbicara,bintang bicara,unknown,5,Tokopedia,Positive,Lainnya,No,Lainnya,No
ukurannya sesuai anak saya bahannya bagus anak saya suka makasih ya,ukur sesuai anak bahan bagus anak suka makasih,unknown,5,Tokopedia,Positive,Bentuk,No,Fashion,No
di aplikasinya gak bisa kelihatan kalo pintu lagi ke buka atau enggak tapi automationnya lumayan lengkapnlah,aplikasi pintu buka automationnya lumayan lengkapnlah,unknown,3,Tokopedia,Neutral,Rasa,No,Elektronik,No
agak kecewa beli pcs di ksh yg exp bln semua,kecewa beli pcs ksh exp bln,unknown,3,Tokopedia,Neutral,Lainnya,No,Kesehatan & Kecantikan,No
cepet bgt sampai packing termat sangat aman dan tdk bocor bubble wrap tebellll sekali blm dicoba semoga bermanfaat dengan baik,cepet packing mat aman bocor bubble wrap tebellll coba moga manfaat,unknown,5,Tokopedia,Positive,Lainnya,No,Perawatan Hewan,No
bagus sesuai gambar mantapp,bagus sesuai gambar mantapp,unknown,5,Tokopedia,Positive,Bentuk,No,Fashion,No
kurang penjual kurang teliti atau sengaja,jual teliti sengaja,unknown,3,Tokopedia,Neutral,Lainnya,No,Lainnya,No
pesan abu abu yg dtg pink yakali bapak pake pink kalo mmg abu abu habis ada loh fitur chat untuk konfirmasi ke pembeli bersedia ganti warna atau tidak3 kardus rusak barang lama dijual kembali penjual tidak meminta maaf atas kesalahan yg dilakukan dan tidak memberikan solusi atas kekeliruan yg terjadi penjual prosesnya lama banget beli jumat pagi diproses senin alasannya sabtu minggu libur kayak pns ya barangnya gak nyaman banget sakit kalo dipake terutama di bagian panggul kesimpulannya not recommended seller at all,pesan abu abu dtg pink yakali pake pink mmg abu abu habis fitur chat konfirmasi beli sedia ganti warna tidak3 kardus rusak barang jual jual maaf salah solusi keliru jual proses beli jumat pagi proses senin alas sabtu minggu libur pns barang nyaman sakit dipake panggul simpul not recommended seller at all,unknown,1,Tokopedia,Negative,Bentuk,Yes,Ibu & Bayi,Yes
packaging aman dan bagus barang sesuai deskripsi,packaging aman bagus barang sesuai deskripsi,unknown,5,Tokopedia,Positive,Bentuk,No,Perabotan,No
barang di kirim tanpa bubble pdhl sdh info kalau mendung gelap bahkan gerimis kecil tp tetap di kirim tanpa di lapis apa pun dus kalau kena air bkl robel dan tembus,barang kirim bubble pdhl info mendung gelap gerimis kirim lapis dus air bkl robel tembus,unknown,3,Tokopedia,Neutral,Bentuk,No,Elektronik,No
pantulan bagus lumayan lah,pantul bagus lumayan,unknown,4,Tokopedia,Positive,Bentuk,No,Hobi & Hiburan,No
jangan tergiur dengan promo saya beli cpt habis dan ngecas powerbank nya lama,giur promo beli cpt habis ngecas powerbank,unknown,1,Tokopedia,Negative,Harga,No,Elektronik,No
admin cs nya ga nyambung ditanya apa jawab nya apa,admin cs nyambung,unknown,2,Tokopedia,Negative,Lainnya,No,Ibu & Bayi,No
anjing ternyata palsu ini barang bangsat2 awas ketipu oi yang asli ada segel distributor nya,anjing palsu barang bangsat2 awas tipu oi asli segel distributor,unknown,1,Tokopedia,Negative,Bentuk,Yes,Elektronik,No
busa gak rata motongnya ada busa yg telurnya kempes,busa rata motongnya busa telur kempes,unknown,2,Tokopedia,Negative,Lainnya,No,Hobi & Hiburan,No
puas selalu belanja disini,puas belanja,unknown,5,Tokopedia,Positive,Lainnya,No,Kesehatan & Kecantikan,No
barang bagus packing rapi dan sesuai,barang bagus packing rapi sesuai,unknown,5,Tokopedia,Positive,Bentuk,No,Kesehatan & Kecantikan,No
secara overall ok banget,overall oke,unknown,5,Tokopedia,Positive,Lainnya,No,Hobi & Hiburan,No
jahannya mantap jahitannya rapikualitas bahan sangat baik berfungsi dengan baik,jahan mantap jahit rapikualitas bahan fungsi,unknown,5,Tokopedia,Positive,Bentuk,No,Otomotif,No
selucu itu dapet free photocard juga dongggggggggggg happy,lucu free photocard dongggggggggggg happy,unknown,5,Tokopedia,Positive,Lainnya,No,Lainnya,No
sangat amat buruk mereka yg blg exp nya tapi yang datang malah bulan sekelas unilever begini toh ternyata mereka suruh refund kalau barangnya udh sampe baru ongkir nya di ganti apakah kalian bisa ganti waktu yg kebuang untuk nunggu paket itu packingnya lagi anter nya lagi g kerjaan ya semoga unilever yg amat besar ini sadar diri akan kesalahan nya dan kelalaiannya dan tolong jangan menyusahkan pembeli saya beli bukan gratisan,buruk blg exp kelas unilever suruh refund barang ongkos kirim ganti ganti waktu buang nunggu paket packingnya anter kerja moga unilever sadar salah lalai tolong susah beli beli gratis,unknown,1,Tokopedia,Negative,Harga,Yes,Kesehatan & Kecantikan,No
udah repeat order 3x disini so far puas,repeat order 3x so far puas,unknown,5,Tokopedia,Positive,Lainnya,No,Lainnya,No
puas banget sellernya fast respon banget alhamdulillah butuh lilin hari ini juga dikirim hari yg sama nanti anak ku ultah beli perlengkapannga disini insyaallah,puas sellernya fast respon alhamdulillah butuh lilin kirim anak ku ultah beli perlengkapannga insyaallah,unknown,5,Tokopedia,Positive,Bentuk,No,Kerajinan & Pesta,No
paket sudah sampai dengan selamat pertahankan kualitas pelayanan dan harganya thanks seller dan tokped,paket selamat tahan kualitas layan harga thanks seller tokped,unknown,5,Tokopedia,Positive,Harga,No,Perlengkapan Kantor,No
pengiriman lama dan tidak ada cara perakitan box yang susah,kirim rakit box susah,unknown,2,Tokopedia,Negative,Lainnya,No,Kerajinan & Pesta,No
pesen yg besar sama yg kecil warna putih yg kecil warnanya kusem cenderung warna kuning kaya plastik murah beda ga kaya saya pertamakali pesen di sini terus tipis banget,sen warna putih warna kusem cenderung warna kuning kaya plastik murah beda kaya pertamakali sen tipis,unknown,1,Tokopedia,Negative,Bentuk,No,Perabotan,No
harga cuma 50rb kurang barang 2pcs tp alasan trlalu byk ga mau ganti toko ini kurang ajar,harga 50rb barang 2pcs alas trlalu byk ganti toko ajar,unknown,1,Tokopedia,Negative,Harga,No,Kesehatan & Kecantikan,No
penjual amanah responsif kabel berfungsi baik pengiriman cepat terima kasih,jual amanah responsif kabel fungsi kirim cepat terima kasih,unknown,5,Tokopedia,Positive,Lainnya,No,Elektronik,No
minta size dikirim semuanya tanpa ada konfirmasi dahulu,size kirim konfirmasi,unknown,3,Tokopedia,Neutral,Lainnya,No,Fashion,No
barusan saya tes untuk ambil sampah di sungai dekat rumah untuk kekuatan daya cekram si alatnya masuk akal untuk harga segini untuk ambil plastik mudah tapi untuk ambil sampah kain atau sampah yg udah kekubur agak sulit karena kurang kuat cekramannya,barusan tes ambil sampah sungai rumah kuat daya cekram si alat akal harga gin ambil plastik mudah ambil sampah kain sampah kubur sulit kuat cekramannya,unknown,5,Tokopedia,Positive,Bentuk,No,Perabotan,No
barang nya sampe dengan baik tapi buku bukunya sangat mahal mungkin bisa di kurangin sedikit saya suka banget dengan bukunya dan sepertinya saya aka beli buku lagi di sini terima kasih,barang buku buku mahal rangin suka buku aka beli buku terima kasih,unknown,3,Tokopedia,Neutral,Harga,No,Hobi & Hiburan,No
kecewa sama anter aja jadi basi kopsus saya karena sameday tapi nyampenya malem,kecewa anter basi kopsus sameday nyampenya malem,unknown,1,Tokopedia,Negative,Bentuk,Yes,F&B,Yes
barang sesuai deksripsi pengiriman cepat dan rapi terima kasih,barang sesuai deksripsi kirim cepat rapi terima kasih,unknown,5,Tokopedia,Positive,Bentuk,No,Otomotif,No
belum dicoba pengiriman lama,coba kirim,unknown,4,Tokopedia,Positive,Lainnya,No,Kesehatan & Kecantikan,No
nyala tapi item putih dari customer service cuman bilang diotak atik lagi kak padahal uda sejam putar2 kabelnya dicolokan tvnya could have been a better service,nyala item putih customer service cuman bilang otak atik kak uda jam putar2 kabel colok tvnya could have been better service,unknown,3,Tokopedia,Neutral,Lainnya,No,Elektronik,No
packing rapi suka barang bagus bgt semoga awet,packing rapi suka barang bagus moga awet,unknown,4,Tokopedia,Positive,Bentuk,No,F&B,No
barang pesan kg dikirim 1kg brengsek,barang pesan kg kirim 1kg brengsek,unknown,1,Tokopedia,Negative,Lainnya,No,Perawatan Hewan,No
lucu katanya di proses ke toko cabang tapi malah ujung nya di kirim padahal saya cuma mau ganti alamat penerima repot sekali toko ini hanya untuk cancel pembelian saja di bikin ribet,lucu proses toko cabang ujung kirim ganti alamat terima repot toko cancel beli bikin ribet,unknown,1,Tokopedia,Negative,Lainnya,No,Kesehatan & Kecantikan,No
packaging ok sealed mulus sampai dengan selamat thank you,packaging oke sealed mulus selamat thank you,unknown,5,Tokopedia,Positive,Bentuk,No,Elektronik,No
tidak sesuai dengan yg dipesan harusnya hitam merah pengiriman lama,sesuai pes hitam merah kirim,unknown,2,Tokopedia,Negative,Bentuk,Yes,Fashion,No
bagus banget harganya murah tp kualitasnya ternyata bagus banget designnya juga keren en berfungsi sesuai iklannya recommended banget pengiriman jg cepat dan aman thx ya,bagus harga murah kualitas bagus designnya keren en fungsi sesuai iklan recommended kirim cepat aman thx,unknown,5,Tokopedia,Positive,Bentuk,No,Perabotan,No
kualitas mantap walau agak kotor dan ada banyak goresan tp udah uji coba aman kiriman cepat ga nunggu lama pokoknya best recomend,kualitas mantap kotor gores uji coba aman kirim cepat nunggu pokok best recomend,unknown,5,Tokopedia,Positive,Bentuk,No,Elektronik,No
thankyou produknya bagus banget seperti biasa dapet bonus foundation juga dan shadenya pun cocok tapi pengiriman agak sedikit lama,thankyou produk bagus bonus foundation shadenya cocok kirim,unknown,4,Tokopedia,Positive,Bentuk,No,Kesehatan & Kecantikan,No
beli barang hanya dikirim saat komplain dijanjikan barang akan dikirim yg kurangnya ternyata dikembalikan uang sangat mengecewakan sepertinya tidak mau rugi bayar ongkir lagi jd barang tdk dikirim,beli barang kirim komplain janji barang kirim kurang kembali uang kecewa rugi bayar ongkos kirim jd barang kirim,unknown,1,Tokopedia,Negative,Harga,Yes,Kesehatan & Kecantikan,No
tingginya pas bisa nahan beban hp packaging aman gampang dipasang kualitas bahan bagus proses pesanan cepat,tinggi pas nahan beban hp packaging aman gampang pasang kualitas bahan bagus proses pesan cepat,unknown,4,Tokopedia,Positive,Bentuk,No,Elektronik,No
ukuran tidak konsisten pembelian pertama kedua memuaskan pembelian ke kebesaran padahal size nya selalu stelah komplain pembelian ke dan tidak ada komplain tapi di pembelian ke ini kebesaran lagi,ukur konsisten beli muas beli besar size stelah komplain beli komplain beli besar,unknown,2,Tokopedia,Negative,Bentuk,Yes,Fashion,Yes
barli rutin tiap minguu 20pcs yg kiriman terakhir semua pada rusak kendor pada bagian baut2 nya cuma ada beberapa yg bisa digunakan bahaya bocor gas dari bawah bis menyambar karena pada bocor di tanyakan pada penjual tapi sayangnya ga mau tau cuma jawab ga ada garansi costumer lagi yg dirugikan krn penjual yg ga mau tanggung jawab dari barang yg dijualnya cuma pengen cuan tapi ga mau tau keluhan costumer nya padahal sudah saya percaya tiap pengambilan pasti ke toko ini tapi sayang nya ga ada pelayanan yg bisa memuaskan costumer nya,barli rutin minguu 20pcs kirim rusak kendor baut2 bahaya bocor gas bis sambar bocor jual sayang tau garansi costumer rugi jual tanggung barang jual ken cuan tau keluh costumer percaya ambil toko sayang layan muas costumer,unknown,1,Tokopedia,Negative,Rasa,Yes,Perabotan,Yes
beli isi ulang sama pulpen yg dikirim cuma isi ulang sama pulpen kalo jualan yang teliti dan jujur dong gan sayangnya saya gak video in saat unboxing jadi kalo komplain gak ada buktinya rugi 20ribu ya udah lah diiklasin aja smoga dijadikan plajaran untuk jadi pembeli yang pintar,beli isi ulang pulpen kirim isi ulang pulpen jual teliti jujur gan sayang video in unboxing komplain bukti rugi 20ribu diiklasin smoga jadi plajaran beli pintar,unknown,1,Tokopedia,Negative,Rasa,Yes,Perlengkapan Kantor,No
enakkk dipakenyaa bahannya bagus bahannya adem modelnya kekinian tidak menerawang warnanya cantik jahitannya rapi enak dipakai,enakkk dipakenyaa bahan bagus bahan adem model kini terawang warna cantik jahit rapi pakai,unknown,5,Tokopedia,Positive,Bentuk,No,Fashion,No
kecewa dipikir agar panjang dikit rupanya pendek maaf saya kasih bintang aja,kecewa pikir dikit pendek maaf kasih bintang,unknown,2,Tokopedia,Negative,Bentuk,Yes,Fashion,Yes
pesen lapis dikasih selapis untung aja visornya aman amsyong,sen lapis kasih selap untung visornya aman amsyong,unknown,1,Tokopedia,Negative,Lainnya,No,Otomotif,No
harga oke dan bahannya halus adem di pakai recommended bgt buat yg lagi cari piyama,harga oke bahan halus adem pakai recommended cari piyama,unknown,5,Tokopedia,Positive,Bentuk,No,Fashion,No
mantaaaaaaaaapppppp pelayanan cepat pengirimannya top markotop bintang recommended pagi order malam udah nyampe luar biasa,mantaaaaaaaaapppppp layan cepat kirim top markotop bintang recommended pagi order malam,unknown,5,Tokopedia,Positive,Lainnya,No,Perlengkapan Kantor,No
pelayanan ramah fast respon cuma packing nya kok mohon maaf kerdus nya lecek lecek gitu ya kurang rapih overall oke lah trims,layan ramah fast respon packing maaf kerdus lecek lecek gitu rapih overall oke trims,unknown,3,Tokopedia,Neutral,Bentuk,No,Fashion,No
mantap selalu ok sesuai produk deskripsi,mantap oke sesuai produk deskripsi,unknown,5,Tokopedia,Positive,Rasa,No,Lainnya,No
box tidak disegel dan masker di dlmnya tidak dibungkus plastik jadi ragu apakah maskernya higienis dan steril,box segel masker dlmnya bungkus plastik ragu masker higienis steril,unknown,2,Tokopedia,Negative,Bentuk,No,Kesehatan & Kecantikan,No
lom coba tp seperti nya warna bagus pengiriman standar packing rapi tks,lom coba warna bagus kirim standar packing rapi tks,unknown,4,Tokopedia,Positive,Bentuk,No,Kesehatan & Kecantikan,No
toko ini gimana mau pakai di kasih udah mau mati kali jg bener jualan,toko gimana pakai kasih mati bener jual,unknown,1,Tokopedia,Negative,Lainnya,Yes,Kerajinan & Pesta,No
lem nya gak ada di dalam paket saya,lem paket,unknown,1,Tokopedia,Negative,Lainnya,No,Kerajinan & Pesta,No
di aplikasikan bukannya ban tambah hitam malah tambah kotor,aplikasi ban hitam kotor,unknown,1,Tokopedia,Negative,Bentuk,No,Otomotif,No
barang sdh diterima dalam kondisi baik semoga bs berfungsi spt yg diharapkan pengiriman cepat tks seller,barang terima kondisi moga bs fungsi spt harap kirim cepat tks seller,unknown,4,Tokopedia,Positive,Lainnya,No,F&B,No
sedih kirang pensil alis tolong lebih teliti lagi,sedih kirang pensil alis tolong teliti,unknown,1,Tokopedia,Negative,Lainnya,No,Kesehatan & Kecantikan,No
sudah jelas2 pilih varian hitam yg dikirim putih ya kalo toh habis kan bisa di komunikasikan kpda buyer buat apa ada fitur chat jgn asal kirim aja mau komplen juga males ribet,jelas2 pilih varian hitam kirim putih habis komunikasi kpda buyer fitur chat jgn kirim komplen males ribet,unknown,1,Tokopedia,Negative,Lainnya,No,Kesehatan & Kecantikan,No
terima kasih atas pelayanan nya sangat memuaskan,terima kasih layan muas,unknown,5,Tokopedia,Positive,Lainnya,No,Hobi & Hiburan,No
seller komunikatif dan koperatif harga kompetitif kursi sangat nyaman dipakai apalagi untuk wfh harapan saya semoga barangnya kuat dan awet,seller komunikatif koperatif harga kompetitif kursi nyaman pakai wfh harap moga barang kuat awet,unknown,5,Tokopedia,Positive,Bentuk,No,Perabotan,No
pengiriman lama minta nota pembelian tidak di kasi,kirim nota beli kasi,unknown,2,Tokopedia,Negative,Lainnya,No,Elektronik,No
produk saya terima dengan kondisi baik terima kasih,produk terima kondisi terima kasih,unknown,5,Tokopedia,Positive,Lainnya,No,Elektronik,No
faster better cheaper,faster better cheaper,unknown,5,Tokopedia,Positive,Lainnya,No,Ibu & Bayi,No
baunya sereh bangett buat yg suka cocok nihh pengiriman rapih n aman,bau sereh bangett suka cocok nihh kirim rapih aman,unknown,5,Tokopedia,Positive,Bentuk,No,Kesehatan & Kecantikan,No
sudah beli banyak untuk kebutuhan dikirim keluar negeri ternyata tidak bisa tukar warna padahal belum 30hari sesuai standard seharusnya masih bisa dilakukan refund warna pink terlalu kontras tidak sesuai pada gambar,beli butuh kirim negeri tukar warna 30hari sesuai standard refund warna pink kontras sesuai gambar,unknown,1,Tokopedia,Negative,Bentuk,Yes,Fashion,No
not recommend gak sesuai sama harga beli di toko lain dengan harga sama kualitas jauh maaf review jujur,not recommend sesuai harga beli toko harga kualitas maaf review jujur,unknown,2,Tokopedia,Negative,Bentuk,No,Fashion,No
kecewa kok brg rusak dikirim di chat lama responnya sampai batas waktu otomatis habis padahal sdh langganan lama ditoko ini,kecewa brg rusak kirim chat responnya batas waktu otomatis habis langgan toko,unknown,1,Tokopedia,Negative,Lainnya,Yes,Hobi & Hiburan,Yes
produk original bikin helm saya makin keren jadi tambah rapih,produk original bikin helm keren rapih,unknown,5,Tokopedia,Positive,Bentuk,No,Otomotif,No
packingnya ga rapi ada yg ga ketutup jadinya kena hujan sekitar buku rusak,packingnya rapi tutup hujan buku rusak,unknown,2,Tokopedia,Negative,Bentuk,Yes,Hobi & Hiburan,No
pengiriman cepat packing aman produk disukai enak dan melengkapi asupan nutrisi yang diperlukan untuk pertumbuhan dan menjaga kesehatan,kirim cepat packing aman produk suka lengkap asupan nutrisi tumbuh jaga sehat,unknown,5,Tokopedia,Positive,Rasa,No,Kesehatan & Kecantikan,No
puas banget dengan harga segini worth it banget sih respon penjual juga baik order pagi siang udh sampe pake kurir instan recommended,puas harga gin worth it respon jual order pagi siang pake kurir instan recommended,unknown,5,Tokopedia,Positive,Harga,No,Perabotan,No
barang nya sesuai deskripsi dan foto bener2 bersih saat di coba dpat bebas ongkir jga dan cpat smpai terimakasih tokopedia dan seller,barang sesuai deskripsi foto bener2 bersih coba dpat bebas ongkos kirim jga cpat smpai terimakasih tokopedia seller,unknown,5,Tokopedia,Positive,Bentuk,No,Elektronik,No
kualitas aroma tidak sesuai ekspektasi,kualitas aroma sesuai ekspektasi,unknown,3,Tokopedia,Neutral,Bentuk,No,Kesehatan & Kecantikan,No
seller busuk packing sembarangan ga niat info produk nipu blgnya 5m tp kenyataannya 5m jujur dikit bos kl jualan,seller busuk packing sembarang niat info produk nipu blgnya 5m nyata 5m jujur dikit bos kl jual,unknown,1,Tokopedia,Negative,Lainnya,No,Perlengkapan Kantor,No
terimakasih buku sudah sampai,terimakasih buku,unknown,4,Tokopedia,Positive,Lainnya,No,Hobi & Hiburan,No
beli buat ibu saya muat sampai ukuran besar waktu dikomplain ada yg cacat seller cepet respon diganti dgn yg baru terimakasih,beli muat ukur waktu komplain cacat seller cepet respon ganti terimakasih,unknown,5,Tokopedia,Positive,Bentuk,No,Fashion,No
besi pengganjal ga ada jd ga bisa mengunci,besi ganjal jd kunci,unknown,1,Tokopedia,Negative,Bentuk,No,Perabotan,No
begitu di cuci sablonan lepas,cuci sablon lepas,unknown,2,Tokopedia,Negative,Bentuk,No,Fashion,No
sepatunya cukup bagus namun ketika sampai ternyata sepatunya agak mletot dan terlalu berat untuk ukuran sepatu lari tapi harganya sudah sesuai,sepatu bagus sepatu mletot berat ukur sepatu lari harga sesuai,unknown,3,Tokopedia,Neutral,Bentuk,No,Fashion,No
kopernya penuh lecet lecet dan terkelupas dimana mana,koper penuh lecet lecet kelupas mana,unknown,2,Tokopedia,Negative,Bentuk,No,Fashion,No
barang ok pengiriman cepat packing aman,barang oke kirim cepat packing aman,unknown,5,Tokopedia,Positive,Lainnya,No,Lainnya,No
build quality kurang ok,build quality oke,unknown,2,Tokopedia,Negative,Lainnya,No,Hobi & Hiburan,No
blm dimainin barang udh cacat mana no angkanya ada yg pudar lagi parah dah,dimainin barang cacat no angka pudar parah dah,unknown,1,Tokopedia,Negative,Lainnya,Yes,Hobi & Hiburan,No
percumaa atc orangg gakk adaaa dipakett nyaaa,percumaa atc orangg gakk adaaa dipakett nyaaa,unknown,1,Tokopedia,Negative,Lainnya,No,Lainnya,No
pengiriman lama kemasan tidak bagus,kirim kemas bagus,unknown,1,Tokopedia,Negative,Bentuk,No,Kesehatan & Kecantikan,No
ada yg baru 1x dipake penyangga plastiknya sudah keluar dari keranjangnya sobek jaringnya sedangkan yang lain pun engga sampai minggu sudah keluar penyangganya kualitasnya tolong di tingkatkan,1x dipake sangga plastik keranjang sobek jaring engga minggu sangga kualitas tolong tingkat,unknown,2,Tokopedia,Negative,Bentuk,No,Perabotan,No
engsel di penutupnya patah terpaksa coba beli lem buat dibenerin karena ga bisa ketutup mungkin dr pas pengirimannya saran aja pada saat ngirim mungkin sebaiknya tutupnya dipisahin sama bodynya,engsel tutup patah paksa coba beli lem dibenerin tutup pas kirim saran ngirim tutup dipisahin bodynya,unknown,2,Tokopedia,Negative,Bentuk,No,F&B,No
makasih gun barang nya udh sampai sesuai pesanan,makasih gun barang sesuai pesan,unknown,5,Tokopedia,Positive,Bentuk,No,Kesehatan & Kecantikan,No
qualitas jelek sekali bau seperti cat pad ya bergelombang,qualitas jelek bau cat pad gelombang,unknown,1,Tokopedia,Negative,Rasa,Yes,Hobi & Hiburan,No
saya sejujurnya nyesel sih beli bubble wrap ini kayak cuman dikasih seiprit doang saya beli 2pcs saya pikir packaging helem saya akn dibalur sama bubble wrap ini eh cuman kayak nutupin sebelah kiri dan sebelah kanan dus helem kecewa sih sama pesanan ini kayak gak niat gitu thanks,jujur nyesel beli bubble wrap cuman kasih iprit doang beli 2pcs pikir packaging hem akn balur bubble wrap eh cuman nutupin belah kiri belah kanan dus hem kecewa pesan niat gitu thanks,unknown,1,Tokopedia,Negative,Bentuk,Yes,Otomotif,Yes
bahan menyerap keringat ringan dipakai,bahan serap keringat ringan pakai,unknown,3,Tokopedia,Neutral,Bentuk,No,Fashion,No
sedikit kecewa pesanan pembayaran nya tp di kirim saja seharusnya owner hrs lebih teliti biarpun saya minta biru tetapi pembayaran nya intem dikirm saja hitamnya dan minta resi saya sdh terlanjur di buang resi kecil ya,kecewa pesan bayar kirim owner hrs teliti biarpun biru bayar intem dikirm hitam resi lanjur buang resi,unknown,1,Tokopedia,Negative,Harga,Yes,Perlengkapan Kantor,Yes
gampang dipakai nyaman di punggung,gampang pakai nyaman punggung,unknown,4,Tokopedia,Positive,Bentuk,No,Ibu & Bayi,No
great service pelayanannya super cepat dan memuaskan semua yg saya tanyakan dijelaskan dengan sabar dan jelas,great service layan super cepat muas sabar,unknown,5,Tokopedia,Positive,Lainnya,No,Hobi & Hiburan,No
barang kondisi diterima baik dan aman saran aja mohon lebih cepat proses kirim nya dan klo di chat jgn respon nya lama sekali tks,barang kondisi terima aman saran cepat proses kirim chat jgn respon tks,unknown,3,Tokopedia,Neutral,Lainnya,No,F&B,No
datang barang bagian samping agak bonyok dan terbuka pas bongkar beberapa sekat ada yg terkelupas terkena gesekan entah karena apa ada juga satu sekat yang tidak rapi pada bagian press resin nya untuk sekat bagian depannya ada yg penyok pada bagian resinnya semoga kedepannya bisa di check lagi quality controlnya di tingkatkan,barang samping bonyok buka pas bongkar sekat kelupas kena gesek sekat rapi press resin sekat depan penyok resin moga depan check quality controlnya tingkat,unknown,3,Tokopedia,Neutral,Bentuk,No,Perabotan,No
pengiriman cepat packingan double barang mantab lgsg di coba n maknyus top dah,kirim cepat packingan double barang mantab lgsg coba maknyus top dah,unknown,5,Tokopedia,Positive,Lainnya,No,Perabotan,No
warnanya lucu barang sesuai dan cepat sampai,warna lucu barang sesuai cepat,unknown,4,Tokopedia,Positive,Bentuk,No,Kesehatan & Kecantikan,No
yang datang bukan yang keluaran terbaru yang ada butiran berwarna biru didalam gel hand sanitizer nya sedikit kecewa walau manfaatnya sama hanya saja yang keluaran terbaru terlihat lebih menarik karena ada butiran berwarna birunya padahal di foto produk sudah ada butiran birunya kecewa banget mau mesan lagi takut yg datang sama aja barangnya dengan yang ada sedih,keluar baru butir warna biru dalam gel hand sanitizer kecewa manfaat keluar baru tarik butir warna biru foto produk butir biru kecewa mesan takut barang sedih,unknown,3,Tokopedia,Neutral,Bentuk,No,Kesehatan & Kecantikan,No
bahannya kurang bagus biasa aja,bahan bagus,unknown,1,Tokopedia,Negative,Bentuk,No,Fashion,No
fast respon barang bagus panasnya juga bagus,fast respon barang bagus panas bagus,unknown,5,Tokopedia,Positive,Bentuk,No,Elektronik,No
mau cancel ganti tgl pengiriman aja byk cincong,cancel ganti tgl kirim byk cincong,unknown,1,Tokopedia,Negative,Lainnya,No,F&B,No
harga murah kualitas produk sangat baik,harga murah kualitas produk,unknown,5,Tokopedia,Positive,Harga,No,F&B,No
obatnya manjur anjing ku udah mulai pulih dari sakit kulitnya thanks gan recommended seller,obat manjur anjing ku pulih sakit kulit thanks gan recommended seller,unknown,5,Tokopedia,Positive,Bentuk,No,Perawatan Hewan,No
gagal produk baut tdk pas n tmpt pengisian jg tdk pas n tdk bs n boros pemakaiqnnya,gagal produk baut pas tmpt isi pas bs boros pemakaiqnnya,unknown,1,Tokopedia,Negative,Rasa,Yes,Perabotan,No
pertama transaksi semoga berkah dan next order lagi,transaksi moga berkah next order,unknown,5,Tokopedia,Positive,Lainnya,No,Lainnya,No
obeng bintang nya kurang nyaman untuk dipegang ujung obeng bintang mesti diratain dlu ada sisa potongan,obeng bintang nyaman pegang ujung obeng bintang mesti diratain sisa potong,unknown,3,Tokopedia,Neutral,Bentuk,No,Elektronik,No
di chat minta pengiriman instan jawabanya menyanggupi tp setelah di bayar ngga di kirim2 kalo overload knp nyanggupin kacau nih bikin kapok,chat kirim instan jawabanya sanggup bayar kirim2 overload knp nyanggupin kacau bikin kapok,unknown,1,Tokopedia,Negative,Harga,No,Perawatan Hewan,No
barang tidak sesuai deskripsi,barang sesuai deskripsi,unknown,2,Tokopedia,Negative,Bentuk,Yes,Fashion,No
cepat dan packing amanah bgt kualitas susu sdh terjamin enak dan bermanfaat thanks,cepat packing amanah kualitas susu jamin manfaat thanks,unknown,5,Tokopedia,Positive,Rasa,No,Kesehatan & Kecantikan,No
produk sesuai pengiriman cepat packing aman recommended seller,produk sesuai kirim cepat packing aman recommended seller,unknown,5,Tokopedia,Positive,Bentuk,No,Fashion,No
jangan mau beli gaada efeknya sama sekali ada efeknya pas basah doang jadi item kalo udah kering sama ajeee sarung tangannya juga bekas,beli gaada efek efek pas basah doang item kering ajeee sarung tangan bekas,unknown,1,Tokopedia,Negative,Bentuk,No,Otomotif,No
tiap belanja pasti ribut karena sampai lokasi hancur buat pembeli lainnya karena seller tidak mau bertanggung jawab dan menyerahkan pada asuransi spt pd screenshoot jika saat terima uda diraba kemasan hancur kembalikan langsung pada kurir daripada saat dikomplain jawabannya spt pd screenshoot ini asuransi katanya ribetnya tuh klaim asuransi,belanja ribut lokasi hancur beli seller tanggung serah asuransi spt screenshoot terima uda raba kemas hancur kembali kurir komplain jawab spt screenshoot asuransi ribetnya tuh klaim asuransi,unknown,1,Tokopedia,Negative,Bentuk,Yes,Kesehatan & Kecantikan,No
pengirimannya koq lama bgt ya order kamis br dikirim senin itupun setelah dichat tny kapan dikirim alhasil gagal memberi kejutan tolong perbaiki kinerjanya ya,kirim koq order kamis br kirim senin itu dichat tny kirim alhasil gagal kejut tolong baik kerja,unknown,2,Tokopedia,Negative,Lainnya,Yes,Hobi & Hiburan,No
minta black dikirim transparent black kecewa banget gasuka warnanya lain kali e commercenya teliti dalam menanggapi costumer,black kirim transparent black kecewa gasuka warna commercenya teliti tanggap costumer,unknown,1,Tokopedia,Negative,Bentuk,Yes,Lainnya,No
barang tdk sesuai yg sy pesan otomatis tdk bisa dipakai,barang sesuai pesan otomatis pakai,unknown,1,Tokopedia,Negative,Bentuk,Yes,F&B,No
proses kemas kirim lumayan cpt packaging bubble wrap tipis sesama jakarta masih aman dus agak penyok kualitas barang aman berfungsi compatoble dg cam iphone tanpa apps tambahan tapi kalau mau dengar hasil rekaman copot mic dulu,proses kemas kirim lumayan cpt packaging bubble wrap tipis jakarta aman dus penyok kualitas barang aman fungsi compatoble dg cam iphone apps tambah dengar hasil rekam copot mic,unknown,5,Tokopedia,Positive,Bentuk,No,Elektronik,No
barangnya bagus praktis dan harganya murah ga salah pilih produk dari blueprint original merk respon penjual cepat dan ramah rrcommended,barang bagus praktis harga murah salah pilih produk blueprint original merk respon jual cepat ramah rrcommended,unknown,5,Tokopedia,Positive,Bentuk,No,Elektronik,No
penjual ga selektif asal kirim dapet barang yang kondisi case nya udh rusak,jual selektif kirim barang kondisi case rusak,unknown,3,Tokopedia,Neutral,Bentuk,No,Fashion,No
mantappppp recommended keyboard ma mousenya,mantappppp recommended keyboard ma mousenya,unknown,5,Tokopedia,Positive,Rasa,No,Elektronik,No
barangnya gk berfungsi semestinya,barang fungsi mesti,unknown,1,Tokopedia,Negative,Lainnya,No,Perabotan,No
kecewa pesen barang yg dikirim cuma ga amanah banget semoga berkah aja deh,kecewa sen barang kirim amanah moga berkah,unknown,1,Tokopedia,Negative,Lainnya,Yes,Fashion,Yes
keren sampai langsung pasang jepitannya kelebihan satu lemari gampang dirakit warna sesuai kualitas ok kokoh mantap mantap,keren pasang jepit lebih lemari gampang rakit warna sesuai kualitas oke kokoh mantap mantap,unknown,5,Tokopedia,Positive,Bentuk,No,Perabotan,No
kondisi buku krg bagus dan ada halaman tdk bs terbaca balasan penjual yg seenak jidatnya,kondisi buku krg bagus halaman bs baca balas jual enak jidat,unknown,2,Tokopedia,Negative,Rasa,No,Hobi & Hiburan,Yes
wanginya kurang enak,wangi,unknown,2,Tokopedia,Negative,Rasa,No,Kesehatan & Kecantikan,No
maaf ganti ulasan hasil dr produk stlh brp minggu dipake ga worth it dr segi harga yg mehong buang duit,maaf ganti ulas hasil produk stlh brp minggu dipake worth it segi harga mehong buang duit,unknown,1,Tokopedia,Negative,Harga,No,Ibu & Bayi,No
sudah dua kali belanja d tolong billy buat saya kecewa pengirimannya lama sekali hari padahal hanya wilayah jakarta tidak sampai luar kota minta tolong dong pilih kurir yang cepat,belanja tolong billy kecewa kirim wilayah jakarta kota tolong pilih kurir cepat,unknown,1,Tokopedia,Negative,Lainnya,Yes,Perawatan Hewan,Yes
barang ori bagus banget selalu pake ini dari bayiku lahir cuma pengiriman nya lamaaman buat kulit bayi menggunakan bahan alami nggak lengket melembabkan kulit bayi nggak memicu alergi packaging aman,barang original bagus pake bayi lahir kirim lamaaman kulit bayi bahan alami lengket melembabkan kulit bayi picu alergi packaging aman,unknown,5,Tokopedia,Positive,Bentuk,No,Ibu & Bayi,No
bahan panas ga menyerap keringat motif printan nya agak buram,bahan panas serap keringat motif printan buram,unknown,3,Tokopedia,Neutral,Bentuk,No,Fashion,No
barang yang sampai cacat tidak ngisi baterai stick nya,barang cacat ngisi baterai stick,unknown,1,Tokopedia,Negative,Lainnya,Yes,Elektronik,No
seller tidak jujur pengiriman super lama pdhl pesen gojek instant di hari pemesanan di info kalau ada suara marhaba hello krn ketekan pdhl seumur2 beli apple ga pernah ada kasus bs ketekan kalau belum dibuka sdh blg juga kalau saya ga mau barang yg ini karena menurut saya aneh katanya blm dibuka tp mana bs ada suara tiba2 muncul dr factorynya masa eh hari itu gak kunjung dikirim tp bilangnya udh dikirim nyatanya ditunggu smp batterynya habis baru dikirim keesokan harinya dipikir saya ga pernah beli barang apple kayanyaa barang baru apple itu selalu dikasih batt minimal bgt dr full ini ga bs nyala sama sekali hehe mau boongin saya yahh udh cukup beli sekali aja disini,seller jujur kirim super pdhl sen gojek instant mesan info suara marhaba tekan pdhl seumur2 beli apple bs tekan buka blg barang aneh buka bs suara tiba2 muncul factorynya eh kunjung kirim bilang kirim tunggu smp batterynya habis kirim esok hari pikir beli barang apple kayanyaa barang apple kasih batt minimal full bs nyala hehe boongin yahh beli,unknown,1,Tokopedia,Negative,Bentuk,No,Elektronik,Yes
aku doang yang ngerasa apa gimaba tapi warna yang ini ga terlalu out as much i expected tapi overall i loved it,doang ngerasa gimaba warna out as much expected overall loved it,unknown,3,Tokopedia,Neutral,Rasa,No,Kesehatan & Kecantikan,No
kaos kakinya sesuai dengan deskripsi,kaos kaki sesuai deskripsi,unknown,5,Tokopedia,Positive,Bentuk,No,Fashion,No
barang oke packaging juga aman mantap lah,barang oke packaging aman mantap,unknown,5,Tokopedia,Positive,Rasa,No,Perawatan Hewan,No
parah kecil banget padahal ukurannya l dan xl ini mah buat anak sd kaga bisa buat orang dewasa sekalipun dengan negativean kecil,parah ukur xl mah anak sd kaga dewasa negativean,unknown,2,Tokopedia,Negative,Bentuk,Yes,Fashion,No
sudah diterima dengan baik mantafffffffffffff,terima mantafffffffffffff,unknown,5,Tokopedia,Positive,Lainnya,No,Otomotif,No
airnya segar dan tekanannya pas foto sesuai barang worth it banget 60ribu memang layak jadi no terlaris,air segar tekan pas foto sesuai barang worth it 60ribu layak no laris,unknown,5,Tokopedia,Positive,Harga,No,Perabotan,No
repurchase warna yg beda toko fast respond dan sesuai review sebelumnya bahwa item sesuai dan bahan bagus lgsg menyerap ke bahan canvas sukses selalu,repurchase warna beda toko fast respond sesuai review item sesuai bahan bagus lgsg serap bahan canvas sukses,unknown,5,Tokopedia,Positive,Bentuk,No,Lainnya,No
penjualnya ramah banget proses pesanan cepat layar sensitif packaging rapi touch screen lancar ada garansi toko,jual ramah proses pesan cepat layar sensitif packaging rapi touch screen lancar garansi toko,unknown,5,Tokopedia,Positive,Bentuk,No,Elektronik,No
barang bagus packing rapih mantap biar bintang yang berbicara,barang bagus packing rapih mantap biar bintang bicara,unknown,5,Tokopedia,Positive,Bentuk,No,Hobi & Hiburan,No
saya sangat kecewa barang belum sampai kok sudah di selesaikan tolong di lacak yang betul,kecewa barang selesai tolong lacak,unknown,1,Tokopedia,Negative,Lainnya,Yes,Kesehatan & Kecantikan,No
produk sesuai deskripsi berfungsi dengan baik dapet stiker jg thx yaa,produk sesuai deskripsi fungsi stiker thx yaa,unknown,5,Tokopedia,Positive,Bentuk,No,Otomotif,No
pengiriman barang cepat dan sesuai spec barang,kirim barang cepat sesuai spec barang,unknown,5,Tokopedia,Positive,Bentuk,No,Hobi & Hiburan,No
saya tulis dicatatan hitam dan putih tapi yang dikirim hitam semua apa gunanya catatan lagian ini kaos kaki anak sd ga muat di kaki orang dewasa,tulis catat hitam putih kirim hitam guna catat kaos kaki anak sd muat kaki dewasa,unknown,1,Tokopedia,Negative,Bentuk,No,Fashion,No
kurang teliti kirain produk asli ex aussie ternyata ex kalbe kemasan label merk sama bikin misleading gak worth it 330rb per pcs pdhal ex import 350rb per 150pcs gak recommend,teliti kirain produk asli ex aussie ex kalbe kemas label merk bikin misleading worth it 330rb pcs pdhal ex import 350rb 150pcs recommend,unknown,2,Tokopedia,Negative,Bentuk,No,Kesehatan & Kecantikan,No
produk tdk ada dalam paket,produk paket,unknown,1,Tokopedia,Negative,Lainnya,No,Kerajinan & Pesta,No
abis pencet beli eh cek di ternyata lebih murah produk dibawah ekspetasi,abis pencet beli eh cek murah produk bawah ekspetasi,unknown,3,Tokopedia,Neutral,Harga,No,F&B,No
untuk barang dengan harga yang cukup mahal saya berekspektasi tidak ada air bubble pada pinggiran lobang home button dan kamera saya sudah coba beberapa kali untuk memperbaikinya tetapi sepertinya bukan salah pada pemasangannya,barang harga mahal berekspektasi air bubble pinggir lobang home button kamera coba baik salah pasang,unknown,2,Tokopedia,Negative,Harga,No,Elektronik,No
respon cepat cuma buku sampul hardcovernya penyok2 ada beberapa halaman sekitar halaman yang posisinya kebalik balik,respon cepat buku sampul hardcovernya penyok2 halaman halaman posisi balik,unknown,3,Tokopedia,Neutral,Bentuk,No,Hobi & Hiburan,No
gak sesuai dgn pesanan dan pengiriman pengganyian produl tanpa konfirmasi,sesuai pesan kirim pengganyian produl konfirmasi,unknown,1,Tokopedia,Negative,Bentuk,No,Otomotif,No
ini pembelian ke tidak mengecewakan belum di unboxing makasih banget bang next order lagi,beli kecewa unboxing makasih bang next order,unknown,5,Tokopedia,Positive,Lainnya,No,Hobi & Hiburan,No
kali ini saya kecewa dengan program promonya yang kurang jelas bagi saya sehingga saya terjebak solusi atas keluhan juga mengecewakan,kecewa program promonya jebak solusi keluh kecewa,unknown,2,Tokopedia,Negative,Harga,Yes,Kesehatan & Kecantikan,Yes
pesen warna putih loh yg dateng item,sen warna putih dateng item,unknown,1,Tokopedia,Negative,Bentuk,No,Kesehatan & Kecantikan,No
posisi kancing dan lubamg kancing tidak sejajar jadi saat dikancing bajunya panjang sebelah dan bagian leher tidak rata,posisi kancing lubamg kancing sejajar kancing baju belah leher rata,unknown,3,Tokopedia,Neutral,Bentuk,No,Fashion,No
cukup baik hanya ukurannya tidak tercantumkan,ukur cantum,unknown,4,Tokopedia,Positive,Bentuk,No,F&B,No
tidak bisa maksimal hasilnya tetap saja ada yang pecah,maksimal hasil pecah,unknown,1,Tokopedia,Negative,Lainnya,No,Lainnya,No
baru transfer satu jam kemudian barang nyampe cepat bat ya walaupun harga go send sdikit rada mahal recommended seller nih gaes makasih ya sis semoga makin banyak diskon d,transfer jam barang cepat bat harga go send sdikit rada mahal recommended seller gaes makasih sis moga diskon,unknown,4,Tokopedia,Positive,Harga,No,Elektronik,No
untuk kalian yang beli buat windows saya saranin jangan karena saya coba di windows mencet mencet sendiri terus padahal stik ps2 saya masih baru dan di coba di ps2 baik baik saja,beli windows saranin coba windows mencet mencet stik ps2 coba ps2,unknown,1,Tokopedia,Negative,Lainnya,No,Elektronik,No
setelah bayar langsung dikasih akses proses cepat kelengkapan sesuai admin membantu sekali dlm tanya jawab terima kasih,bayar kasih akses proses cepat lengkap sesuai admin bantu dlm terima kasih,unknown,5,Tokopedia,Positive,Harga,No,Elektronik,No
judul deskripsi misleading bikin org salah paham udah keburu yg nyampe nggak sesuai pesanan ini blm pasti dpt right light ya hati2 kl beli,judul deskripsi misleading bikin org salah paham keburu sesuai pesan right light hati2 kl beli,unknown,1,Tokopedia,Negative,Bentuk,No,Elektronik,No
ditrima barangnya dg baik dan memuaskan trimakasi ya toko pedia smg sukses trus,ditrima barang dg muas trimakasi toko dia smg sukses trus,unknown,5,Tokopedia,Positive,Lainnya,No,Elektronik,No
ada lubang di matras pas buka plastiknya,lubang matras pas buka plastik,unknown,1,Tokopedia,Negative,Bentuk,No,Hobi & Hiburan,No
pengiriman lama minta dicancel tp maksa ttp ngirim,kirim dicancel maksa ttp ngirim,unknown,1,Tokopedia,Negative,Lainnya,No,Kesehatan & Kecantikan,No
respon admin oke ekspedisi kurir aman packing ergonomis dan selamat sampai tujuan minus tidak ada perbandingan barang sesuai foto testi saya harga dan barang sesuai dan baterai normal ya gan,respon admin oke ekspedisi kurir aman packing ergonomis selamat tuju minus banding barang sesuai foto testi harga barang sesuai baterai normal gan,unknown,5,Tokopedia,Positive,Bentuk,No,Elektronik,No
bahan jelek mudah patah baru dua x pakai saja sudah patah jarumnya dan pegangannya keras sekali sungguh sangat merepotkaan dan membuta kerja lebih lambat lebih baik beli yang agak mahal tapi lebih berkualitas,bahan jelek mudah patah pakai patah jarum pegang keras sungguh merepotkaan buta lambat beli mahal kualitas,unknown,1,Tokopedia,Negative,Bentuk,No,Lainnya,No
akses sukses digunakan sangat mudah buat yang punya hp nfc bisa kirim ss dan kartu langsung dikirim,akses sukses mudah hp nfc kirim ss kartu kirim,unknown,5,Tokopedia,Positive,Lainnya,No,Lainnya,No
nyaman dipakai jamnya bagus banget warnanya cantik produk sesuai dengan foto,nyaman pakai jam bagus warna cantik produk sesuai foto,unknown,5,Tokopedia,Positive,Bentuk,No,Fashion,No
wow wow sangaat praktis euy tapi emang harganya mayaan sihh rasanya enak mantul bakal repeat order nihh,wow wow sangaat praktis euy harga maya sihh mantap repeat order nihh,unknown,5,Tokopedia,Positive,Rasa,No,F&B,No
penjual kurang ramah,jual ramah,unknown,3,Tokopedia,Neutral,Lainnya,No,Hobi & Hiburan,No
mantap barang oke,mantap barang oke,unknown,5,Tokopedia,Positive,Rasa,No,Perabotan,No
pengiriman cepat power banknya berfungsi baik mudah awet mantap,kirim cepat power bank fungsi mudah awet mantap,unknown,5,Tokopedia,Positive,Rasa,No,Elektronik,No
spesifikasi barang kurang lengkap dipakai dewasa ngga bisa hanya sampai leher,spesifikasi barang lengkap pakai dewasa leher,unknown,2,Tokopedia,Negative,Lainnya,No,Fashion,No
hadiah tempat minum lipatnya mana qoq tidak ada memang ada tulisan selama persediaan masih ada tapi kalau hadiahnya sudah tidak ada jangan ditampilkan lagi itu namanya pembohongan sudah harganya tidak sesuai hadiahnya tidak ada lagi,hadiah minum lipat qoq tulis sedia hadiah tampil nama bohong harga sesuai hadiah,unknown,1,Tokopedia,Negative,Bentuk,Yes,Kesehatan & Kecantikan,No
pesan warna putih dan abu tapi yg datang warna salem dan abu kecewa karena penjual tidak konfirmasi sebelum dikirim,pesan warna putih abu warna salem abu kecewa jual konfirmasi kirim,unknown,1,Tokopedia,Negative,Bentuk,Yes,Fashion,Yes
orderan sesuai dan kualitasnya juga ok pengiriman tidak terlalu lama,order sesuai kualitas oke kirim,unknown,4,Tokopedia,Positive,Bentuk,No,Elektronik,No
cocok di kulit kering aplikator mudah dipakai packaging rapi packaging aman respon penjualnya top,cocok kulit kering aplikator mudah pakai packaging rapi packaging aman respon jual top,unknown,5,Tokopedia,Positive,Bentuk,No,Kesehatan & Kecantikan,No
sangat tidak cocok dgn yg tidak suka manis ini minuman manis bgt dan rasanya artificial mangga bgt salah untuk yg expect ini minuman seger dan fresh dr mangga buah,cocok suka manis minum manis artificial mangga salah expect minum seger fresh mangga buah,unknown,1,Tokopedia,Negative,Rasa,No,F&B,No
barang sesuai deskripsi,barang sesuai deskripsi,unknown,5,Tokopedia,Positive,Bentuk,No,Hobi & Hiburan,No
sepertinya bukan gepuk fresh rasanya gak enak dan hari kemudian dah berjamur sayang bgt padahal beli banyak dibuang semua deh,gepuk fresh dah jamur sayang beli buang,unknown,1,Tokopedia,Negative,Rasa,No,F&B,No
gk bisa di pakai tali krng panjang,pakai tali krng,unknown,2,Tokopedia,Negative,Bentuk,No,Fashion,No
barang gampang rusak jarumnya lepas terlempar,barang gampang rusak jarum lepas lempar,unknown,1,Tokopedia,Negative,Bentuk,Yes,Lainnya,No
kualitasnya sangat jelek sebanding dengan harganya baru minggu saya pakai sudah robek2 dengan sendirinya,kualitas jelek banding harga minggu pakai robek2,unknown,1,Tokopedia,Negative,Bentuk,No,Fashion,No
ga dikirim barangnya,kirim barang,unknown,1,Tokopedia,Negative,Lainnya,No,Kerajinan & Pesta,No
barang sudah sampai pelayanan cepat sekali packing aman dan barang sesuai deskripsi terimakasih dan sukses selalu yaa,barang layan cepat packing aman barang sesuai deskripsi terimakasih sukses yaa,unknown,5,Tokopedia,Positive,Bentuk,No,Elektronik,No
lcd nya kurang bagus lumayan buat hiburan tapi layarnya kecil kabel casan berfungsi tapi ga dikasih colokannya semoga amanah terus gan,lcd bagus lumayan hibur layar kabel cas fungsi kasih colok moga amanah gan,unknown,4,Tokopedia,Positive,Bentuk,No,Elektronik,No
bahanny ga enak,bahanny,unknown,3,Tokopedia,Neutral,Rasa,No,Fashion,No
tidak recommend banget pelayanan ngk bagus dan tidak sesuai di foto saya beli tetapi lampu mati satu dan tidak lengkap,recommend layan ngk bagus sesuai foto beli lampu mati lengkap,unknown,1,Tokopedia,Negative,Bentuk,Yes,Elektronik,Yes
barang tidak sesuai dengan foto,barang sesuai foto,unknown,1,Tokopedia,Negative,Bentuk,Yes,Fashion,No
suara yang dihasilkan oke dan jelas tidak terdpat maslah mkasih,suara hasil oke terdpat mas mkasih,unknown,4,Tokopedia,Positive,Lainnya,No,Elektronik,No
jujur lumayan kecewa banget dengan claim wangi mint eucalyptus pasti yang kebayang wangi kyk minyak kayu putih gitu tapi pas datang bener2 ga ada wangi mint atau eucalyptusnya atau mmng aku idung ak yang salah cium yang jelas wanginya bikin eneg dan pusing bukan nyegerin kayak minuak kayu putih terus ga dapet free pouch juga,jujur lumayan kecewa claim wangi mint eucalyptus bayang wangi minyak kayu putih gitu pas bener2 wangi mint eucalyptusnya mmng idung salah cium wangi bikin eneg pusing nyegerin muak kayu putih free pouch,unknown,1,Tokopedia,Negative,Bentuk,Yes,Kesehatan & Kecantikan,Yes
bahannya katun tapi kurang adem,bahan katun adem,unknown,3,Tokopedia,Neutral,Bentuk,No,Fashion,No
begitu datang ini langsung dicobain semua berfungsi baik saya suka karena mist nya lembut dan modelnya itu lho keren banget puas dan semoga awet respon proses pengiriman toko cepat dan kemasan aman terima kasih banyak untuk bonusnya ya,dicobain fungsi suka mist lembut model lho keren puas moga awet respon proses kirim toko cepat kemas aman terima kasih bonus,unknown,5,Tokopedia,Positive,Bentuk,No,Perabotan,No
brownis nya penyek untung ga ancur sangat kecewa sama pengiriman nya lelet dan bikin brownis saya penyek tokped hrs nya blacklist tuh antaraja,brownis penyek untung ancur kecewa kirim lelet bikin brownis penyek tokped hrs blacklist tuh antaraja,unknown,1,Tokopedia,Negative,Bentuk,Yes,F&B,No
tidak pas terlalu longgar membuat nintendo switch teroyak oyak di dalam pouch,pas longgar nintendo switch oyak oyak pouch,unknown,2,Tokopedia,Negative,Bentuk,No,Elektronik,No
barang sampai dengan selamat jumlahnya pas motifnya bener bener random jadi pas untuk dijadiin bingkisan bahannya tipis tapi bagus,barang selamat pas motif bener bener random pas dijadiin bingkis bahan tipis bagus,unknown,4,Tokopedia,Positive,Bentuk,No,Fashion,No
barang sangat berkualitas sebanding dg harga kelengkapan banyak sudah dapat tas panduan yg jelas dan buku moderator tebal box kartu juga tebal mantappl,barang kualitas banding dg harga lengkap tas pandu buku moderator tebal box kartu tebal mantappl,unknown,5,Tokopedia,Positive,Bentuk,No,Hobi & Hiburan,No
barang yg dikirim beda jauh jepitan jemuran hilang udh uang sy gak kembali,barang kirim beda jepit jemur hilang uang,unknown,1,Tokopedia,Negative,Lainnya,Yes,Perabotan,No
sori to say review jujur ini bikin kecewa pelanggan sih barang habis tapi tidak dikonfirmasi dulu sblm dikirim min mon maap kan ada teknologi chat di aplikasi ya knp kok ngga konfirmasi dulu di chat saya sudah terlanjur klik pesanan selesai tidak bisa ajukan pengembalian dana pembeli yg lain silakan dicermati kalau mau beli disini ya hati2 makasih,sori to say review jujur bikin kecewa langgan barang habis konfirmasi sblm kirim min mon maap teknologi chat aplikasi knp konfirmasi chat lanjur klik pesan selesai aju kembali dana beli sila cermat beli hati2 makasih,unknown,1,Tokopedia,Negative,Bentuk,Yes,Perlengkapan Kantor,Yes
kualitas bahan mantap berfungsi dengan baik pengiriman cepat respon cepat paking rapi dijamin termurah,kualitas bahan mantap fungsi kirim cepat respon cepat paking rapi jamin murah,unknown,5,Tokopedia,Positive,Bentuk,No,Hobi & Hiburan,No
brangnya ringkih baru dateng uda pecah part padahal kemasan uda oke next time di cek dlu sebelum kirim,brangnya ringkih dateng uda pecah part kemas uda oke next time cek kirim,unknown,3,Tokopedia,Neutral,Bentuk,No,Elektronik,No
bahannya tipis dan jahitannya kurang rapi,bahan tipis jahit rapi,unknown,3,Tokopedia,Neutral,Bentuk,No,Fashion,No
sorry banget nih namanya review kan harus jujur ya agak kecewa sama warnanya aja pesannya mustard yg dateng orange kupikir salah kirim ternyata menurut penjualnya mustard kayak gitu warnanya padahal klo pun salah kirim saya gak nuntut apa apa,sorry nama review jujur kecewa warna pesan mustard dateng orange pikir salah kirim jual mustard gitu warna salah kirim nuntut,unknown,2,Tokopedia,Negative,Bentuk,Yes,Elektronik,No
wow keren bgt,wow keren,unknown,5,Tokopedia,Positive,Lainnya,No,Otomotif,No
packaging aman banget proses cepet thankyou,packaging aman proses cepet thankyou,unknown,5,Tokopedia,Positive,Bentuk,No,Lainnya,No
suka banget belanja disini pelayanannya sangat cepat dan ramah juga kooperatif barang datang packagingnya aman bangettttttt hasilnya yaowoh memuaskan secinta itu sama final touch nya yakin repeat order kalo ada acara lagi,suka belanja layan cepat ramah kooperatif barang packagingnya aman bangettttttt hasil yaowoh muas cinta final touch repeat order acara,unknown,5,Tokopedia,Positive,Bentuk,No,Lainnya,No
produk berfungsi dengan baik harga sesuai dan kualitas baik packing rapi banget dan proses pengiriman juga cepat seller sangat responsif dan ramah pesanan juga sesuai tidak kurang sedikitpun semoga awet terimakasih banyak,produk fungsi harga sesuai kualitas packing rapi proses kirim cepat seller responsif ramah pesan sesuai sedikit moga awet terimakasih,unknown,5,Tokopedia,Positive,Bentuk,No,Perabotan,No
warna tidak sesuai dengan digambar,warna sesuai gambar,unknown,2,Tokopedia,Negative,Bentuk,Yes,Fashion,No
bahannya adem tebalnya pas jahitan rapi sudah lngganan beli d sini dan selalu repeat order recomended seeller,bahan adem tebal pas jahit rapi lngganan beli repeat order recomended seeller,unknown,5,Tokopedia,Positive,Bentuk,No,Fashion,No
ga dikirim payah,kirim payah,unknown,1,Tokopedia,Negative,Lainnya,No,Perlengkapan Kantor,No
gaenak basi iuhhhh plis jangan beli disini aku gamau motong rezeki mu tapi ini sriusan basi bau apek cuankinya mlempem bocinyaa bau bumbunya kaya dah ga seger terus kemasannya kaya dah berdebugituu ahhhhh nyesell kalau mau jualan yang niat bukan cari uangnya aja tapi cari rasaaaa kualitas,gaenak basi iuhhhh plis beli gamau motong rezeki mu sriusan basi bau apek cuankinya mlempem bocinyaa bau bumbu kaya dah seger kemas kaya dah berdebugituu ahhhhh nyesell jual niat cari uang cari rasaaaa kualitas,unknown,1,Tokopedia,Negative,Rasa,Yes,F&B,No
rapi dan pas banget,rapi pas,unknown,5,Tokopedia,Positive,Bentuk,No,Hobi & Hiburan,No
produk telah sampai tapi pas sampe malah ada yg cacat di bagian analog kanan ada yg pecah,produk pas cacat analog kanan pecah,unknown,2,Tokopedia,Negative,Bentuk,Yes,Elektronik,No
butut konyol minta kuning di kasih ijo stabilo barang jelek,butut konyol kuning kasih ijo stabilo barang jelek,unknown,1,Tokopedia,Negative,Bentuk,No,Otomotif,No
barang dalam kondisi prima nyampenya juga cepet cuma sehari terima kasih seller,barang kondisi prima nyampenya cepet hari terima kasih seller,unknown,5,Tokopedia,Positive,Lainnya,No,Elektronik,No
masker bagus sesuai harga,masker bagus sesuai harga,unknown,4,Tokopedia,Positive,Harga,No,Fashion,No
mau order warna hitam kosong deskripsi produk ada minta di cancel tetep hajar dr penjual packing rapi tapi experience buruk,order warna hitam kosong deskripsi produk cancel tetep hajar jual packing rapi experience buruk,unknown,2,Tokopedia,Negative,Bentuk,Yes,Elektronik,No
hari ini baru terpasang ternyata ada satu palang yg ukuran pendek cacat bengkok dan cedok bekas besi ditekuk akhirnya saya pindah posisi palang tersebut dibagian tengah dalam secara keseluruhan barang baik mungkin perlu ditingkatkan qc nya saja,pasang palang ukur pendek cacat bengkok cedok bekas besi tekuk pindah posisi palang bagi tengah barang tingkat qc,unknown,2,Tokopedia,Negative,Bentuk,Yes,Perabotan,No
kualitasnya bagus kaki kaki tripodnya kuat bahan tasnya juga bagus tebal sehingga tidak mudah sobek,kualitas bagus kaki kaki tripod kuat bahan tas bagus tebal mudah sobek,unknown,5,Tokopedia,Positive,Bentuk,No,Elektronik,No
packing rapi barang sesuai pesanan,packing rapi barang sesuai pesan,unknown,5,Tokopedia,Positive,Bentuk,No,Kesehatan & Kecantikan,No
pecah packing kurang aman,pecah packing aman,unknown,2,Tokopedia,Negative,Lainnya,No,F&B,No
barang tidak sesuai yg di pesan warna pudar kancing yg di pesan yg di kirim model kancing,barang sesuai pesan warna pudar kancing pesan kirim model kancing,unknown,1,Tokopedia,Negative,Bentuk,Yes,Fashion,No
nyaman dipakai kualitas bahan bagus bahannya adem,nyaman pakai kualitas bahan bagus bahan adem,unknown,5,Tokopedia,Positive,Bentuk,No,Fashion,No
cepatt sampainya barang asli dan adminnya ramah,cepatt sampai barang asli adminnya ramah,unknown,5,Tokopedia,Positive,Bentuk,No,Lainnya,No
seneng liat mukenanya dtg tp jd sedih lihat tasnya tas rusak kok dijual,neng liat mukena dtg jd sedih tas tas rusak jual,unknown,2,Tokopedia,Negative,Lainnya,Yes,Fashion,No
bahannya jelek kualitasnya sangat jelek baru brp menit sudah rusak,bahan jelek kualitas jelek brp menit rusak,unknown,1,Tokopedia,Negative,Bentuk,Yes,Hobi & Hiburan,No
tidak dikirim lilin nya padahal sdh beli,kirim lilin beli,unknown,1,Tokopedia,Negative,Lainnya,No,Kerajinan & Pesta,No
seller sangat slow respon pengiriman lama baru kali ini ada yg sy kasih bintang bukan krn barangnya tapi respon sellernya,seller slow respon kirim kasih bintang barang respon sellernya,unknown,1,Tokopedia,Negative,Lainnya,No,Perawatan Hewan,No
sebenernya kualitas barang nya bagus build quality oke lah utk barang rekondisi utk memainkan game tidak ada masalah masalahnya barang ini bahasa jepang dan di keterangan deskripsi tidak dijelaskan setelah barang sampai saya chat seller dengan balasan yg slow respon dan jawaban seadanya dikatakan bahasa tidak bisa diganti mohon dituliskan kekurangan2 pada deskripsi dan lebih fast respon kalau ada pembeli yg complain,sebenernya kualitas barang bagus build quality oke barang rekondisi main game barang bahasa jepang terang deskripsi barang chat seller balas slow respon ada bahasa ganti tulis kekurangan2 deskripsi fast respon beli complain,unknown,2,Tokopedia,Negative,Bentuk,No,Elektronik,Yes
barang sampai ada yg pecah bekas di tambal,barang pecah bekas tambal,unknown,2,Tokopedia,Negative,Lainnya,No,Perawatan Hewan,No
bahannya jujur kurang puas warna sih oklah,bahan jujur puas warna oklah,unknown,3,Tokopedia,Neutral,Bentuk,No,Fashion,No
kecewa 90yard tipis sialan gua liat komen pada sama bilng tipis rugii,kecewa 90yard tipis sial gua liat komen bilng tipis rugi,unknown,1,Tokopedia,Negative,Bentuk,Yes,Perlengkapan Kantor,Yes
beli ini krn anak istri mau liburan di jakarta cari2 ketemu toko ini dengan harga yg masih ramah kantong untuk pelayanan toko bagus cepet packaging nya juga rapih aman banget recomended seller untuk difusser nya berfungsi dengan baik untuk kualitas diffuser nya sendiri termasuk kokoh ya dengan harga segini puas benget sih pas udah nyobain semoga bisa tahan lama difusser nya,beli anak istri libur jakarta cari2 ketemu toko harga ramah kantong layan toko bagus cepet packaging rapih aman recomended seller difusser fungsi kualitas diffuser kokoh harga gin puas benget pas nyobain moga tahan difusser,unknown,5,Tokopedia,Positive,Bentuk,No,Perabotan,No
alhmdllh pkt ny dah smpe ank2 seneng bgt klu makan sama sarden abc makasi seller tokopedia,alhmdllh pkt dah smpe ank2 neng klu makan sarden abc makas seller tokopedia,unknown,5,Tokopedia,Positive,Bentuk,No,F&B,No
ngaco banget pesen mouse tapi gak lengkap gak ada penutup batre sama bluetoothnya,ngaco sen mouse lengkap tutup batre bluetoothnya,unknown,1,Tokopedia,Negative,Bentuk,No,Elektronik,No
kecewa karena pengiriman yang lama katanya gara gara pembatasan pengiriman karena covid pesan tgl baru diambil untuk dikirim tgl dan saya terima tgl masih bisa dimaklumi tapi eh pas udah diterima ternyata cuma dpt kotak padahal pesan,kecewa kirim gara gara batas kirim covid pesan tgl ambil kirim tgl terima tgl maklum eh pas terima kotak pesan,unknown,2,Tokopedia,Negative,Bentuk,Yes,F&B,Yes
lumayan sesuai hrg pengiriman cepat,lumayan sesuai hrg kirim cepat,unknown,3,Tokopedia,Neutral,Bentuk,No,Fashion,No
ada shimmer packaging aman proses pesanan cepat packaging rapi,shimmer packaging aman proses pesan cepat packaging rapi,unknown,5,Tokopedia,Positive,Bentuk,No,Kesehatan & Kecantikan,No
sesuai ada kendala awalnya tapi terselesaikan dengan cepat dan tanpa repot,sesuai kendala selesai cepat repot,unknown,4,Tokopedia,Positive,Bentuk,No,Hobi & Hiburan,No
arrived safely yayy puas banget thank uuu mizan cantik banget bukunya ga ada defect apapun yuhu puass thank youu mizan,arrived safely yayy puas thank uuu mizan cantik buku defect apa yuhu puass thank youu mizan,unknown,5,Tokopedia,Positive,Bentuk,No,Hobi & Hiburan,No
besar sekali ukurannya jadi nggak kepake longgar pas saya pakai,ukur kepake longgar pas pakai,unknown,4,Tokopedia,Positive,Bentuk,No,Fashion,No
terima kasih barang sudah diterima cukup bagus bahan n designnya nyaman dipakai,terima kasih barang terima bagus bahan designnya nyaman pakai,unknown,5,Tokopedia,Positive,Bentuk,No,Hobi & Hiburan,No
mungkin karena filternya terlalu canggih jadi air yang keluar jadi kecil banget,filter canggih air,unknown,2,Tokopedia,Negative,Bentuk,No,Perabotan,Yes
pesan yg datang karung sbagian banyak yg bolong ga bisa buat beras lagi,pesan karung sbagian bolong beras,unknown,3,Tokopedia,Neutral,Lainnya,No,Lainnya,No
bagus dan puas,bagus puas,unknown,5,Tokopedia,Positive,Bentuk,No,Kerajinan & Pesta,No
awal awal aliran air lancar lama lama kecil sekali,alir air lancar,unknown,2,Tokopedia,Negative,Bentuk,No,Perabotan,No
produk sangat bagus utk lantai marmer dan parket lantai lgsg bersih dan kinclong penggunaan juga hemat,produk bagus lantai marmer parket lantai lgsg bersih kinclong hemat,unknown,5,Tokopedia,Positive,Harga,No,Perabotan,No
packing rapih cepat dan produk sesuai deskripsi recommended seller,packing rapih cepat produk sesuai deskripsi recommended seller,unknown,5,Tokopedia,Positive,Bentuk,No,Hobi & Hiburan,No
barang datang dan berfungsi dengan baik dan terlihat bagus kali ada lampu birunya,barang fungsi bagus lampu biru,unknown,5,Tokopedia,Positive,Bentuk,No,Elektronik,No
respon penjual cepat dan ramah,respon jual cepat ramah,unknown,5,Tokopedia,Positive,Lainnya,No,Kesehatan & Kecantikan,No
puas lah fast response cuman masih sering close sendiri saking sibuk belum sempat dicek recommended seller gaming terbaik game nya seru,puas fast response cuman close saking sibuk cek recommended seller gaming baik game seru,unknown,5,Tokopedia,Positive,Lainnya,No,Elektronik,No
menggunakan bahan alami melembabkan kulit bayi aman buat kulit bayi nggak memicu alergi penjualnya ramah banget,bahan alami melembabkan kulit bayi aman kulit bayi picu alergi jual ramah,unknown,5,Tokopedia,Positive,Bentuk,No,Ibu & Bayi,No
tidak sesuai deskripsi tidak sesuai gambar ada bbrapa tombol yg tidak berfungsi mau retur mau ganti dg model lain yg ada backlight ga masalah nambah biaya tp respon seller biikin kecewa,sesuai deskripsi sesuai gambar bbrapa tombol fungsi retur ganti dg model backlight nambah biaya respon seller biikin kecewa,unknown,1,Tokopedia,Negative,Bentuk,Yes,Elektronik,Yes
dimsum mantaap selalu setia menemani dengan kehangatan di saat musim hujan setiap gigitannya mak nyoos uenaaak tenan tks,dimsum mantaap setia tani hangat musim hujan gigit mak nyoos uenaaak tenan tks,unknown,5,Tokopedia,Positive,Lainnya,No,F&B,No
tidak suka dengan respon yg tidak bagus banget,suka respon bagus,unknown,1,Tokopedia,Negative,Bentuk,No,Fashion,No
barang udah sampai ya gan dan berfungsi terima kasih,barang gan fungsi terima kasih,unknown,5,Tokopedia,Positive,Lainnya,No,Elektronik,No
tidak sesuai udh belanjaa 300rb an nggak ada free gift yg diberikan tidak sesuai halaman utama,sesuai belanjaa 300rb an free gift sesuai halaman utama,unknown,1,Tokopedia,Negative,Bentuk,Yes,Kesehatan & Kecantikan,No
highly recommend seller sangat ramah dan komunikatif dalam memberikan konsultasi serta sabar dalam menjelaskan detail pertanyaan proses ordering hingga terbit vouchernya sangat cepat good job,highly recommend seller ramah komunikatif konsultasi sabar detail proses ordering terbit vouchernya cepat good job,unknown,5,Tokopedia,Positive,Lainnya,No,Hobi & Hiburan,No
barang ngga sesuai minta warna hitam yg dikirim warna biru pas chat tulisannya all ready stock ujung2nya bilang barang yg diinginkan habis lalu main kirim yang tidak sesuai dgn permintaan,barang sesuai warna hitam kirim warna biru pas chat tulis all ready stock ujung2nya bilang barang habis main kirim sesuai minta,unknown,1,Tokopedia,Negative,Bentuk,Yes,Perabotan,No
pengiriman cepat pengemasan aman mudah dipasang dan digunakan bonus backgroundnya juga banyak hasil fotonya cukup memuaskan bagi saya hanya saja saya tidak begitu yakin dengan ketahanan bahannya apabila dilakukan copot pasang berulang kali tapi secara keseluruhan bagus dan memuaskan,kirim cepat kemas aman mudah pasang bonus backgroundnya hasil foto muas tahan bahan copot pasang ulang bagus muas,unknown,5,Tokopedia,Positive,Bentuk,No,Elektronik,No
barangnya bagus bangett dengan harga yang affordable dengan kualitas yang lumayan gokil sihh,barang bagus bangett harga affordable kualitas lumayan gokil sihh,unknown,5,Tokopedia,Positive,Bentuk,No,Elektronik,No
pokoknya suka bgt lah ama sabun ini,pokok suka ama sabun,unknown,5,Tokopedia,Positive,Lainnya,No,Kesehatan & Kecantikan,No
penjual sama sekali tdk memperhatikan catatan pembeli malahan menyalahkan pembeli,jual perhati catat beli salah beli,unknown,1,Tokopedia,Negative,Bentuk,No,Kesehatan & Kecantikan,No
penjual gak jujur respon kebanyakan bot,jual jujur respon banyak bot,unknown,1,Tokopedia,Negative,Lainnya,No,Kerajinan & Pesta,No
pesanan tidak dikirim tidak ada komunikasi apapun tidak ada solusi pengembalian barang ataupun biaya,pesan kirim komunikasi apa solusi kembali barang biaya,unknown,1,Tokopedia,Negative,Harga,No,Perlengkapan Kantor,No
bagus barangnya cocok untuk latihan sticking ini untuk anak saya,bagus barang cocok latih sticking anak,unknown,5,Tokopedia,Positive,Bentuk,No,Hobi & Hiburan,No
baru diple ps mau buka cantelannya patah,diple ps buka cantel patah,unknown,1,Tokopedia,Negative,Lainnya,No,Fashion,No
terima kasih untuk menjual travel pouch set dgn berbagai ukuran dan bahan bagus tidak bau plastik barang cepat tiba dan dalam keadaan baik terima kasih,terima kasih jual travel pouch set ukur bahan bagus bau plastik barang cepat terima kasih,unknown,5,Tokopedia,Positive,Bentuk,No,Perabotan,No
pengiriman cepat sampai dan baik,kirim cepat,unknown,5,Tokopedia,Positive,Lainnya,No,Hobi & Hiburan,No
bagus pengiriman jg cepat enak untuk dipakai anak ringan,bagus kirim cepat pakai anak ringan,unknown,5,Tokopedia,Positive,Bentuk,No,Fashion,No
case kardusnya dah lama dan robek di box nya ada bekas karat dan strip led cuma ternyata,case kardus dah robek box bekas karat strip led,unknown,2,Tokopedia,Negative,Bentuk,No,Elektronik,No
barang jelek patah diisi gas bocor,barang jelek patah isi gas bocor,unknown,2,Tokopedia,Negative,Bentuk,No,Perabotan,No
bahannya enak lembut ada gel di dalamnya talinya bisa diatur dan gk mengganggu pas tidur packing rapih pengiriman cepat langsung proses ketika jam kerja respon seller juga cepat dan ramah,bahan lembut gel dalam tali atur ganggu pas tidur packing rapih kirim cepat proses jam respon seller cepat ramah,unknown,5,Tokopedia,Positive,Bentuk,No,Perabotan,No
pengiriman lumayan cepat saya sukaa gak slah ukuran juga,kirim lumayan cepat sukaa slah ukur,unknown,4,Tokopedia,Positive,Bentuk,No,Ibu & Bayi,No
ujungnya sedikit robek dan rusak tapi secara keseluruhan baik,ujung robek rusak,unknown,3,Tokopedia,Neutral,Lainnya,No,Hobi & Hiburan,No
barangnya saya terima dalam keadaan pecah di bagian sudut padahal posisi itu dilapis gabus pelindungnya loh jadi saya berasumsi kalau barangnya memang sudah pecah dari sebelum dikirim bukan saat ekspedisi sayang lupa videokan saat unboxing,barang terima pecah sudut posisi lap gabus lindung asumsi barang pecah kirim ekspedisi sayang lupa video unboxing,unknown,1,Tokopedia,Negative,Bentuk,No,Elektronik,No
pengiriman cepat barangnya oke sesuai deskripsi terimakasih,kirim cepat barang oke sesuai deskripsi terimakasih,unknown,5,Tokopedia,Positive,Bentuk,No,Perabotan,No
pecah gagang seller ga mau tanggung jawab sampe akhirnya tokopedia yang memutuskan bisa direfund,pecah gagang seller tanggung tokopedia putus direfund,unknown,1,Tokopedia,Negative,Lainnya,Yes,Perabotan,No
barang nya salah krim minta kampas rem di kasih oli gear hadeh kecewa lah,barang salah krim kampas rem kasih oli gear hadeh kecewa,unknown,1,Tokopedia,Negative,Bentuk,Yes,Otomotif,Yes
bahan plastiknya tdk stretch kaku dan tidak bagus aluas tdk bs melekat spt plastiknya stretch biasanya not recommended,bahan plastik stretch kaku bagus aluas bs lekat spt plastik stretch not recommended,unknown,1,Tokopedia,Negative,Bentuk,No,F&B,Yes
tidak bisa upload atau transfer file dari komputer ke mp3 player padalhan sudah gonti usb cable data yg terbaik dan sudah update usb drive nya ternyata harus beli external memory card awalnya tertulis internal 4gb,upload transfer file komputer mp3 player padalhan gonti usb cable data baik update usb drive beli external memory card tulis internal 4gb,unknown,2,Tokopedia,Negative,Lainnya,No,Elektronik,Yes
pas datang ky bau tape basi ga ky yg sebelumnya pesan kynya sudah rusak,pas ky bau tape basi ky pesan kynya rusak,unknown,1,Tokopedia,Negative,Rasa,Yes,Kesehatan & Kecantikan,No
kartu sd nya cuma gb katanya official tapi malah mksofficial kecewa ini tidak original,kartu sd gb official mksofficial kecewa original,unknown,1,Tokopedia,Negative,Bentuk,Yes,Elektronik,Yes
hasilnya bagus dan sangat memuaskan terimakasih tokopedia,hasil bagus muas terimakasih tokopedia,unknown,5,Tokopedia,Positive,Bentuk,No,Lainnya,No
alhamdulillah barang sudah diterima dg baik respon penjualnya top deh semoga makin sukses abang kurirnya ramah terimakasih,alhamdulillah barang terima dg respon jual top moga sukses abang kurir ramah terimakasih,unknown,5,Tokopedia,Positive,Lainnya,No,Elektronik,No
sangat kecewa tidak seperti dulu pakcing sangat buruk box kayu hancur beli bh untuk jual lagi gak ada yang bagus retur kena biaya lagi terpaksa kami jual tanpa box kayu,kecewa pakcing buruk box kayu hancur beli bh jual bagus retur biaya paksa jual box kayu,unknown,1,Tokopedia,Negative,Bentuk,Yes,Hobi & Hiburan,No
buku udah pasti original dan sangat bagus dengan pengemasan super aman hanya saja pengirimannya lambat,buku original bagus kemas super aman kirim lambat,unknown,4,Tokopedia,Positive,Bentuk,No,Hobi & Hiburan,No
barang sesuai pesanan namun utk saya pilih xl agak kegedean mungkin lebih tepatnya l,barang sesuai pesan pilih xl gede tepat,unknown,5,Tokopedia,Positive,Bentuk,No,Fashion,No
barang sudah diterima sesuai deskripsi repon cepat paking bagus terima kasih,barang terima sesuai deskripsi repon cepat paking bagus terima kasih,unknown,4,Tokopedia,Positive,Bentuk,No,Hobi & Hiburan,No
kotak paket nya kegedean coklat gak dibungkus bubble wrap atau kotak paket gak ada tambahan kertas pengisi jadi bentuk coklat nya udh amburadul semua,kotak paket gede coklat bungkus bubble wrap kotak paket tambah kertas isi bentuk coklat amburadul,unknown,1,Tokopedia,Negative,Bentuk,No,F&B,No
barangnya rusak kak harus diservis dulu,barang rusak kak servis,unknown,3,Tokopedia,Neutral,Lainnya,No,Elektronik,No
kainnya gk tipis standar tebal batik biasa adem lembut variant yg dikirim penjual sesuai,kain tipis standar tebal batik adem lembut variant kirim jual sesuai,unknown,5,Tokopedia,Positive,Bentuk,No,Fashion,No
barang nya rusak,barang rusak,unknown,1,Tokopedia,Negative,Lainnya,Yes,Hobi & Hiburan,No
sangat kecewa sekali tidak profesional sama sekali sy beli dikirim cuma dan tdk ada info apapun dari penjual,kecewa profesional beli kirim info apa jual,unknown,1,Tokopedia,Negative,Bentuk,Yes,Lainnya,No
waktu sampe udah rusak,waktu rusak,unknown,2,Tokopedia,Negative,Lainnya,Yes,Elektronik,No
menggunakan bahan alami melembabkan kulit bayi tanpa bahan pengawet aman buat kulit bayi nggak lengket nggak memicu alergi proses pesanan cepat penjualnya ramah banget respon penjualnya top packaging aman packaging rapi,bahan alami melembabkan kulit bayi bahan awet aman kulit bayi lengket picu alergi proses pesan cepat jual ramah respon jual top packaging aman packaging rapi,unknown,4,Tokopedia,Positive,Bentuk,No,Ibu & Bayi,No
barang tidak sesuai deskripsi bukan fast charger saya sudah coba di hp saya yang mendukung fast charger tapi setelah memakai kabel ini jadi normal charger bkn fast charger,barang sesuai deskripsi fast charger coba hp dukung fast charger pakai kabel normal charger bkn fast charger,unknown,3,Tokopedia,Neutral,Bentuk,No,Elektronik,No
pelayanan toko jelek proses barang lambat di chat tidak menjawab barang rata rata,layan toko jelek proses barang lambat chat barang rata rata,unknown,1,Tokopedia,Negative,Bentuk,No,Elektronik,No
ga sesuai pesan adult dikirim kitten kaleng pd penyok diretur mahalan ongkirnya,sesuai pesan adult kirim kitten kaleng penyok retur mahal ongkirnya,unknown,1,Tokopedia,Negative,Harga,Yes,Perawatan Hewan,No
bagus kokoh enggak yang lari larian rodanya,bagus kokoh lari lari roda,unknown,5,Tokopedia,Positive,Bentuk,No,F&B,No
proses pesanan cepat kualitas sesuai harga berfungsi dengan baik,proses pesan cepat kualitas sesuai harga fungsi,unknown,3,Tokopedia,Neutral,Harga,No,Elektronik,No
produk original packing aman jadi kardus engga penyok mantabs lah,produk original packing aman kardus engga penyok mantabs,unknown,5,Tokopedia,Positive,Bentuk,No,Kesehatan & Kecantikan,No
tempat colokannya gk sesuai masa mic nya berfungsi dilubang headset sedangkan lubang micnya tidak berfungsu,colok sesuai mic fungsi lubang headset lubang micnya berfungsu,unknown,2,Tokopedia,Negative,Bentuk,No,Hobi & Hiburan,No
bahannya halus jahitan juga rapi untuk harga segitu uda oke banget,bahan halus jahit rapi harga segitu uda oke,unknown,5,Tokopedia,Positive,Bentuk,No,Fashion,No
mantap sesuai pesanan pengantaran cepatproduk sesuai deskripsi,mantap sesuai pesan antar cepatproduk sesuai deskripsi,unknown,5,Tokopedia,Positive,Bentuk,No,Otomotif,No
nyaman banget dipakai tetap bisa gerak maksimal kualitas bahan bagusbkn legging yg tipis mantaaap,nyaman pakai gerak maksimal kualitas bahan bagusbkn legging tipis mantaaap,unknown,5,Tokopedia,Positive,Bentuk,No,Ibu & Bayi,No
pengiriman tidak sesuai estimasi,kirim sesuai estimasi,unknown,2,Tokopedia,Negative,Bentuk,Yes,Elektronik,No
bagus rambut jadi lembut,bagus rambut lembut,unknown,5,Tokopedia,Positive,Rasa,No,Kesehatan & Kecantikan,No
saat di charger kenapa gak bisa hidup tolong beri solusi saya tidak bisa pake,charger hidup tolong solusi pake,unknown,2,Tokopedia,Negative,Lainnya,No,Hobi & Hiburan,No
sdh claim percuma tidak ada prnggantian dan tgg jwb pihak dettol blg kesalahan pengirim dan byr insurance pun percuma tdk di ganti jg cape deh,claim prnggantian tgg jwb dettol blg salah kirim byr insurance ganti cape,unknown,1,Tokopedia,Negative,Lainnya,No,Kesehatan & Kecantikan,No
puas sekali dengan seller tineco sangat fast response barang yg dikirimkan jg dengan quality baik proper,puas seller tineco fast response barang kirim quality proper,unknown,5,Tokopedia,Positive,Lainnya,No,Perabotan,No
bagus bagus dimsumnyamasih kedaan bgus ga penyok dalem ya juga seger produknya rekomen bgt klo belanja disini enak ga cape jadi makin sering masak biar hemat dan sehat dirumahmakasi yaa udh mempermudah masak,bagus bagus dimsumnyamasih kedaan bagus penyok dalem seger produk rekomen belanja cape masak biar hemat sehat dirumahmakasi yaa mudah masak,unknown,5,Tokopedia,Positive,Rasa,No,F&B,No
pelayanan buruk barang yang dikirim tidak enak jangan beli disini,layan buruk barang kirim beli,unknown,1,Tokopedia,Negative,Rasa,Yes,F&B,No
tidak menerawang jahitan rapi mudah dibentuk warnanya cantik nyaman dipakai,terawang jahit rapi mudah bentuk warna cantik nyaman pakai,unknown,5,Tokopedia,Positive,Bentuk,No,Fashion,No
barangnya bgus cman saya kurang puas dgn pakingya gak rapi sama sekali sticknyapun cpot tolong perbaiki lagi byar tokonya laris,barang bagus cman puas pakingya rapi sticknyapun cpot tolong baik byar toko laris,unknown,2,Tokopedia,Negative,Bentuk,No,Hobi & Hiburan,No
harga emang ga bohong gampang patah jadi bagi yg kerjar kualitas tidak disarankan tp bagi yg kejar murah silahkan,harga bohong gampang patah kerjar kualitas saran kejar murah silah,unknown,3,Tokopedia,Neutral,Harga,No,Hobi & Hiburan,No
barang tidak di dobel bungkus dengan plastik atau bubble wrap sehingga hancur saat diterima beruntung isinya masih lengkap namun besi nya penyok,barang dobel bungkus plastik bubble wrap hancur terima untung isi lengkap besi penyok,unknown,3,Tokopedia,Neutral,Bentuk,No,Perabotan,No
barang gampang rusak,barang gampang rusak,unknown,3,Tokopedia,Neutral,Lainnya,No,Elektronik,No
pesan buah xxxl ukuran lingkar dada cm yg datang dan cm jauh bos ukurannya cuma kepake buat lap motor aja ini mah,pesan buah xxxl ukur lingkar dada cm cm bos ukur kepake lap motor mah,unknown,1,Tokopedia,Negative,Bentuk,No,Hobi & Hiburan,No
gak sesuai gambar depan terlalu pendek,sesuai gambar pendek,unknown,3,Tokopedia,Neutral,Bentuk,No,Fashion,No
barang yang di gambar itu sudah saya bereskan ulang lem balon nya gak ada sudah dikomplain ke pihak tokopedia biaya nya sudah kembali ke saya tapi tetep ada rasa kecewa karna penjual lagi tidak menginformasikan ketersediaan barang dan saya lagi perlu banget maaf dikasih rate segitu,barang gambar beres ulang lem balon komplain tokopedia biaya tetep kecewa karna jual informasi sedia barang maaf kasih rate segitu,unknown,1,Tokopedia,Negative,Rasa,Yes,Kerajinan & Pesta,No
sory yah pesanan ga sesuai minta xxl di deskrisi lebar panjang yg datang lebar panjang nda muat boss,sory yah pesan sesuai xxl deskrisi lebar lebar nda muat boss,unknown,1,Tokopedia,Negative,Bentuk,No,Hobi & Hiburan,No
lumayan biar pelayanan ala kadarnya tapi di saat main kadang layar loss signal dari wii console nya trus kenapa harus beli hardisk yang begitu besar kalau isi 500game cuma 60gb,lumayan biar layan ala kadar main kadang layar loss signal wii console trus beli hardisk isi 500game 60gb,unknown,3,Tokopedia,Neutral,Bentuk,No,Elektronik,No
tidak sesuai ekspektasi saya bahan tipis cuma modelnya yg bagus,sesuai ekspektasi bahan tipis model bagus,unknown,3,Tokopedia,Neutral,Bentuk,No,Fashion,No
barangnya original harga murah pengiriman cepat terimakasih tokopedia terimakasih seller dan terimakasih untuk para kurir semoga kita sehat selalu dan dijauhkan dr segala macam virus cepat sembuh indonesiaku love ya,barang original harga murah kirim cepat terimakasih tokopedia terimakasih seller terimakasih kurir moga sehat jauh virus cepat sembuh indonesia love,unknown,5,Tokopedia,Positive,Harga,No,Perlengkapan Kantor,No
sdah sampai brang normal sesuai deskripsi pengiriman cepat,sdah brang normal sesuai deskripsi kirim cepat,unknown,5,Tokopedia,Positive,Bentuk,No,Kerajinan & Pesta,No
kualitas kaos kakinya bagus dan tebal,kualitas kaos kaki bagus tebal,unknown,5,Tokopedia,Positive,Bentuk,No,Fashion,No
bulatan besi yg disekrup tidak ada dan salah satu ujungnya tidak bisa diputar,bulat besi sekrup salah ujung putar,unknown,1,Tokopedia,Negative,Bentuk,No,Hobi & Hiburan,No
pesenan sesuai packing paket aman seller baik pengiriman cepat recommended tksh seller,sen sesuai packing paket aman seller kirim cepat recommended tksh seller,unknown,5,Tokopedia,Positive,Bentuk,No,Kesehatan & Kecantikan,No
seller fast respon pengiriman super cepat,seller fast respon kirim super cepat,unknown,5,Tokopedia,Positive,Lainnya,No,Elektronik,No
saya pesan ukuran xl tapi yang datang kuruan m ngak bisa pakai returnya gmn,pesan ukur xl kuruan ngak pakai retur gmn,unknown,1,Tokopedia,Negative,Bentuk,Yes,Hobi & Hiburan,No
susah d bikinnya ga ngerti ribet packing juga kurang bahkan ada yg lecek dan robek kertasnya ya uda lah,susah bikin ngerti ribet packing lecek robek kertas uda,unknown,2,Tokopedia,Negative,Lainnya,No,Kerajinan & Pesta,No
bagus barang sampai cepat,bagus barang cepat,unknown,5,Tokopedia,Positive,Bentuk,No,Hobi & Hiburan,No
mantaaaappp sudah tersumet dengan sempurna,mantaaaappp tersumet sempurna,unknown,5,Tokopedia,Positive,Lainnya,No,Kerajinan & Pesta,No
sial gak ada wangi wangi nya sama sekali gak ada sama sekali biji kopinya gak sesuai judul biji kopi kecewa banget pantesan murah kita cuma dikasih sampah penipu,sial wangi wangi biji kopi sesuai judul biji kopi kecewa pantesan murah kasih sampah tipu,unknown,1,Tokopedia,Negative,Bentuk,Yes,Otomotif,Yes
udah di tes baterai compatibel ane pake dslr 1100d,tes baterai compatibel ane pake dslr 1100d,unknown,5,Tokopedia,Positive,Lainnya,No,Elektronik,No
cepet nyampe seller oke,cepet seller oke,unknown,5,Tokopedia,Positive,Lainnya,No,Hobi & Hiburan,No
ada aksesoris yang ga ada sama yang rusak kan harus nya ada pcs in cuma pcs lain kali tolong d check dlu ya,aksesoris rusak pcs in pcs tolong check,unknown,3,Tokopedia,Neutral,Bentuk,No,Fashion,No
pengiriman laptop dr toko tidak dicek dahulu laptop yg dikasih ke pembeli layar pecah kerdus rusak padahal packingan tidak ada yg rusak menghabiskan waktu saja buat klaim ke tokpedia berminggu minggu baru berhasil klaim ke pihak asuransi ternyata toko yg sudah verified tidak menjamin pelayanan toko ini buruk respon cepat saat awal beli aja saat dikomplen sangat lama mengulur2 waktu tidak mau tanggung jawab padahal jelas komplainan langsung dihari berikutny setelah paket dibuka yg seharusny bisa langsung tuker unit langsung dr toko trus apa gunany ditulis di deskripsi garansi toko hari cukup terakhir beli disini thanks,kirim laptop toko cek laptop kasih beli layar pecah kerdus rusak packingan rusak habis waktu klaim tokpedia minggu minggu hasil klaim asuransi toko verified jamin layan toko buruk respon cepat beli dikomplen mengulur2 waktu tanggung komplain hari berikutny paket buka seharusny tuker unit toko trus gunany tulis deskripsi garansi toko beli thanks,unknown,1,Tokopedia,Negative,Bentuk,Yes,Elektronik,Yes
tidak ada tissue pembersih atau alat bantuan lainnya untuk memasang sangat kecewa,tissue bersih alat bantu pasang kecewa,unknown,1,Tokopedia,Negative,Lainnya,Yes,Elektronik,No
barang tiba sudah bocor dan botol sudah kosong padahal kardus dan bubble wrap masih utuh jelas tutup botolnya tidak ada segel penjual berdalih kesalahan pada pihak ekspedisi dan harus klaim asuransi saya sudah lengkapi permintaan asuransi upload ktp foto produk video tapi klaim todak disetujui dan dana diteruskan ke penjual sangat kecewa sekelas official store servisnya seperti ini,barang bocor botol kosong kardus bubble wrap utuh tutup botol segel jual dalih salah ekspedisi klaim asuransi lengkap minta asuransi upload ktp foto produk video klaim todak tuju dana terus jual kecewa kelas official store servis,unknown,1,Tokopedia,Negative,Lainnya,Yes,Kesehatan & Kecantikan,No
bagus barangnya ga cacat pelindungnya tebel pengirimannya cepet banget,bagus barang cacat lindung tebel kirim cepet,unknown,5,Tokopedia,Positive,Bentuk,No,Hobi & Hiburan,No
ini gmn ssd nya gak bisa di pake sy minta ganti,gmn ssd pake ganti,unknown,1,Tokopedia,Negative,Lainnya,No,Elektronik,No
respon cepat produk sampai dengan cepat,respon cepat produk cepat,unknown,3,Tokopedia,Neutral,Lainnya,No,F&B,No
saya tulis ukuran yg di butuhkan macam yg saya terima ini hanya macam ngga bisa kita pake semua,tulis ukur butuh terima pake,unknown,2,Tokopedia,Negative,Bentuk,No,Fashion,No
baru dipakai malam langsung ngedrop,pakai malam ngedrop,unknown,1,Tokopedia,Negative,Lainnya,No,Elektronik,No
good ban jadi hitam kembali mantap,good ban hitam mantap,unknown,5,Tokopedia,Positive,Rasa,No,Otomotif,No
untuk sepatu adidas ultra boost sya tidak bisa lengket udh dicuci bersih trus sya ampelas bagian yg mau di lem tpi tetep gamau lengket semoga pembeli yg lain bisa lengket gak seperti di sepatu sya,sepatu adidas ultra boost sya lengket cuci bersih trus sya ampelas lem tetep gamau lengket moga beli lengket sepatu sya,unknown,1,Tokopedia,Negative,Lainnya,No,Perabotan,No
sangat mengecewakan pesen kotak2 yg dateng celana stret buat renang engga bisa di pakai engga lgi bli di toko ini,kecewa sen kotak2 dateng celana stret renang engga pakai engga lgi bli toko,unknown,1,Tokopedia,Negative,Lainnya,Yes,Fashion,No
fast respon next bakal order lagi disini thank you,fast respon next order thank you,unknown,5,Tokopedia,Positive,Lainnya,No,Hobi & Hiburan,No
kok hancur tempenya saya dikasih yg puing2 tempe yg utuh hanya beberapa kecewa sih kan saya di sini bayar,hancur tempe kasih puing2 tempe utuh kecewa bayar,unknown,2,Tokopedia,Negative,Harga,Yes,F&B,Yes
beli di official store tgl feb eh feb udh sampai di siang hari cepat banget thank you bangettttt cussons dapet harga flass sale jd murah,beli official store tgl feb eh feb siang cepat thank you bangettttt cussons harga flass sale jd murah,unknown,5,Tokopedia,Positive,Harga,No,Kesehatan & Kecantikan,No
bagus mudah mudahan awet,bagus mudah mudah awet,unknown,4,Tokopedia,Positive,Bentuk,No,Fashion,No
kualitas barang tidak bagus,kualitas barang bagus,unknown,3,Tokopedia,Neutral,Bentuk,No,Perabotan,No
pembelian yg ini sy kecewa krn lampunya nggak nyala jg cetekan yg tdk buny,beli kecewa lampu nyala cetek buny,unknown,3,Tokopedia,Neutral,Lainnya,No,Fashion,No
bagus berfungsi dengan bagus mantap,bagus fungsi bagus mantap,unknown,5,Tokopedia,Positive,Rasa,No,Lainnya,No
minta halus dikirim kasar laen ngopi duli biar melek admin yg ngurusin orderan,halus kirim kasar laen ngopi duli biar melek admin ngurusin order,unknown,1,Tokopedia,Negative,Bentuk,No,F&B,No
sepatunya enteng solnya empuk nyaman dipakai ukurannya sesuai desainnya sporty proses pesanan cepat warnanya cantik packaging aman,sepatu enteng sol empuk nyaman pakai ukur sesuai desain sporty proses pesan cepat warna cantik packaging aman,unknown,5,Tokopedia,Positive,Bentuk,No,Fashion,No
barangnya sesuai gambar lucu jga dipke anak saya,barang sesuai gambar lucu jga dipke anak,unknown,5,Tokopedia,Positive,Bentuk,No,Fashion,No
warna tidak sesuai dengan keinginan padahal sdh dichat,warna sesuai dichat,unknown,1,Tokopedia,Negative,Bentuk,Yes,Fashion,No
packing rapi dan memuaskan mantabh,packing rapi muas mantabh,unknown,5,Tokopedia,Positive,Bentuk,No,Lainnya,No
sy apes diorderan yang entah keberapa ini ternyata penjual tidak ramah terhadap pelanggan,apes order berapa jual ramah langgan,unknown,1,Tokopedia,Negative,Lainnya,No,Hobi & Hiburan,No
pembelian kedua tapi baru buka langsung sobek bagian atas,beli buka sobek,unknown,1,Tokopedia,Negative,Lainnya,No,Otomotif,No
packing bubble ok kualitas barang sesuai harga makasih gan,packing bubble oke kualitas barang sesuai harga makasih gan,unknown,5,Tokopedia,Positive,Harga,No,Elektronik,No
barang di trima dlm keadaan lecek sperti itu pesen lembar dlm keadaan melitut di bungkus bareng dgn list pesenan sya kecewa banged not rekomend seller,barang trima dlm lecek sperti sen lembar dlm melitut bungkus bareng list sen sya kecewa banged not rekomend seller,unknown,1,Tokopedia,Negative,Lainnya,Yes,Perabotan,Yes
tidak ada outer box fastener padahal sudah di note untuk dipastikan ke komponen lengkap barang sudah banyak goresan segel kertas sobek padahal rencana mau pesen banyak buat souvenir,outer box fastener note komponen lengkap barang gores segel kertas sobek rencana sen souvenir,unknown,2,Tokopedia,Negative,Bentuk,No,Perabotan,No
produk ok packing bagus pengiriman cepat,produk oke packing bagus kirim cepat,unknown,5,Tokopedia,Positive,Bentuk,No,Ibu & Bayi,No
pesen apa datengnya apa untung masih menang argumen waktu komplain tapi terpaksa nerima barang dengan refund dipotong harga barang yg dikirim seller enak untung buyer tetep rugi,sen datengnya untung menang argumen waktu komplain paksa nerima barang refund potong harga barang kirim seller untung buyer tetep rugi,unknown,1,Tokopedia,Negative,Rasa,Yes,Fashion,No
seharusnya chat dijadikan makesure barang warna dll jgn kaku kaku bgt jadi roko,chat jadi makesure barang warna dll jgn kaku kaku roko,unknown,1,Tokopedia,Negative,Bentuk,No,Elektronik,No
bahan bagus agak tebal spertinya ga cepet longgar halus breathable panjang pengiriman super cepat penjual sangat komunikatif smoga barang awet puas belanja di toko ini thanks,bahan bagus tebal spertinya cepet longgar halus breathable kirim super cepat jual komunikatif smoga barang awet puas belanja toko thanks,unknown,5,Tokopedia,Positive,Bentuk,No,Fashion,No
material produk bagus ukuran produk sesuai,material produk bagus ukur produk sesuai,unknown,4,Tokopedia,Positive,Bentuk,No,F&B,No
fiturnya cukup bagus sesuai harga,fiturnya bagus sesuai harga,unknown,4,Tokopedia,Positive,Harga,No,Hobi & Hiburan,No
barang tdk di packing hanya pake kantong plastik dan kaleng nya pd rusak semua pengiriman sangat lama saya sangat kecewa dan tdk akan belanja di toko ini parah sekali service nya,barang packing pake kantong plastik kaleng rusak kirim kecewa belanja toko parah service,unknown,1,Tokopedia,Negative,Bentuk,Yes,Perawatan Hewan,No
respon sangat profesional dan siap membantu dng semua pertanyaan pengiriman sangat cepat dan kwalitas barangnya sesuai,respon profesional bantu dng kirim cepat kwalitas barang sesuai,unknown,5,Tokopedia,Positive,Bentuk,No,Elektronik,No
beli pcs tapi yang rusak,beli pcs rusak,unknown,2,Tokopedia,Negative,Lainnya,Yes,Perlengkapan Kantor,No
harga sih promo sy pake gojek instant lebih mahal ongkirnya drpd barangnya krn mau dipake cepet pas nyampe eh ternyata udah patah sebelah standnya kecewa sih karna kalo jual promo ada cacat ya di catet gitu biar customer ga beli barang promo kalo tau ada cacatnya seller si oke buat tuker barang tp udh ga efektif aja sy mau pake cepet jg jd ga bisa di retur jg ongkir lebih mahal lagi dari kualitas barangnya mengecewakan deh pokonya kapok beli disini,harga promo pake gojek instant mahal ongkirnya drpd barang dipake cepet pas eh patah belah standnya kecewa karna jual promo cacat catet gitu biar customer beli barang promo tau cacat seller si oke tuker barang efektif pake cepet jd retur ongkos kirim mahal kualitas barang kecewa poko kapok beli,unknown,1,Tokopedia,Negative,Harga,Yes,Elektronik,Yes
kualitas bagus packing safety bingitz cm syg pengiriman lama klo boleh saran pake si cepat lbh bagus,kualitas bagus packing safety bingitz cm syg kirim saran pake si cepat lbh bagus,unknown,5,Tokopedia,Positive,Bentuk,No,Otomotif,No
mantap fast response penjual ramah dan solutif next pasti order disini lagi thanks gan,mantap fast response jual ramah solutif next order thanks gan,unknown,5,Tokopedia,Positive,Rasa,No,Perlengkapan Kantor,No
pisang kecil isinya sedikit nyeesel,pisang isi nyeesel,unknown,1,Tokopedia,Negative,Bentuk,No,F&B,No
kualitas barang sesuai harga bahan lumayan halus tapi sablon agak kasar sepertinya jangan di cuci dengan mesin cuci pengiriman cepat,kualitas barang sesuai harga bahan lumayan halus sablon kasar cuci mesin cuci kirim cepat,unknown,4,Tokopedia,Positive,Bentuk,No,Fashion,No
tidak sesuai pesanan,sesuai pesan,unknown,1,Tokopedia,Negative,Bentuk,Yes,Perlengkapan Kantor,No
toko tidak mengirim2kan barang smpai gagal pickup 3x entah apa yg membuat kendala toko admin toko sangat tidak profesional entah mmg pada gak bener saya jg tdk tahu yang jelas semua berbelit2 dan gak jelas pesan hari minggu dikirim hari rabu ini toko official store tapi sepertinya perlu dipertimbangkan lagi krna pelayanan sangat tidak baik sepertinya para pekerjanya yg gk bener bungkus juga cm kardus doang tanpa dilapis apapun,toko mengirim2kan barang smpai gagal pickup 3x kendala toko admin toko profesional mmg bener berbelit2 pesan minggu kirim rabu toko official store timbang krna layan kerja bener bungkus cm kardus doang lap apa,unknown,1,Tokopedia,Negative,Lainnya,Yes,Kesehatan & Kecantikan,No
ga tahan lama mgg setelah beli sudah rusak,tahan mgg beli rusak,unknown,2,Tokopedia,Negative,Bentuk,Yes,Fashion,No
brang nya kurang item beli yg dtng,brang item beli dtng,unknown,2,Tokopedia,Negative,Lainnya,No,Fashion,No
barangnya lumayan tp kecewa sama respon penjual yg tidak membantu dan makin kecewa dengan pihak ekspedisi barang ga dikirim2 smpai saya harus ambil sendiri,barang lumayan kecewa respon jual bantu kecewa ekspedisi barang dikirim2 smpai ambil,unknown,1,Tokopedia,Negative,Bentuk,Yes,F&B,No
hmmmm barang kurang kokoh tidak bisa utk menyimpan barang berat doyong kemahalan utk tingkat kekokohan seperti ini sorry,hmmmm barang kokoh simpan barang berat doyong mahal tingkat kokoh sorry,unknown,2,Tokopedia,Negative,Harga,No,F&B,No
parah bener gan barangnya melenceng jauh dari alat yg merk lain tempat baterai sudah berkarat karena murah jadi ya masih cukup kl bintang no komplain mahal di ongkir baliknya anggep saja apes,parah bener gan barang lenceng alat merk baterai karat murah kl bintang no komplain mahal ongkos kirim balik anggep apes,unknown,2,Tokopedia,Negative,Harga,Yes,Perabotan,No
bagus kuteknya dan pengiriman respon penjual okey nyesel pesan next time order lagi thx,bagus kuteknya kirim respon jual okey nyesel pesan next time order thx,unknown,4,Tokopedia,Positive,Bentuk,No,Kesehatan & Kecantikan,No
maaf barang berfungsi tapi sayang kalo d pake d tv beresolusi fhd gambar tetep pecah,maaf barang fungsi sayang pake tv resolusi fhd gambar tetep pecah,unknown,3,Tokopedia,Neutral,Lainnya,No,Elektronik,No
pengiriman tidak sesuai jadwal pengiriman sangat lama tidak di proses proses di anjurkan sangat kalau buru jgn beli di toko ini pelayanan buruk hanya cepat membalas chat saat mau beli klau sudah beli boro di bales di read saja tidak,kirim sesuai jadwal kirim proses proses anjur buru jgn beli toko layan buruk cepat balas chat beli klau beli boro bales read,unknown,1,Tokopedia,Negative,Bentuk,Yes,Perlengkapan Kantor,No
ko ga membantu dalam masalah jerawat malah nambah banyak,ko bantu jerawat nambah,unknown,1,Tokopedia,Negative,Lainnya,No,Kesehatan & Kecantikan,No
kameranya bagus banget pengirimannya cepat penjualnya juga ramah banget suka banget belanja disini,kamera bagus kirim cepat jual ramah suka belanja,unknown,5,Tokopedia,Positive,Bentuk,No,Elektronik,No
pengiriman cepat dan aman ini sudah mulai repeat order buat nabung,kirim cepat aman repeat order nabung,unknown,5,Tokopedia,Positive,Lainnya,No,Lainnya,No
yg satu kuasnya diangkat sudah dalam keadaan patah lepas brushnya nyemplung di dalam mohon dicek kembali sblm dikirim,kuas angkat patah lepas brushnya nyemplung cek sblm kirim,unknown,3,Tokopedia,Neutral,Bentuk,No,Kesehatan & Kecantikan,No
pesen putih yg sampai hitam giliran sy mau balikin boleh sih ditukar sm yg putih tapi ongkir mereka gak mau tanggung sama jg boong padahal jelas2 mereka blg kesalahan mmg pada mereka,sen putih hitam gilir balikin tukar sm putih ongkos kirim tanggung boong jelas2 blg salah mmg,unknown,2,Tokopedia,Negative,Harga,No,Kesehatan & Kecantikan,No
tidak sesuai dengan pesanan tidak dilaminasi namun sudah di refund hanya biasa laminasi,sesuai pesan laminasi refund laminasi,unknown,3,Tokopedia,Neutral,Bentuk,No,Lainnya,No
pengiriman cepat harga murah bahan sesuai harga,kirim cepat harga murah bahan sesuai harga,unknown,4,Tokopedia,Positive,Harga,No,Fashion,No
pelayanan buruk sekali pengiriman barang buruk sekali dan lama banget sampainya kapok beli disini lagi gak lagi lagi,layan buruk kirim barang buruk sampai kapok beli,unknown,1,Tokopedia,Negative,Lainnya,Yes,Perlengkapan Kantor,No
mac hancur padahal sudah add bubbel krn kardus cuman nempel doank di mac jd ketindih2 pecah,mac hancur add bubbel kardus cuman nempel doank mac jd ketindih2 pecah,unknown,1,Tokopedia,Negative,Lainnya,Yes,Lainnya,No
barang tidak di kirim sampai sekarang respon penjual payah dan mengecewakan bikin kapok kalau barang nggak ada tolong uang ku di kembalikan,barang kirim respon jual payah kecewa bikin kapok barang tolong uang ku kembali,unknown,1,Tokopedia,Negative,Lainnya,Yes,Hobi & Hiburan,No
saya beli tasbih digital berbeda warna tapi setelah saya terima barangnya tidak sesuai catatan yang saya kasih,beli tasbih digital beda warna terima barang sesuai catat kasih,unknown,2,Tokopedia,Negative,Bentuk,Yes,Fashion,No
biarkan gambar bercerita pesan bh yg rusak bh jgn percaya balasan pembelaan apapun dari seller tidak amanah alasan rusak expedisi padahal bisa dilihat sebagian letak cacat bukan dari expedisi dan sebagian yg lain kalaupun dari expedisi ceroboh itu karena packingan tanpa kardus per satuannya dan bubble juga tipis sekali lewat seadanya tanpa tempelan fragile padahal sudah pesan bubble dan kardus tambahan seller berusaha dilimpahkan biar diganti asuransi untung sudah diviseo unboxing dan ditolak jg dr expedisi saya tidak pernah cerita panjang lebar di ulasan tapi berhubung demi kenyamanan buyer lain utk jadi pertimbangan bacalah ini waspadalah waspadalah tidak ada itikad baik berusaha lepas tangan bahaya bisa rusak tokopedia kalau banyak seller begini sudah dikasih note sewaktu proses dan sudah juga dichat dulu sebelum kirim utk hati hati karena mau utk dijual lagi sudah ajukan resolusi pengambalian dana ke tokopedia tp dialihkan ke asuransi utk akhirnya tetap tokopeda refund dana trims admin,biar gambar cerita pesan bh rusak bh jgn percaya balas bela apa seller amanah alas rusak expedisi letak cacat expedisi expedisi ceroboh packingan kardus satu bubble tipis ada tempel fragile pesan bubble kardus tambah seller usaha limpah biar ganti asuransi untung diviseo unboxing tolak expedisi cerita lebar ulas hubung nyaman buyer timbang baca waspada waspada itikad usaha lepas tangan bahaya rusak tokopedia seller kasih note proses dichat kirim hati hati jual aju resolusi pengambalian dana tokopedia alih asuransi tokopeda refund dana trims admin,unknown,1,Tokopedia,Negative,Bentuk,Yes,Elektronik,No
produk yg dikirim tdk on alias mati produk rusak yg dikirim sbg konsumen sy dirugikan,produk kirim on alias mati produk rusak kirim konsumen rugi,unknown,1,Tokopedia,Negative,Lainnya,Yes,Fashion,No
pengiriman cepat packing aman suka sm produknya trimakasih,kirim cepat packing aman suka sm produk trimakasih,unknown,5,Tokopedia,Positive,Lainnya,No,Perawatan Hewan,No
barang cepat sampai kualitas bagus dan pengiriman aman tidak ada yang pecah manstapu,barang cepat kualitas bagus kirim aman pecah manstapu,unknown,5,Tokopedia,Positive,Bentuk,No,Elektronik,No
bahannya nyaman penjualnya ramah banget nyaman di punggung packaging aman,bahan nyaman jual ramah nyaman punggung packaging aman,unknown,5,Tokopedia,Positive,Bentuk,No,Ibu & Bayi,No
to be honest barang rusak tangkai patah dikirim saya salah juga pas buka ga di video unboxing but overall sangat sangat mengecewakan sih kualiatas barang ini toko padahal sudah di kasih notes waktu pemesanan harap di check dulu min barang sebelum dikirim kapok sih klo saya,to be honest barang rusak tangkai patah kirim salah pas buka video unboxing but overall kecewa kualiatas barang toko kasih notes waktu mesan harap check min barang kirim kapok,unknown,1,Tokopedia,Negative,Bentuk,Yes,Fashion,No
terimakasih banyak untuk toko ini saya kelupaan beli lilin ultah jadi baru hari h acara syukur puji tuhan lilin bisa sampai tepat waktu padahal dikirim keluar kota,terimakasih toko lupa beli lilin ultah acara syukur puji tuhan lilin waktu kirim kota,unknown,5,Tokopedia,Positive,Lainnya,No,Kerajinan & Pesta,No
mevvah bro thx u fast respon dan fast delivery recommended,mevvah bro thx fast respon fast delivery recommended,unknown,5,Tokopedia,Positive,Lainnya,No,Otomotif,No
yg sebelah kanan ga bisa pas di telinga udh dicoba org hasilx sama ga bisa pas jadi dengarx ga maksimal,belah kanan pas telinga coba org hasilx pas dengarx maksimal,unknown,3,Tokopedia,Neutral,Bentuk,No,Elektronik,No
packing tidak rapih balon foil kusut tidak dilipat hanya dikuntal kuntal dimasukkan kedalam plastik kalau yg size kecil masih oke tp yg size besar jadi pada lecek dan kusut padahal dari awal chat saya udah bilang buat dijual lg kalau sudah lecek begini gak mungkin saya kasih ke orang,packing rapih balon foil kusut lipat dikuntal kuntal masuk dalam plastik size oke size lecek kusut chat bilang jual lg lecek kasih,unknown,1,Tokopedia,Negative,Bentuk,No,Kerajinan & Pesta,No
salah alamat sudah saya kirim chat bahwa minta dicancel utk pesanan tsb krn sy salah masukin alamat menit berikutnya langsung saya pesan ulang ke alamat yg betul bukannya dibaca dulu chatnya malah langsung diproses dua2nya dasar gak becus ifillll dan gak akan pesan di toko ini lagi,salah alamat kirim chat dicancel pesan tsb salah masukin alamat menit pesan ulang alamat baca chatnya proses dua2nya dasar becus ifillll pesan toko,unknown,1,Tokopedia,Negative,Lainnya,No,Kesehatan & Kecantikan,No
barang kualitas jelek kaki patah banyak pecah sedikit ditekuk pecah dan copot blum sempet pake udh tak buang aja,barang kualitas jelek kaki patah pecah tekuk pecah copot blum sempet pake buang,unknown,1,Tokopedia,Negative,Bentuk,No,Elektronik,No
saya pesan yg putih biasa kenapa di kirim yg ini tidak sesuai,pesan putih kirim sesuai,unknown,2,Tokopedia,Negative,Bentuk,Yes,Fashion,No
customer servis pesan same day delivery baru nyampe besoknya itu pun malam ketika di komplen cuci tangan ga mau tau really negative ga akan beli barang lagi di tokopedia,customer servis pesan same day delivery besok malam komplen cuci tangan tau really negative beli barang tokopedia,unknown,1,Tokopedia,Negative,Lainnya,No,Hobi & Hiburan,No
paket gepeng gosend gak bener pelayanan kurang bertanggung jawab done,paket gepeng gosend bener layan tanggung done,unknown,1,Tokopedia,Negative,Lainnya,No,Lainnya,No
keren banget dengan harga yang murah banget dapet kualitas yg bagus pelayanan seller juga responsif,keren harga murah kualitas bagus layan seller responsif,unknown,5,Tokopedia,Positive,Harga,No,Perabotan,No
beda sekali kwalitas nya dgn penampilan foto,beda kwalitas tampil foto,unknown,1,Tokopedia,Negative,Bentuk,No,Perabotan,No
paket sampai dgn selamat semoga cocok,paket selamat moga cocok,unknown,4,Tokopedia,Positive,Lainnya,No,Ibu & Bayi,No
salah kirim barang yang dikirim item harga jauh lebih murah smart breaker transaksi sudah terlanjur diselesaikan karena sudah beli beberapa kali dan biasa tidak ada masalah,salah kirim barang kirim item harga murah smart breaker transaksi lanjur selesai beli,unknown,1,Tokopedia,Negative,Harga,Yes,Elektronik,No
pelayanan penjual nya jelek slow respon banget,layan jual jelek slow respon,unknown,1,Tokopedia,Negative,Bentuk,No,Hobi & Hiburan,No
barang barang nya bagus dan kurirnya rela mengantarkan walupun gerimis salut sama kurirnya,barang barang bagus kurir rela antar walupun gerimis salut kurir,unknown,5,Tokopedia,Positive,Bentuk,No,Perlengkapan Kantor,No
baru dibuka ternyata robek,buka robek,unknown,1,Tokopedia,Negative,Lainnya,No,Hobi & Hiburan,No
untuk kain jarik batik agak kecewa sih saya pesen yang warna tapi dikasih yang klasik bahan agak kasar dan tidak panjang kainnya memang sih sesuai harga tapi yasudah gpp thanks,kain jarik batik kecewa sen warna kasih klasik bahan kasar kain sesuai harga yasudah gpp thanks,unknown,3,Tokopedia,Neutral,Bentuk,No,Fashion,No
pengiriman cepat pesanan sesuai gak ada cacat packing aman,kirim cepat pesan sesuai cacat packing aman,unknown,5,Tokopedia,Positive,Bentuk,No,Kesehatan & Kecantikan,No
barang sdh tiba dengan selamat trimakasih,barang selamat trimakasih,unknown,5,Tokopedia,Positive,Lainnya,No,Hobi & Hiburan,No
salah satu kakinya ada yg bengkok jadi gabisa dipake udah minta refund tetep gabisa yasudahlah,salah kaki bengkok gabisa dipake refund tetep gabisa yasudahlah,unknown,2,Tokopedia,Negative,Lainnya,Yes,Elektronik,No
kualitas produk bagus jahitan rapi potongannya rapi desainnya cantik,kualitas produk bagus jahit rapi potong rapi desain cantik,unknown,5,Tokopedia,Positive,Bentuk,No,Fashion,No
lampu mati tidak mau nyala minta di revan,lampu mati nyala revan,unknown,1,Tokopedia,Negative,Lainnya,Yes,Otomotif,No
ringan bgt enak dipakainya dan batang pel nya kokoh ga nyangka harga semurah ini tp kualitasnya bagus bgt pel an nya bs mutar derajat bikin gampang ngepelnya ga harus manuver belok2 bikin pegal,ringan pakai batang pel kokoh nyangka harga murah kualitas bagus pel an bs mutar derajat bikin gampang ngepelnya manuver belok2 bikin pegal,unknown,5,Tokopedia,Positive,Bentuk,No,Perabotan,No
berat barang di deskripsi 5kg padahal berat asli barang dari kurir saat diterima cuma 1kg jadi ongkir sangat mahal dari kenyataan dan harus mengajukan komplain dll untuk bisa dapat refund ongkir merepotkan,berat barang deskripsi 5kg berat asli barang kurir terima 1kg ongkos kirim mahal nyata aju komplain dll refund ongkos kirim repot,unknown,1,Tokopedia,Negative,Harga,Yes,Ibu & Bayi,No
barang cacad banyak dent kabel usb adapter gk jalan,barang cacad dent kabel usb adapter jalan,unknown,1,Tokopedia,Negative,Lainnya,No,Elektronik,No
overall keren paking aman seller ramah n fast respond jga,overall keren paking aman seller ramah fast respond jga,unknown,5,Tokopedia,Positive,Lainnya,No,Elektronik,No
katanya disuruh pakai bubblewrap utk keamanan barang tapi tetep aja barangnya ga dikasih bubblewrap padahal berbayar,suruh pakai bubblewrap aman barang tetep barang kasih bubblewrap bayar,unknown,1,Tokopedia,Negative,Harga,No,Kerajinan & Pesta,No
pengirimannya cepet tapi barangnya tidak sesuai ekspektasi,kirim cepet barang sesuai ekspektasi,unknown,2,Tokopedia,Negative,Bentuk,Yes,Elektronik,No
bonus kalender nya lecek2 buku ok,bonus kalender lecek2 buku oke,unknown,3,Tokopedia,Neutral,Lainnya,No,Hobi & Hiburan,No
alat bagus tapi gak bisa dipakai lama dipakai kurang dari menit udah overload dan harus nunggu kerjaan bersih2 jadinya memakan waktu yg lama sekali,alat bagus pakai pakai menit overload nunggu kerja bersih2 makan waktu,unknown,3,Tokopedia,Neutral,Bentuk,No,Elektronik,No
ga jujur ini orang dagang,jujur dagang,unknown,1,Tokopedia,Negative,Lainnya,No,Perawatan Hewan,No
barang sesuai packing aman pengiriman dan pengemasan cepat blm dicoba semoga cocok,barang sesuai packing aman kirim kemas cepat coba moga cocok,unknown,5,Tokopedia,Positive,Bentuk,No,Perawatan Hewan,No
file cd kosong tidak rekomendasi,file cd kosong rekomendasi,unknown,1,Tokopedia,Negative,Lainnya,Yes,Hobi & Hiburan,No
kabel nya original hanya untuk iphone seri tinggi harus di bolak balik saat di cas baru bisa masuk,kabel original iphone seri tinggi bolak cas,unknown,4,Tokopedia,Positive,Bentuk,No,Elektronik,No
gagang tlp ny patah,gagang tlp patah,unknown,3,Tokopedia,Neutral,Lainnya,No,Hobi & Hiburan,No
tebal berkualitas jaketnya stylish keren modelnya,tebal kualitas jaket stylish keren model,unknown,5,Tokopedia,Positive,Bentuk,No,Fashion,No
order yg k2 ko sy sangat kecewa bungkus sudah pecah kopi berhamburan k mna gak tau ini kesalahan dr selese seler atau kurir,order k2 ko kecewa bungkus pecah kopi hambur mna tau salah selese seler kurir,unknown,1,Tokopedia,Negative,Lainnya,Yes,F&B,No
selamat siang bos pesanan sudah saya terima belum di pasang di coba packing sangat rapi dan aman product mantap pokoknya top markotop pelayanan sangat oke toko sangat recomended sekali makasih banyak atas semuanya salam sukses sehat dan sejahtera selalu aamiin,selamat siang bos pesan terima pasang coba packing rapi aman product mantap pokok top markotop layan oke toko recomended makasih sukses sehat sejahtera aamiin,unknown,5,Tokopedia,Positive,Bentuk,No,Elektronik,No
pesan item brg yg di kirim hanya item brg brg kosong tdk di infokan,pesan item brg kirim item brg brg kosong info,unknown,1,Tokopedia,Negative,Lainnya,No,Kerajinan & Pesta,No
barangnya bagus mewah banget udah dicoba jg bulu2 yg ngegumpal ke tarik jg bagus pokoknya,barang bagus mewah coba bulu2 ngegumpal tarik bagus pokok,unknown,5,Tokopedia,Positive,Bentuk,No,Perawatan Hewan,No
sampai dengan selamat,selamat,unknown,5,Tokopedia,Positive,Lainnya,No,Hobi & Hiburan,No
jeruknya udh busuk dikirim yg gk busuk gk ada lagi airnya pilus keras,jeruk busuk kirim busuk air pilus keras,unknown,1,Tokopedia,Negative,Rasa,No,F&B,No
cepat rusak gampang sobek kotor tidak recommend,cepat rusak gampang sobek kotor recommend,unknown,1,Tokopedia,Negative,Bentuk,Yes,Otomotif,No
maaf pembelian yg ke kali nya kecewa saya pesan x dus isi malah d kirim dus isi jd kurang,maaf beli kecewa pesan dus isi kirim dus isi jd,unknown,1,Tokopedia,Negative,Lainnya,Yes,F&B,Yes
pengiriman cepat kabel sesuai plus dikasih bonus pelindung kabel top lah,kirim cepat kabel sesuai plus kasih bonus lindung kabel top,unknown,5,Tokopedia,Positive,Bentuk,No,Elektronik,No
expirednya bentar lagi,expirednya bentar,unknown,3,Tokopedia,Neutral,Lainnya,No,Kesehatan & Kecantikan,No
pengiriman cepat dibungkus rapi bubble wrap tebel buku original udah disampul rapih bgt terbaik deh pokoknya,kirim cepat bungkus rapi bubble wrap tebel buku original sampul rapih baik pokok,unknown,5,Tokopedia,Positive,Bentuk,No,Hobi & Hiburan,No
kualitas menurun sambungan bagian tengah mudah sobek,kualitas turun sambung tengah mudah sobek,unknown,1,Tokopedia,Negative,Bentuk,No,Kesehatan & Kecantikan,No
untuk sekelas official store ini paling kacau sih packingnya bener2 cuma plastik item tipis kualitas trash bag dilakban asal asalan mending kalau ada tambah opsi bubble wrap,kelas official store kacau packingnya bener2 plastik item tipis kualitas trash bag dilakban asal mending opsi bubble wrap,unknown,3,Tokopedia,Neutral,Bentuk,No,Elektronik,No
bagus produknya enak marumiya rice topping furikake nya bisa juga untuk bubur harga terjangkau recommended,bagus produk marumiya rice topping furikake bubur harga jangkau recommended,unknown,5,Tokopedia,Positive,Harga,No,F&B,No
kualitas ala kadar nya obeng buat buka mur ujung matanya kalah meletot padahalur nya ngga terlalu kenceng bahannya kurang bagus,kualitas ala obeng buka mur ujung mata kalah meletot padahalur kenceng bahan bagus,unknown,3,Tokopedia,Neutral,Bentuk,No,Perabotan,No
kecewa robot nya lemot kyaxnya ini yg kw ny ga lagi dah blanja disini,kecewa robot lot kyaxnya palsu dah blanja,unknown,1,Tokopedia,Negative,Bentuk,Yes,Hobi & Hiburan,Yes
barang cacat saya tidak suka,barang cacat suka,unknown,1,Tokopedia,Negative,Lainnya,Yes,Otomotif,No
mantap cepat tepat,mantap cepat,unknown,5,Tokopedia,Positive,Rasa,No,Lainnya,No
udah pembelian ke awet dan tahan lama gak gampang rusak paling beli lagi karena ilang ato dipinjem gak dibalikin,beli awet tahan gampang rusak beli ilang ato dipinjem dibalikin,unknown,5,Tokopedia,Positive,Bentuk,No,Kesehatan & Kecantikan,No
sangat kecewa sekali produk kakinya goyang tidak rata oglek2 hati2 jika membeli warna putih karena tidak sesuai difoto produk barang yg sampai warna coklat tapi penjual ngotot meja yg diterima saya itu warna putih sesuai foto dan tidak mau menerima komplain saya lihat review beberapa pembeli lainnya juga mengalami hal yg sama seperti saya dikirimkan warna berbeda dari yang dipesan walaupun saya sudah bertanya dulu di msg memastikan sebelum membeli dan menulis pesan sewaktu order percuma saja,kecewa produk kaki goyang rata oglek2 hati2 beli warna putih sesuai foto produk barang warna coklat jual ngotot meja terima warna putih sesuai foto terima komplain review beli alami kirim warna beda pes msg beli tulis pesan order,unknown,1,Tokopedia,Negative,Bentuk,Yes,Elektronik,No
pengiriman super duper lamaaaa not recommended,kirim super duper lamaaaa not recommended,unknown,1,Tokopedia,Negative,Lainnya,No,Perlengkapan Kantor,Yes
fitur kurang memuaskan hanya sedikit seperti band yang sebelumnya belum layar sentuh full tidak sesuai dengan harganya,fitur muas band layar sentuh full sesuai harga,unknown,3,Tokopedia,Neutral,Bentuk,No,Elektronik,No
mending ke toko lain,mending toko,unknown,1,Tokopedia,Negative,Lainnya,No,Hobi & Hiburan,No
barang tidak sesuai tidak transfaran dan tidak menyala,barang sesuai transfaran nyala,unknown,1,Tokopedia,Negative,Bentuk,Yes,Elektronik,No
warna kaoskaki sesuai pesanan,warna kaoskaki sesuai pesan,unknown,4,Tokopedia,Positive,Bentuk,No,Fashion,No
pengirimannya cepat barang bagus tapi ukuran maksimal sepertinya jadi tidak muat,kirim cepat barang bagus ukur maksimal muat,unknown,3,Tokopedia,Neutral,Bentuk,No,Fashion,No
bahannya bagus adem,bahan bagus adem,unknown,4,Tokopedia,Positive,Bentuk,No,Ibu & Bayi,No
barang retak malas retur nanti lama lagi anaknya keburu sedih,barang retak malas retur anak keburu sedih,unknown,1,Tokopedia,Negative,Lainnya,Yes,Hobi & Hiburan,No
barang dikirim tidak lengkap nggak ada phone holdernya jadi hp gak bisa dipasang sudah chat tapi respon lambat seolah sengaja dimepetin dengan durasi waktu selesai otomatis,barang kirim lengkap phone holdernya hp pasang chat respon lambat sengaja dimepetin durasi waktu selesai otomatis,unknown,2,Tokopedia,Negative,Bentuk,Yes,Elektronik,No
kecewa parah nggk berkah jualan gitu,kecewa parah nggk berkah jual gitu,unknown,1,Tokopedia,Negative,Lainnya,Yes,Elektronik,Yes
pelayanan nya kurang baik barang juga salah kirim dari awal udah dibilang malah dikirim,layan barang salah kirim bilang kirim,unknown,2,Tokopedia,Negative,Lainnya,Yes,F&B,No
sayang banget dicuci pake mesin cuci langsung hancur,sayang cuci pake mesin cuci hancur,unknown,4,Tokopedia,Positive,Lainnya,No,Fashion,No
pesanan diproses sangat cepat tapi sayang filternya gak bisa saring kotoran kecil padahal semburan air nya mantep tapi tujuan aku beli ini buat saring kotoran,pesan proses cepat sayang filter saring kotor sembur air mantep tuju beli saring kotor,unknown,2,Tokopedia,Negative,Bentuk,No,Perabotan,No
jadi semangat mancing,semangat mancing,unknown,5,Tokopedia,Positive,Lainnya,No,Hobi & Hiburan,No
proses nya sngt cepat terima kasih respon nya,proses sngt cepat terima kasih respon,unknown,5,Tokopedia,Positive,Lainnya,No,Kesehatan & Kecantikan,No
produnya ok banget gak bosen2 belanja di toko ini terima kasih,produnya oke bosen2 belanja toko terima kasih,unknown,5,Tokopedia,Positive,Lainnya,No,Lainnya,No
salah kirim warna sy minta warna pink biru hitam yg dikirim merah hijau hitam lampu led tdk nyala,salah kirim warna warna pink biru hitam kirim merah hijau hitam lampu led nyala,unknown,3,Tokopedia,Neutral,Bentuk,No,Fashion,No
model dan warnanya manis kwalitas bahannya bagus,model warna manis kwalitas bahan bagus,unknown,5,Tokopedia,Positive,Bentuk,No,Lainnya,No
kecewa sekali dengan kualitas botolnya baru 2x semprot langsung copot seperti itu terpaksa saya pindahkan isinya ke botol eceran sayang sekali padahal wanginya enak,kecewa kualitas botol 2x semprot copot paksa pindah isi botol ecer sayang wangi,unknown,1,Tokopedia,Negative,Rasa,Yes,Kesehatan & Kecantikan,Yes
ini pembelian yang ke berapa ya aku lupa yang jelas insya allah iki bakule jujur dan amanah recommend,beli lupa insya allah iki bakule jujur amanah recommend,unknown,5,Tokopedia,Positive,Lainnya,No,Lainnya,No
bocor paket basah jd tinggal bublrwrap terikat isolasi aja plus liquid rasa nya mau gak mau tidak enak untuk yang lainnya botol kaca aman,bocor paket basah jd tinggal bublrwrap ikat isolasi plus liquid botol kaca aman,unknown,1,Tokopedia,Negative,Rasa,No,Lainnya,No
lampunya terang pancaran cahaya lampu yg baik produk original langsung pasang tinggal liat cahaya mlm gmn,lampu terang pancar cahaya lampu produk original pasang tinggal liat cahaya mlm gmn,unknown,5,Tokopedia,Positive,Bentuk,No,Otomotif,No
jahitan tidak pas kancing celana tidak kuat sorry tapi ini jujur,jahit pas kancing celana kuat sorry jujur,unknown,1,Tokopedia,Negative,Bentuk,No,Fashion,No
pengiriman lama barang nya cacat tolong diperbaiki layanan nya,kirim barang cacat tolong baik layan,unknown,1,Tokopedia,Negative,Lainnya,Yes,Perlengkapan Kantor,No
kimchi my love paling enak beli di kimchi id ini the best pokoknya,kimchi my love beli kimchi id the best pokok,unknown,5,Tokopedia,Positive,Rasa,No,F&B,No
