Review_Text,Review_Date,Rating_Score,Platform_Source,Sentiment_Label,Review_Aspect,Crisis_Flag,Business_Category,Is_Sarcasm,Review_Text_Preprocessed
"Pelayanan oke, rasa masakan good. Dibantu oleh mas zusup susanto.",3 bulan lalu,5,Google Maps,Positive,Rasa,No,F&B,No,layan oke masakan good bantu mas zusup susanto
"Untuk makan oke cocok tempat bersih staf ramah,pelayan zusup susanto baik",2 bulan lalu,5,Google Maps,Positive,Lainnya,No,F&B,No,makan oke cocok bersih staf ramah layan zusup susanto
Makanan nya good dan kaka udin pelayanan nya baik,4 bulan lalu,5,Google Maps,Positive,Lainnya,No,F&B,No,makan good kaka udin layan
"Pelayanan ramah, makanan enak, tempat bersih",7 bulan lalu,5,Google Maps,Positive,Rasa,No,F&B,No,layan ramah makan bersih
"overall good, makanan enak and pelayanan nya okaayy (mas kurnia)",3 bulan lalu,5,Google Maps,Positive,Rasa,No,F&B,No,overall good makan layan okaayy mas kurnia
"Makanan enak, pelayanan bagus, tempat sangat bagus",setahun lalu,5,Google Maps,Positive,Rasa,No,F&B,No,makan layan bagus bagus
Kasir nya ramah,5 bulan lalu,5,Google Maps,Positive,Lainnya,No,F&B,No,kasir ramah
"Untuk patin bakar bambunya enak sekali, suasana nyaman dan pelayanan ok",setahun lalu,5,Google Maps,Positive,Rasa,No,F&B,No,patin bakar bambu suasana nyaman layan ok
Makana enak tempak ok buat keluarga pelayanan mas kurnia baik,3 bulan lalu,5,Google Maps,Positive,Rasa,No,F&B,No,makana tempak ok keluarga layan mas kurnia
Alhamdulillah Makanannya enak dan pelayanannya ramah,7 bulan lalu,5,Google Maps,Positive,Rasa,No,F&B,No,alhamdulillah makan layan ramah
"Dari segi rasa, makanannya biasa saja. Dari segi pelayanan, sangat baik.",8 bulan lalu,3,Google Maps,Neutral,Rasa,No,F&B,No,segi makan segi layan
Sangat bagus,7 bulan lalu,5,Google Maps,Positive,Lainnya,No,F&B,No,bagus
"Makanannya enak, staff nya ramah.",4 bulan lalu,5,Google Maps,Positive,Rasa,No,F&B,No,makan staff ramah
Niceee placee,setahun lalu,5,Google Maps,Positive,Lainnya,No,F&B,No,niceee placee
"Tempatnya nyaman, pelayannya ramah, makanannya enak2! Worth to tryyy🥰🥰 …",7 bulan lalu,5,Google Maps,Positive,Rasa,No,F&B,No,tempat nyaman layan ramah makan enak2 worth to tryyy
josss,2 bulan lalu,5,Google Maps,Positive,Lainnya,No,F&B,No,josss
"Gurame bakar hotplatenya debest, love bgt💚 …",5 bulan lalu,5,Google Maps,Positive,Lainnya,No,F&B,No,gurame bakar hotplatenya debest love banget
tempat ok makanan enak pelayana ramah bpk kurnia,2 bulan lalu,5,Google Maps,Positive,Rasa,No,F&B,No,ok makan pelayana ramah bpk kurnia
"Restonya nyaman, masakannya variatif dan lezaat. Bakalan kesini lagi nih",9 bulan lalu,5,Google Maps,Positive,Bentuk,No,F&B,No,restonya nyaman masakan variatif lezaat kesini
enak semua makanannya 👍🏻 terimakasih atas pelayanan mas kurnia …,3 bulan lalu,5,Google Maps,Positive,Rasa,No,F&B,No,makan terimakasih layan mas kurnia
"Abang zusup susanto orang nya ramah baik dan ganteng, cocok naikan gaji nya!",3 bulan lalu,5,Google Maps,Positive,Lainnya,No,F&B,No,abang zusup susanto ramah ganteng cocok naik gaji
"Makanannya enak, fresh. Pelayanan cepat dan ramah",8 bulan lalu,5,Google Maps,Positive,Rasa,No,F&B,No,makan fresh layan cepat ramah
good service. rekomendasi buat rayain birthday disiniii 🤗 …,3 bulan lalu,5,Google Maps,Positive,Lainnya,No,F&B,No,good service rekomendasi rayain birthday disiniii
Handoko apriadi terima kasih atas very good food nya,3 bulan lalu,5,Google Maps,Positive,Lainnya,No,F&B,No,handoko apriadi terima kasih very good food
"Sangat suka, 5 bintang",9 bulan lalu,5,Google Maps,Positive,Lainnya,No,F&B,No,suka bintang
"Pelayanan baik, ramah. Makanan enak👍 …",7 bulan lalu,5,Google Maps,Positive,Rasa,No,F&B,No,layan ramah makan
"Pelayanannya ramah, masakannya enak2.. bumbunya kerasa.. thx kak Sarah",3 bulan lalu,5,Google Maps,Positive,Rasa,No,F&B,No,layan ramah masakan enak2 bumbu rasa thx kak sarah
#gita Kerja bagus,3 bulan lalu,5,Google Maps,Positive,Lainnya,No,F&B,No,gita bagus
mantap semuaa dan pelayanannya maya memuaskan,2 bulan lalu,5,Google Maps,Positive,Rasa,No,F&B,No,mantap semuaa layan maya muas
Cocok utk family baik makanan maupun atmospherenya.. udangnya manis tanda fresh..,3 bulan lalu,5,Google Maps,Positive,Rasa,No,F&B,No,cocok family makan atmospherenya udang manis tanda fresh
Makanannya selalu enak..tempat yang cozy dan nyaman..recomended place 💙💙💙 …,2 bulan lalu,5,Google Maps,Positive,Rasa,No,F&B,No,makan cozy nyaman recomended place
Mantap,3 hari lalu,5,Google Maps,Positive,Rasa,No,F&B,No,mantap
"tempat nya enak dan makanan nya juga enak bgt,poko nya top dch.",setahun lalu,4,Google Maps,Positive,Rasa,No,F&B,No,makan banget poko top dch
Suasana nyaman tempat oke.. Pelayanan mas yusuf susanto the bestt selalu,3 bulan lalu,5,Google Maps,Positive,Bentuk,No,F&B,No,suasana nyaman oke layan mas yusuf susanto bestt
Harga murah..rasa enak...untuk parkiran luas..tempat nyaman,5 bulan lalu,5,Google Maps,Positive,Rasa,No,F&B,No,harga murah parkir luas nyaman
Makanan enak tempat oke pelayanan mas zusup susanto good,3 bulan lalu,5,Google Maps,Positive,Rasa,No,F&B,No,makan oke layan mas zusup susanto good
Rasanya mantab dan harga sesuai. Cocok untuk bawa keluarga dan anak-anak...,setahun lalu,5,Google Maps,Positive,Rasa,No,F&B,No,mantab harga sesuai cocok bawa keluarga anak anak
Makanan enak pelayanan mas fajar juga sangat membantu dan cepat,3 bulan lalu,5,Google Maps,Positive,Rasa,No,F&B,No,makan layan mas fajar bantu cepat
"Rasa makanan enak, porsinya banyak, Tempatnya nyaman. Pelayananan oke by mas yusuf",2 bulan lalu,5,Google Maps,Positive,Rasa,No,F&B,No,makan porsi tempat nyaman pelayananan oke by mas yusuf
Rasa dan pelayanan nya luar biasa. Waiter Mas Yusuf.. toop,3 bulan lalu,5,Google Maps,Positive,Rasa,No,F&B,No,layan waiter mas yusuf toop
Makanan enak semua ok. Untuk acara keluarga sangat di rekomendasi,4 bulan lalu,5,Google Maps,Positive,Rasa,No,F&B,No,makan ok acara keluarga rekomendasi
"Makanan enak, pelayanannya bagus dan ramah",3 bulan lalu,5,Google Maps,Positive,Rasa,No,F&B,No,makan layan bagus ramah
"Clean, large space 2 floors makanannya cocok buat rame2 pedes nagihhh",6 bulan lalu,5,Google Maps,Positive,Lainnya,No,F&B,No,clean large space floors makan cocok rame2 pedes nagihhh
Makanan dan rasa serta pelayanan sangat baik @yusuf susanto,3 bulan lalu,5,Google Maps,Positive,Rasa,No,F&B,No,makan layan yusuf susanto
Pelayanan baik ramah cepat,6 bulan lalu,5,Google Maps,Positive,Lainnya,No,F&B,No,layan ramah cepat
Terbaik,2 tahun lalu,5,Google Maps,Positive,Lainnya,No,F&B,No,baik
Kulit,setahun lalu,5,Google Maps,Positive,Lainnya,No,F&B,No,kulit
Suka bgt mkn di BDB. Pelayanannya ok bgt tq mas rohmat mntapp,2 bulan lalu,5,Google Maps,Positive,Lainnya,No,F&B,No,suka banget mkn bdb layan ok banget tq mas rohmat mntapp
"enak makanannya, pelayanannya oke",2 bulan lalu,5,Google Maps,Positive,Rasa,No,F&B,No,makan layan oke
@gita Selalu menyenangkan dan sesuai selera berulang kali makan disini,3 bulan lalu,5,Google Maps,Positive,Lainnya,No,F&B,No,gita senang sesuai selera ulang makan
"Tempatnya enak menunya banyak, pelayanannya baik, rasa kopi dan makanannya enak2",2 bulan lalu,5,Google Maps,Positive,Rasa,No,F&B,No,tempat menu layan kopi makan enak2
"Pelayanan ramah, rasa makanan uenak puoll rekomen dehh",9 bulan lalu,5,Google Maps,Positive,Rasa,No,F&B,No,layan ramah makan uenak puoll rekomen dehh
"Makanan nya enak, tempat nya bagus",2 bulan lalu,5,Google Maps,Positive,Rasa,No,F&B,No,makan bagus
Makanan enak Pelayanan oke ramah @rahmad dan Tiwi,3 bulan lalu,5,Google Maps,Positive,Rasa,No,F&B,No,makan layan oke ramah rahmad tiwi
"Recommended makan disini, semua menu enak, pelayanan ramah",9 bulan lalu,5,Google Maps,Positive,Rasa,No,F&B,No,recommended makan menu layan ramah
"Makanannya enak dan lengkap,pelayanan bagus",6 bulan lalu,5,Google Maps,Positive,Rasa,No,F&B,No,makan lengkap layan bagus
coklat hazelnatnya mantap dan pelayanannya sangat bagus,4 bulan lalu,5,Google Maps,Positive,Rasa,No,F&B,No,coklat hazelnatnya mantap layan bagus
"@septi pelayanan nya baguss. Ramah, jelass. Tempatnya nyaman makanan enakk",5 bulan lalu,4,Google Maps,Positive,Rasa,No,F&B,No,septi layan baguss ramah jelass tempat nyaman makan enakk
Pelayanan maya rere sangat baik serta penyajian makanan yang cepat,2 bulan lalu,5,Google Maps,Positive,Lainnya,No,F&B,No,layan maya rere saji makan cepat
Enaaak makanannya... staf nya ramah,2 hari lalu,5,Google Maps,Positive,Lainnya,No,F&B,No,enaaak makan staf ramah
so funnn enak tempatnya dan nyaman,setahun lalu,5,Google Maps,Positive,Rasa,No,F&B,No,so funnn tempat nyaman
"Tempatnya nyaman, makanannya enak terutama kangkungnya juarakk!!",8 bulan lalu,5,Google Maps,Positive,Rasa,No,F&B,No,tempat nyaman makan kangkung juarakk
Parkir luas. Makanannya enak. Harga terjangkau.,5 bulan lalu,5,Google Maps,Positive,Harga,No,F&B,No,parkir luas makan harga jangkau
Makanan enak pelayanan best dari kak sarah tq so muchh,2 bulan lalu,5,Google Maps,Positive,Rasa,No,F&B,No,makan layan best kak sarah tq so muchh
"makanannya enak bgt, pelayanannya juga ramah sekali",5 bulan lalu,5,Google Maps,Positive,Rasa,No,F&B,No,makan banget layan ramah
"pelayanan ramah, makanan enak polll, tempatnya aesthetic buat foto2",2 bulan lalu,5,Google Maps,Positive,Rasa,No,F&B,No,layan ramah makan polll tempat aesthetic foto2
Makanannya well recommended,6 bulan lalu,5,Google Maps,Positive,Lainnya,No,F&B,No,makan well recommended
"Makanan enak, pesanan cepat disajikan pelayanan nya ramah",5 bulan lalu,5,Google Maps,Positive,Rasa,No,F&B,No,makan pesan cepat saji layan ramah
"Makanan nya enak semua,tempatnya nyaman dan ccok untuk bwa krlga dan anak².",setahun lalu,5,Google Maps,Positive,Rasa,No,F&B,No,makan tempat nyaman ccok bwa krlga anak
Tsamara Resto tempat makan yang cocok untuk bawa kelurga sekalian berlibur...,setahun lalu,5,Google Maps,Positive,Lainnya,No,F&B,No,tsamara resto makan cocok bawa kelurga libur
"Makanannya enak, suasananya enak, servis memuaskan top buat Mbak Ranny❤️",3 bulan lalu,5,Google Maps,Positive,Rasa,No,F&B,No,makan suasana servis muas top mbak ranny
"Enakkk sekali makanannya, pelayanannya juga cepat dan baik. top mantap",3 bulan lalu,5,Google Maps,Positive,Rasa,No,F&B,No,enakkk makan layan cepat top mantap
Oke bgt.. Pelayanan oke. Makanan selera sendiri,4 bulan lalu,5,Google Maps,Positive,Lainnya,No,F&B,No,oke banget layan oke makan selera
Tempatnya nyaman..ikan nya fress..mas kurnia pelayannya ramah...,3 bulan lalu,5,Google Maps,Positive,Bentuk,No,F&B,No,tempat nyaman ikan fress mas kurnia layan ramah
"Makanannya enak, dan fresh Pelayanannya bagus kak maya",3 bulan lalu,5,Google Maps,Positive,Rasa,No,F&B,No,makan fresh layan bagus kak maya
Makananya enak Pelayanannya cepat Suasananya mantap,5 bulan lalu,5,Google Maps,Positive,Rasa,No,F&B,No,makananya layan cepat suasana mantap
"Bandar djakartta mantap, mas kurnia",2 bulan lalu,5,Google Maps,Positive,Rasa,No,F&B,No,bandar djakartta mantap mas kurnia
K hmdan terbaik,6 bulan lalu,5,Google Maps,Positive,Lainnya,No,F&B,No,hmdan baik
Makanannya enak dan tempat nya nyaman,7 bulan lalu,5,Google Maps,Positive,Rasa,No,F&B,No,makan nyaman
Makanan nya enak banget Pelayanannya baik & ramah,5 bulan lalu,5,Google Maps,Positive,Rasa,No,F&B,No,makan banget layan ramah
Makanan nya uenakkkk semua tempat juga nyaman,7 bulan lalu,5,Google Maps,Positive,Rasa,No,F&B,No,makan uenakkkk nyaman
Pokoknya mantap banged deh buat ngadain acara acara disini..,11 bulan lalu,5,Google Maps,Positive,Rasa,No,F&B,No,pokok mantap banged ngadain acara acara
Acaranya seru bikin acara perpisahan disini bersama ka dilah,10 bulan lalu,5,Google Maps,Positive,Lainnya,No,F&B,No,acara seru bikin acara pisah ka lah
Mba Maya ramah pelayannya dan makanannya enak,3 bulan lalu,5,Google Maps,Positive,Rasa,No,F&B,No,mba maya ramah layan makan
"24 jam seru bat buat ngobrol sampe tengah malem, mantab richeese",8 bulan lalu,5,Google Maps,Positive,Lainnya,No,F&B,No,jam seru bat ngobrol sampe tengah malem mantab richeese
Makanannya enak walaupun harganya mahal,setahun lalu,5,Google Maps,Positive,Harga,No,F&B,No,makan harga mahal
"Restonya Bagus,makanannya enak,pelayanannya bagus.",setahun lalu,5,Google Maps,Positive,Rasa,No,F&B,No,restonya bagus makan layan bagus
"Enakkkkkkkkk, pelayanannya juga mantapp🫶🏻 makanan langsung ludes sekejappp …",7 bulan lalu,5,Google Maps,Positive,Rasa,No,F&B,No,enakkkkkkkkk layan mantapp makan ludes sekejappp
Makanannya enak enak suasananya nyaman,setahun lalu,5,Google Maps,Positive,Rasa,No,F&B,No,makan suasana nyaman
"Pelayannya ramah, makanannya enak ,bang Majid ramah",setahun lalu,5,Google Maps,Positive,Rasa,No,F&B,No,layan ramah makan bang majid ramah
"Alhamdulillah enak posting ini dapat es cream, dan mba nurlela baik sekali",setahun lalu,5,Google Maps,Positive,Rasa,No,F&B,No,alhamdulillah posting es cream mba nurlela
"Oke juga, utk makanan sih selera tapi ya standar aja",setahun lalu,4,Google Maps,Positive,Lainnya,No,F&B,No,oke makan selera standar
"Tempatnya bersih dan nyaman, untuk makanan nya cukup recommended...👍 …",3 tahun lalu,5,Google Maps,Positive,Bentuk,No,F&B,No,tempat bersih nyaman makan recommended
"Food delyzious enak , tempat luas mntap service nya good dari mas rokhmatulloh",3 bulan lalu,5,Google Maps,Positive,Rasa,No,F&B,No,food delyzious luas mntap service good mas rokhmatulloh
"Mantap makanannya recomended,pelayanan dan karyawannya ramah ramah semua.",8 bulan lalu,5,Google Maps,Positive,Rasa,No,F&B,No,mantap makan recomended layan karyawannya ramah ramah
Good .. Pelayanan nya Ramah.. Makasih Mba Sarah Dan Pak Handoko..,4 bulan lalu,5,Google Maps,Positive,Lainnya,No,F&B,No,good layan ramah makasih mba sarah handoko
"Makanannya enak, pelayanan baik dan suasananya asri",setahun lalu,5,Google Maps,Positive,Rasa,No,F&B,No,makan layan suasana asri
Makanannya enak. Tempatnya cozy bgt buat ngumpul2 bareng keluarga/teman,8 bulan lalu,5,Google Maps,Positive,Rasa,No,F&B,No,makan tempat cozy banget ngumpul2 bareng keluarga teman
Mknn nya enk semua viewny keren hbs cck buat kmpul2,setahun lalu,5,Google Maps,Positive,Lainnya,No,F&B,No,mknn enk viewny keren hbs cck kmpul2
Salah,4 bulan lalu,5,Google Maps,Positive,Lainnya,No,F&B,No,salah
"Masakan nya enak, tempat seru tuk kumpul bersama keluarga atau teman -sarah-",3 bulan lalu,5,Google Maps,Positive,Rasa,No,F&B,No,masakan seru tuk kumpul keluarga teman sarah
"Pelayanan ramah, makanan enak, mas Handoko service nyaa okee banget",4 bulan lalu,5,Google Maps,Positive,Rasa,No,F&B,No,layan ramah makan mas handoko service nyaa okee banget
Pelayanan ramah dan makanan enak @rahmat dan tiwi,3 bulan lalu,5,Google Maps,Positive,Rasa,No,F&B,No,layan ramah makan rahmat tiwi
"Penyajian makanan cepat, pelayanan maya bagusss",3 bulan lalu,5,Google Maps,Positive,Lainnya,No,F&B,No,saji makan cepat layan maya bagusss
"Makanan minumannya enak semua,pelayanannya cepat dan ramah",5 bulan lalu,5,Google Maps,Positive,Rasa,No,F&B,No,makan minum layan cepat ramah
"Makanannya enak bumbunya luar biasaa, pelayanan yusuf susanto raman dan good job.",3 bulan lalu,5,Google Maps,Positive,Rasa,No,F&B,No,makan bumbu biasaa layan yusuf susanto ram good job
"mantap, pelayanan nya ramah. makanan nya juga enak². the best pokoknya...",7 bulan lalu,5,Google Maps,Positive,Rasa,No,F&B,No,mantap layan ramah makan best pokok
"Pelayanannya baik, makanan nya enak banget",4 bulan lalu,5,Google Maps,Positive,Rasa,No,F&B,No,layan makan banget
"Makanannya enak, porsi besar dan pelayanannya ramah banget 🫶🫶 …",setahun lalu,5,Google Maps,Positive,Rasa,No,F&B,No,makan porsi layan ramah banget
"Tempat nyaman, pelayanan ramah, makanan enak, mantap utk rekomendasi kembali",2 bulan lalu,5,Google Maps,Positive,Rasa,No,F&B,No,nyaman layan ramah makan mantap rekomendasi
Menu makanan enak dan cocok buat keluarga,4 bulan lalu,5,Google Maps,Positive,Rasa,No,F&B,No,menu makan cocok keluarga
Makanan enak tempatnya nyaman terimakasih maen Rere,2 bulan lalu,5,Google Maps,Positive,Rasa,No,F&B,No,makan tempat nyaman terimakasih maen rere
"Pelayanannya bagus, makanannya enak enak",4 bulan lalu,5,Google Maps,Positive,Rasa,No,F&B,No,layan bagus makan
Menu makanan lengkap sesuai selera Anda.,7 bulan lalu,5,Google Maps,Positive,Lainnya,No,F&B,No,menu makan lengkap sesuai selera
Tukang parkirnya yang cewe bad etitud,2 bulan lalu,5,Google Maps,Positive,Lainnya,No,F&B,No,tukang parkir cewe bad etitud
Sangat memuaskan dan hidangan mantap,3 bulan lalu,5,Google Maps,Positive,Rasa,No,F&B,No,muas hidang mantap
"mantappp, bangettt ade ku ultah di rayain",4 bulan lalu,5,Google Maps,Positive,Rasa,No,F&B,No,mantappp bangettt ade ku ultah rayain
Alhamdulillah menunya enak² Pelayanannya jg baik cepat dalam penyajian,4 bulan lalu,5,Google Maps,Positive,Rasa,No,F&B,No,alhamdulillah menu layan jg cepat saji
"Makanan enak, layanan baik dan suasana nyaman",3 bulan lalu,5,Google Maps,Positive,Rasa,No,F&B,No,makan layan suasana nyaman
"Pelayanan nya ramah,penyajian cepat,makan nya jga enak",4 bulan lalu,5,Google Maps,Positive,Rasa,No,F&B,No,layan ramah saji cepat makan jga
"Makanan enak, suasana nyaman dan pelayannya ramah top banget mba Neti",setahun lalu,5,Google Maps,Positive,Rasa,No,F&B,No,makan suasana nyaman layan ramah top banget mba net
Makanan enak datang nya cepat tepat waktu Pelayanan maya primaaa,2 bulan lalu,5,Google Maps,Positive,Rasa,No,F&B,No,makan cepat waktu layan maya primaaa
"Pelayanan terbaik, terima kasih banyak.",3 bulan lalu,5,Google Maps,Positive,Lainnya,No,F&B,No,layan baik terima kasih
"Suana nyaman pelayanan baik, hanya saja rasa makanannya kurang menurut saya",2 tahun lalu,2,Google Maps,Negative,Rasa,No,F&B,No,suana nyaman layan makan
Makanan enak pelayanan ramah yusuf susanto the best👍🏻 …,3 bulan lalu,5,Google Maps,Positive,Rasa,No,F&B,No,makan layan ramah yusuf susanto best
"Makanan nya enak,tempat nya nyaman",4 bulan lalu,5,Google Maps,Positive,Rasa,No,F&B,No,makan nyaman
Syafiq keren banget.,7 bulan lalu,5,Google Maps,Positive,Lainnya,No,F&B,No,syafiq keren banget
"Tempat yang bagus, makanan recommended pelayanan juga ramah",5 bulan lalu,5,Google Maps,Positive,Lainnya,No,F&B,No,bagus makan recommended layan ramah
"Tempatnya bersih n makanannya enak"". Selalu langganan disini",6 bulan lalu,5,Google Maps,Positive,Rasa,No,F&B,No,tempat bersih makan langgan
"Pelayanan ny bagus,karyawan ny ramahhh",5 bulan lalu,4,Google Maps,Positive,Lainnya,No,F&B,No,layan ny bagus karyawan ny ramahhh
"makanan nya enak, pelayanan cepet. mba sarah pramusaji nya ramah",3 bulan lalu,5,Google Maps,Positive,Rasa,No,F&B,No,makan layan cepet mba sarah pramusaji ramah
"Tempatnya enak, adem dan kopinya juga enak",8 bulan lalu,5,Google Maps,Positive,Rasa,No,F&B,No,tempat adem kopi
"so happy, makanannya enak semua & staffnya ramah2 😍😍🥰 …",3 bulan lalu,5,Google Maps,Positive,Rasa,No,F&B,No,so happy makan staffnya ramah2
"Tempat nya nyaman ,masakan ya jg mantabb",setahun lalu,5,Google Maps,Positive,Bentuk,No,F&B,No,nyaman masakan jg mantabb
"makanan enak, tempat nyaman pelayanan yusuf oke",2 bulan lalu,5,Google Maps,Positive,Rasa,No,F&B,No,makan nyaman layan yusuf oke
"Makanannya enak2, suasananya nyaman,pelayanannya ramah2",6 bulan lalu,5,Google Maps,Positive,Rasa,No,F&B,No,makan enak2 suasana nyaman layan ramah2
"makanannya enak, service nya memuaskan pelayan nya Mas Kurnia",3 bulan lalu,5,Google Maps,Positive,Rasa,No,F&B,No,makan service muas layan mas kurnia
Makananya enak pelayanan ramah terimakasih bpk kurnia,3 bulan lalu,5,Google Maps,Positive,Rasa,No,F&B,No,makananya layan ramah terimakasih bpk kurnia
"Enak enak makanan nya,seafood mantap,pelayanan mantap dari Maya ramah",3 bulan lalu,5,Google Maps,Positive,Rasa,No,F&B,No,makan seafood mantap layan mantap maya ramah
"Tempat nyaman, makanan ok, pelayanan ok mas yusuf susanto ok.",3 bulan lalu,5,Google Maps,Positive,Bentuk,No,F&B,No,nyaman makan ok layan ok mas yusuf susanto ok
Makanannya enak dan pelayanan nya baik,2 bulan lalu,5,Google Maps,Positive,Rasa,No,F&B,No,makan layan
"Overall dari pelayanan dan tempatnya ok, semua makanan dan minumannya enak..",2 bulan lalu,5,Google Maps,Positive,Rasa,No,F&B,No,overall layan tempat ok makan minum
the best banget pelayanan mas jordii dan kopi nya enak poll,2 bulan lalu,5,Google Maps,Positive,Rasa,No,F&B,No,best banget layan mas jordii kopi poll
"Tempat Nyaman, makanan enak, harga terjangkau, pelayanannya ramah Sarah",3 bulan lalu,5,Google Maps,Positive,Harga,No,F&B,No,nyaman makan harga jangkau layan ramah sarah
Tooppp👍 …,11 bulan lalu,5,Google Maps,Positive,Lainnya,No,F&B,No,tooppp
"Makanan nya sangat cepattt, pelayanan mba maya sopan ramah",4 bulan lalu,5,Google Maps,Positive,Lainnya,No,F&B,No,makan cepattt layan mba maya sopan ramah
Mantuu ...,9 bulan lalu,5,Google Maps,Positive,Lainnya,No,F&B,No,mantuu
"makanannya enak, saus keju the best, tempatnya juga nyaman",3 bulan lalu,5,Google Maps,Positive,Rasa,No,F&B,No,makan saus keju best tempat nyaman
Tempat ya nyaman untuk santai,4 bulan lalu,5,Google Maps,Positive,Bentuk,No,F&B,No,nyaman santai
"Tempat nya nyaman, pelayanan nya ramah, makanannya enak dan cepat datangnya ☺",5 bulan lalu,5,Google Maps,Positive,Rasa,No,F&B,No,nyaman layan ramah makan cepat datang
tempatnya nyaman makanannya enak,11 bulan lalu,5,Google Maps,Positive,Rasa,No,F&B,No,tempat nyaman makan
"Makanannya enak, servis nya oke.",9 bulan lalu,5,Google Maps,Positive,Rasa,No,F&B,No,makan servis oke
"Tempat enak banget,, masakannya juga pernah enak banget rasanya..",9 bulan lalu,5,Google Maps,Positive,Rasa,No,F&B,No,banget masakan banget
"Pelayanan ramah (Mas Handoko oke) makanan enak, suasana nyaman",4 bulan lalu,5,Google Maps,Positive,Rasa,No,F&B,No,layan ramah mas handoko oke makan suasana nyaman
"Luar biasa, suasana terasa unik dan antik, cocok banget untuk kumpul keluarga",2 bulan lalu,5,Google Maps,Positive,Rasa,No,F&B,No,suasana unik antik cocok banget kumpul keluarga
Makanannya enak dan rekomended. Tempatnya nyaman Layanan dgn mas Yusuf Susanto,3 bulan lalu,5,Google Maps,Positive,Rasa,No,F&B,No,makan rekomended tempat nyaman layan mas yusuf susanto
menghancurkan,3 bulan lalu,5,Google Maps,Positive,Lainnya,No,F&B,No,hancur
Tempat nyaman. Makanan enak 👍 Pelayanan Maya dan Rere cekatan …,2 bulan lalu,5,Google Maps,Positive,Rasa,No,F&B,No,nyaman makan layan maya rere cekat
Pelayanannya cepat ramah rasa makanannya enak bngtt menu paketnya cocok,4 bulan lalu,5,Google Maps,Positive,Rasa,No,F&B,No,layan cepat ramah makan bngtt menu paket cocok
Tempat bersih makanan mantap pelayanan mas kurnia ok,2 bulan lalu,5,Google Maps,Positive,Rasa,No,F&B,No,bersih makan mantap layan mas kurnia ok
Makanannya enak enak Rekomendasi banget ya Disini,9 bulan lalu,5,Google Maps,Positive,Rasa,No,F&B,No,makan rekomendasi banget
"enak bangettt tempatnya cozy, kopinya enakk",4 bulan lalu,5,Google Maps,Positive,Rasa,No,F&B,No,bangettt tempat cozy kopi enakk
"Excelent, makanan oke pelayanan (rere, maya,yusuf) ramah",3 bulan lalu,5,Google Maps,Positive,Lainnya,No,F&B,No,excelent makan oke layan rere maya yusuf ramah
Masakan kentang baladonya asin,setahun lalu,3,Google Maps,Neutral,Rasa,No,F&B,No,masakan kentang baladonya asin
Tempatnya luas makanan enak pelayanan ramah terimakasih bpk kurnia,3 bulan lalu,5,Google Maps,Positive,Rasa,No,F&B,No,tempat luas makan layan ramah terimakasih bpk kurnia
"Tempatnya bagus, makanannya enak, depan danau",3 hari lalu,5,Google Maps,Positive,Rasa,No,F&B,No,tempat bagus makan danau
untuk mass dinooo naikiiinnn gajinyaaaaa ✨✨✨✨✨,4 bulan lalu,5,Google Maps,Positive,Lainnya,No,F&B,No,mass dinooo naikiiinnn gajinyaaaaa
"Makanannya enak, suasananya nyaman banget Recomended pokoknyaaa🫰🏻👍👍 …",5 bulan lalu,5,Google Maps,Positive,Rasa,No,F&B,No,makan suasana nyaman banget recomended pokoknyaaa
Hadiah gratis,6 bulan lalu,5,Google Maps,Positive,Harga,No,F&B,No,hadiah gratis
tempat makan nyaman dan makanannya enak enak,2 bulan lalu,5,Google Maps,Positive,Rasa,No,F&B,No,makan nyaman makan
Overall makanannya enak,2 bulan lalu,5,Google Maps,Positive,Rasa,No,F&B,No,overall makan
Makanan. Saya ingin ke PNGN lagi. Tempatnya bersih dan pepohonannya bagus sekali.,6 bulan lalu,5,Google Maps,Positive,Lainnya,No,F&B,No,makan pngn tempat bersih pohon bagus
"Makanan enak, pelayanan memuaskan yusuf susanto",3 bulan lalu,5,Google Maps,Positive,Rasa,No,F&B,No,makan layan muas yusuf susanto
"Makanan enakk sekali, pelayanan baikkk dan ramahhhh,, Top untuk mass ekaaaa",3 bulan lalu,5,Google Maps,Positive,Rasa,No,F&B,No,makan enakk layan baikkk ramahhhh top mass ekaaaa
Enak....nyaman...bawa family makan disini...ada play ground...makanannya pun yummy,setahun lalu,5,Google Maps,Positive,Rasa,No,F&B,No,nyaman bawa family makan play ground makan yummy
Makanannya semua enak dan dilayani dengan mas yusuf susanto super ramh. Terimakasih,3 bulan lalu,5,Google Maps,Positive,Rasa,No,F&B,No,makan layan mas yusuf susanto super ramh terimakasih
Makanan layanan dan suasananya the best 😁👍 …,setahun lalu,5,Google Maps,Positive,Lainnya,No,F&B,No,makan layan suasana best
"Makanan enak ,suasana nyaman ,pelayanan Maya baik ramah",3 bulan lalu,5,Google Maps,Positive,Rasa,No,F&B,No,makan suasana nyaman layan maya ramah
"tempat nya luas, nyamaann. makanan nya jugaaa enaakk bangeett :p recommended!! >0<",3 bulan lalu,5,Google Maps,Positive,Lainnya,No,F&B,No,luas nyamaann makan jugaaa enaakk bangeett recommended
enak dan porsi pas.... luar biasa,setahun lalu,5,Google Maps,Positive,Rasa,No,F&B,No,porsi pas
Rasa kebersihan mantaaaaap,setahun lalu,5,Google Maps,Positive,Rasa,No,F&B,No,bersih mantaaaaap
Mantapp makanannya enak bangattt🥰🥰 …,2 bulan lalu,5,Google Maps,Positive,Rasa,No,F&B,No,mantapp makan bangattt
"untuk makanannya sangat enak, tempat nyaman untuk pelayana ramah bpk kurnia",3 bulan lalu,5,Google Maps,Positive,Rasa,No,F&B,No,makan nyaman pelayana ramah bpk kurnia
sangat keren,setahun lalu,5,Google Maps,Positive,Lainnya,No,F&B,No,keren
"Menu nya enak suasana nya nyaman ademm, pelayanan bagus",4 bulan lalu,5,Google Maps,Positive,Rasa,No,F&B,No,menu suasana nyaman ademm layan bagus
jhos,3 tahun lalu,5,Google Maps,Positive,Lainnya,No,F&B,No,jhos
Makanannya lumayan Pelayanannya lumayan Terima kasih banyak,setahun lalu,5,Google Maps,Positive,Lainnya,No,F&B,No,makan lumayan layan lumayan terima kasih
Mantap asekk,setahun lalu,5,Google Maps,Positive,Rasa,No,F&B,No,mantap asekk
"tempatnya bagus, makanannya enak, tempatnya bersih",setahun lalu,5,Google Maps,Positive,Rasa,No,F&B,No,tempat bagus makan tempat bersih
"makanan enak.. tempat nyaman, recomended!",5 bulan lalu,5,Google Maps,Positive,Rasa,No,F&B,No,makan nyaman recomended
Saya rayain ulang tahun di tempat ini sangat memuaskan.tq mas kurnia dan sarah,3 bulan lalu,5,Google Maps,Positive,Lainnya,No,F&B,No,rayain ulang tahun muas tq mas kurnia sarah
Makanannya enak dan cepat pelayanan maya prima,2 bulan lalu,5,Google Maps,Positive,Rasa,No,F&B,No,makan cepat layan maya prima
Makanannn mantapp dan pelayanannya sangatt enakkk,2 bulan lalu,5,Google Maps,Positive,Rasa,No,F&B,No,makanannn mantapp layan sangatt enakkk
"Makanan enak, suasana danau sangat bagus, terima kasih pelayanannya mas ali 🙏 …",2 tahun lalu,5,Google Maps,Positive,Rasa,No,F&B,No,makan suasana danau bagus terima kasih layan mas ali
Makanannya enak pelayanannya ramah dan penyajiannya cepat.. suasananya jg nyaman,setahun lalu,5,Google Maps,Positive,Rasa,No,F&B,No,makan layan ramah saji cepat suasana jg nyaman
Makanannya enak… gak ada amis2nya.. thx mbak sarah,3 bulan lalu,5,Google Maps,Positive,Rasa,No,F&B,No,makan amis2nya thx mbak sarah
"makanan nya enak, pelayanan nya ramah, makanannya cepet dapetengnya",4 bulan lalu,5,Google Maps,Positive,Rasa,No,F&B,No,makan layan ramah makan cepet dapetengnya
Untuk org tua cocok bgt mkn di sini. Sesuai selera org tua. Enak2 jg lauknya,4 bulan lalu,5,Google Maps,Positive,Rasa,No,F&B,No,org tua cocok banget mkn sesuai selera org tua enak2 jg lauk
Makanan enak tempat mantap pelayanan ok mas kurnia,2 bulan lalu,5,Google Maps,Positive,Rasa,No,F&B,No,makan mantap layan ok mas kurnia
Recommended bgt bwt foto² cantik makananya jg nyusss,setahun lalu,5,Google Maps,Positive,Lainnya,No,F&B,No,recommended banget bwt foto cantik makananya jg nyusss
lokasi bagus untuk diskusi motor walaupun hanya diskusi,setahun lalu,5,Google Maps,Positive,Lainnya,No,F&B,No,lokasi bagus diskusi motor diskusi
Makanan nya enak Cocok untuk makan bersama keluarga,2 bulan lalu,5,Google Maps,Positive,Rasa,No,F&B,No,makan cocok makan keluarga
Mba Ade Tambunan terima kasih gan..,setahun lalu,5,Google Maps,Positive,Lainnya,No,F&B,No,mba ade tambun terima kasih gan
Makanan nya sangat enak dan suasananya jga nyaman,4 bulan lalu,5,Google Maps,Positive,Rasa,No,F&B,No,makan suasana jga nyaman
Makanan dan tempat oke banget gaes zusup dan Rere terimakasih,3 bulan lalu,5,Google Maps,Positive,Lainnya,No,F&B,No,makan oke banget gaes zusup rere terimakasih
"Rasa makanan enak, tempat oke, pelayanan oke (zusup)",2 bulan lalu,5,Google Maps,Positive,Rasa,No,F&B,No,makan oke layan oke zusup
Tempat bersih nyama luas makanan enak,9 bulan lalu,5,Google Maps,Positive,Rasa,No,F&B,No,bersih nyama luas makan
"rasanya enak, sesuai dengan harga, pelayanan bagus, waiters nya ramah",4 bulan lalu,5,Google Maps,Positive,Rasa,No,F&B,No,sesuai harga layan bagus waiters ramah
"Makanan enak, cepat Pelayanan maya dan rere fast respon",3 bulan lalu,5,Google Maps,Positive,Rasa,No,F&B,No,makan cepat layan maya rere fast respon
"Makanannnya enak,tempat nya nyaman mantap mas yusuf",2 bulan lalu,5,Google Maps,Positive,Rasa,No,F&B,No,makanannnya nyaman mantap mas yusuf
Cukup memuaskan rasa nya..enak . Masuk selera kami...sukses selalu...utk arum resto,7 bulan lalu,5,Google Maps,Positive,Rasa,No,F&B,No,muas selera sukses arum resto
"Makanan nya enak2,pelayanannya ok dan nyaman",setahun lalu,5,Google Maps,Positive,Rasa,No,F&B,No,makan enak2 layan ok nyaman
"Terstill, Tercun, tergacor",6 bulan lalu,5,Google Maps,Positive,Lainnya,No,F&B,No,terstill cun tergacor
"Makanan enak mantap,pelayanan Maya oke",3 bulan lalu,5,Google Maps,Positive,Rasa,No,F&B,No,makan mantap layan maya oke
Tempat nya bagus harga terjangkau tempatnya bersih dan staffnya ramah² 🤍🤍 …,8 bulan lalu,5,Google Maps,Positive,Harga,No,F&B,No,bagus harga jangkau tempat bersih staffnya ramah
"Makanan enak, suasana adem, pelayanan ramah",6 bulan lalu,5,Google Maps,Positive,Rasa,No,F&B,No,makan suasana adem layan ramah
"Tempat nyaman, pelayanan baik,makanan enak Yusuf susanto",3 bulan lalu,5,Google Maps,Positive,Rasa,No,F&B,No,nyaman layan makan yusuf susanto
"Habis makananya 😍 , Terimakasih mas Yusuf susanto …",3 bulan lalu,5,Google Maps,Positive,Lainnya,No,F&B,No,habis makananya terimakasih mas yusuf susanto
sangat buruk,6 bulan lalu,5,Google Maps,Positive,Lainnya,No,F&B,No,buruk
"Enak , ramah pelayanan nya maya",4 bulan lalu,5,Google Maps,Positive,Rasa,No,F&B,No,ramah layan maya
Dapet voucher inii yuhuuu baik sekali aroem restoooo🤍 …,2 bulan lalu,5,Google Maps,Positive,Lainnya,No,F&B,No,dapet voucher ini yuhuuu aroem restoooo
Enak semua mantaaaap pelayannya bagus bgt🔥🔥🥰🥰🥰🥰🥰🥰 …,setahun lalu,5,Google Maps,Positive,Rasa,No,F&B,No,mantaaaap layan bagus banget
Menu nya banyak,setahun lalu,4,Google Maps,Positive,Lainnya,No,F&B,No,menu
Masakannya enak lezat gurihh polll...genah warek mba mbaknya jg cantik,4 bulan lalu,5,Google Maps,Positive,Rasa,No,F&B,No,masakan lezat gurihh polll genah warek mba mbak jg cantik
Makanannya enak enak Pelayanan juga Maya bgus,2 bulan lalu,5,Google Maps,Positive,Rasa,No,F&B,No,makan layan maya bgus
Makanannya enak semua dan pelayanannya top. Cocok buat yang ulang tahun,5 bulan lalu,5,Google Maps,Positive,Rasa,No,F&B,No,makan layan top cocok ulang tahun
"Makanan enak,, Pelayanan ramah dan cepat, cocok makan bersama keluarga,",4 bulan lalu,5,Google Maps,Positive,Rasa,No,F&B,No,makan layan ramah cepat cocok makan keluarga
"Masakan enaak,pelananan mba maya oke bgt thx yaaa mba maya",3 bulan lalu,5,Google Maps,Positive,Lainnya,No,F&B,No,masakan enaak pelananan mba maya oke banget thx yaaa mba maya
kopinya bestt bgttt sekali coba yg latte caramel langsung jadi fav💗💗💗 …,5 bulan lalu,5,Google Maps,Positive,Lainnya,No,F&B,No,kopi bestt bgttt coba latte caramel fav
"Makanan good, yg paling top udang keju ,tempat okee, pelayanan rere maya ramah",3 bulan lalu,5,Google Maps,Positive,Lainnya,No,F&B,No,makan good top udang keju okee layan rere maya ramah
Makanan enak,2 bulan lalu,5,Google Maps,Positive,Rasa,No,F&B,No,makan
"tempat nya bagus dan sangat nyaman, pelayanan nya terbaik 10/10.",2 bulan lalu,5,Google Maps,Positive,Bentuk,No,F&B,No,bagus nyaman layan baik
"Tsamara tempat asik buat kumpul, suasana nya asik, ,,, buat acr klga ok,",setahun lalu,5,Google Maps,Positive,Lainnya,No,F&B,No,tsamara asik kumpul suasana asik acr klga ok
Suasana malming nya rame ada live music truss Pelayanan baik sama mas rokhmat,2 bulan lalu,5,Google Maps,Positive,Lainnya,No,F&B,No,suasana malming rame live music truss layan mas rokhmat
"Tempatnya Cozy, pelayanan prima dan masakannya enakkkk",4 bulan lalu,5,Google Maps,Positive,Rasa,No,F&B,No,tempat cozy layan prima masakan enakkkk
"Makanan nya enak, staff ramah, pelayanan cepat",8 bulan lalu,5,Google Maps,Positive,Rasa,No,F&B,No,makan staff ramah layan cepat
"Tsamara makanan nya enak, tempat nya asik buat kumpul, pelayan nya ramah dan gercep",setahun lalu,5,Google Maps,Positive,Rasa,No,F&B,No,tsamara makan asik kumpul layan ramah gercep
Pertama kali kesini luas Utk ikan panggang kurang ya Sambal cuma 3macam,setahun lalu,4,Google Maps,Positive,Lainnya,No,F&B,No,kesini luas ikan panggang sambal 3macam
"Hanya makanannya kurang pas dilidah saya, tp mungkin pas dilidah yg lain",setahun lalu,4,Google Maps,Positive,Lainnya,No,F&B,No,makan pas lidah pas lidah
"makanan enak, layanannya cepat dn rmah semu",9 bulan lalu,5,Google Maps,Positive,Rasa,No,F&B,No,makan layan cepat dn rmah semu
"Makanan enak, pelayanan nya mantab, anak2 puas bermain.. 👍 …",6 bulan lalu,5,Google Maps,Positive,Rasa,No,F&B,No,makan layan mantab anak2 puas main
Tempat nyaman makanan enak pelayanan baik Terimakasih mas kurnia,3 bulan lalu,5,Google Maps,Positive,Rasa,No,F&B,No,nyaman makan layan terimakasih mas kurnia
"Pelayanan dan makanan sangat memuaskan,sesuai ekspetasi",3 bulan lalu,5,Google Maps,Positive,Lainnya,No,F&B,No,layan makan muas sesuai ekspetasi
Tempatnya bagus..makanannya mmm enak menggugah selera,5 bulan lalu,5,Google Maps,Positive,Rasa,No,F&B,No,tempat bagus makan mmm gugah selera
Tempatnya cantik banget pelayanan ramah makanan bikin canduu,3 bulan lalu,5,Google Maps,Positive,Lainnya,No,F&B,No,tempat cantik banget layan ramah makan bikin canduu
Terbaiktt,2 bulan lalu,5,Google Maps,Positive,Lainnya,No,F&B,No,terbaiktt
"Tempat favorit bareng keluarga,",5 bulan lalu,4,Google Maps,Positive,Bentuk,No,F&B,No,favorit bareng keluarga
makanan nya enak mantap pelayanan maya ramah baik cepat,7 bulan lalu,5,Google Maps,Positive,Rasa,No,F&B,No,makan mantap layan maya ramah cepat
"Makanan, pelayanan & suasana nya good semuaaa.....",setahun lalu,5,Google Maps,Positive,Lainnya,No,F&B,No,makan layan suasana good semuaaa
Makanannyaa oke2 bgt dan pelayanannya jga oke bgt !! Best bgt,7 bulan lalu,5,Google Maps,Positive,Lainnya,No,F&B,No,makanannyaa oke2 banget layan jga oke banget best banget
Makanannya enak... Pelayanan oke sama mba Pratiwi,3 bulan lalu,5,Google Maps,Positive,Rasa,No,F&B,No,makan layan oke mba pratiwi
"Makannya enak, over all good👌 …",3 bulan lalu,5,Google Maps,Positive,Rasa,No,F&B,No,makan over all good
Tempat nya gede dan ada tempat main dan makana nya enak,8 bulan lalu,5,Google Maps,Positive,Rasa,No,F&B,No,gede main makana
"makanan nya enak bangett, service nya juga baguss, pokoknya top dehh",6 bulan lalu,5,Google Maps,Positive,Rasa,No,F&B,No,makan bangett service baguss pokok top dehh
"Tempat bersih, pelayanan baik, makanan enakkk, rekomen (mas Kurnia)",2 bulan lalu,5,Google Maps,Positive,Rasa,No,F&B,No,bersih layan makan enakkk rekomen mas kurnia
"Terima kasih, vibes-nya oke, pelayanannya ramah, makanannya juga enak",3 bulan lalu,5,Google Maps,Positive,Rasa,No,F&B,No,terima kasih vibes oke layan ramah makan
"Semuanya top, terutama pelayanan mas rere",3 bulan lalu,5,Google Maps,Positive,Lainnya,No,F&B,No,top layan mas rere
Rasa enak makanan oke tempat bersih pelayanan mas zusup susanto oke,3 bulan lalu,5,Google Maps,Positive,Rasa,No,F&B,No,makan oke bersih layan mas zusup susanto oke
"Tempat favorit utk dinner bareng keluarga, good ambience with good food.",setahun lalu,5,Google Maps,Positive,Bentuk,No,F&B,No,favorit dinner bareng keluarga good ambience with good food
Makanannya sangat enak dan tempatnya nyaman 👍 …,setahun lalu,5,Google Maps,Positive,Rasa,No,F&B,No,makan tempat nyaman
"Pelayanan nya ramah (mas rere), cepat respon nya. Masakan nya enak. nya fresh",2 bulan lalu,5,Google Maps,Positive,Rasa,No,F&B,No,layan ramah mas rere cepat respon masakan fresh
"Makanannya enak, tempat nyaman untuk makan bersama keluarga dan teman-teman🥰 …",8 bulan lalu,5,Google Maps,Positive,Rasa,No,F&B,No,makan nyaman makan keluarga teman teman
Nice cool place.. cocok buat pertemuan,setahun lalu,4,Google Maps,Positive,Lainnya,No,F&B,No,nice cool place cocok temu
"makannany enak. pelayanannny ramah ( maya ) tempatnya nyaman , ada musholay",2 bulan lalu,5,Google Maps,Positive,Rasa,No,F&B,No,makannany pelayanannny ramah maya tempat nyaman musholay
Enakkk sekaliiii Terimakasih kak rokhmat,2 bulan lalu,5,Google Maps,Positive,Rasa,No,F&B,No,enakkk sekaliiii terimakasih kak rokhmat
"Makanan yang di sediakan enak,pelayanan ramah2",7 bulan lalu,5,Google Maps,Positive,Rasa,No,F&B,No,makan sedia layan ramah2
"Makanannya enak, pelayanan bagus",7 bulan lalu,5,Google Maps,Positive,Rasa,No,F&B,No,makan layan bagus
"Makan nya enak semua nya, the best pokok nya.. pelayanan ny memuaskan",setahun lalu,5,Google Maps,Positive,Rasa,No,F&B,No,makan best pokok layan ny muas
makanan enak semua terutama kerang ijo nya freshh pelayanan maya baik,2 bulan lalu,5,Google Maps,Positive,Rasa,No,F&B,No,makan kerang ijo freshh layan maya
"Sangat buruk, datang ke sini setiap hari 🔥🔥🔥 …",2 bulan lalu,5,Google Maps,Positive,Lainnya,No,F&B,No,buruk
"Bagus, tempatnya luas!!! 5 bintang untuk Bapak Syafiq",setahun lalu,5,Google Maps,Positive,Lainnya,No,F&B,No,bagus tempat luas bintang syafiq
Tempat nya nyaman dan makanan nya enak,3 bulan lalu,5,Google Maps,Positive,Rasa,No,F&B,No,nyaman makan
"Tolong naikkan gaji rani, senyumnya cantik ..",2 bulan lalu,5,Google Maps,Positive,Lainnya,No,F&B,No,tolong naik gaji rani senyum cantik
Suka sekali,5 bulan lalu,5,Google Maps,Positive,Lainnya,No,F&B,No,suka
bagus sekali,setahun lalu,5,Google Maps,Positive,Lainnya,No,F&B,No,bagus
"Kaka nyaa ramahh, pelayanan nyaa okee tempat nya strategis 👍🏼 …",9 bulan lalu,5,Google Maps,Positive,Lainnya,No,F&B,No,kaka nyaa ramahh layan nyaa okee strategis
"Cocok utk bawa keluarga, makanannya enak.",setahun lalu,5,Google Maps,Positive,Rasa,No,F&B,No,cocok bawa keluarga makan
Makananya enak dan berbumbu Pelayanan nya ramah Tempat nya nyaman,6 bulan lalu,5,Google Maps,Positive,Rasa,No,F&B,No,makananya bumbu layan ramah nyaman
Enakkkkkkkkkkk makanannya kerennnnn,setahun lalu,5,Google Maps,Positive,Rasa,No,F&B,No,enakkkkkkkkkkk makan kerennnnn
Pelayanan ramah. Makanan enak dan lezat. Dan cepat,7 bulan lalu,5,Google Maps,Positive,Rasa,No,F&B,No,layan ramah makan lezat cepat
Best ka hamdan,7 bulan lalu,5,Google Maps,Positive,Lainnya,No,F&B,No,best ka hamdan
Cocok untuk tempat lamaran n sweet 17. Outdoor nya juga luas,10 bulan lalu,4,Google Maps,Positive,Lainnya,No,F&B,No,cocok lamar sweet outdoor luas
"Enak makanannya, tempatnya MANTAP, staff nya sangat baik juga, mas Issa lucu 💕 …",9 bulan lalu,5,Google Maps,Positive,Rasa,No,F&B,No,makan tempat mantap staff mas issa lucu
"Makannya enak dan cepat pelayanannya, rekomen",6 bulan lalu,5,Google Maps,Positive,Rasa,No,F&B,No,makan cepat layan rekomen
Overall good. Makanan cepat datang. Akan kembali lagi.,2 bulan lalu,5,Google Maps,Positive,Lainnya,No,F&B,No,overall good makan cepat
Mantaapppp....,2 bulan lalu,5,Google Maps,Positive,Lainnya,No,F&B,No,mantaapppp
Bisa bikin acara perpisahan kelas disini MC nya jga keren,10 bulan lalu,5,Google Maps,Positive,Lainnya,No,F&B,No,bikin acara pisah kelas mc jga keren
"Makanan enak , pelayan mba nurhasanah ramah tempatnya luas dan nyaman",3 bulan lalu,5,Google Maps,Positive,Rasa,No,F&B,No,makan layan mba nurhasanah ramah tempat luas nyaman
"Pelayanan ramah, kualitas makanan enak banget",setahun lalu,5,Google Maps,Positive,Rasa,No,F&B,No,layan ramah kualitas makan banget
Serloinnya mantips rasa dan aromanya cocok di lidahku,5 bulan lalu,5,Google Maps,Positive,Rasa,No,F&B,No,serloinnya mantips aroma cocok lidah
Ada Tempat Play Ground Nya.. Mantap Ka Sarah Irna,3 bulan lalu,5,Google Maps,Positive,Rasa,No,F&B,No,play ground mantap ka sarah irna
Mantaap,3 tahun lalu,5,Google Maps,Positive,Lainnya,No,F&B,No,mantaap
Pelayanan nya baik dan ramah ..makanannya enak,7 bulan lalu,5,Google Maps,Positive,Rasa,No,F&B,No,layan ramah makan
Makanannya enak rasanya jg pelayanannya sgt ramah mb novela nya sgt baik,4 bulan lalu,5,Google Maps,Positive,Rasa,No,F&B,No,makan jg layan sgt ramah mb novela sgt
Tempat makan yg asri bernuansa Sunda,2 tahun lalu,5,Google Maps,Positive,Lainnya,No,F&B,No,makan asri nuansa sunda
enaakk & servicenya bagus tapi udangnya sedikit overcooked :) overall so good tho!,3 bulan lalu,4,Google Maps,Positive,Lainnya,No,F&B,No,enaakk servicenya bagus udang overcooked overall so good tho
"Tempanya nyaman dan bersih, cocok untuk keluarga",7 bulan lalu,4,Google Maps,Positive,Bentuk,No,F&B,No,tempa nyaman bersih cocok keluarga
"Makanannya enak, tempatnya bersih dan nyaman",7 bulan lalu,5,Google Maps,Positive,Rasa,No,F&B,No,makan tempat bersih nyaman
Rasa enak harga terjangkau. Tempatnya juga nyaman. Ada playground kecil disini.,3 bulan lalu,5,Google Maps,Positive,Rasa,No,F&B,No,harga jangkau tempat nyaman playground
"Tempatnya enak, bisa untuk acara pernikahan",setahun lalu,4,Google Maps,Positive,Rasa,No,F&B,No,tempat acara nikah
"makanannya enak, pelayanannya baik....",6 bulan lalu,5,Google Maps,Positive,Rasa,No,F&B,No,makan layan
"Pengalaman pertama makan disini, makanannya enak2 , es campurnya seger banget",11 bulan lalu,5,Google Maps,Positive,Rasa,No,F&B,No,alam makan makan enak2 es campur seger banget
"makananya enak , pelayanan memuaskan",3 bulan lalu,5,Google Maps,Positive,Rasa,No,F&B,No,makananya layan muas
"Bs dipakai untuk acara wedding.. Tmptnya teduh, makanannya enak...",10 bulan lalu,5,Google Maps,Positive,Rasa,No,F&B,No,bs pakai acara wedding tmptnya teduh makan
"Makanannya enak banyakk pilihannya jugaa, ka tiwi juga Pelayanannya sopan dan ramah",3 bulan lalu,5,Google Maps,Positive,Rasa,No,F&B,No,makan banyakk pilih jugaa ka tiwi layan sopan ramah
Tsamara resto lokasinya nyamannn untuk event event bareng temannn,setahun lalu,5,Google Maps,Positive,Rasa,No,F&B,No,tsamara resto lokasi nyamannn event event bareng temannn
"Pokoknya mantap dari segi makanan, tempat, beserta suasana adem polll😍😍 …",4 bulan lalu,4,Google Maps,Positive,Rasa,No,F&B,No,pokok mantap segi makan serta suasana adem polll
Makanan enak.. layanan ok3,3 bulan lalu,5,Google Maps,Positive,Rasa,No,F&B,No,makan layan ok3
Apaan sih itu pwwww didepokkk,4 bulan lalu,5,Google Maps,Positive,Lainnya,No,F&B,No,pwwww didepokkk
Pelayanan dan view yg adem pd sore hari.. good work,8 bulan lalu,4,Google Maps,Positive,Lainnya,No,F&B,No,layan view adem pd sore good work
"makanan enak, pelayanan ramah terutama mas nandar melayani dengan baik",setahun lalu,5,Google Maps,Positive,Rasa,No,F&B,No,makan layan ramah mas nandar layan
"Area tempanya santai dan luas, nyaman buat sejenak ngopi dengan rekan dan teman2",3 bulan lalu,5,Google Maps,Positive,Rasa,No,F&B,No,area tempa santai luas nyaman ngopi rekan teman2
Makanannya enak enak pelayanan ramah oke semua nya,4 bulan lalu,5,Google Maps,Positive,Rasa,No,F&B,No,makan layan ramah oke
"Makanannya enak, tempatnya nyaman dan strategis.",2 tahun lalu,5,Google Maps,Positive,Rasa,No,F&B,No,makan tempat nyaman strategis
Bagus,4 bulan lalu,5,Google Maps,Positive,Lainnya,No,F&B,No,bagus
Bagus suasananya juga pas ❤️,6 bulan lalu,5,Google Maps,Positive,Lainnya,No,F&B,No,bagus suasana pas
"BAgus tempatnya, ada live musik bisa nyanyi2 Ga jauh dari Tol Dessertnya enak",setahun lalu,4,Google Maps,Positive,Rasa,No,F&B,No,bagus tempat live musik nyanyi2 tol dessertnya
"Makanan enak , tempat nya cozy , pelayanan nya oke banget Thankyou mas teddy",setahun lalu,5,Google Maps,Positive,Rasa,No,F&B,No,makan cozy layan oke banget thankyou mas teddy
"Tmptnya nyaman, bersih, makananya puas rasanya,pelayanannya ramah",2 bulan lalu,5,Google Maps,Positive,Rasa,No,F&B,No,tmptnya nyaman bersih makananya puas layan ramah
"makanan nya enak semua, ngga nyesel makan disini, staff nya juga ramah👍 …",3 hari lalu,5,Google Maps,Positive,Rasa,No,F&B,No,makan nyesel makan staff ramah
Enak tempat nya. Adem. Serasa jaman old d kampung halaman,2 tahun lalu,5,Google Maps,Positive,Rasa,No,F&B,No,adem serasa jaman old kampung halaman
"Makanannya enak, pelayanan cukup Raman Rekomend bngttt. Cocok buat yg bukber",4 bulan lalu,5,Google Maps,Positive,Rasa,No,F&B,No,makan layan ram rekomend bngttt cocok bukber
Makanan nya enak pelayanan nya oke.. terimakasih,setahun lalu,5,Google Maps,Positive,Rasa,No,F&B,No,makan layan oke terimakasih
Tempat nyaa nyaman makanan nya enak pelayanannya baik dan ramah,3 bulan lalu,5,Google Maps,Positive,Rasa,No,F&B,No,nyaa nyaman makan layan ramah
"Makanannya enak, pelayanannya okey banget",7 bulan lalu,5,Google Maps,Positive,Rasa,No,F&B,No,makan layan okey banget
top bintang 5 enak2 makanan nya pelayanan nya ramah 👍👍👍👍👍 …,9 bulan lalu,5,Google Maps,Positive,Rasa,No,F&B,No,top bintang enak2 makan layan ramah
Function hall nya kerenn cakep nyamann,setahun lalu,5,Google Maps,Positive,Bentuk,No,F&B,No,function hall kerenn cakep nyamann
"Pelayanan resto terbaik, ada live musik",sebulan lalu,5,Google Maps,Positive,Lainnya,No,F&B,No,layan resto baik live musik
"Tempatnya nyaman, makanannya juga enakk, cocok buat buka puasa",2 bulan lalu,5,Google Maps,Positive,Rasa,No,F&B,No,tempat nyaman makan enakk cocok buka puasa
"Makanan enak, tempatnya bersih, pelayanannya mantab.. terimakasih mba susan..",3 bulan lalu,5,Google Maps,Positive,Rasa,No,F&B,No,makan tempat bersih layan mantab terimakasih mba sus
"Makanan biasa saja, akses penyempitan jalan macet parah",9 bulan lalu,3,Google Maps,Neutral,Lainnya,No,F&B,No,makan akses sempit jalan macet parah
Makanan dan pelayanan baik semua. Mas M. Rokhmatulloh baik dan ramah,3 bulan lalu,5,Google Maps,Positive,Lainnya,No,F&B,No,makan layan mas rokhmatulloh ramah
"penyajian waktunya cepat, pelayanan maya terbaik",3 bulan lalu,5,Google Maps,Positive,Lainnya,No,F&B,No,saji cepat layan maya baik
Mantap jiwa suasananya mendukung,setahun lalu,5,Google Maps,Positive,Rasa,No,F&B,No,mantap jiwa suasana dukung
"Tempatnya luas, elegan, ada outdoor dan indoor.. makanannya juga enak..",setahun lalu,5,Google Maps,Positive,Rasa,No,F&B,No,tempat luas elegan outdoor indoor makan
"makanannya enak semua, pelayanannya okee, suasananya oke, very recommended 👍👍👍 …",setahun lalu,5,Google Maps,Positive,Rasa,No,F&B,No,makan layan okee suasana oke very recommended
Menunya..pelayanan dan tempatnya oke banget @maskurnia,2 bulan lalu,5,Google Maps,Positive,Lainnya,No,F&B,No,menu layan tempat oke banget maskurnia
"Makanannya enak... Perayan ulang tahun lumayan meriah Tq, mas Kurnia...",3 bulan lalu,5,Google Maps,Positive,Rasa,No,F&B,No,makan ayan ulang tahun lumayan riah tq mas kurnia
"Makanan semua enak, tempatnua nyaman, harga jg terjangkau",3 bulan lalu,5,Google Maps,Positive,Harga,No,F&B,No,makan tempatnua nyaman harga jg jangkau
Makanan nya enak pelayanan maya bagus banget,2 bulan lalu,5,Google Maps,Positive,Rasa,No,F&B,No,makan layan maya bagus banget
Tempatnya luas makanan enak pelayanan cepat,6 bulan lalu,5,Google Maps,Positive,Rasa,No,F&B,No,tempat luas makan layan cepat
"Bintang 10 buat bang ridwan cepet tanggap, ramah, baik Mantap",setahun lalu,4,Google Maps,Positive,Rasa,No,F&B,No,bintang bang ridwan cepet tanggap ramah mantap
Makanan enak tempak enak buat kumpul keluarga pelayana ramah mas kurnia,3 bulan lalu,5,Google Maps,Positive,Rasa,No,F&B,No,makan tempak kumpul keluarga pelayana ramah mas kurnia
Bagus (Syafik),setahun lalu,5,Google Maps,Positive,Lainnya,No,F&B,No,bagus syafik
Mantappp Tempat okee Pelayanan maya ramah,2 bulan lalu,5,Google Maps,Positive,Rasa,No,F&B,No,mantappp okee layan maya ramah
"Makanannya disini enak, banyak pilihannya, & suasananya nyaman.",setahun lalu,5,Google Maps,Positive,Rasa,No,F&B,No,makan pilih suasana nyaman
Tempat teraman untuk makan steak,3 bulan lalu,5,Google Maps,Positive,Lainnya,No,F&B,No,ram makan steak
Pelayannya ka isa seru heboh.. Gulai kerapunya mantap,8 bulan lalu,5,Google Maps,Positive,Rasa,No,F&B,No,layan ka isa seru heboh gulai kerapu mantap
"Pelayanan baik dan ramah menu makanan enak, mas aditnya baik sekaliiiiii dan ramah",setahun lalu,5,Google Maps,Positive,Rasa,No,F&B,No,layan ramah menu makan mas aditnya sekaliiiiii ramah
Makanann dan pelayanannya baik mas rere baik banget ramah dan menyenangkan,3 bulan lalu,5,Google Maps,Positive,Lainnya,No,F&B,No,makanann layan mas rere banget ramah senang
pelayanannya sangat ramah dan cepat,4 bulan lalu,5,Google Maps,Positive,Lainnya,No,F&B,No,layan ramah cepat
Pelayanan maya nya bagus masakannya enak bgt apa lagi kepiting nya muanteppp,3 bulan lalu,5,Google Maps,Positive,Rasa,No,F&B,No,layan maya bagus masakan banget kepiting muanteppp
Makanan enak tempat bersih pelayanan dari maya sangat ramah,3 bulan lalu,5,Google Maps,Positive,Rasa,No,F&B,No,makan bersih layan maya ramah
"Pak Sadam baik, ramah, dan pelayanannya cepat. - Sadam",setahun lalu,5,Google Maps,Positive,Lainnya,No,F&B,No,sadam ramah layan cepat sadam
"Mantap makanannya sangat enak,, peyanan nya sangat ramah",3 bulan lalu,5,Google Maps,Positive,Rasa,No,F&B,No,mantap makan peyanan ramah
Silakan pilih.,3 bulan lalu,5,Google Maps,Positive,Lainnya,No,F&B,No,sila pilih
Enak dan nikmat sekali asli..,5 bulan lalu,5,Google Maps,Positive,Rasa,No,F&B,No,nikmat asli
makanannya enak semuaa mantap pelayanan juga bagus terutama maya,2 bulan lalu,5,Google Maps,Positive,Rasa,No,F&B,No,makan semuaa mantap layan bagus maya
makanannya nya enak bangeet…,4 bulan lalu,5,Google Maps,Positive,Rasa,No,F&B,No,makan bangeet
Cocok untuk kumpul2,setahun lalu,5,Google Maps,Positive,Lainnya,No,F&B,No,cocok kumpul2
"Tempatnya meyenangkan, pelayanannya ramah dan makanannya sesuai selera",9 bulan lalu,5,Google Maps,Positive,Lainnya,No,F&B,No,tempat meyenangkan layan ramah makan sesuai selera
"Sering bgt kesini paling cocok buat arisan , pelayanan ramah makannya enak .",setahun lalu,5,Google Maps,Positive,Rasa,No,F&B,No,banget kesini cocok arisan layan ramah makan
"Makanan nya sangat enak, dan sangat Rama pelayanannya",3 bulan lalu,5,Google Maps,Positive,Rasa,No,F&B,No,makan rama layan
Restonya bersih nyaman pelayannya ok terima kasih kak susan,3 bulan lalu,5,Google Maps,Positive,Bentuk,No,F&B,No,restonya bersih nyaman layan ok terima kasih kak sus
Sangat bagus dan nyaman.,setahun lalu,5,Google Maps,Positive,Bentuk,No,F&B,No,bagus nyaman
Menu nya byk pilihan suasananya nyaman....musola bersih,2 tahun lalu,4,Google Maps,Positive,Bentuk,No,F&B,No,menu byk pilih suasana nyaman musola bersih
Abis joging mampir sini buat karaokean,setahun lalu,5,Google Maps,Positive,Lainnya,No,F&B,No,abis joging mampir karaoke
"Makanan enak,tempat nya nyaman, pelayanan nya atas nama mas iman ramah",6 bulan lalu,5,Google Maps,Positive,Rasa,No,F&B,No,makan nyaman layan nama mas iman ramah
"Kak Tiwi ramah 😍 Makanan enak, suasana nyaman, pelayanan memuaskan. …",3 bulan lalu,5,Google Maps,Positive,Rasa,No,F&B,No,kak tiwi ramah makan suasana nyaman layan muas
Makanan nya enak dan pelayanan nya cepet banget,3 bulan lalu,5,Google Maps,Positive,Rasa,No,F&B,No,makan layan cepet banget
enakk banget tempatnya nyaman dan mas yusuf mantap,2 bulan lalu,5,Google Maps,Positive,Rasa,No,F&B,No,enakk banget tempat nyaman mas yusuf mantap
makanan enak good ..tempat nyaman pelayanan mas zusup suanto oke,3 bulan lalu,5,Google Maps,Positive,Rasa,No,F&B,No,makan good nyaman layan mas zusup suanto oke
"Mantap semua seafoodnya freshh, pelayanan maya sangat ramah sigap",3 bulan lalu,5,Google Maps,Positive,Rasa,No,F&B,No,mantap seafoodnya freshh layan maya ramah sigap
sangat bagus pelayanannya makanannya enak mantap🥰✨✨✨ …,2 bulan lalu,5,Google Maps,Positive,Rasa,No,F&B,No,bagus layan makan mantap
Makanan nusantara pas di lidah. Suka nasi goreng siantarnya 👍 …,5 bulan lalu,5,Google Maps,Positive,Lainnya,No,F&B,No,makan nusantara pas lidah suka nasi goreng siantarnya
"tempatnya nyaman,pelayanan zusup susanto ramah, makanannya enak 👍🏻👍🏻👍🏻 …",3 bulan lalu,5,Google Maps,Positive,Rasa,No,F&B,No,tempat nyaman layan zusup susanto ramah makan
ok,4 bulan lalu,5,Google Maps,Positive,Lainnya,No,F&B,No,ok
"Tempat nya luas, makanannya enak",8 bulan lalu,5,Google Maps,Positive,Rasa,No,F&B,No,luas makan
"Cocok untuk makan bersama keluarga ,karna makanannya enak anak anak pasti suka",7 bulan lalu,4,Google Maps,Positive,Rasa,No,F&B,No,cocok makan keluarga karna makan anak anak suka
Lobster saus Padang nya mantap dan Pelayanan maya bagus ramah,2 bulan lalu,5,Google Maps,Positive,Rasa,No,F&B,No,lobster saus padang mantap layan maya bagus ramah
"Layanan, dua kata!!!",2 tahun lalu,2,Google Maps,Negative,Lainnya,No,F&B,No,layan
"Enak bgtt, keren... thankyou mas riski dan mas iman",11 bulan lalu,5,Google Maps,Positive,Rasa,No,F&B,No,banget keren thankyou mas riski mas iman
"Makanannya enak, suasananya cozy dgn view danaunya yg menyejukkan mata.👍🏻 …",5 bulan lalu,5,Google Maps,Positive,Rasa,No,F&B,No,makan suasana cozy view danau sejuk
Makanannya enak2 dan pelayanannya juga bagus dan memuaskan,3 bulan lalu,5,Google Maps,Positive,Rasa,No,F&B,No,makan enak2 layan bagus muas
Tempatnya nyaman & makanan enak,3 bulan lalu,5,Google Maps,Positive,Rasa,No,F&B,No,tempat nyaman makan
mantap pelayanan dan servisnya mas iman yahutttt👍🏻 …,setahun lalu,5,Google Maps,Positive,Rasa,No,F&B,No,mantap layan servis mas iman yahutttt
"udah yg ke-4x makan disini, so far makanannya enak dan pelayanannya ramah 👏🏻👏🏻 …",2 bulan lalu,5,Google Maps,Positive,Rasa,No,F&B,No,udah 4x makan so far makan layan ramah
Bagus,8 bulan lalu,5,Google Maps,Positive,Lainnya,No,F&B,No,bagus
tempat yg nyaman buat acara,setahun lalu,5,Google Maps,Positive,Bentuk,No,F&B,No,nyaman acara
"Makanan dan minuman disini rekomen bgt, tempatnya nyaman, pokoknya mantap",3 bulan lalu,5,Google Maps,Positive,Rasa,No,F&B,No,makan minum rekomen banget tempat nyaman pokok mantap
"Tempat ini bagus untuk berkumpul dan makan, makanannya lezat.",6 bulan lalu,5,Google Maps,Positive,Rasa,No,F&B,No,bagus kumpul makan makan lezat
tapi Jordi,setahun lalu,5,Google Maps,Positive,Lainnya,No,F&B,No,jordi
"Pelayanan nya baik,ramah, makanan nya lumayan enak. Thx mba maya dan mas ari",3 bulan lalu,4,Google Maps,Positive,Rasa,No,F&B,No,layan ramah makan lumayan thx mba maya mas ari
"Enak banget makananya, karyawannya baik baik + ramah. Mba maya gercep bangettt",2 bulan lalu,5,Google Maps,Positive,Rasa,No,F&B,No,banget makananya karyawannya ramah mba maya gercep bangettt
"Masya Allah semuanya hebat, yang terbaik adalah kecoa.",5 bulan lalu,5,Google Maps,Positive,Lainnya,No,F&B,No,masya allah hebat baik kecoa
"makanannya enakk, tempatnya bersihhh cantikk, pokoknya mantabb dan kerenn",10 bulan lalu,5,Google Maps,Positive,Rasa,No,F&B,No,makan enakk tempat bersihhh cantikk pokok mantabb kerenn
Makananya mantap! 👍 Sarah …,2 bulan lalu,5,Google Maps,Positive,Rasa,No,F&B,No,makananya mantap sarah
Suasana n pelayanannya ok banget,setahun lalu,5,Google Maps,Positive,Lainnya,No,F&B,No,suasana layan ok banget
"Makanan nya enak,tempat nya cozy, pegawai nya ramah",9 bulan lalu,5,Google Maps,Positive,Rasa,No,F&B,No,makan cozy pegawai ramah
Makanan super enakkk. Menu lengkap. Pelayan cepat dan ramah,5 bulan lalu,5,Google Maps,Positive,Rasa,No,F&B,No,makan super enakkk menu lengkap layan cepat ramah
"Makanannya enak, pelayanannya ramah dan extraaaaa 👏 …",3 bulan lalu,5,Google Maps,Positive,Rasa,No,F&B,No,makan layan ramah extraaaaa
Masakan nya enak.. porsi nya kenyang.. ramah dan cepat pelayanan nya,2 bulan lalu,5,Google Maps,Positive,Rasa,No,F&B,No,masakan porsi kenyang ramah cepat layan
"pelayanannya bagus, tempatnya bersih rapih, makanannya gausa ditanya lagi. mantapp",4 bulan lalu,5,Google Maps,Positive,Rasa,No,F&B,No,layan bagus tempat bersih rapih makan gausa mantapp
"Makanan enak, pelayanan mas Yusuf baik dan ramah sekali. Terimakasih",3 bulan lalu,5,Google Maps,Positive,Rasa,No,F&B,No,makan layan mas yusuf ramah terimakasih
Masya allah enak bgt masakannya dan cocok sama lidah orang indonesia,setahun lalu,5,Google Maps,Positive,Rasa,No,F&B,No,masya allah banget masakan cocok lidah indonesia
Makan siang mantap rasanya enak enak,8 bulan lalu,5,Google Maps,Positive,Rasa,No,F&B,No,makan siang mantap
Baiks sekali,5 bulan lalu,5,Google Maps,Positive,Lainnya,No,F&B,No,baiks
Septi,3 bulan lalu,5,Google Maps,Positive,Lainnya,No,F&B,No,septi
Nasi kebuli terenak d bsd tempat mudah d jangkau,3 tahun lalu,5,Google Maps,Positive,Rasa,No,F&B,No,nasi kebuli enak bsd mudah jangkau
menu nya enak2.. porsinya banyak.. ga ada yg gagal.. tempat kids friendly,3 bulan lalu,5,Google Maps,Positive,Rasa,No,F&B,No,menu enak2 porsi gagal kids friendly
Makanannya enaaaakkkk. Five stars untuk rasanya! 😍 definitely will come back!! …,setahun lalu,5,Google Maps,Positive,Rasa,No,F&B,No,makan enaaaakkkk five stars definitely will come back
"Makanan enakk, tempat oke nyaman,pelayanan Maya memuaskan",3 bulan lalu,5,Google Maps,Positive,Rasa,No,F&B,No,makan enakk oke nyaman layan maya muas
layanan yusuf susanto terbaik.,3 bulan lalu,5,Google Maps,Positive,Lainnya,No,F&B,No,layan yusuf susanto baik
"Bagus bgt tempatnya, menunya lezat sekaliiiiiii",setahun lalu,5,Google Maps,Positive,Rasa,No,F&B,No,bagus banget tempat menu lezat sekaliiiiiii
"Makanannya enak, pelayan ramah semua, tempat cozy bgt.",6 bulan lalu,5,Google Maps,Positive,Rasa,No,F&B,No,makan layan ramah cozy banget
Semua fasilitas keren abis pokoknya dah 👍 …,8 bulan lalu,5,Google Maps,Positive,Lainnya,No,F&B,No,fasilitas keren abis pokok dah
"ENAKK BANGET MAKANANNYAA ,Pelayanan nyaa good jobb!! - mas imannn",setahun lalu,5,Google Maps,Positive,Rasa,No,F&B,No,enakk banget makanannyaa layan nyaa good jobb mas imannn
Enakkk banget masakannya terima kasih pak @yusuf susanto,3 bulan lalu,5,Google Maps,Positive,Rasa,No,F&B,No,enakkk banget masakan terima kasih yusuf susanto
Makanan enak Pelayanan ramah dari maya,2 bulan lalu,5,Google Maps,Positive,Rasa,No,F&B,No,makan layan ramah maya
"Tempat dan kopinya enak, servicenya juga oke buat mas galih dan mas zul.",2 bulan lalu,5,Google Maps,Positive,Rasa,No,F&B,No,kopi servicenya oke mas galih mas zul
"makanan nya enak, mantap",4 bulan lalu,5,Google Maps,Positive,Rasa,No,F&B,No,makan mantap
Makanannya enak2.. tempatnya nyaman. Pelayanannya juga memuaskan..,3 bulan lalu,5,Google Maps,Positive,Rasa,No,F&B,No,makan enak2 tempat nyaman layan muas
"Rekomendasi banget,tempat nya bersih dan nyaman",2 tahun lalu,5,Google Maps,Positive,Bentuk,No,F&B,No,rekomendasi banget bersih nyaman
"tempat bersih, suasana live music yg nyaman, rasa oke,pelayanan maya baik",3 bulan lalu,5,Google Maps,Positive,Rasa,No,F&B,No,bersih suasana live music nyaman oke layan maya
Kaka kasir nya good bgt,5 bulan lalu,5,Google Maps,Positive,Lainnya,No,F&B,No,kaka kasir good banget
rekomendasi banget,10 bulan lalu,5,Google Maps,Positive,Lainnya,No,F&B,No,rekomendasi banget
"enak makanannya, mantap de... Mas Kurnia",3 bulan lalu,5,Google Maps,Positive,Rasa,No,F&B,No,makan mantap de mas kurnia
"Pelayanan nya cepat ramah, untuk tempat nya bersih makanan nya pun enak 👍 …",11 bulan lalu,5,Google Maps,Positive,Rasa,No,F&B,No,layan cepat ramah bersih makan
"makanan ya sangat enak , tempat ya nyaman. dan pelayanan bagus",9 bulan lalu,5,Google Maps,Positive,Rasa,No,F&B,No,makan nyaman layan bagus
"Makanan, rasa dan pelayanan mantap. Happy birthday utk mama",4 bulan lalu,5,Google Maps,Positive,Rasa,No,F&B,No,makan layan mantap happy birthday mama
"kopinya enak, anbience nya cukup ramai tp cepet pelayanan nyaa! thank you",4 bulan lalu,5,Google Maps,Positive,Rasa,No,F&B,No,kopi anbience ramai cepet layan nyaa thank you
"Makanannya enakk, dan suasana nya elegann",3 bulan lalu,5,Google Maps,Positive,Rasa,No,F&B,No,makan enakk suasana elegann
Mantaapp,setahun lalu,5,Google Maps,Positive,Lainnya,No,F&B,No,mantaapp
"Makanannya enak, suasana nyaman, dan pelayanan terbaik.. Rekomen suasana malam",3 bulan lalu,5,Google Maps,Positive,Rasa,No,F&B,No,makan suasana nyaman layan baik rekomen suasana malam
"Makanan nya mantap, kelapa nya juga oke, pelayanan nya apalagi sangat besttt (maya)",2 bulan lalu,5,Google Maps,Positive,Rasa,No,F&B,No,makan mantap kelapa oke layan besttt maya
"Makanannya enak, tempatnya nyaman, pasri diulang lg..",setahun lalu,5,Google Maps,Positive,Rasa,No,F&B,No,makan tempat nyaman pasri ulang lg
"Makanannya enak², tempatnya bersih, karyawannya ramah², harganya sesuai dengan rasa",3 bulan lalu,5,Google Maps,Positive,Rasa,No,F&B,No,makan tempat bersih karyawannya ramah harga sesuai
"Tempat oke,rasa makanan oke the best,pelayan oke Mas Yusup Susanto",2 bulan lalu,5,Google Maps,Positive,Rasa,No,F&B,No,oke makan oke best layan oke mas yusup susanto
Kurang cepat menyiapkan orderan,3 tahun lalu,5,Google Maps,Positive,Lainnya,No,F&B,No,cepat order
Recommended enak Jus sirsak enak Pelayanan ramah² Terutama kak maya,2 bulan lalu,5,Google Maps,Positive,Rasa,No,F&B,No,recommended jus sirsak layan ramah kak maya
Makanan nya enak,setahun lalu,5,Google Maps,Positive,Rasa,No,F&B,No,makan
Tempatnya nyaman banget ya Syafik ❤️,setahun lalu,5,Google Maps,Positive,Bentuk,No,F&B,No,tempat nyaman banget syafik
"makanannya the best semua, dengan view danau.. mantap",3 bulan lalu,5,Google Maps,Positive,Rasa,No,F&B,No,makan best view danau mantap
Goda tinta dan makan,3 bulan lalu,5,Google Maps,Positive,Lainnya,No,F&B,No,goda tinta makan
"Makanan enak, penyajian cepat, pelayanannya ramah",2 tahun lalu,4,Google Maps,Positive,Rasa,No,F&B,No,makan saji cepat layan ramah
"Masakannya enak semua, rasanya ga mengecewakan Pelayanan pak yusup oke",2 bulan lalu,5,Google Maps,Positive,Rasa,No,F&B,No,masakan kecewa layan yusup oke
Dua motor saya Beli di Yamaha Flagship jemput,2 bulan lalu,5,Google Maps,Positive,Lainnya,No,F&B,No,motor beli yamaha flagship jemput
"Makanan enak, tempat nyaman pelayanan maya ramahh",2 bulan lalu,5,Google Maps,Positive,Rasa,No,F&B,No,makan nyaman layan maya ramahh
Makanan nya enak Pelayanan ka maya juga sangat bagus banget,3 bulan lalu,5,Google Maps,Positive,Rasa,No,F&B,No,makan layan ka maya bagus banget
"Tempat dan makanan lumayan enak,,",3 bulan lalu,4,Google Maps,Positive,Rasa,No,F&B,No,makan lumayan
Masakan oke pelayanam nya baik atas nama yusuf susanto ramah,3 bulan lalu,5,Google Maps,Positive,Lainnya,No,F&B,No,masakan oke pelayanam nama yusuf susanto ramah
"Pokok nya makanan disini well banget, view nya mantap",8 bulan lalu,5,Google Maps,Positive,Rasa,No,F&B,No,pokok makan well banget view mantap
makanan enak pelayanan mantap mas kurnia,2 bulan lalu,5,Google Maps,Positive,Rasa,No,F&B,No,makan layan mantap mas kurnia
Makanan enak Tempat enak Layanan enak Cocok utk keluarga dan teman,2 tahun lalu,4,Google Maps,Positive,Rasa,No,F&B,No,makan layan cocok keluarga teman
"Best serviceee, thank youu",setahun lalu,5,Google Maps,Positive,Lainnya,No,F&B,No,best serviceee thank youu
Pelayanannya cepat Tempatnya bersih Makananya enak @Septi Cs,5 bulan lalu,5,Google Maps,Positive,Rasa,No,F&B,No,layan cepat tempat bersih makananya septi cs
"Tempat nya nyaman, pelayan nya juga pada ramah ramah 🫶🏻 the best pokok nyaaa 😍😍 …",7 bulan lalu,5,Google Maps,Positive,Bentuk,No,F&B,No,nyaman layan ramah ramah best pokok nyaaa
Pelayanan dan masakannya sangat memuaskan,setahun lalu,5,Google Maps,Positive,Lainnya,No,F&B,No,layan masakan muas
"Rasa makanan enak maknyus, pelayanan maya bagus oke semua, suasana nyman",3 bulan lalu,5,Google Maps,Positive,Rasa,No,F&B,No,makan maknyus layan maya bagus oke suasana nyman
"Tempat makan estetik, makanan semua enak, pelayanan baik🥰🥰🥰 …",3 bulan lalu,5,Google Maps,Positive,Rasa,No,F&B,No,makan estetik makan layan
Bagus tempatnya nyaman enak makannya,3 bulan lalu,5,Google Maps,Positive,Rasa,No,F&B,No,bagus tempat nyaman makan
Makananya enak Pelayanan yusuf ramah,3 bulan lalu,5,Google Maps,Positive,Rasa,No,F&B,No,makananya layan yusuf ramah
"diajak bos makan disini... tempat luas, pelayanan bang Iman mantap.",setahun lalu,5,Google Maps,Positive,Rasa,No,F&B,No,ajak bos makan luas layan bang iman mantap
good food. good ambience. will definetely come back.,11 bulan lalu,5,Google Maps,Positive,Lainnya,No,F&B,No,good food good ambience will definetely come back
"pelayanannya baikk, makanannya enak, tempatnyaa bersih👍🏻👍🏻👍🏻 (mas kurnia) …",2 bulan lalu,5,Google Maps,Positive,Rasa,No,F&B,No,layan baikk makan tempatnyaa bersih mas kurnia
"Tempat oke banget, makanan juga enak, waiters nya juga asik",5 bulan lalu,5,Google Maps,Positive,Rasa,No,F&B,No,oke banget makan waiters asik
Untuk pelayan ka issa pelayan terbaik. Tolong kasih reweard untk ka issa the best!!,3 bulan lalu,5,Google Maps,Positive,Lainnya,No,F&B,No,layan ka issa layan baik tolong kasih reweard untk ka issa best
Tempat luas Makanannya enak,3 bulan lalu,5,Google Maps,Positive,Rasa,No,F&B,No,luas makan
Oke,4 bulan lalu,5,Google Maps,Positive,Lainnya,No,F&B,No,oke
"Terima kasih, telah memberikan layanan terbaik buat kami dari SDN Cilandak Timur 05",setahun lalu,5,Google Maps,Positive,Lainnya,No,F&B,No,terima kasih layan baik sdn cilandak timur
"Makanannya enak euy, tempat luas dan pelayannya sopan dan ramah mas Rokhmatulloh",3 bulan lalu,5,Google Maps,Positive,Rasa,No,F&B,No,makan euy luas layan sopan ramah mas rokhmatulloh
Makanannya sangat enak dan pelayanan nya sangat baik mba maya,3 bulan lalu,5,Google Maps,Positive,Rasa,No,F&B,No,makan layan mba maya
Pelayanan ka maya dan rere sangat baik dan untuk makanan jaga oke banget,2 bulan lalu,5,Google Maps,Positive,Lainnya,No,F&B,No,layan ka maya rere makan jaga oke banget
Waktu Penyakit Epilepsi Saya Mau Kambuh Pegawai nya Baik Menolong,10 bulan lalu,5,Google Maps,Positive,Lainnya,No,F&B,No,waktu sakit epilepsi kambuh pegawai tolong
Makanan nya enak cocok buat keluarga,7 bulan lalu,5,Google Maps,Positive,Rasa,No,F&B,No,makan cocok keluarga
Makanan Good Pelayanan Top Terimakasih Mas Zusup Susanto,3 bulan lalu,5,Google Maps,Positive,Lainnya,No,F&B,No,makan good layan top terimakasih mas zusup susanto
#Lisa yang terbaik,2 bulan lalu,5,Google Maps,Positive,Lainnya,No,F&B,No,lisa baik
"Enak, pelayanan baik, makaci kak Rere 💕 …",2 bulan lalu,5,Google Maps,Positive,Rasa,No,F&B,No,layan makaci kak rere
"Enak makanan nya, cepet lagi, pelayanan nya bagus",10 bulan lalu,5,Google Maps,Positive,Rasa,No,F&B,No,makan cepet layan bagus
#nakoholic dengan kak nesta,3 bulan lalu,5,Google Maps,Positive,Lainnya,No,F&B,No,nakoholic kak nesta
"Makann enak, tempat nyaman dan staff ramah.. Very recommended for family..",2 bulan lalu,4,Google Maps,Positive,Rasa,No,F&B,No,makann nyaman staff ramah very recommended for family
"Pelayanan sangat ramah, tempat mudah di akses",5 bulan lalu,5,Google Maps,Positive,Lainnya,No,F&B,No,layan ramah mudah akses
Enak makanannya dan pelayanan bagus cepatt ramahh,setahun lalu,5,Google Maps,Positive,Rasa,No,F&B,No,makan layan bagus cepatt ramahh
"Makanannya enak, pelayanannya bagus",2 bulan lalu,5,Google Maps,Positive,Rasa,No,F&B,No,makan layan bagus
Terbaik pelayanan terimakasih aroem bekasi. Makananya semua enak,10 bulan lalu,5,Google Maps,Positive,Rasa,No,F&B,No,baik layan terimakasih aroem bekas makananya
"Enak makanannya,hanya banyak nyamuk kalau udah malam...",2 tahun lalu,4,Google Maps,Positive,Rasa,No,F&B,No,makan nyamuk udah malam
"Harga trjngkau,mkn biasa stndr",8 bulan lalu,4,Google Maps,Positive,Harga,No,F&B,No,harga trjngkau mkn stndr
"Tempatnya asik bagus nyaman, makanan enak2. Pelayanan ramah, baik.",setahun lalu,5,Google Maps,Positive,Rasa,No,F&B,No,tempat asik bagus nyaman makan enak2 layan ramah
"Ada banyak yang bisa dilihat untuk anak bayo jadi seru, makasih Kk Maya",3 bulan lalu,5,Google Maps,Positive,Lainnya,No,F&B,No,anak bayo seru makasih kk maya
"Makanan enakkkk, pelayanannya cepat, dan harga oke banget",7 bulan lalu,5,Google Maps,Positive,Rasa,No,F&B,No,makan enakkkk layan cepat harga oke banget
Endoooll marendooll mie rebus tsamara dagingnya banyak...,setahun lalu,5,Google Maps,Positive,Lainnya,No,F&B,No,endoooll marendooll mie rebus tsamara daging
"Tempat nya bersih, pelayanannya ramah, mkannya enk"" . Puass lah...",4 bulan lalu,5,Google Maps,Positive,Lainnya,No,F&B,No,bersih layan ramah mkannya enk puass
"kakak2 pelayannya ramahh bgt, makanannya jg komplit, tempat oudoornya oke poenya",10 bulan lalu,5,Google Maps,Positive,Lainnya,No,F&B,No,kakak2 layan ramahh banget makan jg komplit oudoornya oke poenya
"Makanan enak semua terutama Udang Madu, pelayanan maya bagus dan cepat ramah",2 bulan lalu,5,Google Maps,Positive,Rasa,No,F&B,No,makan udang madu layan maya bagus cepat ramah
"The best, pelayanannya baik Maya",3 bulan lalu,5,Google Maps,Positive,Lainnya,No,F&B,No,best layan maya
"Untuk makanan nya enak"" Semua Terus pelayanan nya cepat & ramah",5 bulan lalu,5,Google Maps,Positive,Rasa,No,F&B,No,makan layan cepat ramah
Makanan enak sudah beberapa kali kesini + pelayanan yg baik,2 bulan lalu,5,Google Maps,Positive,Rasa,No,F&B,No,makan kesini layan
Makanannya enak dan suasananya sangat nyaman ❤️,9 bulan lalu,5,Google Maps,Positive,Rasa,No,F&B,No,makan suasana nyaman
"Pelayanannya cepet banget, staffnya ramah. Besttt",6 bulan lalu,5,Google Maps,Positive,Lainnya,No,F&B,No,layan cepet banget staffnya ramah besttt
Tempatnya nyaman makanannya enak cocok kumpul bersama keluarga dan sahabat,setahun lalu,5,Google Maps,Positive,Rasa,No,F&B,No,tempat nyaman makan cocok kumpul keluarga sahabat
Makanan enak suasana nya enak pelayanan juga sangat ramah bintang 5 💕💕💕 …,8 bulan lalu,5,Google Maps,Positive,Rasa,No,F&B,No,makan suasana layan ramah bintang
Pria+ap,3 tahun lalu,5,Google Maps,Positive,Lainnya,No,F&B,No,pria ap
Tempatnya nyaman,8 bulan lalu,5,Google Maps,Positive,Bentuk,No,F&B,No,tempat nyaman
Makanannya enak apalgi 8kan bakarnya. Tempatnya juga baguss plus wangi dan bersih,4 bulan lalu,5,Google Maps,Positive,Rasa,No,F&B,No,makan apalgi 8kan bakar tempat baguss plus wangi bersih
Makanannya enak semua pokoke the best,4 bulan lalu,5,Google Maps,Positive,Rasa,No,F&B,No,makan pokoke best
"Makanan oke mantap ,pelayanan maya murah senyum",3 bulan lalu,5,Google Maps,Positive,Rasa,No,F&B,No,makan oke mantap layan maya murah senyum
"Makanan nya enak2,tempatnya adem bikin nyaman🤏🏻 …",4 bulan lalu,5,Google Maps,Positive,Rasa,No,F&B,No,makan enak2 tempat adem bikin nyaman
Sangat baik crew nya Makanan enak Tempat nyaman Shout out to pak m.rokhmatuloh,2 bulan lalu,5,Google Maps,Positive,Rasa,No,F&B,No,crew makan nyaman shout out to rokhmatuloh
Makanannya enak enak,9 bulan lalu,5,Google Maps,Positive,Rasa,No,F&B,No,makan
Makanannya enak. Soto semarangnya mantap. Pemandangannya oke. Service ok. Bestt!,4 bulan lalu,5,Google Maps,Positive,Rasa,No,F&B,No,makan soto semarangnya mantap pandang oke service ok bestt
"Soto semarang seger banget sayy, cuss mampir 🫶🏻 …",4 bulan lalu,5,Google Maps,Positive,Lainnya,No,F&B,No,soto semarang seger banget sayy cuss mampir
Makanannya enak enak Dan pelayanan mas Rere good👍🏻 …,3 bulan lalu,5,Google Maps,Positive,Rasa,No,F&B,No,makan layan mas rere good
"Makanannya enak, tempatnya jg fancy Rekomended sih",8 bulan lalu,5,Google Maps,Positive,Rasa,No,F&B,No,makan tempat jg fancy rekomended
"Makanan enak,suasana yang nyaman serta layanan Yusuf Susanto yang sangat ramah",3 bulan lalu,5,Google Maps,Positive,Rasa,No,F&B,No,makan suasana nyaman layan yusuf susanto ramah
Makanan & pelayannya enak baik dan ramah semuanya🤲🤲🤲 …,4 bulan lalu,5,Google Maps,Positive,Rasa,No,F&B,No,makan layan ramah
Makanan nya enak...pelayanan nya juga cepat,7 bulan lalu,5,Google Maps,Positive,Rasa,No,F&B,No,makan layan cepat
"Makanan enak, pelayanan baik dan suasana nyaman.",3 bulan lalu,5,Google Maps,Positive,Rasa,No,F&B,No,makan layan suasana nyaman
makanan nya enak dan tempat nyaa nyaman dan pelayanan nya oke,2 bulan lalu,5,Google Maps,Positive,Rasa,No,F&B,No,makan nyaa nyaman layan oke
Makanannya enak2 dan pelayanannya ramah semua terutama mba maya,3 bulan lalu,5,Google Maps,Positive,Rasa,No,F&B,No,makan enak2 layan ramah mba maya
Makanan dan pelayanannya memuaskan,3 bulan lalu,5,Google Maps,Positive,Lainnya,No,F&B,No,makan layan muas
"Pelayanannya ramah, terimakasih kaka maya dan team",3 bulan lalu,4,Google Maps,Positive,Lainnya,No,F&B,No,layan ramah terimakasih kaka maya team
Makananya enak apalagi udang garlic Pelayanan Rere Maya sangat baik,3 bulan lalu,5,Google Maps,Positive,Rasa,No,F&B,No,makananya udang garlic layan rere maya
"Makanannya mantap, pelayanan ok top markotop",4 bulan lalu,5,Google Maps,Positive,Rasa,No,F&B,No,makan mantap layan ok top markotop
"Tempatnya nyaman, makanannya juga enak², the best👍🏻 …",3 bulan lalu,5,Google Maps,Positive,Rasa,No,F&B,No,tempat nyaman makan best
"Makanan enak semua terutama cumi goreng tepung nya, pelayanan maya bagus dan cepat",2 bulan lalu,5,Google Maps,Positive,Rasa,No,F&B,No,makan cumi goreng tepung layan maya bagus cepat
"nyaman, enak, makananya fresh pelayanan dari mas Kurnia juga mantap",2 bulan lalu,5,Google Maps,Positive,Rasa,No,F&B,No,nyaman makananya fresh layan mas kurnia mantap
Makanannya enak. Mbak petugasnya juga ramah & sigap.,5 bulan lalu,5,Google Maps,Positive,Rasa,No,F&B,No,makan mbak tugas ramah sigap
delicious cuisine and good services,2 bulan lalu,5,Google Maps,Positive,Lainnya,No,F&B,No,delicious cuisine good services
Makanannya sangat enakk dan pelayanan bagus' dan ramah',3 bulan lalu,5,Google Maps,Positive,Rasa,No,F&B,No,makan enakk layan bagus ramah
Makananya enak..tempatnya bersih pokoknya mantul@septi,2 bulan lalu,5,Google Maps,Positive,Rasa,No,F&B,No,makananya tempat bersih pokok mantul septi
Makanan enak2.. Suasananya enak dan pelayanannya cepat dan ramah2..,9 bulan lalu,5,Google Maps,Positive,Rasa,No,F&B,No,makan enak2 suasana layan cepat ramah2
Tempatnya nyaman dan bersih seperti di pedesaan Makanan nya enak Pelayanan bagus,setahun lalu,5,Google Maps,Positive,Rasa,No,F&B,No,tempat nyaman bersih desa makan layan bagus
good job,3 hari lalu,5,Google Maps,Positive,Lainnya,No,F&B,No,good job
"Tempat nyaman, pelayanan oke, dan makanan enak yusuf susanto",3 bulan lalu,5,Google Maps,Positive,Rasa,No,F&B,No,nyaman layan oke makan yusuf susanto
Makanan enak. Dan pelayanan ka sarah memuaskan,3 bulan lalu,5,Google Maps,Positive,Rasa,No,F&B,No,makan layan ka sarah muas
"Biarlah bintang berbicara, enak makanan yo",6 bulan lalu,4,Google Maps,Positive,Rasa,No,F&B,No,biar bintang bicara makan yo
pelayanan baik hati semua,7 bulan lalu,5,Google Maps,Positive,Lainnya,No,F&B,No,layan hati
Suasana tempat sejuk ada kolam ikan good mas zusup.susanto makanan enak,3 bulan lalu,5,Google Maps,Positive,Rasa,No,F&B,No,suasana sejuk kolam ikan good mas zusup susanto makan
"tempat mya dingin, makana nya enak, acara ulang tahun nya seru",setahun lalu,5,Google Maps,Positive,Rasa,No,F&B,No,mya dingin makana acara ulang tahun seru
Makanannya enak pelayanannya juga ramah pokoknya top deh 😍🥰🤗 …,9 bulan lalu,5,Google Maps,Positive,Rasa,No,F&B,No,makan layan ramah pokok top
Baik bersih makasih mas bonil,sebulan lalu,5,Google Maps,Positive,Lainnya,No,F&B,No,bersih makasih mas bonil
tidak ada yang menulis,setahun lalu,5,Google Maps,Positive,Lainnya,No,F&B,No,tulis
"Paling enak makan di sini, parkir luas, masakan ny nikmat, pelayanan ny memuaskan",3 tahun lalu,5,Google Maps,Positive,Rasa,No,F&B,No,makan parkir luas masakan ny nikmat layan ny muas
Makanan sama sprti mang engking lain nya...enak tempat santai dgn family juga enak,2 tahun lalu,4,Google Maps,Positive,Rasa,No,F&B,No,makan sprti mang engking santai family
Bagus tempat nya.. cocok bawa keluarga utk tempat bermain anak juga ada,9 bulan lalu,4,Google Maps,Positive,Lainnya,No,F&B,No,bagus cocok bawa keluarga main anak
Terima kasih banyak!! Sangat bagus,3 bulan lalu,5,Google Maps,Positive,Lainnya,No,F&B,No,terima kasih bagus
"Makanan enak, tempat nyaman, bersih, pelayanan ramah, cepat.",4 bulan lalu,5,Google Maps,Positive,Rasa,No,F&B,No,makan nyaman bersih layan ramah cepat
"Enak, bersih, nyaman, staff ramah",2 bulan lalu,5,Google Maps,Positive,Rasa,No,F&B,No,bersih nyaman staff ramah
"Untuk tempatnya sangat nyaman, makanannya fresh dan pelayan mas kurnia sangat baik",3 bulan lalu,5,Google Maps,Positive,Bentuk,No,F&B,No,tempat nyaman makan fresh layan mas kurnia
"Pilihan makanannya banyak, suasananya menyenangkan",9 bulan lalu,5,Google Maps,Positive,Lainnya,No,F&B,No,pilih makan suasana senang
"makanannya enak, penyajiannya cepat, pelayanan maya rere sangat baik",2 bulan lalu,5,Google Maps,Positive,Rasa,No,F&B,No,makan saji cepat layan maya rere
"good service, good food, fast respond",7 bulan lalu,4,Google Maps,Positive,Lainnya,No,F&B,No,good service good food fast respond
"Makannya enak,pelayanannya Rahmah",setahun lalu,5,Google Maps,Positive,Rasa,No,F&B,No,makan layan rahmah
Seafoodnya fresh dan enak semua! Mbak maya and all Staff resto ramah juga. Love!l,3 bulan lalu,5,Google Maps,Positive,Rasa,No,F&B,No,seafoodnya fresh mbak maya all staff resto ramah love
Nama Kevin sangat ramah dan baik hati.,setahun lalu,5,Google Maps,Positive,Lainnya,No,F&B,No,nama kevin ramah hati
Makanannya enak dan pelayanannya bagus,5 bulan lalu,5,Google Maps,Positive,Rasa,No,F&B,No,makan layan bagus
"Makanan enak,sambel nya enak,tempat nyaman,pelayanan maya bagus",3 bulan lalu,5,Google Maps,Positive,Rasa,No,F&B,No,makan sambel nyaman layan maya bagus
"Makanannya enak banget, pelayanannya jg ok ,mas yusuf susanto",3 bulan lalu,5,Google Maps,Positive,Rasa,No,F&B,No,makan banget layan jg ok mas yusuf susanto
Seru kalau buat nongkrong rame rame,2 bulan lalu,5,Google Maps,Positive,Lainnya,No,F&B,No,seru nongkrong rame rame
Nyaman dan Imut,3 bulan lalu,5,Google Maps,Positive,Bentuk,No,F&B,No,nyaman imut
pelayanan sangatt ramah tmptt ny nyaman full service bingittt🥰🙏🏻❤️ …,4 bulan lalu,5,Google Maps,Positive,Bentuk,No,F&B,No,layan sangatt ramah tmptt ny nyaman full service bingittt
"Makanan enak , pelayanannya ramah mas Bambangnya . Tempatnya bagus",9 bulan lalu,5,Google Maps,Positive,Rasa,No,F&B,No,makan layan ramah mas bambang tempat bagus
Enak semua seafood fresh Pelayanan nya good Maya Tempat nyaman,2 bulan lalu,5,Google Maps,Positive,Rasa,No,F&B,No,seafood fresh layan good maya nyaman
"Makanannya enak semuaa, vibesnya adem kena angin sepoi2, recommended!",setahun lalu,5,Google Maps,Positive,Rasa,No,F&B,No,makan semuaa vibesnya adem angin sepoi2 recommended
Asik pelayanan ga terlalu lama,setahun lalu,5,Google Maps,Positive,Lainnya,No,F&B,No,asik layan
overall enak tp ayamnya agak bau sedikit di nasi goreng kampung,3 bulan lalu,4,Google Maps,Positive,Rasa,No,F&B,No,overall ayam bau nasi goreng kampung
"pelayanan ramah, makanan enak",8 bulan lalu,5,Google Maps,Positive,Rasa,No,F&B,No,layan ramah makan
tempatnya oke banget tpi makanannya biasa aja.,10 bulan lalu,3,Google Maps,Neutral,Lainnya,No,F&B,No,tempat oke banget tpi makan
Saya paling suka kerapu asam manis....enaaakk banget..,10 bulan lalu,5,Google Maps,Positive,Rasa,No,F&B,No,suka kerapu asam manis enaaakk banget
"To : pak Hamdan, utk makanan nya enak... Pelayanannya jg tambah baik...",3 bulan lalu,5,Google Maps,Positive,Rasa,No,F&B,No,to hamdan makan layan jg
Makanan enak mantap pelayanan maya murah senyum ramah,3 bulan lalu,5,Google Maps,Positive,Rasa,No,F&B,No,makan mantap layan maya murah senyum ramah
The besr.. Seruuu rasanya luar biasa . Pelayanan om yusup best,2 bulan lalu,5,Google Maps,Positive,Rasa,No,F&B,No,besr seruuu layan om yusup best
Saudara Ade baik-baik saja.,setahun lalu,5,Google Maps,Positive,Lainnya,No,F&B,No,saudara ade
makanan nya enak dan pelayanan nya cepat,4 hari lalu,5,Google Maps,Positive,Rasa,No,F&B,No,makan layan cepat
"Gadis Issa luar biasa pelayanan excellent Cozy place, recommended..",2 bulan lalu,5,Google Maps,Positive,Lainnya,No,F&B,No,gadis issa layan excellent cozy place recommended
Always favourite in here nice food n than tq for service Kak sarahh best,2 bulan lalu,5,Google Maps,Positive,Lainnya,No,F&B,No,always favourite in here nice food than tq for service kak sarahh best
"tempat nya bersih, cocok untuk makan bareng pasangan, keluarga.",6 bulan lalu,5,Google Maps,Positive,Lainnya,No,F&B,No,bersih cocok makan bareng pasang keluarga
Makanan enak dan cepat diantar.,7 bulan lalu,4,Google Maps,Positive,Rasa,No,F&B,No,makan cepat antar
"Tempat nya nyaman,makanan enaaak.. Bisa nih balik lagi..",3 bulan lalu,5,Google Maps,Positive,Bentuk,No,F&B,No,nyaman makan enaaak
Suasana enak tempatnya luas makanan enak. Pelayanan maya,2 bulan lalu,5,Google Maps,Positive,Rasa,No,F&B,No,suasana tempat luas makan layan maya
"Tempatnya nyaman, makanan dan pelayanannya mantul👍🥳🥳🥳 …",3 bulan lalu,5,Google Maps,Positive,Bentuk,No,F&B,No,tempat nyaman makan layan mantul
"Pelayan nya ramah, apalagi mas iman, tmptnya pw parahhhhh🌸 …",setahun lalu,5,Google Maps,Positive,Lainnya,No,F&B,No,layan ramah mas iman tmptnya pw parahhhhh
"Rekomendasi untuk makan, pelayanannya bagus makananya mantap",4 bulan lalu,5,Google Maps,Positive,Rasa,No,F&B,No,rekomendasi makan layan bagus makananya mantap
Good places - mas Majid,setahun lalu,5,Google Maps,Positive,Lainnya,No,F&B,No,good places mas majid
Makanan nya enak enak cocok untuk keluarga.,2 bulan lalu,5,Google Maps,Positive,Rasa,No,F&B,No,makan cocok keluarga
"Makanan enak, tempat nyaman pelayanan mas zusup susanto",3 bulan lalu,5,Google Maps,Positive,Rasa,No,F&B,No,makan nyaman layan mas zusup susanto
#gita Makanannya enak bangett.. tempatnya nyamaan. pelayanan nya baik. worth it🤩 …,3 bulan lalu,5,Google Maps,Positive,Rasa,No,F&B,No,gita makan bangett tempat nyamaan layan worth it
Pelayanan ramah dan cepat.. buka 24 jam is a plus,3 bulan lalu,5,Google Maps,Positive,Lainnya,No,F&B,No,layan ramah cepat buka jam plus
mas yusuf susanto masakannya : selalu best suasana : tenang dan warm,3 bulan lalu,5,Google Maps,Positive,Lainnya,No,F&B,No,mas yusuf susanto masakan best suasana tenang warm
pelayanan bagus makanan enak dibantu oleh yuzup susanto,3 bulan lalu,5,Google Maps,Positive,Rasa,No,F&B,No,layan bagus makan bantu yuzup susanto
Barusan makan siang disini. Untuk pelayanan dan makanannya enak mas yusuf susanto,3 bulan lalu,5,Google Maps,Positive,Rasa,No,F&B,No,barusan makan siang layan makan mas yusuf susanto
matcha nya enak service nya juga oke bang septian,7 bulan lalu,5,Google Maps,Positive,Rasa,No,F&B,No,matcha service oke bang septian
Menu sambalnya beragam.. citarasa enak. Cocok buat penggemar sambal.,6 bulan lalu,5,Google Maps,Positive,Rasa,No,F&B,No,menu sambal agam citarasa cocok gemar sambal
"Makanan mantap, pelayanan jos. Terimakasih kak Maya n Rere",3 bulan lalu,5,Google Maps,Positive,Rasa,No,F&B,No,makan mantap layan jos terimakasih kak maya rere
"tempatnya enak, staff nya ramah",3 bulan lalu,5,Google Maps,Positive,Rasa,No,F&B,No,tempat staff ramah
"Makanan enak, waktu serving cepat, tempat nyaman. Pelayan: mas kurnia",3 bulan lalu,5,Google Maps,Positive,Rasa,No,F&B,No,makan waktu serving cepat nyaman layan mas kurnia
mantap semuanya fresh dan enakkk,4 bulan lalu,5,Google Maps,Positive,Rasa,No,F&B,No,mantap fresh enakkk
"Makanannya enak, segar, pelayanan Lelanya ramah, baik.",setahun lalu,5,Google Maps,Positive,Rasa,No,F&B,No,makan segar layan lela ramah
"Tempat makan nyaman, makanan enak dan tempat bersih. Pelayanan okee",2 bulan lalu,5,Google Maps,Positive,Rasa,No,F&B,No,makan nyaman makan bersih layan okee
Tempat ternyaman untuk makan di jatisampurna,setahun lalu,5,Google Maps,Positive,Bentuk,No,F&B,No,nyaman makan jatisampurna
"makanannya enak, es telernya the best!!! apalagi viewnya bagus sekali",11 bulan lalu,5,Google Maps,Positive,Rasa,No,F&B,No,makan es teler best viewnya bagus
ratus,7 bulan lalu,5,Google Maps,Positive,Lainnya,No,F&B,No,ratus
Tempatnya strategis dan cocok banget buat destinasi kuliner keluarga,4 bulan lalu,4,Google Maps,Positive,Lainnya,No,F&B,No,tempat strategis cocok banget destinasi kuliner keluarga
"pelayanan nya ramah , tempatnya bersih view nya langsung danau",2 bulan lalu,5,Google Maps,Positive,Lainnya,No,F&B,No,layan ramah tempat bersih view danau
"tempatnya bagus,rasa masakannya enak,pelayanan cepat",2 tahun lalu,5,Google Maps,Positive,Rasa,No,F&B,No,tempat bagus masakan layan cepat
"Makanan nya enak, minumannya variatif dan pelayanannya cepat dan ramah",9 bulan lalu,5,Google Maps,Positive,Rasa,No,F&B,No,makan minum variatif layan cepat ramah
Sambel teri enak banget.,3 tahun lalu,3,Google Maps,Neutral,Rasa,No,F&B,No,sambel teri banget
"Tempat top ok, makanan enk dan menyajikan nya cepat",setahun lalu,5,Google Maps,Positive,Lainnya,No,F&B,No,top ok makan enk saji cepat
Suasana bagus pelayanan ramah juga gercep makasih mas iman atas pelayanannya,setahun lalu,5,Google Maps,Positive,Lainnya,No,F&B,No,suasana bagus layan ramah gercep makasih mas iman layan
Semua menu enak enak,4 bulan lalu,5,Google Maps,Positive,Rasa,No,F&B,No,menu
"Tempat nya oke, makanan enak, rekomended buat kumpul keluarga",4 bulan lalu,5,Google Maps,Positive,Rasa,No,F&B,No,oke makan rekomended kumpul keluarga
Sangat menyenangkan,setahun lalu,5,Google Maps,Positive,Lainnya,No,F&B,No,senang
"makanan sangat cepatt,pelayanan mba maya ramah",4 bulan lalu,5,Google Maps,Positive,Lainnya,No,F&B,No,makan cepatt layan mba maya ramah
"Makanan nya enak, pelayanan bagus",6 bulan lalu,4,Google Maps,Positive,Rasa,No,F&B,No,makan layan bagus
"Value for money, upbeat attitude of staffs",setahun lalu,5,Google Maps,Positive,Lainnya,No,F&B,No,value for money upbeat attitude of staffs
"tempatnya nyaman,ruahgan nya juga dingin banget",setahun lalu,5,Google Maps,Positive,Bentuk,No,F&B,No,tempat nyaman ruahgan dingin banget
"Makanannya sangat enak, pelayanan dan suasananya sangat bagus. Rekomended sekali!",2 bulan lalu,5,Google Maps,Positive,Rasa,No,F&B,No,makan layan suasana bagus rekomended
makanannya enak mba maya bagus,3 bulan lalu,5,Google Maps,Positive,Rasa,No,F&B,No,makan mba maya bagus
Makanan nya enak pelayanannya bagusssss,3 bulan lalu,5,Google Maps,Positive,Rasa,No,F&B,No,makan layan bagusssss
Makanannya enak bangett Pelayannya ramah Dibantu dengan ka maya,2 bulan lalu,5,Google Maps,Positive,Rasa,No,F&B,No,makan bangett layan ramah bantu ka maya
"suasana nya bagus, pelayanannya ramah dan makanannya enak",3 bulan lalu,5,Google Maps,Positive,Rasa,No,F&B,No,suasana bagus layan ramah makan
"Tempat enak, makanannya enak, pelayanannya cepat, harga menyesuaikan",9 bulan lalu,5,Google Maps,Positive,Rasa,No,F&B,No,makan layan cepat harga sesuai
"Makannya enk . Pelayannya ramah . Enak buat arisan kumpul"" .",setahun lalu,5,Google Maps,Positive,Rasa,No,F&B,No,makan enk layan ramah arisan kumpul
"Good vibes, nyaman dan teduh tempatnya, pelayanan good",2 bulan lalu,5,Google Maps,Positive,Bentuk,No,F&B,No,good vibes nyaman teduh tempat layan good
Udang Keju nya Mantap.. Terima Kasih Ka Sarah,3 bulan lalu,5,Google Maps,Positive,Rasa,No,F&B,No,udang keju mantap terima kasih ka sarah
"Tempatnya sangat luas dan suasana nyaman dipinggir danau, sangat nyaman",setahun lalu,5,Google Maps,Positive,Bentuk,No,F&B,No,tempat luas suasana nyaman pinggir danau nyaman
Resto ramah anak karena ada beberapa permainan seperti perosotan dan ayunan.,setahun lalu,4,Google Maps,Positive,Lainnya,No,F&B,No,resto ramah anak main perosot ayun
makanannya enak2 bgt pelayanan jg memuaskan ramah2 lg pelayanannya,9 bulan lalu,5,Google Maps,Positive,Rasa,No,F&B,No,makan enak2 banget layan jg muas ramah2 lg layan
Makanannya enak t4 nya nyaman,3 bulan lalu,5,Google Maps,Positive,Rasa,No,F&B,No,makan t4 nyaman
"Pelayanan nya sangat ramah, rasa dan kualitas nya mantap 👍🏻🫰🏻 …",3 bulan lalu,5,Google Maps,Positive,Rasa,No,F&B,No,layan ramah kualitas mantap
"Tempat luas, harga wajar.",setahun lalu,3,Google Maps,Neutral,Harga,No,F&B,No,luas harga wajar
"Nice ambience, food taste enak dan the service excellence for mba Maya thanks anlot",2 bulan lalu,5,Google Maps,Positive,Rasa,No,F&B,No,nice ambience food taste service excellence for mba maya thanks anlot
Pelayanan ramah dan makanan enak - rahmat dan tiwi,3 bulan lalu,5,Google Maps,Positive,Rasa,No,F&B,No,layan ramah makan rahmat tiwi
Good place,setahun lalu,5,Google Maps,Positive,Lainnya,No,F&B,No,good place
Makanan nya enak bangettttt sarah,3 bulan lalu,5,Google Maps,Positive,Rasa,No,F&B,No,makan bangettttt sarah
"Suasana nya enak buat makan keluarga, pelayanan mas rahmat mantulll",setahun lalu,5,Google Maps,Positive,Rasa,No,F&B,No,suasana makan keluarga layan mas rahmat mantulll
"makanan dan suasana nya enak, pelayanannya dari pak Yusuf susanto juga bagus",3 bulan lalu,5,Google Maps,Positive,Rasa,No,F&B,No,makan suasana layan yusuf susanto bagus
Makanan yang disajikan enak. Overall lingkungan tempat nya nyaman,4 bulan lalu,5,Google Maps,Positive,Rasa,No,F&B,No,makan saji overall lingkung nyaman
Makanan nya enak Dan lumayan cepat pelayanan nya ramah gercep Waiters fakha,setahun lalu,5,Google Maps,Positive,Rasa,No,F&B,No,makan lumayan cepat layan ramah gercep waiters fakha
makasih mas iman sudah melayani kami dgn baik .. makanan juga enakk ..,9 bulan lalu,5,Google Maps,Positive,Rasa,No,F&B,No,makasih mas iman layan makan enakk
Suasana adem di bawah saung bambu,5 bulan lalu,5,Google Maps,Positive,Lainnya,No,F&B,No,suasana adem saung bambu
Kesini Juli 2025 1. Rasa makanan enak 2. Tempat luas,9 bulan lalu,5,Google Maps,Positive,Rasa,No,F&B,No,kesini juli makan luas
gemasss🩷 …,3 bulan lalu,5,Google Maps,Positive,Lainnya,No,F&B,No,gemasss
"Makanannya udah pasti enak2 semua, sebanding sih sama harganya yg emang pricely",7 bulan lalu,5,Google Maps,Positive,Rasa,No,F&B,No,makan udah enak2 banding harga emang pricely
Makanan dan pelayanan nya bagus .. Dan suprise birthday nya seru bangettt,4 bulan lalu,5,Google Maps,Positive,Lainnya,No,F&B,No,makan layan bagus suprise birthday seru bangettt
Tempat nya bgs buat fhoto2 mantapp 👍👍👍 …,setahun lalu,5,Google Maps,Positive,Rasa,No,F&B,No,bgs fhoto2 mantapp
"Makanannya enak, dan pelayanannya sangat baik, terimakasih mas rere",2 bulan lalu,5,Google Maps,Positive,Rasa,No,F&B,No,makan layan terimakasih mas rere
"Makanan enakk, tempat nyaman, pelayanan cepatt",3 bulan lalu,5,Google Maps,Positive,Rasa,No,F&B,No,makan enakk nyaman layan cepatt
RAMAH DAN BAIK,9 bulan lalu,5,Google Maps,Positive,Lainnya,No,F&B,No,ramah
"Pelayananannya ramah dan memuaskan, makanannya enak, tempatnya luas dan bersih",3 bulan lalu,5,Google Maps,Positive,Rasa,No,F&B,No,pelayananannya ramah muas makan tempat luas bersih
"Makanan enak, pelayan rere ramah, terbaik dah",3 bulan lalu,5,Google Maps,Positive,Rasa,No,F&B,No,makan layan rere ramah baik dah
Makananya okyy Pelanan nya cepat Baik ramah Gpl alias gk pake lama,4 bulan lalu,5,Google Maps,Positive,Lainnya,No,F&B,No,makananya okyy pelan cepat ramah gpl alias gk pake
Makanannya enak2.. tempatnya nyaman dan pelayanannya juga cepat 👍😍 …,7 bulan lalu,5,Google Maps,Positive,Rasa,No,F&B,No,makan enak2 tempat nyaman layan cepat
tempat ok makanan enak terimakaaih pelayanan mas kurnia,3 bulan lalu,5,Google Maps,Positive,Rasa,No,F&B,No,ok makan terimakaaih layan mas kurnia
"Makanannya enak, tempatnya juga nyaman. Best 👍 …",setahun lalu,5,Google Maps,Positive,Rasa,No,F&B,No,makan tempat nyaman best
makanan nya sangatt enakkk pelayanan nya sangat ramahhh🥰😍😘🫰🏻🫶🏻 …,4 bulan lalu,5,Google Maps,Positive,Rasa,No,F&B,No,makan sangatt enakkk layan ramahhh
"Makanan enak enak menu lengkap, cocok ajak keluarga",4 bulan lalu,5,Google Maps,Positive,Rasa,No,F&B,No,makan menu lengkap cocok ajak keluarga
Makanan oks banget mantaps enak.. Sudah sering makan disini,11 bulan lalu,5,Google Maps,Positive,Rasa,No,F&B,No,makan oks banget mantaps makan
layanan nya baik sekali makanan nya enak sekali semua ramah dan baik,5 bulan lalu,5,Google Maps,Positive,Rasa,No,F&B,No,layan makan ramah
Suasana nya asik.... Buat foto2 ok makanannya mantap harganya terjangkau...toplah,setahun lalu,5,Google Maps,Positive,Harga,No,F&B,No,suasana asik foto2 ok makan mantap harga jangkau top
"Makanan enak,lobster nya mantap,pelayanan maya sangat memuaskan",3 bulan lalu,5,Google Maps,Positive,Rasa,No,F&B,No,makan lobster mantap layan maya muas
"Suasana nya bagus, makanan enak dan pelayanan nya juga ramah",8 bulan lalu,5,Google Maps,Positive,Rasa,No,F&B,No,suasana bagus makan layan ramah
"Makanan nya enak,,dan suasana nya juga nyaman...the best pokoknya",4 bulan lalu,5,Google Maps,Positive,Rasa,No,F&B,No,makan suasana nyaman best pokok
Buat acara kantor tempatnya bagus dan kondusif karena tertutup,setahun lalu,5,Google Maps,Positive,Lainnya,No,F&B,No,acara kantor tempat bagus kondusif tutup
Suana nya bagus Makanan nya enak Pelayan nya Mas Yusuf susanto baik,3 bulan lalu,5,Google Maps,Positive,Rasa,No,F&B,No,suana bagus makan layan mas yusuf susanto
"suasana seperti dikampung dan makanannya enak, layanan bagus.",6 bulan lalu,4,Google Maps,Positive,Rasa,No,F&B,No,suasana kampung makan layan bagus
Makasi kak sarahh sudah melayani makan keluarga saya good fast respon selalu,3 bulan lalu,5,Google Maps,Positive,Lainnya,No,F&B,No,makas kak sarahh layan makan keluarga good fast respon
makanan enak,3 bulan lalu,5,Google Maps,Positive,Rasa,No,F&B,No,makan
Makanannya enak banget pelayanannya bagus🫶🏼 …,3 bulan lalu,5,Google Maps,Positive,Rasa,No,F&B,No,makan banget layan bagus
"Tempat nya cocok untuk makan keluarga,, mas iyan",setahun lalu,4,Google Maps,Positive,Lainnya,No,F&B,No,cocok makan keluarga mas iyan
"Makanannya enak pelayannya juga ramahh terutama mas kurnia, cobain kesini!",2 bulan lalu,5,Google Maps,Positive,Rasa,No,F&B,No,makan layan ramahh mas kurnia cobain kesini
Alhamdulillah makanannya enak.smg bisa kesini lagi,8 bulan lalu,5,Google Maps,Positive,Rasa,No,F&B,No,alhamdulillah makan smg kesini
Cocok banget untuk gathering yg perlu private room,setahun lalu,5,Google Maps,Positive,Lainnya,No,F&B,No,cocok banget gathering private room
"Enak,rasanya pas….pelayan maya cepet banget",2 bulan lalu,5,Google Maps,Positive,Rasa,No,F&B,No,pas layan maya cepet banget
"Best taste food, service and view, selalu ketemu mas reza yg humble dan sigap😅 …",setahun lalu,5,Google Maps,Positive,Rasa,No,F&B,No,best taste food service view ketemu mas reza humble sigap
"pelayanan nya oke, tempatnya juga sejuk, enak banget buat di pake nongkrong",4 bulan lalu,5,Google Maps,Positive,Rasa,No,F&B,No,layan oke tempat sejuk banget pake nongkrong
Makanannya 3nak,3 bulan lalu,5,Google Maps,Positive,Lainnya,No,F&B,No,makan 3nak
Mantepp,2 bulan lalu,5,Google Maps,Positive,Lainnya,No,F&B,No,mantepp
makanan enak tempat nyaman pelayanan mas kurnia ok,3 bulan lalu,5,Google Maps,Positive,Rasa,No,F&B,No,makan nyaman layan mas kurnia ok
Kak rere pelayanannya oke bgt. Next pasti kesini lagi. Thanks,3 bulan lalu,5,Google Maps,Positive,Lainnya,No,F&B,No,kak rere layan oke banget next kesini thanks
Makanannya enaak pelayanannya oke dibantu sama mas yusuf susanto👍 …,3 bulan lalu,5,Google Maps,Positive,Lainnya,No,F&B,No,makan enaak layan oke bantu mas yusuf susanto
"Makanannya enak2 banget, terutama kepala kakap. Enakkk. Tempatnya jg luas banget",9 bulan lalu,5,Google Maps,Positive,Rasa,No,F&B,No,makan enak2 banget kepala kakap enakkk tempat jg luas banget
"Nongkrong di nako nyaman banget tempatnya bersih, makanan enak, staff""ny ramah bgtt",2 bulan lalu,5,Google Maps,Positive,Rasa,No,F&B,No,nongkrong nako nyaman banget tempat bersih makan staff ny ramah banget
"Makanannya enak, pelayanan maya baik dan ramah tempatnya bersih",3 bulan lalu,5,Google Maps,Positive,Rasa,No,F&B,No,makan layan maya ramah tempat bersih
makanan enak saya hampir setiap hari kesini,setahun lalu,5,Google Maps,Positive,Rasa,No,F&B,No,makan kesini
"Udang galahnya besar, rasanya menyerap. service kak maya bagus, gercep, satset",2 bulan lalu,5,Google Maps,Positive,Rasa,No,F&B,No,udang galah serap service kak maya bagus gercep satset
"Pasti bakal balik lagi sii, tempat nya enak pelayanan nya thebest",setahun lalu,5,Google Maps,Positive,Rasa,No,F&B,No,sii layan thebest
Endulta,4 bulan lalu,5,Google Maps,Positive,Lainnya,No,F&B,No,endulta
Tempat nya nyaman makanann nya enak,2 bulan lalu,5,Google Maps,Positive,Rasa,No,F&B,No,nyaman makanann
"Makanannya enak, servicenya mantapppp",setahun lalu,5,Google Maps,Positive,Rasa,No,F&B,No,makan servicenya mantapppp
"Tempat nyaman, dan service excelemt sekali. Sudah repeat makan keliarga disni🥰 …",4 bulan lalu,5,Google Maps,Positive,Bentuk,No,F&B,No,nyaman service excelemt repeat makan keliarga disni
Makanan nya enak .. dan tempat nya nyaman loch ..,6 bulan lalu,5,Google Maps,Positive,Rasa,No,F&B,No,makan nyaman loch
"Nasi liwet, gurame asam manis, sapi lada hitamnya enak semua..",11 bulan lalu,5,Google Maps,Positive,Rasa,No,F&B,No,nasi liwet gurame asam manis sapi lada hitam
"tempat nya sangat enak, adem, pelayanannya sangat baik",3 bulan lalu,5,Google Maps,Positive,Rasa,No,F&B,No,adem layan
The best bgt makanan dan tempatnya 😍😍 …,setahun lalu,5,Google Maps,Positive,Lainnya,No,F&B,No,best banget makan tempat
"Makanan rasa enak,ada suasana live music,pelayanan maya cepat ramah",3 bulan lalu,5,Google Maps,Positive,Rasa,No,F&B,No,makan suasana live music layan maya cepat ramah
"Semuanya enak, suasana cozy dan ada karaokeannya juga",setahun lalu,5,Google Maps,Positive,Rasa,No,F&B,No,suasana cozy karaoke
pelayanan cepat & ramah..makanan enak semua..cocok untuk makan bersama keluarga,4 bulan lalu,5,Google Maps,Positive,Rasa,No,F&B,No,layan cepat ramah makan cocok makan keluarga
Makanannya enak dan pelayanannya top,6 bulan lalu,5,Google Maps,Positive,Rasa,No,F&B,No,makan layan top
"Ruangnya nyaman, makanan enak. Terima kasih yg pelayanannya",11 bulan lalu,5,Google Maps,Positive,Rasa,No,F&B,No,ruang nyaman makan terima kasih layan
Tempat makan yang menyenangkan untuk keluarga.,11 bulan lalu,5,Google Maps,Positive,Lainnya,No,F&B,No,makan senang keluarga
"Makanannya enak2 semua,pelayanannya bagus terutama mba nopela",5 bulan lalu,5,Google Maps,Positive,Rasa,No,F&B,No,makan enak2 layan bagus mba nopela
Mas iman gokil,setahun lalu,5,Google Maps,Positive,Lainnya,No,F&B,No,mas iman gokil
Oke.,2 bulan lalu,4,Google Maps,Positive,Lainnya,No,F&B,No,oke
"Makanan, suasana, dan pelayanan pegawainya the best. Makanannya enak semua.",11 bulan lalu,5,Google Maps,Positive,Rasa,No,F&B,No,makan suasana layan pegawai best makan
Overall good. Mungkin lebih di perhatikan kebersihan resto nya di saat ramai.,3 hari lalu,5,Google Maps,Positive,Lainnya,No,F&B,No,overall good perhati bersih resto ramai
"Makanannya enak, pelayannya ramah dan penyajian makanannya juga cepat",5 bulan lalu,5,Google Maps,Positive,Rasa,No,F&B,No,makan layan ramah saji makan cepat
"makanan nya enak, pelayanan nya baik dan ramah",4 bulan lalu,5,Google Maps,Positive,Rasa,No,F&B,No,makan layan ramah
Bbq saus nya jozzz 👍 Tenderloin sm sirloinnya maknyozzz …,2 tahun lalu,5,Google Maps,Positive,Lainnya,No,F&B,No,bbq saus jozzz tenderloin sm sirloinnya maknyozzz
"Makanan enak, tempat bersih, pelayanan ramah dan cepat",4 bulan lalu,5,Google Maps,Positive,Rasa,No,F&B,No,makan bersih layan ramah cepat
"makanan nya semua enak, proses cepat, karyawan ramah semua",5 bulan lalu,5,Google Maps,Positive,Rasa,No,F&B,No,makan proses cepat karyawan ramah
"Untuk makanan sangat ok dan pelayanan sangat baik, Recommend",3 bulan lalu,5,Google Maps,Positive,Lainnya,No,F&B,No,makan ok layan recommend
"hati hati bang banyak maling helmnya, tukang parkir gak mau tanggung jawab",setahun lalu,1,Google Maps,Negative,Lainnya,No,F&B,No,hati hati bang maling helm tukang parkir tanggung
Semua makanannya enak sekali! Mba Syafiah Adelia luar biasa!🩷 …,7 bulan lalu,5,Google Maps,Positive,Rasa,No,F&B,No,makan mba syafiah adelia
Makanan oke Layanan bagus buat pak Asep gercep Suasana nyaman dan asik,2 bulan lalu,5,Google Maps,Positive,Bentuk,No,F&B,No,makan oke layan bagus asep gercep suasana nyaman asik
"suasana nyaman, makanan nya enak dan pelayanan mas rere sangat baik dan ramah",3 bulan lalu,5,Google Maps,Positive,Rasa,No,F&B,No,suasana nyaman makan layan mas rere ramah
Rasa masakan oke semua...pelayanan mas yusup susanto..oke,3 bulan lalu,5,Google Maps,Positive,Rasa,No,F&B,No,masakan oke layan mas yusup susanto oke
"Tempatnya keluarga bgt, keren bersih makanya lumayan enak lah harga lumayan",setahun lalu,5,Google Maps,Positive,Rasa,No,F&B,No,tempat keluarga banget keren bersih lumayan harga lumayan
vibes so cozy n the food always delicious,2 bulan lalu,5,Google Maps,Positive,Lainnya,No,F&B,No,vibes so cozy food always delicious
"Tempat nya cozy, makanannya enak. Pelayanan ramah.",11 bulan lalu,5,Google Maps,Positive,Rasa,No,F&B,No,cozy makan layan ramah
Makaan 3nak @septi,2 bulan lalu,5,Google Maps,Positive,Lainnya,No,F&B,No,maka 3nak septi
Maakaann suoer enak tempat nyaman.. Terumakasih Mba Maya sangat ramahhh,3 bulan lalu,5,Google Maps,Positive,Rasa,No,F&B,No,maakaann suoer nyaman terumakasih mba maya ramahhh
Makanan enaak semua. Bumbunya medhok. Mas yusuf susanto waitressnya jg helpful,3 bulan lalu,5,Google Maps,Positive,Rasa,No,F&B,No,makan enaak bumbu medhok mas yusuf susanto waitressnya jg helpful
Makanannya enak pelayanan memuaskan Nurlelawati,setahun lalu,5,Google Maps,Positive,Rasa,No,F&B,No,makan layan muas nurlelawati
Mantappppp👌 …,10 bulan lalu,5,Google Maps,Positive,Rasa,No,F&B,No,mantappppp
enakkk bgttt Makanan nyaa mantapp rekomen bgtt buatt cobainn,4 bulan lalu,5,Google Maps,Positive,Rasa,No,F&B,No,enakkk bgttt makan nyaa mantapp rekomen banget buatt cobainn
Buat acara nikah mantap,4 bulan lalu,5,Google Maps,Positive,Rasa,No,F&B,No,acara nikah mantap
Good mantabb makanan oke tempat bersih suasana nyaman Rere dan Susanto terima kasih,3 bulan lalu,5,Google Maps,Positive,Bentuk,No,F&B,No,good mantabb makan oke bersih suasana nyaman rere susanto terima kasih
Tempat nya besttt wajib dateng kesini deh,setahun lalu,5,Google Maps,Positive,Lainnya,No,F&B,No,besttt wajib dateng kesini
Harga oke rasa mantab,8 bulan lalu,5,Google Maps,Positive,Rasa,No,F&B,No,harga oke mantab
rasanya enak dan bersih untuk pelayanannya mba maya ramah dan melayani dengan baik,3 bulan lalu,5,Google Maps,Positive,Rasa,No,F&B,No,bersih layan mba maya ramah layan
Ini tempat asyik untuk nongkrong.,8 bulan lalu,5,Google Maps,Positive,Lainnya,No,F&B,No,asyik nongkrong
Tempatnya luas Makanannya 95/100,8 bulan lalu,4,Google Maps,Positive,Lainnya,No,F&B,No,tempat luas makan
"Ambience oke bgt, rasa & pelayanannya juga",3 bulan lalu,5,Google Maps,Positive,Rasa,No,F&B,No,ambience oke banget layan
makanannya enak penyajian nya cepa pelayanan memuaskan view nya rekomended 👍 …,setahun lalu,5,Google Maps,Positive,Rasa,No,F&B,No,makan saji cepa layan muas view rekomended
Makanan enak tempat nyaman pelayanan ramah mas kurnia,2 bulan lalu,5,Google Maps,Positive,Rasa,No,F&B,No,makan nyaman layan ramah mas kurnia
RERE Utk pelayanan over all bagus Menu minum cheler ice tea nya kurang manis.,3 bulan lalu,5,Google Maps,Positive,Rasa,No,F&B,No,rere layan over all bagus menu minum cheler ice tea manis
Terima kasih.,4 bulan lalu,5,Google Maps,Positive,Lainnya,No,F&B,No,terima kasih
Pelayanan nya bagus dan Makanan nya enak -Rahmat,2 bulan lalu,5,Google Maps,Positive,Rasa,No,F&B,No,layan bagus makan rahmat
Tempatnya bagus ..Menenangkan Makanannya enak2 Recommend bangat....,4 bulan lalu,5,Google Maps,Positive,Rasa,No,F&B,No,tempat bagus tenang makan enak2 recommend bangat
Endul surendul..it's really good.,11 bulan lalu,5,Google Maps,Positive,Lainnya,No,F&B,No,endul surendul it really good
"Tempatnya nyaman, makanan enak",setahun lalu,5,Google Maps,Positive,Rasa,No,F&B,No,tempat nyaman makan
"tempat nya nyaman makanan nya enak, pelayan nya ramah",2 bulan lalu,5,Google Maps,Positive,Rasa,No,F&B,No,nyaman makan layan ramah
"makanannya enak enak dan suasananya adem indah, pelayanannya bagus, ramah dan sopan",5 bulan lalu,5,Google Maps,Positive,Rasa,No,F&B,No,makan suasana adem indah layan bagus ramah sopan
"Pelayanannya baik, makannya enak bangeet, fresh, udah dua kali kesini sama keluarga",4 bulan lalu,5,Google Maps,Positive,Rasa,No,F&B,No,layan makan bangeet fresh udah kesini keluarga
"Makanannya enak banget,pelayanan nya juga cepet..restonya luas.rekomen deh",10 bulan lalu,5,Google Maps,Positive,Rasa,No,F&B,No,makan banget layan cepet restonya luas rekomen
"MANTAAAP, MAS JORDI PATEEEN",setahun lalu,5,Google Maps,Positive,Lainnya,No,F&B,No,mantaaap mas jordi pateeen
tempat nya bagus makanan nya enak acara bday party disini seru bg,10 bulan lalu,5,Google Maps,Positive,Rasa,No,F&B,No,bagus makan acara bday party seru bg
"Makanannya enak, menu bayak dan suasana nyaman di tepi danau.",2 bulan lalu,5,Google Maps,Positive,Rasa,No,F&B,No,makan menu bayak suasana nyaman tepi danau
mantapppp . pelayanan cepat enak tapi makanannya kemanisan,2 bulan lalu,5,Google Maps,Positive,Rasa,No,F&B,No,mantapppp layan cepat makan manis
"Makanannya eunak, suasana sejuk, pelayanan juga ok..assyik deh buat acara kelg..",setahun lalu,5,Google Maps,Positive,Lainnya,No,F&B,No,makan eunak suasana sejuk layan ok assyik acara kelg
Tempat makanan suasana semuanya oke,setahun lalu,5,Google Maps,Positive,Lainnya,No,F&B,No,makan suasana oke
Makanan nya enak dan tempat nya bagus kok,setahun lalu,5,Google Maps,Positive,Rasa,No,F&B,No,makan bagus
tempatt nongkii ternyamann enakk pelayanannya cepet bgtttt,2 bulan lalu,5,Google Maps,Positive,Rasa,No,F&B,No,tempatt nongkii ternyamann enakk layan cepet bgtttt
"Makanannya enak enak, pelayanan nya sangat baik 👍 …",2 bulan lalu,5,Google Maps,Positive,Rasa,No,F&B,No,makan layan
Makanan enak pelayanan bagus ka maya . Mantapp 😍 …,3 bulan lalu,5,Google Maps,Positive,Rasa,No,F&B,No,makan layan bagus ka maya mantapp
Enakk seafoodnya pelayanan best mas rohmatt goodjob,2 bulan lalu,5,Google Maps,Positive,Rasa,No,F&B,No,enakk seafoodnya layan best mas rohmatt goodjob
"Tempatnya cozy, banyak spot foto",setahun lalu,5,Google Maps,Positive,Lainnya,No,F&B,No,tempat cozy spot foto
"Bagus, Kak Syafiq",setahun lalu,5,Google Maps,Positive,Lainnya,No,F&B,No,bagus kak syafiq
Recommended tempat makan,6 bulan lalu,5,Google Maps,Positive,Lainnya,No,F&B,No,recommended makan
"Makanannya enak enak, tempat bersih, dan pelayanan oke",3 bulan lalu,5,Google Maps,Positive,Rasa,No,F&B,No,makan bersih layan oke
"cozy place , makanan nya endul gak bau amis",2 bulan lalu,5,Google Maps,Positive,Rasa,No,F&B,No,cozy place makan endul bau amis
"ice cafe lattenya enak, pas mantaunya juga enak",3 bulan lalu,5,Google Maps,Positive,Rasa,No,F&B,No,ice cafe lattenya pas mantaunya
ENAAAKK bgttt nasi goreng siantarnyaaa!!🤍 …,2 bulan lalu,5,Google Maps,Positive,Lainnya,No,F&B,No,enaaakk bgttt nasi goreng siantarnyaaa
hilangnya nyawa,7 bulan lalu,5,Google Maps,Positive,Lainnya,No,F&B,No,hilang nyawa
"Pelayanan ok dan ramah, makanan enak, cocok untuk moment kelg.",7 bulan lalu,5,Google Maps,Positive,Rasa,No,F&B,No,layan ok ramah makan cocok moment kelg
Okelah pokoknya... banyak spot fotonya,3 tahun lalu,4,Google Maps,Positive,Lainnya,No,F&B,No,oke pokok spot foto
"tempat nya luas,suasana nyaman, ikan bakar nya mantap, pelayanan rere baik ramah",3 bulan lalu,5,Google Maps,Positive,Rasa,No,F&B,No,luas suasana nyaman ikan bakar mantap layan rere ramah
"Makanannya enak, fresh, cocok dgn lidah. Pelayanan Maya sangat memuaskan",3 bulan lalu,5,Google Maps,Positive,Rasa,No,F&B,No,makan fresh cocok lidah layan maya muas
"Enakk makannnya fresh and kepiting favorit sih , tq mas rokhmatulloh",2 bulan lalu,5,Google Maps,Positive,Rasa,No,F&B,No,enakk makannnya fresh kepiting favorit tq mas rokhmatulloh
"Masakannya enak…tempatnya nyaman..rekomended lah pokoknya, next bakal balik lagi",setahun lalu,5,Google Maps,Positive,Rasa,No,F&B,No,masakan tempat nyaman rekomended pokok next
Mantaaap,2 bulan lalu,5,Google Maps,Positive,Lainnya,No,F&B,No,mantaaap
Enak banget makanan nya semua nya terbaik,9 bulan lalu,5,Google Maps,Positive,Rasa,No,F&B,No,banget makan baik
Tidak ada ruangan makan khusus perokok sehingga campur dengan anak kecil,setahun lalu,4,Google Maps,Positive,Lainnya,No,F&B,No,ruang makan okok campur anak
"Servicenya so excellent, mas adit terutama, cozy dan nyaman juga tempatnya",setahun lalu,5,Google Maps,Positive,Bentuk,No,F&B,No,servicenya so excellent mas adit cozy nyaman tempat
"suasana nya nyaman,makanannya enak kepitingnya sedep,cuminya seger",2 bulan lalu,4,Google Maps,Positive,Rasa,No,F&B,No,suasana nyaman makan kepiting sedep cuminya seger
makanannya enak dan pelayanannya sangat ramah namanya mbak Susan 👍 …,3 bulan lalu,5,Google Maps,Positive,Rasa,No,F&B,No,makan layan ramah nama mbak sus
"Makanan semua nya best, pelayanan sangat ramah dan cepat, view sangat bagus.",setahun lalu,5,Google Maps,Positive,Lainnya,No,F&B,No,makan best layan ramah cepat view bagus
Tempatnya nyaman dan makannya enak sangat rekomend 😍 …,9 bulan lalu,5,Google Maps,Positive,Rasa,No,F&B,No,tempat nyaman makan rekomend
terbaiktttttt,sebulan lalu,5,Google Maps,Positive,Lainnya,No,F&B,No,terbaiktttttt
"Walopun dipusat kota, suasana nya enak... Makanan nya lumayan enak juga.",11 bulan lalu,5,Google Maps,Positive,Rasa,No,F&B,No,walopun pusat kota suasana makan lumayan
Ultah kesini gak kecewa Makanan enak Pelayan kami mas iman,7 bulan lalu,5,Google Maps,Positive,Rasa,No,F&B,No,ultah kesini kecewa makan layan mas iman
"makanannya enak, fresh, dan tempatnya nyaman",setahun lalu,5,Google Maps,Positive,Rasa,No,F&B,No,makan fresh tempat nyaman
Makanannya enakkkkkkk... kangkung kesukaan mama aku.. pelayanannya mantab,10 bulan lalu,5,Google Maps,Positive,Rasa,No,F&B,No,makan enakkkkkkk kangkung suka mama layan mantab
sangat memuaskan lah hehehehe,5 bulan lalu,4,Google Maps,Positive,Lainnya,No,F&B,No,muas hehehehe
"Makanannya gak pernah gagal selalu top perform, pelayanan mbak Maya excellent",3 bulan lalu,5,Google Maps,Positive,Lainnya,No,F&B,No,makan gagal top perform layan mbak maya excellent
Rasanya bikin nagih nasi kebuli kambingnya,2 tahun lalu,5,Google Maps,Positive,Rasa,No,F&B,No,bikin nagih nasi kebuli kambing
"Pokoknya mantep,, Apalagi mas ridwan pelayanannnnya,,",7 bulan lalu,5,Google Maps,Positive,Lainnya,No,F&B,No,pokok mantep mas ridwan pelayanannnnya
Gurame saos thailandnya recommended.. mas-masnya juga sangat membantu 👍🏻 …,setahun lalu,5,Google Maps,Positive,Lainnya,No,F&B,No,gurame saos thailandnya recommended mas mas bantu
"Makanan enak, pelayanan bagus Pelayan mas yusuf susanto",3 bulan lalu,5,Google Maps,Positive,Rasa,No,F&B,No,makan layan bagus layan mas yusuf susanto
Makanan dan suasananya nyaman,2 bulan lalu,5,Google Maps,Positive,Bentuk,No,F&B,No,makan suasana nyaman
"Tempat nya bagus,pelayanan nya juga oke masakan nya juga enak enak",setahun lalu,5,Google Maps,Positive,Rasa,No,F&B,No,bagus layan oke masakan
Rekomen makan dan minum disini.. 👍 …,4 bulan lalu,4,Google Maps,Positive,Lainnya,No,F&B,No,rekomen makan minum
Makanan nya enak,4 bulan lalu,5,Google Maps,Positive,Rasa,No,F&B,No,makan
Barista bernama Syafiq adalah pria yang ramah dan baik.,7 bulan lalu,5,Google Maps,Positive,Lainnya,No,F&B,No,barista nama syafiq pria ramah
"makanannya enak,pelayanan maya sipp ramah memuaskannn",2 bulan lalu,5,Google Maps,Positive,Rasa,No,F&B,No,makan layan maya sipp ramah memuaskannn
Makanannya enak dan pelayanannya luar biasa,9 bulan lalu,5,Google Maps,Positive,Rasa,No,F&B,No,makan layan
"mantap semua apalagi saus atah hejonya, pelayanannya juga ramah dari mba maya",2 bulan lalu,5,Google Maps,Positive,Rasa,No,F&B,No,mantap saus atah hejonya layan ramah mba maya
"Makanan datang dengan cepat, Dan rasa enak semua, pelayanan juga cepat(maya",2 bulan lalu,5,Google Maps,Positive,Rasa,No,F&B,No,makan cepat layan cepat maya
"Makanannya enak, pelayanannya baik, tempatnya nyaman",7 bulan lalu,5,Google Maps,Positive,Rasa,No,F&B,No,makan layan tempat nyaman
makanannya enak2 dan suasana nyaman. mba Rani sangat membantu dalam melayani kami,setahun lalu,5,Google Maps,Positive,Rasa,No,F&B,No,makan enak2 suasana nyaman mba rani bantu layan
Makanannya enak bangat🥰🥰 …,2 bulan lalu,5,Google Maps,Positive,Rasa,No,F&B,No,makan bangat
menarik banget dan tempatnya lumayan luas+bersih dan nyaman,3 bulan lalu,4,Google Maps,Positive,Bentuk,No,F&B,No,tarik banget tempat lumayan luas bersih nyaman
Tempat nya lumayan buat acara......👍 …,2 tahun lalu,4,Google Maps,Positive,Lainnya,No,F&B,No,lumayan acara
Magiin...yg skrg udah buka 24h. Ngilangin migrain..,7 bulan lalu,5,Google Maps,Positive,Lainnya,No,F&B,No,magiin skrg udah buka 24h ngilangin migrain
stabil,2 bulan lalu,5,Google Maps,Positive,Lainnya,No,F&B,No,stabil
"Makanan enak, tempatnya juga comfy, pelayanan baik",11 bulan lalu,5,Google Maps,Positive,Rasa,No,F&B,No,makan tempat comfy layan
"Pengunjung ramai , terutama jam mkn siang",4 bulan lalu,5,Google Maps,Positive,Lainnya,No,F&B,No,unjung ramai jam mkn siang
Makanan nya enak tempat nya nyaman Pelayanannya memuaskan 🥰🥰 …,setahun lalu,5,Google Maps,Positive,Rasa,No,F&B,No,makan nyaman layan muas
"Makan nya enak dan murah, pelayanan ramah,, rekomenddd bgt",7 bulan lalu,5,Google Maps,Positive,Rasa,No,F&B,No,makan murah layan ramah rekomenddd banget
"makanan nya enakk, tempat nyaman ada kolam ikan, pelayanan maya baikk ramah",3 bulan lalu,5,Google Maps,Positive,Rasa,No,F&B,No,makan enakk nyaman kolam ikan layan maya baikk ramah
Makanan dan layanan nya sangat memuaskan,6 bulan lalu,5,Google Maps,Positive,Lainnya,No,F&B,No,makan layan muas
"tempatnya nyaman, masakannya enak, harga terjangkau",8 bulan lalu,5,Google Maps,Positive,Harga,No,F&B,No,tempat nyaman masakan harga jangkau
Mie ayam Pak Farid adalah yang terbaik.,3 tahun lalu,5,Google Maps,Positive,Lainnya,No,F&B,No,mie ayam farid baik
"makanya enak semua ,ikan saus Padang nya paling mantap,pelayanan Maya baikk bagus",2 bulan lalu,5,Google Maps,Positive,Rasa,No,F&B,No,ikan saus padang mantap layan maya baikk bagus
Bola ubinya enak. Kopinya lumayan. Tempatnya enak buat kerja,6 bulan lalu,5,Google Maps,Positive,Rasa,No,F&B,No,bola ubi kopi lumayan tempat
Makanannya Enak dan Pelayanan Top Terimakasih Mas Zusup Susanto,3 bulan lalu,5,Google Maps,Positive,Rasa,No,F&B,No,makan layan top terimakasih mas zusup susanto
band nya kerennnnn,setahun lalu,5,Google Maps,Positive,Lainnya,No,F&B,No,band kerennnnn
"Makannya mantap, enak.. suasananya juga oke. Next Dateng lagi.",2 bulan lalu,4,Google Maps,Positive,Rasa,No,F&B,No,makan mantap suasana oke next dateng
Makanan Oke dan pelayanan baik (zusup susanto),3 bulan lalu,5,Google Maps,Positive,Lainnya,No,F&B,No,makan oke layan zusup susanto
"Makanan nya enak,tmpt nya nyaman,asik buat kumpul2 ......👍🏻 sukses trs yaaa …",setahun lalu,5,Google Maps,Positive,Rasa,No,F&B,No,makan tmpt nyaman asik kumpul2 sukses trs yaaa
"Oke, enak sekali.",11 bulan lalu,5,Google Maps,Positive,Rasa,No,F&B,No,oke
Paling cocok untuk kumpul keluarga,7 bulan lalu,5,Google Maps,Positive,Lainnya,No,F&B,No,cocok kumpul keluarga
"Makanan nya ok mantap enak, pelayanan Maya ramah",3 bulan lalu,5,Google Maps,Positive,Rasa,No,F&B,No,makan ok mantap layan maya ramah
"Makanannya enak, tempatnya bersih, pelayanannya Mas Kurnia ramah banget!",2 bulan lalu,5,Google Maps,Positive,Rasa,No,F&B,No,makan tempat bersih layan mas kurnia ramah banget
"Makananya enak enak,bisa adain acara disini Pelayanan ramah ramah terutama maya",2 bulan lalu,5,Google Maps,Positive,Rasa,No,F&B,No,makananya adain acara layan ramah ramah maya
Tempatnya luas,8 bulan lalu,3,Google Maps,Neutral,Lainnya,No,F&B,No,tempat luas
"Tempat dan suasananya bagus,makanannya enak2 rekomen deh pokoknya",8 bulan lalu,5,Google Maps,Positive,Rasa,No,F&B,No,suasana bagus makan enak2 rekomen pokok
makanan nya mantap Pelayanan mAya dan rere baguss,2 bulan lalu,5,Google Maps,Positive,Rasa,No,F&B,No,makan mantap layan maya rere baguss
"Mantap, untuk pecinta masakan timteng",setahun lalu,5,Google Maps,Positive,Rasa,No,F&B,No,mantap cinta masakan timteng
@Dian Makanannya enak sekali.,setahun lalu,5,Google Maps,Positive,Rasa,No,F&B,No,dian makan
"Makanannya enak, mengenyangkan, tempatnya comfy😁✌️ …",5 bulan lalu,5,Google Maps,Positive,Rasa,No,F&B,No,makan kenyang tempat comfy
"makanannya enak bangett dan tempatnya cozy, pelayanan kak maya ramah pol",2 bulan lalu,5,Google Maps,Positive,Rasa,No,F&B,No,makan bangett tempat cozy layan kak maya ramah pol
"Kerja bagus, Jordi!",setahun lalu,5,Google Maps,Positive,Lainnya,No,F&B,No,bagus jordi
